{"type":"FeatureCollection","features":[{"type":"Feature","geometry":{"type":"Point","coordinates":[97.2092,1.40305]},"properties":{"rate_time":6.825}},{"type":"Feature","geometry":{"type":"Point","coordinates":[97.45652,1.47023]},"properties":{"rate_time":0.349}},{"type":"Feature","geometry":{"type":"Point","coordinates":[97.07515,1.38676]},"properties":{"rate_time":5.0}},{"type":"Feature","geometry":{"type":"Point","coordinates":[97.07542,1.38679]},"properties":{"rate_time":6.604}},{"type":"Feature","geometry":{"type":"Point","coordinates":[97.07489,1.3868]},"properties":{"rate_time":4.688}},{"type":"Feature","geometry":{"type":"Point","coordinates":[97.07568,1.38684]},"properties":{"rate_time":5.199}},{"type":"Feature","geometry":{"type":"Point","coordinates":[97.07466,1.38694]},"properties":{"rate_time":3.483}},{"type":"Feature","geometry":{"type":"Point","coordinates":[97.07572,1.38708]},"properties":{"rate_time":6.572}},{"type":"Feature","geometry":{"type":"Point","coordinates":[97.07446,1.38711]},"properties":{"rate_time":5.41}},{"type":"Feature","geometry":{"type":"Point","coordinates":[97.07421,1.38722]},"properties":{"rate_time":5.401}},{"type":"Feature","geometry":{"type":"Point","coordinates":[97.07395,1.38726]},"properties":{"rate_time":5.579}},{"type":"Feature","geometry":{"type":"Point","coordinates":[97.28412,1.42842]},"properties":{"rate_time":5.065}},{"type":"Feature","geometry":{"type":"Point","coordinates":[97.28425,1.42866]},"properties":{"rate_time":4.946}},{"type":"Feature","geometry":{"type":"Point","coordinates":[97.28439,1.42889]},"properties":{"rate_time":4.82}},{"type":"Feature","geometry":{"type":"Point","coordinates":[97.28452,1.42913]},"properties":{"rate_time":4.679}},{"type":"Feature","geometry":{"type":"Point","coordinates":[97.28464,1.42937]},"properties":{"rate_time":4.612}},{"type":"Feature","geometry":{"type":"Point","coordinates":[97.28473,1.42962]},"properties":{"rate_time":4.587}},{"type":"Feature","geometry":{"type":"Point","coordinates":[97.21171,1.40265]},"properties":{"rate_time":3.332}},{"type":"Feature","geometry":{"type":"Point","coordinates":[97.20679,1.40275]},"properties":{"rate_time":-1.371}},{"type":"Feature","geometry":{"type":"Point","coordinates":[97.20652,1.40275]},"properties":{"rate_time":-1.404}},{"type":"Feature","geometry":{"type":"Point","coordinates":[97.15366,1.36267]},"properties":{"rate_time":1.999}},{"type":"Feature","geometry":{"type":"Point","coordinates":[97.15349,1.36288]},"properties":{"rate_time":1.798}},{"type":"Feature","geometry":{"type":"Point","coordinates":[97.15327,1.36314]},"properties":{"rate_time":1.76}},{"type":"Feature","geometry":{"type":"Point","coordinates":[97.15315,1.36323]},"properties":{"rate_time":1.875}},{"type":"Feature","geometry":{"type":"Point","coordinates":[97.15294,1.36339]},"properties":{"rate_time":2.091}},{"type":"Feature","geometry":{"type":"Point","coordinates":[97.15276,1.36359]},"properties":{"rate_time":2.023}},{"type":"Feature","geometry":{"type":"Point","coordinates":[97.15256,1.36378]},"properties":{"rate_time":1.973}},{"type":"Feature","geometry":{"type":"Point","coordinates":[97.15238,1.36398]},"properties":{"rate_time":2.018}},{"type":"Feature","geometry":{"type":"Point","coordinates":[97.15222,1.36419]},"properties":{"rate_time":1.885}},{"type":"Feature","geometry":{"type":"Point","coordinates":[97.15204,1.36439]},"properties":{"rate_time":2.045}},{"type":"Feature","geometry":{"type":"Point","coordinates":[97.20706,1.40277]},"properties":{"rate_time":-1.261}},{"type":"Feature","geometry":{"type":"Point","coordinates":[97.20625,1.40278]},"properties":{"rate_time":-1.307}},{"type":"Feature","geometry":{"type":"Point","coordinates":[97.20733,1.40278]},"properties":{"rate_time":-1.207}},{"type":"Feature","geometry":{"type":"Point","coordinates":[97.2076,1.40278]},"properties":{"rate_time":0.645}},{"type":"Feature","geometry":{"type":"Point","coordinates":[97.21149,1.40279]},"properties":{"rate_time":3.968}},{"type":"Feature","geometry":{"type":"Point","coordinates":[97.20787,1.4028]},"properties":{"rate_time":6.78}},{"type":"Feature","geometry":{"type":"Point","coordinates":[97.20599,1.40281]},"properties":{"rate_time":-2.378}},{"type":"Feature","geometry":{"type":"Point","coordinates":[97.20813,1.40284]},"properties":{"rate_time":7.68}},{"type":"Feature","geometry":{"type":"Point","coordinates":[97.20572,1.40284]},"properties":{"rate_time":-1.848}},{"type":"Feature","geometry":{"type":"Point","coordinates":[97.21141,1.40285]},"properties":{"rate_time":4.223}},{"type":"Feature","geometry":{"type":"Point","coordinates":[97.20546,1.40289]},"properties":{"rate_time":0.171}},{"type":"Feature","geometry":{"type":"Point","coordinates":[97.20841,1.40291]},"properties":{"rate_time":7.465}},{"type":"Feature","geometry":{"type":"Point","coordinates":[97.20868,1.40294]},"properties":{"rate_time":7.214}},{"type":"Feature","geometry":{"type":"Point","coordinates":[97.20894,1.40299]},"properties":{"rate_time":7.085}},{"type":"Feature","geometry":{"type":"Point","coordinates":[97.20521,1.40301]},"properties":{"rate_time":-0.18}},{"type":"Feature","geometry":{"type":"Point","coordinates":[97.21177,1.40303]},"properties":{"rate_time":3.829}},{"type":"Feature","geometry":{"type":"Point","coordinates":[97.21123,1.40305]},"properties":{"rate_time":4.814}},{"type":"Feature","geometry":{"type":"Point","coordinates":[97.20497,1.40312]},"properties":{"rate_time":-1.195}},{"type":"Feature","geometry":{"type":"Point","coordinates":[97.20946,1.40312]},"properties":{"rate_time":6.767}},{"type":"Feature","geometry":{"type":"Point","coordinates":[97.211,1.40319]},"properties":{"rate_time":4.915}},{"type":"Feature","geometry":{"type":"Point","coordinates":[97.20971,1.40322]},"properties":{"rate_time":6.6}},{"type":"Feature","geometry":{"type":"Point","coordinates":[97.21193,1.40324]},"properties":{"rate_time":4.942}},{"type":"Feature","geometry":{"type":"Point","coordinates":[97.20473,1.40325]},"properties":{"rate_time":-1.677}},{"type":"Feature","geometry":{"type":"Point","coordinates":[97.21076,1.4033]},"properties":{"rate_time":-0.717}},{"type":"Feature","geometry":{"type":"Point","coordinates":[97.20997,1.40331]},"properties":{"rate_time":6.457}},{"type":"Feature","geometry":{"type":"Point","coordinates":[97.21218,1.40334]},"properties":{"rate_time":5.061}},{"type":"Feature","geometry":{"type":"Point","coordinates":[97.21023,1.40335]},"properties":{"rate_time":6.25}},{"type":"Feature","geometry":{"type":"Point","coordinates":[97.2105,1.40336]},"properties":{"rate_time":-0.707}},{"type":"Feature","geometry":{"type":"Point","coordinates":[97.20449,1.40337]},"properties":{"rate_time":4.595}},{"type":"Feature","geometry":{"type":"Point","coordinates":[97.21244,1.40343]},"properties":{"rate_time":0.629}},{"type":"Feature","geometry":{"type":"Point","coordinates":[97.20427,1.40353]},"properties":{"rate_time":4.447}},{"type":"Feature","geometry":{"type":"Point","coordinates":[97.21269,1.40353]},"properties":{"rate_time":0.837}},{"type":"Feature","geometry":{"type":"Point","coordinates":[97.21301,1.40361]},"properties":{"rate_time":3.317}},{"type":"Feature","geometry":{"type":"Point","coordinates":[97.20145,1.40362]},"properties":{"rate_time":6.091}},{"type":"Feature","geometry":{"type":"Point","coordinates":[97.21314,1.40364]},"properties":{"rate_time":2.253}},{"type":"Feature","geometry":{"type":"Point","coordinates":[97.20164,1.40365]},"properties":{"rate_time":6.498}},{"type":"Feature","geometry":{"type":"Point","coordinates":[97.20406,1.4037]},"properties":{"rate_time":5.746}},{"type":"Feature","geometry":{"type":"Point","coordinates":[97.2134,1.40371]},"properties":{"rate_time":4.487}},{"type":"Feature","geometry":{"type":"Point","coordinates":[97.21366,1.40378]},"properties":{"rate_time":4.455}},{"type":"Feature","geometry":{"type":"Point","coordinates":[97.20186,1.40379]},"properties":{"rate_time":6.685}},{"type":"Feature","geometry":{"type":"Point","coordinates":[97.21392,1.40386]},"properties":{"rate_time":4.016}},{"type":"Feature","geometry":{"type":"Point","coordinates":[97.20386,1.40387]},"properties":{"rate_time":-3.404}},{"type":"Feature","geometry":{"type":"Point","coordinates":[97.20145,1.40389]},"properties":{"rate_time":5.296}},{"type":"Feature","geometry":{"type":"Point","coordinates":[97.21431,1.40394]},"properties":{"rate_time":4.32}},{"type":"Feature","geometry":{"type":"Point","coordinates":[97.20209,1.40394]},"properties":{"rate_time":7.15}},{"type":"Feature","geometry":{"type":"Point","coordinates":[97.21457,1.40402]},"properties":{"rate_time":4.333}},{"type":"Feature","geometry":{"type":"Point","coordinates":[97.20366,1.40406]},"properties":{"rate_time":9.629}},{"type":"Feature","geometry":{"type":"Point","coordinates":[97.20231,1.40409]},"properties":{"rate_time":7.665}},{"type":"Feature","geometry":{"type":"Point","coordinates":[97.21482,1.40411]},"properties":{"rate_time":0.602}},{"type":"Feature","geometry":{"type":"Point","coordinates":[97.15807,1.35668]},"properties":{"rate_time":1.234}},{"type":"Feature","geometry":{"type":"Point","coordinates":[97.15804,1.35669]},"properties":{"rate_time":1.043}},{"type":"Feature","geometry":{"type":"Point","coordinates":[97.15781,1.35682]},"properties":{"rate_time":0.986}},{"type":"Feature","geometry":{"type":"Point","coordinates":[97.11173,1.35688]},"properties":{"rate_time":-0.713}},{"type":"Feature","geometry":{"type":"Point","coordinates":[97.0996,1.35688]},"properties":{"rate_time":0.269}},{"type":"Feature","geometry":{"type":"Point","coordinates":[97.15756,1.35692]},"properties":{"rate_time":1.315}},{"type":"Feature","geometry":{"type":"Point","coordinates":[97.15731,1.35704]},"properties":{"rate_time":1.564}},{"type":"Feature","geometry":{"type":"Point","coordinates":[97.15705,1.3571]},"properties":{"rate_time":1.741}},{"type":"Feature","geometry":{"type":"Point","coordinates":[97.11185,1.35713]},"properties":{"rate_time":-0.831}},{"type":"Feature","geometry":{"type":"Point","coordinates":[97.09951,1.35714]},"properties":{"rate_time":0.278}},{"type":"Feature","geometry":{"type":"Point","coordinates":[97.15675,1.35717]},"properties":{"rate_time":1.751}},{"type":"Feature","geometry":{"type":"Point","coordinates":[97.15652,1.3573]},"properties":{"rate_time":1.618}},{"type":"Feature","geometry":{"type":"Point","coordinates":[97.09937,1.35737]},"properties":{"rate_time":0.335}},{"type":"Feature","geometry":{"type":"Point","coordinates":[97.11191,1.35739]},"properties":{"rate_time":-0.233}},{"type":"Feature","geometry":{"type":"Point","coordinates":[97.15628,1.35744]},"properties":{"rate_time":1.577}},{"type":"Feature","geometry":{"type":"Point","coordinates":[97.15606,1.35759]},"properties":{"rate_time":1.597}},{"type":"Feature","geometry":{"type":"Point","coordinates":[97.09923,1.3576]},"properties":{"rate_time":0.265}},{"type":"Feature","geometry":{"type":"Point","coordinates":[97.11193,1.35766]},"properties":{"rate_time":-0.176}},{"type":"Feature","geometry":{"type":"Point","coordinates":[97.15584,1.35774]},"properties":{"rate_time":1.625}},{"type":"Feature","geometry":{"type":"Point","coordinates":[97.0991,1.35784]},"properties":{"rate_time":0.654}},{"type":"Feature","geometry":{"type":"Point","coordinates":[97.15561,1.35789]},"properties":{"rate_time":1.676}},{"type":"Feature","geometry":{"type":"Point","coordinates":[97.11194,1.35793]},"properties":{"rate_time":1.369}},{"type":"Feature","geometry":{"type":"Point","coordinates":[97.15539,1.35804]},"properties":{"rate_time":1.809}},{"type":"Feature","geometry":{"type":"Point","coordinates":[97.09895,1.35806]},"properties":{"rate_time":-0.744}},{"type":"Feature","geometry":{"type":"Point","coordinates":[97.11195,1.3582]},"properties":{"rate_time":1.717}},{"type":"Feature","geometry":{"type":"Point","coordinates":[97.15521,1.35824]},"properties":{"rate_time":2.278}},{"type":"Feature","geometry":{"type":"Point","coordinates":[97.09883,1.3583]},"properties":{"rate_time":-0.537}},{"type":"Feature","geometry":{"type":"Point","coordinates":[97.15503,1.35844]},"properties":{"rate_time":1.51}},{"type":"Feature","geometry":{"type":"Point","coordinates":[97.11193,1.35847]},"properties":{"rate_time":1.546}},{"type":"Feature","geometry":{"type":"Point","coordinates":[97.09878,1.35856]},"properties":{"rate_time":-0.484}},{"type":"Feature","geometry":{"type":"Point","coordinates":[97.15485,1.35864]},"properties":{"rate_time":1.645}},{"type":"Feature","geometry":{"type":"Point","coordinates":[97.11189,1.35874]},"properties":{"rate_time":1.442}},{"type":"Feature","geometry":{"type":"Point","coordinates":[97.09881,1.35883]},"properties":{"rate_time":-0.669}},{"type":"Feature","geometry":{"type":"Point","coordinates":[97.15476,1.3589]},"properties":{"rate_time":1.37}},{"type":"Feature","geometry":{"type":"Point","coordinates":[97.1118,1.35899]},"properties":{"rate_time":1.41}},{"type":"Feature","geometry":{"type":"Point","coordinates":[97.09888,1.35909]},"properties":{"rate_time":-0.593}},{"type":"Feature","geometry":{"type":"Point","coordinates":[97.15466,1.35915]},"properties":{"rate_time":1.281}},{"type":"Feature","geometry":{"type":"Point","coordinates":[97.1117,1.35924]},"properties":{"rate_time":1.224}},{"type":"Feature","geometry":{"type":"Point","coordinates":[97.099,1.35933]},"properties":{"rate_time":-0.645}},{"type":"Feature","geometry":{"type":"Point","coordinates":[97.10618,1.35935]},"properties":{"rate_time":-0.311}},{"type":"Feature","geometry":{"type":"Point","coordinates":[97.10645,1.35936]},"properties":{"rate_time":-0.333}},{"type":"Feature","geometry":{"type":"Point","coordinates":[97.15457,1.3594]},"properties":{"rate_time":1.174}},{"type":"Feature","geometry":{"type":"Point","coordinates":[97.10592,1.35941]},"properties":{"rate_time":-0.367}},{"type":"Feature","geometry":{"type":"Point","coordinates":[97.10671,1.35942]},"properties":{"rate_time":-0.562}},{"type":"Feature","geometry":{"type":"Point","coordinates":[97.11162,1.3595]},"properties":{"rate_time":1.11}},{"type":"Feature","geometry":{"type":"Point","coordinates":[97.10568,1.35953]},"properties":{"rate_time":0.35}},{"type":"Feature","geometry":{"type":"Point","coordinates":[97.09917,1.35954]},"properties":{"rate_time":-0.957}},{"type":"Feature","geometry":{"type":"Point","coordinates":[97.10693,1.35957]},"properties":{"rate_time":0.712}},{"type":"Feature","geometry":{"type":"Point","coordinates":[97.15454,1.35966]},"properties":{"rate_time":1.542}},{"type":"Feature","geometry":{"type":"Point","coordinates":[97.10545,1.35967]},"properties":{"rate_time":0.925}},{"type":"Feature","geometry":{"type":"Point","coordinates":[97.10717,1.3597]},"properties":{"rate_time":1.83}},{"type":"Feature","geometry":{"type":"Point","coordinates":[97.09936,1.35973]},"properties":{"rate_time":-1.246}},{"type":"Feature","geometry":{"type":"Point","coordinates":[97.11148,1.35973]},"properties":{"rate_time":0.813}},{"type":"Feature","geometry":{"type":"Point","coordinates":[97.10523,1.35982]},"properties":{"rate_time":1.883}},{"type":"Feature","geometry":{"type":"Point","coordinates":[97.15468,1.35986]},"properties":{"rate_time":1.502}},{"type":"Feature","geometry":{"type":"Point","coordinates":[97.10738,1.35987]},"properties":{"rate_time":1.624}},{"type":"Feature","geometry":{"type":"Point","coordinates":[97.09955,1.35993]},"properties":{"rate_time":-2.422}},{"type":"Feature","geometry":{"type":"Point","coordinates":[97.10502,1.35999]},"properties":{"rate_time":1.518}},{"type":"Feature","geometry":{"type":"Point","coordinates":[97.11139,1.35999]},"properties":{"rate_time":0.767}},{"type":"Feature","geometry":{"type":"Point","coordinates":[97.15491,1.36]},"properties":{"rate_time":2.024}},{"type":"Feature","geometry":{"type":"Point","coordinates":[97.10761,1.36002]},"properties":{"rate_time":1.663}},{"type":"Feature","geometry":{"type":"Point","coordinates":[97.09977,1.36007]},"properties":{"rate_time":-1.836}},{"type":"Feature","geometry":{"type":"Point","coordinates":[97.1048,1.36015]},"properties":{"rate_time":1.716}},{"type":"Feature","geometry":{"type":"Point","coordinates":[97.10002,1.36016]},"properties":{"rate_time":-1.137}},{"type":"Feature","geometry":{"type":"Point","coordinates":[97.10783,1.36016]},"properties":{"rate_time":1.726}},{"type":"Feature","geometry":{"type":"Point","coordinates":[97.10055,1.36017]},"properties":{"rate_time":-0.628}},{"type":"Feature","geometry":{"type":"Point","coordinates":[97.10135,1.36017]},"properties":{"rate_time":1.479}},{"type":"Feature","geometry":{"type":"Point","coordinates":[97.10028,1.36018]},"properties":{"rate_time":-0.668}},{"type":"Feature","geometry":{"type":"Point","coordinates":[97.10108,1.36019]},"properties":{"rate_time":-0.849}},{"type":"Feature","geometry":{"type":"Point","coordinates":[97.11122,1.36019]},"properties":{"rate_time":0.726}},{"type":"Feature","geometry":{"type":"Point","coordinates":[97.10082,1.3602]},"properties":{"rate_time":-0.676}},{"type":"Feature","geometry":{"type":"Point","coordinates":[97.10162,1.3602]},"properties":{"rate_time":-0.515}},{"type":"Feature","geometry":{"type":"Point","coordinates":[97.15503,1.36023]},"properties":{"rate_time":2.286}},{"type":"Feature","geometry":{"type":"Point","coordinates":[97.10808,1.36026]},"properties":{"rate_time":1.874}},{"type":"Feature","geometry":{"type":"Point","coordinates":[97.10188,1.36028]},"properties":{"rate_time":1.417}},{"type":"Feature","geometry":{"type":"Point","coordinates":[97.10458,1.3603]},"properties":{"rate_time":-1.088}},{"type":"Feature","geometry":{"type":"Point","coordinates":[97.11098,1.36031]},"properties":{"rate_time":0.607}},{"type":"Feature","geometry":{"type":"Point","coordinates":[97.10834,1.36031]},"properties":{"rate_time":1.792}},{"type":"Feature","geometry":{"type":"Point","coordinates":[97.10861,1.36034]},"properties":{"rate_time":1.671}},{"type":"Feature","geometry":{"type":"Point","coordinates":[97.10887,1.36039]},"properties":{"rate_time":1.596}},{"type":"Feature","geometry":{"type":"Point","coordinates":[97.10914,1.36041]},"properties":{"rate_time":1.375}},{"type":"Feature","geometry":{"type":"Point","coordinates":[97.10434,1.36042]},"properties":{"rate_time":0.654}},{"type":"Feature","geometry":{"type":"Point","coordinates":[97.11074,1.36043]},"properties":{"rate_time":0.45}},{"type":"Feature","geometry":{"type":"Point","coordinates":[97.10941,1.36046]},"properties":{"rate_time":1.227}},{"type":"Feature","geometry":{"type":"Point","coordinates":[97.10207,1.36047]},"properties":{"rate_time":-0.521}},{"type":"Feature","geometry":{"type":"Point","coordinates":[97.15501,1.36049]},"properties":{"rate_time":2.596}},{"type":"Feature","geometry":{"type":"Point","coordinates":[97.11048,1.3605]},"properties":{"rate_time":0.227}},{"type":"Feature","geometry":{"type":"Point","coordinates":[97.10967,1.3605]},"properties":{"rate_time":1.181}},{"type":"Feature","geometry":{"type":"Point","coordinates":[97.10409,1.36052]},"properties":{"rate_time":-1.394}},{"type":"Feature","geometry":{"type":"Point","coordinates":[97.11021,1.36053]},"properties":{"rate_time":0.489}},{"type":"Feature","geometry":{"type":"Point","coordinates":[97.10994,1.36053]},"properties":{"rate_time":0.905}},{"type":"Feature","geometry":{"type":"Point","coordinates":[97.10384,1.36063]},"properties":{"rate_time":-0.943}},{"type":"Feature","geometry":{"type":"Point","coordinates":[97.10227,1.36064]},"properties":{"rate_time":-0.002}},{"type":"Feature","geometry":{"type":"Point","coordinates":[97.10358,1.3607]},"properties":{"rate_time":-0.721}},{"type":"Feature","geometry":{"type":"Point","coordinates":[97.10332,1.36072]},"properties":{"rate_time":-0.683}},{"type":"Feature","geometry":{"type":"Point","coordinates":[97.10252,1.36076]},"properties":{"rate_time":0.115}},{"type":"Feature","geometry":{"type":"Point","coordinates":[97.15495,1.36076]},"properties":{"rate_time":2.194}},{"type":"Feature","geometry":{"type":"Point","coordinates":[97.10305,1.36076]},"properties":{"rate_time":-0.519}},{"type":"Feature","geometry":{"type":"Point","coordinates":[97.10278,1.36078]},"properties":{"rate_time":-0.287}},{"type":"Feature","geometry":{"type":"Point","coordinates":[97.15486,1.36101]},"properties":{"rate_time":2.46}},{"type":"Feature","geometry":{"type":"Point","coordinates":[97.1547,1.36122]},"properties":{"rate_time":3.17}},{"type":"Feature","geometry":{"type":"Point","coordinates":[97.15459,1.36146]},"properties":{"rate_time":3.299}},{"type":"Feature","geometry":{"type":"Point","coordinates":[97.15441,1.36166]},"properties":{"rate_time":3.328}},{"type":"Feature","geometry":{"type":"Point","coordinates":[97.15423,1.36186]},"properties":{"rate_time":2.66}},{"type":"Feature","geometry":{"type":"Point","coordinates":[97.15407,1.36208]},"properties":{"rate_time":2.51}},{"type":"Feature","geometry":{"type":"Point","coordinates":[97.15388,1.36226]},"properties":{"rate_time":2.307}},{"type":"Feature","geometry":{"type":"Point","coordinates":[97.15382,1.36246]},"properties":{"rate_time":2.09}},{"type":"Feature","geometry":{"type":"Point","coordinates":[97.15185,1.36458]},"properties":{"rate_time":1.978}},{"type":"Feature","geometry":{"type":"Point","coordinates":[97.15166,1.36477]},"properties":{"rate_time":1.864}},{"type":"Feature","geometry":{"type":"Point","coordinates":[97.15146,1.36496]},"properties":{"rate_time":1.949}},{"type":"Feature","geometry":{"type":"Point","coordinates":[97.15127,1.36515]},"properties":{"rate_time":2.044}},{"type":"Feature","geometry":{"type":"Point","coordinates":[97.15108,1.36534]},"properties":{"rate_time":2.035}},{"type":"Feature","geometry":{"type":"Point","coordinates":[97.15086,1.3655]},"properties":{"rate_time":2.025}},{"type":"Feature","geometry":{"type":"Point","coordinates":[97.15065,1.36567]},"properties":{"rate_time":1.844}},{"type":"Feature","geometry":{"type":"Point","coordinates":[97.15047,1.36586]},"properties":{"rate_time":1.741}},{"type":"Feature","geometry":{"type":"Point","coordinates":[97.1503,1.36607]},"properties":{"rate_time":1.679}},{"type":"Feature","geometry":{"type":"Point","coordinates":[97.15008,1.36624]},"properties":{"rate_time":1.732}},{"type":"Feature","geometry":{"type":"Point","coordinates":[97.14988,1.36642]},"properties":{"rate_time":1.661}},{"type":"Feature","geometry":{"type":"Point","coordinates":[97.14967,1.36659]},"properties":{"rate_time":1.69}},{"type":"Feature","geometry":{"type":"Point","coordinates":[97.14944,1.36671]},"properties":{"rate_time":1.711}},{"type":"Feature","geometry":{"type":"Point","coordinates":[97.14922,1.36688]},"properties":{"rate_time":1.402}},{"type":"Feature","geometry":{"type":"Point","coordinates":[97.14899,1.36702]},"properties":{"rate_time":1.348}},{"type":"Feature","geometry":{"type":"Point","coordinates":[97.28705,1.43958]},"properties":{"rate_time":7.069}},{"type":"Feature","geometry":{"type":"Point","coordinates":[97.14877,1.36717]},"properties":{"rate_time":1.778}},{"type":"Feature","geometry":{"type":"Point","coordinates":[97.14856,1.36734]},"properties":{"rate_time":1.9}},{"type":"Feature","geometry":{"type":"Point","coordinates":[97.14838,1.36754]},"properties":{"rate_time":1.93}},{"type":"Feature","geometry":{"type":"Point","coordinates":[97.14821,1.36773]},"properties":{"rate_time":2.323}},{"type":"Feature","geometry":{"type":"Point","coordinates":[97.14798,1.36789]},"properties":{"rate_time":2.018}},{"type":"Feature","geometry":{"type":"Point","coordinates":[97.1478,1.36807]},"properties":{"rate_time":1.657}},{"type":"Feature","geometry":{"type":"Point","coordinates":[97.14755,1.36818]},"properties":{"rate_time":1.51}},{"type":"Feature","geometry":{"type":"Point","coordinates":[97.14729,1.36825]},"properties":{"rate_time":2.083}},{"type":"Feature","geometry":{"type":"Point","coordinates":[97.14708,1.36842]},"properties":{"rate_time":2.511}},{"type":"Feature","geometry":{"type":"Point","coordinates":[97.14688,1.3686]},"properties":{"rate_time":2.853}},{"type":"Feature","geometry":{"type":"Point","coordinates":[97.14665,1.36872]},"properties":{"rate_time":2.981}},{"type":"Feature","geometry":{"type":"Point","coordinates":[97.14644,1.36888]},"properties":{"rate_time":2.952}},{"type":"Feature","geometry":{"type":"Point","coordinates":[97.14629,1.36911]},"properties":{"rate_time":2.585}},{"type":"Feature","geometry":{"type":"Point","coordinates":[97.14616,1.36934]},"properties":{"rate_time":1.593}},{"type":"Feature","geometry":{"type":"Point","coordinates":[97.14597,1.36953]},"properties":{"rate_time":1.485}},{"type":"Feature","geometry":{"type":"Point","coordinates":[97.1457,1.36953]},"properties":{"rate_time":1.683}},{"type":"Feature","geometry":{"type":"Point","coordinates":[97.14547,1.36968]},"properties":{"rate_time":1.88}},{"type":"Feature","geometry":{"type":"Point","coordinates":[97.14529,1.36987]},"properties":{"rate_time":1.981}},{"type":"Feature","geometry":{"type":"Point","coordinates":[97.14511,1.37007]},"properties":{"rate_time":2.612}},{"type":"Feature","geometry":{"type":"Point","coordinates":[97.14491,1.37026]},"properties":{"rate_time":2.407}},{"type":"Feature","geometry":{"type":"Point","coordinates":[97.14473,1.37045]},"properties":{"rate_time":2.286}},{"type":"Feature","geometry":{"type":"Point","coordinates":[97.14452,1.37058]},"properties":{"rate_time":2.403}},{"type":"Feature","geometry":{"type":"Point","coordinates":[97.14426,1.37059]},"properties":{"rate_time":2.555}},{"type":"Feature","geometry":{"type":"Point","coordinates":[97.14402,1.3707]},"properties":{"rate_time":1.913}},{"type":"Feature","geometry":{"type":"Point","coordinates":[97.14381,1.37087]},"properties":{"rate_time":1.619}},{"type":"Feature","geometry":{"type":"Point","coordinates":[97.14361,1.37106]},"properties":{"rate_time":1.262}},{"type":"Feature","geometry":{"type":"Point","coordinates":[97.14341,1.37124]},"properties":{"rate_time":1.214}},{"type":"Feature","geometry":{"type":"Point","coordinates":[97.1432,1.37139]},"properties":{"rate_time":1.896}},{"type":"Feature","geometry":{"type":"Point","coordinates":[97.14294,1.37142]},"properties":{"rate_time":1.558}},{"type":"Feature","geometry":{"type":"Point","coordinates":[97.1427,1.37153]},"properties":{"rate_time":1.372}},{"type":"Feature","geometry":{"type":"Point","coordinates":[97.14244,1.37162]},"properties":{"rate_time":1.69}},{"type":"Feature","geometry":{"type":"Point","coordinates":[97.14219,1.37171]},"properties":{"rate_time":2.694}},{"type":"Feature","geometry":{"type":"Point","coordinates":[97.14204,1.37194]},"properties":{"rate_time":2.701}},{"type":"Feature","geometry":{"type":"Point","coordinates":[97.14193,1.37219]},"properties":{"rate_time":2.573}},{"type":"Feature","geometry":{"type":"Point","coordinates":[97.14171,1.37232]},"properties":{"rate_time":2.49}},{"type":"Feature","geometry":{"type":"Point","coordinates":[97.14145,1.3724]},"properties":{"rate_time":2.109}},{"type":"Feature","geometry":{"type":"Point","coordinates":[97.14119,1.37247]},"properties":{"rate_time":2.1}},{"type":"Feature","geometry":{"type":"Point","coordinates":[97.14095,1.37258]},"properties":{"rate_time":2.23}},{"type":"Feature","geometry":{"type":"Point","coordinates":[97.14077,1.37277]},"properties":{"rate_time":2.33}},{"type":"Feature","geometry":{"type":"Point","coordinates":[97.14065,1.37302]},"properties":{"rate_time":1.848}},{"type":"Feature","geometry":{"type":"Point","coordinates":[97.14044,1.37317]},"properties":{"rate_time":1.932}},{"type":"Feature","geometry":{"type":"Point","coordinates":[97.14021,1.37331]},"properties":{"rate_time":2.229}},{"type":"Feature","geometry":{"type":"Point","coordinates":[97.13999,1.37345]},"properties":{"rate_time":2.558}},{"type":"Feature","geometry":{"type":"Point","coordinates":[97.13981,1.37366]},"properties":{"rate_time":2.715}},{"type":"Feature","geometry":{"type":"Point","coordinates":[97.13969,1.3739]},"properties":{"rate_time":2.724}},{"type":"Feature","geometry":{"type":"Point","coordinates":[97.13962,1.37416]},"properties":{"rate_time":2.566}},{"type":"Feature","geometry":{"type":"Point","coordinates":[97.13949,1.3744]},"properties":{"rate_time":2.861}},{"type":"Feature","geometry":{"type":"Point","coordinates":[97.13951,1.37467]},"properties":{"rate_time":2.535}},{"type":"Feature","geometry":{"type":"Point","coordinates":[97.13954,1.37494]},"properties":{"rate_time":1.985}},{"type":"Feature","geometry":{"type":"Point","coordinates":[97.13952,1.37521]},"properties":{"rate_time":2.102}},{"type":"Feature","geometry":{"type":"Point","coordinates":[97.13936,1.37542]},"properties":{"rate_time":2.305}},{"type":"Feature","geometry":{"type":"Point","coordinates":[97.13919,1.37563]},"properties":{"rate_time":2.516}},{"type":"Feature","geometry":{"type":"Point","coordinates":[97.13863,1.37578]},"properties":{"rate_time":2.023}},{"type":"Feature","geometry":{"type":"Point","coordinates":[97.13881,1.37581]},"properties":{"rate_time":3.887}},{"type":"Feature","geometry":{"type":"Point","coordinates":[97.13902,1.37584]},"properties":{"rate_time":3.812}},{"type":"Feature","geometry":{"type":"Point","coordinates":[97.13844,1.37597]},"properties":{"rate_time":1.682}},{"type":"Feature","geometry":{"type":"Point","coordinates":[97.13841,1.37616]},"properties":{"rate_time":1.607}},{"type":"Feature","geometry":{"type":"Point","coordinates":[97.13843,1.37639]},"properties":{"rate_time":2.371}},{"type":"Feature","geometry":{"type":"Point","coordinates":[97.13797,1.37654]},"properties":{"rate_time":2.021}},{"type":"Feature","geometry":{"type":"Point","coordinates":[97.13822,1.37655]},"properties":{"rate_time":2.208}},{"type":"Feature","geometry":{"type":"Point","coordinates":[97.13776,1.37663]},"properties":{"rate_time":1.834}},{"type":"Feature","geometry":{"type":"Point","coordinates":[97.13757,1.37683]},"properties":{"rate_time":1.719}},{"type":"Feature","geometry":{"type":"Point","coordinates":[97.13735,1.37698]},"properties":{"rate_time":1.705}},{"type":"Feature","geometry":{"type":"Point","coordinates":[97.13718,1.37719]},"properties":{"rate_time":1.891}},{"type":"Feature","geometry":{"type":"Point","coordinates":[97.13699,1.37738]},"properties":{"rate_time":2.007}},{"type":"Feature","geometry":{"type":"Point","coordinates":[97.13707,1.37763]},"properties":{"rate_time":2.141}},{"type":"Feature","geometry":{"type":"Point","coordinates":[97.13688,1.37778]},"properties":{"rate_time":2.284}},{"type":"Feature","geometry":{"type":"Point","coordinates":[97.13669,1.37796]},"properties":{"rate_time":1.745}},{"type":"Feature","geometry":{"type":"Point","coordinates":[97.1362,1.37806]},"properties":{"rate_time":1.895}},{"type":"Feature","geometry":{"type":"Point","coordinates":[97.13646,1.37808]},"properties":{"rate_time":1.795}},{"type":"Feature","geometry":{"type":"Point","coordinates":[97.13594,1.37814]},"properties":{"rate_time":1.981}},{"type":"Feature","geometry":{"type":"Point","coordinates":[97.13576,1.37833]},"properties":{"rate_time":2.032}},{"type":"Feature","geometry":{"type":"Point","coordinates":[97.13554,1.37843]},"properties":{"rate_time":2.372}},{"type":"Feature","geometry":{"type":"Point","coordinates":[97.13533,1.37856]},"properties":{"rate_time":2.703}},{"type":"Feature","geometry":{"type":"Point","coordinates":[97.13515,1.37877]},"properties":{"rate_time":2.491}},{"type":"Feature","geometry":{"type":"Point","coordinates":[97.13496,1.37896]},"properties":{"rate_time":2.094}},{"type":"Feature","geometry":{"type":"Point","coordinates":[97.13456,1.37904]},"properties":{"rate_time":1.724}},{"type":"Feature","geometry":{"type":"Point","coordinates":[97.13433,1.37918]},"properties":{"rate_time":1.171}},{"type":"Feature","geometry":{"type":"Point","coordinates":[97.13413,1.37935]},"properties":{"rate_time":1.034}},{"type":"Feature","geometry":{"type":"Point","coordinates":[97.13397,1.37957]},"properties":{"rate_time":1.448}},{"type":"Feature","geometry":{"type":"Point","coordinates":[97.13374,1.37968]},"properties":{"rate_time":1.346}},{"type":"Feature","geometry":{"type":"Point","coordinates":[97.13349,1.37969]},"properties":{"rate_time":1.348}},{"type":"Feature","geometry":{"type":"Point","coordinates":[97.13326,1.37983]},"properties":{"rate_time":1.39}},{"type":"Feature","geometry":{"type":"Point","coordinates":[97.13323,1.3801]},"properties":{"rate_time":1.279}},{"type":"Feature","geometry":{"type":"Point","coordinates":[97.13307,1.38032]},"properties":{"rate_time":1.365}},{"type":"Feature","geometry":{"type":"Point","coordinates":[97.13284,1.38045]},"properties":{"rate_time":0.789}},{"type":"Feature","geometry":{"type":"Point","coordinates":[97.13259,1.38054]},"properties":{"rate_time":0.717}},{"type":"Feature","geometry":{"type":"Point","coordinates":[97.13235,1.38066]},"properties":{"rate_time":0.802}},{"type":"Feature","geometry":{"type":"Point","coordinates":[97.13215,1.38083]},"properties":{"rate_time":0.793}},{"type":"Feature","geometry":{"type":"Point","coordinates":[97.13194,1.381]},"properties":{"rate_time":1.023}},{"type":"Feature","geometry":{"type":"Point","coordinates":[97.13172,1.38115]},"properties":{"rate_time":0.73}},{"type":"Feature","geometry":{"type":"Point","coordinates":[97.13147,1.38125]},"properties":{"rate_time":0.859}},{"type":"Feature","geometry":{"type":"Point","coordinates":[97.13132,1.38146]},"properties":{"rate_time":0.867}},{"type":"Feature","geometry":{"type":"Point","coordinates":[97.13121,1.38152]},"properties":{"rate_time":0.966}},{"type":"Feature","geometry":{"type":"Point","coordinates":[97.13097,1.38175]},"properties":{"rate_time":1.183}},{"type":"Feature","geometry":{"type":"Point","coordinates":[97.13075,1.38192]},"properties":{"rate_time":1.259}},{"type":"Feature","geometry":{"type":"Point","coordinates":[97.13063,1.38201]},"properties":{"rate_time":1.028}},{"type":"Feature","geometry":{"type":"Point","coordinates":[97.1304,1.38223]},"properties":{"rate_time":1.054}},{"type":"Feature","geometry":{"type":"Point","coordinates":[97.13016,1.38233]},"properties":{"rate_time":0.836}},{"type":"Feature","geometry":{"type":"Point","coordinates":[97.12988,1.38248]},"properties":{"rate_time":1.034}},{"type":"Feature","geometry":{"type":"Point","coordinates":[97.12968,1.38266]},"properties":{"rate_time":0.808}},{"type":"Feature","geometry":{"type":"Point","coordinates":[97.12956,1.38278]},"properties":{"rate_time":0.809}},{"type":"Feature","geometry":{"type":"Point","coordinates":[97.12918,1.38299]},"properties":{"rate_time":0.718}},{"type":"Feature","geometry":{"type":"Point","coordinates":[97.12869,1.38305]},"properties":{"rate_time":0.983}},{"type":"Feature","geometry":{"type":"Point","coordinates":[97.12895,1.38311]},"properties":{"rate_time":0.742}},{"type":"Feature","geometry":{"type":"Point","coordinates":[97.12845,1.38316]},"properties":{"rate_time":1.174}},{"type":"Feature","geometry":{"type":"Point","coordinates":[97.12819,1.38322]},"properties":{"rate_time":1.262}},{"type":"Feature","geometry":{"type":"Point","coordinates":[97.12794,1.38334]},"properties":{"rate_time":1.192}},{"type":"Feature","geometry":{"type":"Point","coordinates":[97.12787,1.38358]},"properties":{"rate_time":1.131}},{"type":"Feature","geometry":{"type":"Point","coordinates":[97.12789,1.38385]},"properties":{"rate_time":1.004}},{"type":"Feature","geometry":{"type":"Point","coordinates":[97.12769,1.38397]},"properties":{"rate_time":0.975}},{"type":"Feature","geometry":{"type":"Point","coordinates":[97.12748,1.38413]},"properties":{"rate_time":0.57}},{"type":"Feature","geometry":{"type":"Point","coordinates":[97.12724,1.38424]},"properties":{"rate_time":0.525}},{"type":"Feature","geometry":{"type":"Point","coordinates":[97.12699,1.38433]},"properties":{"rate_time":0.42}},{"type":"Feature","geometry":{"type":"Point","coordinates":[97.12678,1.38448]},"properties":{"rate_time":1.144}},{"type":"Feature","geometry":{"type":"Point","coordinates":[97.1266,1.38468]},"properties":{"rate_time":0.9}},{"type":"Feature","geometry":{"type":"Point","coordinates":[97.12637,1.38491]},"properties":{"rate_time":0.925}},{"type":"Feature","geometry":{"type":"Point","coordinates":[97.12614,1.38505]},"properties":{"rate_time":0.956}},{"type":"Feature","geometry":{"type":"Point","coordinates":[97.12598,1.38512]},"properties":{"rate_time":0.833}},{"type":"Feature","geometry":{"type":"Point","coordinates":[97.12577,1.38529]},"properties":{"rate_time":0.673}},{"type":"Feature","geometry":{"type":"Point","coordinates":[97.12556,1.38546]},"properties":{"rate_time":0.586}},{"type":"Feature","geometry":{"type":"Point","coordinates":[97.12536,1.38564]},"properties":{"rate_time":0.699}},{"type":"Feature","geometry":{"type":"Point","coordinates":[97.12471,1.38578]},"properties":{"rate_time":1.196}},{"type":"Feature","geometry":{"type":"Point","coordinates":[97.12457,1.38582]},"properties":{"rate_time":1.233}},{"type":"Feature","geometry":{"type":"Point","coordinates":[97.12516,1.38582]},"properties":{"rate_time":0.967}},{"type":"Feature","geometry":{"type":"Point","coordinates":[97.12492,1.38594]},"properties":{"rate_time":1.21}},{"type":"Feature","geometry":{"type":"Point","coordinates":[97.12475,1.38602]},"properties":{"rate_time":1.251}},{"type":"Feature","geometry":{"type":"Point","coordinates":[97.12463,1.38621]},"properties":{"rate_time":1.263}},{"type":"Feature","geometry":{"type":"Point","coordinates":[97.12445,1.38641]},"properties":{"rate_time":0.519}},{"type":"Feature","geometry":{"type":"Point","coordinates":[97.12426,1.3866]},"properties":{"rate_time":0.422}},{"type":"Feature","geometry":{"type":"Point","coordinates":[97.12406,1.38679]},"properties":{"rate_time":0.425}},{"type":"Feature","geometry":{"type":"Point","coordinates":[97.12392,1.38695]},"properties":{"rate_time":0.489}},{"type":"Feature","geometry":{"type":"Point","coordinates":[97.12373,1.38714]},"properties":{"rate_time":0.473}},{"type":"Feature","geometry":{"type":"Point","coordinates":[97.12352,1.38731]},"properties":{"rate_time":0.59}},{"type":"Feature","geometry":{"type":"Point","coordinates":[97.12329,1.38746]},"properties":{"rate_time":0.294}},{"type":"Feature","geometry":{"type":"Point","coordinates":[97.07589,1.38729]},"properties":{"rate_time":2.458}},{"type":"Feature","geometry":{"type":"Point","coordinates":[97.07373,1.38741]},"properties":{"rate_time":0.18}},{"type":"Feature","geometry":{"type":"Point","coordinates":[97.0761,1.38745]},"properties":{"rate_time":-0.728}},{"type":"Feature","geometry":{"type":"Point","coordinates":[97.07354,1.3876]},"properties":{"rate_time":0.096}},{"type":"Feature","geometry":{"type":"Point","coordinates":[97.07625,1.38766]},"properties":{"rate_time":-0.628}},{"type":"Feature","geometry":{"type":"Point","coordinates":[97.07333,1.38777]},"properties":{"rate_time":-0.026}},{"type":"Feature","geometry":{"type":"Point","coordinates":[97.07636,1.3879]},"properties":{"rate_time":2.139}},{"type":"Feature","geometry":{"type":"Point","coordinates":[97.07313,1.38795]},"properties":{"rate_time":-0.205}},{"type":"Feature","geometry":{"type":"Point","coordinates":[97.07658,1.38804]},"properties":{"rate_time":-0.485}},{"type":"Feature","geometry":{"type":"Point","coordinates":[97.07685,1.38808]},"properties":{"rate_time":-1.044}},{"type":"Feature","geometry":{"type":"Point","coordinates":[97.12306,1.38759]},"properties":{"rate_time":0.594}},{"type":"Feature","geometry":{"type":"Point","coordinates":[97.12291,1.38781]},"properties":{"rate_time":1.233}},{"type":"Feature","geometry":{"type":"Point","coordinates":[97.12272,1.388]},"properties":{"rate_time":1.169}},{"type":"Feature","geometry":{"type":"Point","coordinates":[97.12249,1.38815]},"properties":{"rate_time":0.874}},{"type":"Feature","geometry":{"type":"Point","coordinates":[97.12227,1.38831]},"properties":{"rate_time":0.802}},{"type":"Feature","geometry":{"type":"Point","coordinates":[97.12206,1.38847]},"properties":{"rate_time":0.876}},{"type":"Feature","geometry":{"type":"Point","coordinates":[97.12185,1.38864]},"properties":{"rate_time":0.902}},{"type":"Feature","geometry":{"type":"Point","coordinates":[97.12165,1.38882]},"properties":{"rate_time":0.891}},{"type":"Feature","geometry":{"type":"Point","coordinates":[97.12143,1.38899]},"properties":{"rate_time":0.923}},{"type":"Feature","geometry":{"type":"Point","coordinates":[97.12124,1.38917]},"properties":{"rate_time":0.715}},{"type":"Feature","geometry":{"type":"Point","coordinates":[97.07711,1.38811]},"properties":{"rate_time":-1.035}},{"type":"Feature","geometry":{"type":"Point","coordinates":[97.07296,1.38816]},"properties":{"rate_time":-0.223}},{"type":"Feature","geometry":{"type":"Point","coordinates":[97.07735,1.38823]},"properties":{"rate_time":-0.806}},{"type":"Feature","geometry":{"type":"Point","coordinates":[97.07276,1.38834]},"properties":{"rate_time":0.014}},{"type":"Feature","geometry":{"type":"Point","coordinates":[97.07755,1.3884]},"properties":{"rate_time":-0.507}},{"type":"Feature","geometry":{"type":"Point","coordinates":[97.07255,1.38851]},"properties":{"rate_time":4.241}},{"type":"Feature","geometry":{"type":"Point","coordinates":[97.07773,1.3886]},"properties":{"rate_time":6.003}},{"type":"Feature","geometry":{"type":"Point","coordinates":[97.07236,1.3887]},"properties":{"rate_time":4.197}},{"type":"Feature","geometry":{"type":"Point","coordinates":[97.07792,1.38879]},"properties":{"rate_time":6.298}},{"type":"Feature","geometry":{"type":"Point","coordinates":[97.07218,1.38891]},"properties":{"rate_time":3.684}},{"type":"Feature","geometry":{"type":"Point","coordinates":[97.07802,1.38905]},"properties":{"rate_time":8.42}},{"type":"Feature","geometry":{"type":"Point","coordinates":[97.072,1.38911]},"properties":{"rate_time":4.849}},{"type":"Feature","geometry":{"type":"Point","coordinates":[97.07819,1.38923]},"properties":{"rate_time":8.779}},{"type":"Feature","geometry":{"type":"Point","coordinates":[97.07181,1.3893]},"properties":{"rate_time":4.987}},{"type":"Feature","geometry":{"type":"Point","coordinates":[97.07159,1.38946]},"properties":{"rate_time":3.049}},{"type":"Feature","geometry":{"type":"Point","coordinates":[97.07827,1.38948]},"properties":{"rate_time":8.294}},{"type":"Feature","geometry":{"type":"Point","coordinates":[97.0714,1.38965]},"properties":{"rate_time":3.815}},{"type":"Feature","geometry":{"type":"Point","coordinates":[97.07828,1.38975]},"properties":{"rate_time":7.603}},{"type":"Feature","geometry":{"type":"Point","coordinates":[97.07124,1.38986]},"properties":{"rate_time":2.979}},{"type":"Feature","geometry":{"type":"Point","coordinates":[97.07829,1.39002]},"properties":{"rate_time":6.191}},{"type":"Feature","geometry":{"type":"Point","coordinates":[97.12104,1.38936]},"properties":{"rate_time":0.633}},{"type":"Feature","geometry":{"type":"Point","coordinates":[97.12086,1.38956]},"properties":{"rate_time":0.716}},{"type":"Feature","geometry":{"type":"Point","coordinates":[97.11992,1.3897]},"properties":{"rate_time":1.216}},{"type":"Feature","geometry":{"type":"Point","coordinates":[97.12012,1.38972]},"properties":{"rate_time":1.126}},{"type":"Feature","geometry":{"type":"Point","coordinates":[97.12065,1.38973]},"properties":{"rate_time":0.814}},{"type":"Feature","geometry":{"type":"Point","coordinates":[97.1197,1.38985]},"properties":{"rate_time":1.328}},{"type":"Feature","geometry":{"type":"Point","coordinates":[97.12046,1.38992]},"properties":{"rate_time":0.931}},{"type":"Feature","geometry":{"type":"Point","coordinates":[97.12026,1.38994]},"properties":{"rate_time":1.028}},{"type":"Feature","geometry":{"type":"Point","coordinates":[97.12011,1.39001]},"properties":{"rate_time":1.098}},{"type":"Feature","geometry":{"type":"Point","coordinates":[97.11986,1.39002]},"properties":{"rate_time":1.218}},{"type":"Feature","geometry":{"type":"Point","coordinates":[97.12015,1.3902]},"properties":{"rate_time":1.101}},{"type":"Feature","geometry":{"type":"Point","coordinates":[97.11934,1.39036]},"properties":{"rate_time":1.677}},{"type":"Feature","geometry":{"type":"Point","coordinates":[97.11995,1.39039]},"properties":{"rate_time":1.303}},{"type":"Feature","geometry":{"type":"Point","coordinates":[97.11909,1.39043]},"properties":{"rate_time":1.865}},{"type":"Feature","geometry":{"type":"Point","coordinates":[97.11949,1.39046]},"properties":{"rate_time":1.613}},{"type":"Feature","geometry":{"type":"Point","coordinates":[97.11976,1.39058]},"properties":{"rate_time":1.484}},{"type":"Feature","geometry":{"type":"Point","coordinates":[97.11894,1.39065]},"properties":{"rate_time":1.963}},{"type":"Feature","geometry":{"type":"Point","coordinates":[97.11931,1.39066]},"properties":{"rate_time":1.828}},{"type":"Feature","geometry":{"type":"Point","coordinates":[97.11954,1.39074]},"properties":{"rate_time":1.702}},{"type":"Feature","geometry":{"type":"Point","coordinates":[97.11911,1.39079]},"properties":{"rate_time":1.917}},{"type":"Feature","geometry":{"type":"Point","coordinates":[97.07112,1.39011]},"properties":{"rate_time":2.023}},{"type":"Feature","geometry":{"type":"Point","coordinates":[97.07841,1.39025]},"properties":{"rate_time":7.171}},{"type":"Feature","geometry":{"type":"Point","coordinates":[97.07099,1.39035]},"properties":{"rate_time":1.823}},{"type":"Feature","geometry":{"type":"Point","coordinates":[97.07852,1.39049]},"properties":{"rate_time":7.605}},{"type":"Feature","geometry":{"type":"Point","coordinates":[97.07084,1.39057]},"properties":{"rate_time":1.72}},{"type":"Feature","geometry":{"type":"Point","coordinates":[97.07853,1.39076]},"properties":{"rate_time":7.824}},{"type":"Feature","geometry":{"type":"Point","coordinates":[97.07072,1.39081]},"properties":{"rate_time":1.65}},{"type":"Feature","geometry":{"type":"Point","coordinates":[97.07058,1.39103]},"properties":{"rate_time":1.577}},{"type":"Feature","geometry":{"type":"Point","coordinates":[97.07853,1.39103]},"properties":{"rate_time":8.018}},{"type":"Feature","geometry":{"type":"Point","coordinates":[97.0705,1.39129]},"properties":{"rate_time":1.786}},{"type":"Feature","geometry":{"type":"Point","coordinates":[97.11929,1.39081]},"properties":{"rate_time":1.86}},{"type":"Feature","geometry":{"type":"Point","coordinates":[97.11878,1.39087]},"properties":{"rate_time":1.96}},{"type":"Feature","geometry":{"type":"Point","coordinates":[97.11886,1.3909]},"properties":{"rate_time":1.96}},{"type":"Feature","geometry":{"type":"Point","coordinates":[97.11923,1.39104]},"properties":{"rate_time":1.917}},{"type":"Feature","geometry":{"type":"Point","coordinates":[97.1191,1.39119]},"properties":{"rate_time":1.37}},{"type":"Feature","geometry":{"type":"Point","coordinates":[97.1189,1.39138]},"properties":{"rate_time":1.323}},{"type":"Feature","geometry":{"type":"Point","coordinates":[97.1187,1.39156]},"properties":{"rate_time":1.395}},{"type":"Feature","geometry":{"type":"Point","coordinates":[97.1185,1.39174]},"properties":{"rate_time":1.459}},{"type":"Feature","geometry":{"type":"Point","coordinates":[97.11832,1.39195]},"properties":{"rate_time":0.515}},{"type":"Feature","geometry":{"type":"Point","coordinates":[97.11814,1.39214]},"properties":{"rate_time":0.84}},{"type":"Feature","geometry":{"type":"Point","coordinates":[97.07852,1.3913]},"properties":{"rate_time":5.831}},{"type":"Feature","geometry":{"type":"Point","coordinates":[97.07036,1.39152]},"properties":{"rate_time":3.503}},{"type":"Feature","geometry":{"type":"Point","coordinates":[97.07851,1.39157]},"properties":{"rate_time":7.421}},{"type":"Feature","geometry":{"type":"Point","coordinates":[97.07021,1.39174]},"properties":{"rate_time":3.441}},{"type":"Feature","geometry":{"type":"Point","coordinates":[97.07852,1.39184]},"properties":{"rate_time":7.091}},{"type":"Feature","geometry":{"type":"Point","coordinates":[97.07009,1.39199]},"properties":{"rate_time":3.54}},{"type":"Feature","geometry":{"type":"Point","coordinates":[97.07852,1.39212]},"properties":{"rate_time":5.517}},{"type":"Feature","geometry":{"type":"Point","coordinates":[97.06992,1.39219]},"properties":{"rate_time":2.929}},{"type":"Feature","geometry":{"type":"Point","coordinates":[97.07851,1.39239]},"properties":{"rate_time":5.432}},{"type":"Feature","geometry":{"type":"Point","coordinates":[97.06977,1.39242]},"properties":{"rate_time":2.328}},{"type":"Feature","geometry":{"type":"Point","coordinates":[97.06963,1.39265]},"properties":{"rate_time":2.915}},{"type":"Feature","geometry":{"type":"Point","coordinates":[97.07853,1.39266]},"properties":{"rate_time":4.635}},{"type":"Feature","geometry":{"type":"Point","coordinates":[97.06947,1.39287]},"properties":{"rate_time":2.554}},{"type":"Feature","geometry":{"type":"Point","coordinates":[97.07856,1.39292]},"properties":{"rate_time":4.768}},{"type":"Feature","geometry":{"type":"Point","coordinates":[97.0693,1.39307]},"properties":{"rate_time":1.702}},{"type":"Feature","geometry":{"type":"Point","coordinates":[97.07863,1.39319]},"properties":{"rate_time":4.41}},{"type":"Feature","geometry":{"type":"Point","coordinates":[97.06924,1.39333]},"properties":{"rate_time":0.721}},{"type":"Feature","geometry":{"type":"Point","coordinates":[97.0787,1.39345]},"properties":{"rate_time":-0.368}},{"type":"Feature","geometry":{"type":"Point","coordinates":[97.06944,1.39351]},"properties":{"rate_time":1.031}},{"type":"Feature","geometry":{"type":"Point","coordinates":[97.07872,1.39372]},"properties":{"rate_time":2.865}},{"type":"Feature","geometry":{"type":"Point","coordinates":[97.11795,1.39233]},"properties":{"rate_time":1.141}},{"type":"Feature","geometry":{"type":"Point","coordinates":[97.11763,1.39268]},"properties":{"rate_time":1.293}},{"type":"Feature","geometry":{"type":"Point","coordinates":[97.11759,1.39272]},"properties":{"rate_time":1.311}},{"type":"Feature","geometry":{"type":"Point","coordinates":[97.11735,1.39294]},"properties":{"rate_time":1.105}},{"type":"Feature","geometry":{"type":"Point","coordinates":[97.11719,1.39311]},"properties":{"rate_time":1.088}},{"type":"Feature","geometry":{"type":"Point","coordinates":[97.117,1.39329]},"properties":{"rate_time":1.046}},{"type":"Feature","geometry":{"type":"Point","coordinates":[97.1168,1.39348]},"properties":{"rate_time":1.058}},{"type":"Feature","geometry":{"type":"Point","coordinates":[97.11662,1.39368]},"properties":{"rate_time":1.387}},{"type":"Feature","geometry":{"type":"Point","coordinates":[97.11643,1.39387]},"properties":{"rate_time":1.35}},{"type":"Feature","geometry":{"type":"Point","coordinates":[97.11624,1.39406]},"properties":{"rate_time":1.172}},{"type":"Feature","geometry":{"type":"Point","coordinates":[97.06951,1.39372]},"properties":{"rate_time":0.598}},{"type":"Feature","geometry":{"type":"Point","coordinates":[97.06938,1.39395]},"properties":{"rate_time":0.382}},{"type":"Feature","geometry":{"type":"Point","coordinates":[97.07874,1.39399]},"properties":{"rate_time":3.028}},{"type":"Feature","geometry":{"type":"Point","coordinates":[97.06912,1.39399]},"properties":{"rate_time":0.679}},{"type":"Feature","geometry":{"type":"Point","coordinates":[97.06885,1.394]},"properties":{"rate_time":1.69}},{"type":"Feature","geometry":{"type":"Point","coordinates":[97.06869,1.39422]},"properties":{"rate_time":2.041}},{"type":"Feature","geometry":{"type":"Point","coordinates":[97.07883,1.39423]},"properties":{"rate_time":3.021}},{"type":"Feature","geometry":{"type":"Point","coordinates":[97.07903,1.39441]},"properties":{"rate_time":4.322}},{"type":"Feature","geometry":{"type":"Point","coordinates":[97.06851,1.39442]},"properties":{"rate_time":2.278}},{"type":"Feature","geometry":{"type":"Point","coordinates":[97.06831,1.3946]},"properties":{"rate_time":2.546}},{"type":"Feature","geometry":{"type":"Point","coordinates":[97.11605,1.39426]},"properties":{"rate_time":0.991}},{"type":"Feature","geometry":{"type":"Point","coordinates":[97.11586,1.39445]},"properties":{"rate_time":1.613}},{"type":"Feature","geometry":{"type":"Point","coordinates":[97.11568,1.39465]},"properties":{"rate_time":1.366}},{"type":"Feature","geometry":{"type":"Point","coordinates":[97.11549,1.39484]},"properties":{"rate_time":1.173}},{"type":"Feature","geometry":{"type":"Point","coordinates":[97.11531,1.39505]},"properties":{"rate_time":0.887}},{"type":"Feature","geometry":{"type":"Point","coordinates":[97.11513,1.39525]},"properties":{"rate_time":0.394}},{"type":"Feature","geometry":{"type":"Point","coordinates":[97.11495,1.39545]},"properties":{"rate_time":0.452}},{"type":"Feature","geometry":{"type":"Point","coordinates":[97.11476,1.39564]},"properties":{"rate_time":0.477}},{"type":"Feature","geometry":{"type":"Point","coordinates":[97.11457,1.39584]},"properties":{"rate_time":0.453}},{"type":"Feature","geometry":{"type":"Point","coordinates":[97.11438,1.39603]},"properties":{"rate_time":0.64}},{"type":"Feature","geometry":{"type":"Point","coordinates":[97.07921,1.39462]},"properties":{"rate_time":5.312}},{"type":"Feature","geometry":{"type":"Point","coordinates":[97.06824,1.39486]},"properties":{"rate_time":2.553}},{"type":"Feature","geometry":{"type":"Point","coordinates":[97.07933,1.39486]},"properties":{"rate_time":4.704}},{"type":"Feature","geometry":{"type":"Point","coordinates":[97.07944,1.39511]},"properties":{"rate_time":9.104}},{"type":"Feature","geometry":{"type":"Point","coordinates":[97.06818,1.39512]},"properties":{"rate_time":2.5}},{"type":"Feature","geometry":{"type":"Point","coordinates":[97.07953,1.39536]},"properties":{"rate_time":4.961}},{"type":"Feature","geometry":{"type":"Point","coordinates":[97.06806,1.39536]},"properties":{"rate_time":1.937}},{"type":"Feature","geometry":{"type":"Point","coordinates":[97.06794,1.39561]},"properties":{"rate_time":1.815}},{"type":"Feature","geometry":{"type":"Point","coordinates":[97.07954,1.39563]},"properties":{"rate_time":4.721}},{"type":"Feature","geometry":{"type":"Point","coordinates":[97.06784,1.39585]},"properties":{"rate_time":1.905}},{"type":"Feature","geometry":{"type":"Point","coordinates":[97.17252,1.39607]},"properties":{"rate_time":1.993}},{"type":"Feature","geometry":{"type":"Point","coordinates":[97.17232,1.39615]},"properties":{"rate_time":5.031}},{"type":"Feature","geometry":{"type":"Point","coordinates":[97.17273,1.39619]},"properties":{"rate_time":1.725}},{"type":"Feature","geometry":{"type":"Point","coordinates":[97.11419,1.39622]},"properties":{"rate_time":0.653}},{"type":"Feature","geometry":{"type":"Point","coordinates":[97.17214,1.39635]},"properties":{"rate_time":5.294}},{"type":"Feature","geometry":{"type":"Point","coordinates":[97.11401,1.39641]},"properties":{"rate_time":0.595}},{"type":"Feature","geometry":{"type":"Point","coordinates":[97.17274,1.39647]},"properties":{"rate_time":4.538}},{"type":"Feature","geometry":{"type":"Point","coordinates":[97.17192,1.39649]},"properties":{"rate_time":5.239}},{"type":"Feature","geometry":{"type":"Point","coordinates":[97.11381,1.3966]},"properties":{"rate_time":0.351}},{"type":"Feature","geometry":{"type":"Point","coordinates":[97.17169,1.39663]},"properties":{"rate_time":5.072}},{"type":"Feature","geometry":{"type":"Point","coordinates":[97.07958,1.3959]},"properties":{"rate_time":4.528}},{"type":"Feature","geometry":{"type":"Point","coordinates":[97.06771,1.39609]},"properties":{"rate_time":1.782}},{"type":"Feature","geometry":{"type":"Point","coordinates":[97.07967,1.39615]},"properties":{"rate_time":9.129}},{"type":"Feature","geometry":{"type":"Point","coordinates":[97.06765,1.39636]},"properties":{"rate_time":1.784}},{"type":"Feature","geometry":{"type":"Point","coordinates":[97.0798,1.39639]},"properties":{"rate_time":6.292}},{"type":"Feature","geometry":{"type":"Point","coordinates":[97.06763,1.39663]},"properties":{"rate_time":1.912}},{"type":"Feature","geometry":{"type":"Point","coordinates":[97.07991,1.39663]},"properties":{"rate_time":5.117}},{"type":"Feature","geometry":{"type":"Point","coordinates":[97.08002,1.39688]},"properties":{"rate_time":3.94}},{"type":"Feature","geometry":{"type":"Point","coordinates":[97.06761,1.3969]},"properties":{"rate_time":2.654}},{"type":"Feature","geometry":{"type":"Point","coordinates":[97.08005,1.39715]},"properties":{"rate_time":2.6}},{"type":"Feature","geometry":{"type":"Point","coordinates":[97.1728,1.39672]},"properties":{"rate_time":4.645}},{"type":"Feature","geometry":{"type":"Point","coordinates":[97.1136,1.39677]},"properties":{"rate_time":0.577}},{"type":"Feature","geometry":{"type":"Point","coordinates":[97.1715,1.3968]},"properties":{"rate_time":5.001}},{"type":"Feature","geometry":{"type":"Point","coordinates":[97.17097,1.3968]},"properties":{"rate_time":3.249}},{"type":"Feature","geometry":{"type":"Point","coordinates":[97.17123,1.39683]},"properties":{"rate_time":3.542}},{"type":"Feature","geometry":{"type":"Point","coordinates":[97.17073,1.39684]},"properties":{"rate_time":2.878}},{"type":"Feature","geometry":{"type":"Point","coordinates":[97.17296,1.39694]},"properties":{"rate_time":4.335}},{"type":"Feature","geometry":{"type":"Point","coordinates":[97.1134,1.39695]},"properties":{"rate_time":0.779}},{"type":"Feature","geometry":{"type":"Point","coordinates":[97.1707,1.3971]},"properties":{"rate_time":2.426}},{"type":"Feature","geometry":{"type":"Point","coordinates":[97.11319,1.39712]},"properties":{"rate_time":0.892}},{"type":"Feature","geometry":{"type":"Point","coordinates":[97.17315,1.39714]},"properties":{"rate_time":2.393}},{"type":"Feature","geometry":{"type":"Point","coordinates":[97.113,1.39731]},"properties":{"rate_time":0.856}},{"type":"Feature","geometry":{"type":"Point","coordinates":[97.17333,1.39734]},"properties":{"rate_time":2.596}},{"type":"Feature","geometry":{"type":"Point","coordinates":[97.17071,1.39737]},"properties":{"rate_time":2.316}},{"type":"Feature","geometry":{"type":"Point","coordinates":[97.11281,1.3975]},"properties":{"rate_time":1.177}},{"type":"Feature","geometry":{"type":"Point","coordinates":[97.17353,1.39752]},"properties":{"rate_time":2.884}},{"type":"Feature","geometry":{"type":"Point","coordinates":[97.17071,1.39764]},"properties":{"rate_time":2.298}},{"type":"Feature","geometry":{"type":"Point","coordinates":[97.11262,1.3977]},"properties":{"rate_time":0.985}},{"type":"Feature","geometry":{"type":"Point","coordinates":[97.17373,1.3977]},"properties":{"rate_time":2.853}},{"type":"Feature","geometry":{"type":"Point","coordinates":[97.17396,1.39783]},"properties":{"rate_time":3.677}},{"type":"Feature","geometry":{"type":"Point","coordinates":[97.06761,1.39717]},"properties":{"rate_time":2.539}},{"type":"Feature","geometry":{"type":"Point","coordinates":[97.08019,1.39738]},"properties":{"rate_time":-0.352}},{"type":"Feature","geometry":{"type":"Point","coordinates":[97.06751,1.39742]},"properties":{"rate_time":3.158}},{"type":"Feature","geometry":{"type":"Point","coordinates":[97.08037,1.39757]},"properties":{"rate_time":3.308}},{"type":"Feature","geometry":{"type":"Point","coordinates":[97.06734,1.39763]},"properties":{"rate_time":2.728}},{"type":"Feature","geometry":{"type":"Point","coordinates":[97.08056,1.39777]},"properties":{"rate_time":3.828}},{"type":"Feature","geometry":{"type":"Point","coordinates":[97.06719,1.39785]},"properties":{"rate_time":2.196}},{"type":"Feature","geometry":{"type":"Point","coordinates":[97.08072,1.39799]},"properties":{"rate_time":3.036}},{"type":"Feature","geometry":{"type":"Point","coordinates":[97.06697,1.39801]},"properties":{"rate_time":1.923}},{"type":"Feature","geometry":{"type":"Point","coordinates":[97.08088,1.39821]},"properties":{"rate_time":4.055}},{"type":"Feature","geometry":{"type":"Point","coordinates":[97.11242,1.39788]},"properties":{"rate_time":0.945}},{"type":"Feature","geometry":{"type":"Point","coordinates":[97.17067,1.39791]},"properties":{"rate_time":2.31}},{"type":"Feature","geometry":{"type":"Point","coordinates":[97.17422,1.39791]},"properties":{"rate_time":3.461}},{"type":"Feature","geometry":{"type":"Point","coordinates":[97.17448,1.39796]},"properties":{"rate_time":2.643}},{"type":"Feature","geometry":{"type":"Point","coordinates":[97.17475,1.398]},"properties":{"rate_time":2.714}},{"type":"Feature","geometry":{"type":"Point","coordinates":[97.11221,1.39805]},"properties":{"rate_time":1.446}},{"type":"Feature","geometry":{"type":"Point","coordinates":[97.17501,1.39807]},"properties":{"rate_time":2.676}},{"type":"Feature","geometry":{"type":"Point","coordinates":[97.17063,1.39818]},"properties":{"rate_time":2.099}},{"type":"Feature","geometry":{"type":"Point","coordinates":[97.11199,1.3982]},"properties":{"rate_time":1.531}},{"type":"Feature","geometry":{"type":"Point","coordinates":[97.17529,1.39821]},"properties":{"rate_time":2.323}},{"type":"Feature","geometry":{"type":"Point","coordinates":[97.17551,1.39835]},"properties":{"rate_time":2.642}},{"type":"Feature","geometry":{"type":"Point","coordinates":[97.11178,1.39837]},"properties":{"rate_time":1.484}},{"type":"Feature","geometry":{"type":"Point","coordinates":[97.1757,1.39854]},"properties":{"rate_time":2.217}},{"type":"Feature","geometry":{"type":"Point","coordinates":[97.1116,1.39857]},"properties":{"rate_time":1.325}},{"type":"Feature","geometry":{"type":"Point","coordinates":[97.17061,1.3986]},"properties":{"rate_time":1.658}},{"type":"Feature","geometry":{"type":"Point","coordinates":[97.17588,1.39874]},"properties":{"rate_time":2.544}},{"type":"Feature","geometry":{"type":"Point","coordinates":[97.1114,1.39875]},"properties":{"rate_time":1.22}},{"type":"Feature","geometry":{"type":"Point","coordinates":[97.17059,1.39887]},"properties":{"rate_time":1.365}},{"type":"Feature","geometry":{"type":"Point","coordinates":[97.11118,1.39891]},"properties":{"rate_time":1.188}},{"type":"Feature","geometry":{"type":"Point","coordinates":[97.17601,1.39898]},"properties":{"rate_time":2.096}},{"type":"Feature","geometry":{"type":"Point","coordinates":[97.0668,1.39822]},"properties":{"rate_time":2.033}},{"type":"Feature","geometry":{"type":"Point","coordinates":[97.06665,1.39844]},"properties":{"rate_time":2.13}},{"type":"Feature","geometry":{"type":"Point","coordinates":[97.08099,1.39845]},"properties":{"rate_time":3.738}},{"type":"Feature","geometry":{"type":"Point","coordinates":[97.06649,1.39866]},"properties":{"rate_time":2.556}},{"type":"Feature","geometry":{"type":"Point","coordinates":[97.0811,1.3987]},"properties":{"rate_time":3.982}},{"type":"Feature","geometry":{"type":"Point","coordinates":[97.0663,1.39885]},"properties":{"rate_time":3.249}},{"type":"Feature","geometry":{"type":"Point","coordinates":[97.08118,1.39896]},"properties":{"rate_time":4.293}},{"type":"Feature","geometry":{"type":"Point","coordinates":[97.06609,1.39901]},"properties":{"rate_time":3.914}},{"type":"Feature","geometry":{"type":"Point","coordinates":[97.06589,1.3992]},"properties":{"rate_time":4.634}},{"type":"Feature","geometry":{"type":"Point","coordinates":[97.08125,1.39922]},"properties":{"rate_time":4.767}},{"type":"Feature","geometry":{"type":"Point","coordinates":[97.11096,1.39907]},"properties":{"rate_time":1.227}},{"type":"Feature","geometry":{"type":"Point","coordinates":[97.17059,1.39914]},"properties":{"rate_time":1.259}},{"type":"Feature","geometry":{"type":"Point","coordinates":[97.17965,1.39917]},"properties":{"rate_time":2.086}},{"type":"Feature","geometry":{"type":"Point","coordinates":[97.11074,1.39922]},"properties":{"rate_time":1.02}},{"type":"Feature","geometry":{"type":"Point","coordinates":[97.17613,1.39922]},"properties":{"rate_time":2.262}},{"type":"Feature","geometry":{"type":"Point","coordinates":[97.17056,1.39926]},"properties":{"rate_time":1.237}},{"type":"Feature","geometry":{"type":"Point","coordinates":[97.11052,1.39938]},"properties":{"rate_time":0.923}},{"type":"Feature","geometry":{"type":"Point","coordinates":[97.17978,1.39941]},"properties":{"rate_time":2.161}},{"type":"Feature","geometry":{"type":"Point","coordinates":[97.18202,1.39946]},"properties":{"rate_time":1.833}},{"type":"Feature","geometry":{"type":"Point","coordinates":[97.17623,1.39947]},"properties":{"rate_time":-0.442}},{"type":"Feature","geometry":{"type":"Point","coordinates":[97.17052,1.39953]},"properties":{"rate_time":1.297}},{"type":"Feature","geometry":{"type":"Point","coordinates":[97.1103,1.39954]},"properties":{"rate_time":1.017}},{"type":"Feature","geometry":{"type":"Point","coordinates":[97.1837,1.39956]},"properties":{"rate_time":1.777}},{"type":"Feature","geometry":{"type":"Point","coordinates":[97.17983,1.39968]},"properties":{"rate_time":2.229}},{"type":"Feature","geometry":{"type":"Point","coordinates":[97.18215,1.39969]},"properties":{"rate_time":2.19}},{"type":"Feature","geometry":{"type":"Point","coordinates":[97.11009,1.3997]},"properties":{"rate_time":1.332}},{"type":"Feature","geometry":{"type":"Point","coordinates":[97.18391,1.39971]},"properties":{"rate_time":1.358}},{"type":"Feature","geometry":{"type":"Point","coordinates":[97.18349,1.39972]},"properties":{"rate_time":1.865}},{"type":"Feature","geometry":{"type":"Point","coordinates":[97.17631,1.39973]},"properties":{"rate_time":-0.29}},{"type":"Feature","geometry":{"type":"Point","coordinates":[97.17047,1.3998]},"properties":{"rate_time":1.229}},{"type":"Feature","geometry":{"type":"Point","coordinates":[97.06562,1.39924]},"properties":{"rate_time":4.834}},{"type":"Feature","geometry":{"type":"Point","coordinates":[97.06543,1.39943]},"properties":{"rate_time":5.544}},{"type":"Feature","geometry":{"type":"Point","coordinates":[97.08136,1.39947]},"properties":{"rate_time":2.416}},{"type":"Feature","geometry":{"type":"Point","coordinates":[97.06523,1.39961]},"properties":{"rate_time":6.069}},{"type":"Feature","geometry":{"type":"Point","coordinates":[97.08147,1.39972]},"properties":{"rate_time":2.892}},{"type":"Feature","geometry":{"type":"Point","coordinates":[97.06504,1.3998]},"properties":{"rate_time":6.216}},{"type":"Feature","geometry":{"type":"Point","coordinates":[97.06481,1.39995]},"properties":{"rate_time":6.432}},{"type":"Feature","geometry":{"type":"Point","coordinates":[97.08158,1.39997]},"properties":{"rate_time":3.201}},{"type":"Feature","geometry":{"type":"Point","coordinates":[97.06457,1.40005]},"properties":{"rate_time":7.457}},{"type":"Feature","geometry":{"type":"Point","coordinates":[97.08166,1.40022]},"properties":{"rate_time":3.429}},{"type":"Feature","geometry":{"type":"Point","coordinates":[97.18229,1.39982]},"properties":{"rate_time":2.217}},{"type":"Feature","geometry":{"type":"Point","coordinates":[97.18326,1.39985]},"properties":{"rate_time":1.976}},{"type":"Feature","geometry":{"type":"Point","coordinates":[97.10989,1.39988]},"properties":{"rate_time":1.405}},{"type":"Feature","geometry":{"type":"Point","coordinates":[97.17988,1.39994]},"properties":{"rate_time":2.254}},{"type":"Feature","geometry":{"type":"Point","coordinates":[97.18252,1.39995]},"properties":{"rate_time":2.262}},{"type":"Feature","geometry":{"type":"Point","coordinates":[97.18301,1.39995]},"properties":{"rate_time":2.016}},{"type":"Feature","geometry":{"type":"Point","coordinates":[97.17645,1.39996]},"properties":{"rate_time":-0.414}},{"type":"Feature","geometry":{"type":"Point","coordinates":[97.18395,1.39998]},"properties":{"rate_time":1.206}},{"type":"Feature","geometry":{"type":"Point","coordinates":[97.18277,1.40003]},"properties":{"rate_time":2.168}},{"type":"Feature","geometry":{"type":"Point","coordinates":[97.10967,1.40004]},"properties":{"rate_time":1.53}},{"type":"Feature","geometry":{"type":"Point","coordinates":[97.17044,1.40007]},"properties":{"rate_time":1.381}},{"type":"Feature","geometry":{"type":"Point","coordinates":[97.17967,1.40012]},"properties":{"rate_time":1.679}},{"type":"Feature","geometry":{"type":"Point","coordinates":[97.1765,1.40015]},"properties":{"rate_time":-0.34}},{"type":"Feature","geometry":{"type":"Point","coordinates":[97.10944,1.40018]},"properties":{"rate_time":1.378}},{"type":"Feature","geometry":{"type":"Point","coordinates":[97.18396,1.40025]},"properties":{"rate_time":1.072}},{"type":"Feature","geometry":{"type":"Point","coordinates":[97.17963,1.40028]},"properties":{"rate_time":1.711}},{"type":"Feature","geometry":{"type":"Point","coordinates":[97.17977,1.40031]},"properties":{"rate_time":2.273}},{"type":"Feature","geometry":{"type":"Point","coordinates":[97.17044,1.40034]},"properties":{"rate_time":1.493}},{"type":"Feature","geometry":{"type":"Point","coordinates":[97.10925,1.40037]},"properties":{"rate_time":0.871}},{"type":"Feature","geometry":{"type":"Point","coordinates":[97.17653,1.40042]},"properties":{"rate_time":-0.261}},{"type":"Feature","geometry":{"type":"Point","coordinates":[97.06435,1.40022]},"properties":{"rate_time":5.63}},{"type":"Feature","geometry":{"type":"Point","coordinates":[97.06411,1.40032]},"properties":{"rate_time":4.233}},{"type":"Feature","geometry":{"type":"Point","coordinates":[97.06388,1.40043]},"properties":{"rate_time":6.306}},{"type":"Feature","geometry":{"type":"Point","coordinates":[97.08168,1.40049]},"properties":{"rate_time":3.646}},{"type":"Feature","geometry":{"type":"Point","coordinates":[97.06367,1.40061]},"properties":{"rate_time":6.587}},{"type":"Feature","geometry":{"type":"Point","coordinates":[97.08173,1.40076]},"properties":{"rate_time":4.098}},{"type":"Feature","geometry":{"type":"Point","coordinates":[97.06345,1.40076]},"properties":{"rate_time":6.126}},{"type":"Feature","geometry":{"type":"Point","coordinates":[97.0632,1.40087]},"properties":{"rate_time":5.243}},{"type":"Feature","geometry":{"type":"Point","coordinates":[97.06297,1.401]},"properties":{"rate_time":5.523}},{"type":"Feature","geometry":{"type":"Point","coordinates":[97.08181,1.40102]},"properties":{"rate_time":3.455}},{"type":"Feature","geometry":{"type":"Point","coordinates":[97.18001,1.40042]},"properties":{"rate_time":2.737}},{"type":"Feature","geometry":{"type":"Point","coordinates":[97.18393,1.40052]},"properties":{"rate_time":1.042}},{"type":"Feature","geometry":{"type":"Point","coordinates":[97.10903,1.40053]},"properties":{"rate_time":1.111}},{"type":"Feature","geometry":{"type":"Point","coordinates":[97.17043,1.4006]},"properties":{"rate_time":1.454}},{"type":"Feature","geometry":{"type":"Point","coordinates":[97.18011,1.40066]},"properties":{"rate_time":2.451}},{"type":"Feature","geometry":{"type":"Point","coordinates":[97.17664,1.40067]},"properties":{"rate_time":-0.241}},{"type":"Feature","geometry":{"type":"Point","coordinates":[97.10885,1.40072]},"properties":{"rate_time":1.091}},{"type":"Feature","geometry":{"type":"Point","coordinates":[97.18387,1.40078]},"properties":{"rate_time":1.194}},{"type":"Feature","geometry":{"type":"Point","coordinates":[97.1086,1.40083]},"properties":{"rate_time":0.776}},{"type":"Feature","geometry":{"type":"Point","coordinates":[97.17042,1.40087]},"properties":{"rate_time":1.425}},{"type":"Feature","geometry":{"type":"Point","coordinates":[97.17674,1.40092]},"properties":{"rate_time":2.421}},{"type":"Feature","geometry":{"type":"Point","coordinates":[97.18014,1.40093]},"properties":{"rate_time":2.128}},{"type":"Feature","geometry":{"type":"Point","coordinates":[97.10836,1.40095]},"properties":{"rate_time":0.828}},{"type":"Feature","geometry":{"type":"Point","coordinates":[97.18381,1.40105]},"properties":{"rate_time":1.147}},{"type":"Feature","geometry":{"type":"Point","coordinates":[97.10812,1.40107]},"properties":{"rate_time":0.9}},{"type":"Feature","geometry":{"type":"Point","coordinates":[97.17048,1.40114]},"properties":{"rate_time":1.197}},{"type":"Feature","geometry":{"type":"Point","coordinates":[97.17683,1.40117]},"properties":{"rate_time":2.743}},{"type":"Feature","geometry":{"type":"Point","coordinates":[97.10787,1.40118]},"properties":{"rate_time":1.032}},{"type":"Feature","geometry":{"type":"Point","coordinates":[97.18016,1.4012]},"properties":{"rate_time":2.006}},{"type":"Feature","geometry":{"type":"Point","coordinates":[97.18376,1.40131]},"properties":{"rate_time":1.097}},{"type":"Feature","geometry":{"type":"Point","coordinates":[97.10765,1.40132]},"properties":{"rate_time":0.874}},{"type":"Feature","geometry":{"type":"Point","coordinates":[97.17062,1.40136]},"properties":{"rate_time":1.087}},{"type":"Feature","geometry":{"type":"Point","coordinates":[97.17693,1.40143]},"properties":{"rate_time":2.479}},{"type":"Feature","geometry":{"type":"Point","coordinates":[97.10741,1.40146]},"properties":{"rate_time":0.717}},{"type":"Feature","geometry":{"type":"Point","coordinates":[97.18014,1.40147]},"properties":{"rate_time":1.921}},{"type":"Feature","geometry":{"type":"Point","coordinates":[97.18365,1.40156]},"properties":{"rate_time":1.026}},{"type":"Feature","geometry":{"type":"Point","coordinates":[97.1708,1.40157]},"properties":{"rate_time":1.057}},{"type":"Feature","geometry":{"type":"Point","coordinates":[97.1072,1.40162]},"properties":{"rate_time":1.302}},{"type":"Feature","geometry":{"type":"Point","coordinates":[97.17701,1.40168]},"properties":{"rate_time":2.632}},{"type":"Feature","geometry":{"type":"Point","coordinates":[97.18011,1.40174]},"properties":{"rate_time":1.893}},{"type":"Feature","geometry":{"type":"Point","coordinates":[97.06274,1.40115]},"properties":{"rate_time":4.824}},{"type":"Feature","geometry":{"type":"Point","coordinates":[97.0819,1.40127]},"properties":{"rate_time":6.176}},{"type":"Feature","geometry":{"type":"Point","coordinates":[97.06251,1.40128]},"properties":{"rate_time":4.473}},{"type":"Feature","geometry":{"type":"Point","coordinates":[97.06226,1.40139]},"properties":{"rate_time":4.232}},{"type":"Feature","geometry":{"type":"Point","coordinates":[97.06203,1.40152]},"properties":{"rate_time":4.172}},{"type":"Feature","geometry":{"type":"Point","coordinates":[97.08192,1.40154]},"properties":{"rate_time":6.071}},{"type":"Feature","geometry":{"type":"Point","coordinates":[97.06181,1.40169]},"properties":{"rate_time":4.114}},{"type":"Feature","geometry":{"type":"Point","coordinates":[97.08188,1.40181]},"properties":{"rate_time":5.751}},{"type":"Feature","geometry":{"type":"Point","coordinates":[97.06161,1.40186]},"properties":{"rate_time":3.958}},{"type":"Feature","geometry":{"type":"Point","coordinates":[97.06139,1.40203]},"properties":{"rate_time":3.84}},{"type":"Feature","geometry":{"type":"Point","coordinates":[97.10697,1.40177]},"properties":{"rate_time":0.879}},{"type":"Feature","geometry":{"type":"Point","coordinates":[97.17097,1.40178]},"properties":{"rate_time":0.995}},{"type":"Feature","geometry":{"type":"Point","coordinates":[97.18352,1.4018]},"properties":{"rate_time":1.118}},{"type":"Feature","geometry":{"type":"Point","coordinates":[97.10674,1.40191]},"properties":{"rate_time":0.789}},{"type":"Feature","geometry":{"type":"Point","coordinates":[97.17707,1.40195]},"properties":{"rate_time":3.099}},{"type":"Feature","geometry":{"type":"Point","coordinates":[97.17115,1.40198]},"properties":{"rate_time":1.038}},{"type":"Feature","geometry":{"type":"Point","coordinates":[97.18004,1.402]},"properties":{"rate_time":2.163}},{"type":"Feature","geometry":{"type":"Point","coordinates":[97.10651,1.40204]},"properties":{"rate_time":0.952}},{"type":"Feature","geometry":{"type":"Point","coordinates":[97.18342,1.40205]},"properties":{"rate_time":1.156}},{"type":"Feature","geometry":{"type":"Point","coordinates":[97.10626,1.40216]},"properties":{"rate_time":1.048}},{"type":"Feature","geometry":{"type":"Point","coordinates":[97.17133,1.40218]},"properties":{"rate_time":1.006}},{"type":"Feature","geometry":{"type":"Point","coordinates":[97.17712,1.40221]},"properties":{"rate_time":3.069}},{"type":"Feature","geometry":{"type":"Point","coordinates":[97.17991,1.40224]},"properties":{"rate_time":2.309}},{"type":"Feature","geometry":{"type":"Point","coordinates":[97.18327,1.40228]},"properties":{"rate_time":1.3}},{"type":"Feature","geometry":{"type":"Point","coordinates":[97.10602,1.40228]},"properties":{"rate_time":0.884}},{"type":"Feature","geometry":{"type":"Point","coordinates":[97.17152,1.40238]},"properties":{"rate_time":1.373}},{"type":"Feature","geometry":{"type":"Point","coordinates":[97.1058,1.40242]},"properties":{"rate_time":0.674}},{"type":"Feature","geometry":{"type":"Point","coordinates":[97.17975,1.40246]},"properties":{"rate_time":2.545}},{"type":"Feature","geometry":{"type":"Point","coordinates":[97.17721,1.40247]},"properties":{"rate_time":2.676}},{"type":"Feature","geometry":{"type":"Point","coordinates":[97.1831,1.40249]},"properties":{"rate_time":1.558}},{"type":"Feature","geometry":{"type":"Point","coordinates":[97.08188,1.40208]},"properties":{"rate_time":5.569}},{"type":"Feature","geometry":{"type":"Point","coordinates":[97.06118,1.4022]},"properties":{"rate_time":3.985}},{"type":"Feature","geometry":{"type":"Point","coordinates":[97.08189,1.40235]},"properties":{"rate_time":5.484}},{"type":"Feature","geometry":{"type":"Point","coordinates":[97.06097,1.40236]},"properties":{"rate_time":5.653}},{"type":"Feature","geometry":{"type":"Point","coordinates":[97.06077,1.40254]},"properties":{"rate_time":5.526}},{"type":"Feature","geometry":{"type":"Point","coordinates":[97.08186,1.40262]},"properties":{"rate_time":6.493}},{"type":"Feature","geometry":{"type":"Point","coordinates":[97.0606,1.40275]},"properties":{"rate_time":6.233}},{"type":"Feature","geometry":{"type":"Point","coordinates":[97.08181,1.40289]},"properties":{"rate_time":4.83}},{"type":"Feature","geometry":{"type":"Point","coordinates":[97.06042,1.40296]},"properties":{"rate_time":6.623}},{"type":"Feature","geometry":{"type":"Point","coordinates":[97.08177,1.40315]},"properties":{"rate_time":3.776}},{"type":"Feature","geometry":{"type":"Point","coordinates":[97.17174,1.40252]},"properties":{"rate_time":1.329}},{"type":"Feature","geometry":{"type":"Point","coordinates":[97.10557,1.40257]},"properties":{"rate_time":0.627}},{"type":"Feature","geometry":{"type":"Point","coordinates":[97.17958,1.40266]},"properties":{"rate_time":2.782}},{"type":"Feature","geometry":{"type":"Point","coordinates":[97.1829,1.40267]},"properties":{"rate_time":1.854}},{"type":"Feature","geometry":{"type":"Point","coordinates":[97.10533,1.40269]},"properties":{"rate_time":0.969}},{"type":"Feature","geometry":{"type":"Point","coordinates":[97.17195,1.4027]},"properties":{"rate_time":1.061}},{"type":"Feature","geometry":{"type":"Point","coordinates":[97.17732,1.40271]},"properties":{"rate_time":2.464}},{"type":"Feature","geometry":{"type":"Point","coordinates":[97.1051,1.40283]},"properties":{"rate_time":1.046}},{"type":"Feature","geometry":{"type":"Point","coordinates":[97.1794,1.40286]},"properties":{"rate_time":2.684}},{"type":"Feature","geometry":{"type":"Point","coordinates":[97.18273,1.40287]},"properties":{"rate_time":2.242}},{"type":"Feature","geometry":{"type":"Point","coordinates":[97.17214,1.40289]},"properties":{"rate_time":0.768}},{"type":"Feature","geometry":{"type":"Point","coordinates":[97.17747,1.40294]},"properties":{"rate_time":2.529}},{"type":"Feature","geometry":{"type":"Point","coordinates":[97.10486,1.40295]},"properties":{"rate_time":1.194}},{"type":"Feature","geometry":{"type":"Point","coordinates":[97.17919,1.40303]},"properties":{"rate_time":2.336}},{"type":"Feature","geometry":{"type":"Point","coordinates":[97.17236,1.40304]},"properties":{"rate_time":0.925}},{"type":"Feature","geometry":{"type":"Point","coordinates":[97.10462,1.40307]},"properties":{"rate_time":1.252}},{"type":"Feature","geometry":{"type":"Point","coordinates":[97.17767,1.40312]},"properties":{"rate_time":-0.235}},{"type":"Feature","geometry":{"type":"Point","coordinates":[97.18268,1.40313]},"properties":{"rate_time":2.237}},{"type":"Feature","geometry":{"type":"Point","coordinates":[97.17894,1.40314]},"properties":{"rate_time":2.33}},{"type":"Feature","geometry":{"type":"Point","coordinates":[97.10437,1.40318]},"properties":{"rate_time":1.451}},{"type":"Feature","geometry":{"type":"Point","coordinates":[97.17868,1.40319]},"properties":{"rate_time":2.258}},{"type":"Feature","geometry":{"type":"Point","coordinates":[97.17257,1.40322]},"properties":{"rate_time":0.986}},{"type":"Feature","geometry":{"type":"Point","coordinates":[97.1779,1.40326]},"properties":{"rate_time":-0.192}},{"type":"Feature","geometry":{"type":"Point","coordinates":[97.17842,1.40327]},"properties":{"rate_time":1.912}},{"type":"Feature","geometry":{"type":"Point","coordinates":[97.10413,1.4033]},"properties":{"rate_time":1.561}},{"type":"Feature","geometry":{"type":"Point","coordinates":[97.17816,1.40331]},"properties":{"rate_time":-0.07}},{"type":"Feature","geometry":{"type":"Point","coordinates":[97.17279,1.40337]},"properties":{"rate_time":0.958}},{"type":"Feature","geometry":{"type":"Point","coordinates":[97.18269,1.4034]},"properties":{"rate_time":2.347}},{"type":"Feature","geometry":{"type":"Point","coordinates":[97.10393,1.40348]},"properties":{"rate_time":1.561}},{"type":"Feature","geometry":{"type":"Point","coordinates":[97.173,1.40354]},"properties":{"rate_time":0.934}},{"type":"Feature","geometry":{"type":"Point","coordinates":[97.06025,1.40316]},"properties":{"rate_time":6.994}},{"type":"Feature","geometry":{"type":"Point","coordinates":[97.06006,1.40336]},"properties":{"rate_time":7.228}},{"type":"Feature","geometry":{"type":"Point","coordinates":[97.08178,1.40342]},"properties":{"rate_time":4.443}},{"type":"Feature","geometry":{"type":"Point","coordinates":[97.05988,1.40355]},"properties":{"rate_time":7.494}},{"type":"Feature","geometry":{"type":"Point","coordinates":[97.08176,1.40369]},"properties":{"rate_time":3.321}},{"type":"Feature","geometry":{"type":"Point","coordinates":[97.05972,1.40377]},"properties":{"rate_time":6.302}},{"type":"Feature","geometry":{"type":"Point","coordinates":[97.08172,1.40396]},"properties":{"rate_time":0.028}},{"type":"Feature","geometry":{"type":"Point","coordinates":[97.05958,1.40401]},"properties":{"rate_time":6.609}},{"type":"Feature","geometry":{"type":"Point","coordinates":[97.0817,1.40423]},"properties":{"rate_time":0.171}},{"type":"Feature","geometry":{"type":"Point","coordinates":[97.05944,1.40424]},"properties":{"rate_time":14.263}},{"type":"Feature","geometry":{"type":"Point","coordinates":[97.10373,1.40366]},"properties":{"rate_time":1.715}},{"type":"Feature","geometry":{"type":"Point","coordinates":[97.1732,1.40372]},"properties":{"rate_time":0.963}},{"type":"Feature","geometry":{"type":"Point","coordinates":[97.18278,1.40382]},"properties":{"rate_time":2.399}},{"type":"Feature","geometry":{"type":"Point","coordinates":[97.10352,1.40383]},"properties":{"rate_time":2.628}},{"type":"Feature","geometry":{"type":"Point","coordinates":[97.1735,1.40398]},"properties":{"rate_time":1.211}},{"type":"Feature","geometry":{"type":"Point","coordinates":[97.10329,1.40398]},"properties":{"rate_time":2.569}},{"type":"Feature","geometry":{"type":"Point","coordinates":[97.18285,1.40407]},"properties":{"rate_time":2.608}},{"type":"Feature","geometry":{"type":"Point","coordinates":[97.10306,1.40411]},"properties":{"rate_time":2.544}},{"type":"Feature","geometry":{"type":"Point","coordinates":[97.1737,1.40417]},"properties":{"rate_time":1.331}},{"type":"Feature","geometry":{"type":"Point","coordinates":[97.1028,1.40421]},"properties":{"rate_time":2.537}},{"type":"Feature","geometry":{"type":"Point","coordinates":[97.18308,1.40422]},"properties":{"rate_time":1.987}},{"type":"Feature","geometry":{"type":"Point","coordinates":[97.10258,1.40436]},"properties":{"rate_time":2.58}},{"type":"Feature","geometry":{"type":"Point","coordinates":[97.18417,1.40437]},"properties":{"rate_time":1.316}},{"type":"Feature","geometry":{"type":"Point","coordinates":[97.17386,1.40438]},"properties":{"rate_time":1.408}},{"type":"Feature","geometry":{"type":"Point","coordinates":[97.18329,1.40439]},"properties":{"rate_time":1.774}},{"type":"Feature","geometry":{"type":"Point","coordinates":[97.10236,1.4045]},"properties":{"rate_time":1.399}},{"type":"Feature","geometry":{"type":"Point","coordinates":[97.18427,1.40453]},"properties":{"rate_time":1.092}},{"type":"Feature","geometry":{"type":"Point","coordinates":[97.18396,1.40454]},"properties":{"rate_time":1.753}},{"type":"Feature","geometry":{"type":"Point","coordinates":[97.10209,1.40456]},"properties":{"rate_time":1.693}},{"type":"Feature","geometry":{"type":"Point","coordinates":[97.1835,1.40456]},"properties":{"rate_time":1.762}},{"type":"Feature","geometry":{"type":"Point","coordinates":[97.17401,1.40461]},"properties":{"rate_time":1.41}},{"type":"Feature","geometry":{"type":"Point","coordinates":[97.10183,1.40463]},"properties":{"rate_time":1.558}},{"type":"Feature","geometry":{"type":"Point","coordinates":[97.18372,1.40467]},"properties":{"rate_time":2.025}},{"type":"Feature","geometry":{"type":"Point","coordinates":[97.18412,1.40475]},"properties":{"rate_time":1.265}},{"type":"Feature","geometry":{"type":"Point","coordinates":[97.1016,1.40476]},"properties":{"rate_time":1.614}},{"type":"Feature","geometry":{"type":"Point","coordinates":[97.17415,1.40483]},"properties":{"rate_time":1.517}},{"type":"Feature","geometry":{"type":"Point","coordinates":[97.10137,1.4049]},"properties":{"rate_time":1.64}},{"type":"Feature","geometry":{"type":"Point","coordinates":[97.18405,1.40499]},"properties":{"rate_time":1.519}},{"type":"Feature","geometry":{"type":"Point","coordinates":[97.10115,1.40505]},"properties":{"rate_time":1.017}},{"type":"Feature","geometry":{"type":"Point","coordinates":[97.17427,1.40508]},"properties":{"rate_time":1.695}},{"type":"Feature","geometry":{"type":"Point","coordinates":[97.05929,1.40446]},"properties":{"rate_time":6.952}},{"type":"Feature","geometry":{"type":"Point","coordinates":[97.08174,1.4045]},"properties":{"rate_time":0.114}},{"type":"Feature","geometry":{"type":"Point","coordinates":[97.05914,1.40469]},"properties":{"rate_time":7.118}},{"type":"Feature","geometry":{"type":"Point","coordinates":[97.0819,1.40472]},"properties":{"rate_time":0.2}},{"type":"Feature","geometry":{"type":"Point","coordinates":[97.05898,1.40491]},"properties":{"rate_time":10.03}},{"type":"Feature","geometry":{"type":"Point","coordinates":[97.082,1.40497]},"properties":{"rate_time":-0.082}},{"type":"Feature","geometry":{"type":"Point","coordinates":[97.05886,1.40515]},"properties":{"rate_time":18.905}},{"type":"Feature","geometry":{"type":"Point","coordinates":[97.08209,1.40523]},"properties":{"rate_time":-0.167}},{"type":"Feature","geometry":{"type":"Point","coordinates":[97.05875,1.40539]},"properties":{"rate_time":10.408}},{"type":"Feature","geometry":{"type":"Point","coordinates":[97.08211,1.40549]},"properties":{"rate_time":2.163}},{"type":"Feature","geometry":{"type":"Point","coordinates":[97.1009,1.40515]},"properties":{"rate_time":1.109}},{"type":"Feature","geometry":{"type":"Point","coordinates":[97.18416,1.40522]},"properties":{"rate_time":1.495}},{"type":"Feature","geometry":{"type":"Point","coordinates":[97.10066,1.40527]},"properties":{"rate_time":1.0}},{"type":"Feature","geometry":{"type":"Point","coordinates":[97.1744,1.40532]},"properties":{"rate_time":1.737}},{"type":"Feature","geometry":{"type":"Point","coordinates":[97.17987,1.40539]},"properties":{"rate_time":1.306}},{"type":"Feature","geometry":{"type":"Point","coordinates":[97.10042,1.40539]},"properties":{"rate_time":0.762}},{"type":"Feature","geometry":{"type":"Point","coordinates":[97.18434,1.40542]},"properties":{"rate_time":1.397}},{"type":"Feature","geometry":{"type":"Point","coordinates":[97.18013,1.40542]},"properties":{"rate_time":1.293}},{"type":"Feature","geometry":{"type":"Point","coordinates":[97.1796,1.40543]},"properties":{"rate_time":1.448}},{"type":"Feature","geometry":{"type":"Point","coordinates":[97.18067,1.40544]},"properties":{"rate_time":1.382}},{"type":"Feature","geometry":{"type":"Point","coordinates":[97.18094,1.40544]},"properties":{"rate_time":1.418}},{"type":"Feature","geometry":{"type":"Point","coordinates":[97.1804,1.40544]},"properties":{"rate_time":1.28}},{"type":"Feature","geometry":{"type":"Point","coordinates":[97.17933,1.40545]},"properties":{"rate_time":1.735}},{"type":"Feature","geometry":{"type":"Point","coordinates":[97.10017,1.4055]},"properties":{"rate_time":0.902}},{"type":"Feature","geometry":{"type":"Point","coordinates":[97.17907,1.40551]},"properties":{"rate_time":1.798}},{"type":"Feature","geometry":{"type":"Point","coordinates":[97.18127,1.40554]},"properties":{"rate_time":1.275}},{"type":"Feature","geometry":{"type":"Point","coordinates":[97.17449,1.40557]},"properties":{"rate_time":1.593}},{"type":"Feature","geometry":{"type":"Point","coordinates":[97.09993,1.40562]},"properties":{"rate_time":0.593}},{"type":"Feature","geometry":{"type":"Point","coordinates":[97.18452,1.40562]},"properties":{"rate_time":1.575}},{"type":"Feature","geometry":{"type":"Point","coordinates":[97.17884,1.40565]},"properties":{"rate_time":1.552}},{"type":"Feature","geometry":{"type":"Point","coordinates":[97.18148,1.4057]},"properties":{"rate_time":1.042}},{"type":"Feature","geometry":{"type":"Point","coordinates":[97.09969,1.40575]},"properties":{"rate_time":0.477}},{"type":"Feature","geometry":{"type":"Point","coordinates":[97.1786,1.40578]},"properties":{"rate_time":1.577}},{"type":"Feature","geometry":{"type":"Point","coordinates":[97.18473,1.40579]},"properties":{"rate_time":1.769}},{"type":"Feature","geometry":{"type":"Point","coordinates":[97.17458,1.40583]},"properties":{"rate_time":1.501}},{"type":"Feature","geometry":{"type":"Point","coordinates":[97.09945,1.40587]},"properties":{"rate_time":0.454}},{"type":"Feature","geometry":{"type":"Point","coordinates":[97.18168,1.40588]},"properties":{"rate_time":0.917}},{"type":"Feature","geometry":{"type":"Point","coordinates":[97.17839,1.40594]},"properties":{"rate_time":1.681}},{"type":"Feature","geometry":{"type":"Point","coordinates":[97.0992,1.40597]},"properties":{"rate_time":0.665}},{"type":"Feature","geometry":{"type":"Point","coordinates":[97.18191,1.40601]},"properties":{"rate_time":1.04}},{"type":"Feature","geometry":{"type":"Point","coordinates":[97.05862,1.40563]},"properties":{"rate_time":10.087}},{"type":"Feature","geometry":{"type":"Point","coordinates":[97.08205,1.40575]},"properties":{"rate_time":1.836}},{"type":"Feature","geometry":{"type":"Point","coordinates":[97.0585,1.40587]},"properties":{"rate_time":9.738}},{"type":"Feature","geometry":{"type":"Point","coordinates":[97.08204,1.40602]},"properties":{"rate_time":1.565}},{"type":"Feature","geometry":{"type":"Point","coordinates":[97.05842,1.40613]},"properties":{"rate_time":9.465}},{"type":"Feature","geometry":{"type":"Point","coordinates":[97.08218,1.40623]},"properties":{"rate_time":1.68}},{"type":"Feature","geometry":{"type":"Point","coordinates":[97.05829,1.40637]},"properties":{"rate_time":9.339}},{"type":"Feature","geometry":{"type":"Point","coordinates":[97.08239,1.4064]},"properties":{"rate_time":1.719}},{"type":"Feature","geometry":{"type":"Point","coordinates":[97.08263,1.40653]},"properties":{"rate_time":1.787}},{"type":"Feature","geometry":{"type":"Point","coordinates":[97.05817,1.40661]},"properties":{"rate_time":8.35}},{"type":"Feature","geometry":{"type":"Point","coordinates":[97.09895,1.40607]},"properties":{"rate_time":1.408}},{"type":"Feature","geometry":{"type":"Point","coordinates":[97.17464,1.40609]},"properties":{"rate_time":1.574}},{"type":"Feature","geometry":{"type":"Point","coordinates":[97.17817,1.4061]},"properties":{"rate_time":1.691}},{"type":"Feature","geometry":{"type":"Point","coordinates":[97.18215,1.40613]},"properties":{"rate_time":0.919}},{"type":"Feature","geometry":{"type":"Point","coordinates":[97.0987,1.40618]},"properties":{"rate_time":1.303}},{"type":"Feature","geometry":{"type":"Point","coordinates":[97.18239,1.40627]},"properties":{"rate_time":0.829}},{"type":"Feature","geometry":{"type":"Point","coordinates":[97.09845,1.40628]},"properties":{"rate_time":1.199}},{"type":"Feature","geometry":{"type":"Point","coordinates":[97.17799,1.4063]},"properties":{"rate_time":1.747}},{"type":"Feature","geometry":{"type":"Point","coordinates":[97.17467,1.40636]},"properties":{"rate_time":1.806}},{"type":"Feature","geometry":{"type":"Point","coordinates":[97.18263,1.40639]},"properties":{"rate_time":0.934}},{"type":"Feature","geometry":{"type":"Point","coordinates":[97.20146,1.40414]},"properties":{"rate_time":4.825}},{"type":"Feature","geometry":{"type":"Point","coordinates":[97.21508,1.40418]},"properties":{"rate_time":0.454}},{"type":"Feature","geometry":{"type":"Point","coordinates":[97.20252,1.40426]},"properties":{"rate_time":8.247}},{"type":"Feature","geometry":{"type":"Point","coordinates":[97.21534,1.40426]},"properties":{"rate_time":0.357}},{"type":"Feature","geometry":{"type":"Point","coordinates":[97.20354,1.4043]},"properties":{"rate_time":-4.0}},{"type":"Feature","geometry":{"type":"Point","coordinates":[97.21559,1.40436]},"properties":{"rate_time":4.318}},{"type":"Feature","geometry":{"type":"Point","coordinates":[97.20141,1.40441]},"properties":{"rate_time":3.572}},{"type":"Feature","geometry":{"type":"Point","coordinates":[97.21584,1.40444]},"properties":{"rate_time":4.317}},{"type":"Feature","geometry":{"type":"Point","coordinates":[97.20271,1.40445]},"properties":{"rate_time":6.902}},{"type":"Feature","geometry":{"type":"Point","coordinates":[97.21611,1.4045]},"properties":{"rate_time":4.325}},{"type":"Feature","geometry":{"type":"Point","coordinates":[97.20361,1.40455]},"properties":{"rate_time":-2.895}},{"type":"Feature","geometry":{"type":"Point","coordinates":[97.21637,1.40456]},"properties":{"rate_time":4.191}},{"type":"Feature","geometry":{"type":"Point","coordinates":[97.20289,1.40465]},"properties":{"rate_time":-1.914}},{"type":"Feature","geometry":{"type":"Point","coordinates":[97.21662,1.40466]},"properties":{"rate_time":4.124}},{"type":"Feature","geometry":{"type":"Point","coordinates":[97.20137,1.40468]},"properties":{"rate_time":3.237}},{"type":"Feature","geometry":{"type":"Point","coordinates":[97.21688,1.40473]},"properties":{"rate_time":4.043}},{"type":"Feature","geometry":{"type":"Point","coordinates":[97.21714,1.40478]},"properties":{"rate_time":4.033}},{"type":"Feature","geometry":{"type":"Point","coordinates":[97.20374,1.40479]},"properties":{"rate_time":-1.843}},{"type":"Feature","geometry":{"type":"Point","coordinates":[97.21741,1.40484]},"properties":{"rate_time":4.08}},{"type":"Feature","geometry":{"type":"Point","coordinates":[97.20306,1.40486]},"properties":{"rate_time":-1.885}},{"type":"Feature","geometry":{"type":"Point","coordinates":[97.21766,1.40494]},"properties":{"rate_time":4.231}},{"type":"Feature","geometry":{"type":"Point","coordinates":[97.20135,1.40495]},"properties":{"rate_time":2.879}},{"type":"Feature","geometry":{"type":"Point","coordinates":[97.21791,1.40503]},"properties":{"rate_time":4.304}},{"type":"Feature","geometry":{"type":"Point","coordinates":[97.20381,1.40505]},"properties":{"rate_time":-1.367}},{"type":"Feature","geometry":{"type":"Point","coordinates":[97.21817,1.4051]},"properties":{"rate_time":3.766}},{"type":"Feature","geometry":{"type":"Point","coordinates":[97.20312,1.40512]},"properties":{"rate_time":9.914}},{"type":"Feature","geometry":{"type":"Point","coordinates":[97.21842,1.4052]},"properties":{"rate_time":3.798}},{"type":"Feature","geometry":{"type":"Point","coordinates":[97.2013,1.40522]},"properties":{"rate_time":2.805}},{"type":"Feature","geometry":{"type":"Point","coordinates":[97.21868,1.40528]},"properties":{"rate_time":3.736}},{"type":"Feature","geometry":{"type":"Point","coordinates":[97.20395,1.40528]},"properties":{"rate_time":-0.842}},{"type":"Feature","geometry":{"type":"Point","coordinates":[97.21894,1.40534]},"properties":{"rate_time":3.387}},{"type":"Feature","geometry":{"type":"Point","coordinates":[97.20299,1.40536]},"properties":{"rate_time":9.955}},{"type":"Feature","geometry":{"type":"Point","coordinates":[97.2192,1.40542]},"properties":{"rate_time":3.284}},{"type":"Feature","geometry":{"type":"Point","coordinates":[97.20123,1.40548]},"properties":{"rate_time":2.697}},{"type":"Feature","geometry":{"type":"Point","coordinates":[97.20413,1.40548]},"properties":{"rate_time":-0.327}},{"type":"Feature","geometry":{"type":"Point","coordinates":[97.21945,1.40551]},"properties":{"rate_time":3.291}},{"type":"Feature","geometry":{"type":"Point","coordinates":[97.21971,1.4056]},"properties":{"rate_time":2.987}},{"type":"Feature","geometry":{"type":"Point","coordinates":[97.20288,1.40561]},"properties":{"rate_time":9.526}},{"type":"Feature","geometry":{"type":"Point","coordinates":[97.21997,1.40568]},"properties":{"rate_time":2.887}},{"type":"Feature","geometry":{"type":"Point","coordinates":[97.20431,1.40568]},"properties":{"rate_time":-0.003}},{"type":"Feature","geometry":{"type":"Point","coordinates":[97.20117,1.40574]},"properties":{"rate_time":1.61}},{"type":"Feature","geometry":{"type":"Point","coordinates":[97.22022,1.40578]},"properties":{"rate_time":2.873}},{"type":"Feature","geometry":{"type":"Point","coordinates":[97.20275,1.40585]},"properties":{"rate_time":9.223}},{"type":"Feature","geometry":{"type":"Point","coordinates":[97.22047,1.40587]},"properties":{"rate_time":2.799}},{"type":"Feature","geometry":{"type":"Point","coordinates":[97.20449,1.40588]},"properties":{"rate_time":0.19}},{"type":"Feature","geometry":{"type":"Point","coordinates":[97.22071,1.40598]},"properties":{"rate_time":2.769}},{"type":"Feature","geometry":{"type":"Point","coordinates":[97.20112,1.40601]},"properties":{"rate_time":1.625}},{"type":"Feature","geometry":{"type":"Point","coordinates":[97.22095,1.4061]},"properties":{"rate_time":2.642}},{"type":"Feature","geometry":{"type":"Point","coordinates":[97.20268,1.40611]},"properties":{"rate_time":9.157}},{"type":"Feature","geometry":{"type":"Point","coordinates":[97.20458,1.40614]},"properties":{"rate_time":0.218}},{"type":"Feature","geometry":{"type":"Point","coordinates":[97.22121,1.4062]},"properties":{"rate_time":2.426}},{"type":"Feature","geometry":{"type":"Point","coordinates":[97.20104,1.40626]},"properties":{"rate_time":2.066}},{"type":"Feature","geometry":{"type":"Point","coordinates":[97.22146,1.40628]},"properties":{"rate_time":2.285}},{"type":"Feature","geometry":{"type":"Point","coordinates":[97.20266,1.40638]},"properties":{"rate_time":9.28}},{"type":"Feature","geometry":{"type":"Point","coordinates":[97.2217,1.4064]},"properties":{"rate_time":2.231}},{"type":"Feature","geometry":{"type":"Point","coordinates":[97.20088,1.40648]},"properties":{"rate_time":1.985}},{"type":"Feature","geometry":{"type":"Point","coordinates":[97.22196,1.40648]},"properties":{"rate_time":2.071}},{"type":"Feature","geometry":{"type":"Point","coordinates":[97.20446,1.40652]},"properties":{"rate_time":-0.183}},{"type":"Feature","geometry":{"type":"Point","coordinates":[97.20274,1.40663]},"properties":{"rate_time":10.745}},{"type":"Feature","geometry":{"type":"Point","coordinates":[97.22217,1.40666]},"properties":{"rate_time":2.334}},{"type":"Feature","geometry":{"type":"Point","coordinates":[97.20077,1.40672]},"properties":{"rate_time":2.163}},{"type":"Feature","geometry":{"type":"Point","coordinates":[97.2043,1.40674]},"properties":{"rate_time":14.342}},{"type":"Feature","geometry":{"type":"Point","coordinates":[97.2224,1.40679]},"properties":{"rate_time":2.15}},{"type":"Feature","geometry":{"type":"Point","coordinates":[97.2029,1.40683]},"properties":{"rate_time":11.075}},{"type":"Feature","geometry":{"type":"Point","coordinates":[97.2041,1.40691]},"properties":{"rate_time":15.185}},{"type":"Feature","geometry":{"type":"Point","coordinates":[97.22264,1.40691]},"properties":{"rate_time":1.882}},{"type":"Feature","geometry":{"type":"Point","coordinates":[97.20062,1.40695]},"properties":{"rate_time":2.539}},{"type":"Feature","geometry":{"type":"Point","coordinates":[97.20307,1.40695]},"properties":{"rate_time":11.825}},{"type":"Feature","geometry":{"type":"Point","coordinates":[97.20384,1.407]},"properties":{"rate_time":14.394}},{"type":"Feature","geometry":{"type":"Point","coordinates":[97.20332,1.40704]},"properties":{"rate_time":12.792}},{"type":"Feature","geometry":{"type":"Point","coordinates":[97.22287,1.40705]},"properties":{"rate_time":1.77}},{"type":"Feature","geometry":{"type":"Point","coordinates":[97.20358,1.40707]},"properties":{"rate_time":13.709}},{"type":"Feature","geometry":{"type":"Point","coordinates":[97.20048,1.40718]},"properties":{"rate_time":3.141}},{"type":"Feature","geometry":{"type":"Point","coordinates":[97.2231,1.40719]},"properties":{"rate_time":1.762}},{"type":"Feature","geometry":{"type":"Point","coordinates":[97.22334,1.40732]},"properties":{"rate_time":1.718}},{"type":"Feature","geometry":{"type":"Point","coordinates":[97.20032,1.4074]},"properties":{"rate_time":-0.153}},{"type":"Feature","geometry":{"type":"Point","coordinates":[97.19871,1.40744]},"properties":{"rate_time":1.89}},{"type":"Feature","geometry":{"type":"Point","coordinates":[97.19844,1.40744]},"properties":{"rate_time":1.739}},{"type":"Feature","geometry":{"type":"Point","coordinates":[97.19818,1.40749]},"properties":{"rate_time":1.63}},{"type":"Feature","geometry":{"type":"Point","coordinates":[97.22354,1.4075]},"properties":{"rate_time":1.708}},{"type":"Feature","geometry":{"type":"Point","coordinates":[97.19897,1.40752]},"properties":{"rate_time":1.93}},{"type":"Feature","geometry":{"type":"Point","coordinates":[97.20014,1.4076]},"properties":{"rate_time":-0.541}},{"type":"Feature","geometry":{"type":"Point","coordinates":[97.1992,1.40765]},"properties":{"rate_time":2.36}},{"type":"Feature","geometry":{"type":"Point","coordinates":[97.19797,1.40766]},"properties":{"rate_time":1.897}},{"type":"Feature","geometry":{"type":"Point","coordinates":[97.22374,1.40768]},"properties":{"rate_time":1.631}},{"type":"Feature","geometry":{"type":"Point","coordinates":[97.19995,1.40779]},"properties":{"rate_time":0.947}},{"type":"Feature","geometry":{"type":"Point","coordinates":[97.19942,1.40781]},"properties":{"rate_time":2.474}},{"type":"Feature","geometry":{"type":"Point","coordinates":[97.19775,1.40781]},"properties":{"rate_time":2.018}},{"type":"Feature","geometry":{"type":"Point","coordinates":[97.22395,1.40786]},"properties":{"rate_time":1.579}},{"type":"Feature","geometry":{"type":"Point","coordinates":[97.19753,1.40796]},"properties":{"rate_time":1.967}},{"type":"Feature","geometry":{"type":"Point","coordinates":[97.17455,1.40742]},"properties":{"rate_time":2.791}},{"type":"Feature","geometry":{"type":"Point","coordinates":[97.17733,1.40753]},"properties":{"rate_time":1.186}},{"type":"Feature","geometry":{"type":"Point","coordinates":[97.17446,1.40768]},"properties":{"rate_time":0.464}},{"type":"Feature","geometry":{"type":"Point","coordinates":[97.17723,1.40778]},"properties":{"rate_time":0.939}},{"type":"Feature","geometry":{"type":"Point","coordinates":[97.17436,1.40792]},"properties":{"rate_time":-0.016}},{"type":"Feature","geometry":{"type":"Point","coordinates":[97.1771,1.40802]},"properties":{"rate_time":1.236}},{"type":"Feature","geometry":{"type":"Point","coordinates":[97.17421,1.40815]},"properties":{"rate_time":-0.323}},{"type":"Feature","geometry":{"type":"Point","coordinates":[97.17705,1.40828]},"properties":{"rate_time":1.552}},{"type":"Feature","geometry":{"type":"Point","coordinates":[97.17403,1.40835]},"properties":{"rate_time":-0.4}},{"type":"Feature","geometry":{"type":"Point","coordinates":[97.17379,1.40847]},"properties":{"rate_time":-0.248}},{"type":"Feature","geometry":{"type":"Point","coordinates":[97.09821,1.4064]},"properties":{"rate_time":1.369}},{"type":"Feature","geometry":{"type":"Point","coordinates":[97.09796,1.40649]},"properties":{"rate_time":1.152}},{"type":"Feature","geometry":{"type":"Point","coordinates":[97.18287,1.40652]},"properties":{"rate_time":0.954}},{"type":"Feature","geometry":{"type":"Point","coordinates":[97.17784,1.40653]},"properties":{"rate_time":1.649}},{"type":"Feature","geometry":{"type":"Point","coordinates":[97.09769,1.40653]},"properties":{"rate_time":1.233}},{"type":"Feature","geometry":{"type":"Point","coordinates":[97.09743,1.40657]},"properties":{"rate_time":1.404}},{"type":"Feature","geometry":{"type":"Point","coordinates":[97.18438,1.40659]},"properties":{"rate_time":0.973}},{"type":"Feature","geometry":{"type":"Point","coordinates":[97.17469,1.40663]},"properties":{"rate_time":2.085}},{"type":"Feature","geometry":{"type":"Point","coordinates":[97.1831,1.40666]},"properties":{"rate_time":0.747}},{"type":"Feature","geometry":{"type":"Point","coordinates":[97.18412,1.40668]},"properties":{"rate_time":0.938}},{"type":"Feature","geometry":{"type":"Point","coordinates":[97.08283,1.4067]},"properties":{"rate_time":2.594}},{"type":"Feature","geometry":{"type":"Point","coordinates":[97.08308,1.4068]},"properties":{"rate_time":2.681}},{"type":"Feature","geometry":{"type":"Point","coordinates":[97.09666,1.40683]},"properties":{"rate_time":0.933}},{"type":"Feature","geometry":{"type":"Point","coordinates":[97.05802,1.40684]},"properties":{"rate_time":7.799}},{"type":"Feature","geometry":{"type":"Point","coordinates":[97.08332,1.40693]},"properties":{"rate_time":3.182}},{"type":"Feature","geometry":{"type":"Point","coordinates":[97.09642,1.40694]},"properties":{"rate_time":1.232}},{"type":"Feature","geometry":{"type":"Point","coordinates":[97.09615,1.40696]},"properties":{"rate_time":2.295}},{"type":"Feature","geometry":{"type":"Point","coordinates":[97.08358,1.407]},"properties":{"rate_time":3.292}},{"type":"Feature","geometry":{"type":"Point","coordinates":[97.09589,1.40701]},"properties":{"rate_time":2.026}},{"type":"Feature","geometry":{"type":"Point","coordinates":[97.08384,1.40707]},"properties":{"rate_time":3.159}},{"type":"Feature","geometry":{"type":"Point","coordinates":[97.09718,1.40669]},"properties":{"rate_time":1.273}},{"type":"Feature","geometry":{"type":"Point","coordinates":[97.09692,1.40675]},"properties":{"rate_time":0.974}},{"type":"Feature","geometry":{"type":"Point","coordinates":[97.18334,1.40677]},"properties":{"rate_time":0.704}},{"type":"Feature","geometry":{"type":"Point","coordinates":[97.17772,1.40677]},"properties":{"rate_time":1.53}},{"type":"Feature","geometry":{"type":"Point","coordinates":[97.18387,1.40677]},"properties":{"rate_time":1.013}},{"type":"Feature","geometry":{"type":"Point","coordinates":[97.18361,1.40681]},"properties":{"rate_time":0.888}},{"type":"Feature","geometry":{"type":"Point","coordinates":[97.17468,1.4069]},"properties":{"rate_time":2.399}},{"type":"Feature","geometry":{"type":"Point","coordinates":[97.17761,1.40702]},"properties":{"rate_time":1.688}},{"type":"Feature","geometry":{"type":"Point","coordinates":[97.17464,1.40717]},"properties":{"rate_time":2.626}},{"type":"Feature","geometry":{"type":"Point","coordinates":[97.17749,1.40731]},"properties":{"rate_time":1.455}},{"type":"Feature","geometry":{"type":"Point","coordinates":[97.05789,1.40708]},"properties":{"rate_time":4.882}},{"type":"Feature","geometry":{"type":"Point","coordinates":[97.09563,1.40708]},"properties":{"rate_time":2.068}},{"type":"Feature","geometry":{"type":"Point","coordinates":[97.09161,1.4071]},"properties":{"rate_time":2.669}},{"type":"Feature","geometry":{"type":"Point","coordinates":[97.09135,1.40711]},"properties":{"rate_time":2.744}},{"type":"Feature","geometry":{"type":"Point","coordinates":[97.09188,1.40712]},"properties":{"rate_time":2.783}},{"type":"Feature","geometry":{"type":"Point","coordinates":[97.08409,1.40715]},"properties":{"rate_time":3.067}},{"type":"Feature","geometry":{"type":"Point","coordinates":[97.09537,1.40715]},"properties":{"rate_time":1.34}},{"type":"Feature","geometry":{"type":"Point","coordinates":[97.09109,1.40717]},"properties":{"rate_time":2.817}},{"type":"Feature","geometry":{"type":"Point","coordinates":[97.0921,1.40721]},"properties":{"rate_time":2.74}},{"type":"Feature","geometry":{"type":"Point","coordinates":[97.09511,1.40723]},"properties":{"rate_time":2.057}},{"type":"Feature","geometry":{"type":"Point","coordinates":[97.08435,1.40723]},"properties":{"rate_time":2.343}},{"type":"Feature","geometry":{"type":"Point","coordinates":[97.09485,1.40727]},"properties":{"rate_time":1.845}},{"type":"Feature","geometry":{"type":"Point","coordinates":[97.08461,1.40727]},"properties":{"rate_time":2.046}},{"type":"Feature","geometry":{"type":"Point","coordinates":[97.08488,1.40731]},"properties":{"rate_time":2.283}},{"type":"Feature","geometry":{"type":"Point","coordinates":[97.05776,1.40731]},"properties":{"rate_time":0.644}},{"type":"Feature","geometry":{"type":"Point","coordinates":[97.09112,1.40733]},"properties":{"rate_time":2.66}},{"type":"Feature","geometry":{"type":"Point","coordinates":[97.09458,1.40734]},"properties":{"rate_time":0.969}},{"type":"Feature","geometry":{"type":"Point","coordinates":[97.08514,1.40737]},"properties":{"rate_time":2.495}},{"type":"Feature","geometry":{"type":"Point","coordinates":[97.09192,1.4074]},"properties":{"rate_time":2.47}},{"type":"Feature","geometry":{"type":"Point","coordinates":[97.09433,1.40741]},"properties":{"rate_time":0.682}},{"type":"Feature","geometry":{"type":"Point","coordinates":[97.09406,1.40746]},"properties":{"rate_time":1.661}},{"type":"Feature","geometry":{"type":"Point","coordinates":[97.08539,1.40747]},"properties":{"rate_time":2.406}},{"type":"Feature","geometry":{"type":"Point","coordinates":[97.09379,1.40749]},"properties":{"rate_time":2.675}},{"type":"Feature","geometry":{"type":"Point","coordinates":[97.08566,1.40751]},"properties":{"rate_time":2.414}},{"type":"Feature","geometry":{"type":"Point","coordinates":[97.09352,1.40751]},"properties":{"rate_time":1.81}},{"type":"Feature","geometry":{"type":"Point","coordinates":[97.09192,1.40752]},"properties":{"rate_time":2.449}},{"type":"Feature","geometry":{"type":"Point","coordinates":[97.09129,1.40753]},"properties":{"rate_time":2.624}},{"type":"Feature","geometry":{"type":"Point","coordinates":[97.09326,1.40753]},"properties":{"rate_time":2.479}},{"type":"Feature","geometry":{"type":"Point","coordinates":[97.08593,1.40755]},"properties":{"rate_time":2.587}},{"type":"Feature","geometry":{"type":"Point","coordinates":[97.09299,1.40755]},"properties":{"rate_time":2.527}},{"type":"Feature","geometry":{"type":"Point","coordinates":[97.05766,1.40757]},"properties":{"rate_time":2.351}},{"type":"Feature","geometry":{"type":"Point","coordinates":[97.09272,1.40759]},"properties":{"rate_time":2.363}},{"type":"Feature","geometry":{"type":"Point","coordinates":[97.09218,1.40759]},"properties":{"rate_time":2.436}},{"type":"Feature","geometry":{"type":"Point","coordinates":[97.08619,1.4076]},"properties":{"rate_time":2.646}},{"type":"Feature","geometry":{"type":"Point","coordinates":[97.09245,1.40761]},"properties":{"rate_time":2.116}},{"type":"Feature","geometry":{"type":"Point","coordinates":[97.08646,1.40765]},"properties":{"rate_time":2.613}},{"type":"Feature","geometry":{"type":"Point","coordinates":[97.08672,1.4077]},"properties":{"rate_time":2.526}},{"type":"Feature","geometry":{"type":"Point","coordinates":[97.08699,1.40774]},"properties":{"rate_time":2.506}},{"type":"Feature","geometry":{"type":"Point","coordinates":[97.08726,1.40775]},"properties":{"rate_time":2.472}},{"type":"Feature","geometry":{"type":"Point","coordinates":[97.09128,1.40775]},"properties":{"rate_time":2.42}},{"type":"Feature","geometry":{"type":"Point","coordinates":[97.08779,1.40778]},"properties":{"rate_time":2.379}},{"type":"Feature","geometry":{"type":"Point","coordinates":[97.08752,1.40778]},"properties":{"rate_time":2.576}},{"type":"Feature","geometry":{"type":"Point","coordinates":[97.08806,1.4078]},"properties":{"rate_time":2.239}},{"type":"Feature","geometry":{"type":"Point","coordinates":[97.09102,1.4078]},"properties":{"rate_time":2.424}},{"type":"Feature","geometry":{"type":"Point","coordinates":[97.05754,1.40781]},"properties":{"rate_time":1.697}},{"type":"Feature","geometry":{"type":"Point","coordinates":[97.09075,1.40782]},"properties":{"rate_time":2.336}},{"type":"Feature","geometry":{"type":"Point","coordinates":[97.09021,1.40782]},"properties":{"rate_time":1.704}},{"type":"Feature","geometry":{"type":"Point","coordinates":[97.09048,1.40783]},"properties":{"rate_time":1.422}},{"type":"Feature","geometry":{"type":"Point","coordinates":[97.08833,1.40783]},"properties":{"rate_time":2.388}},{"type":"Feature","geometry":{"type":"Point","coordinates":[97.08994,1.40783]},"properties":{"rate_time":2.666}},{"type":"Feature","geometry":{"type":"Point","coordinates":[97.08967,1.40784]},"properties":{"rate_time":2.558}},{"type":"Feature","geometry":{"type":"Point","coordinates":[97.0894,1.40785]},"properties":{"rate_time":2.561}},{"type":"Feature","geometry":{"type":"Point","coordinates":[97.08914,1.40785]},"properties":{"rate_time":2.616}},{"type":"Feature","geometry":{"type":"Point","coordinates":[97.08887,1.40785]},"properties":{"rate_time":2.657}},{"type":"Feature","geometry":{"type":"Point","coordinates":[97.0886,1.40785]},"properties":{"rate_time":2.543}},{"type":"Feature","geometry":{"type":"Point","coordinates":[97.05741,1.40804]},"properties":{"rate_time":3.661}},{"type":"Feature","geometry":{"type":"Point","coordinates":[97.05734,1.4083]},"properties":{"rate_time":5.595}},{"type":"Feature","geometry":{"type":"Point","coordinates":[97.05726,1.40856]},"properties":{"rate_time":4.603}},{"type":"Feature","geometry":{"type":"Point","coordinates":[97.05715,1.40881]},"properties":{"rate_time":8.414}},{"type":"Feature","geometry":{"type":"Point","coordinates":[97.05712,1.40907]},"properties":{"rate_time":7.977}},{"type":"Feature","geometry":{"type":"Point","coordinates":[97.05709,1.40934]},"properties":{"rate_time":7.606}},{"type":"Feature","geometry":{"type":"Point","coordinates":[97.05707,1.40961]},"properties":{"rate_time":4.124}},{"type":"Feature","geometry":{"type":"Point","coordinates":[97.05707,1.40989]},"properties":{"rate_time":7.691}},{"type":"Feature","geometry":{"type":"Point","coordinates":[97.05706,1.41016]},"properties":{"rate_time":6.208}},{"type":"Feature","geometry":{"type":"Point","coordinates":[97.05712,1.41042]},"properties":{"rate_time":21.069}},{"type":"Feature","geometry":{"type":"Point","coordinates":[97.05709,1.41069]},"properties":{"rate_time":1.693}},{"type":"Feature","geometry":{"type":"Point","coordinates":[97.05712,1.41096]},"properties":{"rate_time":-0.607}},{"type":"Feature","geometry":{"type":"Point","coordinates":[97.05713,1.41123]},"properties":{"rate_time":-0.008}},{"type":"Feature","geometry":{"type":"Point","coordinates":[97.05711,1.4115]},"properties":{"rate_time":23.554}},{"type":"Feature","geometry":{"type":"Point","coordinates":[97.05714,1.41177]},"properties":{"rate_time":0.17}},{"type":"Feature","geometry":{"type":"Point","coordinates":[97.1998,1.408]},"properties":{"rate_time":4.239}},{"type":"Feature","geometry":{"type":"Point","coordinates":[97.19956,1.40804]},"properties":{"rate_time":-0.538}},{"type":"Feature","geometry":{"type":"Point","coordinates":[97.22413,1.40805]},"properties":{"rate_time":1.562}},{"type":"Feature","geometry":{"type":"Point","coordinates":[97.19729,1.40809]},"properties":{"rate_time":1.856}},{"type":"Feature","geometry":{"type":"Point","coordinates":[97.19705,1.40821]},"properties":{"rate_time":1.795}},{"type":"Feature","geometry":{"type":"Point","coordinates":[97.22432,1.40825]},"properties":{"rate_time":1.545}},{"type":"Feature","geometry":{"type":"Point","coordinates":[97.19681,1.40834]},"properties":{"rate_time":1.689}},{"type":"Feature","geometry":{"type":"Point","coordinates":[97.22448,1.40847]},"properties":{"rate_time":1.47}},{"type":"Feature","geometry":{"type":"Point","coordinates":[97.19661,1.40852]},"properties":{"rate_time":1.597}},{"type":"Feature","geometry":{"type":"Point","coordinates":[97.22464,1.40868]},"properties":{"rate_time":1.518}},{"type":"Feature","geometry":{"type":"Point","coordinates":[97.17353,1.40852]},"properties":{"rate_time":-0.064}},{"type":"Feature","geometry":{"type":"Point","coordinates":[97.17702,1.40855]},"properties":{"rate_time":1.809}},{"type":"Feature","geometry":{"type":"Point","coordinates":[97.17326,1.40855]},"properties":{"rate_time":2.595}},{"type":"Feature","geometry":{"type":"Point","coordinates":[97.17299,1.40857]},"properties":{"rate_time":2.554}},{"type":"Feature","geometry":{"type":"Point","coordinates":[97.17273,1.4086]},"properties":{"rate_time":2.548}},{"type":"Feature","geometry":{"type":"Point","coordinates":[97.17247,1.40868]},"properties":{"rate_time":2.778}},{"type":"Feature","geometry":{"type":"Point","coordinates":[97.17221,1.40876]},"properties":{"rate_time":2.73}},{"type":"Feature","geometry":{"type":"Point","coordinates":[97.17701,1.40882]},"properties":{"rate_time":2.112}},{"type":"Feature","geometry":{"type":"Point","coordinates":[97.17195,1.40883]},"properties":{"rate_time":2.672}},{"type":"Feature","geometry":{"type":"Point","coordinates":[97.1717,1.40893]},"properties":{"rate_time":2.486}},{"type":"Feature","geometry":{"type":"Point","coordinates":[97.19642,1.40871]},"properties":{"rate_time":1.729}},{"type":"Feature","geometry":{"type":"Point","coordinates":[97.19621,1.40888]},"properties":{"rate_time":1.718}},{"type":"Feature","geometry":{"type":"Point","coordinates":[97.2248,1.40888]},"properties":{"rate_time":1.175}},{"type":"Feature","geometry":{"type":"Point","coordinates":[97.19599,1.40903]},"properties":{"rate_time":1.749}},{"type":"Feature","geometry":{"type":"Point","coordinates":[97.22497,1.40909]},"properties":{"rate_time":1.322}},{"type":"Feature","geometry":{"type":"Point","coordinates":[97.19576,1.40917]},"properties":{"rate_time":1.759}},{"type":"Feature","geometry":{"type":"Point","coordinates":[97.22517,1.40927]},"properties":{"rate_time":1.005}},{"type":"Feature","geometry":{"type":"Point","coordinates":[97.22537,1.40945]},"properties":{"rate_time":0.639}},{"type":"Feature","geometry":{"type":"Point","coordinates":[97.22558,1.40962]},"properties":{"rate_time":0.288}},{"type":"Feature","geometry":{"type":"Point","coordinates":[97.23684,1.40977]},"properties":{"rate_time":1.691}},{"type":"Feature","geometry":{"type":"Point","coordinates":[97.17146,1.40905]},"properties":{"rate_time":1.592}},{"type":"Feature","geometry":{"type":"Point","coordinates":[97.17704,1.40909]},"properties":{"rate_time":2.449}},{"type":"Feature","geometry":{"type":"Point","coordinates":[97.1712,1.40912]},"properties":{"rate_time":2.554}},{"type":"Feature","geometry":{"type":"Point","coordinates":[97.17094,1.40919]},"properties":{"rate_time":2.355}},{"type":"Feature","geometry":{"type":"Point","coordinates":[97.17071,1.40932]},"properties":{"rate_time":2.456}},{"type":"Feature","geometry":{"type":"Point","coordinates":[97.19554,1.40933]},"properties":{"rate_time":1.763}},{"type":"Feature","geometry":{"type":"Point","coordinates":[97.17708,1.40936]},"properties":{"rate_time":2.611}},{"type":"Feature","geometry":{"type":"Point","coordinates":[97.1953,1.40946]},"properties":{"rate_time":1.64}},{"type":"Feature","geometry":{"type":"Point","coordinates":[97.17051,1.4095]},"properties":{"rate_time":2.465}},{"type":"Feature","geometry":{"type":"Point","coordinates":[97.19506,1.40959]},"properties":{"rate_time":1.628}},{"type":"Feature","geometry":{"type":"Point","coordinates":[97.17719,1.4096]},"properties":{"rate_time":2.567}},{"type":"Feature","geometry":{"type":"Point","coordinates":[97.17027,1.40961]},"properties":{"rate_time":2.167}},{"type":"Feature","geometry":{"type":"Point","coordinates":[97.17,1.40966]},"properties":{"rate_time":2.57}},{"type":"Feature","geometry":{"type":"Point","coordinates":[97.16974,1.40969]},"properties":{"rate_time":2.52}},{"type":"Feature","geometry":{"type":"Point","coordinates":[97.19483,1.40973]},"properties":{"rate_time":1.636}},{"type":"Feature","geometry":{"type":"Point","coordinates":[97.16948,1.40977]},"properties":{"rate_time":2.455}},{"type":"Feature","geometry":{"type":"Point","coordinates":[97.16922,1.40984]},"properties":{"rate_time":2.252}},{"type":"Feature","geometry":{"type":"Point","coordinates":[97.19459,1.40985]},"properties":{"rate_time":1.681}},{"type":"Feature","geometry":{"type":"Point","coordinates":[97.1773,1.40985]},"properties":{"rate_time":2.609}},{"type":"Feature","geometry":{"type":"Point","coordinates":[97.16895,1.4099]},"properties":{"rate_time":2.195}},{"type":"Feature","geometry":{"type":"Point","coordinates":[97.22579,1.40979]},"properties":{"rate_time":0.02}},{"type":"Feature","geometry":{"type":"Point","coordinates":[97.23711,1.40981]},"properties":{"rate_time":1.831}},{"type":"Feature","geometry":{"type":"Point","coordinates":[97.23658,1.40983]},"properties":{"rate_time":1.583}},{"type":"Feature","geometry":{"type":"Point","coordinates":[97.23737,1.40987]},"properties":{"rate_time":1.755}},{"type":"Feature","geometry":{"type":"Point","coordinates":[97.23634,1.40993]},"properties":{"rate_time":1.639}},{"type":"Feature","geometry":{"type":"Point","coordinates":[97.23763,1.40995]},"properties":{"rate_time":1.714}},{"type":"Feature","geometry":{"type":"Point","coordinates":[97.22599,1.40998]},"properties":{"rate_time":-0.102}},{"type":"Feature","geometry":{"type":"Point","coordinates":[97.23859,1.40998]},"properties":{"rate_time":-0.028}},{"type":"Feature","geometry":{"type":"Point","coordinates":[97.23875,1.41]},"properties":{"rate_time":0.908}},{"type":"Feature","geometry":{"type":"Point","coordinates":[97.23787,1.41008]},"properties":{"rate_time":1.977}},{"type":"Feature","geometry":{"type":"Point","coordinates":[97.19434,1.40993]},"properties":{"rate_time":1.269}},{"type":"Feature","geometry":{"type":"Point","coordinates":[97.1687,1.40998]},"properties":{"rate_time":2.167}},{"type":"Feature","geometry":{"type":"Point","coordinates":[97.19409,1.41003]},"properties":{"rate_time":1.371}},{"type":"Feature","geometry":{"type":"Point","coordinates":[97.17743,1.41008]},"properties":{"rate_time":2.681}},{"type":"Feature","geometry":{"type":"Point","coordinates":[97.16845,1.41009]},"properties":{"rate_time":2.223}},{"type":"Feature","geometry":{"type":"Point","coordinates":[97.19385,1.41016]},"properties":{"rate_time":1.623}},{"type":"Feature","geometry":{"type":"Point","coordinates":[97.1682,1.41016]},"properties":{"rate_time":2.279}},{"type":"Feature","geometry":{"type":"Point","coordinates":[97.16794,1.41026]},"properties":{"rate_time":2.425}},{"type":"Feature","geometry":{"type":"Point","coordinates":[97.19363,1.4103]},"properties":{"rate_time":1.511}},{"type":"Feature","geometry":{"type":"Point","coordinates":[97.17758,1.41031]},"properties":{"rate_time":2.856}},{"type":"Feature","geometry":{"type":"Point","coordinates":[97.23612,1.41008]},"properties":{"rate_time":1.802}},{"type":"Feature","geometry":{"type":"Point","coordinates":[97.24452,1.4101]},"properties":{"rate_time":3.72}},{"type":"Feature","geometry":{"type":"Point","coordinates":[97.23839,1.41015]},"properties":{"rate_time":0.152}},{"type":"Feature","geometry":{"type":"Point","coordinates":[97.22618,1.41016]},"properties":{"rate_time":-0.205}},{"type":"Feature","geometry":{"type":"Point","coordinates":[97.23812,1.41017]},"properties":{"rate_time":-0.079}},{"type":"Feature","geometry":{"type":"Point","coordinates":[97.24274,1.4102]},"properties":{"rate_time":-0.797}},{"type":"Feature","geometry":{"type":"Point","coordinates":[97.23889,1.41023]},"properties":{"rate_time":-0.406}},{"type":"Feature","geometry":{"type":"Point","coordinates":[97.24428,1.41023]},"properties":{"rate_time":3.759}},{"type":"Feature","geometry":{"type":"Point","coordinates":[97.24247,1.41023]},"properties":{"rate_time":-0.487}},{"type":"Feature","geometry":{"type":"Point","coordinates":[97.24468,1.41023]},"properties":{"rate_time":4.525}},{"type":"Feature","geometry":{"type":"Point","coordinates":[97.2422,1.41024]},"properties":{"rate_time":-0.557}},{"type":"Feature","geometry":{"type":"Point","coordinates":[97.243,1.41024]},"properties":{"rate_time":4.73}},{"type":"Feature","geometry":{"type":"Point","coordinates":[97.24193,1.41026]},"properties":{"rate_time":0.887}},{"type":"Feature","geometry":{"type":"Point","coordinates":[97.23592,1.41027]},"properties":{"rate_time":1.958}},{"type":"Feature","geometry":{"type":"Point","coordinates":[97.24326,1.41032]},"properties":{"rate_time":5.139}},{"type":"Feature","geometry":{"type":"Point","coordinates":[97.22637,1.41036]},"properties":{"rate_time":-0.311}},{"type":"Feature","geometry":{"type":"Point","coordinates":[97.24405,1.41038]},"properties":{"rate_time":4.025}},{"type":"Feature","geometry":{"type":"Point","coordinates":[97.24169,1.41038]},"properties":{"rate_time":1.064}},{"type":"Feature","geometry":{"type":"Point","coordinates":[97.24352,1.4104]},"properties":{"rate_time":5.163}},{"type":"Feature","geometry":{"type":"Point","coordinates":[97.24379,1.41041]},"properties":{"rate_time":5.067}},{"type":"Feature","geometry":{"type":"Point","coordinates":[97.24485,1.41044]},"properties":{"rate_time":5.239}},{"type":"Feature","geometry":{"type":"Point","coordinates":[97.23905,1.41044]},"properties":{"rate_time":-0.283}},{"type":"Feature","geometry":{"type":"Point","coordinates":[97.2467,1.41045]},"properties":{"rate_time":1.896}},{"type":"Feature","geometry":{"type":"Point","coordinates":[97.24643,1.41046]},"properties":{"rate_time":3.986}},{"type":"Feature","geometry":{"type":"Point","coordinates":[97.24616,1.41047]},"properties":{"rate_time":4.233}},{"type":"Feature","geometry":{"type":"Point","coordinates":[97.24709,1.41048]},"properties":{"rate_time":0.927}},{"type":"Feature","geometry":{"type":"Point","coordinates":[97.23575,1.41048]},"properties":{"rate_time":2.129}},{"type":"Feature","geometry":{"type":"Point","coordinates":[97.24589,1.41049]},"properties":{"rate_time":3.735}},{"type":"Feature","geometry":{"type":"Point","coordinates":[97.24145,1.4105]},"properties":{"rate_time":1.858}},{"type":"Feature","geometry":{"type":"Point","coordinates":[97.24563,1.41052]},"properties":{"rate_time":4.598}},{"type":"Feature","geometry":{"type":"Point","coordinates":[97.24736,1.41053]},"properties":{"rate_time":-0.735}},{"type":"Feature","geometry":{"type":"Point","coordinates":[97.24536,1.41055]},"properties":{"rate_time":-0.474}},{"type":"Feature","geometry":{"type":"Point","coordinates":[97.24509,1.41055]},"properties":{"rate_time":4.553}},{"type":"Feature","geometry":{"type":"Point","coordinates":[97.22655,1.41056]},"properties":{"rate_time":-0.42}},{"type":"Feature","geometry":{"type":"Point","coordinates":[97.24762,1.41057]},"properties":{"rate_time":-0.76}},{"type":"Feature","geometry":{"type":"Point","coordinates":[97.24122,1.41064]},"properties":{"rate_time":1.816}},{"type":"Feature","geometry":{"type":"Point","coordinates":[97.23924,1.41064]},"properties":{"rate_time":-0.207}},{"type":"Feature","geometry":{"type":"Point","coordinates":[97.24788,1.41064]},"properties":{"rate_time":0.172}},{"type":"Feature","geometry":{"type":"Point","coordinates":[97.23557,1.41069]},"properties":{"rate_time":1.89}},{"type":"Feature","geometry":{"type":"Point","coordinates":[97.24815,1.41071]},"properties":{"rate_time":0.225}},{"type":"Feature","geometry":{"type":"Point","coordinates":[97.16771,1.41038]},"properties":{"rate_time":2.69}},{"type":"Feature","geometry":{"type":"Point","coordinates":[97.16745,1.41045]},"properties":{"rate_time":2.259}},{"type":"Feature","geometry":{"type":"Point","coordinates":[97.17776,1.41051]},"properties":{"rate_time":3.035}},{"type":"Feature","geometry":{"type":"Point","coordinates":[97.16719,1.41053]},"properties":{"rate_time":2.086}},{"type":"Feature","geometry":{"type":"Point","coordinates":[97.19356,1.41056]},"properties":{"rate_time":1.101}},{"type":"Feature","geometry":{"type":"Point","coordinates":[97.16697,1.41068]},"properties":{"rate_time":2.207}},{"type":"Feature","geometry":{"type":"Point","coordinates":[97.17795,1.41071]},"properties":{"rate_time":3.054}},{"type":"Feature","geometry":{"type":"Point","coordinates":[97.16672,1.41078]},"properties":{"rate_time":2.099}},{"type":"Feature","geometry":{"type":"Point","coordinates":[97.19357,1.41083]},"properties":{"rate_time":1.02}},{"type":"Feature","geometry":{"type":"Point","coordinates":[97.17815,1.41089]},"properties":{"rate_time":3.044}},{"type":"Feature","geometry":{"type":"Point","coordinates":[97.24098,1.41076]},"properties":{"rate_time":1.856}},{"type":"Feature","geometry":{"type":"Point","coordinates":[97.24841,1.41077]},"properties":{"rate_time":-0.045}},{"type":"Feature","geometry":{"type":"Point","coordinates":[97.2267,1.41078]},"properties":{"rate_time":-0.65}},{"type":"Feature","geometry":{"type":"Point","coordinates":[97.23946,1.41078]},"properties":{"rate_time":-0.149}},{"type":"Feature","geometry":{"type":"Point","coordinates":[97.24867,1.41082]},"properties":{"rate_time":-0.051}},{"type":"Feature","geometry":{"type":"Point","coordinates":[97.28708,1.43985]},"properties":{"rate_time":7.441}},{"type":"Feature","geometry":{"type":"Point","coordinates":[97.24073,1.41087]},"properties":{"rate_time":2.128}},{"type":"Feature","geometry":{"type":"Point","coordinates":[97.23538,1.41088]},"properties":{"rate_time":1.681}},{"type":"Feature","geometry":{"type":"Point","coordinates":[97.24893,1.41091]},"properties":{"rate_time":0.487}},{"type":"Feature","geometry":{"type":"Point","coordinates":[97.23969,1.41093]},"properties":{"rate_time":-0.097}},{"type":"Feature","geometry":{"type":"Point","coordinates":[97.24048,1.41096]},"properties":{"rate_time":0.261}},{"type":"Feature","geometry":{"type":"Point","coordinates":[97.24918,1.41099]},"properties":{"rate_time":-0.157}},{"type":"Feature","geometry":{"type":"Point","coordinates":[97.22687,1.41099]},"properties":{"rate_time":-0.612}},{"type":"Feature","geometry":{"type":"Point","coordinates":[97.23995,1.41101]},"properties":{"rate_time":0.611}},{"type":"Feature","geometry":{"type":"Point","coordinates":[97.24022,1.41102]},"properties":{"rate_time":0.433}},{"type":"Feature","geometry":{"type":"Point","coordinates":[97.23517,1.41104]},"properties":{"rate_time":1.611}},{"type":"Feature","geometry":{"type":"Point","coordinates":[97.24944,1.41106]},"properties":{"rate_time":0.614}},{"type":"Feature","geometry":{"type":"Point","coordinates":[97.2497,1.41115]},"properties":{"rate_time":0.697}},{"type":"Feature","geometry":{"type":"Point","coordinates":[97.22706,1.41118]},"properties":{"rate_time":-0.653}},{"type":"Feature","geometry":{"type":"Point","coordinates":[97.23495,1.4112]},"properties":{"rate_time":1.608}},{"type":"Feature","geometry":{"type":"Point","coordinates":[97.24994,1.41127]},"properties":{"rate_time":0.95}},{"type":"Feature","geometry":{"type":"Point","coordinates":[97.16649,1.41092]},"properties":{"rate_time":2.214}},{"type":"Feature","geometry":{"type":"Point","coordinates":[97.16625,1.41104]},"properties":{"rate_time":2.763}},{"type":"Feature","geometry":{"type":"Point","coordinates":[97.17836,1.41105]},"properties":{"rate_time":0.738}},{"type":"Feature","geometry":{"type":"Point","coordinates":[97.19358,1.4111]},"properties":{"rate_time":0.958}},{"type":"Feature","geometry":{"type":"Point","coordinates":[97.17858,1.41121]},"properties":{"rate_time":1.003}},{"type":"Feature","geometry":{"type":"Point","coordinates":[97.16604,1.41121]},"properties":{"rate_time":2.893}},{"type":"Feature","geometry":{"type":"Point","coordinates":[97.17882,1.41132]},"properties":{"rate_time":0.879}},{"type":"Feature","geometry":{"type":"Point","coordinates":[97.19359,1.41137]},"properties":{"rate_time":1.035}},{"type":"Feature","geometry":{"type":"Point","coordinates":[97.16585,1.4114]},"properties":{"rate_time":2.388}},{"type":"Feature","geometry":{"type":"Point","coordinates":[97.17906,1.41144]},"properties":{"rate_time":0.977}},{"type":"Feature","geometry":{"type":"Point","coordinates":[97.23471,1.41132]},"properties":{"rate_time":1.512}},{"type":"Feature","geometry":{"type":"Point","coordinates":[97.25019,1.41135]},"properties":{"rate_time":0.932}},{"type":"Feature","geometry":{"type":"Point","coordinates":[97.22724,1.41139]},"properties":{"rate_time":-0.743}},{"type":"Feature","geometry":{"type":"Point","coordinates":[97.23446,1.41143]},"properties":{"rate_time":1.462}},{"type":"Feature","geometry":{"type":"Point","coordinates":[97.25044,1.41147]},"properties":{"rate_time":0.919}},{"type":"Feature","geometry":{"type":"Point","coordinates":[97.23421,1.41151]},"properties":{"rate_time":1.396}},{"type":"Feature","geometry":{"type":"Point","coordinates":[97.23394,1.41156]},"properties":{"rate_time":1.406}},{"type":"Feature","geometry":{"type":"Point","coordinates":[97.22744,1.41157]},"properties":{"rate_time":-0.811}},{"type":"Feature","geometry":{"type":"Point","coordinates":[97.25068,1.41157]},"properties":{"rate_time":0.777}},{"type":"Feature","geometry":{"type":"Point","coordinates":[97.22168,1.41158]},"properties":{"rate_time":-0.347}},{"type":"Feature","geometry":{"type":"Point","coordinates":[97.16573,1.4115]},"properties":{"rate_time":1.411}},{"type":"Feature","geometry":{"type":"Point","coordinates":[97.17931,1.41155]},"properties":{"rate_time":0.959}},{"type":"Feature","geometry":{"type":"Point","coordinates":[97.17957,1.41163]},"properties":{"rate_time":0.829}},{"type":"Feature","geometry":{"type":"Point","coordinates":[97.19362,1.41164]},"properties":{"rate_time":1.343}},{"type":"Feature","geometry":{"type":"Point","coordinates":[97.16552,1.41167]},"properties":{"rate_time":0.182}},{"type":"Feature","geometry":{"type":"Point","coordinates":[97.17982,1.41172]},"properties":{"rate_time":0.878}},{"type":"Feature","geometry":{"type":"Point","coordinates":[97.18009,1.41178]},"properties":{"rate_time":0.923}},{"type":"Feature","geometry":{"type":"Point","coordinates":[97.18035,1.41183]},"properties":{"rate_time":2.601}},{"type":"Feature","geometry":{"type":"Point","coordinates":[97.16531,1.41184]},"properties":{"rate_time":1.279}},{"type":"Feature","geometry":{"type":"Point","coordinates":[97.18061,1.4119]},"properties":{"rate_time":3.034}},{"type":"Feature","geometry":{"type":"Point","coordinates":[97.22201,1.41162]},"properties":{"rate_time":-0.116}},{"type":"Feature","geometry":{"type":"Point","coordinates":[97.23369,1.41165]},"properties":{"rate_time":1.591}},{"type":"Feature","geometry":{"type":"Point","coordinates":[97.22206,1.41165]},"properties":{"rate_time":-0.135}},{"type":"Feature","geometry":{"type":"Point","coordinates":[97.25093,1.41169]},"properties":{"rate_time":0.564}},{"type":"Feature","geometry":{"type":"Point","coordinates":[97.22145,1.41172]},"properties":{"rate_time":-0.656}},{"type":"Feature","geometry":{"type":"Point","coordinates":[97.22765,1.41173]},"properties":{"rate_time":-0.873}},{"type":"Feature","geometry":{"type":"Point","coordinates":[97.22228,1.41179]},"properties":{"rate_time":-0.051}},{"type":"Feature","geometry":{"type":"Point","coordinates":[97.23349,1.41182]},"properties":{"rate_time":1.599}},{"type":"Feature","geometry":{"type":"Point","coordinates":[97.25116,1.41183]},"properties":{"rate_time":1.638}},{"type":"Feature","geometry":{"type":"Point","coordinates":[97.22125,1.4119]},"properties":{"rate_time":-0.618}},{"type":"Feature","geometry":{"type":"Point","coordinates":[97.22787,1.4119]},"properties":{"rate_time":-0.717}},{"type":"Feature","geometry":{"type":"Point","coordinates":[97.2514,1.41195]},"properties":{"rate_time":2.694}},{"type":"Feature","geometry":{"type":"Point","coordinates":[97.22246,1.412]},"properties":{"rate_time":0.071}},{"type":"Feature","geometry":{"type":"Point","coordinates":[97.23338,1.41206]},"properties":{"rate_time":1.751}},{"type":"Feature","geometry":{"type":"Point","coordinates":[97.22807,1.41208]},"properties":{"rate_time":-0.263}},{"type":"Feature","geometry":{"type":"Point","coordinates":[97.25163,1.4121]},"properties":{"rate_time":3.362}},{"type":"Feature","geometry":{"type":"Point","coordinates":[97.22108,1.41211]},"properties":{"rate_time":-0.585}},{"type":"Feature","geometry":{"type":"Point","coordinates":[97.22937,1.41212]},"properties":{"rate_time":0.822}},{"type":"Feature","geometry":{"type":"Point","coordinates":[97.22961,1.41213]},"properties":{"rate_time":0.41}},{"type":"Feature","geometry":{"type":"Point","coordinates":[97.2226,1.41223]},"properties":{"rate_time":0.072}},{"type":"Feature","geometry":{"type":"Point","coordinates":[97.19366,1.41191]},"properties":{"rate_time":1.464}},{"type":"Feature","geometry":{"type":"Point","coordinates":[97.18087,1.41199]},"properties":{"rate_time":2.987}},{"type":"Feature","geometry":{"type":"Point","coordinates":[97.1651,1.41201]},"properties":{"rate_time":3.448}},{"type":"Feature","geometry":{"type":"Point","coordinates":[97.18113,1.41206]},"properties":{"rate_time":2.81}},{"type":"Feature","geometry":{"type":"Point","coordinates":[97.16485,1.41212]},"properties":{"rate_time":2.688}},{"type":"Feature","geometry":{"type":"Point","coordinates":[97.18137,1.41216]},"properties":{"rate_time":2.581}},{"type":"Feature","geometry":{"type":"Point","coordinates":[97.19366,1.41218]},"properties":{"rate_time":1.464}},{"type":"Feature","geometry":{"type":"Point","coordinates":[97.16462,1.41224]},"properties":{"rate_time":3.617}},{"type":"Feature","geometry":{"type":"Point","coordinates":[97.16436,1.41233]},"properties":{"rate_time":2.013}},{"type":"Feature","geometry":{"type":"Point","coordinates":[97.18157,1.41234]},"properties":{"rate_time":2.478}},{"type":"Feature","geometry":{"type":"Point","coordinates":[97.22913,1.41224]},"properties":{"rate_time":1.83}},{"type":"Feature","geometry":{"type":"Point","coordinates":[97.22828,1.41225]},"properties":{"rate_time":0.349}},{"type":"Feature","geometry":{"type":"Point","coordinates":[97.22985,1.41225]},"properties":{"rate_time":0.421}},{"type":"Feature","geometry":{"type":"Point","coordinates":[97.25184,1.41226]},"properties":{"rate_time":3.295}},{"type":"Feature","geometry":{"type":"Point","coordinates":[97.22904,1.41229]},"properties":{"rate_time":1.738}},{"type":"Feature","geometry":{"type":"Point","coordinates":[97.23337,1.41232]},"properties":{"rate_time":1.84}},{"type":"Feature","geometry":{"type":"Point","coordinates":[97.22852,1.41235]},"properties":{"rate_time":0.961}},{"type":"Feature","geometry":{"type":"Point","coordinates":[97.25209,1.41235]},"properties":{"rate_time":3.098}},{"type":"Feature","geometry":{"type":"Point","coordinates":[97.22098,1.41236]},"properties":{"rate_time":-0.659}},{"type":"Feature","geometry":{"type":"Point","coordinates":[97.22879,1.41236]},"properties":{"rate_time":1.573}},{"type":"Feature","geometry":{"type":"Point","coordinates":[97.23009,1.41237]},"properties":{"rate_time":0.451}},{"type":"Feature","geometry":{"type":"Point","coordinates":[97.23088,1.41243]},"properties":{"rate_time":1.009}},{"type":"Feature","geometry":{"type":"Point","coordinates":[97.23061,1.41245]},"properties":{"rate_time":0.768}},{"type":"Feature","geometry":{"type":"Point","coordinates":[97.25234,1.41246]},"properties":{"rate_time":2.852}},{"type":"Feature","geometry":{"type":"Point","coordinates":[97.23168,1.41246]},"properties":{"rate_time":1.054}},{"type":"Feature","geometry":{"type":"Point","coordinates":[97.23035,1.41246]},"properties":{"rate_time":0.582}},{"type":"Feature","geometry":{"type":"Point","coordinates":[97.23141,1.41246]},"properties":{"rate_time":1.109}},{"type":"Feature","geometry":{"type":"Point","coordinates":[97.22271,1.41248]},"properties":{"rate_time":0.001}},{"type":"Feature","geometry":{"type":"Point","coordinates":[97.23115,1.41248]},"properties":{"rate_time":1.173}},{"type":"Feature","geometry":{"type":"Point","coordinates":[97.23195,1.41251]},"properties":{"rate_time":1.077}},{"type":"Feature","geometry":{"type":"Point","coordinates":[97.16411,1.41241]},"properties":{"rate_time":1.302}},{"type":"Feature","geometry":{"type":"Point","coordinates":[97.19361,1.41244]},"properties":{"rate_time":1.623}},{"type":"Feature","geometry":{"type":"Point","coordinates":[97.18175,1.41254]},"properties":{"rate_time":2.446}},{"type":"Feature","geometry":{"type":"Point","coordinates":[97.16388,1.41256]},"properties":{"rate_time":0.256}},{"type":"Feature","geometry":{"type":"Point","coordinates":[97.1937,1.4127]},"properties":{"rate_time":1.508}},{"type":"Feature","geometry":{"type":"Point","coordinates":[97.16367,1.41273]},"properties":{"rate_time":1.627}},{"type":"Feature","geometry":{"type":"Point","coordinates":[97.18191,1.41276]},"properties":{"rate_time":2.55}},{"type":"Feature","geometry":{"type":"Point","coordinates":[97.19387,1.41291]},"properties":{"rate_time":1.8}},{"type":"Feature","geometry":{"type":"Point","coordinates":[97.1635,1.41294]},"properties":{"rate_time":3.407}},{"type":"Feature","geometry":{"type":"Point","coordinates":[97.18204,1.413]},"properties":{"rate_time":2.352}},{"type":"Feature","geometry":{"type":"Point","coordinates":[97.23341,1.41259]},"properties":{"rate_time":1.892}},{"type":"Feature","geometry":{"type":"Point","coordinates":[97.25256,1.41261]},"properties":{"rate_time":2.787}},{"type":"Feature","geometry":{"type":"Point","coordinates":[97.22089,1.41261]},"properties":{"rate_time":-0.76}},{"type":"Feature","geometry":{"type":"Point","coordinates":[97.23219,1.41262]},"properties":{"rate_time":1.203}},{"type":"Feature","geometry":{"type":"Point","coordinates":[97.22284,1.41271]},"properties":{"rate_time":1.603}},{"type":"Feature","geometry":{"type":"Point","coordinates":[97.23244,1.41273]},"properties":{"rate_time":1.18}},{"type":"Feature","geometry":{"type":"Point","coordinates":[97.25277,1.41279]},"properties":{"rate_time":2.848}},{"type":"Feature","geometry":{"type":"Point","coordinates":[97.22538,1.4128]},"properties":{"rate_time":-0.288}},{"type":"Feature","geometry":{"type":"Point","coordinates":[97.22512,1.4128]},"properties":{"rate_time":-0.408}},{"type":"Feature","geometry":{"type":"Point","coordinates":[97.23336,1.41284]},"properties":{"rate_time":2.284}},{"type":"Feature","geometry":{"type":"Point","coordinates":[97.2208,1.41286]},"properties":{"rate_time":-0.521}},{"type":"Feature","geometry":{"type":"Point","coordinates":[97.23267,1.41287]},"properties":{"rate_time":1.364}},{"type":"Feature","geometry":{"type":"Point","coordinates":[97.22299,1.41294]},"properties":{"rate_time":1.755}},{"type":"Feature","geometry":{"type":"Point","coordinates":[97.22491,1.41296]},"properties":{"rate_time":0.894}},{"type":"Feature","geometry":{"type":"Point","coordinates":[97.22557,1.41297]},"properties":{"rate_time":-0.05}},{"type":"Feature","geometry":{"type":"Point","coordinates":[97.25295,1.41298]},"properties":{"rate_time":3.414}},{"type":"Feature","geometry":{"type":"Point","coordinates":[97.23291,1.41299]},"properties":{"rate_time":1.885}},{"type":"Feature","geometry":{"type":"Point","coordinates":[97.23316,1.413]},"properties":{"rate_time":2.373}},{"type":"Feature","geometry":{"type":"Point","coordinates":[97.22469,1.41312]},"properties":{"rate_time":0.601}},{"type":"Feature","geometry":{"type":"Point","coordinates":[97.22076,1.41313]},"properties":{"rate_time":-0.477}},{"type":"Feature","geometry":{"type":"Point","coordinates":[97.22317,1.41314]},"properties":{"rate_time":1.333}},{"type":"Feature","geometry":{"type":"Point","coordinates":[97.25317,1.41314]},"properties":{"rate_time":3.425}},{"type":"Feature","geometry":{"type":"Point","coordinates":[97.22567,1.41322]},"properties":{"rate_time":1.061}},{"type":"Feature","geometry":{"type":"Point","coordinates":[97.22445,1.41325]},"properties":{"rate_time":0.456}},{"type":"Feature","geometry":{"type":"Point","coordinates":[97.22339,1.41327]},"properties":{"rate_time":1.323}},{"type":"Feature","geometry":{"type":"Point","coordinates":[97.22366,1.41331]},"properties":{"rate_time":1.791}},{"type":"Feature","geometry":{"type":"Point","coordinates":[97.25337,1.41332]},"properties":{"rate_time":3.469}},{"type":"Feature","geometry":{"type":"Point","coordinates":[97.22419,1.41333]},"properties":{"rate_time":0.608}},{"type":"Feature","geometry":{"type":"Point","coordinates":[97.22393,1.41335]},"properties":{"rate_time":2.24}},{"type":"Feature","geometry":{"type":"Point","coordinates":[97.22079,1.4134]},"properties":{"rate_time":-0.614}},{"type":"Feature","geometry":{"type":"Point","coordinates":[97.16326,1.41305]},"properties":{"rate_time":2.987}},{"type":"Feature","geometry":{"type":"Point","coordinates":[97.19406,1.4131]},"properties":{"rate_time":2.268}},{"type":"Feature","geometry":{"type":"Point","coordinates":[97.16301,1.41313]},"properties":{"rate_time":2.457}},{"type":"Feature","geometry":{"type":"Point","coordinates":[97.16276,1.41323]},"properties":{"rate_time":2.25}},{"type":"Feature","geometry":{"type":"Point","coordinates":[97.18217,1.41324]},"properties":{"rate_time":2.238}},{"type":"Feature","geometry":{"type":"Point","coordinates":[97.19428,1.41326]},"properties":{"rate_time":2.653}},{"type":"Feature","geometry":{"type":"Point","coordinates":[97.19454,1.41334]},"properties":{"rate_time":3.162}},{"type":"Feature","geometry":{"type":"Point","coordinates":[97.16254,1.41339]},"properties":{"rate_time":2.394}},{"type":"Feature","geometry":{"type":"Point","coordinates":[97.19478,1.41343]},"properties":{"rate_time":2.463}},{"type":"Feature","geometry":{"type":"Point","coordinates":[97.18227,1.41349]},"properties":{"rate_time":2.326}},{"type":"Feature","geometry":{"type":"Point","coordinates":[97.22576,1.41348]},"properties":{"rate_time":0.893}},{"type":"Feature","geometry":{"type":"Point","coordinates":[97.25358,1.41349]},"properties":{"rate_time":3.445}},{"type":"Feature","geometry":{"type":"Point","coordinates":[97.22086,1.41366]},"properties":{"rate_time":-0.834}},{"type":"Feature","geometry":{"type":"Point","coordinates":[97.25378,1.41368]},"properties":{"rate_time":3.404}},{"type":"Feature","geometry":{"type":"Point","coordinates":[97.22583,1.41374]},"properties":{"rate_time":0.799}},{"type":"Feature","geometry":{"type":"Point","coordinates":[97.25399,1.41385]},"properties":{"rate_time":3.33}},{"type":"Feature","geometry":{"type":"Point","coordinates":[97.22096,1.41391]},"properties":{"rate_time":-0.763}},{"type":"Feature","geometry":{"type":"Point","coordinates":[97.22591,1.414]},"properties":{"rate_time":0.774}},{"type":"Feature","geometry":{"type":"Point","coordinates":[97.2542,1.41402]},"properties":{"rate_time":3.286}},{"type":"Feature","geometry":{"type":"Point","coordinates":[97.22112,1.41413]},"properties":{"rate_time":-0.707}},{"type":"Feature","geometry":{"type":"Point","coordinates":[97.16233,1.41354]},"properties":{"rate_time":2.6}},{"type":"Feature","geometry":{"type":"Point","coordinates":[97.195,1.41359]},"properties":{"rate_time":2.049}},{"type":"Feature","geometry":{"type":"Point","coordinates":[97.18237,1.41374]},"properties":{"rate_time":2.421}},{"type":"Feature","geometry":{"type":"Point","coordinates":[97.16219,1.41377]},"properties":{"rate_time":2.906}},{"type":"Feature","geometry":{"type":"Point","coordinates":[97.19519,1.41378]},"properties":{"rate_time":1.627}},{"type":"Feature","geometry":{"type":"Point","coordinates":[97.16198,1.41394]},"properties":{"rate_time":2.637}},{"type":"Feature","geometry":{"type":"Point","coordinates":[97.19538,1.41397]},"properties":{"rate_time":1.333}},{"type":"Feature","geometry":{"type":"Point","coordinates":[97.18245,1.414]},"properties":{"rate_time":2.598}},{"type":"Feature","geometry":{"type":"Point","coordinates":[97.16181,1.41415]},"properties":{"rate_time":2.363}},{"type":"Feature","geometry":{"type":"Point","coordinates":[97.18257,1.41424]},"properties":{"rate_time":2.632}},{"type":"Feature","geometry":{"type":"Point","coordinates":[97.19556,1.41417]},"properties":{"rate_time":1.087}},{"type":"Feature","geometry":{"type":"Point","coordinates":[97.25441,1.41419]},"properties":{"rate_time":3.325}},{"type":"Feature","geometry":{"type":"Point","coordinates":[97.22604,1.41423]},"properties":{"rate_time":1.06}},{"type":"Feature","geometry":{"type":"Point","coordinates":[97.22436,1.41427]},"properties":{"rate_time":0.61}},{"type":"Feature","geometry":{"type":"Point","coordinates":[97.22409,1.4143]},"properties":{"rate_time":1.716}},{"type":"Feature","geometry":{"type":"Point","coordinates":[97.22462,1.41432]},"properties":{"rate_time":0.64}},{"type":"Feature","geometry":{"type":"Point","coordinates":[97.28709,1.44012]},"properties":{"rate_time":9.539}},{"type":"Feature","geometry":{"type":"Point","coordinates":[97.22129,1.41433]},"properties":{"rate_time":-0.675}},{"type":"Feature","geometry":{"type":"Point","coordinates":[97.22383,1.41435]},"properties":{"rate_time":2.153}},{"type":"Feature","geometry":{"type":"Point","coordinates":[97.25461,1.41437]},"properties":{"rate_time":3.308}},{"type":"Feature","geometry":{"type":"Point","coordinates":[97.19573,1.41438]},"properties":{"rate_time":0.854}},{"type":"Feature","geometry":{"type":"Point","coordinates":[97.22622,1.41444]},"properties":{"rate_time":0.313}},{"type":"Feature","geometry":{"type":"Point","coordinates":[97.22358,1.41445]},"properties":{"rate_time":1.811}},{"type":"Feature","geometry":{"type":"Point","coordinates":[97.22486,1.41445]},"properties":{"rate_time":0.621}},{"type":"Feature","geometry":{"type":"Point","coordinates":[97.22148,1.41452]},"properties":{"rate_time":-0.448}},{"type":"Feature","geometry":{"type":"Point","coordinates":[97.22332,1.41454]},"properties":{"rate_time":1.705}},{"type":"Feature","geometry":{"type":"Point","coordinates":[97.25482,1.41454]},"properties":{"rate_time":3.197}},{"type":"Feature","geometry":{"type":"Point","coordinates":[97.22306,1.41458]},"properties":{"rate_time":1.676}},{"type":"Feature","geometry":{"type":"Point","coordinates":[97.19591,1.41459]},"properties":{"rate_time":0.746}},{"type":"Feature","geometry":{"type":"Point","coordinates":[97.22643,1.4146]},"properties":{"rate_time":0.473}},{"type":"Feature","geometry":{"type":"Point","coordinates":[97.22279,1.4146]},"properties":{"rate_time":1.777}},{"type":"Feature","geometry":{"type":"Point","coordinates":[97.22508,1.4146]},"properties":{"rate_time":0.61}},{"type":"Feature","geometry":{"type":"Point","coordinates":[97.22252,1.41462]},"properties":{"rate_time":1.777}},{"type":"Feature","geometry":{"type":"Point","coordinates":[97.22172,1.41464]},"properties":{"rate_time":-0.3}},{"type":"Feature","geometry":{"type":"Point","coordinates":[97.22226,1.41468]},"properties":{"rate_time":2.061}},{"type":"Feature","geometry":{"type":"Point","coordinates":[97.22199,1.41469]},"properties":{"rate_time":1.9}},{"type":"Feature","geometry":{"type":"Point","coordinates":[97.25503,1.41471]},"properties":{"rate_time":3.081}},{"type":"Feature","geometry":{"type":"Point","coordinates":[97.22744,1.41474]},"properties":{"rate_time":2.561}},{"type":"Feature","geometry":{"type":"Point","coordinates":[97.22665,1.41474]},"properties":{"rate_time":2.332}},{"type":"Feature","geometry":{"type":"Point","coordinates":[97.22771,1.41475]},"properties":{"rate_time":2.933}},{"type":"Feature","geometry":{"type":"Point","coordinates":[97.22717,1.41477]},"properties":{"rate_time":2.204}},{"type":"Feature","geometry":{"type":"Point","coordinates":[97.16173,1.4144]},"properties":{"rate_time":2.61}},{"type":"Feature","geometry":{"type":"Point","coordinates":[97.18268,1.41449]},"properties":{"rate_time":2.738}},{"type":"Feature","geometry":{"type":"Point","coordinates":[97.16171,1.41467]},"properties":{"rate_time":2.843}},{"type":"Feature","geometry":{"type":"Point","coordinates":[97.1828,1.41473]},"properties":{"rate_time":2.798}},{"type":"Feature","geometry":{"type":"Point","coordinates":[97.16162,1.41492]},"properties":{"rate_time":3.01}},{"type":"Feature","geometry":{"type":"Point","coordinates":[97.18294,1.41496]},"properties":{"rate_time":2.839}},{"type":"Feature","geometry":{"type":"Point","coordinates":[97.16148,1.41515]},"properties":{"rate_time":3.214}},{"type":"Feature","geometry":{"type":"Point","coordinates":[97.18308,1.41519]},"properties":{"rate_time":2.922}},{"type":"Feature","geometry":{"type":"Point","coordinates":[97.16135,1.41539]},"properties":{"rate_time":3.081}},{"type":"Feature","geometry":{"type":"Point","coordinates":[97.18323,1.41541]},"properties":{"rate_time":2.971}},{"type":"Feature","geometry":{"type":"Point","coordinates":[97.22529,1.41477]},"properties":{"rate_time":0.696}},{"type":"Feature","geometry":{"type":"Point","coordinates":[97.22691,1.41479]},"properties":{"rate_time":2.032}},{"type":"Feature","geometry":{"type":"Point","coordinates":[97.19604,1.41482]},"properties":{"rate_time":0.653}},{"type":"Feature","geometry":{"type":"Point","coordinates":[97.22796,1.41484]},"properties":{"rate_time":2.623}},{"type":"Feature","geometry":{"type":"Point","coordinates":[97.25525,1.41486]},"properties":{"rate_time":2.993}},{"type":"Feature","geometry":{"type":"Point","coordinates":[97.22809,1.41492]},"properties":{"rate_time":2.158}},{"type":"Feature","geometry":{"type":"Point","coordinates":[97.2255,1.41494]},"properties":{"rate_time":0.956}},{"type":"Feature","geometry":{"type":"Point","coordinates":[97.25546,1.41503]},"properties":{"rate_time":2.95}},{"type":"Feature","geometry":{"type":"Point","coordinates":[97.19621,1.41503]},"properties":{"rate_time":0.38}},{"type":"Feature","geometry":{"type":"Point","coordinates":[97.22832,1.41506]},"properties":{"rate_time":2.344}},{"type":"Feature","geometry":{"type":"Point","coordinates":[97.22566,1.41516]},"properties":{"rate_time":-0.169}},{"type":"Feature","geometry":{"type":"Point","coordinates":[97.22855,1.4152]},"properties":{"rate_time":2.389}},{"type":"Feature","geometry":{"type":"Point","coordinates":[97.25566,1.41522]},"properties":{"rate_time":2.927}},{"type":"Feature","geometry":{"type":"Point","coordinates":[97.19639,1.41524]},"properties":{"rate_time":0.51}},{"type":"Feature","geometry":{"type":"Point","coordinates":[97.22879,1.41532]},"properties":{"rate_time":2.639}},{"type":"Feature","geometry":{"type":"Point","coordinates":[97.25587,1.41539]},"properties":{"rate_time":2.863}},{"type":"Feature","geometry":{"type":"Point","coordinates":[97.22565,1.41543]},"properties":{"rate_time":1.946}},{"type":"Feature","geometry":{"type":"Point","coordinates":[97.19655,1.41545]},"properties":{"rate_time":0.72}},{"type":"Feature","geometry":{"type":"Point","coordinates":[97.22901,1.41546]},"properties":{"rate_time":3.168}},{"type":"Feature","geometry":{"type":"Point","coordinates":[97.25608,1.41556]},"properties":{"rate_time":2.276}},{"type":"Feature","geometry":{"type":"Point","coordinates":[97.23168,1.41557]},"properties":{"rate_time":-0.013}},{"type":"Feature","geometry":{"type":"Point","coordinates":[97.23194,1.41561]},"properties":{"rate_time":0.101}},{"type":"Feature","geometry":{"type":"Point","coordinates":[97.22554,1.41567]},"properties":{"rate_time":1.428}},{"type":"Feature","geometry":{"type":"Point","coordinates":[97.23144,1.41567]},"properties":{"rate_time":-0.346}},{"type":"Feature","geometry":{"type":"Point","coordinates":[97.1967,1.41568]},"properties":{"rate_time":0.878}},{"type":"Feature","geometry":{"type":"Point","coordinates":[97.22908,1.41572]},"properties":{"rate_time":3.03}},{"type":"Feature","geometry":{"type":"Point","coordinates":[97.23218,1.41573]},"properties":{"rate_time":0.085}},{"type":"Feature","geometry":{"type":"Point","coordinates":[97.25628,1.41574]},"properties":{"rate_time":2.403}},{"type":"Feature","geometry":{"type":"Point","coordinates":[97.23243,1.41584]},"properties":{"rate_time":0.086}},{"type":"Feature","geometry":{"type":"Point","coordinates":[97.22538,1.41589]},"properties":{"rate_time":1.324}},{"type":"Feature","geometry":{"type":"Point","coordinates":[97.1612,1.41562]},"properties":{"rate_time":2.867}},{"type":"Feature","geometry":{"type":"Point","coordinates":[97.1834,1.41563]},"properties":{"rate_time":2.942}},{"type":"Feature","geometry":{"type":"Point","coordinates":[97.16105,1.41584]},"properties":{"rate_time":2.709}},{"type":"Feature","geometry":{"type":"Point","coordinates":[97.18355,1.41585]},"properties":{"rate_time":2.652}},{"type":"Feature","geometry":{"type":"Point","coordinates":[97.16087,1.41604]},"properties":{"rate_time":2.452}},{"type":"Feature","geometry":{"type":"Point","coordinates":[97.1837,1.41608]},"properties":{"rate_time":1.966}},{"type":"Feature","geometry":{"type":"Point","coordinates":[97.16067,1.41622]},"properties":{"rate_time":2.178}},{"type":"Feature","geometry":{"type":"Point","coordinates":[97.18386,1.41629]},"properties":{"rate_time":-0.413}},{"type":"Feature","geometry":{"type":"Point","coordinates":[97.16047,1.41641]},"properties":{"rate_time":1.955}},{"type":"Feature","geometry":{"type":"Point","coordinates":[97.18403,1.41651]},"properties":{"rate_time":-0.162}},{"type":"Feature","geometry":{"type":"Point","coordinates":[97.23142,1.41589]},"properties":{"rate_time":-0.271}},{"type":"Feature","geometry":{"type":"Point","coordinates":[97.25648,1.41592]},"properties":{"rate_time":2.446}},{"type":"Feature","geometry":{"type":"Point","coordinates":[97.19678,1.41594]},"properties":{"rate_time":0.947}},{"type":"Feature","geometry":{"type":"Point","coordinates":[97.229,1.41598]},"properties":{"rate_time":2.491}},{"type":"Feature","geometry":{"type":"Point","coordinates":[97.23261,1.41602]},"properties":{"rate_time":-0.015}},{"type":"Feature","geometry":{"type":"Point","coordinates":[97.2252,1.41609]},"properties":{"rate_time":1.409}},{"type":"Feature","geometry":{"type":"Point","coordinates":[97.23158,1.4161]},"properties":{"rate_time":-0.038}},{"type":"Feature","geometry":{"type":"Point","coordinates":[97.25668,1.4161]},"properties":{"rate_time":1.997}},{"type":"Feature","geometry":{"type":"Point","coordinates":[97.19685,1.4162]},"properties":{"rate_time":1.176}},{"type":"Feature","geometry":{"type":"Point","coordinates":[97.23182,1.41623]},"properties":{"rate_time":0.099}},{"type":"Feature","geometry":{"type":"Point","coordinates":[97.22895,1.41625]},"properties":{"rate_time":2.226}},{"type":"Feature","geometry":{"type":"Point","coordinates":[97.225,1.41627]},"properties":{"rate_time":1.753}},{"type":"Feature","geometry":{"type":"Point","coordinates":[97.23257,1.41628]},"properties":{"rate_time":0.158}},{"type":"Feature","geometry":{"type":"Point","coordinates":[97.25688,1.41628]},"properties":{"rate_time":2.034}},{"type":"Feature","geometry":{"type":"Point","coordinates":[97.23207,1.41633]},"properties":{"rate_time":0.132}},{"type":"Feature","geometry":{"type":"Point","coordinates":[97.23233,1.41636]},"properties":{"rate_time":0.207}},{"type":"Feature","geometry":{"type":"Point","coordinates":[97.22479,1.41645]},"properties":{"rate_time":2.242}},{"type":"Feature","geometry":{"type":"Point","coordinates":[97.1969,1.41646]},"properties":{"rate_time":1.33}},{"type":"Feature","geometry":{"type":"Point","coordinates":[97.2673,1.41647]},"properties":{"rate_time":0.983}},{"type":"Feature","geometry":{"type":"Point","coordinates":[97.26757,1.41647]},"properties":{"rate_time":1.002}},{"type":"Feature","geometry":{"type":"Point","coordinates":[97.25708,1.41647]},"properties":{"rate_time":2.143}},{"type":"Feature","geometry":{"type":"Point","coordinates":[97.26784,1.41647]},"properties":{"rate_time":1.084}},{"type":"Feature","geometry":{"type":"Point","coordinates":[97.26704,1.4165]},"properties":{"rate_time":0.958}},{"type":"Feature","geometry":{"type":"Point","coordinates":[97.22891,1.41652]},"properties":{"rate_time":2.213}},{"type":"Feature","geometry":{"type":"Point","coordinates":[97.2681,1.41652]},"properties":{"rate_time":1.275}},{"type":"Feature","geometry":{"type":"Point","coordinates":[97.26677,1.41656]},"properties":{"rate_time":0.977}},{"type":"Feature","geometry":{"type":"Point","coordinates":[97.26834,1.41664]},"properties":{"rate_time":1.651}},{"type":"Feature","geometry":{"type":"Point","coordinates":[97.22462,1.41665]},"properties":{"rate_time":2.364}},{"type":"Feature","geometry":{"type":"Point","coordinates":[97.26652,1.41665]},"properties":{"rate_time":0.98}},{"type":"Feature","geometry":{"type":"Point","coordinates":[97.25727,1.41666]},"properties":{"rate_time":2.16}},{"type":"Feature","geometry":{"type":"Point","coordinates":[97.05721,1.41203]},"properties":{"rate_time":0.203}},{"type":"Feature","geometry":{"type":"Point","coordinates":[97.0573,1.41228]},"properties":{"rate_time":10.184}},{"type":"Feature","geometry":{"type":"Point","coordinates":[97.05742,1.41252]},"properties":{"rate_time":10.076}},{"type":"Feature","geometry":{"type":"Point","coordinates":[97.05751,1.41278]},"properties":{"rate_time":10.019}},{"type":"Feature","geometry":{"type":"Point","coordinates":[97.05763,1.41302]},"properties":{"rate_time":26.546}},{"type":"Feature","geometry":{"type":"Point","coordinates":[97.05771,1.41327]},"properties":{"rate_time":27.408}},{"type":"Feature","geometry":{"type":"Point","coordinates":[97.0578,1.41352]},"properties":{"rate_time":11.753}},{"type":"Feature","geometry":{"type":"Point","coordinates":[97.05805,1.41363]},"properties":{"rate_time":21.055}},{"type":"Feature","geometry":{"type":"Point","coordinates":[97.05804,1.41388]},"properties":{"rate_time":27.752}},{"type":"Feature","geometry":{"type":"Point","coordinates":[97.05805,1.41414]},"properties":{"rate_time":14.92}},{"type":"Feature","geometry":{"type":"Point","coordinates":[97.05815,1.4144]},"properties":{"rate_time":31.842}},{"type":"Feature","geometry":{"type":"Point","coordinates":[97.06571,1.41459]},"properties":{"rate_time":2.747}},{"type":"Feature","geometry":{"type":"Point","coordinates":[97.06597,1.41462]},"properties":{"rate_time":2.632}},{"type":"Feature","geometry":{"type":"Point","coordinates":[97.05825,1.41465]},"properties":{"rate_time":29.68}},{"type":"Feature","geometry":{"type":"Point","coordinates":[97.06545,1.41465]},"properties":{"rate_time":4.494}},{"type":"Feature","geometry":{"type":"Point","coordinates":[97.0662,1.41475]},"properties":{"rate_time":3.562}},{"type":"Feature","geometry":{"type":"Point","coordinates":[97.06521,1.41478]},"properties":{"rate_time":4.886}},{"type":"Feature","geometry":{"type":"Point","coordinates":[97.05837,1.41487]},"properties":{"rate_time":21.35}},{"type":"Feature","geometry":{"type":"Point","coordinates":[97.05862,1.41497]},"properties":{"rate_time":13.828}},{"type":"Feature","geometry":{"type":"Point","coordinates":[97.06505,1.41499]},"properties":{"rate_time":2.55}},{"type":"Feature","geometry":{"type":"Point","coordinates":[97.06629,1.415]},"properties":{"rate_time":7.154}},{"type":"Feature","geometry":{"type":"Point","coordinates":[97.05873,1.41521]},"properties":{"rate_time":15.603}},{"type":"Feature","geometry":{"type":"Point","coordinates":[97.06495,1.41524]},"properties":{"rate_time":6.226}},{"type":"Feature","geometry":{"type":"Point","coordinates":[97.06626,1.41527]},"properties":{"rate_time":13.461}},{"type":"Feature","geometry":{"type":"Point","coordinates":[97.0648,1.41547]},"properties":{"rate_time":6.648}},{"type":"Feature","geometry":{"type":"Point","coordinates":[97.05871,1.41547]},"properties":{"rate_time":14.579}},{"type":"Feature","geometry":{"type":"Point","coordinates":[97.06637,1.41551]},"properties":{"rate_time":19.214}},{"type":"Feature","geometry":{"type":"Point","coordinates":[97.06459,1.41562]},"properties":{"rate_time":3.555}},{"type":"Feature","geometry":{"type":"Point","coordinates":[97.06656,1.4157]},"properties":{"rate_time":26.546}},{"type":"Feature","geometry":{"type":"Point","coordinates":[97.06434,1.41573]},"properties":{"rate_time":7.174}},{"type":"Feature","geometry":{"type":"Point","coordinates":[97.05868,1.41574]},"properties":{"rate_time":15.168}},{"type":"Feature","geometry":{"type":"Point","coordinates":[97.06408,1.41579]},"properties":{"rate_time":7.394}},{"type":"Feature","geometry":{"type":"Point","coordinates":[97.06679,1.41583]},"properties":{"rate_time":26.072}},{"type":"Feature","geometry":{"type":"Point","coordinates":[97.06382,1.41585]},"properties":{"rate_time":7.723}},{"type":"Feature","geometry":{"type":"Point","coordinates":[97.06705,1.41588]},"properties":{"rate_time":25.029}},{"type":"Feature","geometry":{"type":"Point","coordinates":[97.06732,1.4159]},"properties":{"rate_time":23.979}},{"type":"Feature","geometry":{"type":"Point","coordinates":[97.06758,1.41597]},"properties":{"rate_time":19.962}},{"type":"Feature","geometry":{"type":"Point","coordinates":[97.05878,1.41598]},"properties":{"rate_time":15.62}},{"type":"Feature","geometry":{"type":"Point","coordinates":[97.06363,1.41604]},"properties":{"rate_time":8.385}},{"type":"Feature","geometry":{"type":"Point","coordinates":[97.06782,1.41608]},"properties":{"rate_time":19.127}},{"type":"Feature","geometry":{"type":"Point","coordinates":[97.05887,1.41615]},"properties":{"rate_time":15.939}},{"type":"Feature","geometry":{"type":"Point","coordinates":[97.06805,1.41623]},"properties":{"rate_time":21.501}},{"type":"Feature","geometry":{"type":"Point","coordinates":[97.06346,1.41625]},"properties":{"rate_time":9.163}},{"type":"Feature","geometry":{"type":"Point","coordinates":[97.05908,1.4163]},"properties":{"rate_time":15.857}},{"type":"Feature","geometry":{"type":"Point","coordinates":[97.05922,1.41635]},"properties":{"rate_time":16.037}},{"type":"Feature","geometry":{"type":"Point","coordinates":[97.06826,1.4164]},"properties":{"rate_time":21.107}},{"type":"Feature","geometry":{"type":"Point","coordinates":[97.05881,1.41641]},"properties":{"rate_time":16.461}},{"type":"Feature","geometry":{"type":"Point","coordinates":[97.06325,1.41642]},"properties":{"rate_time":9.346}},{"type":"Feature","geometry":{"type":"Point","coordinates":[97.05892,1.41652]},"properties":{"rate_time":16.643}},{"type":"Feature","geometry":{"type":"Point","coordinates":[97.06848,1.41655]},"properties":{"rate_time":20.609}},{"type":"Feature","geometry":{"type":"Point","coordinates":[97.06305,1.4166]},"properties":{"rate_time":4.83}},{"type":"Feature","geometry":{"type":"Point","coordinates":[97.05924,1.41662]},"properties":{"rate_time":16.929}},{"type":"Feature","geometry":{"type":"Point","coordinates":[97.06871,1.41669]},"properties":{"rate_time":20.096}},{"type":"Feature","geometry":{"type":"Point","coordinates":[97.05943,1.41674]},"properties":{"rate_time":16.889}},{"type":"Feature","geometry":{"type":"Point","coordinates":[97.06288,1.41681]},"properties":{"rate_time":15.327}},{"type":"Feature","geometry":{"type":"Point","coordinates":[97.06894,1.41683]},"properties":{"rate_time":19.635}},{"type":"Feature","geometry":{"type":"Point","coordinates":[97.06918,1.41695]},"properties":{"rate_time":19.079}},{"type":"Feature","geometry":{"type":"Point","coordinates":[97.05956,1.41698]},"properties":{"rate_time":17.672}},{"type":"Feature","geometry":{"type":"Point","coordinates":[97.06273,1.41703]},"properties":{"rate_time":15.807}},{"type":"Feature","geometry":{"type":"Point","coordinates":[97.06942,1.41708]},"properties":{"rate_time":18.405}},{"type":"Feature","geometry":{"type":"Point","coordinates":[97.06968,1.41714]},"properties":{"rate_time":17.742}},{"type":"Feature","geometry":{"type":"Point","coordinates":[97.06994,1.41722]},"properties":{"rate_time":17.093}},{"type":"Feature","geometry":{"type":"Point","coordinates":[97.05967,1.41723]},"properties":{"rate_time":18.463}},{"type":"Feature","geometry":{"type":"Point","coordinates":[97.06261,1.41728]},"properties":{"rate_time":16.442}},{"type":"Feature","geometry":{"type":"Point","coordinates":[97.0702,1.41728]},"properties":{"rate_time":17.382}},{"type":"Feature","geometry":{"type":"Point","coordinates":[97.07046,1.41734]},"properties":{"rate_time":16.691}},{"type":"Feature","geometry":{"type":"Point","coordinates":[97.07127,1.41738]},"properties":{"rate_time":13.896}},{"type":"Feature","geometry":{"type":"Point","coordinates":[97.07073,1.41738]},"properties":{"rate_time":15.352}},{"type":"Feature","geometry":{"type":"Point","coordinates":[97.071,1.41738]},"properties":{"rate_time":14.653}},{"type":"Feature","geometry":{"type":"Point","coordinates":[97.07153,1.41741]},"properties":{"rate_time":13.16}},{"type":"Feature","geometry":{"type":"Point","coordinates":[97.0718,1.41745]},"properties":{"rate_time":12.295}},{"type":"Feature","geometry":{"type":"Point","coordinates":[97.05972,1.41749]},"properties":{"rate_time":19.201}},{"type":"Feature","geometry":{"type":"Point","coordinates":[97.06255,1.41754]},"properties":{"rate_time":17.191}},{"type":"Feature","geometry":{"type":"Point","coordinates":[97.07205,1.41754]},"properties":{"rate_time":11.289}},{"type":"Feature","geometry":{"type":"Point","coordinates":[97.0723,1.41765]},"properties":{"rate_time":10.723}},{"type":"Feature","geometry":{"type":"Point","coordinates":[97.07256,1.41771]},"properties":{"rate_time":9.789}},{"type":"Feature","geometry":{"type":"Point","coordinates":[97.05975,1.41776]},"properties":{"rate_time":19.842}},{"type":"Feature","geometry":{"type":"Point","coordinates":[97.06253,1.41781]},"properties":{"rate_time":20.546}},{"type":"Feature","geometry":{"type":"Point","coordinates":[97.07281,1.41781]},"properties":{"rate_time":9.031}},{"type":"Feature","geometry":{"type":"Point","coordinates":[97.07307,1.41789]},"properties":{"rate_time":8.394}},{"type":"Feature","geometry":{"type":"Point","coordinates":[97.05993,1.41796]},"properties":{"rate_time":21.156}},{"type":"Feature","geometry":{"type":"Point","coordinates":[97.07331,1.41801]},"properties":{"rate_time":1.17}},{"type":"Feature","geometry":{"type":"Point","coordinates":[97.06257,1.41808]},"properties":{"rate_time":21.329}},{"type":"Feature","geometry":{"type":"Point","coordinates":[97.07353,1.41816]},"properties":{"rate_time":2.505}},{"type":"Feature","geometry":{"type":"Point","coordinates":[97.06001,1.41821]},"properties":{"rate_time":22.145}},{"type":"Feature","geometry":{"type":"Point","coordinates":[97.07377,1.41828]},"properties":{"rate_time":1.166}},{"type":"Feature","geometry":{"type":"Point","coordinates":[97.06264,1.41834]},"properties":{"rate_time":35.783}},{"type":"Feature","geometry":{"type":"Point","coordinates":[97.07401,1.4184]},"properties":{"rate_time":2.154}},{"type":"Feature","geometry":{"type":"Point","coordinates":[97.06015,1.41844]},"properties":{"rate_time":39.248}},{"type":"Feature","geometry":{"type":"Point","coordinates":[97.07426,1.41851]},"properties":{"rate_time":2.002}},{"type":"Feature","geometry":{"type":"Point","coordinates":[97.06275,1.41859]},"properties":{"rate_time":36.425}},{"type":"Feature","geometry":{"type":"Point","coordinates":[97.07449,1.41865]},"properties":{"rate_time":2.992}},{"type":"Feature","geometry":{"type":"Point","coordinates":[97.06028,1.41867]},"properties":{"rate_time":39.836}},{"type":"Feature","geometry":{"type":"Point","coordinates":[97.07473,1.41876]},"properties":{"rate_time":2.815}},{"type":"Feature","geometry":{"type":"Point","coordinates":[97.06295,1.41877]},"properties":{"rate_time":36.47}},{"type":"Feature","geometry":{"type":"Point","coordinates":[97.06042,1.4189]},"properties":{"rate_time":40.122}},{"type":"Feature","geometry":{"type":"Point","coordinates":[97.07496,1.4189]},"properties":{"rate_time":4.268}},{"type":"Feature","geometry":{"type":"Point","coordinates":[97.06314,1.41896]},"properties":{"rate_time":36.913}},{"type":"Feature","geometry":{"type":"Point","coordinates":[97.0752,1.41903]},"properties":{"rate_time":4.901}},{"type":"Feature","geometry":{"type":"Point","coordinates":[97.06061,1.41909]},"properties":{"rate_time":40.264}},{"type":"Feature","geometry":{"type":"Point","coordinates":[97.26861,1.41671]},"properties":{"rate_time":2.066}},{"type":"Feature","geometry":{"type":"Point","coordinates":[97.26626,1.41673]},"properties":{"rate_time":0.744}},{"type":"Feature","geometry":{"type":"Point","coordinates":[97.19691,1.41673]},"properties":{"rate_time":1.537}},{"type":"Feature","geometry":{"type":"Point","coordinates":[97.26887,1.41678]},"properties":{"rate_time":2.304}},{"type":"Feature","geometry":{"type":"Point","coordinates":[97.22894,1.41679]},"properties":{"rate_time":2.285}},{"type":"Feature","geometry":{"type":"Point","coordinates":[97.266,1.41681]},"properties":{"rate_time":0.486}},{"type":"Feature","geometry":{"type":"Point","coordinates":[97.25746,1.41685]},"properties":{"rate_time":2.238}},{"type":"Feature","geometry":{"type":"Point","coordinates":[97.26912,1.41687]},"properties":{"rate_time":2.433}},{"type":"Feature","geometry":{"type":"Point","coordinates":[97.27044,1.41689]},"properties":{"rate_time":1.147}},{"type":"Feature","geometry":{"type":"Point","coordinates":[97.22451,1.4169]},"properties":{"rate_time":2.323}},{"type":"Feature","geometry":{"type":"Point","coordinates":[97.26576,1.41692]},"properties":{"rate_time":0.439}},{"type":"Feature","geometry":{"type":"Point","coordinates":[97.27071,1.41694]},"properties":{"rate_time":1.086}},{"type":"Feature","geometry":{"type":"Point","coordinates":[97.27018,1.41695]},"properties":{"rate_time":1.313}},{"type":"Feature","geometry":{"type":"Point","coordinates":[97.26937,1.41696]},"properties":{"rate_time":2.613}},{"type":"Feature","geometry":{"type":"Point","coordinates":[97.26964,1.41697]},"properties":{"rate_time":2.579}},{"type":"Feature","geometry":{"type":"Point","coordinates":[97.26991,1.41697]},"properties":{"rate_time":2.537}},{"type":"Feature","geometry":{"type":"Point","coordinates":[97.1969,1.417]},"properties":{"rate_time":1.652}},{"type":"Feature","geometry":{"type":"Point","coordinates":[97.22906,1.41703]},"properties":{"rate_time":2.551}},{"type":"Feature","geometry":{"type":"Point","coordinates":[97.25766,1.41703]},"properties":{"rate_time":2.216}},{"type":"Feature","geometry":{"type":"Point","coordinates":[97.26555,1.41707]},"properties":{"rate_time":0.177}},{"type":"Feature","geometry":{"type":"Point","coordinates":[97.18421,1.41671]},"properties":{"rate_time":-0.798}},{"type":"Feature","geometry":{"type":"Point","coordinates":[97.16022,1.41672]},"properties":{"rate_time":1.746}},{"type":"Feature","geometry":{"type":"Point","coordinates":[97.18441,1.41689]},"properties":{"rate_time":-0.546}},{"type":"Feature","geometry":{"type":"Point","coordinates":[97.16018,1.41699]},"properties":{"rate_time":1.885}},{"type":"Feature","geometry":{"type":"Point","coordinates":[97.18461,1.41707]},"properties":{"rate_time":-0.288}},{"type":"Feature","geometry":{"type":"Point","coordinates":[97.16028,1.41724]},"properties":{"rate_time":2.204}},{"type":"Feature","geometry":{"type":"Point","coordinates":[97.18481,1.41725]},"properties":{"rate_time":-0.144}},{"type":"Feature","geometry":{"type":"Point","coordinates":[97.16035,1.4174]},"properties":{"rate_time":2.272}},{"type":"Feature","geometry":{"type":"Point","coordinates":[97.18501,1.41743]},"properties":{"rate_time":-0.019}},{"type":"Feature","geometry":{"type":"Point","coordinates":[97.1604,1.41752]},"properties":{"rate_time":1.952}},{"type":"Feature","geometry":{"type":"Point","coordinates":[97.27092,1.4171]},"properties":{"rate_time":1.076}},{"type":"Feature","geometry":{"type":"Point","coordinates":[97.22449,1.41716]},"properties":{"rate_time":2.154}},{"type":"Feature","geometry":{"type":"Point","coordinates":[97.25785,1.41722]},"properties":{"rate_time":2.178}},{"type":"Feature","geometry":{"type":"Point","coordinates":[97.22923,1.41724]},"properties":{"rate_time":3.274}},{"type":"Feature","geometry":{"type":"Point","coordinates":[97.19686,1.41727]},"properties":{"rate_time":1.96}},{"type":"Feature","geometry":{"type":"Point","coordinates":[97.27112,1.41728]},"properties":{"rate_time":1.313}},{"type":"Feature","geometry":{"type":"Point","coordinates":[97.26548,1.41733]},"properties":{"rate_time":0.686}},{"type":"Feature","geometry":{"type":"Point","coordinates":[97.25804,1.41741]},"properties":{"rate_time":2.123}},{"type":"Feature","geometry":{"type":"Point","coordinates":[97.22454,1.41742]},"properties":{"rate_time":1.774}},{"type":"Feature","geometry":{"type":"Point","coordinates":[97.22942,1.41743]},"properties":{"rate_time":2.477}},{"type":"Feature","geometry":{"type":"Point","coordinates":[97.27133,1.41746]},"properties":{"rate_time":1.163}},{"type":"Feature","geometry":{"type":"Point","coordinates":[97.19679,1.41753]},"properties":{"rate_time":2.489}},{"type":"Feature","geometry":{"type":"Point","coordinates":[97.27156,1.4176]},"properties":{"rate_time":1.692}},{"type":"Feature","geometry":{"type":"Point","coordinates":[97.26543,1.4176]},"properties":{"rate_time":1.251}},{"type":"Feature","geometry":{"type":"Point","coordinates":[97.25823,1.41761]},"properties":{"rate_time":2.073}},{"type":"Feature","geometry":{"type":"Point","coordinates":[97.22957,1.41765]},"properties":{"rate_time":2.109}},{"type":"Feature","geometry":{"type":"Point","coordinates":[97.22466,1.41767]},"properties":{"rate_time":1.434}},{"type":"Feature","geometry":{"type":"Point","coordinates":[97.27177,1.41777]},"properties":{"rate_time":2.226}},{"type":"Feature","geometry":{"type":"Point","coordinates":[97.19668,1.41778]},"properties":{"rate_time":2.539}},{"type":"Feature","geometry":{"type":"Point","coordinates":[97.25842,1.41781]},"properties":{"rate_time":2.041}},{"type":"Feature","geometry":{"type":"Point","coordinates":[97.18522,1.41761]},"properties":{"rate_time":-0.042}},{"type":"Feature","geometry":{"type":"Point","coordinates":[97.1738,1.41767]},"properties":{"rate_time":-0.606}},{"type":"Feature","geometry":{"type":"Point","coordinates":[97.17406,1.41772]},"properties":{"rate_time":-0.303}},{"type":"Feature","geometry":{"type":"Point","coordinates":[97.16047,1.41778]},"properties":{"rate_time":-0.185}},{"type":"Feature","geometry":{"type":"Point","coordinates":[97.18543,1.41778]},"properties":{"rate_time":0.05}},{"type":"Feature","geometry":{"type":"Point","coordinates":[97.17358,1.41778]},"properties":{"rate_time":-1.668}},{"type":"Feature","geometry":{"type":"Point","coordinates":[97.17439,1.41792]},"properties":{"rate_time":-0.687}},{"type":"Feature","geometry":{"type":"Point","coordinates":[97.18565,1.41794]},"properties":{"rate_time":0.068}},{"type":"Feature","geometry":{"type":"Point","coordinates":[97.34244,1.4776]},"properties":{"rate_time":1.247}},{"type":"Feature","geometry":{"type":"Point","coordinates":[97.1735,1.41803]},"properties":{"rate_time":-1.489}},{"type":"Feature","geometry":{"type":"Point","coordinates":[97.18588,1.41807]},"properties":{"rate_time":-0.122}},{"type":"Feature","geometry":{"type":"Point","coordinates":[97.26532,1.41785]},"properties":{"rate_time":1.285}},{"type":"Feature","geometry":{"type":"Point","coordinates":[97.27201,1.41786]},"properties":{"rate_time":2.84}},{"type":"Feature","geometry":{"type":"Point","coordinates":[97.22965,1.41791]},"properties":{"rate_time":2.036}},{"type":"Feature","geometry":{"type":"Point","coordinates":[97.22477,1.41792]},"properties":{"rate_time":1.283}},{"type":"Feature","geometry":{"type":"Point","coordinates":[97.27226,1.41796]},"properties":{"rate_time":3.35}},{"type":"Feature","geometry":{"type":"Point","coordinates":[97.19654,1.41801]},"properties":{"rate_time":2.472}},{"type":"Feature","geometry":{"type":"Point","coordinates":[97.25859,1.41801]},"properties":{"rate_time":2.066}},{"type":"Feature","geometry":{"type":"Point","coordinates":[97.27251,1.41807]},"properties":{"rate_time":3.44}},{"type":"Feature","geometry":{"type":"Point","coordinates":[97.26526,1.41811]},"properties":{"rate_time":1.329}},{"type":"Feature","geometry":{"type":"Point","coordinates":[97.27277,1.41814]},"properties":{"rate_time":2.246}},{"type":"Feature","geometry":{"type":"Point","coordinates":[97.17462,1.41807]},"properties":{"rate_time":-1.146}},{"type":"Feature","geometry":{"type":"Point","coordinates":[97.16031,1.41816]},"properties":{"rate_time":-0.018}},{"type":"Feature","geometry":{"type":"Point","coordinates":[97.18612,1.41819]},"properties":{"rate_time":-0.297}},{"type":"Feature","geometry":{"type":"Point","coordinates":[97.18637,1.41829]},"properties":{"rate_time":-0.12}},{"type":"Feature","geometry":{"type":"Point","coordinates":[97.17353,1.4183]},"properties":{"rate_time":-1.047}},{"type":"Feature","geometry":{"type":"Point","coordinates":[97.17472,1.41831]},"properties":{"rate_time":-2.119}},{"type":"Feature","geometry":{"type":"Point","coordinates":[97.1601,1.41834]},"properties":{"rate_time":0.007}},{"type":"Feature","geometry":{"type":"Point","coordinates":[97.18661,1.41841]},"properties":{"rate_time":-0.202}},{"type":"Feature","geometry":{"type":"Point","coordinates":[97.1599,1.41852]},"properties":{"rate_time":0.042}},{"type":"Feature","geometry":{"type":"Point","coordinates":[97.18686,1.41852]},"properties":{"rate_time":0.06}},{"type":"Feature","geometry":{"type":"Point","coordinates":[97.22971,1.41818]},"properties":{"rate_time":2.003}},{"type":"Feature","geometry":{"type":"Point","coordinates":[97.22483,1.41818]},"properties":{"rate_time":1.31}},{"type":"Feature","geometry":{"type":"Point","coordinates":[97.27303,1.4182]},"properties":{"rate_time":2.035}},{"type":"Feature","geometry":{"type":"Point","coordinates":[97.25876,1.41822]},"properties":{"rate_time":2.047}},{"type":"Feature","geometry":{"type":"Point","coordinates":[97.19638,1.41822]},"properties":{"rate_time":1.92}},{"type":"Feature","geometry":{"type":"Point","coordinates":[97.27327,1.41832]},"properties":{"rate_time":1.795}},{"type":"Feature","geometry":{"type":"Point","coordinates":[97.26522,1.41838]},"properties":{"rate_time":1.361}},{"type":"Feature","geometry":{"type":"Point","coordinates":[97.27353,1.4184]},"properties":{"rate_time":1.788}},{"type":"Feature","geometry":{"type":"Point","coordinates":[97.22982,1.41843]},"properties":{"rate_time":0.909}},{"type":"Feature","geometry":{"type":"Point","coordinates":[97.25894,1.41843]},"properties":{"rate_time":2.012}},{"type":"Feature","geometry":{"type":"Point","coordinates":[97.1962,1.41843]},"properties":{"rate_time":0.991}},{"type":"Feature","geometry":{"type":"Point","coordinates":[97.22485,1.41845]},"properties":{"rate_time":1.603}},{"type":"Feature","geometry":{"type":"Point","coordinates":[97.27379,1.41848]},"properties":{"rate_time":2.672}},{"type":"Feature","geometry":{"type":"Point","coordinates":[97.27403,1.4186]},"properties":{"rate_time":2.67}},{"type":"Feature","geometry":{"type":"Point","coordinates":[97.19601,1.41862]},"properties":{"rate_time":1.167}},{"type":"Feature","geometry":{"type":"Point","coordinates":[97.26513,1.41863]},"properties":{"rate_time":1.4}},{"type":"Feature","geometry":{"type":"Point","coordinates":[97.25908,1.41866]},"properties":{"rate_time":2.052}},{"type":"Feature","geometry":{"type":"Point","coordinates":[97.22993,1.41867]},"properties":{"rate_time":-0.213}},{"type":"Feature","geometry":{"type":"Point","coordinates":[97.27427,1.41871]},"properties":{"rate_time":2.639}},{"type":"Feature","geometry":{"type":"Point","coordinates":[97.2249,1.41872]},"properties":{"rate_time":1.936}},{"type":"Feature","geometry":{"type":"Point","coordinates":[97.1746,1.41853]},"properties":{"rate_time":-0.348}},{"type":"Feature","geometry":{"type":"Point","coordinates":[97.17365,1.41854]},"properties":{"rate_time":-0.665}},{"type":"Feature","geometry":{"type":"Point","coordinates":[97.1871,1.41864]},"properties":{"rate_time":0.043}},{"type":"Feature","geometry":{"type":"Point","coordinates":[97.17438,1.41866]},"properties":{"rate_time":-0.955}},{"type":"Feature","geometry":{"type":"Point","coordinates":[97.17386,1.4187]},"properties":{"rate_time":-0.498}},{"type":"Feature","geometry":{"type":"Point","coordinates":[97.15972,1.41872]},"properties":{"rate_time":2.421}},{"type":"Feature","geometry":{"type":"Point","coordinates":[97.17412,1.41872]},"properties":{"rate_time":-0.653}},{"type":"Feature","geometry":{"type":"Point","coordinates":[97.18734,1.41875]},"properties":{"rate_time":-0.039}},{"type":"Feature","geometry":{"type":"Point","coordinates":[97.1876,1.41884]},"properties":{"rate_time":-0.147}},{"type":"Feature","geometry":{"type":"Point","coordinates":[97.1595,1.41887]},"properties":{"rate_time":2.204}},{"type":"Feature","geometry":{"type":"Point","coordinates":[97.19582,1.41881]},"properties":{"rate_time":-0.216}},{"type":"Feature","geometry":{"type":"Point","coordinates":[97.2745,1.41885]},"properties":{"rate_time":2.607}},{"type":"Feature","geometry":{"type":"Point","coordinates":[97.25925,1.41886]},"properties":{"rate_time":2.018}},{"type":"Feature","geometry":{"type":"Point","coordinates":[97.26502,1.41888]},"properties":{"rate_time":1.447}},{"type":"Feature","geometry":{"type":"Point","coordinates":[97.23005,1.41891]},"properties":{"rate_time":-0.236}},{"type":"Feature","geometry":{"type":"Point","coordinates":[97.22501,1.41896]},"properties":{"rate_time":1.936}},{"type":"Feature","geometry":{"type":"Point","coordinates":[97.27475,1.41897]},"properties":{"rate_time":3.04}},{"type":"Feature","geometry":{"type":"Point","coordinates":[97.19562,1.419]},"properties":{"rate_time":0.02}},{"type":"Feature","geometry":{"type":"Point","coordinates":[97.25944,1.41905]},"properties":{"rate_time":1.918}},{"type":"Feature","geometry":{"type":"Point","coordinates":[97.26488,1.4191]},"properties":{"rate_time":1.437}},{"type":"Feature","geometry":{"type":"Point","coordinates":[97.18785,1.41894]},"properties":{"rate_time":-0.282}},{"type":"Feature","geometry":{"type":"Point","coordinates":[97.18809,1.41906]},"properties":{"rate_time":-0.232}},{"type":"Feature","geometry":{"type":"Point","coordinates":[97.15947,1.41909]},"properties":{"rate_time":2.098}},{"type":"Feature","geometry":{"type":"Point","coordinates":[97.19122,1.41914]},"properties":{"rate_time":2.291}},{"type":"Feature","geometry":{"type":"Point","coordinates":[97.19095,1.41914]},"properties":{"rate_time":2.457}},{"type":"Feature","geometry":{"type":"Point","coordinates":[97.19149,1.41915]},"properties":{"rate_time":2.222}},{"type":"Feature","geometry":{"type":"Point","coordinates":[97.19541,1.41916]},"properties":{"rate_time":0.079}},{"type":"Feature","geometry":{"type":"Point","coordinates":[97.19068,1.41916]},"properties":{"rate_time":1.831}},{"type":"Feature","geometry":{"type":"Point","coordinates":[97.18834,1.41917]},"properties":{"rate_time":-0.273}},{"type":"Feature","geometry":{"type":"Point","coordinates":[97.19176,1.41917]},"properties":{"rate_time":2.213}},{"type":"Feature","geometry":{"type":"Point","coordinates":[97.27498,1.41911]},"properties":{"rate_time":3.375}},{"type":"Feature","geometry":{"type":"Point","coordinates":[97.21692,1.41913]},"properties":{"rate_time":2.432}},{"type":"Feature","geometry":{"type":"Point","coordinates":[97.21665,1.41914]},"properties":{"rate_time":2.204}},{"type":"Feature","geometry":{"type":"Point","coordinates":[97.2252,1.41915]},"properties":{"rate_time":1.849}},{"type":"Feature","geometry":{"type":"Point","coordinates":[97.23011,1.41917]},"properties":{"rate_time":-0.165}},{"type":"Feature","geometry":{"type":"Point","coordinates":[97.21718,1.41917]},"properties":{"rate_time":2.142}},{"type":"Feature","geometry":{"type":"Point","coordinates":[97.21639,1.4192]},"properties":{"rate_time":2.255}},{"type":"Feature","geometry":{"type":"Point","coordinates":[97.27521,1.41925]},"properties":{"rate_time":3.036}},{"type":"Feature","geometry":{"type":"Point","coordinates":[97.21741,1.41925]},"properties":{"rate_time":1.648}},{"type":"Feature","geometry":{"type":"Point","coordinates":[97.25961,1.41926]},"properties":{"rate_time":1.825}},{"type":"Feature","geometry":{"type":"Point","coordinates":[97.19042,1.4192]},"properties":{"rate_time":-0.141}},{"type":"Feature","geometry":{"type":"Point","coordinates":[97.19202,1.41924]},"properties":{"rate_time":2.332}},{"type":"Feature","geometry":{"type":"Point","coordinates":[97.19016,1.41929]},"properties":{"rate_time":-0.06}},{"type":"Feature","geometry":{"type":"Point","coordinates":[97.19517,1.41929]},"properties":{"rate_time":1.952}},{"type":"Feature","geometry":{"type":"Point","coordinates":[97.18857,1.41929]},"properties":{"rate_time":-0.206}},{"type":"Feature","geometry":{"type":"Point","coordinates":[97.19228,1.41931]},"properties":{"rate_time":2.179}},{"type":"Feature","geometry":{"type":"Point","coordinates":[97.15956,1.41935]},"properties":{"rate_time":2.437}},{"type":"Feature","geometry":{"type":"Point","coordinates":[97.19255,1.41935]},"properties":{"rate_time":2.32}},{"type":"Feature","geometry":{"type":"Point","coordinates":[97.1899,1.41936]},"properties":{"rate_time":-0.072}},{"type":"Feature","geometry":{"type":"Point","coordinates":[97.18883,1.41938]},"properties":{"rate_time":-0.431}},{"type":"Feature","geometry":{"type":"Point","coordinates":[97.21613,1.41929]},"properties":{"rate_time":2.367}},{"type":"Feature","geometry":{"type":"Point","coordinates":[97.2647,1.41931]},"properties":{"rate_time":1.428}},{"type":"Feature","geometry":{"type":"Point","coordinates":[97.21767,1.41933]},"properties":{"rate_time":1.407}},{"type":"Feature","geometry":{"type":"Point","coordinates":[97.2254,1.41933]},"properties":{"rate_time":1.884}},{"type":"Feature","geometry":{"type":"Point","coordinates":[97.21793,1.41938]},"properties":{"rate_time":1.234}},{"type":"Feature","geometry":{"type":"Point","coordinates":[97.27544,1.41939]},"properties":{"rate_time":3.067}},{"type":"Feature","geometry":{"type":"Point","coordinates":[97.21589,1.41939]},"properties":{"rate_time":2.282}},{"type":"Feature","geometry":{"type":"Point","coordinates":[97.23005,1.41943]},"properties":{"rate_time":-0.262}},{"type":"Feature","geometry":{"type":"Point","coordinates":[97.2182,1.41943]},"properties":{"rate_time":1.076}},{"type":"Feature","geometry":{"type":"Point","coordinates":[97.25978,1.41947]},"properties":{"rate_time":1.78}},{"type":"Feature","geometry":{"type":"Point","coordinates":[97.18963,1.41939]},"properties":{"rate_time":-0.203}},{"type":"Feature","geometry":{"type":"Point","coordinates":[97.18936,1.4194]},"properties":{"rate_time":-0.215}},{"type":"Feature","geometry":{"type":"Point","coordinates":[97.19493,1.4194]},"properties":{"rate_time":2.027}},{"type":"Feature","geometry":{"type":"Point","coordinates":[97.19281,1.4194]},"properties":{"rate_time":2.192}},{"type":"Feature","geometry":{"type":"Point","coordinates":[97.18909,1.41941]},"properties":{"rate_time":-0.231}},{"type":"Feature","geometry":{"type":"Point","coordinates":[97.19308,1.41943]},"properties":{"rate_time":2.144}},{"type":"Feature","geometry":{"type":"Point","coordinates":[97.19335,1.41944]},"properties":{"rate_time":2.172}},{"type":"Feature","geometry":{"type":"Point","coordinates":[97.19467,1.41946]},"properties":{"rate_time":2.499}},{"type":"Feature","geometry":{"type":"Point","coordinates":[97.19362,1.41947]},"properties":{"rate_time":2.036}},{"type":"Feature","geometry":{"type":"Point","coordinates":[97.1944,1.4195]},"properties":{"rate_time":2.426}},{"type":"Feature","geometry":{"type":"Point","coordinates":[97.26451,1.41949]},"properties":{"rate_time":1.524}},{"type":"Feature","geometry":{"type":"Point","coordinates":[97.21846,1.41951]},"properties":{"rate_time":0.977}},{"type":"Feature","geometry":{"type":"Point","coordinates":[97.21564,1.41951]},"properties":{"rate_time":2.325}},{"type":"Feature","geometry":{"type":"Point","coordinates":[97.22558,1.41953]},"properties":{"rate_time":2.189}},{"type":"Feature","geometry":{"type":"Point","coordinates":[97.27566,1.41954]},"properties":{"rate_time":3.076}},{"type":"Feature","geometry":{"type":"Point","coordinates":[97.21871,1.41959]},"properties":{"rate_time":0.945}},{"type":"Feature","geometry":{"type":"Point","coordinates":[97.21541,1.41964]},"properties":{"rate_time":2.128}},{"type":"Feature","geometry":{"type":"Point","coordinates":[97.26429,1.41965]},"properties":{"rate_time":1.713}},{"type":"Feature","geometry":{"type":"Point","coordinates":[97.25995,1.41968]},"properties":{"rate_time":1.83}},{"type":"Feature","geometry":{"type":"Point","coordinates":[97.22996,1.41969]},"properties":{"rate_time":-0.171}},{"type":"Feature","geometry":{"type":"Point","coordinates":[97.27589,1.41969]},"properties":{"rate_time":3.102}},{"type":"Feature","geometry":{"type":"Point","coordinates":[97.21895,1.41971]},"properties":{"rate_time":0.864}},{"type":"Feature","geometry":{"type":"Point","coordinates":[97.22577,1.41973]},"properties":{"rate_time":2.375}},{"type":"Feature","geometry":{"type":"Point","coordinates":[97.26405,1.41978]},"properties":{"rate_time":1.727}},{"type":"Feature","geometry":{"type":"Point","coordinates":[97.27613,1.4198]},"properties":{"rate_time":3.032}},{"type":"Feature","geometry":{"type":"Point","coordinates":[97.21519,1.41981]},"properties":{"rate_time":2.19}},{"type":"Feature","geometry":{"type":"Point","coordinates":[97.21916,1.41989]},"properties":{"rate_time":0.647}},{"type":"Feature","geometry":{"type":"Point","coordinates":[97.2601,1.41991]},"properties":{"rate_time":2.084}},{"type":"Feature","geometry":{"type":"Point","coordinates":[97.26382,1.41992]},"properties":{"rate_time":1.599}},{"type":"Feature","geometry":{"type":"Point","coordinates":[97.22596,1.41992]},"properties":{"rate_time":2.632}},{"type":"Feature","geometry":{"type":"Point","coordinates":[97.22988,1.41994]},"properties":{"rate_time":-0.201}},{"type":"Feature","geometry":{"type":"Point","coordinates":[97.27634,1.41997]},"properties":{"rate_time":3.057}},{"type":"Feature","geometry":{"type":"Point","coordinates":[97.21499,1.41999]},"properties":{"rate_time":2.304}},{"type":"Feature","geometry":{"type":"Point","coordinates":[97.26359,1.42006]},"properties":{"rate_time":1.669}},{"type":"Feature","geometry":{"type":"Point","coordinates":[97.21937,1.42006]},"properties":{"rate_time":0.621}},{"type":"Feature","geometry":{"type":"Point","coordinates":[97.22616,1.4201]},"properties":{"rate_time":-0.243}},{"type":"Feature","geometry":{"type":"Point","coordinates":[97.27656,1.42014]},"properties":{"rate_time":3.1}},{"type":"Feature","geometry":{"type":"Point","coordinates":[97.26024,1.42014]},"properties":{"rate_time":2.334}},{"type":"Feature","geometry":{"type":"Point","coordinates":[97.2148,1.42018]},"properties":{"rate_time":2.41}},{"type":"Feature","geometry":{"type":"Point","coordinates":[97.22975,1.42018]},"properties":{"rate_time":-0.169}},{"type":"Feature","geometry":{"type":"Point","coordinates":[97.19387,1.41955]},"properties":{"rate_time":2.088}},{"type":"Feature","geometry":{"type":"Point","coordinates":[97.19414,1.41956]},"properties":{"rate_time":2.432}},{"type":"Feature","geometry":{"type":"Point","coordinates":[97.15965,1.4196]},"properties":{"rate_time":2.377}},{"type":"Feature","geometry":{"type":"Point","coordinates":[97.15977,1.41984]},"properties":{"rate_time":1.738}},{"type":"Feature","geometry":{"type":"Point","coordinates":[97.15986,1.41995]},"properties":{"rate_time":1.294}},{"type":"Feature","geometry":{"type":"Point","coordinates":[97.16006,1.42013]},"properties":{"rate_time":-0.451}},{"type":"Feature","geometry":{"type":"Point","coordinates":[97.16027,1.4203]},"properties":{"rate_time":-0.374}},{"type":"Feature","geometry":{"type":"Point","coordinates":[97.16048,1.42046]},"properties":{"rate_time":-0.116}},{"type":"Feature","geometry":{"type":"Point","coordinates":[97.15455,1.4206]},"properties":{"rate_time":2.099}},{"type":"Feature","geometry":{"type":"Point","coordinates":[97.16069,1.42063]},"properties":{"rate_time":-0.181}},{"type":"Feature","geometry":{"type":"Point","coordinates":[97.21961,1.42018]},"properties":{"rate_time":0.874}},{"type":"Feature","geometry":{"type":"Point","coordinates":[97.26335,1.42019]},"properties":{"rate_time":1.832}},{"type":"Feature","geometry":{"type":"Point","coordinates":[97.22638,1.42026]},"properties":{"rate_time":-0.289}},{"type":"Feature","geometry":{"type":"Point","coordinates":[97.2631,1.42028]},"properties":{"rate_time":1.934}},{"type":"Feature","geometry":{"type":"Point","coordinates":[97.21986,1.42028]},"properties":{"rate_time":0.91}},{"type":"Feature","geometry":{"type":"Point","coordinates":[97.27676,1.42031]},"properties":{"rate_time":3.97}},{"type":"Feature","geometry":{"type":"Point","coordinates":[97.26042,1.42034]},"properties":{"rate_time":1.483}},{"type":"Feature","geometry":{"type":"Point","coordinates":[97.26284,1.42036]},"properties":{"rate_time":2.011}},{"type":"Feature","geometry":{"type":"Point","coordinates":[97.2146,1.42036]},"properties":{"rate_time":2.207}},{"type":"Feature","geometry":{"type":"Point","coordinates":[97.22012,1.42036]},"properties":{"rate_time":1.071}},{"type":"Feature","geometry":{"type":"Point","coordinates":[97.22958,1.42038]},"properties":{"rate_time":-0.169}},{"type":"Feature","geometry":{"type":"Point","coordinates":[97.22661,1.42039]},"properties":{"rate_time":-0.457}},{"type":"Feature","geometry":{"type":"Point","coordinates":[97.22038,1.42043]},"properties":{"rate_time":1.092}},{"type":"Feature","geometry":{"type":"Point","coordinates":[97.26066,1.42045]},"properties":{"rate_time":2.035}},{"type":"Feature","geometry":{"type":"Point","coordinates":[97.2626,1.42047]},"properties":{"rate_time":2.266}},{"type":"Feature","geometry":{"type":"Point","coordinates":[97.27696,1.42049]},"properties":{"rate_time":2.12}},{"type":"Feature","geometry":{"type":"Point","coordinates":[97.22685,1.4205]},"properties":{"rate_time":-0.405}},{"type":"Feature","geometry":{"type":"Point","coordinates":[97.26093,1.4205]},"properties":{"rate_time":2.669}},{"type":"Feature","geometry":{"type":"Point","coordinates":[97.26233,1.42052]},"properties":{"rate_time":2.368}},{"type":"Feature","geometry":{"type":"Point","coordinates":[97.21438,1.42052]},"properties":{"rate_time":-0.412}},{"type":"Feature","geometry":{"type":"Point","coordinates":[97.22062,1.42053]},"properties":{"rate_time":0.727}},{"type":"Feature","geometry":{"type":"Point","coordinates":[97.26119,1.42053]},"properties":{"rate_time":2.523}},{"type":"Feature","geometry":{"type":"Point","coordinates":[97.22936,1.42053]},"properties":{"rate_time":-0.293}},{"type":"Feature","geometry":{"type":"Point","coordinates":[97.262,1.42054]},"properties":{"rate_time":2.358}},{"type":"Feature","geometry":{"type":"Point","coordinates":[97.26173,1.42054]},"properties":{"rate_time":2.377}},{"type":"Feature","geometry":{"type":"Point","coordinates":[97.26146,1.42054]},"properties":{"rate_time":2.423}},{"type":"Feature","geometry":{"type":"Point","coordinates":[97.22708,1.42064]},"properties":{"rate_time":-0.518}},{"type":"Feature","geometry":{"type":"Point","coordinates":[97.22911,1.42065]},"properties":{"rate_time":-0.52}},{"type":"Feature","geometry":{"type":"Point","coordinates":[97.27717,1.42067]},"properties":{"rate_time":2.631}},{"type":"Feature","geometry":{"type":"Point","coordinates":[97.22085,1.42068]},"properties":{"rate_time":0.391}},{"type":"Feature","geometry":{"type":"Point","coordinates":[97.1548,1.42063]},"properties":{"rate_time":2.476}},{"type":"Feature","geometry":{"type":"Point","coordinates":[97.1561,1.42071]},"properties":{"rate_time":1.593}},{"type":"Feature","geometry":{"type":"Point","coordinates":[97.15584,1.42072]},"properties":{"rate_time":0.083}},{"type":"Feature","geometry":{"type":"Point","coordinates":[97.15504,1.42074]},"properties":{"rate_time":1.442}},{"type":"Feature","geometry":{"type":"Point","coordinates":[97.15637,1.42076]},"properties":{"rate_time":0.123}},{"type":"Feature","geometry":{"type":"Point","coordinates":[97.15557,1.42077]},"properties":{"rate_time":0.116}},{"type":"Feature","geometry":{"type":"Point","coordinates":[97.16091,1.42079]},"properties":{"rate_time":-0.255}},{"type":"Feature","geometry":{"type":"Point","coordinates":[97.15531,1.4208]},"properties":{"rate_time":0.071}},{"type":"Feature","geometry":{"type":"Point","coordinates":[97.15663,1.42082]},"properties":{"rate_time":0.018}},{"type":"Feature","geometry":{"type":"Point","coordinates":[97.15446,1.42086]},"properties":{"rate_time":1.301}},{"type":"Feature","geometry":{"type":"Point","coordinates":[97.21418,1.42071]},"properties":{"rate_time":-0.445}},{"type":"Feature","geometry":{"type":"Point","coordinates":[97.22886,1.42074]},"properties":{"rate_time":-0.592}},{"type":"Feature","geometry":{"type":"Point","coordinates":[97.22732,1.42076]},"properties":{"rate_time":-0.464}},{"type":"Feature","geometry":{"type":"Point","coordinates":[97.22218,1.42077]},"properties":{"rate_time":0.477}},{"type":"Feature","geometry":{"type":"Point","coordinates":[97.22859,1.42077]},"properties":{"rate_time":-0.989}},{"type":"Feature","geometry":{"type":"Point","coordinates":[97.2211,1.42077]},"properties":{"rate_time":0.333}},{"type":"Feature","geometry":{"type":"Point","coordinates":[97.22191,1.42078]},"properties":{"rate_time":0.202}},{"type":"Feature","geometry":{"type":"Point","coordinates":[97.22164,1.4208]},"properties":{"rate_time":0.232}},{"type":"Feature","geometry":{"type":"Point","coordinates":[97.22137,1.4208]},"properties":{"rate_time":0.266}},{"type":"Feature","geometry":{"type":"Point","coordinates":[97.27738,1.42083]},"properties":{"rate_time":2.827}},{"type":"Feature","geometry":{"type":"Point","coordinates":[97.22833,1.42084]},"properties":{"rate_time":-0.968}},{"type":"Feature","geometry":{"type":"Point","coordinates":[97.21399,1.4209]},"properties":{"rate_time":-0.455}},{"type":"Feature","geometry":{"type":"Point","coordinates":[97.22755,1.4209]},"properties":{"rate_time":-0.531}},{"type":"Feature","geometry":{"type":"Point","coordinates":[97.22808,1.42093]},"properties":{"rate_time":-0.834}},{"type":"Feature","geometry":{"type":"Point","coordinates":[97.22781,1.42093]},"properties":{"rate_time":-0.689}},{"type":"Feature","geometry":{"type":"Point","coordinates":[97.22236,1.42094]},"properties":{"rate_time":0.355}},{"type":"Feature","geometry":{"type":"Point","coordinates":[97.27759,1.421]},"properties":{"rate_time":2.757}},{"type":"Feature","geometry":{"type":"Point","coordinates":[97.21381,1.42109]},"properties":{"rate_time":-0.406}},{"type":"Feature","geometry":{"type":"Point","coordinates":[97.22249,1.42118]},"properties":{"rate_time":0.349}},{"type":"Feature","geometry":{"type":"Point","coordinates":[97.27779,1.42118]},"properties":{"rate_time":2.936}},{"type":"Feature","geometry":{"type":"Point","coordinates":[97.15689,1.42091]},"properties":{"rate_time":-0.062}},{"type":"Feature","geometry":{"type":"Point","coordinates":[97.16114,1.42093]},"properties":{"rate_time":-0.192}},{"type":"Feature","geometry":{"type":"Point","coordinates":[97.15714,1.421]},"properties":{"rate_time":-0.119}},{"type":"Feature","geometry":{"type":"Point","coordinates":[97.16138,1.42106]},"properties":{"rate_time":-0.176}},{"type":"Feature","geometry":{"type":"Point","coordinates":[97.15446,1.42113]},"properties":{"rate_time":-1.241}},{"type":"Feature","geometry":{"type":"Point","coordinates":[97.15735,1.42115]},"properties":{"rate_time":-0.206}},{"type":"Feature","geometry":{"type":"Point","coordinates":[97.16161,1.4212]},"properties":{"rate_time":-0.298}},{"type":"Feature","geometry":{"type":"Point","coordinates":[97.15363,1.42132]},"properties":{"rate_time":2.096}},{"type":"Feature","geometry":{"type":"Point","coordinates":[97.1539,1.42135]},"properties":{"rate_time":-1.066}},{"type":"Feature","geometry":{"type":"Point","coordinates":[97.15753,1.42136]},"properties":{"rate_time":-0.28}},{"type":"Feature","geometry":{"type":"Point","coordinates":[97.16182,1.42137]},"properties":{"rate_time":-0.534}},{"type":"Feature","geometry":{"type":"Point","coordinates":[97.15339,1.42137]},"properties":{"rate_time":2.214}},{"type":"Feature","geometry":{"type":"Point","coordinates":[97.15448,1.4214]},"properties":{"rate_time":-1.016}},{"type":"Feature","geometry":{"type":"Point","coordinates":[97.1541,1.42149]},"properties":{"rate_time":-0.889}},{"type":"Feature","geometry":{"type":"Point","coordinates":[97.16203,1.42154]},"properties":{"rate_time":-0.559}},{"type":"Feature","geometry":{"type":"Point","coordinates":[97.15319,1.42155]},"properties":{"rate_time":-0.112}},{"type":"Feature","geometry":{"type":"Point","coordinates":[97.15764,1.42161]},"properties":{"rate_time":-0.215}},{"type":"Feature","geometry":{"type":"Point","coordinates":[97.15457,1.42165]},"properties":{"rate_time":-0.677}},{"type":"Feature","geometry":{"type":"Point","coordinates":[97.1684,1.4217]},"properties":{"rate_time":-0.153}},{"type":"Feature","geometry":{"type":"Point","coordinates":[97.16224,1.4217]},"properties":{"rate_time":-0.544}},{"type":"Feature","geometry":{"type":"Point","coordinates":[97.21364,1.42131]},"properties":{"rate_time":-0.659}},{"type":"Feature","geometry":{"type":"Point","coordinates":[97.27799,1.42137]},"properties":{"rate_time":3.088}},{"type":"Feature","geometry":{"type":"Point","coordinates":[97.22262,1.42142]},"properties":{"rate_time":0.485}},{"type":"Feature","geometry":{"type":"Point","coordinates":[97.21347,1.42152]},"properties":{"rate_time":-0.784}},{"type":"Feature","geometry":{"type":"Point","coordinates":[97.27819,1.42155]},"properties":{"rate_time":3.247}},{"type":"Feature","geometry":{"type":"Point","coordinates":[97.22272,1.42167]},"properties":{"rate_time":0.425}},{"type":"Feature","geometry":{"type":"Point","coordinates":[97.21329,1.42172]},"properties":{"rate_time":-0.857}},{"type":"Feature","geometry":{"type":"Point","coordinates":[97.27839,1.42173]},"properties":{"rate_time":3.43}},{"type":"Feature","geometry":{"type":"Point","coordinates":[97.21309,1.4219]},"properties":{"rate_time":-0.645}},{"type":"Feature","geometry":{"type":"Point","coordinates":[97.22284,1.42191]},"properties":{"rate_time":0.64}},{"type":"Feature","geometry":{"type":"Point","coordinates":[97.06334,1.41914]},"properties":{"rate_time":37.298}},{"type":"Feature","geometry":{"type":"Point","coordinates":[97.07543,1.41916]},"properties":{"rate_time":4.648}},{"type":"Feature","geometry":{"type":"Point","coordinates":[97.06078,1.41929]},"properties":{"rate_time":40.475}},{"type":"Feature","geometry":{"type":"Point","coordinates":[97.07565,1.41931]},"properties":{"rate_time":4.317}},{"type":"Feature","geometry":{"type":"Point","coordinates":[97.06354,1.41932]},"properties":{"rate_time":37.796}},{"type":"Feature","geometry":{"type":"Point","coordinates":[97.06102,1.41942]},"properties":{"rate_time":40.544}},{"type":"Feature","geometry":{"type":"Point","coordinates":[97.07587,1.41947]},"properties":{"rate_time":4.056}},{"type":"Feature","geometry":{"type":"Point","coordinates":[97.06375,1.41948]},"properties":{"rate_time":38.332}},{"type":"Feature","geometry":{"type":"Point","coordinates":[97.06402,1.41953]},"properties":{"rate_time":38.665}},{"type":"Feature","geometry":{"type":"Point","coordinates":[97.06506,1.41955]},"properties":{"rate_time":42.626}},{"type":"Feature","geometry":{"type":"Point","coordinates":[97.06533,1.41955]},"properties":{"rate_time":29.003}},{"type":"Feature","geometry":{"type":"Point","coordinates":[97.06121,1.41961]},"properties":{"rate_time":40.778}},{"type":"Feature","geometry":{"type":"Point","coordinates":[97.07609,1.41962]},"properties":{"rate_time":3.853}},{"type":"Feature","geometry":{"type":"Point","coordinates":[97.06421,1.41969]},"properties":{"rate_time":38.736}},{"type":"Feature","geometry":{"type":"Point","coordinates":[97.06552,1.41974]},"properties":{"rate_time":29.18}},{"type":"Feature","geometry":{"type":"Point","coordinates":[97.07631,1.41978]},"properties":{"rate_time":3.782}},{"type":"Feature","geometry":{"type":"Point","coordinates":[97.06142,1.41979]},"properties":{"rate_time":40.972}},{"type":"Feature","geometry":{"type":"Point","coordinates":[97.06497,1.4198]},"properties":{"rate_time":30.589}},{"type":"Feature","geometry":{"type":"Point","coordinates":[97.07654,1.41992]},"properties":{"rate_time":3.405}},{"type":"Feature","geometry":{"type":"Point","coordinates":[97.06571,1.41993]},"properties":{"rate_time":35.92}},{"type":"Feature","geometry":{"type":"Point","coordinates":[97.06418,1.41996]},"properties":{"rate_time":39.444}},{"type":"Feature","geometry":{"type":"Point","coordinates":[97.06163,1.41996]},"properties":{"rate_time":41.135}},{"type":"Feature","geometry":{"type":"Point","coordinates":[97.06501,1.42006]},"properties":{"rate_time":50.023}},{"type":"Feature","geometry":{"type":"Point","coordinates":[97.07676,1.42008]},"properties":{"rate_time":3.303}},{"type":"Feature","geometry":{"type":"Point","coordinates":[97.0659,1.42012]},"properties":{"rate_time":39.948}},{"type":"Feature","geometry":{"type":"Point","coordinates":[97.06184,1.42013]},"properties":{"rate_time":41.359}},{"type":"Feature","geometry":{"type":"Point","coordinates":[97.06424,1.42021]},"properties":{"rate_time":40.47}},{"type":"Feature","geometry":{"type":"Point","coordinates":[97.07698,1.42023]},"properties":{"rate_time":3.368}},{"type":"Feature","geometry":{"type":"Point","coordinates":[97.06499,1.42026]},"properties":{"rate_time":39.213}},{"type":"Feature","geometry":{"type":"Point","coordinates":[97.06448,1.42032]},"properties":{"rate_time":40.062}},{"type":"Feature","geometry":{"type":"Point","coordinates":[97.06605,1.42034]},"properties":{"rate_time":36.765}},{"type":"Feature","geometry":{"type":"Point","coordinates":[97.07723,1.42034]},"properties":{"rate_time":3.441}},{"type":"Feature","geometry":{"type":"Point","coordinates":[97.062,1.42034]},"properties":{"rate_time":39.771}},{"type":"Feature","geometry":{"type":"Point","coordinates":[97.06475,1.42037]},"properties":{"rate_time":39.771}},{"type":"Feature","geometry":{"type":"Point","coordinates":[97.07743,1.42052]},"properties":{"rate_time":3.632}},{"type":"Feature","geometry":{"type":"Point","coordinates":[97.06219,1.42053]},"properties":{"rate_time":40.015}},{"type":"Feature","geometry":{"type":"Point","coordinates":[97.06621,1.42054]},"properties":{"rate_time":37.029}},{"type":"Feature","geometry":{"type":"Point","coordinates":[97.06646,1.42062]},"properties":{"rate_time":38.406}},{"type":"Feature","geometry":{"type":"Point","coordinates":[97.06673,1.42065]},"properties":{"rate_time":38.121}},{"type":"Feature","geometry":{"type":"Point","coordinates":[97.07766,1.42066]},"properties":{"rate_time":-0.424}},{"type":"Feature","geometry":{"type":"Point","coordinates":[97.06241,1.42068]},"properties":{"rate_time":40.651}},{"type":"Feature","geometry":{"type":"Point","coordinates":[97.06182,1.42078]},"properties":{"rate_time":38.272}},{"type":"Feature","geometry":{"type":"Point","coordinates":[97.07789,1.4208]},"properties":{"rate_time":-0.372}},{"type":"Feature","geometry":{"type":"Point","coordinates":[97.0669,1.42081]},"properties":{"rate_time":33.551}},{"type":"Feature","geometry":{"type":"Point","coordinates":[97.06258,1.42089]},"properties":{"rate_time":41.299}},{"type":"Feature","geometry":{"type":"Point","coordinates":[97.06202,1.42089]},"properties":{"rate_time":40.026}},{"type":"Feature","geometry":{"type":"Point","coordinates":[97.07813,1.42093]},"properties":{"rate_time":-0.315}},{"type":"Feature","geometry":{"type":"Point","coordinates":[97.06171,1.42102]},"properties":{"rate_time":38.496}},{"type":"Feature","geometry":{"type":"Point","coordinates":[97.06682,1.42106]},"properties":{"rate_time":52.491}},{"type":"Feature","geometry":{"type":"Point","coordinates":[97.07836,1.42106]},"properties":{"rate_time":-0.324}},{"type":"Feature","geometry":{"type":"Point","coordinates":[97.06222,1.42108]},"properties":{"rate_time":38.657}},{"type":"Feature","geometry":{"type":"Point","coordinates":[97.06271,1.42113]},"properties":{"rate_time":42.064}},{"type":"Feature","geometry":{"type":"Point","coordinates":[97.0786,1.42118]},"properties":{"rate_time":-0.168}},{"type":"Feature","geometry":{"type":"Point","coordinates":[97.07887,1.42121]},"properties":{"rate_time":-0.503}},{"type":"Feature","geometry":{"type":"Point","coordinates":[97.06665,1.42126]},"properties":{"rate_time":53.394}},{"type":"Feature","geometry":{"type":"Point","coordinates":[97.07913,1.42126]},"properties":{"rate_time":-0.984}},{"type":"Feature","geometry":{"type":"Point","coordinates":[97.0618,1.42128]},"properties":{"rate_time":39.321}},{"type":"Feature","geometry":{"type":"Point","coordinates":[97.06238,1.4213]},"properties":{"rate_time":39.27}},{"type":"Feature","geometry":{"type":"Point","coordinates":[97.06284,1.42136]},"properties":{"rate_time":44.085}},{"type":"Feature","geometry":{"type":"Point","coordinates":[97.07937,1.42137]},"properties":{"rate_time":-1.439}},{"type":"Feature","geometry":{"type":"Point","coordinates":[97.06197,1.42148]},"properties":{"rate_time":43.863}},{"type":"Feature","geometry":{"type":"Point","coordinates":[97.06662,1.42153]},"properties":{"rate_time":52.089}},{"type":"Feature","geometry":{"type":"Point","coordinates":[97.06252,1.42153]},"properties":{"rate_time":43.102}},{"type":"Feature","geometry":{"type":"Point","coordinates":[97.06302,1.42157]},"properties":{"rate_time":44.618}},{"type":"Feature","geometry":{"type":"Point","coordinates":[97.07955,1.42157]},"properties":{"rate_time":-0.547}},{"type":"Feature","geometry":{"type":"Point","coordinates":[97.06219,1.42164]},"properties":{"rate_time":44.856}},{"type":"Feature","geometry":{"type":"Point","coordinates":[97.06243,1.42175]},"properties":{"rate_time":45.757}},{"type":"Feature","geometry":{"type":"Point","coordinates":[97.06265,1.42177]},"properties":{"rate_time":31.637}},{"type":"Feature","geometry":{"type":"Point","coordinates":[97.07974,1.42177]},"properties":{"rate_time":-0.432}},{"type":"Feature","geometry":{"type":"Point","coordinates":[97.06318,1.42178]},"properties":{"rate_time":41.347}},{"type":"Feature","geometry":{"type":"Point","coordinates":[97.06663,1.4218]},"properties":{"rate_time":46.808}},{"type":"Feature","geometry":{"type":"Point","coordinates":[97.06262,1.42193]},"properties":{"rate_time":32.226}},{"type":"Feature","geometry":{"type":"Point","coordinates":[97.07993,1.42195]},"properties":{"rate_time":-0.348}},{"type":"Feature","geometry":{"type":"Point","coordinates":[97.06336,1.42198]},"properties":{"rate_time":41.799}},{"type":"Feature","geometry":{"type":"Point","coordinates":[97.06671,1.42205]},"properties":{"rate_time":47.454}},{"type":"Feature","geometry":{"type":"Point","coordinates":[97.08017,1.42208]},"properties":{"rate_time":-0.222}},{"type":"Feature","geometry":{"type":"Point","coordinates":[97.06357,1.42215]},"properties":{"rate_time":40.558}},{"type":"Feature","geometry":{"type":"Point","coordinates":[97.08043,1.42216]},"properties":{"rate_time":-0.215}},{"type":"Feature","geometry":{"type":"Point","coordinates":[97.06689,1.42225]},"properties":{"rate_time":49.467}},{"type":"Feature","geometry":{"type":"Point","coordinates":[97.08068,1.42226]},"properties":{"rate_time":-0.302}},{"type":"Feature","geometry":{"type":"Point","coordinates":[97.06377,1.42233]},"properties":{"rate_time":40.697}},{"type":"Feature","geometry":{"type":"Point","coordinates":[97.08093,1.42236]},"properties":{"rate_time":-0.42}},{"type":"Feature","geometry":{"type":"Point","coordinates":[97.06712,1.42239]},"properties":{"rate_time":49.086}},{"type":"Feature","geometry":{"type":"Point","coordinates":[97.06737,1.42247]},"properties":{"rate_time":54.579}},{"type":"Feature","geometry":{"type":"Point","coordinates":[97.06398,1.4225]},"properties":{"rate_time":40.876}},{"type":"Feature","geometry":{"type":"Point","coordinates":[97.08115,1.42251]},"properties":{"rate_time":-1.136}},{"type":"Feature","geometry":{"type":"Point","coordinates":[97.06761,1.42259]},"properties":{"rate_time":56.856}},{"type":"Feature","geometry":{"type":"Point","coordinates":[97.08137,1.42267]},"properties":{"rate_time":-0.641}},{"type":"Feature","geometry":{"type":"Point","coordinates":[97.06419,1.42268]},"properties":{"rate_time":40.936}},{"type":"Feature","geometry":{"type":"Point","coordinates":[97.06779,1.42279]},"properties":{"rate_time":56.699}},{"type":"Feature","geometry":{"type":"Point","coordinates":[97.0816,1.4228]},"properties":{"rate_time":-0.109}},{"type":"Feature","geometry":{"type":"Point","coordinates":[97.08186,1.42285]},"properties":{"rate_time":0.035}},{"type":"Feature","geometry":{"type":"Point","coordinates":[97.06436,1.42288]},"properties":{"rate_time":33.306}},{"type":"Feature","geometry":{"type":"Point","coordinates":[97.34262,1.47781]},"properties":{"rate_time":1.53}},{"type":"Feature","geometry":{"type":"Point","coordinates":[97.08213,1.4229]},"properties":{"rate_time":0.01}},{"type":"Feature","geometry":{"type":"Point","coordinates":[97.08239,1.42298]},"properties":{"rate_time":-0.04}},{"type":"Feature","geometry":{"type":"Point","coordinates":[97.0679,1.42303]},"properties":{"rate_time":56.974}},{"type":"Feature","geometry":{"type":"Point","coordinates":[97.08265,1.42304]},"properties":{"rate_time":0.04}},{"type":"Feature","geometry":{"type":"Point","coordinates":[97.08291,1.42309]},"properties":{"rate_time":-0.088}},{"type":"Feature","geometry":{"type":"Point","coordinates":[97.06451,1.42311]},"properties":{"rate_time":33.74}},{"type":"Feature","geometry":{"type":"Point","coordinates":[97.08317,1.42318]},"properties":{"rate_time":-0.441}},{"type":"Feature","geometry":{"type":"Point","coordinates":[97.15297,1.42171]},"properties":{"rate_time":0.007}},{"type":"Feature","geometry":{"type":"Point","coordinates":[97.15415,1.42172]},"properties":{"rate_time":-0.732}},{"type":"Feature","geometry":{"type":"Point","coordinates":[97.16866,1.42175]},"properties":{"rate_time":0.041}},{"type":"Feature","geometry":{"type":"Point","coordinates":[97.16816,1.42178]},"properties":{"rate_time":-0.311}},{"type":"Feature","geometry":{"type":"Point","coordinates":[97.15777,1.42184]},"properties":{"rate_time":-0.4}},{"type":"Feature","geometry":{"type":"Point","coordinates":[97.15274,1.42186]},"properties":{"rate_time":0.08}},{"type":"Feature","geometry":{"type":"Point","coordinates":[97.34279,1.47801]},"properties":{"rate_time":1.39}},{"type":"Feature","geometry":{"type":"Point","coordinates":[97.16247,1.42186]},"properties":{"rate_time":-0.551}},{"type":"Feature","geometry":{"type":"Point","coordinates":[97.16889,1.42189]},"properties":{"rate_time":0.128}},{"type":"Feature","geometry":{"type":"Point","coordinates":[97.15449,1.42191]},"properties":{"rate_time":-0.274}},{"type":"Feature","geometry":{"type":"Point","coordinates":[97.15248,1.42191]},"properties":{"rate_time":0.159}},{"type":"Feature","geometry":{"type":"Point","coordinates":[97.15222,1.42195]},"properties":{"rate_time":0.267}},{"type":"Feature","geometry":{"type":"Point","coordinates":[97.16904,1.42196]},"properties":{"rate_time":0.098}},{"type":"Feature","geometry":{"type":"Point","coordinates":[97.15404,1.42197]},"properties":{"rate_time":-0.385}},{"type":"Feature","geometry":{"type":"Point","coordinates":[97.16799,1.42197]},"properties":{"rate_time":-0.379}},{"type":"Feature","geometry":{"type":"Point","coordinates":[97.15917,1.42201]},"properties":{"rate_time":-0.464}},{"type":"Feature","geometry":{"type":"Point","coordinates":[97.16268,1.42202]},"properties":{"rate_time":-0.495}},{"type":"Feature","geometry":{"type":"Point","coordinates":[97.15891,1.42206]},"properties":{"rate_time":-0.291}},{"type":"Feature","geometry":{"type":"Point","coordinates":[97.15942,1.42206]},"properties":{"rate_time":-0.5}},{"type":"Feature","geometry":{"type":"Point","coordinates":[97.16929,1.42206]},"properties":{"rate_time":0.111}},{"type":"Feature","geometry":{"type":"Point","coordinates":[97.15198,1.42207]},"properties":{"rate_time":0.228}},{"type":"Feature","geometry":{"type":"Point","coordinates":[97.27859,1.42192]},"properties":{"rate_time":3.586}},{"type":"Feature","geometry":{"type":"Point","coordinates":[97.27878,1.42211]},"properties":{"rate_time":3.713}},{"type":"Feature","geometry":{"type":"Point","coordinates":[97.21294,1.42212]},"properties":{"rate_time":-0.619}},{"type":"Feature","geometry":{"type":"Point","coordinates":[97.26604,1.42215]},"properties":{"rate_time":-0.207}},{"type":"Feature","geometry":{"type":"Point","coordinates":[97.22291,1.42217]},"properties":{"rate_time":0.802}},{"type":"Feature","geometry":{"type":"Point","coordinates":[97.2658,1.42225]},"properties":{"rate_time":-0.249}},{"type":"Feature","geometry":{"type":"Point","coordinates":[97.27899,1.42227]},"properties":{"rate_time":3.778}},{"type":"Feature","geometry":{"type":"Point","coordinates":[97.21281,1.42236]},"properties":{"rate_time":-0.691}},{"type":"Feature","geometry":{"type":"Point","coordinates":[97.22297,1.42244]},"properties":{"rate_time":0.977}},{"type":"Feature","geometry":{"type":"Point","coordinates":[97.26561,1.42244]},"properties":{"rate_time":-0.251}},{"type":"Feature","geometry":{"type":"Point","coordinates":[97.15866,1.42216]},"properties":{"rate_time":-0.279}},{"type":"Feature","geometry":{"type":"Point","coordinates":[97.15447,1.42218]},"properties":{"rate_time":-0.191}},{"type":"Feature","geometry":{"type":"Point","coordinates":[97.16951,1.4222]},"properties":{"rate_time":0.092}},{"type":"Feature","geometry":{"type":"Point","coordinates":[97.16287,1.42222]},"properties":{"rate_time":-0.532}},{"type":"Feature","geometry":{"type":"Point","coordinates":[97.15396,1.42222]},"properties":{"rate_time":-0.3}},{"type":"Feature","geometry":{"type":"Point","coordinates":[97.15176,1.42222]},"properties":{"rate_time":0.184}},{"type":"Feature","geometry":{"type":"Point","coordinates":[97.16799,1.42224]},"properties":{"rate_time":-0.362}},{"type":"Feature","geometry":{"type":"Point","coordinates":[97.15784,1.42227]},"properties":{"rate_time":-0.045}},{"type":"Feature","geometry":{"type":"Point","coordinates":[97.15948,1.42232]},"properties":{"rate_time":-0.068}},{"type":"Feature","geometry":{"type":"Point","coordinates":[97.16974,1.42235]},"properties":{"rate_time":0.119}},{"type":"Feature","geometry":{"type":"Point","coordinates":[97.15848,1.42236]},"properties":{"rate_time":-0.31}},{"type":"Feature","geometry":{"type":"Point","coordinates":[97.15154,1.42239]},"properties":{"rate_time":0.154}},{"type":"Feature","geometry":{"type":"Point","coordinates":[97.15461,1.42241]},"properties":{"rate_time":-0.244}},{"type":"Feature","geometry":{"type":"Point","coordinates":[97.16301,1.42244]},"properties":{"rate_time":-0.353}},{"type":"Feature","geometry":{"type":"Point","coordinates":[97.15404,1.42248]},"properties":{"rate_time":-0.256}},{"type":"Feature","geometry":{"type":"Point","coordinates":[97.16806,1.4225]},"properties":{"rate_time":-0.497}},{"type":"Feature","geometry":{"type":"Point","coordinates":[97.16995,1.42252]},"properties":{"rate_time":0.045}},{"type":"Feature","geometry":{"type":"Point","coordinates":[97.15783,1.42254]},"properties":{"rate_time":-1.4}},{"type":"Feature","geometry":{"type":"Point","coordinates":[97.15134,1.42257]},"properties":{"rate_time":0.144}},{"type":"Feature","geometry":{"type":"Point","coordinates":[97.15955,1.42259]},"properties":{"rate_time":-0.169}},{"type":"Feature","geometry":{"type":"Point","coordinates":[97.2792,1.42245]},"properties":{"rate_time":3.764}},{"type":"Feature","geometry":{"type":"Point","coordinates":[97.26625,1.42251]},"properties":{"rate_time":0.171}},{"type":"Feature","geometry":{"type":"Point","coordinates":[97.21272,1.42261]},"properties":{"rate_time":-0.711}},{"type":"Feature","geometry":{"type":"Point","coordinates":[97.27941,1.42261]},"properties":{"rate_time":3.727}},{"type":"Feature","geometry":{"type":"Point","coordinates":[97.26546,1.42267]},"properties":{"rate_time":-0.282}},{"type":"Feature","geometry":{"type":"Point","coordinates":[97.22304,1.4227]},"properties":{"rate_time":1.248}},{"type":"Feature","geometry":{"type":"Point","coordinates":[97.26613,1.42276]},"properties":{"rate_time":0.168}},{"type":"Feature","geometry":{"type":"Point","coordinates":[97.27963,1.42277]},"properties":{"rate_time":3.624}},{"type":"Feature","geometry":{"type":"Point","coordinates":[97.21268,1.42288]},"properties":{"rate_time":-0.606}},{"type":"Feature","geometry":{"type":"Point","coordinates":[97.26535,1.42291]},"properties":{"rate_time":-0.37}},{"type":"Feature","geometry":{"type":"Point","coordinates":[97.15834,1.42259]},"properties":{"rate_time":-1.719}},{"type":"Feature","geometry":{"type":"Point","coordinates":[97.15478,1.42261]},"properties":{"rate_time":0.182}},{"type":"Feature","geometry":{"type":"Point","coordinates":[97.17015,1.4227]},"properties":{"rate_time":-0.195}},{"type":"Feature","geometry":{"type":"Point","coordinates":[97.15046,1.4227]},"properties":{"rate_time":4.289}},{"type":"Feature","geometry":{"type":"Point","coordinates":[97.16307,1.42271]},"properties":{"rate_time":-0.233}},{"type":"Feature","geometry":{"type":"Point","coordinates":[97.15411,1.42274]},"properties":{"rate_time":-0.052}},{"type":"Feature","geometry":{"type":"Point","coordinates":[97.15114,1.42275]},"properties":{"rate_time":0.004}},{"type":"Feature","geometry":{"type":"Point","coordinates":[97.16809,1.42277]},"properties":{"rate_time":-0.343}},{"type":"Feature","geometry":{"type":"Point","coordinates":[97.15786,1.42281]},"properties":{"rate_time":-1.498}},{"type":"Feature","geometry":{"type":"Point","coordinates":[97.15068,1.42281]},"properties":{"rate_time":-1.29}},{"type":"Feature","geometry":{"type":"Point","coordinates":[97.15496,1.42282]},"properties":{"rate_time":0.819}},{"type":"Feature","geometry":{"type":"Point","coordinates":[97.15022,1.42283]},"properties":{"rate_time":-1.104}},{"type":"Feature","geometry":{"type":"Point","coordinates":[97.15833,1.42283]},"properties":{"rate_time":-1.616}},{"type":"Feature","geometry":{"type":"Point","coordinates":[97.15964,1.42284]},"properties":{"rate_time":-0.411}},{"type":"Feature","geometry":{"type":"Point","coordinates":[97.17038,1.42285]},"properties":{"rate_time":-0.176}},{"type":"Feature","geometry":{"type":"Point","coordinates":[97.15092,1.42287]},"properties":{"rate_time":-0.54}},{"type":"Feature","geometry":{"type":"Point","coordinates":[97.14999,1.42296]},"properties":{"rate_time":-0.804}},{"type":"Feature","geometry":{"type":"Point","coordinates":[97.16314,1.42297]},"properties":{"rate_time":-0.099}},{"type":"Feature","geometry":{"type":"Point","coordinates":[97.15984,1.423]},"properties":{"rate_time":-0.39}},{"type":"Feature","geometry":{"type":"Point","coordinates":[97.15415,1.423]},"properties":{"rate_time":0.227}},{"type":"Feature","geometry":{"type":"Point","coordinates":[97.1706,1.42301]},"properties":{"rate_time":0.024}},{"type":"Feature","geometry":{"type":"Point","coordinates":[97.16806,1.42304]},"properties":{"rate_time":-0.299}},{"type":"Feature","geometry":{"type":"Point","coordinates":[97.15798,1.42305]},"properties":{"rate_time":-1.462}},{"type":"Feature","geometry":{"type":"Point","coordinates":[97.15505,1.42305]},"properties":{"rate_time":-0.492}},{"type":"Feature","geometry":{"type":"Point","coordinates":[97.1601,1.42307]},"properties":{"rate_time":-0.411}},{"type":"Feature","geometry":{"type":"Point","coordinates":[97.15837,1.42308]},"properties":{"rate_time":-1.444}},{"type":"Feature","geometry":{"type":"Point","coordinates":[97.17085,1.42309]},"properties":{"rate_time":-0.214}},{"type":"Feature","geometry":{"type":"Point","coordinates":[97.17112,1.42313]},"properties":{"rate_time":-0.06}},{"type":"Feature","geometry":{"type":"Point","coordinates":[97.14981,1.42316]},"properties":{"rate_time":-0.412}},{"type":"Feature","geometry":{"type":"Point","coordinates":[97.15819,1.42318]},"properties":{"rate_time":-2.188}},{"type":"Feature","geometry":{"type":"Point","coordinates":[97.22309,1.42296]},"properties":{"rate_time":1.582}},{"type":"Feature","geometry":{"type":"Point","coordinates":[97.27981,1.42297]},"properties":{"rate_time":3.607}},{"type":"Feature","geometry":{"type":"Point","coordinates":[97.26599,1.42299]},"properties":{"rate_time":0.123}},{"type":"Feature","geometry":{"type":"Point","coordinates":[97.21265,1.42315]},"properties":{"rate_time":-0.513}},{"type":"Feature","geometry":{"type":"Point","coordinates":[97.26534,1.42315]},"properties":{"rate_time":-0.318}},{"type":"Feature","geometry":{"type":"Point","coordinates":[97.27999,1.42317]},"properties":{"rate_time":3.586}},{"type":"Feature","geometry":{"type":"Point","coordinates":[97.26581,1.42318]},"properties":{"rate_time":0.06}},{"type":"Feature","geometry":{"type":"Point","coordinates":[97.22308,1.42323]},"properties":{"rate_time":1.759}},{"type":"Feature","geometry":{"type":"Point","coordinates":[97.26557,1.42328]},"properties":{"rate_time":-0.154}},{"type":"Feature","geometry":{"type":"Point","coordinates":[97.28018,1.42337]},"properties":{"rate_time":3.475}},{"type":"Feature","geometry":{"type":"Point","coordinates":[97.06794,1.4233]},"properties":{"rate_time":51.967}},{"type":"Feature","geometry":{"type":"Point","coordinates":[97.0834,1.42331]},"properties":{"rate_time":-0.755}},{"type":"Feature","geometry":{"type":"Point","coordinates":[97.06459,1.42336]},"properties":{"rate_time":37.235}},{"type":"Feature","geometry":{"type":"Point","coordinates":[97.08366,1.4234]},"properties":{"rate_time":-0.031}},{"type":"Feature","geometry":{"type":"Point","coordinates":[97.08391,1.42348]},"properties":{"rate_time":-0.345}},{"type":"Feature","geometry":{"type":"Point","coordinates":[97.06794,1.42357]},"properties":{"rate_time":52.664}},{"type":"Feature","geometry":{"type":"Point","coordinates":[97.08414,1.42362]},"properties":{"rate_time":-0.217}},{"type":"Feature","geometry":{"type":"Point","coordinates":[97.06465,1.42363]},"properties":{"rate_time":37.74}},{"type":"Feature","geometry":{"type":"Point","coordinates":[97.08439,1.42373]},"properties":{"rate_time":-0.174}},{"type":"Feature","geometry":{"type":"Point","coordinates":[97.06482,1.42382]},"properties":{"rate_time":38.005}},{"type":"Feature","geometry":{"type":"Point","coordinates":[97.0679,1.42383]},"properties":{"rate_time":53.531}},{"type":"Feature","geometry":{"type":"Point","coordinates":[97.08464,1.42384]},"properties":{"rate_time":-0.148}},{"type":"Feature","geometry":{"type":"Point","coordinates":[97.08489,1.42392]},"properties":{"rate_time":-0.15}},{"type":"Feature","geometry":{"type":"Point","coordinates":[97.06505,1.42396]},"properties":{"rate_time":46.583}},{"type":"Feature","geometry":{"type":"Point","coordinates":[97.08515,1.42398]},"properties":{"rate_time":-0.161}},{"type":"Feature","geometry":{"type":"Point","coordinates":[97.06531,1.42399]},"properties":{"rate_time":37.936}},{"type":"Feature","geometry":{"type":"Point","coordinates":[97.08541,1.42407]},"properties":{"rate_time":-0.494}},{"type":"Feature","geometry":{"type":"Point","coordinates":[97.06783,1.42409]},"properties":{"rate_time":54.523}},{"type":"Feature","geometry":{"type":"Point","coordinates":[97.06554,1.42413]},"properties":{"rate_time":46.424}},{"type":"Feature","geometry":{"type":"Point","coordinates":[97.08566,1.42416]},"properties":{"rate_time":-0.876}},{"type":"Feature","geometry":{"type":"Point","coordinates":[97.06577,1.42428]},"properties":{"rate_time":46.712}},{"type":"Feature","geometry":{"type":"Point","coordinates":[97.0859,1.42428]},"properties":{"rate_time":17.129}},{"type":"Feature","geometry":{"type":"Point","coordinates":[97.06778,1.42436]},"properties":{"rate_time":55.495}},{"type":"Feature","geometry":{"type":"Point","coordinates":[97.06599,1.42443]},"properties":{"rate_time":46.945}},{"type":"Feature","geometry":{"type":"Point","coordinates":[97.08612,1.42444]},"properties":{"rate_time":20.538}},{"type":"Feature","geometry":{"type":"Point","coordinates":[97.06624,1.42452]},"properties":{"rate_time":47.649}},{"type":"Feature","geometry":{"type":"Point","coordinates":[97.08634,1.42459]},"properties":{"rate_time":21.153}},{"type":"Feature","geometry":{"type":"Point","coordinates":[97.06649,1.42462]},"properties":{"rate_time":47.368}},{"type":"Feature","geometry":{"type":"Point","coordinates":[97.06772,1.42462]},"properties":{"rate_time":56.462}},{"type":"Feature","geometry":{"type":"Point","coordinates":[97.0866,1.42467]},"properties":{"rate_time":21.733}},{"type":"Feature","geometry":{"type":"Point","coordinates":[97.16802,1.42441]},"properties":{"rate_time":-0.401}},{"type":"Feature","geometry":{"type":"Point","coordinates":[97.16748,1.42443]},"properties":{"rate_time":-0.444}},{"type":"Feature","geometry":{"type":"Point","coordinates":[97.16775,1.42443]},"properties":{"rate_time":-0.281}},{"type":"Feature","geometry":{"type":"Point","coordinates":[97.17141,1.4245]},"properties":{"rate_time":0.602}},{"type":"Feature","geometry":{"type":"Point","coordinates":[97.16158,1.42452]},"properties":{"rate_time":-0.634}},{"type":"Feature","geometry":{"type":"Point","coordinates":[97.16308,1.42456]},"properties":{"rate_time":-0.337}},{"type":"Feature","geometry":{"type":"Point","coordinates":[97.14825,1.42458]},"properties":{"rate_time":-0.193}},{"type":"Feature","geometry":{"type":"Point","coordinates":[97.16608,1.4246]},"properties":{"rate_time":-0.449}},{"type":"Feature","geometry":{"type":"Point","coordinates":[97.16175,1.42472]},"properties":{"rate_time":-0.51}},{"type":"Feature","geometry":{"type":"Point","coordinates":[97.09869,1.42474]},"properties":{"rate_time":-0.716}},{"type":"Feature","geometry":{"type":"Point","coordinates":[97.09896,1.42475]},"properties":{"rate_time":-0.971}},{"type":"Feature","geometry":{"type":"Point","coordinates":[97.09842,1.42476]},"properties":{"rate_time":-0.564}},{"type":"Feature","geometry":{"type":"Point","coordinates":[97.17146,1.42476]},"properties":{"rate_time":0.053}},{"type":"Feature","geometry":{"type":"Point","coordinates":[97.162,1.42477]},"properties":{"rate_time":-1.261}},{"type":"Feature","geometry":{"type":"Point","coordinates":[97.09922,1.42478]},"properties":{"rate_time":-1.02}},{"type":"Feature","geometry":{"type":"Point","coordinates":[97.09815,1.42479]},"properties":{"rate_time":-0.622}},{"type":"Feature","geometry":{"type":"Point","coordinates":[97.09788,1.4248]},"properties":{"rate_time":0.004}},{"type":"Feature","geometry":{"type":"Point","coordinates":[97.16297,1.4248]},"properties":{"rate_time":-0.404}},{"type":"Feature","geometry":{"type":"Point","coordinates":[97.1481,1.4248]},"properties":{"rate_time":-0.052}},{"type":"Feature","geometry":{"type":"Point","coordinates":[97.09949,1.4248]},"properties":{"rate_time":-0.908}},{"type":"Feature","geometry":{"type":"Point","coordinates":[97.1003,1.42481]},"properties":{"rate_time":-1.081}},{"type":"Feature","geometry":{"type":"Point","coordinates":[97.10057,1.42481]},"properties":{"rate_time":-1.282}},{"type":"Feature","geometry":{"type":"Point","coordinates":[97.09761,1.42481]},"properties":{"rate_time":-0.174}},{"type":"Feature","geometry":{"type":"Point","coordinates":[97.09976,1.42482]},"properties":{"rate_time":-0.811}},{"type":"Feature","geometry":{"type":"Point","coordinates":[97.10003,1.42483]},"properties":{"rate_time":-0.899}},{"type":"Feature","geometry":{"type":"Point","coordinates":[97.10083,1.42483]},"properties":{"rate_time":-1.374}},{"type":"Feature","geometry":{"type":"Point","coordinates":[97.16225,1.42485]},"properties":{"rate_time":-3.763}},{"type":"Feature","geometry":{"type":"Point","coordinates":[97.09734,1.42485]},"properties":{"rate_time":-0.368}},{"type":"Feature","geometry":{"type":"Point","coordinates":[97.166,1.42485]},"properties":{"rate_time":-0.538}},{"type":"Feature","geometry":{"type":"Point","coordinates":[97.16276,1.42489]},"properties":{"rate_time":-1.095}},{"type":"Feature","geometry":{"type":"Point","coordinates":[97.08686,1.42473]},"properties":{"rate_time":22.26}},{"type":"Feature","geometry":{"type":"Point","coordinates":[97.06671,1.42478]},"properties":{"rate_time":47.364}},{"type":"Feature","geometry":{"type":"Point","coordinates":[97.08712,1.42481]},"properties":{"rate_time":22.8}},{"type":"Feature","geometry":{"type":"Point","coordinates":[97.06761,1.42487]},"properties":{"rate_time":57.53}},{"type":"Feature","geometry":{"type":"Point","coordinates":[97.08736,1.42492]},"properties":{"rate_time":22.372}},{"type":"Feature","geometry":{"type":"Point","coordinates":[97.06693,1.42493]},"properties":{"rate_time":53.732}},{"type":"Feature","geometry":{"type":"Point","coordinates":[97.09522,1.42501]},"properties":{"rate_time":-1.35}},{"type":"Feature","geometry":{"type":"Point","coordinates":[97.09495,1.42501]},"properties":{"rate_time":-1.084}},{"type":"Feature","geometry":{"type":"Point","coordinates":[97.09468,1.42502]},"properties":{"rate_time":-1.184}},{"type":"Feature","geometry":{"type":"Point","coordinates":[97.08761,1.42502]},"properties":{"rate_time":-3.418}},{"type":"Feature","geometry":{"type":"Point","coordinates":[97.16249,1.4249]},"properties":{"rate_time":-3.979}},{"type":"Feature","geometry":{"type":"Point","coordinates":[97.10109,1.42492]},"properties":{"rate_time":-1.306}},{"type":"Feature","geometry":{"type":"Point","coordinates":[97.09708,1.42492]},"properties":{"rate_time":-0.424}},{"type":"Feature","geometry":{"type":"Point","coordinates":[97.10135,1.42497]},"properties":{"rate_time":-1.384}},{"type":"Feature","geometry":{"type":"Point","coordinates":[97.09682,1.42498]},"properties":{"rate_time":-0.629}},{"type":"Feature","geometry":{"type":"Point","coordinates":[97.1479,1.42499]},"properties":{"rate_time":0.032}},{"type":"Feature","geometry":{"type":"Point","coordinates":[97.17158,1.425]},"properties":{"rate_time":0.028}},{"type":"Feature","geometry":{"type":"Point","coordinates":[97.10162,1.42501]},"properties":{"rate_time":-1.377}},{"type":"Feature","geometry":{"type":"Point","coordinates":[97.10189,1.42504]},"properties":{"rate_time":-1.261}},{"type":"Feature","geometry":{"type":"Point","coordinates":[97.10215,1.42508]},"properties":{"rate_time":-1.101}},{"type":"Feature","geometry":{"type":"Point","coordinates":[97.09656,1.42502]},"properties":{"rate_time":-0.912}},{"type":"Feature","geometry":{"type":"Point","coordinates":[97.09441,1.42503]},"properties":{"rate_time":-1.389}},{"type":"Feature","geometry":{"type":"Point","coordinates":[97.09548,1.42503]},"properties":{"rate_time":-1.566}},{"type":"Feature","geometry":{"type":"Point","coordinates":[97.09414,1.42504]},"properties":{"rate_time":-0.379}},{"type":"Feature","geometry":{"type":"Point","coordinates":[97.06742,1.42504]},"properties":{"rate_time":58.674}},{"type":"Feature","geometry":{"type":"Point","coordinates":[97.09252,1.42504]},"properties":{"rate_time":-0.724}},{"type":"Feature","geometry":{"type":"Point","coordinates":[97.09387,1.42505]},"properties":{"rate_time":-0.687}},{"type":"Feature","geometry":{"type":"Point","coordinates":[97.09279,1.42505]},"properties":{"rate_time":-0.616}},{"type":"Feature","geometry":{"type":"Point","coordinates":[97.0936,1.42505]},"properties":{"rate_time":-0.686}},{"type":"Feature","geometry":{"type":"Point","coordinates":[97.09629,1.42506]},"properties":{"rate_time":-1.132}},{"type":"Feature","geometry":{"type":"Point","coordinates":[97.09333,1.42506]},"properties":{"rate_time":-0.704}},{"type":"Feature","geometry":{"type":"Point","coordinates":[97.06716,1.42507]},"properties":{"rate_time":59.502}},{"type":"Feature","geometry":{"type":"Point","coordinates":[97.09225,1.42507]},"properties":{"rate_time":-0.76}},{"type":"Feature","geometry":{"type":"Point","coordinates":[97.09306,1.42507]},"properties":{"rate_time":-0.656}},{"type":"Feature","geometry":{"type":"Point","coordinates":[97.09575,1.42507]},"properties":{"rate_time":-1.405}},{"type":"Feature","geometry":{"type":"Point","coordinates":[97.09602,1.42507]},"properties":{"rate_time":-1.317}},{"type":"Feature","geometry":{"type":"Point","coordinates":[97.092,1.42514]},"properties":{"rate_time":-0.127}},{"type":"Feature","geometry":{"type":"Point","coordinates":[97.08785,1.42514]},"properties":{"rate_time":1.169}},{"type":"Feature","geometry":{"type":"Point","coordinates":[97.09175,1.42524]},"properties":{"rate_time":-0.216}},{"type":"Feature","geometry":{"type":"Point","coordinates":[97.08807,1.4253]},"properties":{"rate_time":1.345}},{"type":"Feature","geometry":{"type":"Point","coordinates":[97.1603,1.42322]},"properties":{"rate_time":-0.503}},{"type":"Feature","geometry":{"type":"Point","coordinates":[97.16322,1.42323]},"properties":{"rate_time":0.014}},{"type":"Feature","geometry":{"type":"Point","coordinates":[97.17136,1.42323]},"properties":{"rate_time":-0.097}},{"type":"Feature","geometry":{"type":"Point","coordinates":[97.15428,1.42324]},"properties":{"rate_time":0.176}},{"type":"Feature","geometry":{"type":"Point","coordinates":[97.15496,1.4233]},"properties":{"rate_time":-0.082}},{"type":"Feature","geometry":{"type":"Point","coordinates":[97.16808,1.42331]},"properties":{"rate_time":-0.26}},{"type":"Feature","geometry":{"type":"Point","coordinates":[97.14964,1.42337]},"properties":{"rate_time":-0.202}},{"type":"Feature","geometry":{"type":"Point","coordinates":[97.15449,1.42341]},"properties":{"rate_time":-0.126}},{"type":"Feature","geometry":{"type":"Point","coordinates":[97.15475,1.42345]},"properties":{"rate_time":-1.374}},{"type":"Feature","geometry":{"type":"Point","coordinates":[97.16042,1.42346]},"properties":{"rate_time":-0.534}},{"type":"Feature","geometry":{"type":"Point","coordinates":[97.17149,1.42346]},"properties":{"rate_time":-0.088}},{"type":"Feature","geometry":{"type":"Point","coordinates":[97.16327,1.42349]},"properties":{"rate_time":-0.088}},{"type":"Feature","geometry":{"type":"Point","coordinates":[97.16821,1.42354]},"properties":{"rate_time":-0.14}},{"type":"Feature","geometry":{"type":"Point","coordinates":[97.14945,1.42357]},"properties":{"rate_time":-0.02}},{"type":"Feature","geometry":{"type":"Point","coordinates":[97.1492,1.42365]},"properties":{"rate_time":-0.143}},{"type":"Feature","geometry":{"type":"Point","coordinates":[97.16055,1.4237]},"properties":{"rate_time":-0.482}},{"type":"Feature","geometry":{"type":"Point","coordinates":[97.16843,1.4237]},"properties":{"rate_time":-0.173}},{"type":"Feature","geometry":{"type":"Point","coordinates":[97.1715,1.42372]},"properties":{"rate_time":0.058}},{"type":"Feature","geometry":{"type":"Point","coordinates":[97.16325,1.42376]},"properties":{"rate_time":-0.342}},{"type":"Feature","geometry":{"type":"Point","coordinates":[97.14898,1.42381]},"properties":{"rate_time":-0.048}},{"type":"Feature","geometry":{"type":"Point","coordinates":[97.21262,1.42342]},"properties":{"rate_time":-0.454}},{"type":"Feature","geometry":{"type":"Point","coordinates":[97.22301,1.42349]},"properties":{"rate_time":1.835}},{"type":"Feature","geometry":{"type":"Point","coordinates":[97.28039,1.42354]},"properties":{"rate_time":3.351}},{"type":"Feature","geometry":{"type":"Point","coordinates":[97.21266,1.42368]},"properties":{"rate_time":-0.422}},{"type":"Feature","geometry":{"type":"Point","coordinates":[97.28058,1.42373]},"properties":{"rate_time":3.299}},{"type":"Feature","geometry":{"type":"Point","coordinates":[97.22294,1.42375]},"properties":{"rate_time":2.176}},{"type":"Feature","geometry":{"type":"Point","coordinates":[97.28077,1.42393]},"properties":{"rate_time":3.277}},{"type":"Feature","geometry":{"type":"Point","coordinates":[97.21274,1.42394]},"properties":{"rate_time":-0.436}},{"type":"Feature","geometry":{"type":"Point","coordinates":[97.22284,1.424]},"properties":{"rate_time":2.453}},{"type":"Feature","geometry":{"type":"Point","coordinates":[97.28094,1.42413]},"properties":{"rate_time":4.239}},{"type":"Feature","geometry":{"type":"Point","coordinates":[97.16862,1.42388]},"properties":{"rate_time":-0.177}},{"type":"Feature","geometry":{"type":"Point","coordinates":[97.16071,1.42392]},"properties":{"rate_time":-0.331}},{"type":"Feature","geometry":{"type":"Point","coordinates":[97.17146,1.42396]},"properties":{"rate_time":0.252}},{"type":"Feature","geometry":{"type":"Point","coordinates":[97.14878,1.42399]},"properties":{"rate_time":0.034}},{"type":"Feature","geometry":{"type":"Point","coordinates":[97.16318,1.42403]},"properties":{"rate_time":-0.387}},{"type":"Feature","geometry":{"type":"Point","coordinates":[97.16093,1.42405]},"properties":{"rate_time":-0.463}},{"type":"Feature","geometry":{"type":"Point","coordinates":[97.16872,1.42411]},"properties":{"rate_time":-0.174}},{"type":"Feature","geometry":{"type":"Point","coordinates":[97.14857,1.42416]},"properties":{"rate_time":-0.004}},{"type":"Feature","geometry":{"type":"Point","coordinates":[97.16117,1.42418]},"properties":{"rate_time":-0.414}},{"type":"Feature","geometry":{"type":"Point","coordinates":[97.16643,1.42421]},"properties":{"rate_time":-0.235}},{"type":"Feature","geometry":{"type":"Point","coordinates":[97.17141,1.42423]},"properties":{"rate_time":0.448}},{"type":"Feature","geometry":{"type":"Point","coordinates":[97.1667,1.42423]},"properties":{"rate_time":-0.209}},{"type":"Feature","geometry":{"type":"Point","coordinates":[97.16314,1.4243]},"properties":{"rate_time":-0.449}},{"type":"Feature","geometry":{"type":"Point","coordinates":[97.16696,1.4243]},"properties":{"rate_time":-0.458}},{"type":"Feature","geometry":{"type":"Point","coordinates":[97.16855,1.42431]},"properties":{"rate_time":-0.274}},{"type":"Feature","geometry":{"type":"Point","coordinates":[97.16141,1.42431]},"properties":{"rate_time":-0.388}},{"type":"Feature","geometry":{"type":"Point","coordinates":[97.14837,1.42433]},"properties":{"rate_time":-0.295}},{"type":"Feature","geometry":{"type":"Point","coordinates":[97.16723,1.42434]},"properties":{"rate_time":-0.457}},{"type":"Feature","geometry":{"type":"Point","coordinates":[97.16828,1.42436]},"properties":{"rate_time":-0.303}},{"type":"Feature","geometry":{"type":"Point","coordinates":[97.16622,1.42437]},"properties":{"rate_time":-0.437}},{"type":"Feature","geometry":{"type":"Point","coordinates":[97.21283,1.4242]},"properties":{"rate_time":-0.35}},{"type":"Feature","geometry":{"type":"Point","coordinates":[97.22269,1.42423]},"properties":{"rate_time":2.631}},{"type":"Feature","geometry":{"type":"Point","coordinates":[97.28112,1.42433]},"properties":{"rate_time":4.238}},{"type":"Feature","geometry":{"type":"Point","coordinates":[97.22253,1.42444]},"properties":{"rate_time":2.399}},{"type":"Feature","geometry":{"type":"Point","coordinates":[97.21293,1.42445]},"properties":{"rate_time":-0.347}},{"type":"Feature","geometry":{"type":"Point","coordinates":[97.2813,1.42454]},"properties":{"rate_time":4.233}},{"type":"Feature","geometry":{"type":"Point","coordinates":[97.22236,1.42465]},"properties":{"rate_time":2.012}},{"type":"Feature","geometry":{"type":"Point","coordinates":[97.21304,1.42469]},"properties":{"rate_time":-0.355}},{"type":"Feature","geometry":{"type":"Point","coordinates":[97.28148,1.42474]},"properties":{"rate_time":4.288}},{"type":"Feature","geometry":{"type":"Point","coordinates":[97.22218,1.42485]},"properties":{"rate_time":1.587}},{"type":"Feature","geometry":{"type":"Point","coordinates":[97.34296,1.47823]},"properties":{"rate_time":1.362}},{"type":"Feature","geometry":{"type":"Point","coordinates":[97.21319,1.42492]},"properties":{"rate_time":-0.185}},{"type":"Feature","geometry":{"type":"Point","coordinates":[97.28167,1.42493]},"properties":{"rate_time":3.64}},{"type":"Feature","geometry":{"type":"Point","coordinates":[97.22197,1.42503]},"properties":{"rate_time":-0.035}},{"type":"Feature","geometry":{"type":"Point","coordinates":[97.28186,1.42513]},"properties":{"rate_time":3.823}},{"type":"Feature","geometry":{"type":"Point","coordinates":[97.21335,1.42514]},"properties":{"rate_time":-0.17}},{"type":"Feature","geometry":{"type":"Point","coordinates":[97.22176,1.4252]},"properties":{"rate_time":0.066}},{"type":"Feature","geometry":{"type":"Point","coordinates":[97.28193,1.42521]},"properties":{"rate_time":3.903}},{"type":"Feature","geometry":{"type":"Point","coordinates":[97.21355,1.42533]},"properties":{"rate_time":-0.122}},{"type":"Feature","geometry":{"type":"Point","coordinates":[97.22154,1.42535]},"properties":{"rate_time":0.072}},{"type":"Feature","geometry":{"type":"Point","coordinates":[97.28211,1.42541]},"properties":{"rate_time":4.105}},{"type":"Feature","geometry":{"type":"Point","coordinates":[97.21377,1.42547]},"properties":{"rate_time":-0.07}},{"type":"Feature","geometry":{"type":"Point","coordinates":[97.2213,1.42548]},"properties":{"rate_time":-0.056}},{"type":"Feature","geometry":{"type":"Point","coordinates":[97.21402,1.42558]},"properties":{"rate_time":-0.079}},{"type":"Feature","geometry":{"type":"Point","coordinates":[97.28227,1.42563]},"properties":{"rate_time":4.302}},{"type":"Feature","geometry":{"type":"Point","coordinates":[97.22108,1.42563]},"properties":{"rate_time":1.475}},{"type":"Feature","geometry":{"type":"Point","coordinates":[97.21426,1.4257]},"properties":{"rate_time":-0.118}},{"type":"Feature","geometry":{"type":"Point","coordinates":[97.22086,1.42579]},"properties":{"rate_time":1.53}},{"type":"Feature","geometry":{"type":"Point","coordinates":[97.2145,1.42583]},"properties":{"rate_time":-0.17}},{"type":"Feature","geometry":{"type":"Point","coordinates":[97.28244,1.42584]},"properties":{"rate_time":4.492}},{"type":"Feature","geometry":{"type":"Point","coordinates":[97.22064,1.42594]},"properties":{"rate_time":0.002}},{"type":"Feature","geometry":{"type":"Point","coordinates":[97.21474,1.42595]},"properties":{"rate_time":-0.159}},{"type":"Feature","geometry":{"type":"Point","coordinates":[97.2826,1.42605]},"properties":{"rate_time":4.726}},{"type":"Feature","geometry":{"type":"Point","coordinates":[97.2204,1.42606]},"properties":{"rate_time":0.006}},{"type":"Feature","geometry":{"type":"Point","coordinates":[97.21496,1.42609]},"properties":{"rate_time":2.855}},{"type":"Feature","geometry":{"type":"Point","coordinates":[97.22014,1.42614]},"properties":{"rate_time":-0.029}},{"type":"Feature","geometry":{"type":"Point","coordinates":[97.21988,1.4262]},"properties":{"rate_time":1.401}},{"type":"Feature","geometry":{"type":"Point","coordinates":[97.21961,1.42626]},"properties":{"rate_time":2.524}},{"type":"Feature","geometry":{"type":"Point","coordinates":[97.21515,1.42629]},"properties":{"rate_time":3.001}},{"type":"Feature","geometry":{"type":"Point","coordinates":[97.28277,1.42629]},"properties":{"rate_time":5.041}},{"type":"Feature","geometry":{"type":"Point","coordinates":[97.21935,1.42633]},"properties":{"rate_time":2.046}},{"type":"Feature","geometry":{"type":"Point","coordinates":[97.21909,1.42638]},"properties":{"rate_time":-0.045}},{"type":"Feature","geometry":{"type":"Point","coordinates":[97.21882,1.4264]},"properties":{"rate_time":2.416}},{"type":"Feature","geometry":{"type":"Point","coordinates":[97.21539,1.42641]},"properties":{"rate_time":2.647}},{"type":"Feature","geometry":{"type":"Point","coordinates":[97.21855,1.42642]},"properties":{"rate_time":2.513}},{"type":"Feature","geometry":{"type":"Point","coordinates":[97.21829,1.42647]},"properties":{"rate_time":1.55}},{"type":"Feature","geometry":{"type":"Point","coordinates":[97.24308,1.42647]},"properties":{"rate_time":1.971}},{"type":"Feature","geometry":{"type":"Point","coordinates":[97.24281,1.4265]},"properties":{"rate_time":2.195}},{"type":"Feature","geometry":{"type":"Point","coordinates":[97.21802,1.42651]},"properties":{"rate_time":-0.033}},{"type":"Feature","geometry":{"type":"Point","coordinates":[97.24334,1.42651]},"properties":{"rate_time":1.69}},{"type":"Feature","geometry":{"type":"Point","coordinates":[97.21564,1.42652]},"properties":{"rate_time":-0.022}},{"type":"Feature","geometry":{"type":"Point","coordinates":[97.34309,1.47847]},"properties":{"rate_time":1.424}},{"type":"Feature","geometry":{"type":"Point","coordinates":[97.16595,1.42512]},"properties":{"rate_time":-0.917}},{"type":"Feature","geometry":{"type":"Point","coordinates":[97.10241,1.42515]},"properties":{"rate_time":-0.792}},{"type":"Feature","geometry":{"type":"Point","coordinates":[97.14769,1.42515]},"properties":{"rate_time":-0.019}},{"type":"Feature","geometry":{"type":"Point","coordinates":[97.16641,1.42518]},"properties":{"rate_time":-2.211}},{"type":"Feature","geometry":{"type":"Point","coordinates":[97.17175,1.42521]},"properties":{"rate_time":0.063}},{"type":"Feature","geometry":{"type":"Point","coordinates":[97.10267,1.42522]},"properties":{"rate_time":-0.59}},{"type":"Feature","geometry":{"type":"Point","coordinates":[97.10294,1.42525]},"properties":{"rate_time":-0.929}},{"type":"Feature","geometry":{"type":"Point","coordinates":[97.10321,1.42525]},"properties":{"rate_time":-1.517}},{"type":"Feature","geometry":{"type":"Point","coordinates":[97.10347,1.42526]},"properties":{"rate_time":-1.961}},{"type":"Feature","geometry":{"type":"Point","coordinates":[97.14746,1.42529]},"properties":{"rate_time":-0.288}},{"type":"Feature","geometry":{"type":"Point","coordinates":[97.10374,1.42529]},"properties":{"rate_time":-5.262}},{"type":"Feature","geometry":{"type":"Point","coordinates":[97.104,1.42535]},"properties":{"rate_time":11.252}},{"type":"Feature","geometry":{"type":"Point","coordinates":[97.16604,1.42536]},"properties":{"rate_time":-1.906}},{"type":"Feature","geometry":{"type":"Point","coordinates":[97.16623,1.42538]},"properties":{"rate_time":-1.919}},{"type":"Feature","geometry":{"type":"Point","coordinates":[97.16658,1.42538]},"properties":{"rate_time":-2.104}},{"type":"Feature","geometry":{"type":"Point","coordinates":[97.17193,1.42541]},"properties":{"rate_time":0.058}},{"type":"Feature","geometry":{"type":"Point","coordinates":[97.14724,1.42543]},"properties":{"rate_time":-0.756}},{"type":"Feature","geometry":{"type":"Point","coordinates":[97.10425,1.42546]},"properties":{"rate_time":15.188}},{"type":"Feature","geometry":{"type":"Point","coordinates":[97.16677,1.42557]},"properties":{"rate_time":-0.996}},{"type":"Feature","geometry":{"type":"Point","coordinates":[97.10448,1.4256]},"properties":{"rate_time":15.935}},{"type":"Feature","geometry":{"type":"Point","coordinates":[97.09149,1.42534]},"properties":{"rate_time":-0.464}},{"type":"Feature","geometry":{"type":"Point","coordinates":[97.08827,1.42546]},"properties":{"rate_time":0.032}},{"type":"Feature","geometry":{"type":"Point","coordinates":[97.09126,1.42547]},"properties":{"rate_time":-0.358}},{"type":"Feature","geometry":{"type":"Point","coordinates":[97.08881,1.42551]},"properties":{"rate_time":-0.862}},{"type":"Feature","geometry":{"type":"Point","coordinates":[97.08854,1.42551]},"properties":{"rate_time":-0.388}},{"type":"Feature","geometry":{"type":"Point","coordinates":[97.08906,1.4256]},"properties":{"rate_time":-1.794}},{"type":"Feature","geometry":{"type":"Point","coordinates":[97.09103,1.42561]},"properties":{"rate_time":-0.392}},{"type":"Feature","geometry":{"type":"Point","coordinates":[97.09082,1.42578]},"properties":{"rate_time":-0.407}},{"type":"Feature","geometry":{"type":"Point","coordinates":[97.08916,1.42585]},"properties":{"rate_time":-2.061}},{"type":"Feature","geometry":{"type":"Point","coordinates":[97.09061,1.42595]},"properties":{"rate_time":-0.331}},{"type":"Feature","geometry":{"type":"Point","coordinates":[97.1721,1.42562]},"properties":{"rate_time":0.054}},{"type":"Feature","geometry":{"type":"Point","coordinates":[97.10549,1.42563]},"properties":{"rate_time":-4.055}},{"type":"Feature","geometry":{"type":"Point","coordinates":[97.10576,1.42564]},"properties":{"rate_time":-3.437}},{"type":"Feature","geometry":{"type":"Point","coordinates":[97.10603,1.42564]},"properties":{"rate_time":-2.841}},{"type":"Feature","geometry":{"type":"Point","coordinates":[97.14709,1.42566]},"properties":{"rate_time":-0.334}},{"type":"Feature","geometry":{"type":"Point","coordinates":[97.10522,1.42566]},"properties":{"rate_time":-4.688}},{"type":"Feature","geometry":{"type":"Point","coordinates":[97.10471,1.42573]},"properties":{"rate_time":16.765}},{"type":"Feature","geometry":{"type":"Point","coordinates":[97.10627,1.42575]},"properties":{"rate_time":-1.821}},{"type":"Feature","geometry":{"type":"Point","coordinates":[97.10497,1.42577]},"properties":{"rate_time":6.797}},{"type":"Feature","geometry":{"type":"Point","coordinates":[97.16693,1.42579]},"properties":{"rate_time":-1.035}},{"type":"Feature","geometry":{"type":"Point","coordinates":[97.1723,1.4258]},"properties":{"rate_time":-0.007}},{"type":"Feature","geometry":{"type":"Point","coordinates":[97.10653,1.42584]},"properties":{"rate_time":-0.716}},{"type":"Feature","geometry":{"type":"Point","coordinates":[97.14691,1.42586]},"properties":{"rate_time":2.191}},{"type":"Feature","geometry":{"type":"Point","coordinates":[97.17254,1.42591]},"properties":{"rate_time":0.153}},{"type":"Feature","geometry":{"type":"Point","coordinates":[97.10678,1.42593]},"properties":{"rate_time":-0.855}},{"type":"Feature","geometry":{"type":"Point","coordinates":[97.17279,1.42601]},"properties":{"rate_time":0.158}},{"type":"Feature","geometry":{"type":"Point","coordinates":[97.16704,1.42604]},"properties":{"rate_time":-1.035}},{"type":"Feature","geometry":{"type":"Point","coordinates":[97.10702,1.42606]},"properties":{"rate_time":-1.388}},{"type":"Feature","geometry":{"type":"Point","coordinates":[97.14674,1.42607]},"properties":{"rate_time":2.143}},{"type":"Feature","geometry":{"type":"Point","coordinates":[97.17304,1.42611]},"properties":{"rate_time":0.058}},{"type":"Feature","geometry":{"type":"Point","coordinates":[97.10727,1.42614]},"properties":{"rate_time":-1.464}},{"type":"Feature","geometry":{"type":"Point","coordinates":[97.10753,1.42619]},"properties":{"rate_time":-1.369}},{"type":"Feature","geometry":{"type":"Point","coordinates":[97.1121,1.4262]},"properties":{"rate_time":-4.627}},{"type":"Feature","geometry":{"type":"Point","coordinates":[97.11236,1.42622]},"properties":{"rate_time":-5.412}},{"type":"Feature","geometry":{"type":"Point","coordinates":[97.14652,1.42622]},"properties":{"rate_time":2.978}},{"type":"Feature","geometry":{"type":"Point","coordinates":[97.1078,1.42624]},"properties":{"rate_time":-1.075}},{"type":"Feature","geometry":{"type":"Point","coordinates":[97.10807,1.42626]},"properties":{"rate_time":-0.793}},{"type":"Feature","geometry":{"type":"Point","coordinates":[97.17326,1.42627]},"properties":{"rate_time":0.025}},{"type":"Feature","geometry":{"type":"Point","coordinates":[97.16718,1.42627]},"properties":{"rate_time":-0.778}},{"type":"Feature","geometry":{"type":"Point","coordinates":[97.10834,1.42629]},"properties":{"rate_time":-0.878}},{"type":"Feature","geometry":{"type":"Point","coordinates":[97.11187,1.42634]},"properties":{"rate_time":-3.823}},{"type":"Feature","geometry":{"type":"Point","coordinates":[97.1086,1.42635]},"properties":{"rate_time":-0.96}},{"type":"Feature","geometry":{"type":"Point","coordinates":[97.16742,1.42637]},"properties":{"rate_time":-0.421}},{"type":"Feature","geometry":{"type":"Point","coordinates":[97.16769,1.42639]},"properties":{"rate_time":-0.299}},{"type":"Feature","geometry":{"type":"Point","coordinates":[97.10886,1.4264]},"properties":{"rate_time":-0.787}},{"type":"Feature","geometry":{"type":"Point","coordinates":[97.11254,1.42642]},"properties":{"rate_time":-5.566}},{"type":"Feature","geometry":{"type":"Point","coordinates":[97.10913,1.42642]},"properties":{"rate_time":-0.641}},{"type":"Feature","geometry":{"type":"Point","coordinates":[97.1094,1.42642]},"properties":{"rate_time":-0.774}},{"type":"Feature","geometry":{"type":"Point","coordinates":[97.10967,1.42644]},"properties":{"rate_time":-1.217}},{"type":"Feature","geometry":{"type":"Point","coordinates":[97.14638,1.42645]},"properties":{"rate_time":3.593}},{"type":"Feature","geometry":{"type":"Point","coordinates":[97.08924,1.42611]},"properties":{"rate_time":-2.058}},{"type":"Feature","geometry":{"type":"Point","coordinates":[97.0904,1.42613]},"properties":{"rate_time":-0.225}},{"type":"Feature","geometry":{"type":"Point","coordinates":[97.09021,1.42631]},"properties":{"rate_time":-0.517}},{"type":"Feature","geometry":{"type":"Point","coordinates":[97.08938,1.42634]},"properties":{"rate_time":-1.392}},{"type":"Feature","geometry":{"type":"Point","coordinates":[97.09001,1.4265]},"properties":{"rate_time":-0.569}},{"type":"Feature","geometry":{"type":"Point","coordinates":[97.08956,1.42654]},"properties":{"rate_time":-1.259}},{"type":"Feature","geometry":{"type":"Point","coordinates":[97.08981,1.42663]},"properties":{"rate_time":-0.854}},{"type":"Feature","geometry":{"type":"Point","coordinates":[97.0747,1.42702]},"properties":{"rate_time":42.526}},{"type":"Feature","geometry":{"type":"Point","coordinates":[97.07506,1.42703]},"properties":{"rate_time":32.122}},{"type":"Feature","geometry":{"type":"Point","coordinates":[97.0756,1.42705]},"properties":{"rate_time":31.059}},{"type":"Feature","geometry":{"type":"Point","coordinates":[97.17345,1.42646]},"properties":{"rate_time":0.12}},{"type":"Feature","geometry":{"type":"Point","coordinates":[97.16794,1.42648]},"properties":{"rate_time":-0.357}},{"type":"Feature","geometry":{"type":"Point","coordinates":[97.10992,1.42651]},"properties":{"rate_time":-1.332}},{"type":"Feature","geometry":{"type":"Point","coordinates":[97.11168,1.42652]},"properties":{"rate_time":-3.136}},{"type":"Feature","geometry":{"type":"Point","coordinates":[97.11016,1.42663]},"properties":{"rate_time":-2.42}},{"type":"Feature","geometry":{"type":"Point","coordinates":[97.1126,1.42668]},"properties":{"rate_time":-5.349}},{"type":"Feature","geometry":{"type":"Point","coordinates":[97.1681,1.42668]},"properties":{"rate_time":-0.386}},{"type":"Feature","geometry":{"type":"Point","coordinates":[97.17357,1.4267]},"properties":{"rate_time":0.173}},{"type":"Feature","geometry":{"type":"Point","coordinates":[97.11147,1.4267]},"properties":{"rate_time":-1.575}},{"type":"Feature","geometry":{"type":"Point","coordinates":[97.14641,1.42671]},"properties":{"rate_time":3.34}},{"type":"Feature","geometry":{"type":"Point","coordinates":[97.11042,1.42672]},"properties":{"rate_time":-2.3}},{"type":"Feature","geometry":{"type":"Point","coordinates":[97.11095,1.42672]},"properties":{"rate_time":-1.176}},{"type":"Feature","geometry":{"type":"Point","coordinates":[97.11122,1.42672]},"properties":{"rate_time":-1.344}},{"type":"Feature","geometry":{"type":"Point","coordinates":[97.11068,1.42673]},"properties":{"rate_time":-1.401}},{"type":"Feature","geometry":{"type":"Point","coordinates":[97.15678,1.42678]},"properties":{"rate_time":-2.227}},{"type":"Feature","geometry":{"type":"Point","coordinates":[97.15656,1.42681]},"properties":{"rate_time":-2.444}},{"type":"Feature","geometry":{"type":"Point","coordinates":[97.14625,1.42689]},"properties":{"rate_time":-0.152}},{"type":"Feature","geometry":{"type":"Point","coordinates":[97.11274,1.4269]},"properties":{"rate_time":-4.6}},{"type":"Feature","geometry":{"type":"Point","coordinates":[97.14599,1.42691]},"properties":{"rate_time":2.796}},{"type":"Feature","geometry":{"type":"Point","coordinates":[97.16821,1.42693]},"properties":{"rate_time":-0.329}},{"type":"Feature","geometry":{"type":"Point","coordinates":[97.15684,1.42694]},"properties":{"rate_time":-1.838}},{"type":"Feature","geometry":{"type":"Point","coordinates":[97.15633,1.42695]},"properties":{"rate_time":-1.725}},{"type":"Feature","geometry":{"type":"Point","coordinates":[97.17366,1.42695]},"properties":{"rate_time":0.16}},{"type":"Feature","geometry":{"type":"Point","coordinates":[97.11299,1.42701]},"properties":{"rate_time":-4.015}},{"type":"Feature","geometry":{"type":"Point","coordinates":[97.17239,1.42702]},"properties":{"rate_time":0.119}},{"type":"Feature","geometry":{"type":"Point","coordinates":[97.1458,1.42706]},"properties":{"rate_time":-0.261}},{"type":"Feature","geometry":{"type":"Point","coordinates":[97.17213,1.42706]},"properties":{"rate_time":0.844}},{"type":"Feature","geometry":{"type":"Point","coordinates":[97.1561,1.42708]},"properties":{"rate_time":-1.297}},{"type":"Feature","geometry":{"type":"Point","coordinates":[97.11324,1.42709]},"properties":{"rate_time":-4.706}},{"type":"Feature","geometry":{"type":"Point","coordinates":[97.17263,1.4271]},"properties":{"rate_time":-0.139}},{"type":"Feature","geometry":{"type":"Point","coordinates":[97.15678,1.42717]},"properties":{"rate_time":-1.787}},{"type":"Feature","geometry":{"type":"Point","coordinates":[97.1135,1.42718]},"properties":{"rate_time":-5.453}},{"type":"Feature","geometry":{"type":"Point","coordinates":[97.16829,1.42719]},"properties":{"rate_time":-0.701}},{"type":"Feature","geometry":{"type":"Point","coordinates":[97.17376,1.4272]},"properties":{"rate_time":0.092}},{"type":"Feature","geometry":{"type":"Point","coordinates":[97.17191,1.42722]},"properties":{"rate_time":0.614}},{"type":"Feature","geometry":{"type":"Point","coordinates":[97.15587,1.42722]},"properties":{"rate_time":-1.257}},{"type":"Feature","geometry":{"type":"Point","coordinates":[97.11376,1.42725]},"properties":{"rate_time":31.829}},{"type":"Feature","geometry":{"type":"Point","coordinates":[97.14565,1.42728]},"properties":{"rate_time":5.815}},{"type":"Feature","geometry":{"type":"Point","coordinates":[97.17278,1.42733]},"properties":{"rate_time":-0.302}},{"type":"Feature","geometry":{"type":"Point","coordinates":[97.11401,1.42734]},"properties":{"rate_time":33.714}},{"type":"Feature","geometry":{"type":"Point","coordinates":[97.07533,1.42705]},"properties":{"rate_time":31.629}},{"type":"Feature","geometry":{"type":"Point","coordinates":[97.07587,1.4271]},"properties":{"rate_time":30.809}},{"type":"Feature","geometry":{"type":"Point","coordinates":[97.07612,1.42718]},"properties":{"rate_time":30.697}},{"type":"Feature","geometry":{"type":"Point","coordinates":[97.07461,1.42727]},"properties":{"rate_time":41.616}},{"type":"Feature","geometry":{"type":"Point","coordinates":[97.07638,1.42727]},"properties":{"rate_time":30.777}},{"type":"Feature","geometry":{"type":"Point","coordinates":[97.07663,1.42738]},"properties":{"rate_time":30.784}},{"type":"Feature","geometry":{"type":"Point","coordinates":[97.07482,1.42744]},"properties":{"rate_time":31.854}},{"type":"Feature","geometry":{"type":"Point","coordinates":[97.07686,1.4275]},"properties":{"rate_time":-4.696}},{"type":"Feature","geometry":{"type":"Point","coordinates":[97.07507,1.42755]},"properties":{"rate_time":31.982}},{"type":"Feature","geometry":{"type":"Point","coordinates":[97.08094,1.42758]},"properties":{"rate_time":-0.126}},{"type":"Feature","geometry":{"type":"Point","coordinates":[97.15663,1.4274]},"properties":{"rate_time":-2.214}},{"type":"Feature","geometry":{"type":"Point","coordinates":[97.17172,1.4274]},"properties":{"rate_time":0.314}},{"type":"Feature","geometry":{"type":"Point","coordinates":[97.16843,1.42741]},"properties":{"rate_time":-0.736}},{"type":"Feature","geometry":{"type":"Point","coordinates":[97.11427,1.42742]},"properties":{"rate_time":34.754}},{"type":"Feature","geometry":{"type":"Point","coordinates":[97.15585,1.42743]},"properties":{"rate_time":-1.915}},{"type":"Feature","geometry":{"type":"Point","coordinates":[97.11453,1.42745]},"properties":{"rate_time":34.406}},{"type":"Feature","geometry":{"type":"Point","coordinates":[97.17382,1.42747]},"properties":{"rate_time":0.121}},{"type":"Feature","geometry":{"type":"Point","coordinates":[97.1148,1.42749]},"properties":{"rate_time":35.836}},{"type":"Feature","geometry":{"type":"Point","coordinates":[97.14549,1.4275]},"properties":{"rate_time":6.945}},{"type":"Feature","geometry":{"type":"Point","coordinates":[97.11507,1.42752]},"properties":{"rate_time":33.537}},{"type":"Feature","geometry":{"type":"Point","coordinates":[97.11533,1.42753]},"properties":{"rate_time":31.548}},{"type":"Feature","geometry":{"type":"Point","coordinates":[97.1156,1.42755]},"properties":{"rate_time":31.085}},{"type":"Feature","geometry":{"type":"Point","coordinates":[97.16864,1.42758]},"properties":{"rate_time":-0.568}},{"type":"Feature","geometry":{"type":"Point","coordinates":[97.1728,1.4276]},"properties":{"rate_time":-0.361}},{"type":"Feature","geometry":{"type":"Point","coordinates":[97.17156,1.42762]},"properties":{"rate_time":-0.018}},{"type":"Feature","geometry":{"type":"Point","coordinates":[97.15603,1.42763]},"properties":{"rate_time":-1.911}},{"type":"Feature","geometry":{"type":"Point","coordinates":[97.15651,1.42763]},"properties":{"rate_time":-2.429}},{"type":"Feature","geometry":{"type":"Point","coordinates":[97.11585,1.42767]},"properties":{"rate_time":31.027}},{"type":"Feature","geometry":{"type":"Point","coordinates":[97.14532,1.42771]},"properties":{"rate_time":7.293}},{"type":"Feature","geometry":{"type":"Point","coordinates":[97.15627,1.42772]},"properties":{"rate_time":-1.804}},{"type":"Feature","geometry":{"type":"Point","coordinates":[97.08121,1.42759]},"properties":{"rate_time":0.551}},{"type":"Feature","geometry":{"type":"Point","coordinates":[97.08068,1.4276]},"properties":{"rate_time":-0.612}},{"type":"Feature","geometry":{"type":"Point","coordinates":[97.08148,1.42763]},"properties":{"rate_time":0.915}},{"type":"Feature","geometry":{"type":"Point","coordinates":[97.08041,1.42764]},"properties":{"rate_time":-0.504}},{"type":"Feature","geometry":{"type":"Point","coordinates":[97.08014,1.42766]},"properties":{"rate_time":0.091}},{"type":"Feature","geometry":{"type":"Point","coordinates":[97.08175,1.42766]},"properties":{"rate_time":1.083}},{"type":"Feature","geometry":{"type":"Point","coordinates":[97.07531,1.42767]},"properties":{"rate_time":32.03}},{"type":"Feature","geometry":{"type":"Point","coordinates":[97.0773,1.42768]},"properties":{"rate_time":-4.329}},{"type":"Feature","geometry":{"type":"Point","coordinates":[97.08201,1.4277]},"properties":{"rate_time":1.104}},{"type":"Feature","geometry":{"type":"Point","coordinates":[97.07557,1.4277]},"properties":{"rate_time":33.553}},{"type":"Feature","geometry":{"type":"Point","coordinates":[97.07756,1.42771]},"properties":{"rate_time":-4.019}},{"type":"Feature","geometry":{"type":"Point","coordinates":[97.07682,1.42772]},"properties":{"rate_time":-5.406}},{"type":"Feature","geometry":{"type":"Point","coordinates":[97.07988,1.42772]},"properties":{"rate_time":0.79}},{"type":"Feature","geometry":{"type":"Point","coordinates":[97.08228,1.42773]},"properties":{"rate_time":1.041}},{"type":"Feature","geometry":{"type":"Point","coordinates":[97.07584,1.42774]},"properties":{"rate_time":31.702}},{"type":"Feature","geometry":{"type":"Point","coordinates":[97.08255,1.42775]},"properties":{"rate_time":1.703}},{"type":"Feature","geometry":{"type":"Point","coordinates":[97.07705,1.42776]},"properties":{"rate_time":-4.79}},{"type":"Feature","geometry":{"type":"Point","coordinates":[97.08373,1.42777]},"properties":{"rate_time":-0.479}},{"type":"Feature","geometry":{"type":"Point","coordinates":[97.08282,1.42779]},"properties":{"rate_time":1.526}},{"type":"Feature","geometry":{"type":"Point","coordinates":[97.08399,1.42781]},"properties":{"rate_time":-0.639}},{"type":"Feature","geometry":{"type":"Point","coordinates":[97.17066,1.42773]},"properties":{"rate_time":-0.169}},{"type":"Feature","geometry":{"type":"Point","coordinates":[97.11824,1.42773]},"properties":{"rate_time":24.454}},{"type":"Feature","geometry":{"type":"Point","coordinates":[97.17381,1.42774]},"properties":{"rate_time":0.077}},{"type":"Feature","geometry":{"type":"Point","coordinates":[97.1185,1.42775]},"properties":{"rate_time":23.462}},{"type":"Feature","geometry":{"type":"Point","coordinates":[97.1704,1.42777]},"properties":{"rate_time":-0.122}},{"type":"Feature","geometry":{"type":"Point","coordinates":[97.16882,1.42778]},"properties":{"rate_time":-0.45}},{"type":"Feature","geometry":{"type":"Point","coordinates":[97.11608,1.42779]},"properties":{"rate_time":31.086}},{"type":"Feature","geometry":{"type":"Point","coordinates":[97.17091,1.42782]},"properties":{"rate_time":-0.176}},{"type":"Feature","geometry":{"type":"Point","coordinates":[97.17139,1.42783]},"properties":{"rate_time":-0.089}},{"type":"Feature","geometry":{"type":"Point","coordinates":[97.11801,1.42785]},"properties":{"rate_time":25.506}},{"type":"Feature","geometry":{"type":"Point","coordinates":[97.07781,1.42781]},"properties":{"rate_time":-3.753}},{"type":"Feature","geometry":{"type":"Point","coordinates":[97.08409,1.42783]},"properties":{"rate_time":-0.595}},{"type":"Feature","geometry":{"type":"Point","coordinates":[97.07963,1.42783]},"properties":{"rate_time":0.919}},{"type":"Feature","geometry":{"type":"Point","coordinates":[97.07609,1.42785]},"properties":{"rate_time":33.385}},{"type":"Feature","geometry":{"type":"Point","coordinates":[97.07661,1.42786]},"properties":{"rate_time":31.378}},{"type":"Feature","geometry":{"type":"Point","coordinates":[97.07937,1.42788]},"properties":{"rate_time":0.446}},{"type":"Feature","geometry":{"type":"Point","coordinates":[97.08435,1.4279]},"properties":{"rate_time":-0.652}},{"type":"Feature","geometry":{"type":"Point","coordinates":[97.0791,1.4279]},"properties":{"rate_time":1.631}},{"type":"Feature","geometry":{"type":"Point","coordinates":[97.07635,1.42792]},"properties":{"rate_time":31.79}},{"type":"Feature","geometry":{"type":"Point","coordinates":[97.08358,1.42792]},"properties":{"rate_time":-0.395}},{"type":"Feature","geometry":{"type":"Point","coordinates":[97.17277,1.42787]},"properties":{"rate_time":-0.122}},{"type":"Feature","geometry":{"type":"Point","coordinates":[97.11874,1.42787]},"properties":{"rate_time":23.951}},{"type":"Feature","geometry":{"type":"Point","coordinates":[97.17116,1.42791]},"properties":{"rate_time":-0.128}},{"type":"Feature","geometry":{"type":"Point","coordinates":[97.14514,1.42791]},"properties":{"rate_time":7.626}},{"type":"Feature","geometry":{"type":"Point","coordinates":[97.17017,1.42792]},"properties":{"rate_time":-0.169}},{"type":"Feature","geometry":{"type":"Point","coordinates":[97.11632,1.42792]},"properties":{"rate_time":30.978}},{"type":"Feature","geometry":{"type":"Point","coordinates":[97.17383,1.42801]},"properties":{"rate_time":0.019}},{"type":"Feature","geometry":{"type":"Point","coordinates":[97.16895,1.42801]},"properties":{"rate_time":-0.451}},{"type":"Feature","geometry":{"type":"Point","coordinates":[97.14489,1.42802]},"properties":{"rate_time":7.452}},{"type":"Feature","geometry":{"type":"Point","coordinates":[97.11781,1.42803]},"properties":{"rate_time":26.464}},{"type":"Feature","geometry":{"type":"Point","coordinates":[97.07883,1.42793]},"properties":{"rate_time":-1.307}},{"type":"Feature","geometry":{"type":"Point","coordinates":[97.07805,1.42794]},"properties":{"rate_time":-3.262}},{"type":"Feature","geometry":{"type":"Point","coordinates":[97.07705,1.42797]},"properties":{"rate_time":-1.718}},{"type":"Feature","geometry":{"type":"Point","coordinates":[97.08461,1.42799]},"properties":{"rate_time":-0.756}},{"type":"Feature","geometry":{"type":"Point","coordinates":[97.07857,1.42801]},"properties":{"rate_time":-1.955}},{"type":"Feature","geometry":{"type":"Point","coordinates":[97.0783,1.42802]},"properties":{"rate_time":-2.686}},{"type":"Feature","geometry":{"type":"Point","coordinates":[97.08283,1.42807]},"properties":{"rate_time":0.519}},{"type":"Feature","geometry":{"type":"Point","coordinates":[97.08482,1.42814]},"properties":{"rate_time":-0.916}},{"type":"Feature","geometry":{"type":"Point","coordinates":[97.07721,1.42817]},"properties":{"rate_time":-0.882}},{"type":"Feature","geometry":{"type":"Point","coordinates":[97.0836,1.42819]},"properties":{"rate_time":-1.149}},{"type":"Feature","geometry":{"type":"Point","coordinates":[97.11656,1.42805]},"properties":{"rate_time":30.578}},{"type":"Feature","geometry":{"type":"Point","coordinates":[97.16997,1.4281]},"properties":{"rate_time":-0.426}},{"type":"Feature","geometry":{"type":"Point","coordinates":[97.11885,1.42811]},"properties":{"rate_time":23.885}},{"type":"Feature","geometry":{"type":"Point","coordinates":[97.14465,1.42813]},"properties":{"rate_time":7.28}},{"type":"Feature","geometry":{"type":"Point","coordinates":[97.17277,1.42814]},"properties":{"rate_time":-0.275}},{"type":"Feature","geometry":{"type":"Point","coordinates":[97.1168,1.42817]},"properties":{"rate_time":30.07}},{"type":"Feature","geometry":{"type":"Point","coordinates":[97.11758,1.42818]},"properties":{"rate_time":27.513}},{"type":"Feature","geometry":{"type":"Point","coordinates":[97.11706,1.42824]},"properties":{"rate_time":29.38}},{"type":"Feature","geometry":{"type":"Point","coordinates":[97.11733,1.42825]},"properties":{"rate_time":28.475}},{"type":"Feature","geometry":{"type":"Point","coordinates":[97.16904,1.42826]},"properties":{"rate_time":-0.722}},{"type":"Feature","geometry":{"type":"Point","coordinates":[97.07748,1.42823]},"properties":{"rate_time":-0.865}},{"type":"Feature","geometry":{"type":"Point","coordinates":[97.07775,1.42824]},"properties":{"rate_time":-3.666}},{"type":"Feature","geometry":{"type":"Point","coordinates":[97.07801,1.42826]},"properties":{"rate_time":-3.72}},{"type":"Feature","geometry":{"type":"Point","coordinates":[97.0827,1.42831]},"properties":{"rate_time":-0.769}},{"type":"Feature","geometry":{"type":"Point","coordinates":[97.08499,1.42835]},"properties":{"rate_time":-1.25}},{"type":"Feature","geometry":{"type":"Point","coordinates":[97.07825,1.42838]},"properties":{"rate_time":-3.198}},{"type":"Feature","geometry":{"type":"Point","coordinates":[97.07852,1.42842]},"properties":{"rate_time":-2.676}},{"type":"Feature","geometry":{"type":"Point","coordinates":[97.08369,1.42842]},"properties":{"rate_time":-1.03}},{"type":"Feature","geometry":{"type":"Point","coordinates":[97.08145,1.42845]},"properties":{"rate_time":-0.624}},{"type":"Feature","geometry":{"type":"Point","coordinates":[97.08118,1.42846]},"properties":{"rate_time":-0.568}},{"type":"Feature","geometry":{"type":"Point","coordinates":[97.17386,1.42827]},"properties":{"rate_time":0.057}},{"type":"Feature","geometry":{"type":"Point","coordinates":[97.16978,1.42829]},"properties":{"rate_time":-0.455}},{"type":"Feature","geometry":{"type":"Point","coordinates":[97.14445,1.42831]},"properties":{"rate_time":6.747}},{"type":"Feature","geometry":{"type":"Point","coordinates":[97.11899,1.42835]},"properties":{"rate_time":22.605}},{"type":"Feature","geometry":{"type":"Point","coordinates":[97.17277,1.42841]},"properties":{"rate_time":-0.365}},{"type":"Feature","geometry":{"type":"Point","coordinates":[97.14423,1.42846]},"properties":{"rate_time":7.561}},{"type":"Feature","geometry":{"type":"Point","coordinates":[97.16959,1.42848]},"properties":{"rate_time":-0.668}},{"type":"Feature","geometry":{"type":"Point","coordinates":[97.1691,1.42852]},"properties":{"rate_time":-1.015}},{"type":"Feature","geometry":{"type":"Point","coordinates":[97.17387,1.42854]},"properties":{"rate_time":0.061}},{"type":"Feature","geometry":{"type":"Point","coordinates":[97.1191,1.42859]},"properties":{"rate_time":22.635}},{"type":"Feature","geometry":{"type":"Point","coordinates":[97.08171,1.42847]},"properties":{"rate_time":-0.667}},{"type":"Feature","geometry":{"type":"Point","coordinates":[97.08037,1.42848]},"properties":{"rate_time":-0.43}},{"type":"Feature","geometry":{"type":"Point","coordinates":[97.08251,1.42849]},"properties":{"rate_time":-1.28}},{"type":"Feature","geometry":{"type":"Point","coordinates":[97.08091,1.42849]},"properties":{"rate_time":-0.49}},{"type":"Feature","geometry":{"type":"Point","coordinates":[97.0801,1.42849]},"properties":{"rate_time":-0.31}},{"type":"Feature","geometry":{"type":"Point","coordinates":[97.08198,1.42849]},"properties":{"rate_time":-0.536}},{"type":"Feature","geometry":{"type":"Point","coordinates":[97.08064,1.4285]},"properties":{"rate_time":-0.405}},{"type":"Feature","geometry":{"type":"Point","coordinates":[97.0793,1.42851]},"properties":{"rate_time":-1.292}},{"type":"Feature","geometry":{"type":"Point","coordinates":[97.07983,1.42851]},"properties":{"rate_time":-0.443}},{"type":"Feature","geometry":{"type":"Point","coordinates":[97.08419,1.42851]},"properties":{"rate_time":-0.704}},{"type":"Feature","geometry":{"type":"Point","coordinates":[97.144,1.42859]},"properties":{"rate_time":8.533}},{"type":"Feature","geometry":{"type":"Point","coordinates":[97.16934,1.42864]},"properties":{"rate_time":-1.215}},{"type":"Feature","geometry":{"type":"Point","coordinates":[97.17283,1.42867]},"properties":{"rate_time":-0.418}},{"type":"Feature","geometry":{"type":"Point","coordinates":[97.17387,1.42882]},"properties":{"rate_time":0.028}},{"type":"Feature","geometry":{"type":"Point","coordinates":[97.14385,1.42882]},"properties":{"rate_time":8.5}},{"type":"Feature","geometry":{"type":"Point","coordinates":[97.11924,1.42883]},"properties":{"rate_time":22.635}},{"type":"Feature","geometry":{"type":"Point","coordinates":[97.17292,1.42893]},"properties":{"rate_time":-0.488}},{"type":"Feature","geometry":{"type":"Point","coordinates":[97.14372,1.42906]},"properties":{"rate_time":9.37}},{"type":"Feature","geometry":{"type":"Point","coordinates":[97.11936,1.42907]},"properties":{"rate_time":22.591}},{"type":"Feature","geometry":{"type":"Point","coordinates":[97.1739,1.42909]},"properties":{"rate_time":-0.06}},{"type":"Feature","geometry":{"type":"Point","coordinates":[97.17299,1.42919]},"properties":{"rate_time":-0.383}},{"type":"Feature","geometry":{"type":"Point","coordinates":[97.14358,1.42929]},"properties":{"rate_time":6.818}},{"type":"Feature","geometry":{"type":"Point","coordinates":[97.11947,1.42932]},"properties":{"rate_time":22.66}},{"type":"Feature","geometry":{"type":"Point","coordinates":[97.17395,1.42935]},"properties":{"rate_time":-0.429}},{"type":"Feature","geometry":{"type":"Point","coordinates":[97.17006,1.42936]},"properties":{"rate_time":0.79}},{"type":"Feature","geometry":{"type":"Point","coordinates":[97.1698,1.42942]},"properties":{"rate_time":0.085}},{"type":"Feature","geometry":{"type":"Point","coordinates":[97.17311,1.42943]},"properties":{"rate_time":-0.493}},{"type":"Feature","geometry":{"type":"Point","coordinates":[97.17029,1.42946]},"properties":{"rate_time":0.835}},{"type":"Feature","geometry":{"type":"Point","coordinates":[97.14341,1.42949]},"properties":{"rate_time":7.404}},{"type":"Feature","geometry":{"type":"Point","coordinates":[97.16955,1.42952]},"properties":{"rate_time":-0.436}},{"type":"Feature","geometry":{"type":"Point","coordinates":[97.16901,1.42953]},"properties":{"rate_time":-1.389}},{"type":"Feature","geometry":{"type":"Point","coordinates":[97.1196,1.42954]},"properties":{"rate_time":22.467}},{"type":"Feature","geometry":{"type":"Point","coordinates":[97.16928,1.42954]},"properties":{"rate_time":-1.596}},{"type":"Feature","geometry":{"type":"Point","coordinates":[97.16875,1.42956]},"properties":{"rate_time":-0.417}},{"type":"Feature","geometry":{"type":"Point","coordinates":[97.16864,1.42959]},"properties":{"rate_time":-0.626}},{"type":"Feature","geometry":{"type":"Point","coordinates":[97.17407,1.4296]},"properties":{"rate_time":-0.824}},{"type":"Feature","geometry":{"type":"Point","coordinates":[97.17326,1.42966]},"properties":{"rate_time":-0.457}},{"type":"Feature","geometry":{"type":"Point","coordinates":[97.14321,1.42967]},"properties":{"rate_time":7.868}},{"type":"Feature","geometry":{"type":"Point","coordinates":[97.17045,1.42968]},"properties":{"rate_time":-0.007}},{"type":"Feature","geometry":{"type":"Point","coordinates":[97.11981,1.42971]},"properties":{"rate_time":17.118}},{"type":"Feature","geometry":{"type":"Point","coordinates":[97.16843,1.42975]},"properties":{"rate_time":-1.086}},{"type":"Feature","geometry":{"type":"Point","coordinates":[97.17417,1.42985]},"properties":{"rate_time":-1.305}},{"type":"Feature","geometry":{"type":"Point","coordinates":[97.12004,1.42985]},"properties":{"rate_time":21.576}},{"type":"Feature","geometry":{"type":"Point","coordinates":[97.14302,1.42986]},"properties":{"rate_time":8.417}},{"type":"Feature","geometry":{"type":"Point","coordinates":[97.17059,1.4299]},"properties":{"rate_time":-0.373}},{"type":"Feature","geometry":{"type":"Point","coordinates":[97.17336,1.42991]},"properties":{"rate_time":-1.216}},{"type":"Feature","geometry":{"type":"Point","coordinates":[97.12028,1.42996]},"properties":{"rate_time":20.806}},{"type":"Feature","geometry":{"type":"Point","coordinates":[97.16832,1.43]},"properties":{"rate_time":-1.485}},{"type":"Feature","geometry":{"type":"Point","coordinates":[97.1428,1.43002]},"properties":{"rate_time":8.602}},{"type":"Feature","geometry":{"type":"Point","coordinates":[97.12054,1.43004]},"properties":{"rate_time":20.198}},{"type":"Feature","geometry":{"type":"Point","coordinates":[97.17429,1.43009]},"properties":{"rate_time":-0.236}},{"type":"Feature","geometry":{"type":"Point","coordinates":[97.12079,1.43014]},"properties":{"rate_time":19.002}},{"type":"Feature","geometry":{"type":"Point","coordinates":[97.17065,1.43016]},"properties":{"rate_time":-0.573}},{"type":"Feature","geometry":{"type":"Point","coordinates":[97.17335,1.43017]},"properties":{"rate_time":-1.456}},{"type":"Feature","geometry":{"type":"Point","coordinates":[97.14258,1.43017]},"properties":{"rate_time":8.747}},{"type":"Feature","geometry":{"type":"Point","coordinates":[97.16821,1.43024]},"properties":{"rate_time":-1.275}},{"type":"Feature","geometry":{"type":"Point","coordinates":[97.12103,1.43026]},"properties":{"rate_time":14.561}},{"type":"Feature","geometry":{"type":"Point","coordinates":[97.14235,1.43031]},"properties":{"rate_time":9.016}},{"type":"Feature","geometry":{"type":"Point","coordinates":[97.17443,1.43032]},"properties":{"rate_time":-0.475}},{"type":"Feature","geometry":{"type":"Point","coordinates":[97.12127,1.4304]},"properties":{"rate_time":12.945}},{"type":"Feature","geometry":{"type":"Point","coordinates":[97.21776,1.42654]},"properties":{"rate_time":-0.096}},{"type":"Feature","geometry":{"type":"Point","coordinates":[97.21749,1.42657]},"properties":{"rate_time":-0.114}},{"type":"Feature","geometry":{"type":"Point","coordinates":[97.24255,1.42657]},"properties":{"rate_time":2.326}},{"type":"Feature","geometry":{"type":"Point","coordinates":[97.21722,1.42661]},"properties":{"rate_time":-0.106}},{"type":"Feature","geometry":{"type":"Point","coordinates":[97.21589,1.42661]},"properties":{"rate_time":-0.023}},{"type":"Feature","geometry":{"type":"Point","coordinates":[97.28302,1.42663]},"properties":{"rate_time":5.55}},{"type":"Feature","geometry":{"type":"Point","coordinates":[97.21696,1.42666]},"properties":{"rate_time":-0.057}},{"type":"Feature","geometry":{"type":"Point","coordinates":[97.2423,1.42666]},"properties":{"rate_time":2.395}},{"type":"Feature","geometry":{"type":"Point","coordinates":[97.24363,1.42667]},"properties":{"rate_time":1.233}},{"type":"Feature","geometry":{"type":"Point","coordinates":[97.21615,1.42668]},"properties":{"rate_time":-0.012}},{"type":"Feature","geometry":{"type":"Point","coordinates":[97.21669,1.42669]},"properties":{"rate_time":-0.028}},{"type":"Feature","geometry":{"type":"Point","coordinates":[97.21642,1.4267]},"properties":{"rate_time":-0.002}},{"type":"Feature","geometry":{"type":"Point","coordinates":[97.24204,1.42673]},"properties":{"rate_time":-0.618}},{"type":"Feature","geometry":{"type":"Point","coordinates":[97.24179,1.42682]},"properties":{"rate_time":-0.64}},{"type":"Feature","geometry":{"type":"Point","coordinates":[97.24385,1.42683]},"properties":{"rate_time":0.885}},{"type":"Feature","geometry":{"type":"Point","coordinates":[97.28317,1.42685]},"properties":{"rate_time":5.834}},{"type":"Feature","geometry":{"type":"Point","coordinates":[97.24156,1.42696]},"properties":{"rate_time":-0.602}},{"type":"Feature","geometry":{"type":"Point","coordinates":[97.24407,1.42699]},"properties":{"rate_time":0.791}},{"type":"Feature","geometry":{"type":"Point","coordinates":[97.28328,1.42703]},"properties":{"rate_time":4.437}},{"type":"Feature","geometry":{"type":"Point","coordinates":[97.24137,1.42715]},"properties":{"rate_time":-0.727}},{"type":"Feature","geometry":{"type":"Point","coordinates":[97.24436,1.4272]},"properties":{"rate_time":0.928}},{"type":"Feature","geometry":{"type":"Point","coordinates":[97.28343,1.42726]},"properties":{"rate_time":4.356}},{"type":"Feature","geometry":{"type":"Point","coordinates":[97.24458,1.42736]},"properties":{"rate_time":0.951}},{"type":"Feature","geometry":{"type":"Point","coordinates":[97.24128,1.42741]},"properties":{"rate_time":1.232}},{"type":"Feature","geometry":{"type":"Point","coordinates":[97.28358,1.42748]},"properties":{"rate_time":4.324}},{"type":"Feature","geometry":{"type":"Point","coordinates":[97.24472,1.42759]},"properties":{"rate_time":0.999}},{"type":"Feature","geometry":{"type":"Point","coordinates":[97.24122,1.42767]},"properties":{"rate_time":4.388}},{"type":"Feature","geometry":{"type":"Point","coordinates":[97.28372,1.42771]},"properties":{"rate_time":4.312}},{"type":"Feature","geometry":{"type":"Point","coordinates":[97.24072,1.42781]},"properties":{"rate_time":6.256}},{"type":"Feature","geometry":{"type":"Point","coordinates":[97.24487,1.42782]},"properties":{"rate_time":1.15}},{"type":"Feature","geometry":{"type":"Point","coordinates":[97.24093,1.42784]},"properties":{"rate_time":5.561}},{"type":"Feature","geometry":{"type":"Point","coordinates":[97.24115,1.42794]},"properties":{"rate_time":4.766}},{"type":"Feature","geometry":{"type":"Point","coordinates":[97.28386,1.42794]},"properties":{"rate_time":4.343}},{"type":"Feature","geometry":{"type":"Point","coordinates":[97.24061,1.428]},"properties":{"rate_time":6.689}},{"type":"Feature","geometry":{"type":"Point","coordinates":[97.24499,1.42805]},"properties":{"rate_time":1.353}},{"type":"Feature","geometry":{"type":"Point","coordinates":[97.284,1.42818]},"properties":{"rate_time":5.164}},{"type":"Feature","geometry":{"type":"Point","coordinates":[97.24071,1.42822]},"properties":{"rate_time":6.456}},{"type":"Feature","geometry":{"type":"Point","coordinates":[97.24502,1.42832]},"properties":{"rate_time":1.35}},{"type":"Feature","geometry":{"type":"Point","coordinates":[97.24049,1.42837]},"properties":{"rate_time":0.047}},{"type":"Feature","geometry":{"type":"Point","coordinates":[97.24028,1.42854]},"properties":{"rate_time":-1.451}},{"type":"Feature","geometry":{"type":"Point","coordinates":[97.24502,1.42859]},"properties":{"rate_time":1.37}},{"type":"Feature","geometry":{"type":"Point","coordinates":[97.24013,1.42877]},"properties":{"rate_time":-1.318}},{"type":"Feature","geometry":{"type":"Point","coordinates":[97.24501,1.42886]},"properties":{"rate_time":1.404}},{"type":"Feature","geometry":{"type":"Point","coordinates":[97.2401,1.42904]},"properties":{"rate_time":-1.173}},{"type":"Feature","geometry":{"type":"Point","coordinates":[97.2582,1.42911]},"properties":{"rate_time":-0.045}},{"type":"Feature","geometry":{"type":"Point","coordinates":[97.24498,1.42913]},"properties":{"rate_time":1.569}},{"type":"Feature","geometry":{"type":"Point","coordinates":[97.25846,1.42916]},"properties":{"rate_time":-0.137}},{"type":"Feature","geometry":{"type":"Point","coordinates":[97.25794,1.42916]},"properties":{"rate_time":-0.173}},{"type":"Feature","geometry":{"type":"Point","coordinates":[97.25871,1.42926]},"properties":{"rate_time":-0.146}},{"type":"Feature","geometry":{"type":"Point","coordinates":[97.24016,1.4293]},"properties":{"rate_time":-0.972}},{"type":"Feature","geometry":{"type":"Point","coordinates":[97.25772,1.4293]},"properties":{"rate_time":-0.089}},{"type":"Feature","geometry":{"type":"Point","coordinates":[97.25886,1.42936]},"properties":{"rate_time":0.121}},{"type":"Feature","geometry":{"type":"Point","coordinates":[97.24491,1.42939]},"properties":{"rate_time":1.96}},{"type":"Feature","geometry":{"type":"Point","coordinates":[97.25763,1.42956]},"properties":{"rate_time":0.535}},{"type":"Feature","geometry":{"type":"Point","coordinates":[97.34325,1.47868]},"properties":{"rate_time":1.564}},{"type":"Feature","geometry":{"type":"Point","coordinates":[97.24016,1.42957]},"properties":{"rate_time":-0.286}},{"type":"Feature","geometry":{"type":"Point","coordinates":[97.25896,1.4296]},"properties":{"rate_time":1.129}},{"type":"Feature","geometry":{"type":"Point","coordinates":[97.24479,1.42964]},"properties":{"rate_time":2.069}},{"type":"Feature","geometry":{"type":"Point","coordinates":[97.25772,1.42981]},"properties":{"rate_time":0.358}},{"type":"Feature","geometry":{"type":"Point","coordinates":[97.24026,1.42982]},"properties":{"rate_time":-0.342}},{"type":"Feature","geometry":{"type":"Point","coordinates":[97.25889,1.42986]},"properties":{"rate_time":1.072}},{"type":"Feature","geometry":{"type":"Point","coordinates":[97.24467,1.42988]},"properties":{"rate_time":2.29}},{"type":"Feature","geometry":{"type":"Point","coordinates":[97.25791,1.42999]},"properties":{"rate_time":0.291}},{"type":"Feature","geometry":{"type":"Point","coordinates":[97.24047,1.42999]},"properties":{"rate_time":-0.051}},{"type":"Feature","geometry":{"type":"Point","coordinates":[97.25867,1.43002]},"properties":{"rate_time":0.914}},{"type":"Feature","geometry":{"type":"Point","coordinates":[97.2445,1.43009]},"properties":{"rate_time":2.411}},{"type":"Feature","geometry":{"type":"Point","coordinates":[97.25815,1.43009]},"properties":{"rate_time":0.528}},{"type":"Feature","geometry":{"type":"Point","coordinates":[97.25842,1.4301]},"properties":{"rate_time":0.864}},{"type":"Feature","geometry":{"type":"Point","coordinates":[97.34339,1.47886]},"properties":{"rate_time":1.754}},{"type":"Feature","geometry":{"type":"Point","coordinates":[97.24069,1.43014]},"properties":{"rate_time":0.34}},{"type":"Feature","geometry":{"type":"Point","coordinates":[97.24093,1.43027]},"properties":{"rate_time":1.569}},{"type":"Feature","geometry":{"type":"Point","coordinates":[97.24431,1.43028]},"properties":{"rate_time":2.443}},{"type":"Feature","geometry":{"type":"Point","coordinates":[97.24118,1.43036]},"properties":{"rate_time":0.782}},{"type":"Feature","geometry":{"type":"Point","coordinates":[97.24408,1.43042]},"properties":{"rate_time":2.508}},{"type":"Feature","geometry":{"type":"Point","coordinates":[97.24143,1.43046]},"properties":{"rate_time":0.693}},{"type":"Feature","geometry":{"type":"Point","coordinates":[97.24169,1.43054]},"properties":{"rate_time":0.911}},{"type":"Feature","geometry":{"type":"Point","coordinates":[97.24377,1.43055]},"properties":{"rate_time":2.147}},{"type":"Feature","geometry":{"type":"Point","coordinates":[97.24194,1.43062]},"properties":{"rate_time":0.838}},{"type":"Feature","geometry":{"type":"Point","coordinates":[97.24352,1.43064]},"properties":{"rate_time":1.216}},{"type":"Feature","geometry":{"type":"Point","coordinates":[97.24326,1.43071]},"properties":{"rate_time":0.077}},{"type":"Feature","geometry":{"type":"Point","coordinates":[97.24299,1.43071]},"properties":{"rate_time":-0.031}},{"type":"Feature","geometry":{"type":"Point","coordinates":[97.24219,1.43074]},"properties":{"rate_time":0.775}},{"type":"Feature","geometry":{"type":"Point","coordinates":[97.28487,1.42986]},"properties":{"rate_time":4.494}},{"type":"Feature","geometry":{"type":"Point","coordinates":[97.28498,1.4301]},"properties":{"rate_time":4.398}},{"type":"Feature","geometry":{"type":"Point","coordinates":[97.28509,1.43035]},"properties":{"rate_time":4.308}},{"type":"Feature","geometry":{"type":"Point","coordinates":[97.28519,1.4306]},"properties":{"rate_time":4.281}},{"type":"Feature","geometry":{"type":"Point","coordinates":[97.28529,1.43085]},"properties":{"rate_time":4.338}},{"type":"Feature","geometry":{"type":"Point","coordinates":[97.2854,1.4311]},"properties":{"rate_time":4.024}},{"type":"Feature","geometry":{"type":"Point","coordinates":[97.2855,1.43135]},"properties":{"rate_time":4.054}},{"type":"Feature","geometry":{"type":"Point","coordinates":[97.2856,1.43161]},"properties":{"rate_time":4.12}},{"type":"Feature","geometry":{"type":"Point","coordinates":[97.28567,1.43187]},"properties":{"rate_time":4.172}},{"type":"Feature","geometry":{"type":"Point","coordinates":[97.28574,1.43213]},"properties":{"rate_time":4.275}},{"type":"Feature","geometry":{"type":"Point","coordinates":[97.28583,1.43238]},"properties":{"rate_time":4.36}},{"type":"Feature","geometry":{"type":"Point","coordinates":[97.28594,1.43263]},"properties":{"rate_time":4.4}},{"type":"Feature","geometry":{"type":"Point","coordinates":[97.286,1.4329]},"properties":{"rate_time":4.48}},{"type":"Feature","geometry":{"type":"Point","coordinates":[97.28607,1.43316]},"properties":{"rate_time":4.576}},{"type":"Feature","geometry":{"type":"Point","coordinates":[97.28615,1.43342]},"properties":{"rate_time":4.581}},{"type":"Feature","geometry":{"type":"Point","coordinates":[97.28623,1.43368]},"properties":{"rate_time":4.607}},{"type":"Feature","geometry":{"type":"Point","coordinates":[97.28627,1.43394]},"properties":{"rate_time":4.719}},{"type":"Feature","geometry":{"type":"Point","coordinates":[97.28635,1.4342]},"properties":{"rate_time":4.75}},{"type":"Feature","geometry":{"type":"Point","coordinates":[97.2864,1.43447]},"properties":{"rate_time":4.825}},{"type":"Feature","geometry":{"type":"Point","coordinates":[97.28645,1.43473]},"properties":{"rate_time":4.96}},{"type":"Feature","geometry":{"type":"Point","coordinates":[97.17327,1.43043]},"properties":{"rate_time":-0.828}},{"type":"Feature","geometry":{"type":"Point","coordinates":[97.17068,1.43043]},"properties":{"rate_time":-0.811}},{"type":"Feature","geometry":{"type":"Point","coordinates":[97.14215,1.4305]},"properties":{"rate_time":9.257}},{"type":"Feature","geometry":{"type":"Point","coordinates":[97.16817,1.43051]},"properties":{"rate_time":-0.944}},{"type":"Feature","geometry":{"type":"Point","coordinates":[97.17462,1.43051]},"properties":{"rate_time":-0.288}},{"type":"Feature","geometry":{"type":"Point","coordinates":[97.12151,1.43052]},"properties":{"rate_time":12.706}},{"type":"Feature","geometry":{"type":"Point","coordinates":[97.17236,1.43062]},"properties":{"rate_time":-0.381}},{"type":"Feature","geometry":{"type":"Point","coordinates":[97.17263,1.43062]},"properties":{"rate_time":-0.51}},{"type":"Feature","geometry":{"type":"Point","coordinates":[97.12174,1.43065]},"properties":{"rate_time":1.721}},{"type":"Feature","geometry":{"type":"Point","coordinates":[97.17209,1.43065]},"properties":{"rate_time":-0.537}},{"type":"Feature","geometry":{"type":"Point","coordinates":[97.1729,1.43065]},"properties":{"rate_time":-0.884}},{"type":"Feature","geometry":{"type":"Point","coordinates":[97.14194,1.43066]},"properties":{"rate_time":9.452}},{"type":"Feature","geometry":{"type":"Point","coordinates":[97.17316,1.43067]},"properties":{"rate_time":-3.066}},{"type":"Feature","geometry":{"type":"Point","coordinates":[97.17075,1.43068]},"properties":{"rate_time":-1.579}},{"type":"Feature","geometry":{"type":"Point","coordinates":[97.17183,1.43069]},"properties":{"rate_time":-1.159}},{"type":"Feature","geometry":{"type":"Point","coordinates":[97.17481,1.4307]},"properties":{"rate_time":-0.152}},{"type":"Feature","geometry":{"type":"Point","coordinates":[97.12198,1.43078]},"properties":{"rate_time":-0.885}},{"type":"Feature","geometry":{"type":"Point","coordinates":[97.16819,1.43078]},"properties":{"rate_time":-0.699}},{"type":"Feature","geometry":{"type":"Point","coordinates":[97.17158,1.43079]},"properties":{"rate_time":-1.823}},{"type":"Feature","geometry":{"type":"Point","coordinates":[97.14175,1.43085]},"properties":{"rate_time":8.723}},{"type":"Feature","geometry":{"type":"Point","coordinates":[97.12222,1.43089]},"properties":{"rate_time":-0.864}},{"type":"Feature","geometry":{"type":"Point","coordinates":[97.175,1.43089]},"properties":{"rate_time":-0.085}},{"type":"Feature","geometry":{"type":"Point","coordinates":[97.1707,1.43094]},"properties":{"rate_time":-2.947}},{"type":"Feature","geometry":{"type":"Point","coordinates":[97.17136,1.43094]},"properties":{"rate_time":-2.583}},{"type":"Feature","geometry":{"type":"Point","coordinates":[97.12246,1.43102]},"properties":{"rate_time":-0.989}},{"type":"Feature","geometry":{"type":"Point","coordinates":[97.16822,1.43104]},"properties":{"rate_time":-0.734}},{"type":"Feature","geometry":{"type":"Point","coordinates":[97.14156,1.43105]},"properties":{"rate_time":10.24}},{"type":"Feature","geometry":{"type":"Point","coordinates":[97.17517,1.43111]},"properties":{"rate_time":0.051}},{"type":"Feature","geometry":{"type":"Point","coordinates":[97.17117,1.43113]},"properties":{"rate_time":-6.919}},{"type":"Feature","geometry":{"type":"Point","coordinates":[97.12267,1.4312]},"properties":{"rate_time":-0.721}},{"type":"Feature","geometry":{"type":"Point","coordinates":[97.17067,1.4312]},"properties":{"rate_time":-7.663}},{"type":"Feature","geometry":{"type":"Point","coordinates":[97.14139,1.43125]},"properties":{"rate_time":10.904}},{"type":"Feature","geometry":{"type":"Point","coordinates":[97.1683,1.4313]},"properties":{"rate_time":-0.783}},{"type":"Feature","geometry":{"type":"Point","coordinates":[97.1229,1.43132]},"properties":{"rate_time":-1.644}},{"type":"Feature","geometry":{"type":"Point","coordinates":[97.17524,1.43137]},"properties":{"rate_time":-0.764}},{"type":"Feature","geometry":{"type":"Point","coordinates":[97.17105,1.43138]},"properties":{"rate_time":-7.882}},{"type":"Feature","geometry":{"type":"Point","coordinates":[97.17085,1.4314]},"properties":{"rate_time":-8.398}},{"type":"Feature","geometry":{"type":"Point","coordinates":[97.12314,1.43145]},"properties":{"rate_time":-1.273}},{"type":"Feature","geometry":{"type":"Point","coordinates":[97.14123,1.43147]},"properties":{"rate_time":11.624}},{"type":"Feature","geometry":{"type":"Point","coordinates":[97.16845,1.43152]},"properties":{"rate_time":-0.818}},{"type":"Feature","geometry":{"type":"Point","coordinates":[97.12338,1.43157]},"properties":{"rate_time":-0.82}},{"type":"Feature","geometry":{"type":"Point","coordinates":[97.17527,1.43164]},"properties":{"rate_time":-0.738}},{"type":"Feature","geometry":{"type":"Point","coordinates":[97.14107,1.43169]},"properties":{"rate_time":12.249}},{"type":"Feature","geometry":{"type":"Point","coordinates":[97.12362,1.43169]},"properties":{"rate_time":-0.695}},{"type":"Feature","geometry":{"type":"Point","coordinates":[97.16863,1.43172]},"properties":{"rate_time":-0.799}},{"type":"Feature","geometry":{"type":"Point","coordinates":[97.12383,1.43186]},"properties":{"rate_time":-0.47}},{"type":"Feature","geometry":{"type":"Point","coordinates":[97.1409,1.4319]},"properties":{"rate_time":12.863}},{"type":"Feature","geometry":{"type":"Point","coordinates":[97.17528,1.43191]},"properties":{"rate_time":-0.61}},{"type":"Feature","geometry":{"type":"Point","coordinates":[97.16879,1.43194]},"properties":{"rate_time":-0.639}},{"type":"Feature","geometry":{"type":"Point","coordinates":[97.13056,1.432]},"properties":{"rate_time":-0.653}},{"type":"Feature","geometry":{"type":"Point","coordinates":[97.12406,1.432]},"properties":{"rate_time":-0.383}},{"type":"Feature","geometry":{"type":"Point","coordinates":[97.13082,1.43206]},"properties":{"rate_time":-0.884}},{"type":"Feature","geometry":{"type":"Point","coordinates":[97.12431,1.43208]},"properties":{"rate_time":-0.204}},{"type":"Feature","geometry":{"type":"Point","coordinates":[97.14071,1.43209]},"properties":{"rate_time":14.025}},{"type":"Feature","geometry":{"type":"Point","coordinates":[97.12458,1.43213]},"properties":{"rate_time":-0.305}},{"type":"Feature","geometry":{"type":"Point","coordinates":[97.13108,1.43215]},"properties":{"rate_time":-1.837}},{"type":"Feature","geometry":{"type":"Point","coordinates":[97.13134,1.43216]},"properties":{"rate_time":-2.474}},{"type":"Feature","geometry":{"type":"Point","coordinates":[97.16894,1.43216]},"properties":{"rate_time":-0.582}},{"type":"Feature","geometry":{"type":"Point","coordinates":[97.17523,1.43217]},"properties":{"rate_time":-0.962}},{"type":"Feature","geometry":{"type":"Point","coordinates":[97.13161,1.43218]},"properties":{"rate_time":-2.41}},{"type":"Feature","geometry":{"type":"Point","coordinates":[97.13039,1.4322]},"properties":{"rate_time":-0.727}},{"type":"Feature","geometry":{"type":"Point","coordinates":[97.12482,1.43225]},"properties":{"rate_time":-0.38}},{"type":"Feature","geometry":{"type":"Point","coordinates":[97.14052,1.43228]},"properties":{"rate_time":14.209}},{"type":"Feature","geometry":{"type":"Point","coordinates":[97.13185,1.4323]},"properties":{"rate_time":-2.109}},{"type":"Feature","geometry":{"type":"Point","coordinates":[97.12505,1.43239]},"properties":{"rate_time":-0.43}},{"type":"Feature","geometry":{"type":"Point","coordinates":[97.17509,1.4324]},"properties":{"rate_time":-1.828}},{"type":"Feature","geometry":{"type":"Point","coordinates":[97.13022,1.43241]},"properties":{"rate_time":-3.094}},{"type":"Feature","geometry":{"type":"Point","coordinates":[97.16904,1.43241]},"properties":{"rate_time":-0.817}},{"type":"Feature","geometry":{"type":"Point","coordinates":[97.14034,1.43248]},"properties":{"rate_time":14.061}},{"type":"Feature","geometry":{"type":"Point","coordinates":[97.17486,1.43249]},"properties":{"rate_time":-2.172}},{"type":"Feature","geometry":{"type":"Point","coordinates":[97.13203,1.4325]},"properties":{"rate_time":-1.707}},{"type":"Feature","geometry":{"type":"Point","coordinates":[97.12527,1.43255]},"properties":{"rate_time":-0.663}},{"type":"Feature","geometry":{"type":"Point","coordinates":[97.17498,1.43257]},"properties":{"rate_time":-1.608}},{"type":"Feature","geometry":{"type":"Point","coordinates":[97.16917,1.43265]},"properties":{"rate_time":-0.8}},{"type":"Feature","geometry":{"type":"Point","coordinates":[97.13015,1.43267]},"properties":{"rate_time":-3.257}},{"type":"Feature","geometry":{"type":"Point","coordinates":[97.14015,1.43268]},"properties":{"rate_time":-1.134}},{"type":"Feature","geometry":{"type":"Point","coordinates":[97.13222,1.4327]},"properties":{"rate_time":-0.598}},{"type":"Feature","geometry":{"type":"Point","coordinates":[97.12547,1.43272]},"properties":{"rate_time":-0.843}},{"type":"Feature","geometry":{"type":"Point","coordinates":[97.17506,1.43281]},"properties":{"rate_time":-0.733}},{"type":"Feature","geometry":{"type":"Point","coordinates":[97.16936,1.43284]},"properties":{"rate_time":-0.559}},{"type":"Feature","geometry":{"type":"Point","coordinates":[97.13997,1.43288]},"properties":{"rate_time":-1.299}},{"type":"Feature","geometry":{"type":"Point","coordinates":[97.12567,1.43291]},"properties":{"rate_time":-0.7}},{"type":"Feature","geometry":{"type":"Point","coordinates":[97.13237,1.43292]},"properties":{"rate_time":-0.864}},{"type":"Feature","geometry":{"type":"Point","coordinates":[97.13015,1.43294]},"properties":{"rate_time":-4.747}},{"type":"Feature","geometry":{"type":"Point","coordinates":[97.1696,1.43297]},"properties":{"rate_time":-0.562}},{"type":"Feature","geometry":{"type":"Point","coordinates":[97.12589,1.43307]},"properties":{"rate_time":-0.576}},{"type":"Feature","geometry":{"type":"Point","coordinates":[97.13978,1.43307]},"properties":{"rate_time":-1.506}},{"type":"Feature","geometry":{"type":"Point","coordinates":[97.17509,1.43308]},"properties":{"rate_time":-0.48}},{"type":"Feature","geometry":{"type":"Point","coordinates":[97.16983,1.4331]},"properties":{"rate_time":-0.557}},{"type":"Feature","geometry":{"type":"Point","coordinates":[97.13241,1.43317]},"properties":{"rate_time":-0.873}},{"type":"Feature","geometry":{"type":"Point","coordinates":[97.12613,1.43319]},"properties":{"rate_time":-0.592}},{"type":"Feature","geometry":{"type":"Point","coordinates":[97.13024,1.4332]},"properties":{"rate_time":-4.392}},{"type":"Feature","geometry":{"type":"Point","coordinates":[97.17007,1.43323]},"properties":{"rate_time":-0.498}},{"type":"Feature","geometry":{"type":"Point","coordinates":[97.13836,1.43324]},"properties":{"rate_time":10.362}},{"type":"Feature","geometry":{"type":"Point","coordinates":[97.13809,1.43327]},"properties":{"rate_time":9.166}},{"type":"Feature","geometry":{"type":"Point","coordinates":[97.1396,1.43327]},"properties":{"rate_time":-1.832}},{"type":"Feature","geometry":{"type":"Point","coordinates":[97.12637,1.43329]},"properties":{"rate_time":-0.834}},{"type":"Feature","geometry":{"type":"Point","coordinates":[97.17503,1.43334]},"properties":{"rate_time":-0.693}},{"type":"Feature","geometry":{"type":"Point","coordinates":[97.17031,1.43336]},"properties":{"rate_time":-0.545}},{"type":"Feature","geometry":{"type":"Point","coordinates":[97.13042,1.43338]},"properties":{"rate_time":-3.52}},{"type":"Feature","geometry":{"type":"Point","coordinates":[97.24272,1.43074]},"properties":{"rate_time":-0.041}},{"type":"Feature","geometry":{"type":"Point","coordinates":[97.24245,1.43077]},"properties":{"rate_time":0.221}},{"type":"Feature","geometry":{"type":"Point","coordinates":[97.22951,1.43885]},"properties":{"rate_time":2.56}},{"type":"Feature","geometry":{"type":"Point","coordinates":[97.22978,1.43886]},"properties":{"rate_time":2.392}},{"type":"Feature","geometry":{"type":"Point","coordinates":[97.23005,1.43886]},"properties":{"rate_time":2.198}},{"type":"Feature","geometry":{"type":"Point","coordinates":[97.23032,1.43887]},"properties":{"rate_time":2.041}},{"type":"Feature","geometry":{"type":"Point","coordinates":[97.22924,1.43887]},"properties":{"rate_time":1.895}},{"type":"Feature","geometry":{"type":"Point","coordinates":[97.22897,1.43888]},"properties":{"rate_time":-0.137}},{"type":"Feature","geometry":{"type":"Point","coordinates":[97.23058,1.43893]},"properties":{"rate_time":1.89}},{"type":"Feature","geometry":{"type":"Point","coordinates":[97.22871,1.43893]},"properties":{"rate_time":-0.234}},{"type":"Feature","geometry":{"type":"Point","coordinates":[97.2865,1.435]},"properties":{"rate_time":5.186}},{"type":"Feature","geometry":{"type":"Point","coordinates":[97.28653,1.43527]},"properties":{"rate_time":5.321}},{"type":"Feature","geometry":{"type":"Point","coordinates":[97.28657,1.43554]},"properties":{"rate_time":5.355}},{"type":"Feature","geometry":{"type":"Point","coordinates":[97.28661,1.43581]},"properties":{"rate_time":5.309}},{"type":"Feature","geometry":{"type":"Point","coordinates":[97.28666,1.43608]},"properties":{"rate_time":5.353}},{"type":"Feature","geometry":{"type":"Point","coordinates":[97.28671,1.43634]},"properties":{"rate_time":4.951}},{"type":"Feature","geometry":{"type":"Point","coordinates":[97.28675,1.43661]},"properties":{"rate_time":5.044}},{"type":"Feature","geometry":{"type":"Point","coordinates":[97.28677,1.43688]},"properties":{"rate_time":5.156}},{"type":"Feature","geometry":{"type":"Point","coordinates":[97.28678,1.43715]},"properties":{"rate_time":5.285}},{"type":"Feature","geometry":{"type":"Point","coordinates":[97.2868,1.43742]},"properties":{"rate_time":5.517}},{"type":"Feature","geometry":{"type":"Point","coordinates":[97.28684,1.43769]},"properties":{"rate_time":5.63}},{"type":"Feature","geometry":{"type":"Point","coordinates":[97.28688,1.43796]},"properties":{"rate_time":5.769}},{"type":"Feature","geometry":{"type":"Point","coordinates":[97.28691,1.43823]},"properties":{"rate_time":5.93}},{"type":"Feature","geometry":{"type":"Point","coordinates":[97.28695,1.4385]},"properties":{"rate_time":6.165}},{"type":"Feature","geometry":{"type":"Point","coordinates":[97.28698,1.43877]},"properties":{"rate_time":6.514}},{"type":"Feature","geometry":{"type":"Point","coordinates":[97.287,1.43904]},"properties":{"rate_time":6.759}},{"type":"Feature","geometry":{"type":"Point","coordinates":[97.28702,1.43931]},"properties":{"rate_time":6.949}},{"type":"Feature","geometry":{"type":"Point","coordinates":[97.22844,1.43899]},"properties":{"rate_time":-0.38}},{"type":"Feature","geometry":{"type":"Point","coordinates":[97.22819,1.43907]},"properties":{"rate_time":-0.286}},{"type":"Feature","geometry":{"type":"Point","coordinates":[97.23086,1.43916]},"properties":{"rate_time":1.326}},{"type":"Feature","geometry":{"type":"Point","coordinates":[97.22794,1.43919]},"properties":{"rate_time":-0.357}},{"type":"Feature","geometry":{"type":"Point","coordinates":[97.22771,1.43932]},"properties":{"rate_time":-0.356}},{"type":"Feature","geometry":{"type":"Point","coordinates":[97.23104,1.43936]},"properties":{"rate_time":0.954}},{"type":"Feature","geometry":{"type":"Point","coordinates":[97.22747,1.43945]},"properties":{"rate_time":-0.417}},{"type":"Feature","geometry":{"type":"Point","coordinates":[97.2312,1.43958]},"properties":{"rate_time":0.566}},{"type":"Feature","geometry":{"type":"Point","coordinates":[97.22724,1.43959]},"properties":{"rate_time":-0.503}},{"type":"Feature","geometry":{"type":"Point","coordinates":[97.22699,1.43968]},"properties":{"rate_time":-0.332}},{"type":"Feature","geometry":{"type":"Point","coordinates":[97.23138,1.43978]},"properties":{"rate_time":0.396}},{"type":"Feature","geometry":{"type":"Point","coordinates":[97.22674,1.4398]},"properties":{"rate_time":-0.317}},{"type":"Feature","geometry":{"type":"Point","coordinates":[97.23161,1.43991]},"properties":{"rate_time":0.289}},{"type":"Feature","geometry":{"type":"Point","coordinates":[97.2265,1.43991]},"properties":{"rate_time":-0.43}},{"type":"Feature","geometry":{"type":"Point","coordinates":[97.23187,1.44]},"properties":{"rate_time":0.368}},{"type":"Feature","geometry":{"type":"Point","coordinates":[97.22626,1.44004]},"properties":{"rate_time":-0.571}},{"type":"Feature","geometry":{"type":"Point","coordinates":[97.23207,1.44018]},"properties":{"rate_time":0.352}},{"type":"Feature","geometry":{"type":"Point","coordinates":[97.22606,1.44021]},"properties":{"rate_time":-0.437}},{"type":"Feature","geometry":{"type":"Point","coordinates":[97.23222,1.4404]},"properties":{"rate_time":0.261}},{"type":"Feature","geometry":{"type":"Point","coordinates":[97.22587,1.44041]},"properties":{"rate_time":-0.414}},{"type":"Feature","geometry":{"type":"Point","coordinates":[97.22568,1.44061]},"properties":{"rate_time":-0.393}},{"type":"Feature","geometry":{"type":"Point","coordinates":[97.2322,1.44067]},"properties":{"rate_time":0.08}},{"type":"Feature","geometry":{"type":"Point","coordinates":[97.2256,1.44086]},"properties":{"rate_time":-0.406}},{"type":"Feature","geometry":{"type":"Point","coordinates":[97.23211,1.44093]},"properties":{"rate_time":0.05}},{"type":"Feature","geometry":{"type":"Point","coordinates":[97.22566,1.44111]},"properties":{"rate_time":-0.463}},{"type":"Feature","geometry":{"type":"Point","coordinates":[97.2321,1.4412]},"properties":{"rate_time":0.191}},{"type":"Feature","geometry":{"type":"Point","coordinates":[97.22581,1.44132]},"properties":{"rate_time":-0.381}},{"type":"Feature","geometry":{"type":"Point","coordinates":[97.23214,1.44147]},"properties":{"rate_time":0.616}},{"type":"Feature","geometry":{"type":"Point","coordinates":[97.22601,1.44151]},"properties":{"rate_time":-0.354}},{"type":"Feature","geometry":{"type":"Point","coordinates":[97.22624,1.44164]},"properties":{"rate_time":-0.199}},{"type":"Feature","geometry":{"type":"Point","coordinates":[97.28712,1.44039]},"properties":{"rate_time":9.735}},{"type":"Feature","geometry":{"type":"Point","coordinates":[97.28716,1.44065]},"properties":{"rate_time":9.82}},{"type":"Feature","geometry":{"type":"Point","coordinates":[97.28721,1.44092]},"properties":{"rate_time":9.881}},{"type":"Feature","geometry":{"type":"Point","coordinates":[97.28725,1.44119]},"properties":{"rate_time":9.888}},{"type":"Feature","geometry":{"type":"Point","coordinates":[97.28728,1.44146]},"properties":{"rate_time":9.875}},{"type":"Feature","geometry":{"type":"Point","coordinates":[97.28731,1.44173]},"properties":{"rate_time":9.87}},{"type":"Feature","geometry":{"type":"Point","coordinates":[97.28733,1.442]},"properties":{"rate_time":9.904}},{"type":"Feature","geometry":{"type":"Point","coordinates":[97.28738,1.44227]},"properties":{"rate_time":9.968}},{"type":"Feature","geometry":{"type":"Point","coordinates":[97.28745,1.44253]},"properties":{"rate_time":9.951}},{"type":"Feature","geometry":{"type":"Point","coordinates":[97.28751,1.44279]},"properties":{"rate_time":9.909}},{"type":"Feature","geometry":{"type":"Point","coordinates":[97.22651,1.44169]},"properties":{"rate_time":-0.456}},{"type":"Feature","geometry":{"type":"Point","coordinates":[97.23211,1.44173]},"properties":{"rate_time":1.11}},{"type":"Feature","geometry":{"type":"Point","coordinates":[97.22677,1.44175]},"properties":{"rate_time":-0.801}},{"type":"Feature","geometry":{"type":"Point","coordinates":[97.22702,1.44185]},"properties":{"rate_time":-0.585}},{"type":"Feature","geometry":{"type":"Point","coordinates":[97.22728,1.44193]},"properties":{"rate_time":-0.694}},{"type":"Feature","geometry":{"type":"Point","coordinates":[97.23199,1.44198]},"properties":{"rate_time":1.642}},{"type":"Feature","geometry":{"type":"Point","coordinates":[97.22754,1.44201]},"properties":{"rate_time":-0.884}},{"type":"Feature","geometry":{"type":"Point","coordinates":[97.22779,1.44211]},"properties":{"rate_time":-0.619}},{"type":"Feature","geometry":{"type":"Point","coordinates":[97.23182,1.44219]},"properties":{"rate_time":1.985}},{"type":"Feature","geometry":{"type":"Point","coordinates":[97.22804,1.4422]},"properties":{"rate_time":-0.63}},{"type":"Feature","geometry":{"type":"Point","coordinates":[97.22829,1.4423]},"properties":{"rate_time":-0.729}},{"type":"Feature","geometry":{"type":"Point","coordinates":[97.23164,1.44238]},"properties":{"rate_time":2.452}},{"type":"Feature","geometry":{"type":"Point","coordinates":[97.22853,1.44242]},"properties":{"rate_time":-0.521}},{"type":"Feature","geometry":{"type":"Point","coordinates":[97.23141,1.44253]},"properties":{"rate_time":2.679}},{"type":"Feature","geometry":{"type":"Point","coordinates":[97.22877,1.44254]},"properties":{"rate_time":-0.479}},{"type":"Feature","geometry":{"type":"Point","coordinates":[97.23116,1.44263]},"properties":{"rate_time":1.393}},{"type":"Feature","geometry":{"type":"Point","coordinates":[97.2309,1.44264]},"properties":{"rate_time":-0.409}},{"type":"Feature","geometry":{"type":"Point","coordinates":[97.22902,1.44265]},"properties":{"rate_time":-0.36}},{"type":"Feature","geometry":{"type":"Point","coordinates":[97.23063,1.44265]},"properties":{"rate_time":-0.436}},{"type":"Feature","geometry":{"type":"Point","coordinates":[97.23036,1.44268]},"properties":{"rate_time":-0.355}},{"type":"Feature","geometry":{"type":"Point","coordinates":[97.28756,1.44306]},"properties":{"rate_time":9.877}},{"type":"Feature","geometry":{"type":"Point","coordinates":[97.28757,1.44316]},"properties":{"rate_time":9.866}},{"type":"Feature","geometry":{"type":"Point","coordinates":[97.28762,1.44343]},"properties":{"rate_time":9.871}},{"type":"Feature","geometry":{"type":"Point","coordinates":[97.28768,1.44369]},"properties":{"rate_time":9.88}},{"type":"Feature","geometry":{"type":"Point","coordinates":[97.28774,1.44396]},"properties":{"rate_time":9.917}},{"type":"Feature","geometry":{"type":"Point","coordinates":[97.28778,1.44422]},"properties":{"rate_time":9.987}},{"type":"Feature","geometry":{"type":"Point","coordinates":[97.28781,1.44449]},"properties":{"rate_time":10.043}},{"type":"Feature","geometry":{"type":"Point","coordinates":[97.28786,1.44476]},"properties":{"rate_time":9.986}},{"type":"Feature","geometry":{"type":"Point","coordinates":[97.28794,1.44502]},"properties":{"rate_time":9.924}},{"type":"Feature","geometry":{"type":"Point","coordinates":[97.28801,1.44528]},"properties":{"rate_time":9.929}},{"type":"Feature","geometry":{"type":"Point","coordinates":[97.22928,1.4427]},"properties":{"rate_time":-0.189}},{"type":"Feature","geometry":{"type":"Point","coordinates":[97.23009,1.44271]},"properties":{"rate_time":-0.358}},{"type":"Feature","geometry":{"type":"Point","coordinates":[97.22955,1.44271]},"properties":{"rate_time":-0.224}},{"type":"Feature","geometry":{"type":"Point","coordinates":[97.22982,1.44272]},"properties":{"rate_time":-0.331}},{"type":"Feature","geometry":{"type":"Point","coordinates":[97.23297,1.44949]},"properties":{"rate_time":-0.404}},{"type":"Feature","geometry":{"type":"Point","coordinates":[97.23324,1.4495]},"properties":{"rate_time":-0.125}},{"type":"Feature","geometry":{"type":"Point","coordinates":[97.2327,1.4495]},"properties":{"rate_time":-0.791}},{"type":"Feature","geometry":{"type":"Point","coordinates":[97.23243,1.44953]},"properties":{"rate_time":-1.122}},{"type":"Feature","geometry":{"type":"Point","coordinates":[97.2335,1.44955]},"properties":{"rate_time":-0.292}},{"type":"Feature","geometry":{"type":"Point","coordinates":[97.23217,1.44958]},"properties":{"rate_time":0.07}},{"type":"Feature","geometry":{"type":"Point","coordinates":[97.28806,1.44555]},"properties":{"rate_time":9.878}},{"type":"Feature","geometry":{"type":"Point","coordinates":[97.2881,1.44582]},"properties":{"rate_time":9.778}},{"type":"Feature","geometry":{"type":"Point","coordinates":[97.28815,1.44608]},"properties":{"rate_time":9.713}},{"type":"Feature","geometry":{"type":"Point","coordinates":[97.28821,1.44635]},"properties":{"rate_time":9.629}},{"type":"Feature","geometry":{"type":"Point","coordinates":[97.29321,1.44636]},"properties":{"rate_time":-1.1}},{"type":"Feature","geometry":{"type":"Point","coordinates":[97.29306,1.44658]},"properties":{"rate_time":0.145}},{"type":"Feature","geometry":{"type":"Point","coordinates":[97.29353,1.44659]},"properties":{"rate_time":-0.624}},{"type":"Feature","geometry":{"type":"Point","coordinates":[97.28829,1.44661]},"properties":{"rate_time":9.502}},{"type":"Feature","geometry":{"type":"Point","coordinates":[97.2929,1.4468]},"properties":{"rate_time":0.784}},{"type":"Feature","geometry":{"type":"Point","coordinates":[97.2934,1.44682]},"properties":{"rate_time":-0.551}},{"type":"Feature","geometry":{"type":"Point","coordinates":[97.28835,1.44687]},"properties":{"rate_time":6.451}},{"type":"Feature","geometry":{"type":"Point","coordinates":[97.29276,1.44703]},"properties":{"rate_time":0.643}},{"type":"Feature","geometry":{"type":"Point","coordinates":[97.29327,1.44706]},"properties":{"rate_time":-0.225}},{"type":"Feature","geometry":{"type":"Point","coordinates":[97.28838,1.44714]},"properties":{"rate_time":6.427}},{"type":"Feature","geometry":{"type":"Point","coordinates":[97.29263,1.44727]},"properties":{"rate_time":0.859}},{"type":"Feature","geometry":{"type":"Point","coordinates":[97.29314,1.4473]},"properties":{"rate_time":-0.162}},{"type":"Feature","geometry":{"type":"Point","coordinates":[97.28844,1.4474]},"properties":{"rate_time":6.368}},{"type":"Feature","geometry":{"type":"Point","coordinates":[97.29249,1.44749]},"properties":{"rate_time":1.421}},{"type":"Feature","geometry":{"type":"Point","coordinates":[97.29298,1.44752]},"properties":{"rate_time":0.108}},{"type":"Feature","geometry":{"type":"Point","coordinates":[97.28852,1.44766]},"properties":{"rate_time":6.412}},{"type":"Feature","geometry":{"type":"Point","coordinates":[97.29234,1.44772]},"properties":{"rate_time":1.722}},{"type":"Feature","geometry":{"type":"Point","coordinates":[97.29283,1.44774]},"properties":{"rate_time":0.592}},{"type":"Feature","geometry":{"type":"Point","coordinates":[97.28858,1.44793]},"properties":{"rate_time":6.646}},{"type":"Feature","geometry":{"type":"Point","coordinates":[97.2922,1.44795]},"properties":{"rate_time":2.199}},{"type":"Feature","geometry":{"type":"Point","coordinates":[97.29267,1.44796]},"properties":{"rate_time":1.165}},{"type":"Feature","geometry":{"type":"Point","coordinates":[97.29205,1.44817]},"properties":{"rate_time":2.886}},{"type":"Feature","geometry":{"type":"Point","coordinates":[97.29252,1.44818]},"properties":{"rate_time":1.823}},{"type":"Feature","geometry":{"type":"Point","coordinates":[97.28862,1.4482]},"properties":{"rate_time":10.708}},{"type":"Feature","geometry":{"type":"Point","coordinates":[97.29187,1.44838]},"properties":{"rate_time":2.656}},{"type":"Feature","geometry":{"type":"Point","coordinates":[97.29236,1.4484]},"properties":{"rate_time":2.46}},{"type":"Feature","geometry":{"type":"Point","coordinates":[97.28865,1.44846]},"properties":{"rate_time":11.23}},{"type":"Feature","geometry":{"type":"Point","coordinates":[97.29169,1.44858]},"properties":{"rate_time":3.022}},{"type":"Feature","geometry":{"type":"Point","coordinates":[97.29223,1.44864]},"properties":{"rate_time":2.246}},{"type":"Feature","geometry":{"type":"Point","coordinates":[97.28869,1.44873]},"properties":{"rate_time":11.809}},{"type":"Feature","geometry":{"type":"Point","coordinates":[97.29152,1.44879]},"properties":{"rate_time":3.905}},{"type":"Feature","geometry":{"type":"Point","coordinates":[97.29209,1.44887]},"properties":{"rate_time":2.724}},{"type":"Feature","geometry":{"type":"Point","coordinates":[97.28881,1.44896]},"properties":{"rate_time":12.371}},{"type":"Feature","geometry":{"type":"Point","coordinates":[97.29139,1.44903]},"properties":{"rate_time":4.683}},{"type":"Feature","geometry":{"type":"Point","coordinates":[97.28905,1.44909]},"properties":{"rate_time":12.574}},{"type":"Feature","geometry":{"type":"Point","coordinates":[97.29194,1.4491]},"properties":{"rate_time":3.636}},{"type":"Feature","geometry":{"type":"Point","coordinates":[97.28928,1.44923]},"properties":{"rate_time":14.321}},{"type":"Feature","geometry":{"type":"Point","coordinates":[97.29126,1.44926]},"properties":{"rate_time":5.487}},{"type":"Feature","geometry":{"type":"Point","coordinates":[97.29184,1.44934]},"properties":{"rate_time":4.537}},{"type":"Feature","geometry":{"type":"Point","coordinates":[97.28952,1.44935]},"properties":{"rate_time":14.35}},{"type":"Feature","geometry":{"type":"Point","coordinates":[97.29108,1.44945]},"properties":{"rate_time":7.233}},{"type":"Feature","geometry":{"type":"Point","coordinates":[97.28968,1.44952]},"properties":{"rate_time":14.536}},{"type":"Feature","geometry":{"type":"Point","coordinates":[97.29084,1.44958]},"properties":{"rate_time":8.879}},{"type":"Feature","geometry":{"type":"Point","coordinates":[97.29175,1.4496]},"properties":{"rate_time":5.468}},{"type":"Feature","geometry":{"type":"Point","coordinates":[97.2906,1.44969]},"properties":{"rate_time":9.54}},{"type":"Feature","geometry":{"type":"Point","coordinates":[97.28976,1.44978]},"properties":{"rate_time":13.677}},{"type":"Feature","geometry":{"type":"Point","coordinates":[97.23377,1.4496]},"properties":{"rate_time":2.124}},{"type":"Feature","geometry":{"type":"Point","coordinates":[97.23397,1.44966]},"properties":{"rate_time":2.5}},{"type":"Feature","geometry":{"type":"Point","coordinates":[97.23192,1.44969]},"properties":{"rate_time":-0.089}},{"type":"Feature","geometry":{"type":"Point","coordinates":[97.23166,1.44974]},"properties":{"rate_time":-0.126}},{"type":"Feature","geometry":{"type":"Point","coordinates":[97.23422,1.44975]},"properties":{"rate_time":2.447}},{"type":"Feature","geometry":{"type":"Point","coordinates":[97.2314,1.44982]},"properties":{"rate_time":-0.291}},{"type":"Feature","geometry":{"type":"Point","coordinates":[97.23444,1.4499]},"properties":{"rate_time":2.385}},{"type":"Feature","geometry":{"type":"Point","coordinates":[97.23116,1.44995]},"properties":{"rate_time":-0.296}},{"type":"Feature","geometry":{"type":"Point","coordinates":[97.23094,1.4501]},"properties":{"rate_time":-0.499}},{"type":"Feature","geometry":{"type":"Point","coordinates":[97.23461,1.45011]},"properties":{"rate_time":1.917}},{"type":"Feature","geometry":{"type":"Point","coordinates":[97.29163,1.44984]},"properties":{"rate_time":7.017}},{"type":"Feature","geometry":{"type":"Point","coordinates":[97.29043,1.4499]},"properties":{"rate_time":8.255}},{"type":"Feature","geometry":{"type":"Point","coordinates":[97.28991,1.44996]},"properties":{"rate_time":9.261}},{"type":"Feature","geometry":{"type":"Point","coordinates":[97.29018,1.44996]},"properties":{"rate_time":8.78}},{"type":"Feature","geometry":{"type":"Point","coordinates":[97.29649,1.44998]},"properties":{"rate_time":1.556}},{"type":"Feature","geometry":{"type":"Point","coordinates":[97.29622,1.44998]},"properties":{"rate_time":1.663}},{"type":"Feature","geometry":{"type":"Point","coordinates":[97.29676,1.44999]},"properties":{"rate_time":1.366}},{"type":"Feature","geometry":{"type":"Point","coordinates":[97.29595,1.45001]},"properties":{"rate_time":1.817}},{"type":"Feature","geometry":{"type":"Point","coordinates":[97.29703,1.45003]},"properties":{"rate_time":1.489}},{"type":"Feature","geometry":{"type":"Point","coordinates":[97.29569,1.45006]},"properties":{"rate_time":1.578}},{"type":"Feature","geometry":{"type":"Point","coordinates":[97.29729,1.45006]},"properties":{"rate_time":1.232}},{"type":"Feature","geometry":{"type":"Point","coordinates":[97.29756,1.45009]},"properties":{"rate_time":1.195}},{"type":"Feature","geometry":{"type":"Point","coordinates":[97.29158,1.4501]},"properties":{"rate_time":7.698}},{"type":"Feature","geometry":{"type":"Point","coordinates":[97.29783,1.45011]},"properties":{"rate_time":1.249}},{"type":"Feature","geometry":{"type":"Point","coordinates":[97.29543,1.45012]},"properties":{"rate_time":1.617}},{"type":"Feature","geometry":{"type":"Point","coordinates":[97.2981,1.45015]},"properties":{"rate_time":1.283}},{"type":"Feature","geometry":{"type":"Point","coordinates":[97.29516,1.45018]},"properties":{"rate_time":1.572}},{"type":"Feature","geometry":{"type":"Point","coordinates":[97.29836,1.4502]},"properties":{"rate_time":1.244}},{"type":"Feature","geometry":{"type":"Point","coordinates":[97.29862,1.45027]},"properties":{"rate_time":1.201}},{"type":"Feature","geometry":{"type":"Point","coordinates":[97.29492,1.45029]},"properties":{"rate_time":2.317}},{"type":"Feature","geometry":{"type":"Point","coordinates":[97.29888,1.45034]},"properties":{"rate_time":1.271}},{"type":"Feature","geometry":{"type":"Point","coordinates":[97.29164,1.45037]},"properties":{"rate_time":8.57}},{"type":"Feature","geometry":{"type":"Point","coordinates":[97.29915,1.45039]},"properties":{"rate_time":1.421}},{"type":"Feature","geometry":{"type":"Point","coordinates":[97.29468,1.45041]},"properties":{"rate_time":2.445}},{"type":"Feature","geometry":{"type":"Point","coordinates":[97.29941,1.45045]},"properties":{"rate_time":1.325}},{"type":"Feature","geometry":{"type":"Point","coordinates":[97.29443,1.45051]},"properties":{"rate_time":2.335}},{"type":"Feature","geometry":{"type":"Point","coordinates":[97.29967,1.45053]},"properties":{"rate_time":1.291}},{"type":"Feature","geometry":{"type":"Point","coordinates":[97.29993,1.4506]},"properties":{"rate_time":1.363}},{"type":"Feature","geometry":{"type":"Point","coordinates":[97.29175,1.45061]},"properties":{"rate_time":8.653}},{"type":"Feature","geometry":{"type":"Point","coordinates":[97.2942,1.45065]},"properties":{"rate_time":2.485}},{"type":"Feature","geometry":{"type":"Point","coordinates":[97.23073,1.45028]},"properties":{"rate_time":-0.61}},{"type":"Feature","geometry":{"type":"Point","coordinates":[97.23471,1.45036]},"properties":{"rate_time":1.516}},{"type":"Feature","geometry":{"type":"Point","coordinates":[97.23054,1.45046]},"properties":{"rate_time":-0.526}},{"type":"Feature","geometry":{"type":"Point","coordinates":[97.2348,1.45061]},"properties":{"rate_time":1.198}},{"type":"Feature","geometry":{"type":"Point","coordinates":[97.23036,1.45067]},"properties":{"rate_time":-0.503}},{"type":"Feature","geometry":{"type":"Point","coordinates":[97.23495,1.45084]},"properties":{"rate_time":1.059}},{"type":"Feature","geometry":{"type":"Point","coordinates":[97.23028,1.45092]},"properties":{"rate_time":-0.761}},{"type":"Feature","geometry":{"type":"Point","coordinates":[97.23513,1.45103]},"properties":{"rate_time":0.911}},{"type":"Feature","geometry":{"type":"Point","coordinates":[97.23016,1.45116]},"properties":{"rate_time":-0.668}},{"type":"Feature","geometry":{"type":"Point","coordinates":[97.23534,1.45121]},"properties":{"rate_time":0.957}},{"type":"Feature","geometry":{"type":"Point","coordinates":[97.30019,1.45067]},"properties":{"rate_time":1.431}},{"type":"Feature","geometry":{"type":"Point","coordinates":[97.292,1.45071]},"properties":{"rate_time":7.783}},{"type":"Feature","geometry":{"type":"Point","coordinates":[97.30045,1.45074]},"properties":{"rate_time":1.462}},{"type":"Feature","geometry":{"type":"Point","coordinates":[97.29398,1.4508]},"properties":{"rate_time":3.441}},{"type":"Feature","geometry":{"type":"Point","coordinates":[97.30069,1.45085]},"properties":{"rate_time":1.521}},{"type":"Feature","geometry":{"type":"Point","coordinates":[97.29222,1.45086]},"properties":{"rate_time":7.237}},{"type":"Feature","geometry":{"type":"Point","coordinates":[97.30096,1.45091]},"properties":{"rate_time":1.554}},{"type":"Feature","geometry":{"type":"Point","coordinates":[97.29375,1.45096]},"properties":{"rate_time":3.679}},{"type":"Feature","geometry":{"type":"Point","coordinates":[97.30122,1.45099]},"properties":{"rate_time":1.576}},{"type":"Feature","geometry":{"type":"Point","coordinates":[97.29237,1.45108]},"properties":{"rate_time":6.792}},{"type":"Feature","geometry":{"type":"Point","coordinates":[97.30147,1.45108]},"properties":{"rate_time":1.631}},{"type":"Feature","geometry":{"type":"Point","coordinates":[97.29352,1.45109]},"properties":{"rate_time":4.323}},{"type":"Feature","geometry":{"type":"Point","coordinates":[97.30171,1.45119]},"properties":{"rate_time":1.76}},{"type":"Feature","geometry":{"type":"Point","coordinates":[97.29329,1.45123]},"properties":{"rate_time":4.989}},{"type":"Feature","geometry":{"type":"Point","coordinates":[97.30197,1.45128]},"properties":{"rate_time":1.801}},{"type":"Feature","geometry":{"type":"Point","coordinates":[97.2924,1.45134]},"properties":{"rate_time":7.217}},{"type":"Feature","geometry":{"type":"Point","coordinates":[97.30222,1.45139]},"properties":{"rate_time":1.831}},{"type":"Feature","geometry":{"type":"Point","coordinates":[97.29308,1.45141]},"properties":{"rate_time":5.653}},{"type":"Feature","geometry":{"type":"Point","coordinates":[97.30248,1.45145]},"properties":{"rate_time":1.97}},{"type":"Feature","geometry":{"type":"Point","coordinates":[97.29283,1.45151]},"properties":{"rate_time":6.534}},{"type":"Feature","geometry":{"type":"Point","coordinates":[97.23637,1.45131]},"properties":{"rate_time":2.155}},{"type":"Feature","geometry":{"type":"Point","coordinates":[97.23557,1.45134]},"properties":{"rate_time":1.04}},{"type":"Feature","geometry":{"type":"Point","coordinates":[97.2361,1.45135]},"properties":{"rate_time":1.727}},{"type":"Feature","geometry":{"type":"Point","coordinates":[97.23662,1.45137]},"properties":{"rate_time":0.009}},{"type":"Feature","geometry":{"type":"Point","coordinates":[97.23584,1.45138]},"properties":{"rate_time":1.222}},{"type":"Feature","geometry":{"type":"Point","coordinates":[97.23006,1.45141]},"properties":{"rate_time":-0.686}},{"type":"Feature","geometry":{"type":"Point","coordinates":[97.23684,1.45152]},"properties":{"rate_time":-0.034}},{"type":"Feature","geometry":{"type":"Point","coordinates":[97.22997,1.45167]},"properties":{"rate_time":-0.711}},{"type":"Feature","geometry":{"type":"Point","coordinates":[97.23699,1.45174]},"properties":{"rate_time":2.016}},{"type":"Feature","geometry":{"type":"Point","coordinates":[97.22988,1.45192]},"properties":{"rate_time":-0.474}},{"type":"Feature","geometry":{"type":"Point","coordinates":[97.29257,1.45154]},"properties":{"rate_time":7.156}},{"type":"Feature","geometry":{"type":"Point","coordinates":[97.30273,1.45154]},"properties":{"rate_time":2.094}},{"type":"Feature","geometry":{"type":"Point","coordinates":[97.30298,1.45165]},"properties":{"rate_time":2.132}},{"type":"Feature","geometry":{"type":"Point","coordinates":[97.30323,1.45175]},"properties":{"rate_time":2.191}},{"type":"Feature","geometry":{"type":"Point","coordinates":[97.30348,1.45185]},"properties":{"rate_time":2.21}},{"type":"Feature","geometry":{"type":"Point","coordinates":[97.30372,1.45198]},"properties":{"rate_time":2.241}},{"type":"Feature","geometry":{"type":"Point","coordinates":[97.30395,1.45211]},"properties":{"rate_time":2.294}},{"type":"Feature","geometry":{"type":"Point","coordinates":[97.30419,1.45224]},"properties":{"rate_time":2.843}},{"type":"Feature","geometry":{"type":"Point","coordinates":[97.30443,1.45235]},"properties":{"rate_time":2.967}},{"type":"Feature","geometry":{"type":"Point","coordinates":[97.30467,1.45247]},"properties":{"rate_time":2.917}},{"type":"Feature","geometry":{"type":"Point","coordinates":[97.2371,1.45199]},"properties":{"rate_time":1.562}},{"type":"Feature","geometry":{"type":"Point","coordinates":[97.22981,1.45219]},"properties":{"rate_time":-0.507}},{"type":"Feature","geometry":{"type":"Point","coordinates":[97.23715,1.45225]},"properties":{"rate_time":1.052}},{"type":"Feature","geometry":{"type":"Point","coordinates":[97.22976,1.45245]},"properties":{"rate_time":-0.677}},{"type":"Feature","geometry":{"type":"Point","coordinates":[97.23716,1.45252]},"properties":{"rate_time":1.0}},{"type":"Feature","geometry":{"type":"Point","coordinates":[97.22974,1.45272]},"properties":{"rate_time":-0.731}},{"type":"Feature","geometry":{"type":"Point","coordinates":[97.23716,1.45279]},"properties":{"rate_time":0.858}},{"type":"Feature","geometry":{"type":"Point","coordinates":[97.22974,1.45299]},"properties":{"rate_time":-0.683}},{"type":"Feature","geometry":{"type":"Point","coordinates":[97.23717,1.45306]},"properties":{"rate_time":0.92}},{"type":"Feature","geometry":{"type":"Point","coordinates":[97.22974,1.45326]},"properties":{"rate_time":-0.613}},{"type":"Feature","geometry":{"type":"Point","coordinates":[97.30493,1.45257]},"properties":{"rate_time":2.928}},{"type":"Feature","geometry":{"type":"Point","coordinates":[97.30517,1.45268]},"properties":{"rate_time":3.017}},{"type":"Feature","geometry":{"type":"Point","coordinates":[97.30541,1.4528]},"properties":{"rate_time":3.045}},{"type":"Feature","geometry":{"type":"Point","coordinates":[97.30566,1.45291]},"properties":{"rate_time":3.202}},{"type":"Feature","geometry":{"type":"Point","coordinates":[97.30591,1.45302]},"properties":{"rate_time":3.246}},{"type":"Feature","geometry":{"type":"Point","coordinates":[97.30616,1.4531]},"properties":{"rate_time":3.509}},{"type":"Feature","geometry":{"type":"Point","coordinates":[97.30641,1.4532]},"properties":{"rate_time":3.049}},{"type":"Feature","geometry":{"type":"Point","coordinates":[97.30665,1.45332]},"properties":{"rate_time":3.132}},{"type":"Feature","geometry":{"type":"Point","coordinates":[97.3069,1.45343]},"properties":{"rate_time":3.252}},{"type":"Feature","geometry":{"type":"Point","coordinates":[97.30715,1.45353]},"properties":{"rate_time":4.627}},{"type":"Feature","geometry":{"type":"Point","coordinates":[97.23722,1.45333]},"properties":{"rate_time":1.096}},{"type":"Feature","geometry":{"type":"Point","coordinates":[97.22973,1.45354]},"properties":{"rate_time":-0.649}},{"type":"Feature","geometry":{"type":"Point","coordinates":[97.23737,1.45355]},"properties":{"rate_time":1.112}},{"type":"Feature","geometry":{"type":"Point","coordinates":[97.23756,1.45373]},"properties":{"rate_time":1.24}},{"type":"Feature","geometry":{"type":"Point","coordinates":[97.22973,1.4538]},"properties":{"rate_time":-0.71}},{"type":"Feature","geometry":{"type":"Point","coordinates":[97.2378,1.45386]},"properties":{"rate_time":1.167}},{"type":"Feature","geometry":{"type":"Point","coordinates":[97.2542,1.45386]},"properties":{"rate_time":1.433}},{"type":"Feature","geometry":{"type":"Point","coordinates":[97.25447,1.45387]},"properties":{"rate_time":1.44}},{"type":"Feature","geometry":{"type":"Point","coordinates":[97.25395,1.45393]},"properties":{"rate_time":1.669}},{"type":"Feature","geometry":{"type":"Point","coordinates":[97.23806,1.45394]},"properties":{"rate_time":1.057}},{"type":"Feature","geometry":{"type":"Point","coordinates":[97.25472,1.45397]},"properties":{"rate_time":1.341}},{"type":"Feature","geometry":{"type":"Point","coordinates":[97.23832,1.45401]},"properties":{"rate_time":1.071}},{"type":"Feature","geometry":{"type":"Point","coordinates":[97.25482,1.45403]},"properties":{"rate_time":1.246}},{"type":"Feature","geometry":{"type":"Point","coordinates":[97.23859,1.45405]},"properties":{"rate_time":1.15}},{"type":"Feature","geometry":{"type":"Point","coordinates":[97.22979,1.45407]},"properties":{"rate_time":-0.554}},{"type":"Feature","geometry":{"type":"Point","coordinates":[97.23885,1.45407]},"properties":{"rate_time":1.016}},{"type":"Feature","geometry":{"type":"Point","coordinates":[97.23912,1.45408]},"properties":{"rate_time":1.002}},{"type":"Feature","geometry":{"type":"Point","coordinates":[97.25373,1.45409]},"properties":{"rate_time":1.673}},{"type":"Feature","geometry":{"type":"Point","coordinates":[97.23939,1.4541]},"properties":{"rate_time":1.169}},{"type":"Feature","geometry":{"type":"Point","coordinates":[97.24035,1.45417]},"properties":{"rate_time":1.758}},{"type":"Feature","geometry":{"type":"Point","coordinates":[97.3074,1.45363]},"properties":{"rate_time":4.466}},{"type":"Feature","geometry":{"type":"Point","coordinates":[97.30764,1.45374]},"properties":{"rate_time":4.249}},{"type":"Feature","geometry":{"type":"Point","coordinates":[97.30787,1.45388]},"properties":{"rate_time":3.351}},{"type":"Feature","geometry":{"type":"Point","coordinates":[97.30809,1.45404]},"properties":{"rate_time":4.275}},{"type":"Feature","geometry":{"type":"Point","coordinates":[97.30833,1.45418]},"properties":{"rate_time":4.265}},{"type":"Feature","geometry":{"type":"Point","coordinates":[97.30856,1.45431]},"properties":{"rate_time":3.728}},{"type":"Feature","geometry":{"type":"Point","coordinates":[97.30887,1.45448]},"properties":{"rate_time":3.566}},{"type":"Feature","geometry":{"type":"Point","coordinates":[97.3091,1.45461]},"properties":{"rate_time":3.408}},{"type":"Feature","geometry":{"type":"Point","coordinates":[97.30934,1.45474]},"properties":{"rate_time":3.309}},{"type":"Feature","geometry":{"type":"Point","coordinates":[97.30957,1.45487]},"properties":{"rate_time":3.196}},{"type":"Feature","geometry":{"type":"Point","coordinates":[97.2401,1.45418]},"properties":{"rate_time":1.749}},{"type":"Feature","geometry":{"type":"Point","coordinates":[97.23962,1.45423]},"properties":{"rate_time":1.208}},{"type":"Feature","geometry":{"type":"Point","coordinates":[97.25499,1.45425]},"properties":{"rate_time":1.354}},{"type":"Feature","geometry":{"type":"Point","coordinates":[97.23985,1.45427]},"properties":{"rate_time":1.609}},{"type":"Feature","geometry":{"type":"Point","coordinates":[97.25355,1.45429]},"properties":{"rate_time":1.512}},{"type":"Feature","geometry":{"type":"Point","coordinates":[97.24057,1.45431]},"properties":{"rate_time":1.473}},{"type":"Feature","geometry":{"type":"Point","coordinates":[97.22987,1.45433]},"properties":{"rate_time":-0.467}},{"type":"Feature","geometry":{"type":"Point","coordinates":[97.24077,1.4545]},"properties":{"rate_time":1.102}},{"type":"Feature","geometry":{"type":"Point","coordinates":[97.25503,1.45451]},"properties":{"rate_time":0.933}},{"type":"Feature","geometry":{"type":"Point","coordinates":[97.25348,1.45455]},"properties":{"rate_time":1.467}},{"type":"Feature","geometry":{"type":"Point","coordinates":[97.22995,1.45459]},"properties":{"rate_time":-0.56}},{"type":"Feature","geometry":{"type":"Point","coordinates":[97.24109,1.45462]},"properties":{"rate_time":1.171}},{"type":"Feature","geometry":{"type":"Point","coordinates":[97.24135,1.4547]},"properties":{"rate_time":1.282}},{"type":"Feature","geometry":{"type":"Point","coordinates":[97.255,1.45478]},"properties":{"rate_time":0.967}},{"type":"Feature","geometry":{"type":"Point","coordinates":[97.2535,1.45482]},"properties":{"rate_time":1.415}},{"type":"Feature","geometry":{"type":"Point","coordinates":[97.23003,1.45484]},"properties":{"rate_time":-0.6}},{"type":"Feature","geometry":{"type":"Point","coordinates":[97.24157,1.45485]},"properties":{"rate_time":1.272}},{"type":"Feature","geometry":{"type":"Point","coordinates":[97.25485,1.455]},"properties":{"rate_time":0.865}},{"type":"Feature","geometry":{"type":"Point","coordinates":[97.24178,1.45502]},"properties":{"rate_time":1.475}},{"type":"Feature","geometry":{"type":"Point","coordinates":[97.25362,1.45507]},"properties":{"rate_time":1.389}},{"type":"Feature","geometry":{"type":"Point","coordinates":[97.23011,1.4551]},"properties":{"rate_time":-0.487}},{"type":"Feature","geometry":{"type":"Point","coordinates":[97.25463,1.45516]},"properties":{"rate_time":0.763}},{"type":"Feature","geometry":{"type":"Point","coordinates":[97.25384,1.4552]},"properties":{"rate_time":1.004}},{"type":"Feature","geometry":{"type":"Point","coordinates":[97.24196,1.45522]},"properties":{"rate_time":1.574}},{"type":"Feature","geometry":{"type":"Point","coordinates":[97.25438,1.45523]},"properties":{"rate_time":0.705}},{"type":"Feature","geometry":{"type":"Point","coordinates":[97.25411,1.45524]},"properties":{"rate_time":0.787}},{"type":"Feature","geometry":{"type":"Point","coordinates":[97.23016,1.45537]},"properties":{"rate_time":-0.551}},{"type":"Feature","geometry":{"type":"Point","coordinates":[97.24207,1.45546]},"properties":{"rate_time":1.542}},{"type":"Feature","geometry":{"type":"Point","coordinates":[97.23025,1.45562]},"properties":{"rate_time":-0.633}},{"type":"Feature","geometry":{"type":"Point","coordinates":[97.24211,1.45573]},"properties":{"rate_time":1.501}},{"type":"Feature","geometry":{"type":"Point","coordinates":[97.3098,1.45501]},"properties":{"rate_time":3.226}},{"type":"Feature","geometry":{"type":"Point","coordinates":[97.31003,1.45515]},"properties":{"rate_time":3.117}},{"type":"Feature","geometry":{"type":"Point","coordinates":[97.31027,1.45529]},"properties":{"rate_time":3.146}},{"type":"Feature","geometry":{"type":"Point","coordinates":[97.3105,1.45543]},"properties":{"rate_time":3.101}},{"type":"Feature","geometry":{"type":"Point","coordinates":[97.31073,1.45557]},"properties":{"rate_time":3.077}},{"type":"Feature","geometry":{"type":"Point","coordinates":[97.31096,1.45571]},"properties":{"rate_time":3.086}},{"type":"Feature","geometry":{"type":"Point","coordinates":[97.31119,1.45585]},"properties":{"rate_time":3.078}},{"type":"Feature","geometry":{"type":"Point","coordinates":[97.31141,1.45601]},"properties":{"rate_time":3.081}},{"type":"Feature","geometry":{"type":"Point","coordinates":[97.31164,1.45615]},"properties":{"rate_time":3.061}},{"type":"Feature","geometry":{"type":"Point","coordinates":[97.31186,1.4563]},"properties":{"rate_time":3.038}},{"type":"Feature","geometry":{"type":"Point","coordinates":[97.23037,1.45587]},"properties":{"rate_time":-0.647}},{"type":"Feature","geometry":{"type":"Point","coordinates":[97.24215,1.456]},"properties":{"rate_time":1.227}},{"type":"Feature","geometry":{"type":"Point","coordinates":[97.23047,1.45612]},"properties":{"rate_time":-0.608}},{"type":"Feature","geometry":{"type":"Point","coordinates":[97.24223,1.45626]},"properties":{"rate_time":1.255}},{"type":"Feature","geometry":{"type":"Point","coordinates":[97.23059,1.45636]},"properties":{"rate_time":-0.648}},{"type":"Feature","geometry":{"type":"Point","coordinates":[97.24236,1.45649]},"properties":{"rate_time":1.508}},{"type":"Feature","geometry":{"type":"Point","coordinates":[97.23073,1.45659]},"properties":{"rate_time":-0.486}},{"type":"Feature","geometry":{"type":"Point","coordinates":[97.2425,1.45672]},"properties":{"rate_time":1.754}},{"type":"Feature","geometry":{"type":"Point","coordinates":[97.23089,1.45681]},"properties":{"rate_time":-0.472}},{"type":"Feature","geometry":{"type":"Point","coordinates":[97.2426,1.45697]},"properties":{"rate_time":1.814}},{"type":"Feature","geometry":{"type":"Point","coordinates":[97.31208,1.45646]},"properties":{"rate_time":3.005}},{"type":"Feature","geometry":{"type":"Point","coordinates":[97.3123,1.45662]},"properties":{"rate_time":3.011}},{"type":"Feature","geometry":{"type":"Point","coordinates":[97.31252,1.45677]},"properties":{"rate_time":2.965}},{"type":"Feature","geometry":{"type":"Point","coordinates":[97.31269,1.45688]},"properties":{"rate_time":2.929}},{"type":"Feature","geometry":{"type":"Point","coordinates":[97.31282,1.45697]},"properties":{"rate_time":2.936}},{"type":"Feature","geometry":{"type":"Point","coordinates":[97.31309,1.45719]},"properties":{"rate_time":2.939}},{"type":"Feature","geometry":{"type":"Point","coordinates":[97.3133,1.45736]},"properties":{"rate_time":2.987}},{"type":"Feature","geometry":{"type":"Point","coordinates":[97.31353,1.45751]},"properties":{"rate_time":2.821}},{"type":"Feature","geometry":{"type":"Point","coordinates":[97.31375,1.45766]},"properties":{"rate_time":2.771}},{"type":"Feature","geometry":{"type":"Point","coordinates":[97.31396,1.45782]},"properties":{"rate_time":2.834}},{"type":"Feature","geometry":{"type":"Point","coordinates":[97.23103,1.45704]},"properties":{"rate_time":-0.566}},{"type":"Feature","geometry":{"type":"Point","coordinates":[97.24278,1.45717]},"properties":{"rate_time":1.91}},{"type":"Feature","geometry":{"type":"Point","coordinates":[97.23112,1.4573]},"properties":{"rate_time":-0.37}},{"type":"Feature","geometry":{"type":"Point","coordinates":[97.24289,1.45741]},"properties":{"rate_time":1.91}},{"type":"Feature","geometry":{"type":"Point","coordinates":[97.23123,1.45754]},"properties":{"rate_time":-0.381}},{"type":"Feature","geometry":{"type":"Point","coordinates":[97.24288,1.45768]},"properties":{"rate_time":1.985}},{"type":"Feature","geometry":{"type":"Point","coordinates":[97.23131,1.4578]},"properties":{"rate_time":-0.372}},{"type":"Feature","geometry":{"type":"Point","coordinates":[97.24283,1.45794]},"properties":{"rate_time":2.257}},{"type":"Feature","geometry":{"type":"Point","coordinates":[97.23144,1.45804]},"properties":{"rate_time":-0.276}},{"type":"Feature","geometry":{"type":"Point","coordinates":[97.24281,1.45821]},"properties":{"rate_time":1.263}},{"type":"Feature","geometry":{"type":"Point","coordinates":[97.23159,1.45826]},"properties":{"rate_time":-0.457}},{"type":"Feature","geometry":{"type":"Point","coordinates":[97.24282,1.45848]},"properties":{"rate_time":2.371}},{"type":"Feature","geometry":{"type":"Point","coordinates":[97.23171,1.4585]},"properties":{"rate_time":-0.322}},{"type":"Feature","geometry":{"type":"Point","coordinates":[97.23187,1.45872]},"properties":{"rate_time":-0.256}},{"type":"Feature","geometry":{"type":"Point","coordinates":[97.2429,1.45874]},"properties":{"rate_time":2.038}},{"type":"Feature","geometry":{"type":"Point","coordinates":[97.24685,1.45891]},"properties":{"rate_time":1.092}},{"type":"Feature","geometry":{"type":"Point","coordinates":[97.24712,1.45891]},"properties":{"rate_time":1.132}},{"type":"Feature","geometry":{"type":"Point","coordinates":[97.24659,1.45892]},"properties":{"rate_time":1.111}},{"type":"Feature","geometry":{"type":"Point","coordinates":[97.23204,1.45893]},"properties":{"rate_time":-0.351}},{"type":"Feature","geometry":{"type":"Point","coordinates":[97.24632,1.45895]},"properties":{"rate_time":1.207}},{"type":"Feature","geometry":{"type":"Point","coordinates":[97.31418,1.45798]},"properties":{"rate_time":2.998}},{"type":"Feature","geometry":{"type":"Point","coordinates":[97.3144,1.45814]},"properties":{"rate_time":3.044}},{"type":"Feature","geometry":{"type":"Point","coordinates":[97.31463,1.45828]},"properties":{"rate_time":2.932}},{"type":"Feature","geometry":{"type":"Point","coordinates":[97.31492,1.45852]},"properties":{"rate_time":2.802}},{"type":"Feature","geometry":{"type":"Point","coordinates":[97.31512,1.4587]},"properties":{"rate_time":2.751}},{"type":"Feature","geometry":{"type":"Point","coordinates":[97.31532,1.45887]},"properties":{"rate_time":2.855}},{"type":"Feature","geometry":{"type":"Point","coordinates":[97.31552,1.45906]},"properties":{"rate_time":2.871}},{"type":"Feature","geometry":{"type":"Point","coordinates":[97.3157,1.45926]},"properties":{"rate_time":3.166}},{"type":"Feature","geometry":{"type":"Point","coordinates":[97.31591,1.45944]},"properties":{"rate_time":3.07}},{"type":"Feature","geometry":{"type":"Point","coordinates":[97.31611,1.45962]},"properties":{"rate_time":3.129}},{"type":"Feature","geometry":{"type":"Point","coordinates":[97.24739,1.45896]},"properties":{"rate_time":1.19}},{"type":"Feature","geometry":{"type":"Point","coordinates":[97.24302,1.45898]},"properties":{"rate_time":1.981}},{"type":"Feature","geometry":{"type":"Point","coordinates":[97.24605,1.459]},"properties":{"rate_time":1.126}},{"type":"Feature","geometry":{"type":"Point","coordinates":[97.24763,1.45907]},"properties":{"rate_time":1.261}},{"type":"Feature","geometry":{"type":"Point","coordinates":[97.24981,1.45907]},"properties":{"rate_time":-0.045}},{"type":"Feature","geometry":{"type":"Point","coordinates":[97.2458,1.45909]},"properties":{"rate_time":1.017}},{"type":"Feature","geometry":{"type":"Point","coordinates":[97.25007,1.45911]},"properties":{"rate_time":0.019}},{"type":"Feature","geometry":{"type":"Point","coordinates":[97.23218,1.45917]},"properties":{"rate_time":-0.462}},{"type":"Feature","geometry":{"type":"Point","coordinates":[97.24957,1.45917]},"properties":{"rate_time":-0.218}},{"type":"Feature","geometry":{"type":"Point","coordinates":[97.24555,1.45918]},"properties":{"rate_time":1.279}},{"type":"Feature","geometry":{"type":"Point","coordinates":[97.24787,1.45919]},"properties":{"rate_time":1.338}},{"type":"Feature","geometry":{"type":"Point","coordinates":[97.24319,1.45919]},"properties":{"rate_time":1.876}},{"type":"Feature","geometry":{"type":"Point","coordinates":[97.25029,1.45926]},"properties":{"rate_time":0.037}},{"type":"Feature","geometry":{"type":"Point","coordinates":[97.24813,1.45927]},"properties":{"rate_time":1.519}},{"type":"Feature","geometry":{"type":"Point","coordinates":[97.24522,1.4593]},"properties":{"rate_time":1.437}},{"type":"Feature","geometry":{"type":"Point","coordinates":[97.24839,1.45932]},"properties":{"rate_time":1.823}},{"type":"Feature","geometry":{"type":"Point","coordinates":[97.24937,1.45935]},"properties":{"rate_time":1.853}},{"type":"Feature","geometry":{"type":"Point","coordinates":[97.2434,1.45936]},"properties":{"rate_time":1.722}},{"type":"Feature","geometry":{"type":"Point","coordinates":[97.24866,1.45936]},"properties":{"rate_time":2.024}},{"type":"Feature","geometry":{"type":"Point","coordinates":[97.23232,1.45939]},"properties":{"rate_time":-0.55}},{"type":"Feature","geometry":{"type":"Point","coordinates":[97.24498,1.45941]},"properties":{"rate_time":1.382}},{"type":"Feature","geometry":{"type":"Point","coordinates":[97.24892,1.45943]},"properties":{"rate_time":2.264}},{"type":"Feature","geometry":{"type":"Point","coordinates":[97.24471,1.45945]},"properties":{"rate_time":1.413}},{"type":"Feature","geometry":{"type":"Point","coordinates":[97.24364,1.45947]},"properties":{"rate_time":1.525}},{"type":"Feature","geometry":{"type":"Point","coordinates":[97.25046,1.45947]},"properties":{"rate_time":2.521}},{"type":"Feature","geometry":{"type":"Point","coordinates":[97.24444,1.45948]},"properties":{"rate_time":1.424}},{"type":"Feature","geometry":{"type":"Point","coordinates":[97.24418,1.45951]},"properties":{"rate_time":1.491}},{"type":"Feature","geometry":{"type":"Point","coordinates":[97.24391,1.45951]},"properties":{"rate_time":1.527}},{"type":"Feature","geometry":{"type":"Point","coordinates":[97.24916,1.45951]},"properties":{"rate_time":2.538}},{"type":"Feature","geometry":{"type":"Point","coordinates":[97.25388,1.45959]},"properties":{"rate_time":1.653}},{"type":"Feature","geometry":{"type":"Point","coordinates":[97.2325,1.45959]},"properties":{"rate_time":-0.502}},{"type":"Feature","geometry":{"type":"Point","coordinates":[97.25361,1.4596]},"properties":{"rate_time":1.619}},{"type":"Feature","geometry":{"type":"Point","coordinates":[97.25413,1.45965]},"properties":{"rate_time":1.514}},{"type":"Feature","geometry":{"type":"Point","coordinates":[97.25335,1.45967]},"properties":{"rate_time":1.566}},{"type":"Feature","geometry":{"type":"Point","coordinates":[97.25063,1.45969]},"properties":{"rate_time":2.05}},{"type":"Feature","geometry":{"type":"Point","coordinates":[97.25439,1.45975]},"properties":{"rate_time":1.333}},{"type":"Feature","geometry":{"type":"Point","coordinates":[97.25311,1.45979]},"properties":{"rate_time":1.367}},{"type":"Feature","geometry":{"type":"Point","coordinates":[97.23268,1.4598]},"properties":{"rate_time":-0.475}},{"type":"Feature","geometry":{"type":"Point","coordinates":[97.25464,1.45985]},"properties":{"rate_time":1.163}},{"type":"Feature","geometry":{"type":"Point","coordinates":[97.25083,1.45986]},"properties":{"rate_time":1.886}},{"type":"Feature","geometry":{"type":"Point","coordinates":[97.20029,1.45987]},"properties":{"rate_time":-0.488}},{"type":"Feature","geometry":{"type":"Point","coordinates":[97.20054,1.45991]},"properties":{"rate_time":-0.606}},{"type":"Feature","geometry":{"type":"Point","coordinates":[97.25288,1.45992]},"properties":{"rate_time":1.217}},{"type":"Feature","geometry":{"type":"Point","coordinates":[97.25488,1.45996]},"properties":{"rate_time":1.079}},{"type":"Feature","geometry":{"type":"Point","coordinates":[97.20005,1.45998]},"properties":{"rate_time":-0.442}},{"type":"Feature","geometry":{"type":"Point","coordinates":[97.20068,1.46]},"properties":{"rate_time":-0.524}},{"type":"Feature","geometry":{"type":"Point","coordinates":[97.23286,1.46]},"properties":{"rate_time":-0.377}},{"type":"Feature","geometry":{"type":"Point","coordinates":[97.25105,1.46001]},"properties":{"rate_time":1.538}},{"type":"Feature","geometry":{"type":"Point","coordinates":[97.25514,1.46005]},"properties":{"rate_time":1.164}},{"type":"Feature","geometry":{"type":"Point","coordinates":[97.25264,1.46005]},"properties":{"rate_time":1.013}},{"type":"Feature","geometry":{"type":"Point","coordinates":[97.19979,1.46006]},"properties":{"rate_time":-0.349}},{"type":"Feature","geometry":{"type":"Point","coordinates":[97.25237,1.46009]},"properties":{"rate_time":1.209}},{"type":"Feature","geometry":{"type":"Point","coordinates":[97.25157,1.4601]},"properties":{"rate_time":1.783}},{"type":"Feature","geometry":{"type":"Point","coordinates":[97.2513,1.46011]},"properties":{"rate_time":1.458}},{"type":"Feature","geometry":{"type":"Point","coordinates":[97.19953,1.46012]},"properties":{"rate_time":-0.738}},{"type":"Feature","geometry":{"type":"Point","coordinates":[97.2554,1.46012]},"properties":{"rate_time":1.105}},{"type":"Feature","geometry":{"type":"Point","coordinates":[97.25184,1.46014]},"properties":{"rate_time":1.597}},{"type":"Feature","geometry":{"type":"Point","coordinates":[97.20091,1.46014]},"properties":{"rate_time":-0.434}},{"type":"Feature","geometry":{"type":"Point","coordinates":[97.25211,1.46014]},"properties":{"rate_time":1.318}},{"type":"Feature","geometry":{"type":"Point","coordinates":[97.23305,1.4602]},"properties":{"rate_time":-0.341}},{"type":"Feature","geometry":{"type":"Point","coordinates":[97.25565,1.46022]},"properties":{"rate_time":0.918}},{"type":"Feature","geometry":{"type":"Point","coordinates":[97.2559,1.46032]},"properties":{"rate_time":0.911}},{"type":"Feature","geometry":{"type":"Point","coordinates":[97.19938,1.46034]},"properties":{"rate_time":-1.116}},{"type":"Feature","geometry":{"type":"Point","coordinates":[97.20109,1.46034]},"properties":{"rate_time":-0.596}},{"type":"Feature","geometry":{"type":"Point","coordinates":[97.23324,1.46039]},"properties":{"rate_time":-0.353}},{"type":"Feature","geometry":{"type":"Point","coordinates":[97.25615,1.46042]},"properties":{"rate_time":1.051}},{"type":"Feature","geometry":{"type":"Point","coordinates":[97.20124,1.46057]},"properties":{"rate_time":-0.359}},{"type":"Feature","geometry":{"type":"Point","coordinates":[97.25637,1.46057]},"properties":{"rate_time":0.973}},{"type":"Feature","geometry":{"type":"Point","coordinates":[97.23343,1.46057]},"properties":{"rate_time":-0.334}},{"type":"Feature","geometry":{"type":"Point","coordinates":[97.19934,1.4606]},"properties":{"rate_time":-0.749}},{"type":"Feature","geometry":{"type":"Point","coordinates":[97.31631,1.4598]},"properties":{"rate_time":3.257}},{"type":"Feature","geometry":{"type":"Point","coordinates":[97.31649,1.46]},"properties":{"rate_time":3.33}},{"type":"Feature","geometry":{"type":"Point","coordinates":[97.31669,1.46018]},"properties":{"rate_time":3.344}},{"type":"Feature","geometry":{"type":"Point","coordinates":[97.3169,1.46035]},"properties":{"rate_time":3.369}},{"type":"Feature","geometry":{"type":"Point","coordinates":[97.31711,1.46052]},"properties":{"rate_time":3.38}},{"type":"Feature","geometry":{"type":"Point","coordinates":[97.3173,1.46071]},"properties":{"rate_time":3.562}},{"type":"Feature","geometry":{"type":"Point","coordinates":[97.3175,1.46089]},"properties":{"rate_time":3.783}},{"type":"Feature","geometry":{"type":"Point","coordinates":[97.3177,1.46107]},"properties":{"rate_time":3.877}},{"type":"Feature","geometry":{"type":"Point","coordinates":[97.3179,1.46126]},"properties":{"rate_time":3.749}},{"type":"Feature","geometry":{"type":"Point","coordinates":[97.31811,1.46143]},"properties":{"rate_time":4.844}},{"type":"Feature","geometry":{"type":"Point","coordinates":[97.2566,1.46072]},"properties":{"rate_time":0.981}},{"type":"Feature","geometry":{"type":"Point","coordinates":[97.23363,1.46076]},"properties":{"rate_time":-0.346}},{"type":"Feature","geometry":{"type":"Point","coordinates":[97.20135,1.46081]},"properties":{"rate_time":-0.457}},{"type":"Feature","geometry":{"type":"Point","coordinates":[97.19933,1.46086]},"properties":{"rate_time":-0.699}},{"type":"Feature","geometry":{"type":"Point","coordinates":[97.2568,1.46089]},"properties":{"rate_time":0.868}},{"type":"Feature","geometry":{"type":"Point","coordinates":[97.23383,1.46094]},"properties":{"rate_time":-0.449}},{"type":"Feature","geometry":{"type":"Point","coordinates":[97.20149,1.46104]},"properties":{"rate_time":-0.5}},{"type":"Feature","geometry":{"type":"Point","coordinates":[97.25701,1.46107]},"properties":{"rate_time":0.88}},{"type":"Feature","geometry":{"type":"Point","coordinates":[97.19923,1.46111]},"properties":{"rate_time":-0.69}},{"type":"Feature","geometry":{"type":"Point","coordinates":[97.23403,1.46112]},"properties":{"rate_time":-0.541}},{"type":"Feature","geometry":{"type":"Point","coordinates":[97.25723,1.46122]},"properties":{"rate_time":0.978}},{"type":"Feature","geometry":{"type":"Point","coordinates":[97.20163,1.46127]},"properties":{"rate_time":-0.571}},{"type":"Feature","geometry":{"type":"Point","coordinates":[97.23425,1.46128]},"properties":{"rate_time":-0.481}},{"type":"Feature","geometry":{"type":"Point","coordinates":[97.20239,1.4613]},"properties":{"rate_time":-0.64}},{"type":"Feature","geometry":{"type":"Point","coordinates":[97.20212,1.4613]},"properties":{"rate_time":-0.609}},{"type":"Feature","geometry":{"type":"Point","coordinates":[97.19911,1.46135]},"properties":{"rate_time":-0.573}},{"type":"Feature","geometry":{"type":"Point","coordinates":[97.20186,1.46135]},"properties":{"rate_time":-0.774}},{"type":"Feature","geometry":{"type":"Point","coordinates":[97.20264,1.46139]},"properties":{"rate_time":-0.519}},{"type":"Feature","geometry":{"type":"Point","coordinates":[97.25742,1.46141]},"properties":{"rate_time":0.97}},{"type":"Feature","geometry":{"type":"Point","coordinates":[97.23449,1.46141]},"properties":{"rate_time":-0.529}},{"type":"Feature","geometry":{"type":"Point","coordinates":[97.20287,1.46153]},"properties":{"rate_time":-0.494}},{"type":"Feature","geometry":{"type":"Point","coordinates":[97.23472,1.46155]},"properties":{"rate_time":-0.515}},{"type":"Feature","geometry":{"type":"Point","coordinates":[97.25761,1.46161]},"properties":{"rate_time":1.106}},{"type":"Feature","geometry":{"type":"Point","coordinates":[97.19905,1.46162]},"properties":{"rate_time":-0.575}},{"type":"Feature","geometry":{"type":"Point","coordinates":[97.20307,1.46171]},"properties":{"rate_time":-0.288}},{"type":"Feature","geometry":{"type":"Point","coordinates":[97.23492,1.46173]},"properties":{"rate_time":-0.482}},{"type":"Feature","geometry":{"type":"Point","coordinates":[97.25781,1.46179]},"properties":{"rate_time":1.256}},{"type":"Feature","geometry":{"type":"Point","coordinates":[97.19902,1.46188]},"properties":{"rate_time":-0.668}},{"type":"Feature","geometry":{"type":"Point","coordinates":[97.23511,1.46192]},"properties":{"rate_time":-0.453}},{"type":"Feature","geometry":{"type":"Point","coordinates":[97.20318,1.46195]},"properties":{"rate_time":-0.419}},{"type":"Feature","geometry":{"type":"Point","coordinates":[97.258,1.46198]},"properties":{"rate_time":1.4}},{"type":"Feature","geometry":{"type":"Point","coordinates":[97.23536,1.46203]},"properties":{"rate_time":-0.51}},{"type":"Feature","geometry":{"type":"Point","coordinates":[97.19904,1.46215]},"properties":{"rate_time":-0.5}},{"type":"Feature","geometry":{"type":"Point","coordinates":[97.25819,1.46217]},"properties":{"rate_time":1.202}},{"type":"Feature","geometry":{"type":"Point","coordinates":[97.23558,1.46218]},"properties":{"rate_time":-0.467}},{"type":"Feature","geometry":{"type":"Point","coordinates":[97.20325,1.4622]},"properties":{"rate_time":-0.731}},{"type":"Feature","geometry":{"type":"Point","coordinates":[97.25842,1.46232]},"properties":{"rate_time":1.008}},{"type":"Feature","geometry":{"type":"Point","coordinates":[97.23581,1.46232]},"properties":{"rate_time":-0.417}},{"type":"Feature","geometry":{"type":"Point","coordinates":[97.25866,1.46242]},"properties":{"rate_time":0.781}},{"type":"Feature","geometry":{"type":"Point","coordinates":[97.1991,1.46242]},"properties":{"rate_time":-0.291}},{"type":"Feature","geometry":{"type":"Point","coordinates":[97.3183,1.46162]},"properties":{"rate_time":4.552}},{"type":"Feature","geometry":{"type":"Point","coordinates":[97.31849,1.46181]},"properties":{"rate_time":4.232}},{"type":"Feature","geometry":{"type":"Point","coordinates":[97.31868,1.462]},"properties":{"rate_time":4.037}},{"type":"Feature","geometry":{"type":"Point","coordinates":[97.31886,1.4622]},"properties":{"rate_time":3.87}},{"type":"Feature","geometry":{"type":"Point","coordinates":[97.31906,1.46239]},"properties":{"rate_time":3.647}},{"type":"Feature","geometry":{"type":"Point","coordinates":[97.31925,1.46258]},"properties":{"rate_time":3.424}},{"type":"Feature","geometry":{"type":"Point","coordinates":[97.31946,1.46275]},"properties":{"rate_time":3.272}},{"type":"Feature","geometry":{"type":"Point","coordinates":[97.31961,1.46298]},"properties":{"rate_time":3.236}},{"type":"Feature","geometry":{"type":"Point","coordinates":[97.3198,1.46317]},"properties":{"rate_time":3.146}},{"type":"Feature","geometry":{"type":"Point","coordinates":[97.31995,1.46334]},"properties":{"rate_time":3.123}},{"type":"Feature","geometry":{"type":"Point","coordinates":[97.23605,1.46244]},"properties":{"rate_time":-0.406}},{"type":"Feature","geometry":{"type":"Point","coordinates":[97.20337,1.46244]},"properties":{"rate_time":-0.923}},{"type":"Feature","geometry":{"type":"Point","coordinates":[97.25893,1.46245]},"properties":{"rate_time":0.884}},{"type":"Feature","geometry":{"type":"Point","coordinates":[97.2592,1.46249]},"properties":{"rate_time":0.801}},{"type":"Feature","geometry":{"type":"Point","coordinates":[97.23629,1.46257]},"properties":{"rate_time":-0.357}},{"type":"Feature","geometry":{"type":"Point","coordinates":[97.25944,1.4626]},"properties":{"rate_time":0.924}},{"type":"Feature","geometry":{"type":"Point","coordinates":[97.19914,1.46268]},"properties":{"rate_time":-0.368}},{"type":"Feature","geometry":{"type":"Point","coordinates":[97.23653,1.46269]},"properties":{"rate_time":-0.461}},{"type":"Feature","geometry":{"type":"Point","coordinates":[97.20345,1.4627]},"properties":{"rate_time":-1.071}},{"type":"Feature","geometry":{"type":"Point","coordinates":[97.25964,1.46278]},"properties":{"rate_time":0.851}},{"type":"Feature","geometry":{"type":"Point","coordinates":[97.25063,1.46279]},"properties":{"rate_time":0.278}},{"type":"Feature","geometry":{"type":"Point","coordinates":[97.2509,1.4628]},"properties":{"rate_time":3.765}},{"type":"Feature","geometry":{"type":"Point","coordinates":[97.23676,1.46283]},"properties":{"rate_time":-0.327}},{"type":"Feature","geometry":{"type":"Point","coordinates":[97.25038,1.46285]},"properties":{"rate_time":-0.148}},{"type":"Feature","geometry":{"type":"Point","coordinates":[97.25116,1.46288]},"properties":{"rate_time":5.086}},{"type":"Feature","geometry":{"type":"Point","coordinates":[97.19923,1.46294]},"properties":{"rate_time":-0.478}},{"type":"Feature","geometry":{"type":"Point","coordinates":[97.25012,1.46294]},"properties":{"rate_time":-0.368}},{"type":"Feature","geometry":{"type":"Point","coordinates":[97.20342,1.46297]},"properties":{"rate_time":-1.606}},{"type":"Feature","geometry":{"type":"Point","coordinates":[97.25982,1.46298]},"properties":{"rate_time":0.816}},{"type":"Feature","geometry":{"type":"Point","coordinates":[97.23698,1.46299]},"properties":{"rate_time":-0.33}},{"type":"Feature","geometry":{"type":"Point","coordinates":[97.25139,1.46301]},"properties":{"rate_time":0.718}},{"type":"Feature","geometry":{"type":"Point","coordinates":[97.24987,1.46303]},"properties":{"rate_time":-0.573}},{"type":"Feature","geometry":{"type":"Point","coordinates":[97.23721,1.46313]},"properties":{"rate_time":-0.249}},{"type":"Feature","geometry":{"type":"Point","coordinates":[97.34348,1.47898]},"properties":{"rate_time":1.76}},{"type":"Feature","geometry":{"type":"Point","coordinates":[97.24963,1.46315]},"properties":{"rate_time":-0.652}},{"type":"Feature","geometry":{"type":"Point","coordinates":[97.25161,1.46317]},"properties":{"rate_time":0.191}},{"type":"Feature","geometry":{"type":"Point","coordinates":[97.19936,1.46318]},"properties":{"rate_time":-0.585}},{"type":"Feature","geometry":{"type":"Point","coordinates":[97.26,1.46318]},"properties":{"rate_time":1.221}},{"type":"Feature","geometry":{"type":"Point","coordinates":[97.23746,1.46322]},"properties":{"rate_time":-0.286}},{"type":"Feature","geometry":{"type":"Point","coordinates":[97.20344,1.46324]},"properties":{"rate_time":-1.107}},{"type":"Feature","geometry":{"type":"Point","coordinates":[97.2494,1.46329]},"properties":{"rate_time":-0.359}},{"type":"Feature","geometry":{"type":"Point","coordinates":[97.23772,1.4633]},"properties":{"rate_time":-0.226}},{"type":"Feature","geometry":{"type":"Point","coordinates":[97.23798,1.46336]},"properties":{"rate_time":-0.091}},{"type":"Feature","geometry":{"type":"Point","coordinates":[97.23906,1.46336]},"properties":{"rate_time":-0.118}},{"type":"Feature","geometry":{"type":"Point","coordinates":[97.23933,1.46337]},"properties":{"rate_time":-0.31}},{"type":"Feature","geometry":{"type":"Point","coordinates":[97.25179,1.46337]},"properties":{"rate_time":-0.494}},{"type":"Feature","geometry":{"type":"Point","coordinates":[97.24914,1.46337]},"properties":{"rate_time":-0.38}},{"type":"Feature","geometry":{"type":"Point","coordinates":[97.23879,1.46339]},"properties":{"rate_time":-0.021}},{"type":"Feature","geometry":{"type":"Point","coordinates":[97.23825,1.46339]},"properties":{"rate_time":-0.032}},{"type":"Feature","geometry":{"type":"Point","coordinates":[97.26016,1.4634]},"properties":{"rate_time":1.307}},{"type":"Feature","geometry":{"type":"Point","coordinates":[97.23852,1.46341]},"properties":{"rate_time":-0.041}},{"type":"Feature","geometry":{"type":"Point","coordinates":[97.23959,1.46342]},"properties":{"rate_time":-0.355}},{"type":"Feature","geometry":{"type":"Point","coordinates":[97.19946,1.46343]},"properties":{"rate_time":-0.606}},{"type":"Feature","geometry":{"type":"Point","coordinates":[97.20354,1.46348]},"properties":{"rate_time":-0.722}},{"type":"Feature","geometry":{"type":"Point","coordinates":[97.23985,1.46348]},"properties":{"rate_time":-0.359}},{"type":"Feature","geometry":{"type":"Point","coordinates":[97.2489,1.46348]},"properties":{"rate_time":-0.354}},{"type":"Feature","geometry":{"type":"Point","coordinates":[97.24011,1.46357]},"properties":{"rate_time":-0.273}},{"type":"Feature","geometry":{"type":"Point","coordinates":[97.24865,1.46358]},"properties":{"rate_time":-0.244}},{"type":"Feature","geometry":{"type":"Point","coordinates":[97.25189,1.46362]},"properties":{"rate_time":-0.675}},{"type":"Feature","geometry":{"type":"Point","coordinates":[97.24037,1.46362]},"properties":{"rate_time":-0.214}},{"type":"Feature","geometry":{"type":"Point","coordinates":[97.26029,1.46363]},"properties":{"rate_time":1.489}},{"type":"Feature","geometry":{"type":"Point","coordinates":[97.19963,1.46363]},"properties":{"rate_time":-0.551}},{"type":"Feature","geometry":{"type":"Point","coordinates":[97.24064,1.46365]},"properties":{"rate_time":-0.284}},{"type":"Feature","geometry":{"type":"Point","coordinates":[97.20375,1.46365]},"properties":{"rate_time":-0.587}},{"type":"Feature","geometry":{"type":"Point","coordinates":[97.24839,1.46367]},"properties":{"rate_time":-0.787}},{"type":"Feature","geometry":{"type":"Point","coordinates":[97.24091,1.46368]},"properties":{"rate_time":-0.355}},{"type":"Feature","geometry":{"type":"Point","coordinates":[97.24144,1.46369]},"properties":{"rate_time":-0.427}},{"type":"Feature","geometry":{"type":"Point","coordinates":[97.24118,1.46369]},"properties":{"rate_time":-0.377}},{"type":"Feature","geometry":{"type":"Point","coordinates":[97.24171,1.4637]},"properties":{"rate_time":-0.477}},{"type":"Feature","geometry":{"type":"Point","coordinates":[97.24198,1.46372]},"properties":{"rate_time":2.079}},{"type":"Feature","geometry":{"type":"Point","coordinates":[97.24814,1.46375]},"properties":{"rate_time":-0.551}},{"type":"Feature","geometry":{"type":"Point","coordinates":[97.24224,1.46378]},"properties":{"rate_time":2.409}},{"type":"Feature","geometry":{"type":"Point","coordinates":[97.24787,1.46379]},"properties":{"rate_time":-0.501}},{"type":"Feature","geometry":{"type":"Point","coordinates":[97.19984,1.46381]},"properties":{"rate_time":-0.454}},{"type":"Feature","geometry":{"type":"Point","coordinates":[97.2476,1.46382]},"properties":{"rate_time":-0.483}},{"type":"Feature","geometry":{"type":"Point","coordinates":[97.2425,1.46385]},"properties":{"rate_time":2.397}},{"type":"Feature","geometry":{"type":"Point","coordinates":[97.24734,1.46385]},"properties":{"rate_time":-0.341}},{"type":"Feature","geometry":{"type":"Point","coordinates":[97.24277,1.46386]},"properties":{"rate_time":2.644}},{"type":"Feature","geometry":{"type":"Point","coordinates":[97.20375,1.46386]},"properties":{"rate_time":-0.964}},{"type":"Feature","geometry":{"type":"Point","coordinates":[97.24304,1.46386]},"properties":{"rate_time":2.102}},{"type":"Feature","geometry":{"type":"Point","coordinates":[97.26039,1.46388]},"properties":{"rate_time":1.037}},{"type":"Feature","geometry":{"type":"Point","coordinates":[97.25193,1.46388]},"properties":{"rate_time":-0.436}},{"type":"Feature","geometry":{"type":"Point","coordinates":[97.24331,1.46389]},"properties":{"rate_time":1.705}},{"type":"Feature","geometry":{"type":"Point","coordinates":[97.24626,1.46389]},"properties":{"rate_time":-0.364}},{"type":"Feature","geometry":{"type":"Point","coordinates":[97.20009,1.46389]},"properties":{"rate_time":-0.24}},{"type":"Feature","geometry":{"type":"Point","coordinates":[97.24707,1.46389]},"properties":{"rate_time":-0.27}},{"type":"Feature","geometry":{"type":"Point","coordinates":[97.24653,1.4639]},"properties":{"rate_time":-0.325}},{"type":"Feature","geometry":{"type":"Point","coordinates":[97.24358,1.4639]},"properties":{"rate_time":1.477}},{"type":"Feature","geometry":{"type":"Point","coordinates":[97.20036,1.4639]},"properties":{"rate_time":-0.444}},{"type":"Feature","geometry":{"type":"Point","coordinates":[97.24384,1.46391]},"properties":{"rate_time":1.448}},{"type":"Feature","geometry":{"type":"Point","coordinates":[97.24411,1.46391]},"properties":{"rate_time":1.956}},{"type":"Feature","geometry":{"type":"Point","coordinates":[97.24438,1.46391]},"properties":{"rate_time":2.352}},{"type":"Feature","geometry":{"type":"Point","coordinates":[97.2468,1.46391]},"properties":{"rate_time":-0.23}},{"type":"Feature","geometry":{"type":"Point","coordinates":[97.246,1.46392]},"properties":{"rate_time":-0.302}},{"type":"Feature","geometry":{"type":"Point","coordinates":[97.24465,1.46393]},"properties":{"rate_time":2.487}},{"type":"Feature","geometry":{"type":"Point","coordinates":[97.24573,1.46395]},"properties":{"rate_time":-0.312}},{"type":"Feature","geometry":{"type":"Point","coordinates":[97.24492,1.46396]},"properties":{"rate_time":2.265}},{"type":"Feature","geometry":{"type":"Point","coordinates":[97.24546,1.46396]},"properties":{"rate_time":-0.427}},{"type":"Feature","geometry":{"type":"Point","coordinates":[97.24519,1.46397]},"properties":{"rate_time":1.872}},{"type":"Feature","geometry":{"type":"Point","coordinates":[97.20357,1.46404]},"properties":{"rate_time":-1.346}},{"type":"Feature","geometry":{"type":"Point","coordinates":[97.2033,1.46405]},"properties":{"rate_time":-3.82}},{"type":"Feature","geometry":{"type":"Point","coordinates":[97.20056,1.46408]},"properties":{"rate_time":-0.654}},{"type":"Feature","geometry":{"type":"Point","coordinates":[97.20943,1.46411]},"properties":{"rate_time":-0.237}},{"type":"Feature","geometry":{"type":"Point","coordinates":[97.20966,1.46411]},"properties":{"rate_time":-1.435}},{"type":"Feature","geometry":{"type":"Point","coordinates":[97.2605,1.46413]},"properties":{"rate_time":2.447}},{"type":"Feature","geometry":{"type":"Point","coordinates":[97.25202,1.46413]},"properties":{"rate_time":-0.335}},{"type":"Feature","geometry":{"type":"Point","coordinates":[97.20991,1.4642]},"properties":{"rate_time":-1.762}},{"type":"Feature","geometry":{"type":"Point","coordinates":[97.21018,1.46423]},"properties":{"rate_time":-1.387}},{"type":"Feature","geometry":{"type":"Point","coordinates":[97.20313,1.46425]},"properties":{"rate_time":-3.647}},{"type":"Feature","geometry":{"type":"Point","coordinates":[97.20926,1.46429]},"properties":{"rate_time":-0.854}},{"type":"Feature","geometry":{"type":"Point","coordinates":[97.20247,1.46429]},"properties":{"rate_time":-0.634}},{"type":"Feature","geometry":{"type":"Point","coordinates":[97.20071,1.4643]},"properties":{"rate_time":-0.759}},{"type":"Feature","geometry":{"type":"Point","coordinates":[97.26063,1.46436]},"properties":{"rate_time":2.86}},{"type":"Feature","geometry":{"type":"Point","coordinates":[97.25216,1.46437]},"properties":{"rate_time":-0.335}},{"type":"Feature","geometry":{"type":"Point","coordinates":[97.20271,1.46439]},"properties":{"rate_time":-0.547}},{"type":"Feature","geometry":{"type":"Point","coordinates":[97.20298,1.4644]},"properties":{"rate_time":-2.474}},{"type":"Feature","geometry":{"type":"Point","coordinates":[97.20222,1.4644]},"properties":{"rate_time":-0.086}},{"type":"Feature","geometry":{"type":"Point","coordinates":[97.21055,1.46445]},"properties":{"rate_time":-0.376}},{"type":"Feature","geometry":{"type":"Point","coordinates":[97.26065,1.46447]},"properties":{"rate_time":2.625}},{"type":"Feature","geometry":{"type":"Point","coordinates":[97.20327,1.46447]},"properties":{"rate_time":-2.553}},{"type":"Feature","geometry":{"type":"Point","coordinates":[97.20322,1.46449]},"properties":{"rate_time":-3.143}},{"type":"Feature","geometry":{"type":"Point","coordinates":[97.3201,1.46348]},"properties":{"rate_time":3.114}},{"type":"Feature","geometry":{"type":"Point","coordinates":[97.32028,1.4637]},"properties":{"rate_time":2.769}},{"type":"Feature","geometry":{"type":"Point","coordinates":[97.32043,1.46393]},"properties":{"rate_time":2.762}},{"type":"Feature","geometry":{"type":"Point","coordinates":[97.32058,1.46415]},"properties":{"rate_time":2.844}},{"type":"Feature","geometry":{"type":"Point","coordinates":[97.32075,1.46436]},"properties":{"rate_time":2.934}},{"type":"Feature","geometry":{"type":"Point","coordinates":[97.32093,1.46456]},"properties":{"rate_time":3.03}},{"type":"Feature","geometry":{"type":"Point","coordinates":[97.32112,1.46475]},"properties":{"rate_time":3.064}},{"type":"Feature","geometry":{"type":"Point","coordinates":[97.3213,1.46496]},"properties":{"rate_time":3.073}},{"type":"Feature","geometry":{"type":"Point","coordinates":[97.32148,1.46516]},"properties":{"rate_time":3.131}},{"type":"Feature","geometry":{"type":"Point","coordinates":[97.32167,1.46535]},"properties":{"rate_time":3.238}},{"type":"Feature","geometry":{"type":"Point","coordinates":[97.20936,1.46455]},"properties":{"rate_time":-1.589}},{"type":"Feature","geometry":{"type":"Point","coordinates":[97.20074,1.46457]},"properties":{"rate_time":-0.642}},{"type":"Feature","geometry":{"type":"Point","coordinates":[97.25231,1.4646]},"properties":{"rate_time":-0.237}},{"type":"Feature","geometry":{"type":"Point","coordinates":[97.20208,1.46462]},"properties":{"rate_time":-0.312}},{"type":"Feature","geometry":{"type":"Point","coordinates":[97.21058,1.46469]},"properties":{"rate_time":-0.398}},{"type":"Feature","geometry":{"type":"Point","coordinates":[97.20325,1.46472]},"properties":{"rate_time":-1.932}},{"type":"Feature","geometry":{"type":"Point","coordinates":[97.20332,1.46473]},"properties":{"rate_time":-1.569}},{"type":"Feature","geometry":{"type":"Point","coordinates":[97.2093,1.46481]},"properties":{"rate_time":-1.473}},{"type":"Feature","geometry":{"type":"Point","coordinates":[97.25247,1.46481]},"properties":{"rate_time":-0.471}},{"type":"Feature","geometry":{"type":"Point","coordinates":[97.20082,1.46482]},"properties":{"rate_time":-0.578}},{"type":"Feature","geometry":{"type":"Point","coordinates":[97.20208,1.46483]},"properties":{"rate_time":-0.39}},{"type":"Feature","geometry":{"type":"Point","coordinates":[97.26067,1.4649]},"properties":{"rate_time":3.432}},{"type":"Feature","geometry":{"type":"Point","coordinates":[97.20308,1.46491]},"properties":{"rate_time":-2.123}},{"type":"Feature","geometry":{"type":"Point","coordinates":[97.21046,1.46494]},"properties":{"rate_time":-0.378}},{"type":"Feature","geometry":{"type":"Point","coordinates":[97.20229,1.46497]},"properties":{"rate_time":-0.277}},{"type":"Feature","geometry":{"type":"Point","coordinates":[97.20338,1.46499]},"properties":{"rate_time":-2.132}},{"type":"Feature","geometry":{"type":"Point","coordinates":[97.20101,1.46502]},"properties":{"rate_time":-0.647}},{"type":"Feature","geometry":{"type":"Point","coordinates":[97.25263,1.46503]},"properties":{"rate_time":-0.685}},{"type":"Feature","geometry":{"type":"Point","coordinates":[97.2093,1.46508]},"properties":{"rate_time":-1.338}},{"type":"Feature","geometry":{"type":"Point","coordinates":[97.20307,1.46511]},"properties":{"rate_time":-1.263}},{"type":"Feature","geometry":{"type":"Point","coordinates":[97.2103,1.46515]},"properties":{"rate_time":-0.233}},{"type":"Feature","geometry":{"type":"Point","coordinates":[97.26064,1.46517]},"properties":{"rate_time":3.525}},{"type":"Feature","geometry":{"type":"Point","coordinates":[97.20122,1.46518]},"properties":{"rate_time":-0.668}},{"type":"Feature","geometry":{"type":"Point","coordinates":[97.20244,1.4652]},"properties":{"rate_time":-0.316}},{"type":"Feature","geometry":{"type":"Point","coordinates":[97.20953,1.46522]},"properties":{"rate_time":-0.862}},{"type":"Feature","geometry":{"type":"Point","coordinates":[97.25282,1.46522]},"properties":{"rate_time":-1.005}},{"type":"Feature","geometry":{"type":"Point","coordinates":[97.20331,1.46522]},"properties":{"rate_time":-1.159}},{"type":"Feature","geometry":{"type":"Point","coordinates":[97.21005,1.46526]},"properties":{"rate_time":-0.434}},{"type":"Feature","geometry":{"type":"Point","coordinates":[97.20979,1.46529]},"properties":{"rate_time":-0.899}},{"type":"Feature","geometry":{"type":"Point","coordinates":[97.20146,1.4653]},"properties":{"rate_time":-0.921}},{"type":"Feature","geometry":{"type":"Point","coordinates":[97.2026,1.46541]},"properties":{"rate_time":-1.227}},{"type":"Feature","geometry":{"type":"Point","coordinates":[97.26054,1.46542]},"properties":{"rate_time":-0.301}},{"type":"Feature","geometry":{"type":"Point","coordinates":[97.253,1.46543]},"properties":{"rate_time":-0.344}},{"type":"Feature","geometry":{"type":"Point","coordinates":[97.2017,1.46543]},"properties":{"rate_time":-0.701}},{"type":"Feature","geometry":{"type":"Point","coordinates":[97.20194,1.46556]},"properties":{"rate_time":-0.43}},{"type":"Feature","geometry":{"type":"Point","coordinates":[97.25319,1.46562]},"properties":{"rate_time":-0.207}},{"type":"Feature","geometry":{"type":"Point","coordinates":[97.20269,1.46563]},"properties":{"rate_time":-0.562}},{"type":"Feature","geometry":{"type":"Point","coordinates":[97.26037,1.46564]},"properties":{"rate_time":-0.387}},{"type":"Feature","geometry":{"type":"Point","coordinates":[97.20378,1.46564]},"properties":{"rate_time":-1.282}},{"type":"Feature","geometry":{"type":"Point","coordinates":[97.20396,1.46565]},"properties":{"rate_time":-1.03}},{"type":"Feature","geometry":{"type":"Point","coordinates":[97.20218,1.46568]},"properties":{"rate_time":-0.204}},{"type":"Feature","geometry":{"type":"Point","coordinates":[97.20244,1.46573]},"properties":{"rate_time":-0.37}},{"type":"Feature","geometry":{"type":"Point","coordinates":[97.25339,1.4658]},"properties":{"rate_time":-0.17}},{"type":"Feature","geometry":{"type":"Point","coordinates":[97.20416,1.46582]},"properties":{"rate_time":0.154}},{"type":"Feature","geometry":{"type":"Point","coordinates":[97.26019,1.46584]},"properties":{"rate_time":-0.295}},{"type":"Feature","geometry":{"type":"Point","coordinates":[97.20374,1.46591]},"properties":{"rate_time":-0.587}},{"type":"Feature","geometry":{"type":"Point","coordinates":[97.25361,1.46596]},"properties":{"rate_time":-0.206}},{"type":"Feature","geometry":{"type":"Point","coordinates":[97.25996,1.46598]},"properties":{"rate_time":-0.275}},{"type":"Feature","geometry":{"type":"Point","coordinates":[97.2043,1.46605]},"properties":{"rate_time":0.943}},{"type":"Feature","geometry":{"type":"Point","coordinates":[97.25971,1.46606]},"properties":{"rate_time":-0.287}},{"type":"Feature","geometry":{"type":"Point","coordinates":[97.25385,1.46608]},"properties":{"rate_time":-0.154}},{"type":"Feature","geometry":{"type":"Point","coordinates":[97.25703,1.4661]},"properties":{"rate_time":2.317}},{"type":"Feature","geometry":{"type":"Point","coordinates":[97.2573,1.46611]},"properties":{"rate_time":2.253}},{"type":"Feature","geometry":{"type":"Point","coordinates":[97.25757,1.46611]},"properties":{"rate_time":-0.613}},{"type":"Feature","geometry":{"type":"Point","coordinates":[97.25944,1.46612]},"properties":{"rate_time":-0.418}},{"type":"Feature","geometry":{"type":"Point","coordinates":[97.25676,1.46613]},"properties":{"rate_time":-0.472}},{"type":"Feature","geometry":{"type":"Point","coordinates":[97.25784,1.46614]},"properties":{"rate_time":-0.551}},{"type":"Feature","geometry":{"type":"Point","coordinates":[97.25864,1.46615]},"properties":{"rate_time":-0.635}},{"type":"Feature","geometry":{"type":"Point","coordinates":[97.25649,1.46616]},"properties":{"rate_time":-0.429}},{"type":"Feature","geometry":{"type":"Point","coordinates":[97.2581,1.46616]},"properties":{"rate_time":-0.555}},{"type":"Feature","geometry":{"type":"Point","coordinates":[97.25891,1.46616]},"properties":{"rate_time":-0.722}},{"type":"Feature","geometry":{"type":"Point","coordinates":[97.25837,1.46616]},"properties":{"rate_time":-0.548}},{"type":"Feature","geometry":{"type":"Point","coordinates":[97.25918,1.46617]},"properties":{"rate_time":-0.599}},{"type":"Feature","geometry":{"type":"Point","coordinates":[97.2541,1.46617]},"properties":{"rate_time":-0.086}},{"type":"Feature","geometry":{"type":"Point","coordinates":[97.20378,1.46618]},"properties":{"rate_time":-0.449}},{"type":"Feature","geometry":{"type":"Point","coordinates":[97.25622,1.46618]},"properties":{"rate_time":-0.542}},{"type":"Feature","geometry":{"type":"Point","coordinates":[97.25596,1.46621]},"properties":{"rate_time":-0.443}},{"type":"Feature","geometry":{"type":"Point","coordinates":[97.25569,1.46624]},"properties":{"rate_time":-0.367}},{"type":"Feature","geometry":{"type":"Point","coordinates":[97.25436,1.46625]},"properties":{"rate_time":0.726}},{"type":"Feature","geometry":{"type":"Point","coordinates":[97.25542,1.46629]},"properties":{"rate_time":-0.237}},{"type":"Feature","geometry":{"type":"Point","coordinates":[97.32185,1.46555]},"properties":{"rate_time":3.361}},{"type":"Feature","geometry":{"type":"Point","coordinates":[97.32205,1.46573]},"properties":{"rate_time":3.504}},{"type":"Feature","geometry":{"type":"Point","coordinates":[97.32224,1.46592]},"properties":{"rate_time":3.633}},{"type":"Feature","geometry":{"type":"Point","coordinates":[97.3224,1.46613]},"properties":{"rate_time":3.204}},{"type":"Feature","geometry":{"type":"Point","coordinates":[97.32257,1.46634]},"properties":{"rate_time":3.348}},{"type":"Feature","geometry":{"type":"Point","coordinates":[97.32276,1.46654]},"properties":{"rate_time":3.324}},{"type":"Feature","geometry":{"type":"Point","coordinates":[97.32295,1.46673]},"properties":{"rate_time":3.274}},{"type":"Feature","geometry":{"type":"Point","coordinates":[97.32313,1.46693]},"properties":{"rate_time":3.133}},{"type":"Feature","geometry":{"type":"Point","coordinates":[97.3233,1.46714]},"properties":{"rate_time":2.58}},{"type":"Feature","geometry":{"type":"Point","coordinates":[97.32347,1.46735]},"properties":{"rate_time":2.467}},{"type":"Feature","geometry":{"type":"Point","coordinates":[97.32365,1.46755]},"properties":{"rate_time":2.411}},{"type":"Feature","geometry":{"type":"Point","coordinates":[97.32383,1.46776]},"properties":{"rate_time":2.468}},{"type":"Feature","geometry":{"type":"Point","coordinates":[97.32401,1.46795]},"properties":{"rate_time":2.548}},{"type":"Feature","geometry":{"type":"Point","coordinates":[97.32419,1.46816]},"properties":{"rate_time":2.873}},{"type":"Feature","geometry":{"type":"Point","coordinates":[97.32437,1.46836]},"properties":{"rate_time":2.83}},{"type":"Feature","geometry":{"type":"Point","coordinates":[97.32454,1.46856]},"properties":{"rate_time":2.866}},{"type":"Feature","geometry":{"type":"Point","coordinates":[97.32471,1.46877]},"properties":{"rate_time":2.834}},{"type":"Feature","geometry":{"type":"Point","coordinates":[97.32487,1.46899]},"properties":{"rate_time":2.8}},{"type":"Feature","geometry":{"type":"Point","coordinates":[97.32506,1.46918]},"properties":{"rate_time":2.804}},{"type":"Feature","geometry":{"type":"Point","coordinates":[97.32526,1.46937]},"properties":{"rate_time":2.84}},{"type":"Feature","geometry":{"type":"Point","coordinates":[97.32546,1.46955]},"properties":{"rate_time":2.867}},{"type":"Feature","geometry":{"type":"Point","coordinates":[97.32565,1.46974]},"properties":{"rate_time":2.876}},{"type":"Feature","geometry":{"type":"Point","coordinates":[97.32584,1.46993]},"properties":{"rate_time":2.936}},{"type":"Feature","geometry":{"type":"Point","coordinates":[97.326,1.47015]},"properties":{"rate_time":3.116}},{"type":"Feature","geometry":{"type":"Point","coordinates":[97.32614,1.47038]},"properties":{"rate_time":3.445}},{"type":"Feature","geometry":{"type":"Point","coordinates":[97.32631,1.47059]},"properties":{"rate_time":2.906}},{"type":"Feature","geometry":{"type":"Point","coordinates":[97.32649,1.47079]},"properties":{"rate_time":2.326}},{"type":"Feature","geometry":{"type":"Point","coordinates":[97.32666,1.471]},"properties":{"rate_time":2.296}},{"type":"Feature","geometry":{"type":"Point","coordinates":[97.32682,1.47122]},"properties":{"rate_time":2.569}},{"type":"Feature","geometry":{"type":"Point","coordinates":[97.32698,1.47144]},"properties":{"rate_time":2.634}},{"type":"Feature","geometry":{"type":"Point","coordinates":[97.32715,1.47165]},"properties":{"rate_time":2.204}},{"type":"Feature","geometry":{"type":"Point","coordinates":[97.33401,1.47168]},"properties":{"rate_time":1.384}},{"type":"Feature","geometry":{"type":"Point","coordinates":[97.33374,1.4717]},"properties":{"rate_time":1.297}},{"type":"Feature","geometry":{"type":"Point","coordinates":[97.33428,1.47171]},"properties":{"rate_time":1.255}},{"type":"Feature","geometry":{"type":"Point","coordinates":[97.33348,1.47176]},"properties":{"rate_time":1.27}},{"type":"Feature","geometry":{"type":"Point","coordinates":[97.33454,1.47177]},"properties":{"rate_time":1.264}},{"type":"Feature","geometry":{"type":"Point","coordinates":[97.3348,1.47183]},"properties":{"rate_time":1.235}},{"type":"Feature","geometry":{"type":"Point","coordinates":[97.33322,1.47184]},"properties":{"rate_time":1.424}},{"type":"Feature","geometry":{"type":"Point","coordinates":[97.32731,1.47186]},"properties":{"rate_time":2.764}},{"type":"Feature","geometry":{"type":"Point","coordinates":[97.33506,1.47191]},"properties":{"rate_time":1.202}},{"type":"Feature","geometry":{"type":"Point","coordinates":[97.33531,1.472]},"properties":{"rate_time":1.217}},{"type":"Feature","geometry":{"type":"Point","coordinates":[97.32749,1.47207]},"properties":{"rate_time":2.951}},{"type":"Feature","geometry":{"type":"Point","coordinates":[97.3331,1.47208]},"properties":{"rate_time":1.375}},{"type":"Feature","geometry":{"type":"Point","coordinates":[97.33557,1.47209]},"properties":{"rate_time":1.267}},{"type":"Feature","geometry":{"type":"Point","coordinates":[97.33582,1.47218]},"properties":{"rate_time":1.294}},{"type":"Feature","geometry":{"type":"Point","coordinates":[97.33608,1.47227]},"properties":{"rate_time":1.346}},{"type":"Feature","geometry":{"type":"Point","coordinates":[97.32766,1.47228]},"properties":{"rate_time":3.244}},{"type":"Feature","geometry":{"type":"Point","coordinates":[97.33299,1.47232]},"properties":{"rate_time":1.38}},{"type":"Feature","geometry":{"type":"Point","coordinates":[97.33633,1.47238]},"properties":{"rate_time":1.463}},{"type":"Feature","geometry":{"type":"Point","coordinates":[97.33657,1.47248]},"properties":{"rate_time":1.485}},{"type":"Feature","geometry":{"type":"Point","coordinates":[97.32784,1.47248]},"properties":{"rate_time":3.538}},{"type":"Feature","geometry":{"type":"Point","coordinates":[97.33283,1.47254]},"properties":{"rate_time":1.371}},{"type":"Feature","geometry":{"type":"Point","coordinates":[97.33682,1.4726]},"properties":{"rate_time":1.477}},{"type":"Feature","geometry":{"type":"Point","coordinates":[97.32801,1.47269]},"properties":{"rate_time":3.778}},{"type":"Feature","geometry":{"type":"Point","coordinates":[97.33263,1.47273]},"properties":{"rate_time":1.033}},{"type":"Feature","geometry":{"type":"Point","coordinates":[97.33705,1.47274]},"properties":{"rate_time":1.912}},{"type":"Feature","geometry":{"type":"Point","coordinates":[97.33728,1.47288]},"properties":{"rate_time":1.801}},{"type":"Feature","geometry":{"type":"Point","coordinates":[97.32818,1.4729]},"properties":{"rate_time":2.918}},{"type":"Feature","geometry":{"type":"Point","coordinates":[97.33243,1.4729]},"properties":{"rate_time":1.066}},{"type":"Feature","geometry":{"type":"Point","coordinates":[97.3375,1.47304]},"properties":{"rate_time":1.72}},{"type":"Feature","geometry":{"type":"Point","coordinates":[97.33223,1.47309]},"properties":{"rate_time":1.095}},{"type":"Feature","geometry":{"type":"Point","coordinates":[97.32835,1.47311]},"properties":{"rate_time":3.261}},{"type":"Feature","geometry":{"type":"Point","coordinates":[97.33772,1.47319]},"properties":{"rate_time":1.704}},{"type":"Feature","geometry":{"type":"Point","coordinates":[97.33205,1.47329]},"properties":{"rate_time":0.846}},{"type":"Feature","geometry":{"type":"Point","coordinates":[97.32849,1.47332]},"properties":{"rate_time":3.609}},{"type":"Feature","geometry":{"type":"Point","coordinates":[97.33794,1.47334]},"properties":{"rate_time":1.663}},{"type":"Feature","geometry":{"type":"Point","coordinates":[97.33815,1.47351]},"properties":{"rate_time":1.61}},{"type":"Feature","geometry":{"type":"Point","coordinates":[97.3319,1.47351]},"properties":{"rate_time":1.148}},{"type":"Feature","geometry":{"type":"Point","coordinates":[97.32867,1.47352]},"properties":{"rate_time":4.039}},{"type":"Feature","geometry":{"type":"Point","coordinates":[97.33837,1.47367]},"properties":{"rate_time":1.626}},{"type":"Feature","geometry":{"type":"Point","coordinates":[97.33176,1.47374]},"properties":{"rate_time":2.36}},{"type":"Feature","geometry":{"type":"Point","coordinates":[97.32881,1.47375]},"properties":{"rate_time":4.516}},{"type":"Feature","geometry":{"type":"Point","coordinates":[97.33858,1.47383]},"properties":{"rate_time":1.648}},{"type":"Feature","geometry":{"type":"Point","coordinates":[97.3316,1.47397]},"properties":{"rate_time":2.354}},{"type":"Feature","geometry":{"type":"Point","coordinates":[97.32896,1.47397]},"properties":{"rate_time":4.907}},{"type":"Feature","geometry":{"type":"Point","coordinates":[97.33879,1.47401]},"properties":{"rate_time":1.726}},{"type":"Feature","geometry":{"type":"Point","coordinates":[97.339,1.47418]},"properties":{"rate_time":1.828}},{"type":"Feature","geometry":{"type":"Point","coordinates":[97.32912,1.47419]},"properties":{"rate_time":5.244}},{"type":"Feature","geometry":{"type":"Point","coordinates":[97.33136,1.47426]},"properties":{"rate_time":2.441}},{"type":"Feature","geometry":{"type":"Point","coordinates":[97.33921,1.47435]},"properties":{"rate_time":1.997}},{"type":"Feature","geometry":{"type":"Point","coordinates":[97.32926,1.47442]},"properties":{"rate_time":7.038}},{"type":"Feature","geometry":{"type":"Point","coordinates":[97.33118,1.47446]},"properties":{"rate_time":2.609}},{"type":"Feature","geometry":{"type":"Point","coordinates":[97.33942,1.47452]},"properties":{"rate_time":2.143}},{"type":"Feature","geometry":{"type":"Point","coordinates":[97.33098,1.47464]},"properties":{"rate_time":2.789}},{"type":"Feature","geometry":{"type":"Point","coordinates":[97.32933,1.47469]},"properties":{"rate_time":7.756}},{"type":"Feature","geometry":{"type":"Point","coordinates":[97.33963,1.47469]},"properties":{"rate_time":2.368}},{"type":"Feature","geometry":{"type":"Point","coordinates":[97.33079,1.47483]},"properties":{"rate_time":3.106}},{"type":"Feature","geometry":{"type":"Point","coordinates":[97.33984,1.47486]},"properties":{"rate_time":2.299}},{"type":"Feature","geometry":{"type":"Point","coordinates":[97.32945,1.47493]},"properties":{"rate_time":8.716}},{"type":"Feature","geometry":{"type":"Point","coordinates":[97.34005,1.47502]},"properties":{"rate_time":2.065}},{"type":"Feature","geometry":{"type":"Point","coordinates":[97.45679,1.47024]},"properties":{"rate_time":0.221}},{"type":"Feature","geometry":{"type":"Point","coordinates":[97.45733,1.47024]},"properties":{"rate_time":0.295}},{"type":"Feature","geometry":{"type":"Point","coordinates":[97.45598,1.47024]},"properties":{"rate_time":0.124}},{"type":"Feature","geometry":{"type":"Point","coordinates":[97.45706,1.47024]},"properties":{"rate_time":0.097}},{"type":"Feature","geometry":{"type":"Point","coordinates":[97.45625,1.47025]},"properties":{"rate_time":0.049}},{"type":"Feature","geometry":{"type":"Point","coordinates":[97.4576,1.47025]},"properties":{"rate_time":-0.025}},{"type":"Feature","geometry":{"type":"Point","coordinates":[97.45572,1.47026]},"properties":{"rate_time":-0.007}},{"type":"Feature","geometry":{"type":"Point","coordinates":[97.45787,1.47026]},"properties":{"rate_time":-0.005}},{"type":"Feature","geometry":{"type":"Point","coordinates":[97.45814,1.47027]},"properties":{"rate_time":0.017}},{"type":"Feature","geometry":{"type":"Point","coordinates":[97.45841,1.47029]},"properties":{"rate_time":0.007}},{"type":"Feature","geometry":{"type":"Point","coordinates":[97.45545,1.4703]},"properties":{"rate_time":0.009}},{"type":"Feature","geometry":{"type":"Point","coordinates":[97.45868,1.47031]},"properties":{"rate_time":-0.005}},{"type":"Feature","geometry":{"type":"Point","coordinates":[97.45889,1.47032]},"properties":{"rate_time":-0.047}},{"type":"Feature","geometry":{"type":"Point","coordinates":[97.45518,1.47032]},"properties":{"rate_time":-0.038}},{"type":"Feature","geometry":{"type":"Point","coordinates":[97.45916,1.47033]},"properties":{"rate_time":-0.088}},{"type":"Feature","geometry":{"type":"Point","coordinates":[97.45491,1.47035]},"properties":{"rate_time":-0.124}},{"type":"Feature","geometry":{"type":"Point","coordinates":[97.45943,1.47036]},"properties":{"rate_time":-0.125}},{"type":"Feature","geometry":{"type":"Point","coordinates":[97.45464,1.47039]},"properties":{"rate_time":-0.112}},{"type":"Feature","geometry":{"type":"Point","coordinates":[97.45969,1.4704]},"properties":{"rate_time":-0.118}},{"type":"Feature","geometry":{"type":"Point","coordinates":[97.45996,1.47044]},"properties":{"rate_time":-0.136}},{"type":"Feature","geometry":{"type":"Point","coordinates":[97.45438,1.47045]},"properties":{"rate_time":-0.075}},{"type":"Feature","geometry":{"type":"Point","coordinates":[97.46022,1.4705]},"properties":{"rate_time":-0.066}},{"type":"Feature","geometry":{"type":"Point","coordinates":[97.45412,1.47051]},"properties":{"rate_time":0.089}},{"type":"Feature","geometry":{"type":"Point","coordinates":[97.45386,1.47057]},"properties":{"rate_time":-0.054}},{"type":"Feature","geometry":{"type":"Point","coordinates":[97.46069,1.47058]},"properties":{"rate_time":-0.102}},{"type":"Feature","geometry":{"type":"Point","coordinates":[97.46096,1.47061]},"properties":{"rate_time":-0.166}},{"type":"Feature","geometry":{"type":"Point","coordinates":[97.46116,1.47064]},"properties":{"rate_time":-0.23}},{"type":"Feature","geometry":{"type":"Point","coordinates":[97.4536,1.47065]},"properties":{"rate_time":-0.051}},{"type":"Feature","geometry":{"type":"Point","coordinates":[97.4615,1.47069]},"properties":{"rate_time":-0.027}},{"type":"Feature","geometry":{"type":"Point","coordinates":[97.45336,1.47076]},"properties":{"rate_time":0.006}},{"type":"Feature","geometry":{"type":"Point","coordinates":[97.46175,1.47078]},"properties":{"rate_time":-0.06}},{"type":"Feature","geometry":{"type":"Point","coordinates":[97.46201,1.47084]},"properties":{"rate_time":-0.036}},{"type":"Feature","geometry":{"type":"Point","coordinates":[97.4531,1.47084]},"properties":{"rate_time":-0.035}},{"type":"Feature","geometry":{"type":"Point","coordinates":[97.46228,1.47088]},"properties":{"rate_time":-0.045}},{"type":"Feature","geometry":{"type":"Point","coordinates":[97.45284,1.4709]},"properties":{"rate_time":0.003}},{"type":"Feature","geometry":{"type":"Point","coordinates":[97.46254,1.47094]},"properties":{"rate_time":-0.161}},{"type":"Feature","geometry":{"type":"Point","coordinates":[97.45258,1.47096]},"properties":{"rate_time":-0.067}},{"type":"Feature","geometry":{"type":"Point","coordinates":[97.4628,1.47101]},"properties":{"rate_time":-0.163}},{"type":"Feature","geometry":{"type":"Point","coordinates":[97.45234,1.47108]},"properties":{"rate_time":0.008}},{"type":"Feature","geometry":{"type":"Point","coordinates":[97.46306,1.47109]},"properties":{"rate_time":-0.179}},{"type":"Feature","geometry":{"type":"Point","coordinates":[97.45207,1.47113]},"properties":{"rate_time":0.012}},{"type":"Feature","geometry":{"type":"Point","coordinates":[97.46332,1.47115]},"properties":{"rate_time":-0.318}},{"type":"Feature","geometry":{"type":"Point","coordinates":[97.45181,1.47119]},"properties":{"rate_time":0.034}},{"type":"Feature","geometry":{"type":"Point","coordinates":[97.46358,1.47122]},"properties":{"rate_time":-0.338}},{"type":"Feature","geometry":{"type":"Point","coordinates":[97.45156,1.47128]},"properties":{"rate_time":0.112}},{"type":"Feature","geometry":{"type":"Point","coordinates":[97.46382,1.47133]},"properties":{"rate_time":-0.195}},{"type":"Feature","geometry":{"type":"Point","coordinates":[97.45131,1.47138]},"properties":{"rate_time":0.236}},{"type":"Feature","geometry":{"type":"Point","coordinates":[97.46408,1.4714]},"properties":{"rate_time":-0.18}},{"type":"Feature","geometry":{"type":"Point","coordinates":[97.45104,1.47144]},"properties":{"rate_time":0.193}},{"type":"Feature","geometry":{"type":"Point","coordinates":[97.46433,1.4715]},"properties":{"rate_time":-0.208}},{"type":"Feature","geometry":{"type":"Point","coordinates":[97.45079,1.47152]},"properties":{"rate_time":0.218}},{"type":"Feature","geometry":{"type":"Point","coordinates":[97.45054,1.47162]},"properties":{"rate_time":0.28}},{"type":"Feature","geometry":{"type":"Point","coordinates":[97.46456,1.47164]},"properties":{"rate_time":-0.167}},{"type":"Feature","geometry":{"type":"Point","coordinates":[97.46482,1.47171]},"properties":{"rate_time":0.061}},{"type":"Feature","geometry":{"type":"Point","coordinates":[97.45029,1.47173]},"properties":{"rate_time":0.249}},{"type":"Feature","geometry":{"type":"Point","coordinates":[97.46508,1.47179]},"properties":{"rate_time":0.03}},{"type":"Feature","geometry":{"type":"Point","coordinates":[97.4652,1.47183]},"properties":{"rate_time":-0.02}},{"type":"Feature","geometry":{"type":"Point","coordinates":[97.45005,1.47186]},"properties":{"rate_time":0.326}},{"type":"Feature","geometry":{"type":"Point","coordinates":[97.46547,1.47189]},"properties":{"rate_time":-0.065}},{"type":"Feature","geometry":{"type":"Point","coordinates":[97.46588,1.47193]},"properties":{"rate_time":-0.08}},{"type":"Feature","geometry":{"type":"Point","coordinates":[97.4498,1.47195]},"properties":{"rate_time":0.213}},{"type":"Feature","geometry":{"type":"Point","coordinates":[97.46615,1.47197]},"properties":{"rate_time":-0.207}},{"type":"Feature","geometry":{"type":"Point","coordinates":[97.46641,1.47198]},"properties":{"rate_time":-0.289}},{"type":"Feature","geometry":{"type":"Point","coordinates":[97.44955,1.47205]},"properties":{"rate_time":-0.18}},{"type":"Feature","geometry":{"type":"Point","coordinates":[97.46667,1.47207]},"properties":{"rate_time":-0.344}},{"type":"Feature","geometry":{"type":"Point","coordinates":[97.46692,1.47216]},"properties":{"rate_time":-0.669}},{"type":"Feature","geometry":{"type":"Point","coordinates":[97.44932,1.47219]},"properties":{"rate_time":0.066}},{"type":"Feature","geometry":{"type":"Point","coordinates":[97.44811,1.47227]},"properties":{"rate_time":1.21}},{"type":"Feature","geometry":{"type":"Point","coordinates":[97.46716,1.47229]},"properties":{"rate_time":-0.776}},{"type":"Feature","geometry":{"type":"Point","coordinates":[97.44907,1.47229]},"properties":{"rate_time":0.833}},{"type":"Feature","geometry":{"type":"Point","coordinates":[97.44837,1.47229]},"properties":{"rate_time":1.182}},{"type":"Feature","geometry":{"type":"Point","coordinates":[97.44784,1.4723]},"properties":{"rate_time":1.388}},{"type":"Feature","geometry":{"type":"Point","coordinates":[97.44757,1.47231]},"properties":{"rate_time":1.346}},{"type":"Feature","geometry":{"type":"Point","coordinates":[97.44704,1.47231]},"properties":{"rate_time":1.257}},{"type":"Feature","geometry":{"type":"Point","coordinates":[97.44677,1.47231]},"properties":{"rate_time":1.16}},{"type":"Feature","geometry":{"type":"Point","coordinates":[97.4473,1.47231]},"properties":{"rate_time":1.268}},{"type":"Feature","geometry":{"type":"Point","coordinates":[97.4465,1.47232]},"properties":{"rate_time":1.018}},{"type":"Feature","geometry":{"type":"Point","coordinates":[97.44623,1.47236]},"properties":{"rate_time":0.919}},{"type":"Feature","geometry":{"type":"Point","coordinates":[97.44596,1.47239]},"properties":{"rate_time":1.095}},{"type":"Feature","geometry":{"type":"Point","coordinates":[97.44569,1.47242]},"properties":{"rate_time":1.099}},{"type":"Feature","geometry":{"type":"Point","coordinates":[97.44885,1.47243]},"properties":{"rate_time":1.015}},{"type":"Feature","geometry":{"type":"Point","coordinates":[97.44516,1.47244]},"properties":{"rate_time":1.118}},{"type":"Feature","geometry":{"type":"Point","coordinates":[97.44542,1.47244]},"properties":{"rate_time":1.161}},{"type":"Feature","geometry":{"type":"Point","coordinates":[97.44859,1.47244]},"properties":{"rate_time":1.073}},{"type":"Feature","geometry":{"type":"Point","coordinates":[97.44489,1.47245]},"properties":{"rate_time":1.022}},{"type":"Feature","geometry":{"type":"Point","coordinates":[97.44462,1.47246]},"properties":{"rate_time":0.686}},{"type":"Feature","geometry":{"type":"Point","coordinates":[97.44435,1.47251]},"properties":{"rate_time":0.957}},{"type":"Feature","geometry":{"type":"Point","coordinates":[97.44408,1.47255]},"properties":{"rate_time":0.993}},{"type":"Feature","geometry":{"type":"Point","coordinates":[97.44382,1.47257]},"properties":{"rate_time":1.123}},{"type":"Feature","geometry":{"type":"Point","coordinates":[97.44356,1.47264]},"properties":{"rate_time":1.16}},{"type":"Feature","geometry":{"type":"Point","coordinates":[97.44329,1.47269]},"properties":{"rate_time":1.146}},{"type":"Feature","geometry":{"type":"Point","coordinates":[97.44302,1.47273]},"properties":{"rate_time":1.088}},{"type":"Feature","geometry":{"type":"Point","coordinates":[97.44276,1.47278]},"properties":{"rate_time":1.005}},{"type":"Feature","geometry":{"type":"Point","coordinates":[97.44249,1.47283]},"properties":{"rate_time":0.882}},{"type":"Feature","geometry":{"type":"Point","coordinates":[97.44223,1.47287]},"properties":{"rate_time":0.812}},{"type":"Feature","geometry":{"type":"Point","coordinates":[97.44196,1.47291]},"properties":{"rate_time":0.819}},{"type":"Feature","geometry":{"type":"Point","coordinates":[97.44171,1.47299]},"properties":{"rate_time":0.785}},{"type":"Feature","geometry":{"type":"Point","coordinates":[97.44146,1.47311]},"properties":{"rate_time":0.68}},{"type":"Feature","geometry":{"type":"Point","coordinates":[97.44123,1.47324]},"properties":{"rate_time":0.693}},{"type":"Feature","geometry":{"type":"Point","coordinates":[97.44099,1.47337]},"properties":{"rate_time":0.468}},{"type":"Feature","geometry":{"type":"Point","coordinates":[97.44085,1.47348]},"properties":{"rate_time":0.479}},{"type":"Feature","geometry":{"type":"Point","coordinates":[97.44062,1.47361]},"properties":{"rate_time":0.37}},{"type":"Feature","geometry":{"type":"Point","coordinates":[97.44039,1.47376]},"properties":{"rate_time":0.365}},{"type":"Feature","geometry":{"type":"Point","coordinates":[97.44016,1.47398]},"properties":{"rate_time":0.236}},{"type":"Feature","geometry":{"type":"Point","coordinates":[97.43997,1.47417]},"properties":{"rate_time":0.102}},{"type":"Feature","geometry":{"type":"Point","coordinates":[97.43978,1.47441]},"properties":{"rate_time":-0.102}},{"type":"Feature","geometry":{"type":"Point","coordinates":[97.43961,1.47462]},"properties":{"rate_time":0.032}},{"type":"Feature","geometry":{"type":"Point","coordinates":[97.43951,1.47475]},"properties":{"rate_time":0.121}},{"type":"Feature","geometry":{"type":"Point","coordinates":[97.43926,1.47513]},"properties":{"rate_time":0.085}},{"type":"Feature","geometry":{"type":"Point","coordinates":[97.4391,1.47535]},"properties":{"rate_time":0.017}},{"type":"Feature","geometry":{"type":"Point","coordinates":[97.43892,1.47555]},"properties":{"rate_time":-0.199}},{"type":"Feature","geometry":{"type":"Point","coordinates":[97.43883,1.47572]},"properties":{"rate_time":-0.273}},{"type":"Feature","geometry":{"type":"Point","coordinates":[97.4387,1.47593]},"properties":{"rate_time":-0.178}},{"type":"Feature","geometry":{"type":"Point","coordinates":[97.43856,1.47615]},"properties":{"rate_time":-0.286}},{"type":"Feature","geometry":{"type":"Point","coordinates":[97.43842,1.47644]},"properties":{"rate_time":-0.332}},{"type":"Feature","geometry":{"type":"Point","coordinates":[97.43834,1.47659]},"properties":{"rate_time":-0.203}},{"type":"Feature","geometry":{"type":"Point","coordinates":[97.43829,1.47685]},"properties":{"rate_time":0.032}},{"type":"Feature","geometry":{"type":"Point","coordinates":[97.43811,1.47715]},"properties":{"rate_time":0.005}},{"type":"Feature","geometry":{"type":"Point","coordinates":[97.43804,1.47741]},"properties":{"rate_time":0.362}},{"type":"Feature","geometry":{"type":"Point","coordinates":[97.43789,1.47762]},"properties":{"rate_time":0.008}},{"type":"Feature","geometry":{"type":"Point","coordinates":[97.43776,1.47785]},"properties":{"rate_time":-0.05}},{"type":"Feature","geometry":{"type":"Point","coordinates":[97.43768,1.47811]},"properties":{"rate_time":-0.118}},{"type":"Feature","geometry":{"type":"Point","coordinates":[97.43758,1.47836]},"properties":{"rate_time":-0.154}},{"type":"Feature","geometry":{"type":"Point","coordinates":[97.43754,1.47863]},"properties":{"rate_time":-0.095}},{"type":"Feature","geometry":{"type":"Point","coordinates":[97.43752,1.4789]},"properties":{"rate_time":-0.048}},{"type":"Feature","geometry":{"type":"Point","coordinates":[97.4375,1.47917]},"properties":{"rate_time":0.084}},{"type":"Feature","geometry":{"type":"Point","coordinates":[97.43749,1.47944]},"properties":{"rate_time":0.4}},{"type":"Feature","geometry":{"type":"Point","coordinates":[97.43749,1.47971]},"properties":{"rate_time":0.938}},{"type":"Feature","geometry":{"type":"Point","coordinates":[97.33061,1.47503]},"properties":{"rate_time":2.656}},{"type":"Feature","geometry":{"type":"Point","coordinates":[97.32965,1.47511]},"properties":{"rate_time":8.915}},{"type":"Feature","geometry":{"type":"Point","coordinates":[97.33039,1.47519]},"properties":{"rate_time":4.418}},{"type":"Feature","geometry":{"type":"Point","coordinates":[97.34027,1.47519]},"properties":{"rate_time":1.706}},{"type":"Feature","geometry":{"type":"Point","coordinates":[97.32989,1.47523]},"properties":{"rate_time":5.469}},{"type":"Feature","geometry":{"type":"Point","coordinates":[97.33015,1.47528]},"properties":{"rate_time":5.169}},{"type":"Feature","geometry":{"type":"Point","coordinates":[97.34048,1.47535]},"properties":{"rate_time":1.345}},{"type":"Feature","geometry":{"type":"Point","coordinates":[97.34096,1.47549]},"properties":{"rate_time":0.102}},{"type":"Feature","geometry":{"type":"Point","coordinates":[97.34071,1.4755]},"properties":{"rate_time":0.78}},{"type":"Feature","geometry":{"type":"Point","coordinates":[97.34107,1.47563]},"properties":{"rate_time":0.157}},{"type":"Feature","geometry":{"type":"Point","coordinates":[97.34118,1.47586]},"properties":{"rate_time":0.399}},{"type":"Feature","geometry":{"type":"Point","coordinates":[97.34135,1.47607]},"properties":{"rate_time":0.674}},{"type":"Feature","geometry":{"type":"Point","coordinates":[97.34149,1.4763]},"properties":{"rate_time":1.069}},{"type":"Feature","geometry":{"type":"Point","coordinates":[97.34161,1.47655]},"properties":{"rate_time":1.39}},{"type":"Feature","geometry":{"type":"Point","coordinates":[97.34174,1.47678]},"properties":{"rate_time":1.071}},{"type":"Feature","geometry":{"type":"Point","coordinates":[97.34191,1.47699]},"properties":{"rate_time":1.123}},{"type":"Feature","geometry":{"type":"Point","coordinates":[97.34209,1.47719]},"properties":{"rate_time":2.149}},{"type":"Feature","geometry":{"type":"Point","coordinates":[97.34226,1.4774]},"properties":{"rate_time":1.368}},{"type":"Feature","geometry":{"type":"Point","coordinates":[97.34369,1.47922]},"properties":{"rate_time":1.85}},{"type":"Feature","geometry":{"type":"Point","coordinates":[97.34382,1.47945]},"properties":{"rate_time":2.066}},{"type":"Feature","geometry":{"type":"Point","coordinates":[97.34396,1.47968]},"properties":{"rate_time":1.346}},{"type":"Feature","geometry":{"type":"Point","coordinates":[97.34412,1.4799]},"properties":{"rate_time":1.459}},{"type":"Feature","geometry":{"type":"Point","coordinates":[97.3443,1.48017]},"properties":{"rate_time":1.555}},{"type":"Feature","geometry":{"type":"Point","coordinates":[97.34453,1.48049]},"properties":{"rate_time":1.581}},{"type":"Feature","geometry":{"type":"Point","coordinates":[97.34456,1.48053]},"properties":{"rate_time":1.565}},{"type":"Feature","geometry":{"type":"Point","coordinates":[97.34482,1.48091]},"properties":{"rate_time":1.546}},{"type":"Feature","geometry":{"type":"Point","coordinates":[97.34492,1.4811]},"properties":{"rate_time":1.571}},{"type":"Feature","geometry":{"type":"Point","coordinates":[97.34501,1.48125]},"properties":{"rate_time":1.54}},{"type":"Feature","geometry":{"type":"Point","coordinates":[97.34516,1.48148]},"properties":{"rate_time":1.422}},{"type":"Feature","geometry":{"type":"Point","coordinates":[97.34524,1.48173]},"properties":{"rate_time":1.313}},{"type":"Feature","geometry":{"type":"Point","coordinates":[97.34539,1.48196]},"properties":{"rate_time":1.316}},{"type":"Feature","geometry":{"type":"Point","coordinates":[97.34549,1.48221]},"properties":{"rate_time":1.359}},{"type":"Feature","geometry":{"type":"Point","coordinates":[97.3456,1.48246]},"properties":{"rate_time":1.437}},{"type":"Feature","geometry":{"type":"Point","coordinates":[97.34576,1.48268]},"properties":{"rate_time":1.549}},{"type":"Feature","geometry":{"type":"Point","coordinates":[97.34591,1.4829]},"properties":{"rate_time":1.659}},{"type":"Feature","geometry":{"type":"Point","coordinates":[97.34602,1.48315]},"properties":{"rate_time":1.26}},{"type":"Feature","geometry":{"type":"Point","coordinates":[97.34617,1.48337]},"properties":{"rate_time":1.215}},{"type":"Feature","geometry":{"type":"Point","coordinates":[97.34632,1.4836]},"properties":{"rate_time":1.251}},{"type":"Feature","geometry":{"type":"Point","coordinates":[97.34647,1.48383]},"properties":{"rate_time":1.213}},{"type":"Feature","geometry":{"type":"Point","coordinates":[97.34656,1.48408]},"properties":{"rate_time":1.269}},{"type":"Feature","geometry":{"type":"Point","coordinates":[97.34668,1.48432]},"properties":{"rate_time":1.335}},{"type":"Feature","geometry":{"type":"Point","coordinates":[97.34677,1.48458]},"properties":{"rate_time":1.295}},{"type":"Feature","geometry":{"type":"Point","coordinates":[97.34684,1.48484]},"properties":{"rate_time":1.331}},{"type":"Feature","geometry":{"type":"Point","coordinates":[97.34693,1.48509]},"properties":{"rate_time":1.317}},{"type":"Feature","geometry":{"type":"Point","coordinates":[97.34702,1.48535]},"properties":{"rate_time":1.308}},{"type":"Feature","geometry":{"type":"Point","coordinates":[97.34711,1.4856]},"properties":{"rate_time":1.357}},{"type":"Feature","geometry":{"type":"Point","coordinates":[97.3472,1.48586]},"properties":{"rate_time":1.313}},{"type":"Feature","geometry":{"type":"Point","coordinates":[97.34731,1.48611]},"properties":{"rate_time":1.296}},{"type":"Feature","geometry":{"type":"Point","coordinates":[97.3474,1.48636]},"properties":{"rate_time":1.451}},{"type":"Feature","geometry":{"type":"Point","coordinates":[97.34752,1.48661]},"properties":{"rate_time":1.388}},{"type":"Feature","geometry":{"type":"Point","coordinates":[97.3476,1.48686]},"properties":{"rate_time":1.422}},{"type":"Feature","geometry":{"type":"Point","coordinates":[97.34767,1.48713]},"properties":{"rate_time":1.37}},{"type":"Feature","geometry":{"type":"Point","coordinates":[97.34778,1.48737]},"properties":{"rate_time":1.346}},{"type":"Feature","geometry":{"type":"Point","coordinates":[97.34786,1.48763]},"properties":{"rate_time":1.286}},{"type":"Feature","geometry":{"type":"Point","coordinates":[97.34795,1.48789]},"properties":{"rate_time":1.262}},{"type":"Feature","geometry":{"type":"Point","coordinates":[97.34806,1.48813]},"properties":{"rate_time":1.198}},{"type":"Feature","geometry":{"type":"Point","coordinates":[97.34814,1.48839]},"properties":{"rate_time":1.082}},{"type":"Feature","geometry":{"type":"Point","coordinates":[97.34822,1.48865]},"properties":{"rate_time":0.87}},{"type":"Feature","geometry":{"type":"Point","coordinates":[97.34832,1.4889]},"properties":{"rate_time":0.595}},{"type":"Feature","geometry":{"type":"Point","coordinates":[97.3484,1.48916]},"properties":{"rate_time":0.37}},{"type":"Feature","geometry":{"type":"Point","coordinates":[97.34849,1.48948]},"properties":{"rate_time":0.865}},{"type":"Feature","geometry":{"type":"Point","coordinates":[97.34861,1.48972]},"properties":{"rate_time":1.648}},{"type":"Feature","geometry":{"type":"Point","coordinates":[97.34867,1.48998]},"properties":{"rate_time":1.726}},{"type":"Feature","geometry":{"type":"Point","coordinates":[97.34868,1.49025]},"properties":{"rate_time":1.907}},{"type":"Feature","geometry":{"type":"Point","coordinates":[97.34867,1.49052]},"properties":{"rate_time":2.139}},{"type":"Feature","geometry":{"type":"Point","coordinates":[97.3486,1.49078]},"properties":{"rate_time":1.334}},{"type":"Feature","geometry":{"type":"Point","coordinates":[97.34846,1.491]},"properties":{"rate_time":1.503}},{"type":"Feature","geometry":{"type":"Point","coordinates":[97.34852,1.49126]},"properties":{"rate_time":1.527}},{"type":"Feature","geometry":{"type":"Point","coordinates":[97.3486,1.49152]},"properties":{"rate_time":2.088}},{"type":"Feature","geometry":{"type":"Point","coordinates":[97.34861,1.49179]},"properties":{"rate_time":3.435}},{"type":"Feature","geometry":{"type":"Point","coordinates":[97.34843,1.49199]},"properties":{"rate_time":3.954}},{"type":"Feature","geometry":{"type":"Point","coordinates":[97.34832,1.49223]},"properties":{"rate_time":4.608}},{"type":"Feature","geometry":{"type":"Point","coordinates":[97.34824,1.49249]},"properties":{"rate_time":4.786}},{"type":"Feature","geometry":{"type":"Point","coordinates":[97.34814,1.49275]},"properties":{"rate_time":4.994}},{"type":"Feature","geometry":{"type":"Point","coordinates":[97.34809,1.49301]},"properties":{"rate_time":6.519}},{"type":"Feature","geometry":{"type":"Point","coordinates":[97.34809,1.49328]},"properties":{"rate_time":6.209}},{"type":"Feature","geometry":{"type":"Point","coordinates":[97.34811,1.49355]},"properties":{"rate_time":4.32}},{"type":"Feature","geometry":{"type":"Point","coordinates":[97.34823,1.49379]},"properties":{"rate_time":4.604}},{"type":"Feature","geometry":{"type":"Point","coordinates":[97.34838,1.49398]},"properties":{"rate_time":4.718}},{"type":"Feature","geometry":{"type":"Point","coordinates":[97.34831,1.49424]},"properties":{"rate_time":4.99}},{"type":"Feature","geometry":{"type":"Point","coordinates":[97.34828,1.49451]},"properties":{"rate_time":4.24}},{"type":"Feature","geometry":{"type":"Point","coordinates":[97.34843,1.49474]},"properties":{"rate_time":5.627}},{"type":"Feature","geometry":{"type":"Point","coordinates":[97.34863,1.49492]},"properties":{"rate_time":5.491}},{"type":"Feature","geometry":{"type":"Point","coordinates":[97.34885,1.49507]},"properties":{"rate_time":5.353}},{"type":"Feature","geometry":{"type":"Point","coordinates":[97.3491,1.49517]},"properties":{"rate_time":4.069}},{"type":"Feature","geometry":{"type":"Point","coordinates":[97.3507,1.49522]},"properties":{"rate_time":0.845}},{"type":"Feature","geometry":{"type":"Point","coordinates":[97.34936,1.49523]},"properties":{"rate_time":4.972}},{"type":"Feature","geometry":{"type":"Point","coordinates":[97.35097,1.49524]},"properties":{"rate_time":0.439}},{"type":"Feature","geometry":{"type":"Point","coordinates":[97.35043,1.49525]},"properties":{"rate_time":1.074}},{"type":"Feature","geometry":{"type":"Point","coordinates":[97.35016,1.49528]},"properties":{"rate_time":0.839}},{"type":"Feature","geometry":{"type":"Point","coordinates":[97.34963,1.49529]},"properties":{"rate_time":3.539}},{"type":"Feature","geometry":{"type":"Point","coordinates":[97.34989,1.49531]},"properties":{"rate_time":1.42}},{"type":"Feature","geometry":{"type":"Point","coordinates":[97.43745,1.47998]},"properties":{"rate_time":1.714}},{"type":"Feature","geometry":{"type":"Point","coordinates":[97.43735,1.48022]},"properties":{"rate_time":1.747}},{"type":"Feature","geometry":{"type":"Point","coordinates":[97.43712,1.48037]},"properties":{"rate_time":0.719}},{"type":"Feature","geometry":{"type":"Point","coordinates":[97.43687,1.48046]},"properties":{"rate_time":0.408}},{"type":"Feature","geometry":{"type":"Point","coordinates":[97.43662,1.48055]},"properties":{"rate_time":0.132}},{"type":"Feature","geometry":{"type":"Point","coordinates":[97.4364,1.4807]},"properties":{"rate_time":0.065}},{"type":"Feature","geometry":{"type":"Point","coordinates":[97.43625,1.48092]},"properties":{"rate_time":0.506}},{"type":"Feature","geometry":{"type":"Point","coordinates":[97.43615,1.48117]},"properties":{"rate_time":0.37}},{"type":"Feature","geometry":{"type":"Point","coordinates":[97.43605,1.48142]},"properties":{"rate_time":0.252}},{"type":"Feature","geometry":{"type":"Point","coordinates":[97.43591,1.48165]},"properties":{"rate_time":0.116}},{"type":"Feature","geometry":{"type":"Point","coordinates":[97.43576,1.48187]},"properties":{"rate_time":0.094}},{"type":"Feature","geometry":{"type":"Point","coordinates":[97.43556,1.48206]},"properties":{"rate_time":0.045}},{"type":"Feature","geometry":{"type":"Point","coordinates":[97.43537,1.48225]},"properties":{"rate_time":-0.062}},{"type":"Feature","geometry":{"type":"Point","coordinates":[97.43523,1.48248]},"properties":{"rate_time":-0.277}},{"type":"Feature","geometry":{"type":"Point","coordinates":[97.43512,1.48272]},"properties":{"rate_time":-0.18}},{"type":"Feature","geometry":{"type":"Point","coordinates":[97.43507,1.48299]},"properties":{"rate_time":-0.167}},{"type":"Feature","geometry":{"type":"Point","coordinates":[97.43497,1.48324]},"properties":{"rate_time":-0.404}},{"type":"Feature","geometry":{"type":"Point","coordinates":[97.43484,1.48347]},"properties":{"rate_time":-0.229}},{"type":"Feature","geometry":{"type":"Point","coordinates":[97.43472,1.48372]},"properties":{"rate_time":-0.074}},{"type":"Feature","geometry":{"type":"Point","coordinates":[97.43458,1.48395]},"properties":{"rate_time":-0.189}},{"type":"Feature","geometry":{"type":"Point","coordinates":[97.43451,1.48421]},"properties":{"rate_time":-0.162}},{"type":"Feature","geometry":{"type":"Point","coordinates":[97.43447,1.48448]},"properties":{"rate_time":-0.086}},{"type":"Feature","geometry":{"type":"Point","coordinates":[97.43442,1.48474]},"properties":{"rate_time":-0.027}},{"type":"Feature","geometry":{"type":"Point","coordinates":[97.43434,1.485]},"properties":{"rate_time":0.09}},{"type":"Feature","geometry":{"type":"Point","coordinates":[97.43427,1.48526]},"properties":{"rate_time":-0.022}},{"type":"Feature","geometry":{"type":"Point","coordinates":[97.43419,1.48552]},"properties":{"rate_time":-0.14}},{"type":"Feature","geometry":{"type":"Point","coordinates":[97.43411,1.48578]},"properties":{"rate_time":-0.089}},{"type":"Feature","geometry":{"type":"Point","coordinates":[97.43408,1.48605]},"properties":{"rate_time":0.178}},{"type":"Feature","geometry":{"type":"Point","coordinates":[97.43399,1.48629]},"properties":{"rate_time":0.135}},{"type":"Feature","geometry":{"type":"Point","coordinates":[97.43389,1.48667]},"properties":{"rate_time":0.033}},{"type":"Feature","geometry":{"type":"Point","coordinates":[97.43392,1.48694]},"properties":{"rate_time":-0.044}},{"type":"Feature","geometry":{"type":"Point","coordinates":[97.43391,1.48721]},"properties":{"rate_time":0.165}},{"type":"Feature","geometry":{"type":"Point","coordinates":[97.43388,1.48748]},"properties":{"rate_time":0.236}},{"type":"Feature","geometry":{"type":"Point","coordinates":[97.43382,1.48774]},"properties":{"rate_time":0.25}},{"type":"Feature","geometry":{"type":"Point","coordinates":[97.43374,1.488]},"properties":{"rate_time":0.131}},{"type":"Feature","geometry":{"type":"Point","coordinates":[97.4337,1.48827]},"properties":{"rate_time":0.154}},{"type":"Feature","geometry":{"type":"Point","coordinates":[97.43368,1.48854]},"properties":{"rate_time":0.123}},{"type":"Feature","geometry":{"type":"Point","coordinates":[97.43365,1.48881]},"properties":{"rate_time":0.159}},{"type":"Feature","geometry":{"type":"Point","coordinates":[97.43361,1.48908]},"properties":{"rate_time":0.247}},{"type":"Feature","geometry":{"type":"Point","coordinates":[97.4335,1.48932]},"properties":{"rate_time":0.131}},{"type":"Feature","geometry":{"type":"Point","coordinates":[97.43345,1.48958]},"properties":{"rate_time":0.236}},{"type":"Feature","geometry":{"type":"Point","coordinates":[97.4334,1.48985]},"properties":{"rate_time":0.33}},{"type":"Feature","geometry":{"type":"Point","coordinates":[97.43335,1.49012]},"properties":{"rate_time":0.224}},{"type":"Feature","geometry":{"type":"Point","coordinates":[97.43327,1.49037]},"properties":{"rate_time":0.221}},{"type":"Feature","geometry":{"type":"Point","coordinates":[97.43322,1.49064]},"properties":{"rate_time":0.169}},{"type":"Feature","geometry":{"type":"Point","coordinates":[97.43319,1.49091]},"properties":{"rate_time":0.181}},{"type":"Feature","geometry":{"type":"Point","coordinates":[97.43316,1.49118]},"properties":{"rate_time":0.206}},{"type":"Feature","geometry":{"type":"Point","coordinates":[97.43316,1.49145]},"properties":{"rate_time":0.163}},{"type":"Feature","geometry":{"type":"Point","coordinates":[97.43322,1.49171]},"properties":{"rate_time":0.145}},{"type":"Feature","geometry":{"type":"Point","coordinates":[97.43334,1.49195]},"properties":{"rate_time":0.156}},{"type":"Feature","geometry":{"type":"Point","coordinates":[97.4334,1.49221]},"properties":{"rate_time":0.151}},{"type":"Feature","geometry":{"type":"Point","coordinates":[97.43342,1.49248]},"properties":{"rate_time":0.201}},{"type":"Feature","geometry":{"type":"Point","coordinates":[97.43343,1.49275]},"properties":{"rate_time":0.263}},{"type":"Feature","geometry":{"type":"Point","coordinates":[97.43343,1.49302]},"properties":{"rate_time":0.263}},{"type":"Feature","geometry":{"type":"Point","coordinates":[97.43345,1.49329]},"properties":{"rate_time":0.294}},{"type":"Feature","geometry":{"type":"Point","coordinates":[97.43347,1.49356]},"properties":{"rate_time":0.319}},{"type":"Feature","geometry":{"type":"Point","coordinates":[97.43348,1.4936]},"properties":{"rate_time":0.315}},{"type":"Feature","geometry":{"type":"Point","coordinates":[97.43356,1.49385]},"properties":{"rate_time":0.249}},{"type":"Feature","geometry":{"type":"Point","coordinates":[97.43369,1.49408]},"properties":{"rate_time":0.161}},{"type":"Feature","geometry":{"type":"Point","coordinates":[97.43377,1.49434]},"properties":{"rate_time":0.034}},{"type":"Feature","geometry":{"type":"Point","coordinates":[97.43387,1.49459]},"properties":{"rate_time":0.071}},{"type":"Feature","geometry":{"type":"Point","coordinates":[97.43393,1.49486]},"properties":{"rate_time":0.095}},{"type":"Feature","geometry":{"type":"Point","coordinates":[97.43396,1.49513]},"properties":{"rate_time":0.174}},{"type":"Feature","geometry":{"type":"Point","coordinates":[97.43396,1.4954]},"properties":{"rate_time":0.159}},{"type":"Feature","geometry":{"type":"Point","coordinates":[97.43394,1.49567]},"properties":{"rate_time":0.141}},{"type":"Feature","geometry":{"type":"Point","coordinates":[97.4339,1.49594]},"properties":{"rate_time":0.234}},{"type":"Feature","geometry":{"type":"Point","coordinates":[97.35162,1.49605]},"properties":{"rate_time":1.677}},{"type":"Feature","geometry":{"type":"Point","coordinates":[97.43384,1.4962]},"properties":{"rate_time":0.249}},{"type":"Feature","geometry":{"type":"Point","coordinates":[97.35166,1.49632]},"properties":{"rate_time":2.006}},{"type":"Feature","geometry":{"type":"Point","coordinates":[97.43375,1.49646]},"properties":{"rate_time":0.143}},{"type":"Feature","geometry":{"type":"Point","coordinates":[97.35119,1.49538]},"properties":{"rate_time":0.709}},{"type":"Feature","geometry":{"type":"Point","coordinates":[97.35138,1.49557]},"properties":{"rate_time":1.377}},{"type":"Feature","geometry":{"type":"Point","coordinates":[97.35153,1.4958]},"properties":{"rate_time":1.407}},{"type":"Feature","geometry":{"type":"Point","coordinates":[97.35145,1.49758]},"properties":{"rate_time":4.818}},{"type":"Feature","geometry":{"type":"Point","coordinates":[97.35121,1.4977]},"properties":{"rate_time":4.826}},{"type":"Feature","geometry":{"type":"Point","coordinates":[97.35099,1.49785]},"properties":{"rate_time":2.988}},{"type":"Feature","geometry":{"type":"Point","coordinates":[97.35078,1.49803]},"properties":{"rate_time":8.613}},{"type":"Feature","geometry":{"type":"Point","coordinates":[97.35059,1.49821]},"properties":{"rate_time":10.39}},{"type":"Feature","geometry":{"type":"Point","coordinates":[97.35041,1.49841]},"properties":{"rate_time":8.229}},{"type":"Feature","geometry":{"type":"Point","coordinates":[97.35025,1.49864]},"properties":{"rate_time":4.772}},{"type":"Feature","geometry":{"type":"Point","coordinates":[97.35167,1.49659]},"properties":{"rate_time":1.039}},{"type":"Feature","geometry":{"type":"Point","coordinates":[97.43372,1.49673]},"properties":{"rate_time":0.165}},{"type":"Feature","geometry":{"type":"Point","coordinates":[97.35169,1.49686]},"properties":{"rate_time":1.065}},{"type":"Feature","geometry":{"type":"Point","coordinates":[97.4337,1.497]},"properties":{"rate_time":0.177}},{"type":"Feature","geometry":{"type":"Point","coordinates":[97.35167,1.49713]},"properties":{"rate_time":2.955}},{"type":"Feature","geometry":{"type":"Point","coordinates":[97.43367,1.49727]},"properties":{"rate_time":0.184}},{"type":"Feature","geometry":{"type":"Point","coordinates":[97.35163,1.4974]},"properties":{"rate_time":3.678}},{"type":"Feature","geometry":{"type":"Point","coordinates":[97.43361,1.49753]},"properties":{"rate_time":0.177}},{"type":"Feature","geometry":{"type":"Point","coordinates":[97.43352,1.49779]},"properties":{"rate_time":0.251}},{"type":"Feature","geometry":{"type":"Point","coordinates":[97.39818,1.49779]},"properties":{"rate_time":1.672}},{"type":"Feature","geometry":{"type":"Point","coordinates":[97.39821,1.49802]},"properties":{"rate_time":1.033}},{"type":"Feature","geometry":{"type":"Point","coordinates":[97.43348,1.49805]},"properties":{"rate_time":0.586}},{"type":"Feature","geometry":{"type":"Point","coordinates":[97.39814,1.49806]},"properties":{"rate_time":1.026}},{"type":"Feature","geometry":{"type":"Point","coordinates":[97.39821,1.49829]},"properties":{"rate_time":0.551}},{"type":"Feature","geometry":{"type":"Point","coordinates":[97.43343,1.49832]},"properties":{"rate_time":0.506}},{"type":"Feature","geometry":{"type":"Point","coordinates":[97.39813,1.49833]},"properties":{"rate_time":0.198}},{"type":"Feature","geometry":{"type":"Point","coordinates":[97.39823,1.49856]},"properties":{"rate_time":0.106}},{"type":"Feature","geometry":{"type":"Point","coordinates":[97.43336,1.49858]},"properties":{"rate_time":0.18}},{"type":"Feature","geometry":{"type":"Point","coordinates":[97.39812,1.4986]},"properties":{"rate_time":-0.043}},{"type":"Feature","geometry":{"type":"Point","coordinates":[97.43325,1.49883]},"properties":{"rate_time":0.224}},{"type":"Feature","geometry":{"type":"Point","coordinates":[97.39824,1.49883]},"properties":{"rate_time":0.129}},{"type":"Feature","geometry":{"type":"Point","coordinates":[97.39811,1.49887]},"properties":{"rate_time":-0.686}},{"type":"Feature","geometry":{"type":"Point","coordinates":[97.40179,1.49903]},"properties":{"rate_time":-0.06}},{"type":"Feature","geometry":{"type":"Point","coordinates":[97.40152,1.49903]},"properties":{"rate_time":-0.137}},{"type":"Feature","geometry":{"type":"Point","coordinates":[97.40125,1.49904]},"properties":{"rate_time":-0.199}},{"type":"Feature","geometry":{"type":"Point","coordinates":[97.40098,1.49904]},"properties":{"rate_time":-0.434}},{"type":"Feature","geometry":{"type":"Point","coordinates":[97.40205,1.49905]},"properties":{"rate_time":0.032}},{"type":"Feature","geometry":{"type":"Point","coordinates":[97.40071,1.49906]},"properties":{"rate_time":-0.5}},{"type":"Feature","geometry":{"type":"Point","coordinates":[97.40232,1.49907]},"properties":{"rate_time":0.107}},{"type":"Feature","geometry":{"type":"Point","coordinates":[97.40044,1.49909]},"properties":{"rate_time":-0.542}},{"type":"Feature","geometry":{"type":"Point","coordinates":[97.40259,1.49909]},"properties":{"rate_time":0.249}},{"type":"Feature","geometry":{"type":"Point","coordinates":[97.43318,1.49909]},"properties":{"rate_time":0.277}},{"type":"Feature","geometry":{"type":"Point","coordinates":[97.40286,1.4991]},"properties":{"rate_time":0.173}},{"type":"Feature","geometry":{"type":"Point","coordinates":[97.39827,1.4991]},"properties":{"rate_time":-0.067}},{"type":"Feature","geometry":{"type":"Point","coordinates":[97.40313,1.49913]},"properties":{"rate_time":0.141}},{"type":"Feature","geometry":{"type":"Point","coordinates":[97.40018,1.49914]},"properties":{"rate_time":-0.619}},{"type":"Feature","geometry":{"type":"Point","coordinates":[97.39805,1.49914]},"properties":{"rate_time":-0.721}},{"type":"Feature","geometry":{"type":"Point","coordinates":[97.40339,1.49916]},"properties":{"rate_time":0.078}},{"type":"Feature","geometry":{"type":"Point","coordinates":[97.40366,1.49922]},"properties":{"rate_time":0.387}},{"type":"Feature","geometry":{"type":"Point","coordinates":[97.39993,1.49923]},"properties":{"rate_time":-0.55}},{"type":"Feature","geometry":{"type":"Point","coordinates":[97.40392,1.49928]},"properties":{"rate_time":0.203}},{"type":"Feature","geometry":{"type":"Point","coordinates":[97.39784,1.49931]},"properties":{"rate_time":-0.54}},{"type":"Feature","geometry":{"type":"Point","coordinates":[97.39967,1.49932]},"properties":{"rate_time":-0.489}},{"type":"Feature","geometry":{"type":"Point","coordinates":[97.40419,1.49932]},"properties":{"rate_time":-0.047}},{"type":"Feature","geometry":{"type":"Point","coordinates":[97.39841,1.49933]},"properties":{"rate_time":0.711}},{"type":"Feature","geometry":{"type":"Point","coordinates":[97.43309,1.49935]},"properties":{"rate_time":0.294}},{"type":"Feature","geometry":{"type":"Point","coordinates":[97.40445,1.49938]},"properties":{"rate_time":-0.112}},{"type":"Feature","geometry":{"type":"Point","coordinates":[97.39942,1.49942]},"properties":{"rate_time":-0.391}},{"type":"Feature","geometry":{"type":"Point","coordinates":[97.39761,1.49944]},"properties":{"rate_time":0.316}},{"type":"Feature","geometry":{"type":"Point","coordinates":[97.39864,1.49946]},"properties":{"rate_time":0.569}},{"type":"Feature","geometry":{"type":"Point","coordinates":[97.40471,1.49946]},"properties":{"rate_time":0.167}},{"type":"Feature","geometry":{"type":"Point","coordinates":[97.39917,1.4995]},"properties":{"rate_time":0.163}},{"type":"Feature","geometry":{"type":"Point","coordinates":[97.3989,1.49951]},"properties":{"rate_time":0.259}},{"type":"Feature","geometry":{"type":"Point","coordinates":[97.40496,1.49955]},"properties":{"rate_time":0.226}},{"type":"Feature","geometry":{"type":"Point","coordinates":[97.43295,1.49958]},"properties":{"rate_time":0.343}},{"type":"Feature","geometry":{"type":"Point","coordinates":[97.39738,1.49958]},"properties":{"rate_time":0.702}},{"type":"Feature","geometry":{"type":"Point","coordinates":[97.40522,1.4996]},"properties":{"rate_time":0.182}},{"type":"Feature","geometry":{"type":"Point","coordinates":[97.39632,1.49966]},"properties":{"rate_time":1.266}},{"type":"Feature","geometry":{"type":"Point","coordinates":[97.39712,1.49966]},"properties":{"rate_time":1.058}},{"type":"Feature","geometry":{"type":"Point","coordinates":[97.39659,1.49967]},"properties":{"rate_time":1.218}},{"type":"Feature","geometry":{"type":"Point","coordinates":[97.39605,1.49967]},"properties":{"rate_time":1.288}},{"type":"Feature","geometry":{"type":"Point","coordinates":[97.40548,1.49969]},"properties":{"rate_time":0.203}},{"type":"Feature","geometry":{"type":"Point","coordinates":[97.39685,1.4997]},"properties":{"rate_time":1.255}},{"type":"Feature","geometry":{"type":"Point","coordinates":[97.39578,1.49971]},"properties":{"rate_time":1.305}},{"type":"Feature","geometry":{"type":"Point","coordinates":[97.39551,1.49975]},"properties":{"rate_time":1.077}},{"type":"Feature","geometry":{"type":"Point","coordinates":[97.40572,1.49981]},"properties":{"rate_time":0.326}},{"type":"Feature","geometry":{"type":"Point","coordinates":[97.39525,1.49982]},"properties":{"rate_time":0.679}},{"type":"Feature","geometry":{"type":"Point","coordinates":[97.43285,1.49983]},"properties":{"rate_time":0.294}},{"type":"Feature","geometry":{"type":"Point","coordinates":[97.40598,1.49989]},"properties":{"rate_time":0.15}},{"type":"Feature","geometry":{"type":"Point","coordinates":[97.395,1.49992]},"properties":{"rate_time":0.365}},{"type":"Feature","geometry":{"type":"Point","coordinates":[97.35012,1.49887]},"properties":{"rate_time":10.481}},{"type":"Feature","geometry":{"type":"Point","coordinates":[97.34999,1.49911]},"properties":{"rate_time":13.977}},{"type":"Feature","geometry":{"type":"Point","coordinates":[97.3498,1.4993]},"properties":{"rate_time":14.25}},{"type":"Feature","geometry":{"type":"Point","coordinates":[97.34963,1.49951]},"properties":{"rate_time":14.112}},{"type":"Feature","geometry":{"type":"Point","coordinates":[97.34953,1.49975]},"properties":{"rate_time":14.159}},{"type":"Feature","geometry":{"type":"Point","coordinates":[97.34955,1.50002]},"properties":{"rate_time":13.908}},{"type":"Feature","geometry":{"type":"Point","coordinates":[97.34967,1.50025]},"properties":{"rate_time":8.669}},{"type":"Feature","geometry":{"type":"Point","coordinates":[97.34986,1.50052]},"properties":{"rate_time":8.721}},{"type":"Feature","geometry":{"type":"Point","coordinates":[97.35,1.50075]},"properties":{"rate_time":0.051}},{"type":"Feature","geometry":{"type":"Point","coordinates":[97.35014,1.50098]},"properties":{"rate_time":-4.745}},{"type":"Feature","geometry":{"type":"Point","coordinates":[97.40622,1.5]},"properties":{"rate_time":0.236}},{"type":"Feature","geometry":{"type":"Point","coordinates":[97.39477,1.50005]},"properties":{"rate_time":0.217}},{"type":"Feature","geometry":{"type":"Point","coordinates":[97.43273,1.50007]},"properties":{"rate_time":0.32}},{"type":"Feature","geometry":{"type":"Point","coordinates":[97.40647,1.50011]},"properties":{"rate_time":0.206}},{"type":"Feature","geometry":{"type":"Point","coordinates":[97.39453,1.50017]},"properties":{"rate_time":0.244}},{"type":"Feature","geometry":{"type":"Point","coordinates":[97.40672,1.50022]},"properties":{"rate_time":0.2}},{"type":"Feature","geometry":{"type":"Point","coordinates":[97.43259,1.5003]},"properties":{"rate_time":0.359}},{"type":"Feature","geometry":{"type":"Point","coordinates":[97.39429,1.5003]},"properties":{"rate_time":0.289}},{"type":"Feature","geometry":{"type":"Point","coordinates":[97.40695,1.50035]},"properties":{"rate_time":0.23}},{"type":"Feature","geometry":{"type":"Point","coordinates":[97.39406,1.50044]},"properties":{"rate_time":0.338}},{"type":"Feature","geometry":{"type":"Point","coordinates":[97.40719,1.50048]},"properties":{"rate_time":0.427}},{"type":"Feature","geometry":{"type":"Point","coordinates":[97.43242,1.50051]},"properties":{"rate_time":0.38}},{"type":"Feature","geometry":{"type":"Point","coordinates":[97.39383,1.50059]},"properties":{"rate_time":0.451}},{"type":"Feature","geometry":{"type":"Point","coordinates":[97.40742,1.50062]},"properties":{"rate_time":0.18}},{"type":"Feature","geometry":{"type":"Point","coordinates":[97.39359,1.50071]},"properties":{"rate_time":0.768}},{"type":"Feature","geometry":{"type":"Point","coordinates":[97.43226,1.50073]},"properties":{"rate_time":0.321}},{"type":"Feature","geometry":{"type":"Point","coordinates":[97.40766,1.50075]},"properties":{"rate_time":0.42}},{"type":"Feature","geometry":{"type":"Point","coordinates":[97.39334,1.50082]},"properties":{"rate_time":0.414}},{"type":"Feature","geometry":{"type":"Point","coordinates":[97.40787,1.50091]},"properties":{"rate_time":0.175}},{"type":"Feature","geometry":{"type":"Point","coordinates":[97.43208,1.50093]},"properties":{"rate_time":0.254}},{"type":"Feature","geometry":{"type":"Point","coordinates":[97.3931,1.50094]},"properties":{"rate_time":0.204}},{"type":"Feature","geometry":{"type":"Point","coordinates":[97.39285,1.50102]},"properties":{"rate_time":0.23}},{"type":"Feature","geometry":{"type":"Point","coordinates":[97.40811,1.50104]},"properties":{"rate_time":0.544}},{"type":"Feature","geometry":{"type":"Point","coordinates":[97.4319,1.50114]},"properties":{"rate_time":0.208}},{"type":"Feature","geometry":{"type":"Point","coordinates":[97.39261,1.50115]},"properties":{"rate_time":0.161}},{"type":"Feature","geometry":{"type":"Point","coordinates":[97.40833,1.50119]},"properties":{"rate_time":0.274}},{"type":"Feature","geometry":{"type":"Point","coordinates":[97.39237,1.50126]},"properties":{"rate_time":0.117}},{"type":"Feature","geometry":{"type":"Point","coordinates":[97.43173,1.50135]},"properties":{"rate_time":0.169}},{"type":"Feature","geometry":{"type":"Point","coordinates":[97.40855,1.50135]},"properties":{"rate_time":0.247}},{"type":"Feature","geometry":{"type":"Point","coordinates":[97.39212,1.50137]},"properties":{"rate_time":0.116}},{"type":"Feature","geometry":{"type":"Point","coordinates":[97.39187,1.50145]},"properties":{"rate_time":0.17}},{"type":"Feature","geometry":{"type":"Point","coordinates":[97.40876,1.50152]},"properties":{"rate_time":0.264}},{"type":"Feature","geometry":{"type":"Point","coordinates":[97.39164,1.50156]},"properties":{"rate_time":0.229}},{"type":"Feature","geometry":{"type":"Point","coordinates":[97.43157,1.50156]},"properties":{"rate_time":0.196}},{"type":"Feature","geometry":{"type":"Point","coordinates":[97.40896,1.5017]},"properties":{"rate_time":0.291}},{"type":"Feature","geometry":{"type":"Point","coordinates":[97.43139,1.50177]},"properties":{"rate_time":0.224}},{"type":"Feature","geometry":{"type":"Point","coordinates":[97.39169,1.50182]},"properties":{"rate_time":0.292}},{"type":"Feature","geometry":{"type":"Point","coordinates":[97.40919,1.50185]},"properties":{"rate_time":0.246}},{"type":"Feature","geometry":{"type":"Point","coordinates":[97.43122,1.50198]},"properties":{"rate_time":0.276}},{"type":"Feature","geometry":{"type":"Point","coordinates":[97.4094,1.50202]},"properties":{"rate_time":0.285}},{"type":"Feature","geometry":{"type":"Point","coordinates":[97.39178,1.50207]},"properties":{"rate_time":0.243}},{"type":"Feature","geometry":{"type":"Point","coordinates":[97.35159,1.50211]},"properties":{"rate_time":3.259}},{"type":"Feature","geometry":{"type":"Point","coordinates":[97.43106,1.50219]},"properties":{"rate_time":0.017}},{"type":"Feature","geometry":{"type":"Point","coordinates":[97.4096,1.5022]},"properties":{"rate_time":0.298}},{"type":"Feature","geometry":{"type":"Point","coordinates":[97.39174,1.50234]},"properties":{"rate_time":0.325}},{"type":"Feature","geometry":{"type":"Point","coordinates":[97.35162,1.50238]},"properties":{"rate_time":-2.144}},{"type":"Feature","geometry":{"type":"Point","coordinates":[97.40979,1.50239]},"properties":{"rate_time":0.22}},{"type":"Feature","geometry":{"type":"Point","coordinates":[97.43092,1.50243]},"properties":{"rate_time":0.447}},{"type":"Feature","geometry":{"type":"Point","coordinates":[97.41,1.50257]},"properties":{"rate_time":0.268}},{"type":"Feature","geometry":{"type":"Point","coordinates":[97.39176,1.5026]},"properties":{"rate_time":0.566}},{"type":"Feature","geometry":{"type":"Point","coordinates":[97.35032,1.50118]},"properties":{"rate_time":-5.15}},{"type":"Feature","geometry":{"type":"Point","coordinates":[97.35053,1.50136]},"properties":{"rate_time":-1.968}},{"type":"Feature","geometry":{"type":"Point","coordinates":[97.35073,1.50154]},"properties":{"rate_time":-1.563}},{"type":"Feature","geometry":{"type":"Point","coordinates":[97.35097,1.50166]},"properties":{"rate_time":-1.575}},{"type":"Feature","geometry":{"type":"Point","coordinates":[97.35123,1.50173]},"properties":{"rate_time":-1.882}},{"type":"Feature","geometry":{"type":"Point","coordinates":[97.35144,1.50189]},"properties":{"rate_time":-1.831}},{"type":"Feature","geometry":{"type":"Point","coordinates":[97.35156,1.50374]},"properties":{"rate_time":0.422}},{"type":"Feature","geometry":{"type":"Point","coordinates":[97.35145,1.50399]},"properties":{"rate_time":0.415}},{"type":"Feature","geometry":{"type":"Point","coordinates":[97.35137,1.50424]},"properties":{"rate_time":0.381}},{"type":"Feature","geometry":{"type":"Point","coordinates":[97.35123,1.50448]},"properties":{"rate_time":0.314}},{"type":"Feature","geometry":{"type":"Point","coordinates":[97.43074,1.50263]},"properties":{"rate_time":0.367}},{"type":"Feature","geometry":{"type":"Point","coordinates":[97.35164,1.50265]},"properties":{"rate_time":3.258}},{"type":"Feature","geometry":{"type":"Point","coordinates":[97.4102,1.50274]},"properties":{"rate_time":0.282}},{"type":"Feature","geometry":{"type":"Point","coordinates":[97.43057,1.50283]},"properties":{"rate_time":0.279}},{"type":"Feature","geometry":{"type":"Point","coordinates":[97.39179,1.50287]},"properties":{"rate_time":0.739}},{"type":"Feature","geometry":{"type":"Point","coordinates":[97.35163,1.50293]},"properties":{"rate_time":3.12}},{"type":"Feature","geometry":{"type":"Point","coordinates":[97.4104,1.50293]},"properties":{"rate_time":0.257}},{"type":"Feature","geometry":{"type":"Point","coordinates":[97.43043,1.50307]},"properties":{"rate_time":0.283}},{"type":"Feature","geometry":{"type":"Point","coordinates":[97.3917,1.50312]},"properties":{"rate_time":0.581}},{"type":"Feature","geometry":{"type":"Point","coordinates":[97.41059,1.50312]},"properties":{"rate_time":0.213}},{"type":"Feature","geometry":{"type":"Point","coordinates":[97.3516,1.5032]},"properties":{"rate_time":-0.539}},{"type":"Feature","geometry":{"type":"Point","coordinates":[97.38666,1.50327]},"properties":{"rate_time":-0.354}},{"type":"Feature","geometry":{"type":"Point","coordinates":[97.4108,1.50328]},"properties":{"rate_time":0.212}},{"type":"Feature","geometry":{"type":"Point","coordinates":[97.43029,1.5033]},"properties":{"rate_time":0.747}},{"type":"Feature","geometry":{"type":"Point","coordinates":[97.38745,1.50333]},"properties":{"rate_time":0.071}},{"type":"Feature","geometry":{"type":"Point","coordinates":[97.38769,1.50336]},"properties":{"rate_time":0.057}},{"type":"Feature","geometry":{"type":"Point","coordinates":[97.38691,1.50336]},"properties":{"rate_time":-0.002}},{"type":"Feature","geometry":{"type":"Point","coordinates":[97.38718,1.50336]},"properties":{"rate_time":-0.024}},{"type":"Feature","geometry":{"type":"Point","coordinates":[97.39161,1.50337]},"properties":{"rate_time":0.485}},{"type":"Feature","geometry":{"type":"Point","coordinates":[97.38648,1.50339]},"properties":{"rate_time":-0.168}},{"type":"Feature","geometry":{"type":"Point","coordinates":[97.35159,1.50347]},"properties":{"rate_time":0.52}},{"type":"Feature","geometry":{"type":"Point","coordinates":[97.41095,1.5035]},"properties":{"rate_time":0.132}},{"type":"Feature","geometry":{"type":"Point","coordinates":[97.43014,1.50352]},"properties":{"rate_time":0.541}},{"type":"Feature","geometry":{"type":"Point","coordinates":[97.38631,1.5036]},"properties":{"rate_time":0.054}},{"type":"Feature","geometry":{"type":"Point","coordinates":[97.38778,1.5036]},"properties":{"rate_time":0.128}},{"type":"Feature","geometry":{"type":"Point","coordinates":[97.39157,1.50364]},"properties":{"rate_time":0.369}},{"type":"Feature","geometry":{"type":"Point","coordinates":[97.41113,1.50371]},"properties":{"rate_time":0.107}},{"type":"Feature","geometry":{"type":"Point","coordinates":[97.42998,1.50374]},"properties":{"rate_time":0.456}},{"type":"Feature","geometry":{"type":"Point","coordinates":[97.38625,1.50384]},"properties":{"rate_time":0.154}},{"type":"Feature","geometry":{"type":"Point","coordinates":[97.38773,1.50385]},"properties":{"rate_time":0.103}},{"type":"Feature","geometry":{"type":"Point","coordinates":[97.39149,1.5039]},"properties":{"rate_time":0.377}},{"type":"Feature","geometry":{"type":"Point","coordinates":[97.41125,1.50395]},"properties":{"rate_time":0.186}},{"type":"Feature","geometry":{"type":"Point","coordinates":[97.42982,1.50396]},"properties":{"rate_time":0.457}},{"type":"Feature","geometry":{"type":"Point","coordinates":[97.38756,1.50407]},"properties":{"rate_time":0.124}},{"type":"Feature","geometry":{"type":"Point","coordinates":[97.38634,1.5041]},"properties":{"rate_time":0.197}},{"type":"Feature","geometry":{"type":"Point","coordinates":[97.39136,1.50413]},"properties":{"rate_time":0.59}},{"type":"Feature","geometry":{"type":"Point","coordinates":[97.42966,1.50418]},"properties":{"rate_time":0.451}},{"type":"Feature","geometry":{"type":"Point","coordinates":[97.41138,1.50419]},"properties":{"rate_time":0.509}},{"type":"Feature","geometry":{"type":"Point","coordinates":[97.38739,1.50428]},"properties":{"rate_time":0.155}},{"type":"Feature","geometry":{"type":"Point","coordinates":[97.3912,1.50434]},"properties":{"rate_time":0.586}},{"type":"Feature","geometry":{"type":"Point","coordinates":[97.38643,1.50435]},"properties":{"rate_time":0.329}},{"type":"Feature","geometry":{"type":"Point","coordinates":[97.39094,1.5044]},"properties":{"rate_time":0.364}},{"type":"Feature","geometry":{"type":"Point","coordinates":[97.42953,1.50441]},"properties":{"rate_time":0.521}},{"type":"Feature","geometry":{"type":"Point","coordinates":[97.41147,1.50444]},"properties":{"rate_time":0.286}},{"type":"Feature","geometry":{"type":"Point","coordinates":[97.39062,1.50448]},"properties":{"rate_time":0.482}},{"type":"Feature","geometry":{"type":"Point","coordinates":[97.38729,1.50453]},"properties":{"rate_time":0.058}},{"type":"Feature","geometry":{"type":"Point","coordinates":[97.3864,1.5046]},"properties":{"rate_time":0.331}},{"type":"Feature","geometry":{"type":"Point","coordinates":[97.39038,1.50461]},"properties":{"rate_time":0.817}},{"type":"Feature","geometry":{"type":"Point","coordinates":[97.42941,1.50466]},"properties":{"rate_time":0.361}},{"type":"Feature","geometry":{"type":"Point","coordinates":[97.41155,1.5047]},"properties":{"rate_time":0.143}},{"type":"Feature","geometry":{"type":"Point","coordinates":[97.38744,1.50473]},"properties":{"rate_time":0.098}},{"type":"Feature","geometry":{"type":"Point","coordinates":[97.39016,1.50476]},"properties":{"rate_time":0.891}},{"type":"Feature","geometry":{"type":"Point","coordinates":[97.3862,1.50477]},"properties":{"rate_time":0.32}},{"type":"Feature","geometry":{"type":"Point","coordinates":[97.38769,1.50485]},"properties":{"rate_time":0.029}},{"type":"Feature","geometry":{"type":"Point","coordinates":[97.38992,1.50489]},"properties":{"rate_time":0.581}},{"type":"Feature","geometry":{"type":"Point","coordinates":[97.42931,1.50491]},"properties":{"rate_time":0.496}},{"type":"Feature","geometry":{"type":"Point","coordinates":[97.38598,1.50493]},"properties":{"rate_time":0.213}},{"type":"Feature","geometry":{"type":"Point","coordinates":[97.38794,1.50495]},"properties":{"rate_time":-0.274}},{"type":"Feature","geometry":{"type":"Point","coordinates":[97.41163,1.50496]},"properties":{"rate_time":0.222}},{"type":"Feature","geometry":{"type":"Point","coordinates":[97.38967,1.50498]},"properties":{"rate_time":0.242}},{"type":"Feature","geometry":{"type":"Point","coordinates":[97.35108,1.5047]},"properties":{"rate_time":1.665}},{"type":"Feature","geometry":{"type":"Point","coordinates":[97.35089,1.50488]},"properties":{"rate_time":1.386}},{"type":"Feature","geometry":{"type":"Point","coordinates":[97.34974,1.50493]},"properties":{"rate_time":1.18}},{"type":"Feature","geometry":{"type":"Point","coordinates":[97.35,1.50496]},"properties":{"rate_time":1.055}},{"type":"Feature","geometry":{"type":"Point","coordinates":[97.34949,1.50502]},"properties":{"rate_time":1.091}},{"type":"Feature","geometry":{"type":"Point","coordinates":[97.35066,1.50503]},"properties":{"rate_time":1.4}},{"type":"Feature","geometry":{"type":"Point","coordinates":[97.35025,1.50507]},"properties":{"rate_time":0.951}},{"type":"Feature","geometry":{"type":"Point","coordinates":[97.35042,1.50513]},"properties":{"rate_time":1.021}},{"type":"Feature","geometry":{"type":"Point","coordinates":[97.34925,1.50513]},"properties":{"rate_time":0.969}},{"type":"Feature","geometry":{"type":"Point","coordinates":[97.34901,1.50526]},"properties":{"rate_time":3.279}},{"type":"Feature","geometry":{"type":"Point","coordinates":[97.38941,1.50502]},"properties":{"rate_time":-0.213}},{"type":"Feature","geometry":{"type":"Point","coordinates":[97.38914,1.50507]},"properties":{"rate_time":-0.483}},{"type":"Feature","geometry":{"type":"Point","coordinates":[97.38817,1.50508]},"properties":{"rate_time":-0.16}},{"type":"Feature","geometry":{"type":"Point","coordinates":[97.38579,1.50512]},"properties":{"rate_time":0.185}},{"type":"Feature","geometry":{"type":"Point","coordinates":[97.42919,1.50515]},"properties":{"rate_time":0.402}},{"type":"Feature","geometry":{"type":"Point","coordinates":[97.3889,1.50518]},"properties":{"rate_time":-0.154}},{"type":"Feature","geometry":{"type":"Point","coordinates":[97.38841,1.5052]},"properties":{"rate_time":-0.201}},{"type":"Feature","geometry":{"type":"Point","coordinates":[97.41163,1.50523]},"properties":{"rate_time":0.192}},{"type":"Feature","geometry":{"type":"Point","coordinates":[97.38867,1.50528]},"properties":{"rate_time":-0.19}},{"type":"Feature","geometry":{"type":"Point","coordinates":[97.4291,1.50541]},"properties":{"rate_time":0.419}},{"type":"Feature","geometry":{"type":"Point","coordinates":[97.41161,1.50549]},"properties":{"rate_time":0.208}},{"type":"Feature","geometry":{"type":"Point","coordinates":[97.42894,1.50562]},"properties":{"rate_time":0.491}},{"type":"Feature","geometry":{"type":"Point","coordinates":[97.41163,1.50576]},"properties":{"rate_time":0.139}},{"type":"Feature","geometry":{"type":"Point","coordinates":[97.42882,1.50586]},"properties":{"rate_time":0.343}},{"type":"Feature","geometry":{"type":"Point","coordinates":[97.41162,1.50603]},"properties":{"rate_time":0.065}},{"type":"Feature","geometry":{"type":"Point","coordinates":[97.42867,1.50609]},"properties":{"rate_time":0.307}},{"type":"Feature","geometry":{"type":"Point","coordinates":[97.41157,1.5063]},"properties":{"rate_time":0.093}},{"type":"Feature","geometry":{"type":"Point","coordinates":[97.42856,1.50633]},"properties":{"rate_time":0.215}},{"type":"Feature","geometry":{"type":"Point","coordinates":[97.41151,1.50656]},"properties":{"rate_time":0.241}},{"type":"Feature","geometry":{"type":"Point","coordinates":[97.42847,1.50659]},"properties":{"rate_time":0.245}},{"type":"Feature","geometry":{"type":"Point","coordinates":[97.34878,1.50541]},"properties":{"rate_time":2.463}},{"type":"Feature","geometry":{"type":"Point","coordinates":[97.34855,1.50554]},"properties":{"rate_time":1.653}},{"type":"Feature","geometry":{"type":"Point","coordinates":[97.34832,1.50569]},"properties":{"rate_time":1.503}},{"type":"Feature","geometry":{"type":"Point","coordinates":[97.34812,1.50587]},"properties":{"rate_time":1.335}},{"type":"Feature","geometry":{"type":"Point","coordinates":[97.34792,1.50605]},"properties":{"rate_time":1.398}},{"type":"Feature","geometry":{"type":"Point","coordinates":[97.34772,1.50623]},"properties":{"rate_time":1.192}},{"type":"Feature","geometry":{"type":"Point","coordinates":[97.3475,1.50642]},"properties":{"rate_time":1.044}},{"type":"Feature","geometry":{"type":"Point","coordinates":[97.34731,1.50661]},"properties":{"rate_time":1.198}},{"type":"Feature","geometry":{"type":"Point","coordinates":[97.34711,1.50679]},"properties":{"rate_time":1.181}},{"type":"Feature","geometry":{"type":"Point","coordinates":[97.34689,1.50698]},"properties":{"rate_time":1.128}},{"type":"Feature","geometry":{"type":"Point","coordinates":[97.42834,1.50682]},"properties":{"rate_time":0.176}},{"type":"Feature","geometry":{"type":"Point","coordinates":[97.41146,1.50683]},"properties":{"rate_time":0.285}},{"type":"Feature","geometry":{"type":"Point","coordinates":[97.42818,1.50704]},"properties":{"rate_time":0.167}},{"type":"Feature","geometry":{"type":"Point","coordinates":[97.41144,1.5071]},"properties":{"rate_time":0.279}},{"type":"Feature","geometry":{"type":"Point","coordinates":[97.42801,1.50725]},"properties":{"rate_time":0.248}},{"type":"Feature","geometry":{"type":"Point","coordinates":[97.41143,1.50737]},"properties":{"rate_time":0.282}},{"type":"Feature","geometry":{"type":"Point","coordinates":[97.42789,1.5075]},"properties":{"rate_time":0.264}},{"type":"Feature","geometry":{"type":"Point","coordinates":[97.4114,1.50764]},"properties":{"rate_time":0.398}},{"type":"Feature","geometry":{"type":"Point","coordinates":[97.42785,1.50776]},"properties":{"rate_time":0.553}},{"type":"Feature","geometry":{"type":"Point","coordinates":[97.41133,1.5079]},"properties":{"rate_time":0.248}},{"type":"Feature","geometry":{"type":"Point","coordinates":[97.34671,1.50707]},"properties":{"rate_time":0.075}},{"type":"Feature","geometry":{"type":"Point","coordinates":[97.34649,1.5072]},"properties":{"rate_time":0.338}},{"type":"Feature","geometry":{"type":"Point","coordinates":[97.34614,1.50738]},"properties":{"rate_time":1.681}},{"type":"Feature","geometry":{"type":"Point","coordinates":[97.34594,1.50751]},"properties":{"rate_time":1.391}},{"type":"Feature","geometry":{"type":"Point","coordinates":[97.3457,1.50763]},"properties":{"rate_time":0.545}},{"type":"Feature","geometry":{"type":"Point","coordinates":[97.34548,1.50779]},"properties":{"rate_time":0.592}},{"type":"Feature","geometry":{"type":"Point","coordinates":[97.34528,1.50797]},"properties":{"rate_time":0.68}},{"type":"Feature","geometry":{"type":"Point","coordinates":[97.34505,1.50812]},"properties":{"rate_time":0.991}},{"type":"Feature","geometry":{"type":"Point","coordinates":[97.34485,1.5083]},"properties":{"rate_time":1.086}},{"type":"Feature","geometry":{"type":"Point","coordinates":[97.34465,1.50847]},"properties":{"rate_time":1.16}},{"type":"Feature","geometry":{"type":"Point","coordinates":[97.4278,1.50802]},"properties":{"rate_time":0.407}},{"type":"Feature","geometry":{"type":"Point","coordinates":[97.41126,1.50816]},"properties":{"rate_time":0.154}},{"type":"Feature","geometry":{"type":"Point","coordinates":[97.38885,1.50821]},"properties":{"rate_time":0.279}},{"type":"Feature","geometry":{"type":"Point","coordinates":[97.38859,1.50824]},"properties":{"rate_time":0.205}},{"type":"Feature","geometry":{"type":"Point","coordinates":[97.3891,1.50828]},"properties":{"rate_time":0.274}},{"type":"Feature","geometry":{"type":"Point","coordinates":[97.42776,1.50829]},"properties":{"rate_time":0.425}},{"type":"Feature","geometry":{"type":"Point","coordinates":[97.38835,1.50837]},"properties":{"rate_time":0.065}},{"type":"Feature","geometry":{"type":"Point","coordinates":[97.41117,1.50842]},"properties":{"rate_time":0.206}},{"type":"Feature","geometry":{"type":"Point","coordinates":[97.38933,1.50842]},"properties":{"rate_time":0.155}},{"type":"Feature","geometry":{"type":"Point","coordinates":[97.42762,1.50851]},"properties":{"rate_time":0.241}},{"type":"Feature","geometry":{"type":"Point","coordinates":[97.38815,1.50854]},"properties":{"rate_time":0.146}},{"type":"Feature","geometry":{"type":"Point","coordinates":[97.38952,1.50862]},"properties":{"rate_time":0.216}},{"type":"Feature","geometry":{"type":"Point","coordinates":[97.41107,1.50867]},"properties":{"rate_time":0.121}},{"type":"Feature","geometry":{"type":"Point","coordinates":[97.38794,1.50871]},"properties":{"rate_time":0.179}},{"type":"Feature","geometry":{"type":"Point","coordinates":[97.42748,1.50874]},"properties":{"rate_time":0.291}},{"type":"Feature","geometry":{"type":"Point","coordinates":[97.38771,1.50885]},"properties":{"rate_time":0.181}},{"type":"Feature","geometry":{"type":"Point","coordinates":[97.38962,1.50887]},"properties":{"rate_time":0.346}},{"type":"Feature","geometry":{"type":"Point","coordinates":[97.41099,1.50893]},"properties":{"rate_time":0.034}},{"type":"Feature","geometry":{"type":"Point","coordinates":[97.42736,1.50898]},"properties":{"rate_time":0.151}},{"type":"Feature","geometry":{"type":"Point","coordinates":[97.38757,1.50907]},"properties":{"rate_time":0.266}},{"type":"Feature","geometry":{"type":"Point","coordinates":[97.3896,1.50913]},"properties":{"rate_time":-0.025}},{"type":"Feature","geometry":{"type":"Point","coordinates":[97.42719,1.50919]},"properties":{"rate_time":0.057}},{"type":"Feature","geometry":{"type":"Point","coordinates":[97.41095,1.5092]},"properties":{"rate_time":0.015}},{"type":"Feature","geometry":{"type":"Point","coordinates":[97.38752,1.50934]},"properties":{"rate_time":0.166}},{"type":"Feature","geometry":{"type":"Point","coordinates":[97.42699,1.50937]},"properties":{"rate_time":-0.002}},{"type":"Feature","geometry":{"type":"Point","coordinates":[97.38961,1.5094]},"properties":{"rate_time":0.288}},{"type":"Feature","geometry":{"type":"Point","coordinates":[97.38574,1.50947]},"properties":{"rate_time":0.07}},{"type":"Feature","geometry":{"type":"Point","coordinates":[97.41092,1.50947]},"properties":{"rate_time":0.75}},{"type":"Feature","geometry":{"type":"Point","coordinates":[97.38599,1.50955]},"properties":{"rate_time":0.079}},{"type":"Feature","geometry":{"type":"Point","coordinates":[97.42679,1.50956]},"properties":{"rate_time":0.16}},{"type":"Feature","geometry":{"type":"Point","coordinates":[97.34442,1.50862]},"properties":{"rate_time":1.363}},{"type":"Feature","geometry":{"type":"Point","coordinates":[97.34418,1.50874]},"properties":{"rate_time":1.977}},{"type":"Feature","geometry":{"type":"Point","coordinates":[97.34398,1.50891]},"properties":{"rate_time":2.443}},{"type":"Feature","geometry":{"type":"Point","coordinates":[97.34383,1.50914]},"properties":{"rate_time":2.353}},{"type":"Feature","geometry":{"type":"Point","coordinates":[97.34376,1.5094]},"properties":{"rate_time":1.841}},{"type":"Feature","geometry":{"type":"Point","coordinates":[97.34366,1.50966]},"properties":{"rate_time":0.997}},{"type":"Feature","geometry":{"type":"Point","coordinates":[97.34348,1.50986]},"properties":{"rate_time":1.145}},{"type":"Feature","geometry":{"type":"Point","coordinates":[97.34333,1.51008]},"properties":{"rate_time":1.23}},{"type":"Feature","geometry":{"type":"Point","coordinates":[97.34321,1.51036]},"properties":{"rate_time":1.153}},{"type":"Feature","geometry":{"type":"Point","coordinates":[97.34308,1.5106]},"properties":{"rate_time":1.075}},{"type":"Feature","geometry":{"type":"Point","coordinates":[97.38626,1.50959]},"properties":{"rate_time":0.148}},{"type":"Feature","geometry":{"type":"Point","coordinates":[97.38747,1.5096]},"properties":{"rate_time":0.068}},{"type":"Feature","geometry":{"type":"Point","coordinates":[97.38653,1.50961]},"properties":{"rate_time":0.191}},{"type":"Feature","geometry":{"type":"Point","coordinates":[97.3868,1.50961]},"properties":{"rate_time":0.146}},{"type":"Feature","geometry":{"type":"Point","coordinates":[97.38707,1.50961]},"properties":{"rate_time":0.183}},{"type":"Feature","geometry":{"type":"Point","coordinates":[97.38953,1.50965]},"properties":{"rate_time":0.668}},{"type":"Feature","geometry":{"type":"Point","coordinates":[97.38731,1.50971]},"properties":{"rate_time":0.133}},{"type":"Feature","geometry":{"type":"Point","coordinates":[97.41086,1.50973]},"properties":{"rate_time":0.306}},{"type":"Feature","geometry":{"type":"Point","coordinates":[97.42661,1.50975]},"properties":{"rate_time":0.646}},{"type":"Feature","geometry":{"type":"Point","coordinates":[97.38945,1.50991]},"properties":{"rate_time":1.183}},{"type":"Feature","geometry":{"type":"Point","coordinates":[97.42639,1.50991]},"properties":{"rate_time":0.927}},{"type":"Feature","geometry":{"type":"Point","coordinates":[97.41078,1.50999]},"properties":{"rate_time":0.358}},{"type":"Feature","geometry":{"type":"Point","coordinates":[97.42615,1.51004]},"properties":{"rate_time":0.705}},{"type":"Feature","geometry":{"type":"Point","coordinates":[97.38936,1.51017]},"properties":{"rate_time":1.519}},{"type":"Feature","geometry":{"type":"Point","coordinates":[97.42593,1.51018]},"properties":{"rate_time":0.405}},{"type":"Feature","geometry":{"type":"Point","coordinates":[97.38897,1.51024]},"properties":{"rate_time":1.066}},{"type":"Feature","geometry":{"type":"Point","coordinates":[97.42567,1.51025]},"properties":{"rate_time":-0.168}},{"type":"Feature","geometry":{"type":"Point","coordinates":[97.4108,1.51026]},"properties":{"rate_time":0.338}},{"type":"Feature","geometry":{"type":"Point","coordinates":[97.38919,1.51029]},"properties":{"rate_time":1.464}},{"type":"Feature","geometry":{"type":"Point","coordinates":[97.38871,1.51029]},"properties":{"rate_time":0.597}},{"type":"Feature","geometry":{"type":"Point","coordinates":[97.42541,1.51034]},"properties":{"rate_time":-0.214}},{"type":"Feature","geometry":{"type":"Point","coordinates":[97.38846,1.51041]},"properties":{"rate_time":0.313}},{"type":"Feature","geometry":{"type":"Point","coordinates":[97.3882,1.51047]},"properties":{"rate_time":-0.03}},{"type":"Feature","geometry":{"type":"Point","coordinates":[97.42518,1.51048]},"properties":{"rate_time":-0.179}},{"type":"Feature","geometry":{"type":"Point","coordinates":[97.41077,1.51053]},"properties":{"rate_time":0.419}},{"type":"Feature","geometry":{"type":"Point","coordinates":[97.38795,1.51057]},"properties":{"rate_time":0.218}},{"type":"Feature","geometry":{"type":"Point","coordinates":[97.42495,1.51062]},"properties":{"rate_time":0.075}},{"type":"Feature","geometry":{"type":"Point","coordinates":[97.3877,1.51067]},"properties":{"rate_time":0.526}},{"type":"Feature","geometry":{"type":"Point","coordinates":[97.42471,1.51074]},"properties":{"rate_time":-0.207}},{"type":"Feature","geometry":{"type":"Point","coordinates":[97.41072,1.5108]},"properties":{"rate_time":0.33}},{"type":"Feature","geometry":{"type":"Point","coordinates":[97.38752,1.51086]},"properties":{"rate_time":0.699}},{"type":"Feature","geometry":{"type":"Point","coordinates":[97.42452,1.51092]},"properties":{"rate_time":-0.271}},{"type":"Feature","geometry":{"type":"Point","coordinates":[97.41062,1.51105]},"properties":{"rate_time":0.27}},{"type":"Feature","geometry":{"type":"Point","coordinates":[97.37857,1.5111]},"properties":{"rate_time":0.065}},{"type":"Feature","geometry":{"type":"Point","coordinates":[97.38739,1.5111]},"properties":{"rate_time":0.786}},{"type":"Feature","geometry":{"type":"Point","coordinates":[97.42441,1.51116]},"properties":{"rate_time":-0.167}},{"type":"Feature","geometry":{"type":"Point","coordinates":[97.3788,1.51124]},"properties":{"rate_time":-0.027}},{"type":"Feature","geometry":{"type":"Point","coordinates":[97.38717,1.51126]},"properties":{"rate_time":0.663}},{"type":"Feature","geometry":{"type":"Point","coordinates":[97.41052,1.5113]},"properties":{"rate_time":0.345}},{"type":"Feature","geometry":{"type":"Point","coordinates":[97.38692,1.51131]},"properties":{"rate_time":0.377}},{"type":"Feature","geometry":{"type":"Point","coordinates":[97.38665,1.51132]},"properties":{"rate_time":0.309}},{"type":"Feature","geometry":{"type":"Point","coordinates":[97.38638,1.51132]},"properties":{"rate_time":0.345}},{"type":"Feature","geometry":{"type":"Point","coordinates":[97.38613,1.51142]},"properties":{"rate_time":0.462}},{"type":"Feature","geometry":{"type":"Point","coordinates":[97.42435,1.51143]},"properties":{"rate_time":-0.103}},{"type":"Feature","geometry":{"type":"Point","coordinates":[97.37895,1.51146]},"properties":{"rate_time":-0.02}},{"type":"Feature","geometry":{"type":"Point","coordinates":[97.38588,1.51152]},"properties":{"rate_time":0.393}},{"type":"Feature","geometry":{"type":"Point","coordinates":[97.41043,1.51156]},"properties":{"rate_time":0.579}},{"type":"Feature","geometry":{"type":"Point","coordinates":[97.38563,1.51163]},"properties":{"rate_time":0.294}},{"type":"Feature","geometry":{"type":"Point","coordinates":[97.42434,1.5117]},"properties":{"rate_time":-0.049}},{"type":"Feature","geometry":{"type":"Point","coordinates":[97.37897,1.5117]},"properties":{"rate_time":0.055}},{"type":"Feature","geometry":{"type":"Point","coordinates":[97.3429,1.51087]},"properties":{"rate_time":0.793}},{"type":"Feature","geometry":{"type":"Point","coordinates":[97.34271,1.51106]},"properties":{"rate_time":0.752}},{"type":"Feature","geometry":{"type":"Point","coordinates":[97.34256,1.51118]},"properties":{"rate_time":0.857}},{"type":"Feature","geometry":{"type":"Point","coordinates":[97.34242,1.51128]},"properties":{"rate_time":0.597}},{"type":"Feature","geometry":{"type":"Point","coordinates":[97.34213,1.51158]},"properties":{"rate_time":0.919}},{"type":"Feature","geometry":{"type":"Point","coordinates":[97.34194,1.51178]},"properties":{"rate_time":1.486}},{"type":"Feature","geometry":{"type":"Point","coordinates":[97.34178,1.512]},"properties":{"rate_time":1.426}},{"type":"Feature","geometry":{"type":"Point","coordinates":[97.34164,1.51223]},"properties":{"rate_time":1.943}},{"type":"Feature","geometry":{"type":"Point","coordinates":[97.34152,1.51247]},"properties":{"rate_time":1.245}},{"type":"Feature","geometry":{"type":"Point","coordinates":[97.34142,1.51272]},"properties":{"rate_time":1.736}},{"type":"Feature","geometry":{"type":"Point","coordinates":[97.38539,1.51175]},"properties":{"rate_time":0.252}},{"type":"Feature","geometry":{"type":"Point","coordinates":[97.41037,1.51182]},"properties":{"rate_time":0.65}},{"type":"Feature","geometry":{"type":"Point","coordinates":[97.38515,1.51186]},"properties":{"rate_time":0.399}},{"type":"Feature","geometry":{"type":"Point","coordinates":[97.37884,1.51194]},"properties":{"rate_time":-0.048}},{"type":"Feature","geometry":{"type":"Point","coordinates":[97.42437,1.51197]},"properties":{"rate_time":0.103}},{"type":"Feature","geometry":{"type":"Point","coordinates":[97.38491,1.51199]},"properties":{"rate_time":0.603}},{"type":"Feature","geometry":{"type":"Point","coordinates":[97.41033,1.51209]},"properties":{"rate_time":0.71}},{"type":"Feature","geometry":{"type":"Point","coordinates":[97.38466,1.5121]},"properties":{"rate_time":0.069}},{"type":"Feature","geometry":{"type":"Point","coordinates":[97.37872,1.51218]},"properties":{"rate_time":0.165}},{"type":"Feature","geometry":{"type":"Point","coordinates":[97.42441,1.51223]},"properties":{"rate_time":0.139}},{"type":"Feature","geometry":{"type":"Point","coordinates":[97.38446,1.51227]},"properties":{"rate_time":-0.18}},{"type":"Feature","geometry":{"type":"Point","coordinates":[97.41033,1.51236]},"properties":{"rate_time":0.802}},{"type":"Feature","geometry":{"type":"Point","coordinates":[97.3786,1.51242]},"properties":{"rate_time":0.393}},{"type":"Feature","geometry":{"type":"Point","coordinates":[97.37566,1.51243]},"properties":{"rate_time":0.192}},{"type":"Feature","geometry":{"type":"Point","coordinates":[97.38427,1.51247]},"properties":{"rate_time":-0.112}},{"type":"Feature","geometry":{"type":"Point","coordinates":[97.42448,1.5125]},"properties":{"rate_time":0.172}},{"type":"Feature","geometry":{"type":"Point","coordinates":[97.41036,1.51263]},"properties":{"rate_time":0.881}},{"type":"Feature","geometry":{"type":"Point","coordinates":[97.37845,1.51265]},"properties":{"rate_time":0.433}},{"type":"Feature","geometry":{"type":"Point","coordinates":[97.37553,1.51267]},"properties":{"rate_time":0.028}},{"type":"Feature","geometry":{"type":"Point","coordinates":[97.3841,1.51268]},"properties":{"rate_time":0.386}},{"type":"Feature","geometry":{"type":"Point","coordinates":[97.42455,1.51276]},"properties":{"rate_time":0.114}},{"type":"Feature","geometry":{"type":"Point","coordinates":[97.37569,1.51288]},"properties":{"rate_time":0.521}},{"type":"Feature","geometry":{"type":"Point","coordinates":[97.41045,1.51288]},"properties":{"rate_time":0.763}},{"type":"Feature","geometry":{"type":"Point","coordinates":[97.37841,1.51291]},"properties":{"rate_time":0.534}},{"type":"Feature","geometry":{"type":"Point","coordinates":[97.42469,1.51299]},"properties":{"rate_time":0.378}},{"type":"Feature","geometry":{"type":"Point","coordinates":[97.38382,1.513]},"properties":{"rate_time":0.944}},{"type":"Feature","geometry":{"type":"Point","coordinates":[97.41058,1.51312]},"properties":{"rate_time":0.559}},{"type":"Feature","geometry":{"type":"Point","coordinates":[97.37573,1.51312]},"properties":{"rate_time":0.442}},{"type":"Feature","geometry":{"type":"Point","coordinates":[97.37854,1.51314]},"properties":{"rate_time":0.485}},{"type":"Feature","geometry":{"type":"Point","coordinates":[97.42478,1.51324]},"properties":{"rate_time":0.564}},{"type":"Feature","geometry":{"type":"Point","coordinates":[97.38377,1.51327]},"properties":{"rate_time":1.098}},{"type":"Feature","geometry":{"type":"Point","coordinates":[97.37872,1.51334]},"properties":{"rate_time":0.398}},{"type":"Feature","geometry":{"type":"Point","coordinates":[97.4107,1.51336]},"properties":{"rate_time":0.38}},{"type":"Feature","geometry":{"type":"Point","coordinates":[97.37564,1.51337]},"properties":{"rate_time":0.441}},{"type":"Feature","geometry":{"type":"Point","coordinates":[97.37896,1.51345]},"properties":{"rate_time":0.435}},{"type":"Feature","geometry":{"type":"Point","coordinates":[97.42489,1.51349]},"properties":{"rate_time":0.572}},{"type":"Feature","geometry":{"type":"Point","coordinates":[97.37922,1.51351]},"properties":{"rate_time":0.539}},{"type":"Feature","geometry":{"type":"Point","coordinates":[97.38369,1.51352]},"properties":{"rate_time":1.098}},{"type":"Feature","geometry":{"type":"Point","coordinates":[97.37546,1.51357]},"properties":{"rate_time":0.52}},{"type":"Feature","geometry":{"type":"Point","coordinates":[97.41084,1.51359]},"properties":{"rate_time":0.277}},{"type":"Feature","geometry":{"type":"Point","coordinates":[97.37948,1.5136]},"properties":{"rate_time":0.323}},{"type":"Feature","geometry":{"type":"Point","coordinates":[97.38001,1.51363]},"properties":{"rate_time":0.796}},{"type":"Feature","geometry":{"type":"Point","coordinates":[97.38028,1.51364]},"properties":{"rate_time":0.983}},{"type":"Feature","geometry":{"type":"Point","coordinates":[97.37974,1.51364]},"properties":{"rate_time":0.555}},{"type":"Feature","geometry":{"type":"Point","coordinates":[97.38082,1.51365]},"properties":{"rate_time":0.171}},{"type":"Feature","geometry":{"type":"Point","coordinates":[97.38108,1.51365]},"properties":{"rate_time":0.41}},{"type":"Feature","geometry":{"type":"Point","coordinates":[97.38055,1.51366]},"properties":{"rate_time":0.465}},{"type":"Feature","geometry":{"type":"Point","coordinates":[97.38135,1.51366]},"properties":{"rate_time":0.398}},{"type":"Feature","geometry":{"type":"Point","coordinates":[97.38162,1.51367]},"properties":{"rate_time":0.41}},{"type":"Feature","geometry":{"type":"Point","coordinates":[97.38349,1.51367]},"properties":{"rate_time":0.35}},{"type":"Feature","geometry":{"type":"Point","coordinates":[97.38189,1.5137]},"properties":{"rate_time":0.445}},{"type":"Feature","geometry":{"type":"Point","coordinates":[97.38322,1.51372]},"properties":{"rate_time":0.191}},{"type":"Feature","geometry":{"type":"Point","coordinates":[97.37524,1.51372]},"properties":{"rate_time":0.348}},{"type":"Feature","geometry":{"type":"Point","coordinates":[97.38216,1.51373]},"properties":{"rate_time":0.544}},{"type":"Feature","geometry":{"type":"Point","coordinates":[97.42486,1.51374]},"properties":{"rate_time":0.696}},{"type":"Feature","geometry":{"type":"Point","coordinates":[97.38296,1.51375]},"properties":{"rate_time":0.126}},{"type":"Feature","geometry":{"type":"Point","coordinates":[97.38242,1.51376]},"properties":{"rate_time":0.65}},{"type":"Feature","geometry":{"type":"Point","coordinates":[97.38269,1.51379]},"properties":{"rate_time":0.1}},{"type":"Feature","geometry":{"type":"Point","coordinates":[97.41091,1.51386]},"properties":{"rate_time":0.233}},{"type":"Feature","geometry":{"type":"Point","coordinates":[97.37509,1.51394]},"properties":{"rate_time":0.311}},{"type":"Feature","geometry":{"type":"Point","coordinates":[97.34137,1.51298]},"properties":{"rate_time":1.509}},{"type":"Feature","geometry":{"type":"Point","coordinates":[97.34128,1.51324]},"properties":{"rate_time":1.266}},{"type":"Feature","geometry":{"type":"Point","coordinates":[97.34123,1.5135]},"properties":{"rate_time":1.099}},{"type":"Feature","geometry":{"type":"Point","coordinates":[97.34132,1.51376]},"properties":{"rate_time":0.639}},{"type":"Feature","geometry":{"type":"Point","coordinates":[97.34147,1.51398]},"properties":{"rate_time":0.557}},{"type":"Feature","geometry":{"type":"Point","coordinates":[97.34132,1.51417]},"properties":{"rate_time":0.214}},{"type":"Feature","geometry":{"type":"Point","coordinates":[97.34109,1.51431]},"properties":{"rate_time":0.38}},{"type":"Feature","geometry":{"type":"Point","coordinates":[97.34089,1.51449]},"properties":{"rate_time":0.594}},{"type":"Feature","geometry":{"type":"Point","coordinates":[97.34077,1.51474]},"properties":{"rate_time":0.6}},{"type":"Feature","geometry":{"type":"Point","coordinates":[97.34068,1.51499]},"properties":{"rate_time":0.547}},{"type":"Feature","geometry":{"type":"Point","coordinates":[97.42486,1.51401]},"properties":{"rate_time":0.796}},{"type":"Feature","geometry":{"type":"Point","coordinates":[97.41097,1.51412]},"properties":{"rate_time":0.049}},{"type":"Feature","geometry":{"type":"Point","coordinates":[97.37495,1.51417]},"properties":{"rate_time":0.231}},{"type":"Feature","geometry":{"type":"Point","coordinates":[97.42495,1.51426]},"properties":{"rate_time":0.934}},{"type":"Feature","geometry":{"type":"Point","coordinates":[97.411,1.51439]},"properties":{"rate_time":-0.091}},{"type":"Feature","geometry":{"type":"Point","coordinates":[97.37481,1.51441]},"properties":{"rate_time":0.282}},{"type":"Feature","geometry":{"type":"Point","coordinates":[97.42505,1.51451]},"properties":{"rate_time":0.828}},{"type":"Feature","geometry":{"type":"Point","coordinates":[97.37468,1.51464]},"properties":{"rate_time":0.198}},{"type":"Feature","geometry":{"type":"Point","coordinates":[97.41098,1.51466]},"properties":{"rate_time":-0.048}},{"type":"Feature","geometry":{"type":"Point","coordinates":[97.42509,1.51477]},"properties":{"rate_time":0.638}},{"type":"Feature","geometry":{"type":"Point","coordinates":[97.41094,1.51493]},"properties":{"rate_time":0.045}},{"type":"Feature","geometry":{"type":"Point","coordinates":[97.42503,1.51503]},"properties":{"rate_time":0.551}},{"type":"Feature","geometry":{"type":"Point","coordinates":[97.41091,1.51519]},"properties":{"rate_time":0.116}},{"type":"Feature","geometry":{"type":"Point","coordinates":[97.42491,1.51527]},"properties":{"rate_time":0.535}},{"type":"Feature","geometry":{"type":"Point","coordinates":[97.3758,1.51536]},"properties":{"rate_time":0.285}},{"type":"Feature","geometry":{"type":"Point","coordinates":[97.37555,1.51544]},"properties":{"rate_time":-0.061}},{"type":"Feature","geometry":{"type":"Point","coordinates":[97.41081,1.51544]},"properties":{"rate_time":0.346}},{"type":"Feature","geometry":{"type":"Point","coordinates":[97.37603,1.5155]},"properties":{"rate_time":0.203}},{"type":"Feature","geometry":{"type":"Point","coordinates":[97.37528,1.5155]},"properties":{"rate_time":0.059}},{"type":"Feature","geometry":{"type":"Point","coordinates":[97.42478,1.51551]},"properties":{"rate_time":0.445}},{"type":"Feature","geometry":{"type":"Point","coordinates":[97.37513,1.51554]},"properties":{"rate_time":0.275}},{"type":"Feature","geometry":{"type":"Point","coordinates":[97.37623,1.51568]},"properties":{"rate_time":0.126}},{"type":"Feature","geometry":{"type":"Point","coordinates":[97.41069,1.51569]},"properties":{"rate_time":1.022}},{"type":"Feature","geometry":{"type":"Point","coordinates":[97.42463,1.51574]},"properties":{"rate_time":0.463}},{"type":"Feature","geometry":{"type":"Point","coordinates":[97.37644,1.51584]},"properties":{"rate_time":0.142}},{"type":"Feature","geometry":{"type":"Point","coordinates":[97.42446,1.51595]},"properties":{"rate_time":0.449}},{"type":"Feature","geometry":{"type":"Point","coordinates":[97.41066,1.51596]},"properties":{"rate_time":1.071}},{"type":"Feature","geometry":{"type":"Point","coordinates":[97.37665,1.51601]},"properties":{"rate_time":0.033}},{"type":"Feature","geometry":{"type":"Point","coordinates":[97.42429,1.51616]},"properties":{"rate_time":0.417}},{"type":"Feature","geometry":{"type":"Point","coordinates":[97.37683,1.51621]},"properties":{"rate_time":-0.157}},{"type":"Feature","geometry":{"type":"Point","coordinates":[97.34051,1.51518]},"properties":{"rate_time":0.867}},{"type":"Feature","geometry":{"type":"Point","coordinates":[97.3403,1.51534]},"properties":{"rate_time":1.079}},{"type":"Feature","geometry":{"type":"Point","coordinates":[97.3401,1.51552]},"properties":{"rate_time":1.299}},{"type":"Feature","geometry":{"type":"Point","coordinates":[97.33991,1.51572]},"properties":{"rate_time":1.46}},{"type":"Feature","geometry":{"type":"Point","coordinates":[97.33972,1.51591]},"properties":{"rate_time":1.372}},{"type":"Feature","geometry":{"type":"Point","coordinates":[97.33949,1.51605]},"properties":{"rate_time":0.897}},{"type":"Feature","geometry":{"type":"Point","coordinates":[97.33927,1.5162]},"properties":{"rate_time":1.113}},{"type":"Feature","geometry":{"type":"Point","coordinates":[97.33905,1.51636]},"properties":{"rate_time":1.737}},{"type":"Feature","geometry":{"type":"Point","coordinates":[97.33884,1.51652]},"properties":{"rate_time":1.591}},{"type":"Feature","geometry":{"type":"Point","coordinates":[97.33865,1.51671]},"properties":{"rate_time":1.4}},{"type":"Feature","geometry":{"type":"Point","coordinates":[97.41067,1.51623]},"properties":{"rate_time":0.867}},{"type":"Feature","geometry":{"type":"Point","coordinates":[97.4241,1.51636]},"properties":{"rate_time":0.38}},{"type":"Feature","geometry":{"type":"Point","coordinates":[97.37701,1.51642]},"properties":{"rate_time":-0.022}},{"type":"Feature","geometry":{"type":"Point","coordinates":[97.41084,1.51644]},"properties":{"rate_time":0.535}},{"type":"Feature","geometry":{"type":"Point","coordinates":[97.42395,1.51658]},"properties":{"rate_time":0.339}},{"type":"Feature","geometry":{"type":"Point","coordinates":[97.37718,1.51663]},"properties":{"rate_time":0.14}},{"type":"Feature","geometry":{"type":"Point","coordinates":[97.41093,1.51669]},"properties":{"rate_time":0.681}},{"type":"Feature","geometry":{"type":"Point","coordinates":[97.42383,1.51682]},"properties":{"rate_time":0.33}},{"type":"Feature","geometry":{"type":"Point","coordinates":[97.37736,1.51682]},"properties":{"rate_time":0.182}},{"type":"Feature","geometry":{"type":"Point","coordinates":[97.41098,1.51696]},"properties":{"rate_time":0.858}},{"type":"Feature","geometry":{"type":"Point","coordinates":[97.42361,1.51698]},"properties":{"rate_time":0.317}},{"type":"Feature","geometry":{"type":"Point","coordinates":[97.37755,1.51702]},"properties":{"rate_time":0.12}},{"type":"Feature","geometry":{"type":"Point","coordinates":[97.42339,1.51713]},"properties":{"rate_time":0.381}},{"type":"Feature","geometry":{"type":"Point","coordinates":[97.41112,1.51718]},"properties":{"rate_time":0.747}},{"type":"Feature","geometry":{"type":"Point","coordinates":[97.37774,1.51722]},"properties":{"rate_time":0.077}},{"type":"Feature","geometry":{"type":"Point","coordinates":[97.42318,1.5173]},"properties":{"rate_time":0.359}},{"type":"Feature","geometry":{"type":"Point","coordinates":[97.41131,1.51737]},"properties":{"rate_time":0.537}},{"type":"Feature","geometry":{"type":"Point","coordinates":[97.37794,1.51739]},"properties":{"rate_time":0.29}},{"type":"Feature","geometry":{"type":"Point","coordinates":[97.42301,1.5175]},"properties":{"rate_time":0.323}},{"type":"Feature","geometry":{"type":"Point","coordinates":[97.41148,1.51758]},"properties":{"rate_time":0.333}},{"type":"Feature","geometry":{"type":"Point","coordinates":[97.33848,1.51693]},"properties":{"rate_time":0.529}},{"type":"Feature","geometry":{"type":"Point","coordinates":[97.33829,1.51712]},"properties":{"rate_time":1.182}},{"type":"Feature","geometry":{"type":"Point","coordinates":[97.33808,1.51728]},"properties":{"rate_time":1.542}},{"type":"Feature","geometry":{"type":"Point","coordinates":[97.33786,1.51744]},"properties":{"rate_time":1.675}},{"type":"Feature","geometry":{"type":"Point","coordinates":[97.33767,1.51763]},"properties":{"rate_time":1.579}},{"type":"Feature","geometry":{"type":"Point","coordinates":[97.33751,1.51784]},"properties":{"rate_time":1.323}},{"type":"Feature","geometry":{"type":"Point","coordinates":[97.3374,1.51809]},"properties":{"rate_time":1.064}},{"type":"Feature","geometry":{"type":"Point","coordinates":[97.33724,1.51831]},"properties":{"rate_time":0.993}},{"type":"Feature","geometry":{"type":"Point","coordinates":[97.33707,1.51852]},"properties":{"rate_time":0.887}},{"type":"Feature","geometry":{"type":"Point","coordinates":[97.33688,1.51872]},"properties":{"rate_time":0.947}},{"type":"Feature","geometry":{"type":"Point","coordinates":[97.37812,1.51759]},"properties":{"rate_time":0.43}},{"type":"Feature","geometry":{"type":"Point","coordinates":[97.42282,1.5177]},"properties":{"rate_time":0.249}},{"type":"Feature","geometry":{"type":"Point","coordinates":[97.41154,1.51784]},"properties":{"rate_time":0.578}},{"type":"Feature","geometry":{"type":"Point","coordinates":[97.4226,1.51784]},"properties":{"rate_time":0.307}},{"type":"Feature","geometry":{"type":"Point","coordinates":[97.37819,1.51785]},"properties":{"rate_time":0.427}},{"type":"Feature","geometry":{"type":"Point","coordinates":[97.42235,1.51795]},"properties":{"rate_time":0.324}},{"type":"Feature","geometry":{"type":"Point","coordinates":[97.4221,1.51805]},"properties":{"rate_time":0.292}},{"type":"Feature","geometry":{"type":"Point","coordinates":[97.41149,1.51811]},"properties":{"rate_time":1.052}},{"type":"Feature","geometry":{"type":"Point","coordinates":[97.37821,1.51812]},"properties":{"rate_time":0.396}},{"type":"Feature","geometry":{"type":"Point","coordinates":[97.42185,1.51814]},"properties":{"rate_time":0.215}},{"type":"Feature","geometry":{"type":"Point","coordinates":[97.42161,1.51827]},"properties":{"rate_time":0.337}},{"type":"Feature","geometry":{"type":"Point","coordinates":[97.41121,1.51832]},"properties":{"rate_time":1.723}},{"type":"Feature","geometry":{"type":"Point","coordinates":[97.41141,1.51837]},"properties":{"rate_time":1.454}},{"type":"Feature","geometry":{"type":"Point","coordinates":[97.42137,1.51839]},"properties":{"rate_time":0.24}},{"type":"Feature","geometry":{"type":"Point","coordinates":[97.37818,1.51839]},"properties":{"rate_time":0.342}},{"type":"Feature","geometry":{"type":"Point","coordinates":[97.41104,1.5184]},"properties":{"rate_time":1.804}},{"type":"Feature","geometry":{"type":"Point","coordinates":[97.41137,1.51852]},"properties":{"rate_time":1.479}},{"type":"Feature","geometry":{"type":"Point","coordinates":[97.42115,1.51854]},"properties":{"rate_time":0.19}},{"type":"Feature","geometry":{"type":"Point","coordinates":[97.41122,1.51858]},"properties":{"rate_time":1.557}},{"type":"Feature","geometry":{"type":"Point","coordinates":[97.37821,1.51866]},"properties":{"rate_time":0.4}},{"type":"Feature","geometry":{"type":"Point","coordinates":[97.42091,1.51867]},"properties":{"rate_time":0.195}},{"type":"Feature","geometry":{"type":"Point","coordinates":[97.41144,1.51873]},"properties":{"rate_time":1.379}},{"type":"Feature","geometry":{"type":"Point","coordinates":[97.42068,1.51881]},"properties":{"rate_time":0.184}},{"type":"Feature","geometry":{"type":"Point","coordinates":[97.41167,1.51888]},"properties":{"rate_time":1.063}},{"type":"Feature","geometry":{"type":"Point","coordinates":[97.42043,1.51891]},"properties":{"rate_time":0.143}},{"type":"Feature","geometry":{"type":"Point","coordinates":[97.37822,1.51893]},"properties":{"rate_time":0.502}},{"type":"Feature","geometry":{"type":"Point","coordinates":[97.4119,1.51901]},"properties":{"rate_time":0.826}},{"type":"Feature","geometry":{"type":"Point","coordinates":[97.42019,1.51903]},"properties":{"rate_time":0.183}},{"type":"Feature","geometry":{"type":"Point","coordinates":[97.41995,1.51915]},"properties":{"rate_time":0.309}},{"type":"Feature","geometry":{"type":"Point","coordinates":[97.41209,1.5192]},"properties":{"rate_time":0.596}},{"type":"Feature","geometry":{"type":"Point","coordinates":[97.37819,1.5192]},"properties":{"rate_time":0.454}},{"type":"Feature","geometry":{"type":"Point","coordinates":[97.41969,1.51923]},"properties":{"rate_time":0.46}},{"type":"Feature","geometry":{"type":"Point","coordinates":[97.41944,1.51934]},"properties":{"rate_time":0.382}},{"type":"Feature","geometry":{"type":"Point","coordinates":[97.41919,1.51944]},"properties":{"rate_time":0.236}},{"type":"Feature","geometry":{"type":"Point","coordinates":[97.4122,1.51945]},"properties":{"rate_time":0.34}},{"type":"Feature","geometry":{"type":"Point","coordinates":[97.37824,1.51956]},"properties":{"rate_time":0.388}},{"type":"Feature","geometry":{"type":"Point","coordinates":[97.41897,1.51959]},"properties":{"rate_time":0.354}},{"type":"Feature","geometry":{"type":"Point","coordinates":[97.41238,1.51965]},"properties":{"rate_time":0.209}},{"type":"Feature","geometry":{"type":"Point","coordinates":[97.41873,1.51971]},"properties":{"rate_time":0.358}},{"type":"Feature","geometry":{"type":"Point","coordinates":[97.37837,1.5198]},"properties":{"rate_time":0.346}},{"type":"Feature","geometry":{"type":"Point","coordinates":[97.33668,1.51889]},"properties":{"rate_time":1.142}},{"type":"Feature","geometry":{"type":"Point","coordinates":[97.33651,1.5191]},"properties":{"rate_time":1.324}},{"type":"Feature","geometry":{"type":"Point","coordinates":[97.33641,1.51935]},"properties":{"rate_time":1.326}},{"type":"Feature","geometry":{"type":"Point","coordinates":[97.33644,1.51961]},"properties":{"rate_time":0.853}},{"type":"Feature","geometry":{"type":"Point","coordinates":[97.33639,1.51974]},"properties":{"rate_time":0.991}},{"type":"Feature","geometry":{"type":"Point","coordinates":[97.33613,1.51976]},"properties":{"rate_time":1.419}},{"type":"Feature","geometry":{"type":"Point","coordinates":[97.33589,1.51988]},"properties":{"rate_time":4.579}},{"type":"Feature","geometry":{"type":"Point","coordinates":[97.33568,1.52006]},"properties":{"rate_time":4.557}},{"type":"Feature","geometry":{"type":"Point","coordinates":[97.33547,1.52022]},"properties":{"rate_time":4.406}},{"type":"Feature","geometry":{"type":"Point","coordinates":[97.33529,1.52042]},"properties":{"rate_time":2.197}},{"type":"Feature","geometry":{"type":"Point","coordinates":[97.41851,1.51986]},"properties":{"rate_time":0.416}},{"type":"Feature","geometry":{"type":"Point","coordinates":[97.41253,1.51986]},"properties":{"rate_time":0.168}},{"type":"Feature","geometry":{"type":"Point","coordinates":[97.4183,1.52003]},"properties":{"rate_time":0.457}},{"type":"Feature","geometry":{"type":"Point","coordinates":[97.37848,1.52004]},"properties":{"rate_time":0.179}},{"type":"Feature","geometry":{"type":"Point","coordinates":[97.41262,1.52012]},"properties":{"rate_time":0.209}},{"type":"Feature","geometry":{"type":"Point","coordinates":[97.41814,1.52025]},"properties":{"rate_time":0.892}},{"type":"Feature","geometry":{"type":"Point","coordinates":[97.37865,1.52026]},"properties":{"rate_time":0.313}},{"type":"Feature","geometry":{"type":"Point","coordinates":[97.4127,1.52038]},"properties":{"rate_time":0.098}},{"type":"Feature","geometry":{"type":"Point","coordinates":[97.37881,1.52048]},"properties":{"rate_time":0.506}},{"type":"Feature","geometry":{"type":"Point","coordinates":[97.4182,1.52048]},"properties":{"rate_time":1.468}},{"type":"Feature","geometry":{"type":"Point","coordinates":[97.41276,1.52064]},"properties":{"rate_time":0.101}},{"type":"Feature","geometry":{"type":"Point","coordinates":[97.41818,1.52072]},"properties":{"rate_time":2.067}},{"type":"Feature","geometry":{"type":"Point","coordinates":[97.37894,1.52072]},"properties":{"rate_time":0.657}},{"type":"Feature","geometry":{"type":"Point","coordinates":[97.41772,1.52076]},"properties":{"rate_time":0.904}},{"type":"Feature","geometry":{"type":"Point","coordinates":[97.41798,1.52079]},"properties":{"rate_time":1.629}},{"type":"Feature","geometry":{"type":"Point","coordinates":[97.41748,1.52085]},"properties":{"rate_time":0.489}},{"type":"Feature","geometry":{"type":"Point","coordinates":[97.41284,1.5209]},"properties":{"rate_time":0.182}},{"type":"Feature","geometry":{"type":"Point","coordinates":[97.37902,1.52097]},"properties":{"rate_time":0.853}},{"type":"Feature","geometry":{"type":"Point","coordinates":[97.41727,1.52102]},"properties":{"rate_time":0.352}},{"type":"Feature","geometry":{"type":"Point","coordinates":[97.41702,1.52112]},"properties":{"rate_time":0.098}},{"type":"Feature","geometry":{"type":"Point","coordinates":[97.41295,1.52115]},"properties":{"rate_time":0.208}},{"type":"Feature","geometry":{"type":"Point","coordinates":[97.37907,1.52123]},"properties":{"rate_time":1.143}},{"type":"Feature","geometry":{"type":"Point","coordinates":[97.41684,1.52131]},"properties":{"rate_time":0.133}},{"type":"Feature","geometry":{"type":"Point","coordinates":[97.41305,1.5214]},"properties":{"rate_time":0.39}},{"type":"Feature","geometry":{"type":"Point","coordinates":[97.37912,1.52149]},"properties":{"rate_time":1.626}},{"type":"Feature","geometry":{"type":"Point","coordinates":[97.41664,1.5215]},"properties":{"rate_time":0.14}},{"type":"Feature","geometry":{"type":"Point","coordinates":[97.4132,1.52163]},"properties":{"rate_time":0.741}},{"type":"Feature","geometry":{"type":"Point","coordinates":[97.41644,1.52168]},"properties":{"rate_time":0.115}},{"type":"Feature","geometry":{"type":"Point","coordinates":[97.37921,1.52175]},"properties":{"rate_time":2.511}},{"type":"Feature","geometry":{"type":"Point","coordinates":[97.41336,1.52184]},"properties":{"rate_time":0.479}},{"type":"Feature","geometry":{"type":"Point","coordinates":[97.33511,1.52062]},"properties":{"rate_time":2.164}},{"type":"Feature","geometry":{"type":"Point","coordinates":[97.33497,1.52085]},"properties":{"rate_time":2.296}},{"type":"Feature","geometry":{"type":"Point","coordinates":[97.33491,1.52111]},"properties":{"rate_time":2.322}},{"type":"Feature","geometry":{"type":"Point","coordinates":[97.33486,1.52138]},"properties":{"rate_time":2.344}},{"type":"Feature","geometry":{"type":"Point","coordinates":[97.33483,1.52165]},"properties":{"rate_time":3.225}},{"type":"Feature","geometry":{"type":"Point","coordinates":[97.33466,1.52185]},"properties":{"rate_time":2.963}},{"type":"Feature","geometry":{"type":"Point","coordinates":[97.33458,1.52211]},"properties":{"rate_time":2.628}},{"type":"Feature","geometry":{"type":"Point","coordinates":[97.33441,1.52232]},"properties":{"rate_time":2.447}},{"type":"Feature","geometry":{"type":"Point","coordinates":[97.33426,1.52253]},"properties":{"rate_time":2.461}},{"type":"Feature","geometry":{"type":"Point","coordinates":[97.334,1.52259]},"properties":{"rate_time":3.027}},{"type":"Feature","geometry":{"type":"Point","coordinates":[97.41623,1.52185]},"properties":{"rate_time":0.128}},{"type":"Feature","geometry":{"type":"Point","coordinates":[97.37924,1.522]},"properties":{"rate_time":3.019}},{"type":"Feature","geometry":{"type":"Point","coordinates":[97.41601,1.52201]},"properties":{"rate_time":0.095}},{"type":"Feature","geometry":{"type":"Point","coordinates":[97.4135,1.52207]},"properties":{"rate_time":0.992}},{"type":"Feature","geometry":{"type":"Point","coordinates":[97.41579,1.52215]},"properties":{"rate_time":0.134}},{"type":"Feature","geometry":{"type":"Point","coordinates":[97.37857,1.52217]},"properties":{"rate_time":2.085}},{"type":"Feature","geometry":{"type":"Point","coordinates":[97.37916,1.52218]},"properties":{"rate_time":3.209}},{"type":"Feature","geometry":{"type":"Point","coordinates":[97.37882,1.52219]},"properties":{"rate_time":2.536}},{"type":"Feature","geometry":{"type":"Point","coordinates":[97.41554,1.52226]},"properties":{"rate_time":0.132}},{"type":"Feature","geometry":{"type":"Point","coordinates":[97.41369,1.52226]},"properties":{"rate_time":0.621}},{"type":"Feature","geometry":{"type":"Point","coordinates":[97.37833,1.52229]},"properties":{"rate_time":1.738}},{"type":"Feature","geometry":{"type":"Point","coordinates":[97.41528,1.5223]},"properties":{"rate_time":0.106}},{"type":"Feature","geometry":{"type":"Point","coordinates":[97.41501,1.52233]},"properties":{"rate_time":0.244}},{"type":"Feature","geometry":{"type":"Point","coordinates":[97.41474,1.52235]},"properties":{"rate_time":0.326}},{"type":"Feature","geometry":{"type":"Point","coordinates":[97.41393,1.52236]},"properties":{"rate_time":0.235}},{"type":"Feature","geometry":{"type":"Point","coordinates":[97.37901,1.52237]},"properties":{"rate_time":3.175}},{"type":"Feature","geometry":{"type":"Point","coordinates":[97.41447,1.52238]},"properties":{"rate_time":0.186}},{"type":"Feature","geometry":{"type":"Point","coordinates":[97.4142,1.52238]},"properties":{"rate_time":0.08}},{"type":"Feature","geometry":{"type":"Point","coordinates":[97.37808,1.52239]},"properties":{"rate_time":1.464}},{"type":"Feature","geometry":{"type":"Point","coordinates":[97.37789,1.52254]},"properties":{"rate_time":1.386}},{"type":"Feature","geometry":{"type":"Point","coordinates":[97.37775,1.52275]},"properties":{"rate_time":1.694}},{"type":"Feature","geometry":{"type":"Point","coordinates":[97.37749,1.52282]},"properties":{"rate_time":1.527}},{"type":"Feature","geometry":{"type":"Point","coordinates":[97.37723,1.52288]},"properties":{"rate_time":1.338}},{"type":"Feature","geometry":{"type":"Point","coordinates":[97.37698,1.52298]},"properties":{"rate_time":1.138}},{"type":"Feature","geometry":{"type":"Point","coordinates":[97.37674,1.52311]},"properties":{"rate_time":1.0}},{"type":"Feature","geometry":{"type":"Point","coordinates":[97.3765,1.52323]},"properties":{"rate_time":0.958}},{"type":"Feature","geometry":{"type":"Point","coordinates":[97.37628,1.52339]},"properties":{"rate_time":1.047}},{"type":"Feature","geometry":{"type":"Point","coordinates":[97.37604,1.5235]},"properties":{"rate_time":1.057}},{"type":"Feature","geometry":{"type":"Point","coordinates":[97.37581,1.52366]},"properties":{"rate_time":1.055}},{"type":"Feature","geometry":{"type":"Point","coordinates":[97.37556,1.52376]},"properties":{"rate_time":0.925}},{"type":"Feature","geometry":{"type":"Point","coordinates":[97.33373,1.5226]},"properties":{"rate_time":3.411}},{"type":"Feature","geometry":{"type":"Point","coordinates":[97.33369,1.52284]},"properties":{"rate_time":3.45}},{"type":"Feature","geometry":{"type":"Point","coordinates":[97.33383,1.52303]},"properties":{"rate_time":3.141}},{"type":"Feature","geometry":{"type":"Point","coordinates":[97.33404,1.52316]},"properties":{"rate_time":2.446}},{"type":"Feature","geometry":{"type":"Point","coordinates":[97.33404,1.52342]},"properties":{"rate_time":2.507}},{"type":"Feature","geometry":{"type":"Point","coordinates":[97.33404,1.52368]},"properties":{"rate_time":2.473}},{"type":"Feature","geometry":{"type":"Point","coordinates":[97.33415,1.52392]},"properties":{"rate_time":2.322}},{"type":"Feature","geometry":{"type":"Point","coordinates":[97.33426,1.52417]},"properties":{"rate_time":2.411}},{"type":"Feature","geometry":{"type":"Point","coordinates":[97.33432,1.52443]},"properties":{"rate_time":2.642}},{"type":"Feature","geometry":{"type":"Point","coordinates":[97.33441,1.52469]},"properties":{"rate_time":2.927}},{"type":"Feature","geometry":{"type":"Point","coordinates":[97.37534,1.52389]},"properties":{"rate_time":0.978}},{"type":"Feature","geometry":{"type":"Point","coordinates":[97.37511,1.52404]},"properties":{"rate_time":0.922}},{"type":"Feature","geometry":{"type":"Point","coordinates":[97.37489,1.5242]},"properties":{"rate_time":0.805}},{"type":"Feature","geometry":{"type":"Point","coordinates":[97.37466,1.52434]},"properties":{"rate_time":0.742}},{"type":"Feature","geometry":{"type":"Point","coordinates":[97.37446,1.52452]},"properties":{"rate_time":0.749}},{"type":"Feature","geometry":{"type":"Point","coordinates":[97.37428,1.52472]},"properties":{"rate_time":0.904}},{"type":"Feature","geometry":{"type":"Point","coordinates":[97.37409,1.52491]},"properties":{"rate_time":0.797}},{"type":"Feature","geometry":{"type":"Point","coordinates":[97.37386,1.52506]},"properties":{"rate_time":0.783}},{"type":"Feature","geometry":{"type":"Point","coordinates":[97.3737,1.52527]},"properties":{"rate_time":0.977}},{"type":"Feature","geometry":{"type":"Point","coordinates":[97.37366,1.52548]},"properties":{"rate_time":1.402}},{"type":"Feature","geometry":{"type":"Point","coordinates":[97.33448,1.52495]},"properties":{"rate_time":3.382}},{"type":"Feature","geometry":{"type":"Point","coordinates":[97.33455,1.52521]},"properties":{"rate_time":3.98}},{"type":"Feature","geometry":{"type":"Point","coordinates":[97.33459,1.52548]},"properties":{"rate_time":4.365}},{"type":"Feature","geometry":{"type":"Point","coordinates":[97.33469,1.52572]},"properties":{"rate_time":4.641}},{"type":"Feature","geometry":{"type":"Point","coordinates":[97.33486,1.52593]},"properties":{"rate_time":4.582}},{"type":"Feature","geometry":{"type":"Point","coordinates":[97.33493,1.52619]},"properties":{"rate_time":4.356}},{"type":"Feature","geometry":{"type":"Point","coordinates":[97.33494,1.52646]},"properties":{"rate_time":4.186}},{"type":"Feature","geometry":{"type":"Point","coordinates":[97.33485,1.52671]},"properties":{"rate_time":3.322}},{"type":"Feature","geometry":{"type":"Point","coordinates":[97.33485,1.52698]},"properties":{"rate_time":4.079}},{"type":"Feature","geometry":{"type":"Point","coordinates":[97.33494,1.52723]},"properties":{"rate_time":3.815}},{"type":"Feature","geometry":{"type":"Point","coordinates":[97.37385,1.52567]},"properties":{"rate_time":2.223}},{"type":"Feature","geometry":{"type":"Point","coordinates":[97.37377,1.5259]},"properties":{"rate_time":2.685}},{"type":"Feature","geometry":{"type":"Point","coordinates":[97.37284,1.52594]},"properties":{"rate_time":1.024}},{"type":"Feature","geometry":{"type":"Point","coordinates":[97.37309,1.52602]},"properties":{"rate_time":1.72}},{"type":"Feature","geometry":{"type":"Point","coordinates":[97.37358,1.52608]},"properties":{"rate_time":2.777}},{"type":"Feature","geometry":{"type":"Point","coordinates":[97.37266,1.52614]},"properties":{"rate_time":1.116}},{"type":"Feature","geometry":{"type":"Point","coordinates":[97.37333,1.52615]},"properties":{"rate_time":2.452}},{"type":"Feature","geometry":{"type":"Point","coordinates":[97.3725,1.52635]},"properties":{"rate_time":1.13}},{"type":"Feature","geometry":{"type":"Point","coordinates":[97.37234,1.52658]},"properties":{"rate_time":0.947}},{"type":"Feature","geometry":{"type":"Point","coordinates":[97.37221,1.52681]},"properties":{"rate_time":0.978}},{"type":"Feature","geometry":{"type":"Point","coordinates":[97.37209,1.52705]},"properties":{"rate_time":1.062}},{"type":"Feature","geometry":{"type":"Point","coordinates":[97.37198,1.5273]},"properties":{"rate_time":1.14}},{"type":"Feature","geometry":{"type":"Point","coordinates":[97.3719,1.52756]},"properties":{"rate_time":0.971}},{"type":"Feature","geometry":{"type":"Point","coordinates":[97.37177,1.52779]},"properties":{"rate_time":0.932}},{"type":"Feature","geometry":{"type":"Point","coordinates":[97.37167,1.52804]},"properties":{"rate_time":1.068}},{"type":"Feature","geometry":{"type":"Point","coordinates":[97.37157,1.5283]},"properties":{"rate_time":1.149}},{"type":"Feature","geometry":{"type":"Point","coordinates":[97.37146,1.52854]},"properties":{"rate_time":1.304}},{"type":"Feature","geometry":{"type":"Point","coordinates":[97.3714,1.52881]},"properties":{"rate_time":1.454}},{"type":"Feature","geometry":{"type":"Point","coordinates":[97.37132,1.52907]},"properties":{"rate_time":1.586}},{"type":"Feature","geometry":{"type":"Point","coordinates":[97.37121,1.52931]},"properties":{"rate_time":1.654}},{"type":"Feature","geometry":{"type":"Point","coordinates":[97.33499,1.5275]},"properties":{"rate_time":3.795}},{"type":"Feature","geometry":{"type":"Point","coordinates":[97.33502,1.52777]},"properties":{"rate_time":2.236}},{"type":"Feature","geometry":{"type":"Point","coordinates":[97.3351,1.52802]},"properties":{"rate_time":1.979}},{"type":"Feature","geometry":{"type":"Point","coordinates":[97.33504,1.52827]},"properties":{"rate_time":3.336}},{"type":"Feature","geometry":{"type":"Point","coordinates":[97.33498,1.52845]},"properties":{"rate_time":2.352}},{"type":"Feature","geometry":{"type":"Point","coordinates":[97.33517,1.52865]},"properties":{"rate_time":1.722}},{"type":"Feature","geometry":{"type":"Point","coordinates":[97.33536,1.52884]},"properties":{"rate_time":1.369}},{"type":"Feature","geometry":{"type":"Point","coordinates":[97.33552,1.52906]},"properties":{"rate_time":1.315}},{"type":"Feature","geometry":{"type":"Point","coordinates":[97.33569,1.52927]},"properties":{"rate_time":1.122}},{"type":"Feature","geometry":{"type":"Point","coordinates":[97.33586,1.52948]},"properties":{"rate_time":0.832}},{"type":"Feature","geometry":{"type":"Point","coordinates":[97.37113,1.52957]},"properties":{"rate_time":1.876}},{"type":"Feature","geometry":{"type":"Point","coordinates":[97.37108,1.52983]},"properties":{"rate_time":2.147}},{"type":"Feature","geometry":{"type":"Point","coordinates":[97.37096,1.53008]},"properties":{"rate_time":2.673}},{"type":"Feature","geometry":{"type":"Point","coordinates":[97.37075,1.53024]},"properties":{"rate_time":1.738}},{"type":"Feature","geometry":{"type":"Point","coordinates":[97.37064,1.53047]},"properties":{"rate_time":2.005}},{"type":"Feature","geometry":{"type":"Point","coordinates":[97.37055,1.53072]},"properties":{"rate_time":2.768}},{"type":"Feature","geometry":{"type":"Point","coordinates":[97.37039,1.53094]},"properties":{"rate_time":2.473}},{"type":"Feature","geometry":{"type":"Point","coordinates":[97.37022,1.53115]},"properties":{"rate_time":2.193}},{"type":"Feature","geometry":{"type":"Point","coordinates":[97.37006,1.53137]},"properties":{"rate_time":1.885}},{"type":"Feature","geometry":{"type":"Point","coordinates":[97.36989,1.53157]},"properties":{"rate_time":1.859}},{"type":"Feature","geometry":{"type":"Point","coordinates":[97.33594,1.52973]},"properties":{"rate_time":1.105}},{"type":"Feature","geometry":{"type":"Point","coordinates":[97.33596,1.53]},"properties":{"rate_time":0.916}},{"type":"Feature","geometry":{"type":"Point","coordinates":[97.33596,1.53028]},"properties":{"rate_time":0.346}},{"type":"Feature","geometry":{"type":"Point","coordinates":[97.33599,1.53054]},"properties":{"rate_time":0.519}},{"type":"Feature","geometry":{"type":"Point","coordinates":[97.33607,1.5308]},"properties":{"rate_time":0.29}},{"type":"Feature","geometry":{"type":"Point","coordinates":[97.33616,1.53106]},"properties":{"rate_time":0.171}},{"type":"Feature","geometry":{"type":"Point","coordinates":[97.33621,1.53133]},"properties":{"rate_time":0.189}},{"type":"Feature","geometry":{"type":"Point","coordinates":[97.33628,1.53159]},"properties":{"rate_time":0.073}},{"type":"Feature","geometry":{"type":"Point","coordinates":[97.33638,1.53184]},"properties":{"rate_time":-0.07}},{"type":"Feature","geometry":{"type":"Point","coordinates":[97.33648,1.53209]},"properties":{"rate_time":-0.167}},{"type":"Feature","geometry":{"type":"Point","coordinates":[97.36871,1.53165]},"properties":{"rate_time":0.438}},{"type":"Feature","geometry":{"type":"Point","coordinates":[97.36891,1.53173]},"properties":{"rate_time":0.788}},{"type":"Feature","geometry":{"type":"Point","coordinates":[97.36969,1.53176]},"properties":{"rate_time":2.121}},{"type":"Feature","geometry":{"type":"Point","coordinates":[97.36846,1.53177]},"properties":{"rate_time":0.399}},{"type":"Feature","geometry":{"type":"Point","coordinates":[97.36823,1.5319]},"properties":{"rate_time":0.538}},{"type":"Feature","geometry":{"type":"Point","coordinates":[97.3695,1.53195]},"properties":{"rate_time":2.457}},{"type":"Feature","geometry":{"type":"Point","coordinates":[97.36897,1.53199]},"properties":{"rate_time":1.509}},{"type":"Feature","geometry":{"type":"Point","coordinates":[97.36803,1.53207]},"properties":{"rate_time":0.743}},{"type":"Feature","geometry":{"type":"Point","coordinates":[97.36935,1.53218]},"properties":{"rate_time":2.806}},{"type":"Feature","geometry":{"type":"Point","coordinates":[97.36911,1.5322]},"properties":{"rate_time":2.286}},{"type":"Feature","geometry":{"type":"Point","coordinates":[97.36783,1.53222]},"properties":{"rate_time":0.946}},{"type":"Feature","geometry":{"type":"Point","coordinates":[97.36805,1.53237]},"properties":{"rate_time":1.543}},{"type":"Feature","geometry":{"type":"Point","coordinates":[97.3683,1.53242]},"properties":{"rate_time":2.04}},{"type":"Feature","geometry":{"type":"Point","coordinates":[97.36851,1.53259]},"properties":{"rate_time":2.815}},{"type":"Feature","geometry":{"type":"Point","coordinates":[97.36858,1.53281]},"properties":{"rate_time":3.653}},{"type":"Feature","geometry":{"type":"Point","coordinates":[97.3684,1.53301]},"properties":{"rate_time":4.081}},{"type":"Feature","geometry":{"type":"Point","coordinates":[97.36818,1.53316]},"properties":{"rate_time":4.416}},{"type":"Feature","geometry":{"type":"Point","coordinates":[97.36793,1.53328]},"properties":{"rate_time":4.623}},{"type":"Feature","geometry":{"type":"Point","coordinates":[97.3677,1.53341]},"properties":{"rate_time":4.895}},{"type":"Feature","geometry":{"type":"Point","coordinates":[97.36744,1.53348]},"properties":{"rate_time":4.986}},{"type":"Feature","geometry":{"type":"Point","coordinates":[97.33661,1.53233]},"properties":{"rate_time":-0.208}},{"type":"Feature","geometry":{"type":"Point","coordinates":[97.33674,1.53256]},"properties":{"rate_time":-0.067}},{"type":"Feature","geometry":{"type":"Point","coordinates":[97.33688,1.53279]},"properties":{"rate_time":0.244}},{"type":"Feature","geometry":{"type":"Point","coordinates":[97.33706,1.533]},"properties":{"rate_time":0.384}},{"type":"Feature","geometry":{"type":"Point","coordinates":[97.33718,1.53324]},"properties":{"rate_time":0.511}},{"type":"Feature","geometry":{"type":"Point","coordinates":[97.33734,1.53346]},"properties":{"rate_time":0.629}},{"type":"Feature","geometry":{"type":"Point","coordinates":[97.33751,1.53367]},"properties":{"rate_time":0.729}},{"type":"Feature","geometry":{"type":"Point","coordinates":[97.33768,1.53388]},"properties":{"rate_time":0.829}},{"type":"Feature","geometry":{"type":"Point","coordinates":[97.33784,1.5341]},"properties":{"rate_time":1.024}},{"type":"Feature","geometry":{"type":"Point","coordinates":[97.338,1.53431]},"properties":{"rate_time":1.044}},{"type":"Feature","geometry":{"type":"Point","coordinates":[97.36562,1.53357]},"properties":{"rate_time":2.075}},{"type":"Feature","geometry":{"type":"Point","coordinates":[97.36719,1.5336]},"properties":{"rate_time":5.308}},{"type":"Feature","geometry":{"type":"Point","coordinates":[97.36542,1.53365]},"properties":{"rate_time":1.849}},{"type":"Feature","geometry":{"type":"Point","coordinates":[97.36588,1.53366]},"properties":{"rate_time":2.64}},{"type":"Feature","geometry":{"type":"Point","coordinates":[97.36641,1.53367]},"properties":{"rate_time":4.359}},{"type":"Feature","geometry":{"type":"Point","coordinates":[97.36614,1.53368]},"properties":{"rate_time":3.632}},{"type":"Feature","geometry":{"type":"Point","coordinates":[97.36694,1.53369]},"properties":{"rate_time":5.446}},{"type":"Feature","geometry":{"type":"Point","coordinates":[97.36667,1.53372]},"properties":{"rate_time":5.068}},{"type":"Feature","geometry":{"type":"Point","coordinates":[97.36524,1.53385]},"properties":{"rate_time":2.094}},{"type":"Feature","geometry":{"type":"Point","coordinates":[97.36503,1.53403]},"properties":{"rate_time":2.46}},{"type":"Feature","geometry":{"type":"Point","coordinates":[97.36484,1.53421]},"properties":{"rate_time":2.701}},{"type":"Feature","geometry":{"type":"Point","coordinates":[97.36464,1.5344]},"properties":{"rate_time":2.743}},{"type":"Feature","geometry":{"type":"Point","coordinates":[97.36443,1.53457]},"properties":{"rate_time":2.23}},{"type":"Feature","geometry":{"type":"Point","coordinates":[97.36423,1.53475]},"properties":{"rate_time":2.047}},{"type":"Feature","geometry":{"type":"Point","coordinates":[97.36403,1.53493]},"properties":{"rate_time":1.969}},{"type":"Feature","geometry":{"type":"Point","coordinates":[97.36385,1.53513]},"properties":{"rate_time":2.008}},{"type":"Feature","geometry":{"type":"Point","coordinates":[97.36365,1.53532]},"properties":{"rate_time":2.137}},{"type":"Feature","geometry":{"type":"Point","coordinates":[97.36342,1.53545]},"properties":{"rate_time":2.067}},{"type":"Feature","geometry":{"type":"Point","coordinates":[97.36317,1.53557]},"properties":{"rate_time":1.85}},{"type":"Feature","geometry":{"type":"Point","coordinates":[97.36295,1.53572]},"properties":{"rate_time":1.96}},{"type":"Feature","geometry":{"type":"Point","coordinates":[97.33817,1.53452]},"properties":{"rate_time":1.029}},{"type":"Feature","geometry":{"type":"Point","coordinates":[97.33834,1.53473]},"properties":{"rate_time":0.941}},{"type":"Feature","geometry":{"type":"Point","coordinates":[97.33843,1.53499]},"properties":{"rate_time":1.046}},{"type":"Feature","geometry":{"type":"Point","coordinates":[97.33843,1.53525]},"properties":{"rate_time":1.186}},{"type":"Feature","geometry":{"type":"Point","coordinates":[97.33806,1.53542]},"properties":{"rate_time":1.973}},{"type":"Feature","geometry":{"type":"Point","coordinates":[97.33831,1.53549]},"properties":{"rate_time":1.812}},{"type":"Feature","geometry":{"type":"Point","coordinates":[97.33788,1.53559]},"properties":{"rate_time":2.693}},{"type":"Feature","geometry":{"type":"Point","coordinates":[97.3378,1.53582]},"properties":{"rate_time":3.19}},{"type":"Feature","geometry":{"type":"Point","coordinates":[97.33851,1.53603]},"properties":{"rate_time":3.291}},{"type":"Feature","geometry":{"type":"Point","coordinates":[97.33789,1.53607]},"properties":{"rate_time":4.4}},{"type":"Feature","geometry":{"type":"Point","coordinates":[97.33827,1.53615]},"properties":{"rate_time":3.771}},{"type":"Feature","geometry":{"type":"Point","coordinates":[97.33806,1.53627]},"properties":{"rate_time":4.045}},{"type":"Feature","geometry":{"type":"Point","coordinates":[97.33803,1.53629]},"properties":{"rate_time":4.074}},{"type":"Feature","geometry":{"type":"Point","coordinates":[97.33829,1.53639]},"properties":{"rate_time":3.559}},{"type":"Feature","geometry":{"type":"Point","coordinates":[97.33803,1.53656]},"properties":{"rate_time":3.964}},{"type":"Feature","geometry":{"type":"Point","coordinates":[97.33849,1.53657]},"properties":{"rate_time":2.351}},{"type":"Feature","geometry":{"type":"Point","coordinates":[97.33872,1.53672]},"properties":{"rate_time":2.187}},{"type":"Feature","geometry":{"type":"Point","coordinates":[97.33819,1.53678]},"properties":{"rate_time":3.596}},{"type":"Feature","geometry":{"type":"Point","coordinates":[97.33897,1.5368]},"properties":{"rate_time":2.089}},{"type":"Feature","geometry":{"type":"Point","coordinates":[97.3395,1.5368]},"properties":{"rate_time":2.114}},{"type":"Feature","geometry":{"type":"Point","coordinates":[97.36274,1.53588]},"properties":{"rate_time":2.279}},{"type":"Feature","geometry":{"type":"Point","coordinates":[97.36252,1.53605]},"properties":{"rate_time":2.261}},{"type":"Feature","geometry":{"type":"Point","coordinates":[97.36232,1.53623]},"properties":{"rate_time":1.852}},{"type":"Feature","geometry":{"type":"Point","coordinates":[97.36213,1.53642]},"properties":{"rate_time":1.535}},{"type":"Feature","geometry":{"type":"Point","coordinates":[97.36194,1.53661]},"properties":{"rate_time":1.491}},{"type":"Feature","geometry":{"type":"Point","coordinates":[97.36175,1.5368]},"properties":{"rate_time":1.579}},{"type":"Feature","geometry":{"type":"Point","coordinates":[97.36154,1.53698]},"properties":{"rate_time":1.918}},{"type":"Feature","geometry":{"type":"Point","coordinates":[97.36134,1.53716]},"properties":{"rate_time":2.044}},{"type":"Feature","geometry":{"type":"Point","coordinates":[97.36112,1.5373]},"properties":{"rate_time":2.057}},{"type":"Feature","geometry":{"type":"Point","coordinates":[97.36086,1.53733]},"properties":{"rate_time":1.692}},{"type":"Feature","geometry":{"type":"Point","coordinates":[97.33924,1.53683]},"properties":{"rate_time":2.384}},{"type":"Feature","geometry":{"type":"Point","coordinates":[97.33841,1.53693]},"properties":{"rate_time":4.923}},{"type":"Feature","geometry":{"type":"Point","coordinates":[97.33865,1.53705]},"properties":{"rate_time":3.107}},{"type":"Feature","geometry":{"type":"Point","coordinates":[97.3389,1.53715]},"properties":{"rate_time":3.056}},{"type":"Feature","geometry":{"type":"Point","coordinates":[97.3411,1.5372]},"properties":{"rate_time":1.754}},{"type":"Feature","geometry":{"type":"Point","coordinates":[97.34189,1.53723]},"properties":{"rate_time":1.737}},{"type":"Feature","geometry":{"type":"Point","coordinates":[97.34083,1.53723]},"properties":{"rate_time":1.737}},{"type":"Feature","geometry":{"type":"Point","coordinates":[97.34136,1.53725]},"properties":{"rate_time":2.51}},{"type":"Feature","geometry":{"type":"Point","coordinates":[97.33915,1.53725]},"properties":{"rate_time":2.971}},{"type":"Feature","geometry":{"type":"Point","coordinates":[97.34216,1.53725]},"properties":{"rate_time":1.54}},{"type":"Feature","geometry":{"type":"Point","coordinates":[97.34163,1.53726]},"properties":{"rate_time":2.564}},{"type":"Feature","geometry":{"type":"Point","coordinates":[97.34242,1.53733]},"properties":{"rate_time":1.516}},{"type":"Feature","geometry":{"type":"Point","coordinates":[97.34063,1.53736]},"properties":{"rate_time":1.817}},{"type":"Feature","geometry":{"type":"Point","coordinates":[97.3394,1.53736]},"properties":{"rate_time":2.826}},{"type":"Feature","geometry":{"type":"Point","coordinates":[97.33966,1.53741]},"properties":{"rate_time":2.629}},{"type":"Feature","geometry":{"type":"Point","coordinates":[97.34115,1.53744]},"properties":{"rate_time":2.083}},{"type":"Feature","geometry":{"type":"Point","coordinates":[97.34088,1.53744]},"properties":{"rate_time":1.947}},{"type":"Feature","geometry":{"type":"Point","coordinates":[97.34019,1.53745]},"properties":{"rate_time":1.905}},{"type":"Feature","geometry":{"type":"Point","coordinates":[97.34141,1.53746]},"properties":{"rate_time":2.779}},{"type":"Feature","geometry":{"type":"Point","coordinates":[97.33992,1.53746]},"properties":{"rate_time":2.281}},{"type":"Feature","geometry":{"type":"Point","coordinates":[97.36066,1.53742]},"properties":{"rate_time":1.581}},{"type":"Feature","geometry":{"type":"Point","coordinates":[97.36062,1.53768]},"properties":{"rate_time":2.338}},{"type":"Feature","geometry":{"type":"Point","coordinates":[97.36044,1.53788]},"properties":{"rate_time":2.729}},{"type":"Feature","geometry":{"type":"Point","coordinates":[97.3602,1.53801]},"properties":{"rate_time":2.469}},{"type":"Feature","geometry":{"type":"Point","coordinates":[97.35999,1.53816]},"properties":{"rate_time":2.514}},{"type":"Feature","geometry":{"type":"Point","coordinates":[97.35975,1.53828]},"properties":{"rate_time":2.651}},{"type":"Feature","geometry":{"type":"Point","coordinates":[97.35828,1.53836]},"properties":{"rate_time":1.472}},{"type":"Feature","geometry":{"type":"Point","coordinates":[97.3595,1.53837]},"properties":{"rate_time":2.71}},{"type":"Feature","geometry":{"type":"Point","coordinates":[97.35854,1.53837]},"properties":{"rate_time":1.687}},{"type":"Feature","geometry":{"type":"Point","coordinates":[97.35801,1.53839]},"properties":{"rate_time":1.39}},{"type":"Feature","geometry":{"type":"Point","coordinates":[97.34258,1.53754]},"properties":{"rate_time":1.53}},{"type":"Feature","geometry":{"type":"Point","coordinates":[97.34161,1.53761]},"properties":{"rate_time":2.986}},{"type":"Feature","geometry":{"type":"Point","coordinates":[97.34036,1.53766]},"properties":{"rate_time":2.124}},{"type":"Feature","geometry":{"type":"Point","coordinates":[97.3414,1.53775]},"properties":{"rate_time":2.668}},{"type":"Feature","geometry":{"type":"Point","coordinates":[97.3406,1.53777]},"properties":{"rate_time":3.002}},{"type":"Feature","geometry":{"type":"Point","coordinates":[97.34257,1.53779]},"properties":{"rate_time":1.996}},{"type":"Feature","geometry":{"type":"Point","coordinates":[97.34114,1.5378]},"properties":{"rate_time":3.124}},{"type":"Feature","geometry":{"type":"Point","coordinates":[97.34087,1.5378]},"properties":{"rate_time":3.092}},{"type":"Feature","geometry":{"type":"Point","coordinates":[97.34253,1.53806]},"properties":{"rate_time":2.669}},{"type":"Feature","geometry":{"type":"Point","coordinates":[97.34252,1.53833]},"properties":{"rate_time":3.553}},{"type":"Feature","geometry":{"type":"Point","coordinates":[97.35775,1.53845]},"properties":{"rate_time":1.331}},{"type":"Feature","geometry":{"type":"Point","coordinates":[97.35926,1.5385]},"properties":{"rate_time":3.081}},{"type":"Feature","geometry":{"type":"Point","coordinates":[97.35749,1.53853]},"properties":{"rate_time":1.27}},{"type":"Feature","geometry":{"type":"Point","coordinates":[97.35875,1.53854]},"properties":{"rate_time":2.5}},{"type":"Feature","geometry":{"type":"Point","coordinates":[97.35901,1.53858]},"properties":{"rate_time":3.225}},{"type":"Feature","geometry":{"type":"Point","coordinates":[97.35724,1.53862]},"properties":{"rate_time":1.267}},{"type":"Feature","geometry":{"type":"Point","coordinates":[97.35705,1.5388]},"properties":{"rate_time":1.453}},{"type":"Feature","geometry":{"type":"Point","coordinates":[97.35697,1.53905]},"properties":{"rate_time":1.865}},{"type":"Feature","geometry":{"type":"Point","coordinates":[97.35697,1.53932]},"properties":{"rate_time":2.472}},{"type":"Feature","geometry":{"type":"Point","coordinates":[97.35617,1.53935]},"properties":{"rate_time":0.756}},{"type":"Feature","geometry":{"type":"Point","coordinates":[97.34254,1.5386]},"properties":{"rate_time":4.185}},{"type":"Feature","geometry":{"type":"Point","coordinates":[97.3426,1.53886]},"properties":{"rate_time":4.603}},{"type":"Feature","geometry":{"type":"Point","coordinates":[97.34272,1.5391]},"properties":{"rate_time":4.819}},{"type":"Feature","geometry":{"type":"Point","coordinates":[97.34285,1.53934]},"properties":{"rate_time":4.951}},{"type":"Feature","geometry":{"type":"Point","coordinates":[97.34299,1.53957]},"properties":{"rate_time":4.21}},{"type":"Feature","geometry":{"type":"Point","coordinates":[97.3431,1.53982]},"properties":{"rate_time":0.07}},{"type":"Feature","geometry":{"type":"Point","coordinates":[97.34321,1.54007]},"properties":{"rate_time":-0.325}},{"type":"Feature","geometry":{"type":"Point","coordinates":[97.34333,1.54031]},"properties":{"rate_time":-0.675}},{"type":"Feature","geometry":{"type":"Point","coordinates":[97.34352,1.5405]},"properties":{"rate_time":-0.456}},{"type":"Feature","geometry":{"type":"Point","coordinates":[97.34373,1.54066]},"properties":{"rate_time":0.114}},{"type":"Feature","geometry":{"type":"Point","coordinates":[97.35591,1.53939]},"properties":{"rate_time":0.705}},{"type":"Feature","geometry":{"type":"Point","coordinates":[97.35643,1.53941]},"properties":{"rate_time":1.244}},{"type":"Feature","geometry":{"type":"Point","coordinates":[97.35568,1.53951]},"properties":{"rate_time":0.732}},{"type":"Feature","geometry":{"type":"Point","coordinates":[97.35689,1.53957]},"properties":{"rate_time":2.859}},{"type":"Feature","geometry":{"type":"Point","coordinates":[97.35663,1.53958]},"properties":{"rate_time":2.626}},{"type":"Feature","geometry":{"type":"Point","coordinates":[97.35551,1.53972]},"properties":{"rate_time":1.092}},{"type":"Feature","geometry":{"type":"Point","coordinates":[97.35536,1.53995]},"properties":{"rate_time":1.187}},{"type":"Feature","geometry":{"type":"Point","coordinates":[97.35519,1.54015]},"properties":{"rate_time":1.117}},{"type":"Feature","geometry":{"type":"Point","coordinates":[97.35497,1.54029]},"properties":{"rate_time":1.345}},{"type":"Feature","geometry":{"type":"Point","coordinates":[97.35471,1.54031]},"properties":{"rate_time":1.323}},{"type":"Feature","geometry":{"type":"Point","coordinates":[97.35454,1.54052]},"properties":{"rate_time":1.55}},{"type":"Feature","geometry":{"type":"Point","coordinates":[97.35431,1.54058]},"properties":{"rate_time":1.546}},{"type":"Feature","geometry":{"type":"Point","coordinates":[97.35415,1.54068]},"properties":{"rate_time":1.751}},{"type":"Feature","geometry":{"type":"Point","coordinates":[97.35404,1.5408]},"properties":{"rate_time":1.745}},{"type":"Feature","geometry":{"type":"Point","coordinates":[97.35386,1.54086]},"properties":{"rate_time":1.388}},{"type":"Feature","geometry":{"type":"Point","coordinates":[97.35427,1.54089]},"properties":{"rate_time":1.897}},{"type":"Feature","geometry":{"type":"Point","coordinates":[97.35391,1.54112]},"properties":{"rate_time":1.514}},{"type":"Feature","geometry":{"type":"Point","coordinates":[97.35275,1.54131]},"properties":{"rate_time":0.778}},{"type":"Feature","geometry":{"type":"Point","coordinates":[97.35248,1.54133]},"properties":{"rate_time":0.759}},{"type":"Feature","geometry":{"type":"Point","coordinates":[97.35377,1.54133]},"properties":{"rate_time":1.508}},{"type":"Feature","geometry":{"type":"Point","coordinates":[97.344,1.54069]},"properties":{"rate_time":0.496}},{"type":"Feature","geometry":{"type":"Point","coordinates":[97.34426,1.54073]},"properties":{"rate_time":0.574}},{"type":"Feature","geometry":{"type":"Point","coordinates":[97.34452,1.54082]},"properties":{"rate_time":0.658}},{"type":"Feature","geometry":{"type":"Point","coordinates":[97.34475,1.54096]},"properties":{"rate_time":4.674}},{"type":"Feature","geometry":{"type":"Point","coordinates":[97.34501,1.54098]},"properties":{"rate_time":4.149}},{"type":"Feature","geometry":{"type":"Point","coordinates":[97.34527,1.54105]},"properties":{"rate_time":3.887}},{"type":"Feature","geometry":{"type":"Point","coordinates":[97.34549,1.5412]},"properties":{"rate_time":3.966}},{"type":"Feature","geometry":{"type":"Point","coordinates":[97.34573,1.54132]},"properties":{"rate_time":3.931}},{"type":"Feature","geometry":{"type":"Point","coordinates":[97.34599,1.54138]},"properties":{"rate_time":3.69}},{"type":"Feature","geometry":{"type":"Point","coordinates":[97.34621,1.54151]},"properties":{"rate_time":3.97}},{"type":"Feature","geometry":{"type":"Point","coordinates":[97.34911,1.54151]},"properties":{"rate_time":2.165}},{"type":"Feature","geometry":{"type":"Point","coordinates":[97.34938,1.54153]},"properties":{"rate_time":1.542}},{"type":"Feature","geometry":{"type":"Point","coordinates":[97.34884,1.54154]},"properties":{"rate_time":2.719}},{"type":"Feature","geometry":{"type":"Point","coordinates":[97.34964,1.5416]},"properties":{"rate_time":1.07}},{"type":"Feature","geometry":{"type":"Point","coordinates":[97.34858,1.54162]},"properties":{"rate_time":3.395}},{"type":"Feature","geometry":{"type":"Point","coordinates":[97.35098,1.54162]},"properties":{"rate_time":0.766}},{"type":"Feature","geometry":{"type":"Point","coordinates":[97.35071,1.54163]},"properties":{"rate_time":0.871}},{"type":"Feature","geometry":{"type":"Point","coordinates":[97.3499,1.54165]},"properties":{"rate_time":0.731}},{"type":"Feature","geometry":{"type":"Point","coordinates":[97.35017,1.54165]},"properties":{"rate_time":0.602}},{"type":"Feature","geometry":{"type":"Point","coordinates":[97.35044,1.54165]},"properties":{"rate_time":0.814}},{"type":"Feature","geometry":{"type":"Point","coordinates":[97.44474,1.69351]},"properties":{"rate_time":-0.762}},{"type":"Feature","geometry":{"type":"Point","coordinates":[97.44655,1.69356]},"properties":{"rate_time":0.563}},{"type":"Feature","geometry":{"type":"Point","coordinates":[97.44449,1.69359]},"properties":{"rate_time":-1.184}},{"type":"Feature","geometry":{"type":"Point","coordinates":[97.44681,1.69365]},"properties":{"rate_time":0.467}},{"type":"Feature","geometry":{"type":"Point","coordinates":[97.44424,1.69369]},"properties":{"rate_time":-1.511}},{"type":"Feature","geometry":{"type":"Point","coordinates":[97.44706,1.69373]},"properties":{"rate_time":0.673}},{"type":"Feature","geometry":{"type":"Point","coordinates":[97.44732,1.69381]},"properties":{"rate_time":0.723}},{"type":"Feature","geometry":{"type":"Point","coordinates":[97.44404,1.69387]},"properties":{"rate_time":-1.114}},{"type":"Feature","geometry":{"type":"Point","coordinates":[97.44758,1.69389]},"properties":{"rate_time":0.936}},{"type":"Feature","geometry":{"type":"Point","coordinates":[97.44782,1.694]},"properties":{"rate_time":0.827}},{"type":"Feature","geometry":{"type":"Point","coordinates":[97.44389,1.6941]},"properties":{"rate_time":-1.153}},{"type":"Feature","geometry":{"type":"Point","coordinates":[97.44807,1.6941]},"properties":{"rate_time":0.923}},{"type":"Feature","geometry":{"type":"Point","coordinates":[97.44831,1.69423]},"properties":{"rate_time":1.242}},{"type":"Feature","geometry":{"type":"Point","coordinates":[97.44374,1.69432]},"properties":{"rate_time":-1.078}},{"type":"Feature","geometry":{"type":"Point","coordinates":[97.44855,1.69434]},"properties":{"rate_time":1.272}},{"type":"Feature","geometry":{"type":"Point","coordinates":[97.44879,1.69445]},"properties":{"rate_time":1.35}},{"type":"Feature","geometry":{"type":"Point","coordinates":[97.44357,1.69458]},"properties":{"rate_time":-0.941}},{"type":"Feature","geometry":{"type":"Point","coordinates":[97.44899,1.69463]},"properties":{"rate_time":0.76}},{"type":"Feature","geometry":{"type":"Point","coordinates":[97.44342,1.69478]},"properties":{"rate_time":-0.846}},{"type":"Feature","geometry":{"type":"Point","coordinates":[97.44917,1.69483]},"properties":{"rate_time":0.781}},{"type":"Feature","geometry":{"type":"Point","coordinates":[97.44325,1.69499]},"properties":{"rate_time":-1.026}},{"type":"Feature","geometry":{"type":"Point","coordinates":[97.44937,1.69501]},"properties":{"rate_time":0.807}},{"type":"Feature","geometry":{"type":"Point","coordinates":[97.44959,1.69517]},"properties":{"rate_time":0.968}},{"type":"Feature","geometry":{"type":"Point","coordinates":[97.44309,1.69521]},"properties":{"rate_time":-0.693}},{"type":"Feature","geometry":{"type":"Point","coordinates":[97.4498,1.69533]},"properties":{"rate_time":0.915}},{"type":"Feature","geometry":{"type":"Point","coordinates":[97.44293,1.69543]},"properties":{"rate_time":-0.316}},{"type":"Feature","geometry":{"type":"Point","coordinates":[97.44999,1.69553]},"properties":{"rate_time":0.693}},{"type":"Feature","geometry":{"type":"Point","coordinates":[97.44278,1.69565]},"properties":{"rate_time":-0.127}},{"type":"Feature","geometry":{"type":"Point","coordinates":[97.45018,1.69572]},"properties":{"rate_time":1.191}},{"type":"Feature","geometry":{"type":"Point","coordinates":[97.44261,1.69586]},"properties":{"rate_time":-0.023}},{"type":"Feature","geometry":{"type":"Point","coordinates":[97.45036,1.69592]},"properties":{"rate_time":0.445}},{"type":"Feature","geometry":{"type":"Point","coordinates":[97.44244,1.69608]},"properties":{"rate_time":-0.021}},{"type":"Feature","geometry":{"type":"Point","coordinates":[97.4505,1.69615]},"properties":{"rate_time":0.283}},{"type":"Feature","geometry":{"type":"Point","coordinates":[97.4423,1.69631]},"properties":{"rate_time":-0.108}},{"type":"Feature","geometry":{"type":"Point","coordinates":[97.45055,1.69642]},"properties":{"rate_time":-0.351}},{"type":"Feature","geometry":{"type":"Point","coordinates":[97.44211,1.69648]},"properties":{"rate_time":0.026}},{"type":"Feature","geometry":{"type":"Point","coordinates":[97.44187,1.6966]},"properties":{"rate_time":0.222}},{"type":"Feature","geometry":{"type":"Point","coordinates":[97.45064,1.69668]},"properties":{"rate_time":-0.469}},{"type":"Feature","geometry":{"type":"Point","coordinates":[97.44164,1.69674]},"properties":{"rate_time":0.077}},{"type":"Feature","geometry":{"type":"Point","coordinates":[97.44141,1.69689]},"properties":{"rate_time":0.078}},{"type":"Feature","geometry":{"type":"Point","coordinates":[97.45074,1.69693]},"properties":{"rate_time":-0.635}},{"type":"Feature","geometry":{"type":"Point","coordinates":[97.44118,1.69702]},"properties":{"rate_time":0.237}},{"type":"Feature","geometry":{"type":"Point","coordinates":[97.45088,1.69716]},"properties":{"rate_time":-1.045}},{"type":"Feature","geometry":{"type":"Point","coordinates":[97.44098,1.6972]},"properties":{"rate_time":0.087}},{"type":"Feature","geometry":{"type":"Point","coordinates":[97.45104,1.69738]},"properties":{"rate_time":-0.994}},{"type":"Feature","geometry":{"type":"Point","coordinates":[97.44083,1.69743]},"properties":{"rate_time":0.02}},{"type":"Feature","geometry":{"type":"Point","coordinates":[97.45119,1.6976]},"properties":{"rate_time":-0.836}},{"type":"Feature","geometry":{"type":"Point","coordinates":[97.44075,1.69768]},"properties":{"rate_time":-0.121}},{"type":"Feature","geometry":{"type":"Point","coordinates":[97.45138,1.6978]},"properties":{"rate_time":-0.646}},{"type":"Feature","geometry":{"type":"Point","coordinates":[97.44065,1.69794]},"properties":{"rate_time":-0.344}},{"type":"Feature","geometry":{"type":"Point","coordinates":[97.45155,1.698]},"properties":{"rate_time":-0.35}},{"type":"Feature","geometry":{"type":"Point","coordinates":[97.44054,1.69818]},"properties":{"rate_time":-0.055}},{"type":"Feature","geometry":{"type":"Point","coordinates":[97.45172,1.69822]},"properties":{"rate_time":-0.185}},{"type":"Feature","geometry":{"type":"Point","coordinates":[97.44045,1.69844]},"properties":{"rate_time":-0.066}},{"type":"Feature","geometry":{"type":"Point","coordinates":[97.45184,1.69845]},"properties":{"rate_time":-0.136}},{"type":"Feature","geometry":{"type":"Point","coordinates":[97.44035,1.69869]},"properties":{"rate_time":-0.097}},{"type":"Feature","geometry":{"type":"Point","coordinates":[97.45193,1.69871]},"properties":{"rate_time":-0.316}},{"type":"Feature","geometry":{"type":"Point","coordinates":[97.44021,1.69892]},"properties":{"rate_time":-0.059}},{"type":"Feature","geometry":{"type":"Point","coordinates":[97.45203,1.69896]},"properties":{"rate_time":-0.454}},{"type":"Feature","geometry":{"type":"Point","coordinates":[97.45205,1.699]},"properties":{"rate_time":-0.498}},{"type":"Feature","geometry":{"type":"Point","coordinates":[97.4401,1.69917]},"properties":{"rate_time":-0.004}},{"type":"Feature","geometry":{"type":"Point","coordinates":[97.43997,1.69941]},"properties":{"rate_time":0.001}},{"type":"Feature","geometry":{"type":"Point","coordinates":[97.45218,1.69943]},"properties":{"rate_time":-0.757}},{"type":"Feature","geometry":{"type":"Point","coordinates":[97.43988,1.69966]},"properties":{"rate_time":0.036}},{"type":"Feature","geometry":{"type":"Point","coordinates":[97.45231,1.69967]},"properties":{"rate_time":-0.937}},{"type":"Feature","geometry":{"type":"Point","coordinates":[97.43972,1.69988]},"properties":{"rate_time":0.049}},{"type":"Feature","geometry":{"type":"Point","coordinates":[97.45236,1.69993]},"properties":{"rate_time":-1.564}},{"type":"Feature","geometry":{"type":"Point","coordinates":[97.43961,1.69999]},"properties":{"rate_time":-0.332}},{"type":"Feature","geometry":{"type":"Point","coordinates":[97.43941,1.70016]},"properties":{"rate_time":-0.153}},{"type":"Feature","geometry":{"type":"Point","coordinates":[97.45239,1.7002]},"properties":{"rate_time":-1.594}},{"type":"Feature","geometry":{"type":"Point","coordinates":[97.43922,1.70036]},"properties":{"rate_time":-0.097}},{"type":"Feature","geometry":{"type":"Point","coordinates":[97.45238,1.70047]},"properties":{"rate_time":-1.542}},{"type":"Feature","geometry":{"type":"Point","coordinates":[97.43912,1.70066]},"properties":{"rate_time":-0.421}},{"type":"Feature","geometry":{"type":"Point","coordinates":[97.45237,1.70074]},"properties":{"rate_time":-1.41}},{"type":"Feature","geometry":{"type":"Point","coordinates":[97.43914,1.70093]},"properties":{"rate_time":-0.221}},{"type":"Feature","geometry":{"type":"Point","coordinates":[97.45231,1.70101]},"properties":{"rate_time":-1.326}},{"type":"Feature","geometry":{"type":"Point","coordinates":[97.43915,1.7012]},"properties":{"rate_time":-0.082}},{"type":"Feature","geometry":{"type":"Point","coordinates":[97.45218,1.70124]},"properties":{"rate_time":-1.429}},{"type":"Feature","geometry":{"type":"Point","coordinates":[97.43912,1.70147]},"properties":{"rate_time":-0.085}},{"type":"Feature","geometry":{"type":"Point","coordinates":[97.4521,1.7015]},"properties":{"rate_time":-1.455}},{"type":"Feature","geometry":{"type":"Point","coordinates":[97.43907,1.70174]},"properties":{"rate_time":-0.136}},{"type":"Feature","geometry":{"type":"Point","coordinates":[97.45208,1.70177]},"properties":{"rate_time":-1.345}},{"type":"Feature","geometry":{"type":"Point","coordinates":[97.43897,1.70199]},"properties":{"rate_time":-0.139}},{"type":"Feature","geometry":{"type":"Point","coordinates":[97.45207,1.70204]},"properties":{"rate_time":-1.208}},{"type":"Feature","geometry":{"type":"Point","coordinates":[97.43887,1.70224]},"properties":{"rate_time":-0.021}},{"type":"Feature","geometry":{"type":"Point","coordinates":[97.45199,1.7023]},"properties":{"rate_time":-1.162}},{"type":"Feature","geometry":{"type":"Point","coordinates":[97.43877,1.70249]},"properties":{"rate_time":0.064}},{"type":"Feature","geometry":{"type":"Point","coordinates":[97.4519,1.70255]},"properties":{"rate_time":-1.123}},{"type":"Feature","geometry":{"type":"Point","coordinates":[97.43866,1.70274]},"properties":{"rate_time":0.064}},{"type":"Feature","geometry":{"type":"Point","coordinates":[97.45183,1.70282]},"properties":{"rate_time":-0.847}},{"type":"Feature","geometry":{"type":"Point","coordinates":[97.43858,1.703]},"properties":{"rate_time":-0.025}},{"type":"Feature","geometry":{"type":"Point","coordinates":[97.45174,1.70307]},"properties":{"rate_time":-0.684}},{"type":"Feature","geometry":{"type":"Point","coordinates":[97.4385,1.70326]},"properties":{"rate_time":0.186}},{"type":"Feature","geometry":{"type":"Point","coordinates":[97.45162,1.70331]},"properties":{"rate_time":-0.292}},{"type":"Feature","geometry":{"type":"Point","coordinates":[97.45159,1.70338]},"properties":{"rate_time":-0.244}},{"type":"Feature","geometry":{"type":"Point","coordinates":[97.43848,1.70352]},"properties":{"rate_time":0.004}},{"type":"Feature","geometry":{"type":"Point","coordinates":[97.45145,1.70372]},"properties":{"rate_time":-0.397}},{"type":"Feature","geometry":{"type":"Point","coordinates":[97.43857,1.70377]},"properties":{"rate_time":0.03}},{"type":"Feature","geometry":{"type":"Point","coordinates":[97.45132,1.70402]},"properties":{"rate_time":-0.142}},{"type":"Feature","geometry":{"type":"Point","coordinates":[97.43864,1.70403]},"properties":{"rate_time":0.408}},{"type":"Feature","geometry":{"type":"Point","coordinates":[97.13786,1.4334]},"properties":{"rate_time":8.762}},{"type":"Feature","geometry":{"type":"Point","coordinates":[97.12661,1.43341]},"properties":{"rate_time":-0.726}},{"type":"Feature","geometry":{"type":"Point","coordinates":[97.13243,1.43344]},"properties":{"rate_time":-1.211}},{"type":"Feature","geometry":{"type":"Point","coordinates":[97.13941,1.43347]},"properties":{"rate_time":13.378}},{"type":"Feature","geometry":{"type":"Point","coordinates":[97.13841,1.43349]},"properties":{"rate_time":10.235}},{"type":"Feature","geometry":{"type":"Point","coordinates":[97.17053,1.4335]},"properties":{"rate_time":-0.522}},{"type":"Feature","geometry":{"type":"Point","coordinates":[97.12687,1.43351]},"properties":{"rate_time":-0.819}},{"type":"Feature","geometry":{"type":"Point","coordinates":[97.13065,1.43353]},"properties":{"rate_time":-2.893}},{"type":"Feature","geometry":{"type":"Point","coordinates":[97.17493,1.43359]},"properties":{"rate_time":-0.411}},{"type":"Feature","geometry":{"type":"Point","coordinates":[97.12712,1.43361]},"properties":{"rate_time":-0.76}},{"type":"Feature","geometry":{"type":"Point","coordinates":[97.13774,1.43363]},"properties":{"rate_time":8.99}},{"type":"Feature","geometry":{"type":"Point","coordinates":[97.17076,1.43365]},"properties":{"rate_time":-0.578}},{"type":"Feature","geometry":{"type":"Point","coordinates":[97.13922,1.43366]},"properties":{"rate_time":13.058}},{"type":"Feature","geometry":{"type":"Point","coordinates":[97.13256,1.43366]},"properties":{"rate_time":-1.586}},{"type":"Feature","geometry":{"type":"Point","coordinates":[97.12738,1.43368]},"properties":{"rate_time":-0.431}},{"type":"Feature","geometry":{"type":"Point","coordinates":[97.12764,1.43372]},"properties":{"rate_time":-0.288}},{"type":"Feature","geometry":{"type":"Point","coordinates":[97.13852,1.43373]},"properties":{"rate_time":11.003}},{"type":"Feature","geometry":{"type":"Point","coordinates":[97.13082,1.43374]},"properties":{"rate_time":-2.546}},{"type":"Feature","geometry":{"type":"Point","coordinates":[97.12791,1.43374]},"properties":{"rate_time":-0.311}},{"type":"Feature","geometry":{"type":"Point","coordinates":[97.13898,1.43378]},"properties":{"rate_time":12.583}},{"type":"Feature","geometry":{"type":"Point","coordinates":[97.12817,1.43379]},"properties":{"rate_time":-0.607}},{"type":"Feature","geometry":{"type":"Point","coordinates":[97.17476,1.4338]},"properties":{"rate_time":-0.516}},{"type":"Feature","geometry":{"type":"Point","coordinates":[97.17098,1.43381]},"properties":{"rate_time":-0.633}},{"type":"Feature","geometry":{"type":"Point","coordinates":[97.13276,1.43384]},"properties":{"rate_time":-2.199}},{"type":"Feature","geometry":{"type":"Point","coordinates":[97.13872,1.43385]},"properties":{"rate_time":11.885}},{"type":"Feature","geometry":{"type":"Point","coordinates":[97.13771,1.4339]},"properties":{"rate_time":9.554}},{"type":"Feature","geometry":{"type":"Point","coordinates":[97.12842,1.43391]},"properties":{"rate_time":-0.592}},{"type":"Feature","geometry":{"type":"Point","coordinates":[97.13099,1.43394]},"properties":{"rate_time":-2.24}},{"type":"Feature","geometry":{"type":"Point","coordinates":[97.17455,1.43397]},"properties":{"rate_time":-0.35}},{"type":"Feature","geometry":{"type":"Point","coordinates":[97.17119,1.43397]},"properties":{"rate_time":-0.525}},{"type":"Feature","geometry":{"type":"Point","coordinates":[97.12867,1.434]},"properties":{"rate_time":-0.45}},{"type":"Feature","geometry":{"type":"Point","coordinates":[97.13297,1.43402]},"properties":{"rate_time":-4.477}},{"type":"Feature","geometry":{"type":"Point","coordinates":[97.13417,1.43405]},"properties":{"rate_time":9.782}},{"type":"Feature","geometry":{"type":"Point","coordinates":[97.13392,1.43406]},"properties":{"rate_time":10.319}},{"type":"Feature","geometry":{"type":"Point","coordinates":[97.17431,1.43407]},"properties":{"rate_time":-0.376}},{"type":"Feature","geometry":{"type":"Point","coordinates":[97.17142,1.43413]},"properties":{"rate_time":-0.461}},{"type":"Feature","geometry":{"type":"Point","coordinates":[97.12891,1.43413]},"properties":{"rate_time":-0.45}},{"type":"Feature","geometry":{"type":"Point","coordinates":[97.13117,1.43413]},"properties":{"rate_time":-2.054}},{"type":"Feature","geometry":{"type":"Point","coordinates":[97.13764,1.43416]},"properties":{"rate_time":10.36}},{"type":"Feature","geometry":{"type":"Point","coordinates":[97.17406,1.43417]},"properties":{"rate_time":-0.518}},{"type":"Feature","geometry":{"type":"Point","coordinates":[97.13368,1.43418]},"properties":{"rate_time":11.305}},{"type":"Feature","geometry":{"type":"Point","coordinates":[97.13318,1.43418]},"properties":{"rate_time":-5.436}},{"type":"Feature","geometry":{"type":"Point","coordinates":[97.12916,1.43421]},"properties":{"rate_time":-0.543}},{"type":"Feature","geometry":{"type":"Point","coordinates":[97.1738,1.43422]},"properties":{"rate_time":-0.624}},{"type":"Feature","geometry":{"type":"Point","coordinates":[97.12943,1.43424]},"properties":{"rate_time":-0.804}},{"type":"Feature","geometry":{"type":"Point","coordinates":[97.17165,1.43424]},"properties":{"rate_time":-0.439}},{"type":"Feature","geometry":{"type":"Point","coordinates":[97.13433,1.43424]},"properties":{"rate_time":10.221}},{"type":"Feature","geometry":{"type":"Point","coordinates":[97.17353,1.43424]},"properties":{"rate_time":-0.695}},{"type":"Feature","geometry":{"type":"Point","coordinates":[97.1297,1.43425]},"properties":{"rate_time":-2.169}},{"type":"Feature","geometry":{"type":"Point","coordinates":[97.17326,1.43425]},"properties":{"rate_time":-0.724}},{"type":"Feature","geometry":{"type":"Point","coordinates":[97.17272,1.43425]},"properties":{"rate_time":-0.482}},{"type":"Feature","geometry":{"type":"Point","coordinates":[97.17299,1.43425]},"properties":{"rate_time":-0.66}},{"type":"Feature","geometry":{"type":"Point","coordinates":[97.13344,1.43425]},"properties":{"rate_time":9.236}},{"type":"Feature","geometry":{"type":"Point","coordinates":[97.17245,1.43427]},"properties":{"rate_time":-0.382}},{"type":"Feature","geometry":{"type":"Point","coordinates":[97.17192,1.43427]},"properties":{"rate_time":-0.43}},{"type":"Feature","geometry":{"type":"Point","coordinates":[97.17219,1.43428]},"properties":{"rate_time":-0.423}},{"type":"Feature","geometry":{"type":"Point","coordinates":[97.12996,1.4343]},"properties":{"rate_time":-2.338}},{"type":"Feature","geometry":{"type":"Point","coordinates":[97.13122,1.43438]},"properties":{"rate_time":-1.468}},{"type":"Feature","geometry":{"type":"Point","coordinates":[97.13021,1.4344]},"properties":{"rate_time":-1.659}},{"type":"Feature","geometry":{"type":"Point","coordinates":[97.1376,1.43443]},"properties":{"rate_time":11.382}},{"type":"Feature","geometry":{"type":"Point","coordinates":[97.13047,1.43445]},"properties":{"rate_time":-1.579}},{"type":"Feature","geometry":{"type":"Point","coordinates":[97.13444,1.43449]},"properties":{"rate_time":11.058}},{"type":"Feature","geometry":{"type":"Point","coordinates":[97.13073,1.43451]},"properties":{"rate_time":-1.524}},{"type":"Feature","geometry":{"type":"Point","coordinates":[97.131,1.43452]},"properties":{"rate_time":-1.609}},{"type":"Feature","geometry":{"type":"Point","coordinates":[97.13753,1.43469]},"properties":{"rate_time":12.15}},{"type":"Feature","geometry":{"type":"Point","coordinates":[97.13459,1.4347]},"properties":{"rate_time":11.838}},{"type":"Feature","geometry":{"type":"Point","coordinates":[97.13478,1.4349]},"properties":{"rate_time":12.422}},{"type":"Feature","geometry":{"type":"Point","coordinates":[97.13743,1.43494]},"properties":{"rate_time":12.608}},{"type":"Feature","geometry":{"type":"Point","coordinates":[97.13578,1.43498]},"properties":{"rate_time":11.315}},{"type":"Feature","geometry":{"type":"Point","coordinates":[97.13552,1.43505]},"properties":{"rate_time":11.724}},{"type":"Feature","geometry":{"type":"Point","coordinates":[97.135,1.43505]},"properties":{"rate_time":12.852}},{"type":"Feature","geometry":{"type":"Point","coordinates":[97.13595,1.43507]},"properties":{"rate_time":15.093}},{"type":"Feature","geometry":{"type":"Point","coordinates":[97.13525,1.4351]},"properties":{"rate_time":12.897}},{"type":"Feature","geometry":{"type":"Point","coordinates":[97.13723,1.43511]},"properties":{"rate_time":12.982}},{"type":"Feature","geometry":{"type":"Point","coordinates":[97.13702,1.43528]},"properties":{"rate_time":13.346}},{"type":"Feature","geometry":{"type":"Point","coordinates":[97.13587,1.43531]},"properties":{"rate_time":15.904}},{"type":"Feature","geometry":{"type":"Point","coordinates":[97.1368,1.43544]},"properties":{"rate_time":17.255}},{"type":"Feature","geometry":{"type":"Point","coordinates":[97.13577,1.43556]},"properties":{"rate_time":16.857}},{"type":"Feature","geometry":{"type":"Point","coordinates":[97.13656,1.43557]},"properties":{"rate_time":16.803}},{"type":"Feature","geometry":{"type":"Point","coordinates":[97.13632,1.43569]},"properties":{"rate_time":17.286}},{"type":"Feature","geometry":{"type":"Point","coordinates":[97.13584,1.43578]},"properties":{"rate_time":17.75}},{"type":"Feature","geometry":{"type":"Point","coordinates":[97.13608,1.4358]},"properties":{"rate_time":17.73}},{"type":"Feature","geometry":{"type":"Point","coordinates":[97.07956,1.42852]},"properties":{"rate_time":-0.846}},{"type":"Feature","geometry":{"type":"Point","coordinates":[97.08225,1.42852]},"properties":{"rate_time":-0.712}},{"type":"Feature","geometry":{"type":"Point","coordinates":[97.07876,1.42853]},"properties":{"rate_time":-2.306}},{"type":"Feature","geometry":{"type":"Point","coordinates":[97.07903,1.42855]},"properties":{"rate_time":-1.882}},{"type":"Feature","geometry":{"type":"Point","coordinates":[97.08393,1.42855]},"properties":{"rate_time":-0.582}},{"type":"Feature","geometry":{"type":"Point","coordinates":[97.08445,1.4286]},"properties":{"rate_time":-0.911}},{"type":"Feature","geometry":{"type":"Point","coordinates":[97.08493,1.42861]},"properties":{"rate_time":-1.154}},{"type":"Feature","geometry":{"type":"Point","coordinates":[97.0847,1.4287]},"properties":{"rate_time":-0.689}},{"type":"Feature","geometry":{"type":"Point","coordinates":[97.35301,1.54136]},"properties":{"rate_time":0.816}},{"type":"Feature","geometry":{"type":"Point","coordinates":[97.35222,1.5414]},"properties":{"rate_time":0.747}},{"type":"Feature","geometry":{"type":"Point","coordinates":[97.35328,1.54141]},"properties":{"rate_time":0.958}},{"type":"Feature","geometry":{"type":"Point","coordinates":[97.35354,1.54143]},"properties":{"rate_time":1.297}},{"type":"Feature","geometry":{"type":"Point","coordinates":[97.35196,1.54148]},"properties":{"rate_time":0.782}},{"type":"Feature","geometry":{"type":"Point","coordinates":[97.35171,1.54155]},"properties":{"rate_time":1.362}},{"type":"Feature","geometry":{"type":"Point","coordinates":[97.35257,1.5418]},"properties":{"rate_time":2.118}},{"type":"Feature","geometry":{"type":"Point","coordinates":[97.35281,1.54189]},"properties":{"rate_time":2.253}},{"type":"Feature","geometry":{"type":"Point","coordinates":[97.35233,1.54192]},"properties":{"rate_time":2.006}},{"type":"Feature","geometry":{"type":"Point","coordinates":[97.35281,1.54206]},"properties":{"rate_time":2.669}},{"type":"Feature","geometry":{"type":"Point","coordinates":[97.35148,1.54169]},"properties":{"rate_time":1.754}},{"type":"Feature","geometry":{"type":"Point","coordinates":[97.34639,1.5417]},"properties":{"rate_time":4.616}},{"type":"Feature","geometry":{"type":"Point","coordinates":[97.34834,1.54173]},"properties":{"rate_time":3.789}},{"type":"Feature","geometry":{"type":"Point","coordinates":[97.35122,1.54173]},"properties":{"rate_time":1.418}},{"type":"Feature","geometry":{"type":"Point","coordinates":[97.34663,1.54183]},"properties":{"rate_time":4.864}},{"type":"Feature","geometry":{"type":"Point","coordinates":[97.34814,1.54192]},"properties":{"rate_time":4.24}},{"type":"Feature","geometry":{"type":"Point","coordinates":[97.34688,1.54192]},"properties":{"rate_time":5.099}},{"type":"Feature","geometry":{"type":"Point","coordinates":[97.34715,1.54199]},"properties":{"rate_time":5.104}},{"type":"Feature","geometry":{"type":"Point","coordinates":[97.34741,1.54202]},"properties":{"rate_time":4.918}},{"type":"Feature","geometry":{"type":"Point","coordinates":[97.34793,1.54207]},"properties":{"rate_time":4.641}},{"type":"Feature","geometry":{"type":"Point","coordinates":[97.35213,1.54211]},"properties":{"rate_time":2.433}},{"type":"Feature","geometry":{"type":"Point","coordinates":[97.35259,1.5422]},"properties":{"rate_time":4.366}},{"type":"Feature","geometry":{"type":"Point","coordinates":[97.35207,1.54231]},"properties":{"rate_time":2.549}},{"type":"Feature","geometry":{"type":"Point","coordinates":[97.35234,1.54231]},"properties":{"rate_time":2.828}},{"type":"Feature","geometry":{"type":"Point","coordinates":[97.4455,1.69327]},"properties":{"rate_time":0.275}},{"type":"Feature","geometry":{"type":"Point","coordinates":[97.44577,1.69328]},"properties":{"rate_time":0.521}},{"type":"Feature","geometry":{"type":"Point","coordinates":[97.44524,1.69329]},"properties":{"rate_time":0.068}},{"type":"Feature","geometry":{"type":"Point","coordinates":[97.44603,1.69335]},"properties":{"rate_time":0.549}},{"type":"Feature","geometry":{"type":"Point","coordinates":[97.44498,1.69338]},"properties":{"rate_time":-0.062}},{"type":"Feature","geometry":{"type":"Point","coordinates":[97.44629,1.69349]},"properties":{"rate_time":0.518}},{"type":"Feature","geometry":{"type":"Point","coordinates":[97.20441,1.4663]},"properties":{"rate_time":0.578}},{"type":"Feature","geometry":{"type":"Point","coordinates":[97.25462,1.46631]},"properties":{"rate_time":7.884}},{"type":"Feature","geometry":{"type":"Point","coordinates":[97.25516,1.46632]},"properties":{"rate_time":-0.14}},{"type":"Feature","geometry":{"type":"Point","coordinates":[97.25489,1.46633]},"properties":{"rate_time":0.107}},{"type":"Feature","geometry":{"type":"Point","coordinates":[97.20386,1.46644]},"properties":{"rate_time":-0.656}},{"type":"Feature","geometry":{"type":"Point","coordinates":[97.20444,1.46656]},"properties":{"rate_time":-0.046}},{"type":"Feature","geometry":{"type":"Point","coordinates":[97.20406,1.46662]},"properties":{"rate_time":-0.448}},{"type":"Feature","geometry":{"type":"Point","coordinates":[97.20431,1.46672]},"properties":{"rate_time":0.125}},{"type":"Feature","geometry":{"type":"Point","coordinates":[97.34767,1.54209]},"properties":{"rate_time":4.863}},{"type":"Feature","geometry":{"type":"Point","coordinates":[97.44844,1.70677]},"properties":{"rate_time":2.418}},{"type":"Feature","geometry":{"type":"Point","coordinates":[97.44684,1.70681]},"properties":{"rate_time":2.078}},{"type":"Feature","geometry":{"type":"Point","coordinates":[97.44711,1.70683]},"properties":{"rate_time":2.171}},{"type":"Feature","geometry":{"type":"Point","coordinates":[97.44738,1.70684]},"properties":{"rate_time":2.377}},{"type":"Feature","geometry":{"type":"Point","coordinates":[97.44819,1.70686]},"properties":{"rate_time":2.578}},{"type":"Feature","geometry":{"type":"Point","coordinates":[97.44765,1.70687]},"properties":{"rate_time":2.5}},{"type":"Feature","geometry":{"type":"Point","coordinates":[97.44792,1.70687]},"properties":{"rate_time":2.593}},{"type":"Feature","geometry":{"type":"Point","coordinates":[97.45125,1.70428]},"properties":{"rate_time":0.093}},{"type":"Feature","geometry":{"type":"Point","coordinates":[97.43865,1.7043]},"properties":{"rate_time":1.122}},{"type":"Feature","geometry":{"type":"Point","coordinates":[97.45109,1.7045]},"properties":{"rate_time":0.173}},{"type":"Feature","geometry":{"type":"Point","coordinates":[97.43863,1.70457]},"properties":{"rate_time":1.271}},{"type":"Feature","geometry":{"type":"Point","coordinates":[97.45093,1.70472]},"properties":{"rate_time":0.233}},{"type":"Feature","geometry":{"type":"Point","coordinates":[97.43866,1.70484]},"properties":{"rate_time":1.181}},{"type":"Feature","geometry":{"type":"Point","coordinates":[97.45075,1.70492]},"properties":{"rate_time":0.258}},{"type":"Feature","geometry":{"type":"Point","coordinates":[97.43875,1.7051]},"properties":{"rate_time":0.989}},{"type":"Feature","geometry":{"type":"Point","coordinates":[97.45057,1.70512]},"properties":{"rate_time":0.425}},{"type":"Feature","geometry":{"type":"Point","coordinates":[97.44243,1.70514]},"properties":{"rate_time":0.085}},{"type":"Feature","geometry":{"type":"Point","coordinates":[97.4427,1.70514]},"properties":{"rate_time":0.055}},{"type":"Feature","geometry":{"type":"Point","coordinates":[97.44216,1.70516]},"properties":{"rate_time":-0.045}},{"type":"Feature","geometry":{"type":"Point","coordinates":[97.44297,1.70516]},"properties":{"rate_time":-0.02}},{"type":"Feature","geometry":{"type":"Point","coordinates":[97.44324,1.70518]},"properties":{"rate_time":-0.14}},{"type":"Feature","geometry":{"type":"Point","coordinates":[97.4419,1.70519]},"properties":{"rate_time":0.009}},{"type":"Feature","geometry":{"type":"Point","coordinates":[97.44351,1.70521]},"properties":{"rate_time":-0.054}},{"type":"Feature","geometry":{"type":"Point","coordinates":[97.44163,1.70522]},"properties":{"rate_time":-0.103}},{"type":"Feature","geometry":{"type":"Point","coordinates":[97.44136,1.70522]},"properties":{"rate_time":-0.152}},{"type":"Feature","geometry":{"type":"Point","coordinates":[97.44109,1.70524]},"properties":{"rate_time":-0.345}},{"type":"Feature","geometry":{"type":"Point","coordinates":[97.44377,1.70525]},"properties":{"rate_time":0.2}},{"type":"Feature","geometry":{"type":"Point","coordinates":[97.44082,1.70526]},"properties":{"rate_time":-0.641}},{"type":"Feature","geometry":{"type":"Point","coordinates":[97.44055,1.70528]},"properties":{"rate_time":-0.983}},{"type":"Feature","geometry":{"type":"Point","coordinates":[97.45038,1.70531]},"properties":{"rate_time":0.353}},{"type":"Feature","geometry":{"type":"Point","coordinates":[97.44028,1.70531]},"properties":{"rate_time":-1.193}},{"type":"Feature","geometry":{"type":"Point","coordinates":[97.44403,1.70533]},"properties":{"rate_time":0.413}},{"type":"Feature","geometry":{"type":"Point","coordinates":[97.43879,1.70537]},"properties":{"rate_time":0.881}},{"type":"Feature","geometry":{"type":"Point","coordinates":[97.44002,1.70537]},"properties":{"rate_time":-1.343}},{"type":"Feature","geometry":{"type":"Point","coordinates":[97.44439,1.70547]},"properties":{"rate_time":0.556}},{"type":"Feature","geometry":{"type":"Point","coordinates":[97.43977,1.70548]},"properties":{"rate_time":-0.977}},{"type":"Feature","geometry":{"type":"Point","coordinates":[97.45018,1.7055]},"properties":{"rate_time":0.283}},{"type":"Feature","geometry":{"type":"Point","coordinates":[97.4445,1.70551]},"properties":{"rate_time":0.596}},{"type":"Feature","geometry":{"type":"Point","coordinates":[97.43899,1.70555]},"properties":{"rate_time":0.565}},{"type":"Feature","geometry":{"type":"Point","coordinates":[97.43952,1.70556]},"properties":{"rate_time":-0.755}},{"type":"Feature","geometry":{"type":"Point","coordinates":[97.44469,1.70559]},"properties":{"rate_time":1.037}},{"type":"Feature","geometry":{"type":"Point","coordinates":[97.43925,1.70559]},"properties":{"rate_time":-0.158}},{"type":"Feature","geometry":{"type":"Point","coordinates":[97.44998,1.70567]},"properties":{"rate_time":0.185}},{"type":"Feature","geometry":{"type":"Point","coordinates":[97.44491,1.70575]},"properties":{"rate_time":1.154}},{"type":"Feature","geometry":{"type":"Point","coordinates":[97.44976,1.70583]},"properties":{"rate_time":0.133}},{"type":"Feature","geometry":{"type":"Point","coordinates":[97.44515,1.70586]},"properties":{"rate_time":1.272}},{"type":"Feature","geometry":{"type":"Point","coordinates":[97.44953,1.70597]},"properties":{"rate_time":0.298}},{"type":"Feature","geometry":{"type":"Point","coordinates":[97.44539,1.706]},"properties":{"rate_time":1.319}},{"type":"Feature","geometry":{"type":"Point","coordinates":[97.4493,1.70611]},"properties":{"rate_time":0.591}},{"type":"Feature","geometry":{"type":"Point","coordinates":[97.44568,1.70615]},"properties":{"rate_time":1.463}},{"type":"Feature","geometry":{"type":"Point","coordinates":[97.44908,1.70628]},"properties":{"rate_time":1.51}},{"type":"Feature","geometry":{"type":"Point","coordinates":[97.44591,1.70629]},"properties":{"rate_time":1.878}},{"type":"Feature","geometry":{"type":"Point","coordinates":[97.44613,1.70645]},"properties":{"rate_time":1.891}},{"type":"Feature","geometry":{"type":"Point","coordinates":[97.44888,1.70645]},"properties":{"rate_time":1.921}},{"type":"Feature","geometry":{"type":"Point","coordinates":[97.44635,1.7066]},"properties":{"rate_time":1.947}},{"type":"Feature","geometry":{"type":"Point","coordinates":[97.44867,1.70662]},"properties":{"rate_time":2.222}},{"type":"Feature","geometry":{"type":"Point","coordinates":[97.4466,1.7067]},"properties":{"rate_time":2.047}}]}