{"type":"FeatureCollection","features":[{"type":"Feature","geometry":{"type":"Point","coordinates":[104.50379,-1.80896]},"properties":{"rate_time":-0.344}},{"type":"Feature","geometry":{"type":"Point","coordinates":[104.50385,-1.8087]},"properties":{"rate_time":-0.301}},{"type":"Feature","geometry":{"type":"Point","coordinates":[104.50391,-1.80843]},"properties":{"rate_time":-0.286}},{"type":"Feature","geometry":{"type":"Point","coordinates":[104.50396,-1.80816]},"properties":{"rate_time":-0.268}},{"type":"Feature","geometry":{"type":"Point","coordinates":[104.504,-1.8079]},"properties":{"rate_time":-0.273}},{"type":"Feature","geometry":{"type":"Point","coordinates":[104.50406,-1.80763]},"properties":{"rate_time":-0.243}},{"type":"Feature","geometry":{"type":"Point","coordinates":[104.50411,-1.80737]},"properties":{"rate_time":-0.189}},{"type":"Feature","geometry":{"type":"Point","coordinates":[104.50412,-1.80709]},"properties":{"rate_time":-0.197}},{"type":"Feature","geometry":{"type":"Point","coordinates":[104.50413,-1.80682]},"properties":{"rate_time":-0.272}},{"type":"Feature","geometry":{"type":"Point","coordinates":[104.50412,-1.80655]},"properties":{"rate_time":-0.234}},{"type":"Feature","geometry":{"type":"Point","coordinates":[104.51049,-1.80672]},"properties":{"rate_time":-0.959}},{"type":"Feature","geometry":{"type":"Point","coordinates":[104.51022,-1.80671]},"properties":{"rate_time":-0.736}},{"type":"Feature","geometry":{"type":"Point","coordinates":[104.51076,-1.80668]},"properties":{"rate_time":-0.977}},{"type":"Feature","geometry":{"type":"Point","coordinates":[104.50996,-1.80665]},"properties":{"rate_time":-0.617}},{"type":"Feature","geometry":{"type":"Point","coordinates":[104.51102,-1.80662]},"properties":{"rate_time":-1.008}},{"type":"Feature","geometry":{"type":"Point","coordinates":[104.5097,-1.80659]},"properties":{"rate_time":-0.61}},{"type":"Feature","geometry":{"type":"Point","coordinates":[104.51129,-1.80659]},"properties":{"rate_time":-1.147}},{"type":"Feature","geometry":{"type":"Point","coordinates":[104.51155,-1.80656]},"properties":{"rate_time":-1.396}},{"type":"Feature","geometry":{"type":"Point","coordinates":[104.50944,-1.80652]},"properties":{"rate_time":-0.706}},{"type":"Feature","geometry":{"type":"Point","coordinates":[104.5118,-1.80646]},"properties":{"rate_time":-1.514}},{"type":"Feature","geometry":{"type":"Point","coordinates":[104.50919,-1.80641]},"properties":{"rate_time":-0.592}},{"type":"Feature","geometry":{"type":"Point","coordinates":[104.51203,-1.80632]},"properties":{"rate_time":-1.673}},{"type":"Feature","geometry":{"type":"Point","coordinates":[104.50896,-1.80628]},"properties":{"rate_time":-0.484}},{"type":"Feature","geometry":{"type":"Point","coordinates":[104.51228,-1.8062]},"properties":{"rate_time":-1.706}},{"type":"Feature","geometry":{"type":"Point","coordinates":[104.50872,-1.80616]},"properties":{"rate_time":-0.424}},{"type":"Feature","geometry":{"type":"Point","coordinates":[104.5125,-1.80605]},"properties":{"rate_time":-1.842}},{"type":"Feature","geometry":{"type":"Point","coordinates":[104.50848,-1.80603]},"properties":{"rate_time":-0.401}},{"type":"Feature","geometry":{"type":"Point","coordinates":[104.51275,-1.80594]},"properties":{"rate_time":-2.167}},{"type":"Feature","geometry":{"type":"Point","coordinates":[104.50824,-1.80591]},"properties":{"rate_time":-0.319}},{"type":"Feature","geometry":{"type":"Point","coordinates":[104.513,-1.80586]},"properties":{"rate_time":-1.843}},{"type":"Feature","geometry":{"type":"Point","coordinates":[104.50801,-1.80577]},"properties":{"rate_time":-0.171}},{"type":"Feature","geometry":{"type":"Point","coordinates":[104.51325,-1.80576]},"properties":{"rate_time":-1.537}},{"type":"Feature","geometry":{"type":"Point","coordinates":[104.51351,-1.80566]},"properties":{"rate_time":-1.383}},{"type":"Feature","geometry":{"type":"Point","coordinates":[104.5078,-1.80559]},"properties":{"rate_time":-0.243}},{"type":"Feature","geometry":{"type":"Point","coordinates":[104.51375,-1.80555]},"properties":{"rate_time":-1.287}},{"type":"Feature","geometry":{"type":"Point","coordinates":[104.514,-1.80544]},"properties":{"rate_time":-1.276}},{"type":"Feature","geometry":{"type":"Point","coordinates":[104.50761,-1.80541]},"properties":{"rate_time":-0.309}},{"type":"Feature","geometry":{"type":"Point","coordinates":[104.51424,-1.80534]},"properties":{"rate_time":-1.402}},{"type":"Feature","geometry":{"type":"Point","coordinates":[104.5074,-1.80523]},"properties":{"rate_time":-0.347}},{"type":"Feature","geometry":{"type":"Point","coordinates":[104.51447,-1.80519]},"properties":{"rate_time":-1.441}},{"type":"Feature","geometry":{"type":"Point","coordinates":[104.50717,-1.80509]},"properties":{"rate_time":-0.28}},{"type":"Feature","geometry":{"type":"Point","coordinates":[104.51471,-1.80506]},"properties":{"rate_time":-1.587}},{"type":"Feature","geometry":{"type":"Point","coordinates":[104.50697,-1.80491]},"properties":{"rate_time":-0.36}},{"type":"Feature","geometry":{"type":"Point","coordinates":[104.5149,-1.80487]},"properties":{"rate_time":-1.84}},{"type":"Feature","geometry":{"type":"Point","coordinates":[104.50676,-1.80474]},"properties":{"rate_time":-0.425}},{"type":"Feature","geometry":{"type":"Point","coordinates":[104.51507,-1.80466]},"properties":{"rate_time":-2.214}},{"type":"Feature","geometry":{"type":"Point","coordinates":[104.50654,-1.80458]},"properties":{"rate_time":-0.37}},{"type":"Feature","geometry":{"type":"Point","coordinates":[104.50631,-1.80444]},"properties":{"rate_time":-0.406}},{"type":"Feature","geometry":{"type":"Point","coordinates":[104.5152,-1.80443]},"properties":{"rate_time":-2.762}},{"type":"Feature","geometry":{"type":"Point","coordinates":[104.50608,-1.8043]},"properties":{"rate_time":-0.234}},{"type":"Feature","geometry":{"type":"Point","coordinates":[104.51536,-1.80421]},"properties":{"rate_time":-3.462}},{"type":"Feature","geometry":{"type":"Point","coordinates":[104.50588,-1.80412]},"properties":{"rate_time":-0.221}},{"type":"Feature","geometry":{"type":"Point","coordinates":[104.51553,-1.804]},"properties":{"rate_time":-4.161}},{"type":"Feature","geometry":{"type":"Point","coordinates":[104.50568,-1.80394]},"properties":{"rate_time":-0.211}},{"type":"Feature","geometry":{"type":"Point","coordinates":[104.51571,-1.8038]},"properties":{"rate_time":-4.309}},{"type":"Feature","geometry":{"type":"Point","coordinates":[104.50546,-1.80377]},"properties":{"rate_time":-0.181}},{"type":"Feature","geometry":{"type":"Point","coordinates":[104.50524,-1.80362]},"properties":{"rate_time":-0.174}},{"type":"Feature","geometry":{"type":"Point","coordinates":[104.5159,-1.8036]},"properties":{"rate_time":-4.249}},{"type":"Feature","geometry":{"type":"Point","coordinates":[104.50503,-1.80345]},"properties":{"rate_time":-0.178}},{"type":"Feature","geometry":{"type":"Point","coordinates":[104.51609,-1.80341]},"properties":{"rate_time":-3.727}},{"type":"Feature","geometry":{"type":"Point","coordinates":[104.50482,-1.80329]},"properties":{"rate_time":-0.126}},{"type":"Feature","geometry":{"type":"Point","coordinates":[104.51628,-1.80322]},"properties":{"rate_time":-4.054}},{"type":"Feature","geometry":{"type":"Point","coordinates":[104.51648,-1.80303]},"properties":{"rate_time":-4.172}},{"type":"Feature","geometry":{"type":"Point","coordinates":[104.51668,-1.80285]},"properties":{"rate_time":-4.409}},{"type":"Feature","geometry":{"type":"Point","coordinates":[104.51851,-1.80274]},"properties":{"rate_time":-2.7}},{"type":"Feature","geometry":{"type":"Point","coordinates":[104.51824,-1.80274]},"properties":{"rate_time":-2.904}},{"type":"Feature","geometry":{"type":"Point","coordinates":[104.51797,-1.80273]},"properties":{"rate_time":-3.369}},{"type":"Feature","geometry":{"type":"Point","coordinates":[104.51878,-1.80272]},"properties":{"rate_time":-2.736}},{"type":"Feature","geometry":{"type":"Point","coordinates":[104.5177,-1.8027]},"properties":{"rate_time":-4.059}},{"type":"Feature","geometry":{"type":"Point","coordinates":[104.5169,-1.8027]},"properties":{"rate_time":-4.667}},{"type":"Feature","geometry":{"type":"Point","coordinates":[104.51944,-1.80231]},"properties":{"rate_time":-4.95}},{"type":"Feature","geometry":{"type":"Point","coordinates":[104.51967,-1.80217]},"properties":{"rate_time":-4.904}},{"type":"Feature","geometry":{"type":"Point","coordinates":[104.51993,-1.80208]},"properties":{"rate_time":-4.642}},{"type":"Feature","geometry":{"type":"Point","coordinates":[104.52018,-1.802]},"properties":{"rate_time":-4.24}},{"type":"Feature","geometry":{"type":"Point","coordinates":[104.52045,-1.80195]},"properties":{"rate_time":-3.835}},{"type":"Feature","geometry":{"type":"Point","coordinates":[104.52071,-1.8019]},"properties":{"rate_time":-3.717}},{"type":"Feature","geometry":{"type":"Point","coordinates":[104.52094,-1.80176]},"properties":{"rate_time":-4.16}},{"type":"Feature","geometry":{"type":"Point","coordinates":[104.52109,-1.80154]},"properties":{"rate_time":-4.483}},{"type":"Feature","geometry":{"type":"Point","coordinates":[104.52126,-1.80132]},"properties":{"rate_time":-4.553}},{"type":"Feature","geometry":{"type":"Point","coordinates":[104.52142,-1.80111]},"properties":{"rate_time":-4.685}},{"type":"Feature","geometry":{"type":"Point","coordinates":[104.52164,-1.80095]},"properties":{"rate_time":-4.64}},{"type":"Feature","geometry":{"type":"Point","coordinates":[104.52189,-1.80088]},"properties":{"rate_time":-4.469}},{"type":"Feature","geometry":{"type":"Point","coordinates":[104.52216,-1.80084]},"properties":{"rate_time":-4.226}},{"type":"Feature","geometry":{"type":"Point","coordinates":[104.52243,-1.8008]},"properties":{"rate_time":-3.459}},{"type":"Feature","geometry":{"type":"Point","coordinates":[104.52269,-1.80077]},"properties":{"rate_time":-3.253}},{"type":"Feature","geometry":{"type":"Point","coordinates":[104.52296,-1.80073]},"properties":{"rate_time":-3.188}},{"type":"Feature","geometry":{"type":"Point","coordinates":[104.52322,-1.80066]},"properties":{"rate_time":-3.322}},{"type":"Feature","geometry":{"type":"Point","coordinates":[104.52343,-1.80051]},"properties":{"rate_time":-3.702}},{"type":"Feature","geometry":{"type":"Point","coordinates":[104.52362,-1.80031]},"properties":{"rate_time":-4.472}},{"type":"Feature","geometry":{"type":"Point","coordinates":[104.52384,-1.80015]},"properties":{"rate_time":-5.008}},{"type":"Feature","geometry":{"type":"Point","coordinates":[104.52408,-1.80005]},"properties":{"rate_time":-4.859}},{"type":"Feature","geometry":{"type":"Point","coordinates":[104.52431,-1.79991]},"properties":{"rate_time":-4.558}},{"type":"Feature","geometry":{"type":"Point","coordinates":[104.5245,-1.79972]},"properties":{"rate_time":-4.548}},{"type":"Feature","geometry":{"type":"Point","coordinates":[104.52467,-1.79951]},"properties":{"rate_time":-4.722}},{"type":"Feature","geometry":{"type":"Point","coordinates":[104.52484,-1.7993]},"properties":{"rate_time":-4.951}},{"type":"Feature","geometry":{"type":"Point","coordinates":[104.52503,-1.7991]},"properties":{"rate_time":-5.132}},{"type":"Feature","geometry":{"type":"Point","coordinates":[104.52762,-1.79909]},"properties":{"rate_time":-4.017}},{"type":"Feature","geometry":{"type":"Point","coordinates":[104.52737,-1.79899]},"properties":{"rate_time":-4.195}},{"type":"Feature","geometry":{"type":"Point","coordinates":[104.52523,-1.79893]},"properties":{"rate_time":-5.206}},{"type":"Feature","geometry":{"type":"Point","coordinates":[104.52711,-1.79891]},"properties":{"rate_time":-4.333}},{"type":"Feature","geometry":{"type":"Point","coordinates":[104.52997,-1.79834]},"properties":{"rate_time":-6.767}},{"type":"Feature","geometry":{"type":"Point","coordinates":[104.53006,-1.79809]},"properties":{"rate_time":-7.478}},{"type":"Feature","geometry":{"type":"Point","coordinates":[104.53019,-1.79785]},"properties":{"rate_time":-8.089}},{"type":"Feature","geometry":{"type":"Point","coordinates":[104.53032,-1.79761]},"properties":{"rate_time":-8.418}},{"type":"Feature","geometry":{"type":"Point","coordinates":[104.53046,-1.79738]},"properties":{"rate_time":-8.715}},{"type":"Feature","geometry":{"type":"Point","coordinates":[104.53053,-1.79712]},"properties":{"rate_time":-9.066}},{"type":"Feature","geometry":{"type":"Point","coordinates":[104.53061,-1.79686]},"properties":{"rate_time":-9.402}},{"type":"Feature","geometry":{"type":"Point","coordinates":[104.53074,-1.79663]},"properties":{"rate_time":-9.75}},{"type":"Feature","geometry":{"type":"Point","coordinates":[104.53086,-1.79638]},"properties":{"rate_time":-10.109}},{"type":"Feature","geometry":{"type":"Point","coordinates":[104.53098,-1.79614]},"properties":{"rate_time":-10.571}},{"type":"Feature","geometry":{"type":"Point","coordinates":[104.53106,-1.79588]},"properties":{"rate_time":-11.161}},{"type":"Feature","geometry":{"type":"Point","coordinates":[104.53116,-1.79563]},"properties":{"rate_time":-11.743}},{"type":"Feature","geometry":{"type":"Point","coordinates":[104.53129,-1.7954]},"properties":{"rate_time":-12.202}},{"type":"Feature","geometry":{"type":"Point","coordinates":[104.5314,-1.79515]},"properties":{"rate_time":-12.654}},{"type":"Feature","geometry":{"type":"Point","coordinates":[104.53154,-1.79492]},"properties":{"rate_time":-13.147}},{"type":"Feature","geometry":{"type":"Point","coordinates":[104.53164,-1.79467]},"properties":{"rate_time":-13.715}},{"type":"Feature","geometry":{"type":"Point","coordinates":[104.5318,-1.79446]},"properties":{"rate_time":-14.233}},{"type":"Feature","geometry":{"type":"Point","coordinates":[104.53194,-1.79423]},"properties":{"rate_time":-14.714}},{"type":"Feature","geometry":{"type":"Point","coordinates":[104.53209,-1.794]},"properties":{"rate_time":-14.997}},{"type":"Feature","geometry":{"type":"Point","coordinates":[104.53225,-1.79378]},"properties":{"rate_time":-15.036}},{"type":"Feature","geometry":{"type":"Point","coordinates":[104.533,-1.793]},"properties":{"rate_time":-14.532}},{"type":"Feature","geometry":{"type":"Point","coordinates":[104.53321,-1.79284]},"properties":{"rate_time":-14.247}},{"type":"Feature","geometry":{"type":"Point","coordinates":[104.53341,-1.79266]},"properties":{"rate_time":-13.988}},{"type":"Feature","geometry":{"type":"Point","coordinates":[104.53356,-1.79246]},"properties":{"rate_time":-13.806}},{"type":"Feature","geometry":{"type":"Point","coordinates":[104.53362,-1.79222]},"properties":{"rate_time":-13.763}},{"type":"Feature","geometry":{"type":"Point","coordinates":[104.53388,-1.79217]},"properties":{"rate_time":-13.545}},{"type":"Feature","geometry":{"type":"Point","coordinates":[104.53405,-1.79196]},"properties":{"rate_time":-13.428}},{"type":"Feature","geometry":{"type":"Point","coordinates":[104.53416,-1.79172]},"properties":{"rate_time":-13.391}},{"type":"Feature","geometry":{"type":"Point","coordinates":[104.53418,-1.79145]},"properties":{"rate_time":-13.515}},{"type":"Feature","geometry":{"type":"Point","coordinates":[104.53428,-1.7912]},"properties":{"rate_time":-13.596}},{"type":"Feature","geometry":{"type":"Point","coordinates":[104.53436,-1.79094]},"properties":{"rate_time":-13.707}},{"type":"Feature","geometry":{"type":"Point","coordinates":[104.5345,-1.79071]},"properties":{"rate_time":-13.738}},{"type":"Feature","geometry":{"type":"Point","coordinates":[104.53462,-1.79047]},"properties":{"rate_time":-13.808}},{"type":"Feature","geometry":{"type":"Point","coordinates":[104.53476,-1.79024]},"properties":{"rate_time":-13.759}},{"type":"Feature","geometry":{"type":"Point","coordinates":[104.53492,-1.79001]},"properties":{"rate_time":-13.709}},{"type":"Feature","geometry":{"type":"Point","coordinates":[104.53507,-1.78979]},"properties":{"rate_time":-13.695}},{"type":"Feature","geometry":{"type":"Point","coordinates":[104.53524,-1.78958]},"properties":{"rate_time":-13.7}},{"type":"Feature","geometry":{"type":"Point","coordinates":[104.53537,-1.78934]},"properties":{"rate_time":-12.19}},{"type":"Feature","geometry":{"type":"Point","coordinates":[104.53548,-1.78909]},"properties":{"rate_time":-12.241}},{"type":"Feature","geometry":{"type":"Point","coordinates":[104.53563,-1.78887]},"properties":{"rate_time":-12.2}},{"type":"Feature","geometry":{"type":"Point","coordinates":[104.53579,-1.78865]},"properties":{"rate_time":-12.102}},{"type":"Feature","geometry":{"type":"Point","coordinates":[104.53595,-1.78843]},"properties":{"rate_time":-11.969}},{"type":"Feature","geometry":{"type":"Point","coordinates":[104.5361,-1.78821]},"properties":{"rate_time":-11.88}},{"type":"Feature","geometry":{"type":"Point","coordinates":[104.5362,-1.78796]},"properties":{"rate_time":-11.845}},{"type":"Feature","geometry":{"type":"Point","coordinates":[104.53628,-1.7877]},"properties":{"rate_time":-11.984}},{"type":"Feature","geometry":{"type":"Point","coordinates":[104.53643,-1.78748]},"properties":{"rate_time":-11.901}},{"type":"Feature","geometry":{"type":"Point","coordinates":[104.53657,-1.78725]},"properties":{"rate_time":-11.949}},{"type":"Feature","geometry":{"type":"Point","coordinates":[104.53672,-1.78702]},"properties":{"rate_time":-11.682}},{"type":"Feature","geometry":{"type":"Point","coordinates":[104.53682,-1.78677]},"properties":{"rate_time":-11.478}},{"type":"Feature","geometry":{"type":"Point","coordinates":[104.53697,-1.78655]},"properties":{"rate_time":-11.144}},{"type":"Feature","geometry":{"type":"Point","coordinates":[104.53709,-1.7863]},"properties":{"rate_time":-10.945}},{"type":"Feature","geometry":{"type":"Point","coordinates":[104.53725,-1.78608]},"properties":{"rate_time":-10.619}},{"type":"Feature","geometry":{"type":"Point","coordinates":[104.53742,-1.78587]},"properties":{"rate_time":-10.305}},{"type":"Feature","geometry":{"type":"Point","coordinates":[104.53759,-1.78566]},"properties":{"rate_time":-11.572}},{"type":"Feature","geometry":{"type":"Point","coordinates":[104.53776,-1.78546]},"properties":{"rate_time":-11.084}},{"type":"Feature","geometry":{"type":"Point","coordinates":[104.53796,-1.78528]},"properties":{"rate_time":-10.554}},{"type":"Feature","geometry":{"type":"Point","coordinates":[104.53817,-1.7851]},"properties":{"rate_time":-10.025}},{"type":"Feature","geometry":{"type":"Point","coordinates":[104.53838,-1.78493]},"properties":{"rate_time":-9.485}},{"type":"Feature","geometry":{"type":"Point","coordinates":[104.53857,-1.78473]},"properties":{"rate_time":-9.007}},{"type":"Feature","geometry":{"type":"Point","coordinates":[104.53986,-1.78468]},"properties":{"rate_time":-5.535}},{"type":"Feature","geometry":{"type":"Point","coordinates":[104.54355,-1.7853]},"properties":{"rate_time":2.198}},{"type":"Feature","geometry":{"type":"Point","coordinates":[104.54381,-1.78527]},"properties":{"rate_time":1.971}},{"type":"Feature","geometry":{"type":"Point","coordinates":[104.54356,-1.78513]},"properties":{"rate_time":2.027}},{"type":"Feature","geometry":{"type":"Point","coordinates":[104.54412,-1.78507]},"properties":{"rate_time":-0.038}},{"type":"Feature","geometry":{"type":"Point","coordinates":[104.54376,-1.78494]},"properties":{"rate_time":0.458}},{"type":"Feature","geometry":{"type":"Point","coordinates":[104.54436,-1.78493]},"properties":{"rate_time":2.912}},{"type":"Feature","geometry":{"type":"Point","coordinates":[104.54397,-1.78477]},"properties":{"rate_time":0.375}},{"type":"Feature","geometry":{"type":"Point","coordinates":[104.54455,-1.78475]},"properties":{"rate_time":0.892}},{"type":"Feature","geometry":{"type":"Point","coordinates":[104.54418,-1.7846]},"properties":{"rate_time":-0.484}},{"type":"Feature","geometry":{"type":"Point","coordinates":[104.54471,-1.78453]},"properties":{"rate_time":-1.564}},{"type":"Feature","geometry":{"type":"Point","coordinates":[104.54101,-1.78443]},"properties":{"rate_time":-1.94}},{"type":"Feature","geometry":{"type":"Point","coordinates":[104.54438,-1.78442]},"properties":{"rate_time":-1.244}},{"type":"Feature","geometry":{"type":"Point","coordinates":[104.54127,-1.78438]},"properties":{"rate_time":-1.066}},{"type":"Feature","geometry":{"type":"Point","coordinates":[104.54472,-1.78429]},"properties":{"rate_time":-1.314}},{"type":"Feature","geometry":{"type":"Point","coordinates":[104.54149,-1.78423]},"properties":{"rate_time":0.065}},{"type":"Feature","geometry":{"type":"Point","coordinates":[104.54457,-1.78423]},"properties":{"rate_time":-0.928}},{"type":"Feature","geometry":{"type":"Point","coordinates":[104.54175,-1.78414]},"properties":{"rate_time":0.625}},{"type":"Feature","geometry":{"type":"Point","coordinates":[104.54201,-1.78407]},"properties":{"rate_time":1.471}},{"type":"Feature","geometry":{"type":"Point","coordinates":[104.54227,-1.78402]},"properties":{"rate_time":1.702}},{"type":"Feature","geometry":{"type":"Point","coordinates":[104.54254,-1.78397]},"properties":{"rate_time":1.652}},{"type":"Feature","geometry":{"type":"Point","coordinates":[104.5428,-1.78391]},"properties":{"rate_time":1.472}},{"type":"Feature","geometry":{"type":"Point","coordinates":[104.54304,-1.78379]},"properties":{"rate_time":1.241}},{"type":"Feature","geometry":{"type":"Point","coordinates":[104.54329,-1.78369]},"properties":{"rate_time":1.01}},{"type":"Feature","geometry":{"type":"Point","coordinates":[104.54355,-1.78361]},"properties":{"rate_time":1.56}},{"type":"Feature","geometry":{"type":"Point","coordinates":[104.54378,-1.78348]},"properties":{"rate_time":1.703}},{"type":"Feature","geometry":{"type":"Point","coordinates":[104.54403,-1.7834]},"properties":{"rate_time":1.285}},{"type":"Feature","geometry":{"type":"Point","coordinates":[104.54429,-1.78331]},"properties":{"rate_time":1.213}},{"type":"Feature","geometry":{"type":"Point","coordinates":[104.54451,-1.78316]},"properties":{"rate_time":0.488}},{"type":"Feature","geometry":{"type":"Point","coordinates":[104.54471,-1.78298]},"properties":{"rate_time":0.688}},{"type":"Feature","geometry":{"type":"Point","coordinates":[104.54477,-1.78272]},"properties":{"rate_time":1.204}},{"type":"Feature","geometry":{"type":"Point","coordinates":[104.54471,-1.78246]},"properties":{"rate_time":1.026}},{"type":"Feature","geometry":{"type":"Point","coordinates":[104.54453,-1.78226]},"properties":{"rate_time":0.853}},{"type":"Feature","geometry":{"type":"Point","coordinates":[104.54441,-1.78202]},"properties":{"rate_time":0.656}},{"type":"Feature","geometry":{"type":"Point","coordinates":[104.54418,-1.78191]},"properties":{"rate_time":1.791}},{"type":"Feature","geometry":{"type":"Point","coordinates":[104.54401,-1.78172]},"properties":{"rate_time":2.235}},{"type":"Feature","geometry":{"type":"Point","coordinates":[104.54393,-1.78146]},"properties":{"rate_time":2.319}},{"type":"Feature","geometry":{"type":"Point","coordinates":[104.54387,-1.7812]},"properties":{"rate_time":0.174}},{"type":"Feature","geometry":{"type":"Point","coordinates":[104.54378,-1.78095]},"properties":{"rate_time":-0.084}},{"type":"Feature","geometry":{"type":"Point","coordinates":[104.5437,-1.78069]},"properties":{"rate_time":-0.21}},{"type":"Feature","geometry":{"type":"Point","coordinates":[104.54367,-1.78042]},"properties":{"rate_time":-1.66}},{"type":"Feature","geometry":{"type":"Point","coordinates":[104.54371,-1.78016]},"properties":{"rate_time":-1.758}},{"type":"Feature","geometry":{"type":"Point","coordinates":[104.54385,-1.77994]},"properties":{"rate_time":-1.992}},{"type":"Feature","geometry":{"type":"Point","coordinates":[104.5439,-1.77967]},"properties":{"rate_time":-2.344}},{"type":"Feature","geometry":{"type":"Point","coordinates":[104.54392,-1.7794]},"properties":{"rate_time":-1.785}},{"type":"Feature","geometry":{"type":"Point","coordinates":[104.54391,-1.77913]},"properties":{"rate_time":-1.741}},{"type":"Feature","geometry":{"type":"Point","coordinates":[104.54396,-1.77889]},"properties":{"rate_time":-2.511}},{"type":"Feature","geometry":{"type":"Point","coordinates":[104.54414,-1.77868]},"properties":{"rate_time":-2.586}},{"type":"Feature","geometry":{"type":"Point","coordinates":[104.54404,-1.77844]},"properties":{"rate_time":-2.484}},{"type":"Feature","geometry":{"type":"Point","coordinates":[104.54413,-1.77821]},"properties":{"rate_time":-2.523}},{"type":"Feature","geometry":{"type":"Point","coordinates":[104.54416,-1.77794]},"properties":{"rate_time":-2.557}},{"type":"Feature","geometry":{"type":"Point","coordinates":[104.54421,-1.77768]},"properties":{"rate_time":-2.613}},{"type":"Feature","geometry":{"type":"Point","coordinates":[104.54423,-1.77741]},"properties":{"rate_time":-2.859}},{"type":"Feature","geometry":{"type":"Point","coordinates":[104.54424,-1.77714]},"properties":{"rate_time":-3.212}},{"type":"Feature","geometry":{"type":"Point","coordinates":[104.54418,-1.77687]},"properties":{"rate_time":-3.369}},{"type":"Feature","geometry":{"type":"Point","coordinates":[104.54416,-1.77661]},"properties":{"rate_time":-3.627}},{"type":"Feature","geometry":{"type":"Point","coordinates":[104.54414,-1.77634]},"properties":{"rate_time":-3.768}},{"type":"Feature","geometry":{"type":"Point","coordinates":[104.54402,-1.7761]},"properties":{"rate_time":-4.297}},{"type":"Feature","geometry":{"type":"Point","coordinates":[104.54389,-1.77588]},"properties":{"rate_time":-4.134}},{"type":"Feature","geometry":{"type":"Point","coordinates":[104.54386,-1.77561]},"properties":{"rate_time":-4.228}},{"type":"Feature","geometry":{"type":"Point","coordinates":[104.5438,-1.77537]},"properties":{"rate_time":-4.295}},{"type":"Feature","geometry":{"type":"Point","coordinates":[104.54357,-1.77524]},"properties":{"rate_time":-4.378}},{"type":"Feature","geometry":{"type":"Point","coordinates":[104.54358,-1.77499]},"properties":{"rate_time":-4.182}},{"type":"Feature","geometry":{"type":"Point","coordinates":[104.54356,-1.77472]},"properties":{"rate_time":-4.22}},{"type":"Feature","geometry":{"type":"Point","coordinates":[104.54347,-1.77447]},"properties":{"rate_time":-4.239}},{"type":"Feature","geometry":{"type":"Point","coordinates":[104.54339,-1.77421]},"properties":{"rate_time":-4.064}},{"type":"Feature","geometry":{"type":"Point","coordinates":[104.54333,-1.77395]},"properties":{"rate_time":-3.955}},{"type":"Feature","geometry":{"type":"Point","coordinates":[104.54326,-1.77369]},"properties":{"rate_time":-3.971}},{"type":"Feature","geometry":{"type":"Point","coordinates":[104.5433,-1.77344]},"properties":{"rate_time":-3.898}},{"type":"Feature","geometry":{"type":"Point","coordinates":[104.54346,-1.77323]},"properties":{"rate_time":-3.818}},{"type":"Feature","geometry":{"type":"Point","coordinates":[104.54349,-1.77296]},"properties":{"rate_time":-3.584}},{"type":"Feature","geometry":{"type":"Point","coordinates":[104.54356,-1.77271]},"properties":{"rate_time":-3.365}},{"type":"Feature","geometry":{"type":"Point","coordinates":[104.54333,-1.77255]},"properties":{"rate_time":-3.253}},{"type":"Feature","geometry":{"type":"Point","coordinates":[104.54322,-1.77233]},"properties":{"rate_time":-3.096}},{"type":"Feature","geometry":{"type":"Point","coordinates":[104.54329,-1.77208]},"properties":{"rate_time":-2.902}},{"type":"Feature","geometry":{"type":"Point","coordinates":[104.54354,-1.77205]},"properties":{"rate_time":-2.787}},{"type":"Feature","geometry":{"type":"Point","coordinates":[104.54364,-1.77182]},"properties":{"rate_time":-2.552}},{"type":"Feature","geometry":{"type":"Point","coordinates":[104.54368,-1.77156]},"properties":{"rate_time":-2.438}},{"type":"Feature","geometry":{"type":"Point","coordinates":[104.54365,-1.77129]},"properties":{"rate_time":-2.767}},{"type":"Feature","geometry":{"type":"Point","coordinates":[104.54363,-1.77102]},"properties":{"rate_time":-2.879}},{"type":"Feature","geometry":{"type":"Point","coordinates":[104.54363,-1.77075]},"properties":{"rate_time":-2.94}},{"type":"Feature","geometry":{"type":"Point","coordinates":[104.53963,-1.78459]},"properties":{"rate_time":-6.147}},{"type":"Feature","geometry":{"type":"Point","coordinates":[104.54011,-1.78458]},"properties":{"rate_time":-5.366}},{"type":"Feature","geometry":{"type":"Point","coordinates":[104.53876,-1.78455]},"properties":{"rate_time":-8.61}},{"type":"Feature","geometry":{"type":"Point","coordinates":[104.53899,-1.78441]},"properties":{"rate_time":-8.132}},{"type":"Feature","geometry":{"type":"Point","coordinates":[104.54031,-1.78441]},"properties":{"rate_time":-5.23}},{"type":"Feature","geometry":{"type":"Point","coordinates":[104.53944,-1.7844]},"properties":{"rate_time":-7.495}},{"type":"Feature","geometry":{"type":"Point","coordinates":[104.54076,-1.78437]},"properties":{"rate_time":-3.303}},{"type":"Feature","geometry":{"type":"Point","coordinates":[104.53922,-1.78428]},"properties":{"rate_time":-7.637}},{"type":"Feature","geometry":{"type":"Point","coordinates":[104.54054,-1.78427]},"properties":{"rate_time":-3.085}},{"type":"Feature","geometry":{"type":"Point","coordinates":[104.541,-1.75525]},"properties":{"rate_time":-1.108}},{"type":"Feature","geometry":{"type":"Point","coordinates":[104.54361,-1.77048]},"properties":{"rate_time":-2.539}},{"type":"Feature","geometry":{"type":"Point","coordinates":[104.54349,-1.77024]},"properties":{"rate_time":-2.556}},{"type":"Feature","geometry":{"type":"Point","coordinates":[104.54335,-1.77001]},"properties":{"rate_time":-2.739}},{"type":"Feature","geometry":{"type":"Point","coordinates":[104.5432,-1.76979]},"properties":{"rate_time":-2.822}},{"type":"Feature","geometry":{"type":"Point","coordinates":[104.54309,-1.76955]},"properties":{"rate_time":-3.017}},{"type":"Feature","geometry":{"type":"Point","coordinates":[104.54297,-1.76931]},"properties":{"rate_time":-3.032}},{"type":"Feature","geometry":{"type":"Point","coordinates":[104.54286,-1.76907]},"properties":{"rate_time":-3.121}},{"type":"Feature","geometry":{"type":"Point","coordinates":[104.54325,-1.76886]},"properties":{"rate_time":-2.7}},{"type":"Feature","geometry":{"type":"Point","coordinates":[104.54288,-1.76883]},"properties":{"rate_time":-3.219}},{"type":"Feature","geometry":{"type":"Point","coordinates":[104.54324,-1.76879]},"properties":{"rate_time":-2.816}},{"type":"Feature","geometry":{"type":"Point","coordinates":[104.54306,-1.76868]},"properties":{"rate_time":-3.11}},{"type":"Feature","geometry":{"type":"Point","coordinates":[104.54315,-1.76854]},"properties":{"rate_time":-3.101}},{"type":"Feature","geometry":{"type":"Point","coordinates":[104.54314,-1.76827]},"properties":{"rate_time":-3.282}},{"type":"Feature","geometry":{"type":"Point","coordinates":[104.54307,-1.76801]},"properties":{"rate_time":-3.534}},{"type":"Feature","geometry":{"type":"Point","coordinates":[104.54298,-1.76775]},"properties":{"rate_time":-3.38}},{"type":"Feature","geometry":{"type":"Point","coordinates":[104.54288,-1.7675]},"properties":{"rate_time":-3.276}},{"type":"Feature","geometry":{"type":"Point","coordinates":[104.54282,-1.76724]},"properties":{"rate_time":-3.176}},{"type":"Feature","geometry":{"type":"Point","coordinates":[104.5428,-1.76697]},"properties":{"rate_time":-3.202}},{"type":"Feature","geometry":{"type":"Point","coordinates":[104.54277,-1.7667]},"properties":{"rate_time":-3.173}},{"type":"Feature","geometry":{"type":"Point","coordinates":[104.54263,-1.76647]},"properties":{"rate_time":-3.382}},{"type":"Feature","geometry":{"type":"Point","coordinates":[104.54258,-1.7662]},"properties":{"rate_time":-3.297}},{"type":"Feature","geometry":{"type":"Point","coordinates":[104.54254,-1.76593]},"properties":{"rate_time":-3.298}},{"type":"Feature","geometry":{"type":"Point","coordinates":[104.54244,-1.76568]},"properties":{"rate_time":-3.329}},{"type":"Feature","geometry":{"type":"Point","coordinates":[104.54239,-1.76541]},"properties":{"rate_time":-3.312}},{"type":"Feature","geometry":{"type":"Point","coordinates":[104.5424,-1.76514]},"properties":{"rate_time":-3.194}},{"type":"Feature","geometry":{"type":"Point","coordinates":[104.54237,-1.76488]},"properties":{"rate_time":-3.064}},{"type":"Feature","geometry":{"type":"Point","coordinates":[104.54233,-1.76461]},"properties":{"rate_time":-2.92}},{"type":"Feature","geometry":{"type":"Point","coordinates":[104.54229,-1.76434]},"properties":{"rate_time":-2.87}},{"type":"Feature","geometry":{"type":"Point","coordinates":[104.54229,-1.76407]},"properties":{"rate_time":-2.75}},{"type":"Feature","geometry":{"type":"Point","coordinates":[104.54228,-1.7638]},"properties":{"rate_time":-2.732}},{"type":"Feature","geometry":{"type":"Point","coordinates":[104.54225,-1.76353]},"properties":{"rate_time":-2.514}},{"type":"Feature","geometry":{"type":"Point","coordinates":[104.54217,-1.76327]},"properties":{"rate_time":-2.604}},{"type":"Feature","geometry":{"type":"Point","coordinates":[104.54209,-1.76301]},"properties":{"rate_time":-2.624}},{"type":"Feature","geometry":{"type":"Point","coordinates":[104.54206,-1.76274]},"properties":{"rate_time":-2.609}},{"type":"Feature","geometry":{"type":"Point","coordinates":[104.54203,-1.76247]},"properties":{"rate_time":-2.571}},{"type":"Feature","geometry":{"type":"Point","coordinates":[104.54199,-1.7622]},"properties":{"rate_time":-2.448}},{"type":"Feature","geometry":{"type":"Point","coordinates":[104.54201,-1.76194]},"properties":{"rate_time":-2.392}},{"type":"Feature","geometry":{"type":"Point","coordinates":[104.54202,-1.76167]},"properties":{"rate_time":-2.238}},{"type":"Feature","geometry":{"type":"Point","coordinates":[104.542,-1.7614]},"properties":{"rate_time":-2.112}},{"type":"Feature","geometry":{"type":"Point","coordinates":[104.54192,-1.76114]},"properties":{"rate_time":-1.981}},{"type":"Feature","geometry":{"type":"Point","coordinates":[104.53243,-1.79358]},"properties":{"rate_time":-14.967}},{"type":"Feature","geometry":{"type":"Point","coordinates":[104.53261,-1.79338]},"properties":{"rate_time":-14.857}},{"type":"Feature","geometry":{"type":"Point","coordinates":[104.5328,-1.79318]},"properties":{"rate_time":-14.72}},{"type":"Feature","geometry":{"type":"Point","coordinates":[104.53291,-1.7317]},"properties":{"rate_time":-3.181}},{"type":"Feature","geometry":{"type":"Point","coordinates":[104.53284,-1.73144]},"properties":{"rate_time":-3.162}},{"type":"Feature","geometry":{"type":"Point","coordinates":[104.5327,-1.73121]},"properties":{"rate_time":-3.291}},{"type":"Feature","geometry":{"type":"Point","coordinates":[104.53261,-1.73095]},"properties":{"rate_time":-3.32}},{"type":"Feature","geometry":{"type":"Point","coordinates":[104.53249,-1.73071]},"properties":{"rate_time":-3.342}},{"type":"Feature","geometry":{"type":"Point","coordinates":[104.53238,-1.73046]},"properties":{"rate_time":-3.302}},{"type":"Feature","geometry":{"type":"Point","coordinates":[104.53229,-1.73021]},"properties":{"rate_time":-3.386}},{"type":"Feature","geometry":{"type":"Point","coordinates":[104.54186,-1.76087]},"properties":{"rate_time":-1.751}},{"type":"Feature","geometry":{"type":"Point","coordinates":[104.5418,-1.76061]},"properties":{"rate_time":-1.586}},{"type":"Feature","geometry":{"type":"Point","coordinates":[104.54174,-1.76034]},"properties":{"rate_time":-1.509}},{"type":"Feature","geometry":{"type":"Point","coordinates":[104.54173,-1.76007]},"properties":{"rate_time":-1.401}},{"type":"Feature","geometry":{"type":"Point","coordinates":[104.54167,-1.75982]},"properties":{"rate_time":-1.503}},{"type":"Feature","geometry":{"type":"Point","coordinates":[104.54157,-1.75956]},"properties":{"rate_time":-1.35}},{"type":"Feature","geometry":{"type":"Point","coordinates":[104.54152,-1.7593]},"properties":{"rate_time":-1.287}},{"type":"Feature","geometry":{"type":"Point","coordinates":[104.54152,-1.75903]},"properties":{"rate_time":-1.244}},{"type":"Feature","geometry":{"type":"Point","coordinates":[104.54154,-1.75876]},"properties":{"rate_time":-1.228}},{"type":"Feature","geometry":{"type":"Point","coordinates":[104.54154,-1.75849]},"properties":{"rate_time":-1.204}},{"type":"Feature","geometry":{"type":"Point","coordinates":[104.54152,-1.75822]},"properties":{"rate_time":-1.257}},{"type":"Feature","geometry":{"type":"Point","coordinates":[104.5415,-1.75794]},"properties":{"rate_time":-1.298}},{"type":"Feature","geometry":{"type":"Point","coordinates":[104.54146,-1.75768]},"properties":{"rate_time":-1.194}},{"type":"Feature","geometry":{"type":"Point","coordinates":[104.5414,-1.75741]},"properties":{"rate_time":-1.04}},{"type":"Feature","geometry":{"type":"Point","coordinates":[104.5413,-1.75717]},"properties":{"rate_time":-1.079}},{"type":"Feature","geometry":{"type":"Point","coordinates":[104.54129,-1.7569]},"properties":{"rate_time":-0.996}},{"type":"Feature","geometry":{"type":"Point","coordinates":[104.54126,-1.75663]},"properties":{"rate_time":-1.095}},{"type":"Feature","geometry":{"type":"Point","coordinates":[104.54122,-1.75636]},"properties":{"rate_time":-1.022}},{"type":"Feature","geometry":{"type":"Point","coordinates":[104.54122,-1.75609]},"properties":{"rate_time":-0.909}},{"type":"Feature","geometry":{"type":"Point","coordinates":[104.54129,-1.75584]},"properties":{"rate_time":-0.853}},{"type":"Feature","geometry":{"type":"Point","coordinates":[104.54145,-1.75563]},"properties":{"rate_time":-0.79}},{"type":"Feature","geometry":{"type":"Point","coordinates":[104.54145,-1.75536]},"properties":{"rate_time":-0.848}},{"type":"Feature","geometry":{"type":"Point","coordinates":[104.54126,-1.75526]},"properties":{"rate_time":-1.006}},{"type":"Feature","geometry":{"type":"Point","coordinates":[104.54076,-1.75514]},"properties":{"rate_time":-1.04}},{"type":"Feature","geometry":{"type":"Point","coordinates":[104.54061,-1.75493]},"properties":{"rate_time":-1.198}},{"type":"Feature","geometry":{"type":"Point","coordinates":[104.54054,-1.75467]},"properties":{"rate_time":-1.171}},{"type":"Feature","geometry":{"type":"Point","coordinates":[104.54051,-1.7544]},"properties":{"rate_time":-1.153}},{"type":"Feature","geometry":{"type":"Point","coordinates":[104.54043,-1.75415]},"properties":{"rate_time":-0.957}},{"type":"Feature","geometry":{"type":"Point","coordinates":[104.54029,-1.75391]},"properties":{"rate_time":-0.883}},{"type":"Feature","geometry":{"type":"Point","coordinates":[104.54016,-1.75368]},"properties":{"rate_time":-0.759}},{"type":"Feature","geometry":{"type":"Point","coordinates":[104.5406,-1.75352]},"properties":{"rate_time":-1.044}},{"type":"Feature","geometry":{"type":"Point","coordinates":[104.54015,-1.75343]},"properties":{"rate_time":-0.665}},{"type":"Feature","geometry":{"type":"Point","coordinates":[104.5408,-1.75341]},"properties":{"rate_time":-0.422}},{"type":"Feature","geometry":{"type":"Point","coordinates":[104.54038,-1.75336]},"properties":{"rate_time":-0.438}},{"type":"Feature","geometry":{"type":"Point","coordinates":[104.54068,-1.75317]},"properties":{"rate_time":-0.283}},{"type":"Feature","geometry":{"type":"Point","coordinates":[104.54049,-1.75299]},"properties":{"rate_time":-0.587}},{"type":"Feature","geometry":{"type":"Point","coordinates":[104.54029,-1.75282]},"properties":{"rate_time":-0.591}},{"type":"Feature","geometry":{"type":"Point","coordinates":[104.54017,-1.75258]},"properties":{"rate_time":-0.463}},{"type":"Feature","geometry":{"type":"Point","coordinates":[104.54004,-1.75235]},"properties":{"rate_time":-0.393}},{"type":"Feature","geometry":{"type":"Point","coordinates":[104.53995,-1.7521]},"properties":{"rate_time":-0.117}},{"type":"Feature","geometry":{"type":"Point","coordinates":[104.53991,-1.75183]},"properties":{"rate_time":0.045}},{"type":"Feature","geometry":{"type":"Point","coordinates":[104.53983,-1.75157]},"properties":{"rate_time":0.069}},{"type":"Feature","geometry":{"type":"Point","coordinates":[104.53972,-1.75133]},"properties":{"rate_time":0.147}},{"type":"Feature","geometry":{"type":"Point","coordinates":[104.5396,-1.75108]},"properties":{"rate_time":0.006}},{"type":"Feature","geometry":{"type":"Point","coordinates":[104.53948,-1.75084]},"properties":{"rate_time":-0.061}},{"type":"Feature","geometry":{"type":"Point","coordinates":[104.53941,-1.75058]},"properties":{"rate_time":0.037}},{"type":"Feature","geometry":{"type":"Point","coordinates":[104.53935,-1.75031]},"properties":{"rate_time":0.108}},{"type":"Feature","geometry":{"type":"Point","coordinates":[104.53926,-1.75006]},"properties":{"rate_time":0.263}},{"type":"Feature","geometry":{"type":"Point","coordinates":[104.53916,-1.74981]},"properties":{"rate_time":0.328}},{"type":"Feature","geometry":{"type":"Point","coordinates":[104.53907,-1.74955]},"properties":{"rate_time":0.216}},{"type":"Feature","geometry":{"type":"Point","coordinates":[104.53897,-1.7493]},"properties":{"rate_time":0.217}},{"type":"Feature","geometry":{"type":"Point","coordinates":[104.53885,-1.74906]},"properties":{"rate_time":0.167}},{"type":"Feature","geometry":{"type":"Point","coordinates":[104.53879,-1.74879]},"properties":{"rate_time":0.265}},{"type":"Feature","geometry":{"type":"Point","coordinates":[104.53869,-1.74854]},"properties":{"rate_time":0.291}},{"type":"Feature","geometry":{"type":"Point","coordinates":[104.53859,-1.74829]},"properties":{"rate_time":0.326}},{"type":"Feature","geometry":{"type":"Point","coordinates":[104.53851,-1.74803]},"properties":{"rate_time":0.35}},{"type":"Feature","geometry":{"type":"Point","coordinates":[104.53841,-1.74778]},"properties":{"rate_time":0.24}},{"type":"Feature","geometry":{"type":"Point","coordinates":[104.5383,-1.74753]},"properties":{"rate_time":0.426}},{"type":"Feature","geometry":{"type":"Point","coordinates":[104.53822,-1.74727]},"properties":{"rate_time":0.365}},{"type":"Feature","geometry":{"type":"Point","coordinates":[104.53811,-1.74703]},"properties":{"rate_time":0.138}},{"type":"Feature","geometry":{"type":"Point","coordinates":[104.53802,-1.74677]},"properties":{"rate_time":-0.058}},{"type":"Feature","geometry":{"type":"Point","coordinates":[104.53795,-1.74651]},"properties":{"rate_time":-0.069}},{"type":"Feature","geometry":{"type":"Point","coordinates":[104.53784,-1.74626]},"properties":{"rate_time":-0.176}},{"type":"Feature","geometry":{"type":"Point","coordinates":[104.53776,-1.74601]},"properties":{"rate_time":-0.395}},{"type":"Feature","geometry":{"type":"Point","coordinates":[104.5377,-1.74574]},"properties":{"rate_time":-0.471}},{"type":"Feature","geometry":{"type":"Point","coordinates":[104.53762,-1.74548]},"properties":{"rate_time":-0.603}},{"type":"Feature","geometry":{"type":"Point","coordinates":[104.53751,-1.74524]},"properties":{"rate_time":-0.797}},{"type":"Feature","geometry":{"type":"Point","coordinates":[104.53743,-1.74498]},"properties":{"rate_time":-0.762}},{"type":"Feature","geometry":{"type":"Point","coordinates":[104.53733,-1.74473]},"properties":{"rate_time":-0.879}},{"type":"Feature","geometry":{"type":"Point","coordinates":[104.5372,-1.74449]},"properties":{"rate_time":-1.119}},{"type":"Feature","geometry":{"type":"Point","coordinates":[104.53716,-1.74422]},"properties":{"rate_time":-1.122}},{"type":"Feature","geometry":{"type":"Point","coordinates":[104.53706,-1.74397]},"properties":{"rate_time":-1.336}},{"type":"Feature","geometry":{"type":"Point","coordinates":[104.53697,-1.74371]},"properties":{"rate_time":-1.5}},{"type":"Feature","geometry":{"type":"Point","coordinates":[104.53691,-1.74345]},"properties":{"rate_time":-1.616}},{"type":"Feature","geometry":{"type":"Point","coordinates":[104.5368,-1.7432]},"properties":{"rate_time":-1.647}},{"type":"Feature","geometry":{"type":"Point","coordinates":[104.53671,-1.74295]},"properties":{"rate_time":-1.691}},{"type":"Feature","geometry":{"type":"Point","coordinates":[104.53666,-1.74268]},"properties":{"rate_time":-1.757}},{"type":"Feature","geometry":{"type":"Point","coordinates":[104.53659,-1.74242]},"properties":{"rate_time":-1.897}},{"type":"Feature","geometry":{"type":"Point","coordinates":[104.53647,-1.74218]},"properties":{"rate_time":-1.666}},{"type":"Feature","geometry":{"type":"Point","coordinates":[104.53638,-1.74193]},"properties":{"rate_time":-2.235}},{"type":"Feature","geometry":{"type":"Point","coordinates":[104.53631,-1.74166]},"properties":{"rate_time":-2.296}},{"type":"Feature","geometry":{"type":"Point","coordinates":[104.53621,-1.74141]},"properties":{"rate_time":-2.253}},{"type":"Feature","geometry":{"type":"Point","coordinates":[104.53613,-1.74115]},"properties":{"rate_time":-2.438}},{"type":"Feature","geometry":{"type":"Point","coordinates":[104.53606,-1.74089]},"properties":{"rate_time":-2.511}},{"type":"Feature","geometry":{"type":"Point","coordinates":[104.53596,-1.74064]},"properties":{"rate_time":-2.602}},{"type":"Feature","geometry":{"type":"Point","coordinates":[104.53586,-1.74039]},"properties":{"rate_time":-2.638}},{"type":"Feature","geometry":{"type":"Point","coordinates":[104.53578,-1.74013]},"properties":{"rate_time":-2.753}},{"type":"Feature","geometry":{"type":"Point","coordinates":[104.53568,-1.73988]},"properties":{"rate_time":-2.748}},{"type":"Feature","geometry":{"type":"Point","coordinates":[104.53561,-1.73962]},"properties":{"rate_time":-2.723}},{"type":"Feature","geometry":{"type":"Point","coordinates":[104.53555,-1.73935]},"properties":{"rate_time":-2.765}},{"type":"Feature","geometry":{"type":"Point","coordinates":[104.53544,-1.7391]},"properties":{"rate_time":-2.588}},{"type":"Feature","geometry":{"type":"Point","coordinates":[104.53535,-1.73885]},"properties":{"rate_time":-2.568}},{"type":"Feature","geometry":{"type":"Point","coordinates":[104.53526,-1.73859]},"properties":{"rate_time":-3.398}},{"type":"Feature","geometry":{"type":"Point","coordinates":[104.52892,-1.79944]},"properties":{"rate_time":-3.363}},{"type":"Feature","geometry":{"type":"Point","coordinates":[104.52917,-1.79939]},"properties":{"rate_time":-3.379}},{"type":"Feature","geometry":{"type":"Point","coordinates":[104.52866,-1.79936]},"properties":{"rate_time":-3.68}},{"type":"Feature","geometry":{"type":"Point","coordinates":[104.52841,-1.79925]},"properties":{"rate_time":-4.033}},{"type":"Feature","geometry":{"type":"Point","coordinates":[104.52938,-1.79923]},"properties":{"rate_time":-4.221}},{"type":"Feature","geometry":{"type":"Point","coordinates":[104.52815,-1.79919]},"properties":{"rate_time":-4.362}},{"type":"Feature","geometry":{"type":"Point","coordinates":[104.52789,-1.79913]},"properties":{"rate_time":-4.68}},{"type":"Feature","geometry":{"type":"Point","coordinates":[104.52956,-1.79903]},"properties":{"rate_time":-4.975}},{"type":"Feature","geometry":{"type":"Point","coordinates":[104.52974,-1.79882]},"properties":{"rate_time":-5.561}},{"type":"Feature","geometry":{"type":"Point","coordinates":[104.52988,-1.7986]},"properties":{"rate_time":-6.061}},{"type":"Feature","geometry":{"type":"Point","coordinates":[104.52658,-1.79888]},"properties":{"rate_time":-4.257}},{"type":"Feature","geometry":{"type":"Point","coordinates":[104.5255,-1.79888]},"properties":{"rate_time":-4.961}},{"type":"Feature","geometry":{"type":"Point","coordinates":[104.52685,-1.79888]},"properties":{"rate_time":-4.271}},{"type":"Feature","geometry":{"type":"Point","coordinates":[104.52577,-1.79887]},"properties":{"rate_time":-4.709}},{"type":"Feature","geometry":{"type":"Point","coordinates":[104.52631,-1.79886]},"properties":{"rate_time":-4.378}},{"type":"Feature","geometry":{"type":"Point","coordinates":[104.52604,-1.79885]},"properties":{"rate_time":-4.52}},{"type":"Feature","geometry":{"type":"Point","coordinates":[104.52775,-1.72108]},"properties":{"rate_time":-3.052}},{"type":"Feature","geometry":{"type":"Point","coordinates":[104.52767,-1.72083]},"properties":{"rate_time":-2.723}},{"type":"Feature","geometry":{"type":"Point","coordinates":[104.52736,-1.7204]},"properties":{"rate_time":-2.673}},{"type":"Feature","geometry":{"type":"Point","coordinates":[104.52755,-1.72032]},"properties":{"rate_time":-2.472}},{"type":"Feature","geometry":{"type":"Point","coordinates":[104.51743,-1.80267]},"properties":{"rate_time":-4.524}},{"type":"Feature","geometry":{"type":"Point","coordinates":[104.51904,-1.80266]},"properties":{"rate_time":-3.504}},{"type":"Feature","geometry":{"type":"Point","coordinates":[104.51716,-1.80266]},"properties":{"rate_time":-4.721}},{"type":"Feature","geometry":{"type":"Point","coordinates":[104.51924,-1.80248]},"properties":{"rate_time":-4.167}},{"type":"Feature","geometry":{"type":"Point","coordinates":[104.51932,-1.70127]},"properties":{"rate_time":-4.354}},{"type":"Feature","geometry":{"type":"Point","coordinates":[104.51915,-1.70106]},"properties":{"rate_time":-4.609}},{"type":"Feature","geometry":{"type":"Point","coordinates":[104.51898,-1.70085]},"properties":{"rate_time":-4.671}},{"type":"Feature","geometry":{"type":"Point","coordinates":[104.5188,-1.70064]},"properties":{"rate_time":-4.769}},{"type":"Feature","geometry":{"type":"Point","coordinates":[104.51864,-1.70043]},"properties":{"rate_time":-4.83}},{"type":"Feature","geometry":{"type":"Point","coordinates":[104.51847,-1.70022]},"properties":{"rate_time":-4.882}},{"type":"Feature","geometry":{"type":"Point","coordinates":[104.50412,-1.80628]},"properties":{"rate_time":-0.244}},{"type":"Feature","geometry":{"type":"Point","coordinates":[104.50413,-1.80601]},"properties":{"rate_time":-0.198}},{"type":"Feature","geometry":{"type":"Point","coordinates":[104.50408,-1.80574]},"properties":{"rate_time":-0.07}},{"type":"Feature","geometry":{"type":"Point","coordinates":[104.504,-1.80549]},"properties":{"rate_time":0.016}},{"type":"Feature","geometry":{"type":"Point","coordinates":[104.50384,-1.80527]},"properties":{"rate_time":-0.026}},{"type":"Feature","geometry":{"type":"Point","coordinates":[104.50366,-1.80506]},"properties":{"rate_time":0.005}},{"type":"Feature","geometry":{"type":"Point","coordinates":[104.50347,-1.80488]},"properties":{"rate_time":0.036}},{"type":"Feature","geometry":{"type":"Point","coordinates":[104.50327,-1.80469]},"properties":{"rate_time":0.037}},{"type":"Feature","geometry":{"type":"Point","coordinates":[104.50441,-1.68326]},"properties":{"rate_time":-5.135}},{"type":"Feature","geometry":{"type":"Point","coordinates":[104.50425,-1.68305]},"properties":{"rate_time":-4.919}},{"type":"Feature","geometry":{"type":"Point","coordinates":[104.52908,-1.72401]},"properties":{"rate_time":-3.965}},{"type":"Feature","geometry":{"type":"Point","coordinates":[104.52894,-1.72377]},"properties":{"rate_time":-3.786}},{"type":"Feature","geometry":{"type":"Point","coordinates":[104.52883,-1.72353]},"properties":{"rate_time":-3.77}},{"type":"Feature","geometry":{"type":"Point","coordinates":[104.52872,-1.72328]},"properties":{"rate_time":-3.738}},{"type":"Feature","geometry":{"type":"Point","coordinates":[104.52861,-1.72303]},"properties":{"rate_time":-3.612}},{"type":"Feature","geometry":{"type":"Point","coordinates":[104.5286,-1.72276]},"properties":{"rate_time":-3.39}},{"type":"Feature","geometry":{"type":"Point","coordinates":[104.52854,-1.72249]},"properties":{"rate_time":-3.232}},{"type":"Feature","geometry":{"type":"Point","coordinates":[104.52852,-1.72222]},"properties":{"rate_time":-3.146}},{"type":"Feature","geometry":{"type":"Point","coordinates":[104.52825,-1.72208]},"properties":{"rate_time":-3.221}},{"type":"Feature","geometry":{"type":"Point","coordinates":[104.52848,-1.72196]},"properties":{"rate_time":-3.098}},{"type":"Feature","geometry":{"type":"Point","coordinates":[104.52812,-1.72189]},"properties":{"rate_time":-3.377}},{"type":"Feature","geometry":{"type":"Point","coordinates":[104.52807,-1.72164]},"properties":{"rate_time":-3.25}},{"type":"Feature","geometry":{"type":"Point","coordinates":[104.52795,-1.72158]},"properties":{"rate_time":-3.252}},{"type":"Feature","geometry":{"type":"Point","coordinates":[104.52817,-1.72143]},"properties":{"rate_time":-2.795}},{"type":"Feature","geometry":{"type":"Point","coordinates":[104.52822,-1.72141]},"properties":{"rate_time":-2.776}},{"type":"Feature","geometry":{"type":"Point","coordinates":[104.52782,-1.72135]},"properties":{"rate_time":-3.184}},{"type":"Feature","geometry":{"type":"Point","coordinates":[104.52813,-1.72118]},"properties":{"rate_time":-2.765}},{"type":"Feature","geometry":{"type":"Point","coordinates":[104.52826,-1.72114]},"properties":{"rate_time":-2.72}},{"type":"Feature","geometry":{"type":"Point","coordinates":[104.5282,-1.72093]},"properties":{"rate_time":-2.485}},{"type":"Feature","geometry":{"type":"Point","coordinates":[104.52791,-1.72071]},"properties":{"rate_time":-2.512}},{"type":"Feature","geometry":{"type":"Point","coordinates":[104.52988,-1.72064]},"properties":{"rate_time":-3.09}},{"type":"Feature","geometry":{"type":"Point","coordinates":[104.52969,-1.72059]},"properties":{"rate_time":-3.072}},{"type":"Feature","geometry":{"type":"Point","coordinates":[104.52992,-1.72053]},"properties":{"rate_time":-3.022}},{"type":"Feature","geometry":{"type":"Point","coordinates":[104.52791,-1.72052]},"properties":{"rate_time":-2.383}},{"type":"Feature","geometry":{"type":"Point","coordinates":[104.52955,-1.72036]},"properties":{"rate_time":-2.949}},{"type":"Feature","geometry":{"type":"Point","coordinates":[104.53,-1.72027]},"properties":{"rate_time":-2.873}},{"type":"Feature","geometry":{"type":"Point","coordinates":[104.52946,-1.7201]},"properties":{"rate_time":-2.799}},{"type":"Feature","geometry":{"type":"Point","coordinates":[104.53005,-1.72001]},"properties":{"rate_time":-2.747}},{"type":"Feature","geometry":{"type":"Point","coordinates":[104.52936,-1.71985]},"properties":{"rate_time":-2.599}},{"type":"Feature","geometry":{"type":"Point","coordinates":[104.53003,-1.71974]},"properties":{"rate_time":-2.643}},{"type":"Feature","geometry":{"type":"Point","coordinates":[104.52774,-1.72032]},"properties":{"rate_time":-2.329}},{"type":"Feature","geometry":{"type":"Point","coordinates":[104.52715,-1.72023]},"properties":{"rate_time":-2.827}},{"type":"Feature","geometry":{"type":"Point","coordinates":[104.52704,-1.71998]},"properties":{"rate_time":-2.749}},{"type":"Feature","geometry":{"type":"Point","coordinates":[104.52691,-1.71974]},"properties":{"rate_time":-2.676}},{"type":"Feature","geometry":{"type":"Point","coordinates":[104.52676,-1.71953]},"properties":{"rate_time":-2.561}},{"type":"Feature","geometry":{"type":"Point","coordinates":[104.52667,-1.71927]},"properties":{"rate_time":-2.538}},{"type":"Feature","geometry":{"type":"Point","coordinates":[104.52652,-1.71905]},"properties":{"rate_time":-2.617}},{"type":"Feature","geometry":{"type":"Point","coordinates":[104.52633,-1.71885]},"properties":{"rate_time":-2.755}},{"type":"Feature","geometry":{"type":"Point","coordinates":[104.52617,-1.71864]},"properties":{"rate_time":-2.724}},{"type":"Feature","geometry":{"type":"Point","coordinates":[104.526,-1.71842]},"properties":{"rate_time":-2.83}},{"type":"Feature","geometry":{"type":"Point","coordinates":[104.52889,-1.7183]},"properties":{"rate_time":-2.755}},{"type":"Feature","geometry":{"type":"Point","coordinates":[104.5297,-1.71816]},"properties":{"rate_time":-2.824}},{"type":"Feature","geometry":{"type":"Point","coordinates":[104.5288,-1.71805]},"properties":{"rate_time":-2.674}},{"type":"Feature","geometry":{"type":"Point","coordinates":[104.52965,-1.71789]},"properties":{"rate_time":-2.794}},{"type":"Feature","geometry":{"type":"Point","coordinates":[104.5287,-1.7178]},"properties":{"rate_time":-2.622}},{"type":"Feature","geometry":{"type":"Point","coordinates":[104.5296,-1.71762]},"properties":{"rate_time":-2.749}},{"type":"Feature","geometry":{"type":"Point","coordinates":[104.5286,-1.71755]},"properties":{"rate_time":-1.362}},{"type":"Feature","geometry":{"type":"Point","coordinates":[104.52948,-1.71738]},"properties":{"rate_time":-2.679}},{"type":"Feature","geometry":{"type":"Point","coordinates":[104.5285,-1.71731]},"properties":{"rate_time":-1.51}},{"type":"Feature","geometry":{"type":"Point","coordinates":[104.52936,-1.71714]},"properties":{"rate_time":-2.646}},{"type":"Feature","geometry":{"type":"Point","coordinates":[104.52583,-1.71821]},"properties":{"rate_time":-2.849}},{"type":"Feature","geometry":{"type":"Point","coordinates":[104.52563,-1.71804]},"properties":{"rate_time":-2.926}},{"type":"Feature","geometry":{"type":"Point","coordinates":[104.52542,-1.71786]},"properties":{"rate_time":-2.952}},{"type":"Feature","geometry":{"type":"Point","coordinates":[104.5252,-1.71771]},"properties":{"rate_time":-3.114}},{"type":"Feature","geometry":{"type":"Point","coordinates":[104.52497,-1.71756]},"properties":{"rate_time":-3.335}},{"type":"Feature","geometry":{"type":"Point","coordinates":[104.52477,-1.71738]},"properties":{"rate_time":-3.491}},{"type":"Feature","geometry":{"type":"Point","coordinates":[104.52454,-1.71725]},"properties":{"rate_time":-3.695}},{"type":"Feature","geometry":{"type":"Point","coordinates":[104.52432,-1.71709]},"properties":{"rate_time":-3.889}},{"type":"Feature","geometry":{"type":"Point","coordinates":[104.52411,-1.71692]},"properties":{"rate_time":-4.16}},{"type":"Feature","geometry":{"type":"Point","coordinates":[104.52389,-1.71677]},"properties":{"rate_time":-4.428}},{"type":"Feature","geometry":{"type":"Point","coordinates":[104.53516,-1.73834]},"properties":{"rate_time":-3.303}},{"type":"Feature","geometry":{"type":"Point","coordinates":[104.53509,-1.73808]},"properties":{"rate_time":-3.074}},{"type":"Feature","geometry":{"type":"Point","coordinates":[104.53504,-1.73781]},"properties":{"rate_time":-2.862}},{"type":"Feature","geometry":{"type":"Point","coordinates":[104.535,-1.73755]},"properties":{"rate_time":-2.807}},{"type":"Feature","geometry":{"type":"Point","coordinates":[104.53496,-1.73728]},"properties":{"rate_time":-2.795}},{"type":"Feature","geometry":{"type":"Point","coordinates":[104.53486,-1.73702]},"properties":{"rate_time":-2.95}},{"type":"Feature","geometry":{"type":"Point","coordinates":[104.53476,-1.73677]},"properties":{"rate_time":-2.919}},{"type":"Feature","geometry":{"type":"Point","coordinates":[104.53465,-1.73652]},"properties":{"rate_time":-2.841}},{"type":"Feature","geometry":{"type":"Point","coordinates":[104.53455,-1.73627]},"properties":{"rate_time":-2.785}},{"type":"Feature","geometry":{"type":"Point","coordinates":[104.53446,-1.73602]},"properties":{"rate_time":-2.84}},{"type":"Feature","geometry":{"type":"Point","coordinates":[104.53434,-1.73578]},"properties":{"rate_time":-3.039}},{"type":"Feature","geometry":{"type":"Point","coordinates":[104.53425,-1.73552]},"properties":{"rate_time":-3.1}},{"type":"Feature","geometry":{"type":"Point","coordinates":[104.53417,-1.73526]},"properties":{"rate_time":-3.231}},{"type":"Feature","geometry":{"type":"Point","coordinates":[104.53407,-1.73501]},"properties":{"rate_time":-3.306}},{"type":"Feature","geometry":{"type":"Point","coordinates":[104.534,-1.73475]},"properties":{"rate_time":-3.266}},{"type":"Feature","geometry":{"type":"Point","coordinates":[104.53394,-1.73448]},"properties":{"rate_time":-3.318}},{"type":"Feature","geometry":{"type":"Point","coordinates":[104.53386,-1.73423]},"properties":{"rate_time":-3.266}},{"type":"Feature","geometry":{"type":"Point","coordinates":[104.5338,-1.73396]},"properties":{"rate_time":-3.237}},{"type":"Feature","geometry":{"type":"Point","coordinates":[104.53371,-1.73371]},"properties":{"rate_time":-3.176}},{"type":"Feature","geometry":{"type":"Point","coordinates":[104.53358,-1.73347]},"properties":{"rate_time":-3.211}},{"type":"Feature","geometry":{"type":"Point","coordinates":[104.53349,-1.73322]},"properties":{"rate_time":-3.191}},{"type":"Feature","geometry":{"type":"Point","coordinates":[104.53342,-1.73295]},"properties":{"rate_time":-3.134}},{"type":"Feature","geometry":{"type":"Point","coordinates":[104.53335,-1.73269]},"properties":{"rate_time":-3.116}},{"type":"Feature","geometry":{"type":"Point","coordinates":[104.53324,-1.73244]},"properties":{"rate_time":-3.162}},{"type":"Feature","geometry":{"type":"Point","coordinates":[104.53314,-1.73219]},"properties":{"rate_time":-3.099}},{"type":"Feature","geometry":{"type":"Point","coordinates":[104.53304,-1.73194]},"properties":{"rate_time":-3.162}},{"type":"Feature","geometry":{"type":"Point","coordinates":[104.53336,-1.72761]},"properties":{"rate_time":-1.86}},{"type":"Feature","geometry":{"type":"Point","coordinates":[104.53317,-1.72757]},"properties":{"rate_time":-2.103}},{"type":"Feature","geometry":{"type":"Point","coordinates":[104.53338,-1.72734]},"properties":{"rate_time":-1.854}},{"type":"Feature","geometry":{"type":"Point","coordinates":[104.53339,-1.72707]},"properties":{"rate_time":-1.971}},{"type":"Feature","geometry":{"type":"Point","coordinates":[104.53218,-1.72996]},"properties":{"rate_time":-3.406}},{"type":"Feature","geometry":{"type":"Point","coordinates":[104.53209,-1.72971]},"properties":{"rate_time":-3.352}},{"type":"Feature","geometry":{"type":"Point","coordinates":[104.53203,-1.72944]},"properties":{"rate_time":-3.358}},{"type":"Feature","geometry":{"type":"Point","coordinates":[104.53198,-1.72917]},"properties":{"rate_time":-3.341}},{"type":"Feature","geometry":{"type":"Point","coordinates":[104.53196,-1.72891]},"properties":{"rate_time":-3.401}},{"type":"Feature","geometry":{"type":"Point","coordinates":[104.53192,-1.72864]},"properties":{"rate_time":-3.496}},{"type":"Feature","geometry":{"type":"Point","coordinates":[104.53181,-1.7284]},"properties":{"rate_time":-3.099}},{"type":"Feature","geometry":{"type":"Point","coordinates":[104.53169,-1.72815]},"properties":{"rate_time":-3.278}},{"type":"Feature","geometry":{"type":"Point","coordinates":[104.53152,-1.72795]},"properties":{"rate_time":-3.323}},{"type":"Feature","geometry":{"type":"Point","coordinates":[104.53136,-1.72773]},"properties":{"rate_time":-3.461}},{"type":"Feature","geometry":{"type":"Point","coordinates":[104.5312,-1.72751]},"properties":{"rate_time":-3.597}},{"type":"Feature","geometry":{"type":"Point","coordinates":[104.53292,-1.72747]},"properties":{"rate_time":-3.846}},{"type":"Feature","geometry":{"type":"Point","coordinates":[104.53267,-1.72739]},"properties":{"rate_time":-4.569}},{"type":"Feature","geometry":{"type":"Point","coordinates":[104.53105,-1.72729]},"properties":{"rate_time":-3.69}},{"type":"Feature","geometry":{"type":"Point","coordinates":[104.53252,-1.72717]},"properties":{"rate_time":-2.384}},{"type":"Feature","geometry":{"type":"Point","coordinates":[104.53225,-1.72717]},"properties":{"rate_time":-3.551}},{"type":"Feature","geometry":{"type":"Point","coordinates":[104.53091,-1.72706]},"properties":{"rate_time":-3.857}},{"type":"Feature","geometry":{"type":"Point","coordinates":[104.53206,-1.72698]},"properties":{"rate_time":-3.564}},{"type":"Feature","geometry":{"type":"Point","coordinates":[104.53277,-1.72695]},"properties":{"rate_time":-2.998}},{"type":"Feature","geometry":{"type":"Point","coordinates":[104.53251,-1.72688]},"properties":{"rate_time":-3.071}},{"type":"Feature","geometry":{"type":"Point","coordinates":[104.53298,-1.72682]},"properties":{"rate_time":-3.024}},{"type":"Feature","geometry":{"type":"Point","coordinates":[104.53079,-1.72681]},"properties":{"rate_time":-3.975}},{"type":"Feature","geometry":{"type":"Point","coordinates":[104.53186,-1.7268]},"properties":{"rate_time":-3.412}},{"type":"Feature","geometry":{"type":"Point","coordinates":[104.53227,-1.72677]},"properties":{"rate_time":-3.186}},{"type":"Feature","geometry":{"type":"Point","coordinates":[104.53166,-1.72662]},"properties":{"rate_time":-3.504}},{"type":"Feature","geometry":{"type":"Point","coordinates":[104.53209,-1.72658]},"properties":{"rate_time":-3.292}},{"type":"Feature","geometry":{"type":"Point","coordinates":[104.53067,-1.72657]},"properties":{"rate_time":-4.129}},{"type":"Feature","geometry":{"type":"Point","coordinates":[104.53296,-1.72655]},"properties":{"rate_time":-3.111}},{"type":"Feature","geometry":{"type":"Point","coordinates":[104.53147,-1.72643]},"properties":{"rate_time":-3.73}},{"type":"Feature","geometry":{"type":"Point","coordinates":[104.53053,-1.72634]},"properties":{"rate_time":-4.225}},{"type":"Feature","geometry":{"type":"Point","coordinates":[104.53339,-1.7268]},"properties":{"rate_time":-2.847}},{"type":"Feature","geometry":{"type":"Point","coordinates":[104.53337,-1.72653]},"properties":{"rate_time":-2.921}},{"type":"Feature","geometry":{"type":"Point","coordinates":[104.53322,-1.72632]},"properties":{"rate_time":-2.931}},{"type":"Feature","geometry":{"type":"Point","coordinates":[104.53299,-1.72629]},"properties":{"rate_time":-3.168}},{"type":"Feature","geometry":{"type":"Point","coordinates":[104.53204,-1.72631]},"properties":{"rate_time":-3.402}},{"type":"Feature","geometry":{"type":"Point","coordinates":[104.53127,-1.72624]},"properties":{"rate_time":-3.935}},{"type":"Feature","geometry":{"type":"Point","coordinates":[104.53046,-1.72608]},"properties":{"rate_time":-3.926}},{"type":"Feature","geometry":{"type":"Point","coordinates":[104.53106,-1.72607]},"properties":{"rate_time":-4.11}},{"type":"Feature","geometry":{"type":"Point","coordinates":[104.53206,-1.72604]},"properties":{"rate_time":-2.696}},{"type":"Feature","geometry":{"type":"Point","coordinates":[104.53085,-1.72591]},"properties":{"rate_time":-3.902}},{"type":"Feature","geometry":{"type":"Point","coordinates":[104.53061,-1.72588]},"properties":{"rate_time":-3.791}},{"type":"Feature","geometry":{"type":"Point","coordinates":[104.53193,-1.72581]},"properties":{"rate_time":-2.989}},{"type":"Feature","geometry":{"type":"Point","coordinates":[104.53172,-1.72563]},"properties":{"rate_time":-3.585}},{"type":"Feature","geometry":{"type":"Point","coordinates":[104.53147,-1.72554]},"properties":{"rate_time":-3.707}},{"type":"Feature","geometry":{"type":"Point","coordinates":[104.5313,-1.72535]},"properties":{"rate_time":-3.677}},{"type":"Feature","geometry":{"type":"Point","coordinates":[104.53112,-1.72516]},"properties":{"rate_time":-3.366}},{"type":"Feature","geometry":{"type":"Point","coordinates":[104.53088,-1.72504]},"properties":{"rate_time":-3.033}},{"type":"Feature","geometry":{"type":"Point","coordinates":[104.53064,-1.72492]},"properties":{"rate_time":-2.931}},{"type":"Feature","geometry":{"type":"Point","coordinates":[104.53038,-1.72487]},"properties":{"rate_time":-3.006}},{"type":"Feature","geometry":{"type":"Point","coordinates":[104.53011,-1.72482]},"properties":{"rate_time":-3.363}},{"type":"Feature","geometry":{"type":"Point","coordinates":[104.52986,-1.72474]},"properties":{"rate_time":-3.564}},{"type":"Feature","geometry":{"type":"Point","coordinates":[104.52963,-1.7246]},"properties":{"rate_time":-3.799}},{"type":"Feature","geometry":{"type":"Point","coordinates":[104.52942,-1.72442]},"properties":{"rate_time":-3.938}},{"type":"Feature","geometry":{"type":"Point","coordinates":[104.52924,-1.72422]},"properties":{"rate_time":-3.968}},{"type":"Feature","geometry":{"type":"Point","coordinates":[104.52925,-1.7196]},"properties":{"rate_time":-2.744}},{"type":"Feature","geometry":{"type":"Point","coordinates":[104.53001,-1.71947]},"properties":{"rate_time":-2.491}},{"type":"Feature","geometry":{"type":"Point","coordinates":[104.52916,-1.71935]},"properties":{"rate_time":-2.694}},{"type":"Feature","geometry":{"type":"Point","coordinates":[104.52995,-1.7192]},"properties":{"rate_time":-3.2}},{"type":"Feature","geometry":{"type":"Point","coordinates":[104.52906,-1.71909]},"properties":{"rate_time":-3.101}},{"type":"Feature","geometry":{"type":"Point","coordinates":[104.52991,-1.71894]},"properties":{"rate_time":-3.183}},{"type":"Feature","geometry":{"type":"Point","coordinates":[104.52898,-1.71884]},"properties":{"rate_time":-2.866}},{"type":"Feature","geometry":{"type":"Point","coordinates":[104.52987,-1.71867]},"properties":{"rate_time":-2.835}},{"type":"Feature","geometry":{"type":"Point","coordinates":[104.52894,-1.71857]},"properties":{"rate_time":-2.891}},{"type":"Feature","geometry":{"type":"Point","coordinates":[104.52978,-1.71842]},"properties":{"rate_time":-2.852}},{"type":"Feature","geometry":{"type":"Point","coordinates":[104.52372,-1.71656]},"properties":{"rate_time":-4.683}},{"type":"Feature","geometry":{"type":"Point","coordinates":[104.52353,-1.71637]},"properties":{"rate_time":-4.779}},{"type":"Feature","geometry":{"type":"Point","coordinates":[104.52331,-1.71622]},"properties":{"rate_time":-4.181}},{"type":"Feature","geometry":{"type":"Point","coordinates":[104.5231,-1.71605]},"properties":{"rate_time":-3.542}},{"type":"Feature","geometry":{"type":"Point","coordinates":[104.52286,-1.71592]},"properties":{"rate_time":-2.837}},{"type":"Feature","geometry":{"type":"Point","coordinates":[104.52266,-1.71575]},"properties":{"rate_time":-2.165}},{"type":"Feature","geometry":{"type":"Point","coordinates":[104.52244,-1.71559]},"properties":{"rate_time":-1.408}},{"type":"Feature","geometry":{"type":"Point","coordinates":[104.5222,-1.71547]},"properties":{"rate_time":-0.635}},{"type":"Feature","geometry":{"type":"Point","coordinates":[104.52194,-1.7154]},"properties":{"rate_time":-0.132}},{"type":"Feature","geometry":{"type":"Point","coordinates":[104.52147,-1.71477]},"properties":{"rate_time":-0.226}},{"type":"Feature","geometry":{"type":"Point","coordinates":[104.52861,-1.71707]},"properties":{"rate_time":-1.489}},{"type":"Feature","geometry":{"type":"Point","coordinates":[104.52914,-1.71703]},"properties":{"rate_time":-2.666}},{"type":"Feature","geometry":{"type":"Point","coordinates":[104.52887,-1.71702]},"properties":{"rate_time":-2.694}},{"type":"Feature","geometry":{"type":"Point","coordinates":[104.52837,-1.71459]},"properties":{"rate_time":6.201}},{"type":"Feature","geometry":{"type":"Point","coordinates":[104.52864,-1.71457]},"properties":{"rate_time":6.341}},{"type":"Feature","geometry":{"type":"Point","coordinates":[104.52812,-1.71451]},"properties":{"rate_time":6.276}},{"type":"Feature","geometry":{"type":"Point","coordinates":[104.5289,-1.7145]},"properties":{"rate_time":6.83}},{"type":"Feature","geometry":{"type":"Point","coordinates":[104.52788,-1.71439]},"properties":{"rate_time":6.499}},{"type":"Feature","geometry":{"type":"Point","coordinates":[104.52911,-1.71436]},"properties":{"rate_time":6.16}},{"type":"Feature","geometry":{"type":"Point","coordinates":[104.52893,-1.71417]},"properties":{"rate_time":6.323}},{"type":"Feature","geometry":{"type":"Point","coordinates":[104.52174,-1.71471]},"properties":{"rate_time":-0.196}},{"type":"Feature","geometry":{"type":"Point","coordinates":[104.52199,-1.71461]},"properties":{"rate_time":-0.372}},{"type":"Feature","geometry":{"type":"Point","coordinates":[104.52224,-1.71451]},"properties":{"rate_time":-0.501}},{"type":"Feature","geometry":{"type":"Point","coordinates":[104.5225,-1.71446]},"properties":{"rate_time":-0.391}},{"type":"Feature","geometry":{"type":"Point","coordinates":[104.52277,-1.7144]},"properties":{"rate_time":-0.529}},{"type":"Feature","geometry":{"type":"Point","coordinates":[104.52303,-1.71434]},"properties":{"rate_time":-0.59}},{"type":"Feature","geometry":{"type":"Point","coordinates":[104.5233,-1.71431]},"properties":{"rate_time":-0.444}},{"type":"Feature","geometry":{"type":"Point","coordinates":[104.52437,-1.7143]},"properties":{"rate_time":1.034}},{"type":"Feature","geometry":{"type":"Point","coordinates":[104.5241,-1.7143]},"properties":{"rate_time":0.386}},{"type":"Feature","geometry":{"type":"Point","coordinates":[104.52357,-1.71429]},"properties":{"rate_time":-0.337}},{"type":"Feature","geometry":{"type":"Point","coordinates":[104.52384,-1.71429]},"properties":{"rate_time":-0.088}},{"type":"Feature","geometry":{"type":"Point","coordinates":[104.52464,-1.71428]},"properties":{"rate_time":1.865}},{"type":"Feature","geometry":{"type":"Point","coordinates":[104.52491,-1.71422]},"properties":{"rate_time":2.694}},{"type":"Feature","geometry":{"type":"Point","coordinates":[104.52771,-1.71418]},"properties":{"rate_time":6.227}},{"type":"Feature","geometry":{"type":"Point","coordinates":[104.52516,-1.71412]},"properties":{"rate_time":3.47}},{"type":"Feature","geometry":{"type":"Point","coordinates":[104.5254,-1.71402]},"properties":{"rate_time":4.265}},{"type":"Feature","geometry":{"type":"Point","coordinates":[104.52751,-1.714]},"properties":{"rate_time":6.214}},{"type":"Feature","geometry":{"type":"Point","coordinates":[104.52566,-1.71392]},"properties":{"rate_time":4.868}},{"type":"Feature","geometry":{"type":"Point","coordinates":[104.52591,-1.71384]},"properties":{"rate_time":5.597}},{"type":"Feature","geometry":{"type":"Point","coordinates":[104.52734,-1.71379]},"properties":{"rate_time":6.097}},{"type":"Feature","geometry":{"type":"Point","coordinates":[104.52872,-1.71401]},"properties":{"rate_time":6.337}},{"type":"Feature","geometry":{"type":"Point","coordinates":[104.52853,-1.71381]},"properties":{"rate_time":5.56}},{"type":"Feature","geometry":{"type":"Point","coordinates":[104.52833,-1.71365]},"properties":{"rate_time":6.34}},{"type":"Feature","geometry":{"type":"Point","coordinates":[104.52808,-1.71362]},"properties":{"rate_time":6.449}},{"type":"Feature","geometry":{"type":"Point","coordinates":[104.52616,-1.71372]},"properties":{"rate_time":5.792}},{"type":"Feature","geometry":{"type":"Point","coordinates":[104.52782,-1.71368]},"properties":{"rate_time":6.558}},{"type":"Feature","geometry":{"type":"Point","coordinates":[104.52639,-1.7136]},"properties":{"rate_time":5.788}},{"type":"Feature","geometry":{"type":"Point","coordinates":[104.52716,-1.71359]},"properties":{"rate_time":6.564}},{"type":"Feature","geometry":{"type":"Point","coordinates":[104.52764,-1.71358]},"properties":{"rate_time":5.991}},{"type":"Feature","geometry":{"type":"Point","coordinates":[104.52666,-1.71355]},"properties":{"rate_time":5.593}},{"type":"Feature","geometry":{"type":"Point","coordinates":[104.52715,-1.71352]},"properties":{"rate_time":6.086}},{"type":"Feature","geometry":{"type":"Point","coordinates":[104.52691,-1.7135]},"properties":{"rate_time":6.011}},{"type":"Feature","geometry":{"type":"Point","coordinates":[104.52735,-1.71333]},"properties":{"rate_time":4.781}},{"type":"Feature","geometry":{"type":"Point","coordinates":[104.52755,-1.71332]},"properties":{"rate_time":5.043}},{"type":"Feature","geometry":{"type":"Point","coordinates":[104.527,-1.71332]},"properties":{"rate_time":5.038}},{"type":"Feature","geometry":{"type":"Point","coordinates":[104.5268,-1.71314]},"properties":{"rate_time":4.625}},{"type":"Feature","geometry":{"type":"Point","coordinates":[104.52659,-1.71296]},"properties":{"rate_time":4.166}},{"type":"Feature","geometry":{"type":"Point","coordinates":[104.52634,-1.71287]},"properties":{"rate_time":4.025}},{"type":"Feature","geometry":{"type":"Point","coordinates":[104.5261,-1.71274]},"properties":{"rate_time":2.026}},{"type":"Feature","geometry":{"type":"Point","coordinates":[104.52585,-1.71265]},"properties":{"rate_time":1.657}},{"type":"Feature","geometry":{"type":"Point","coordinates":[104.52562,-1.71251]},"properties":{"rate_time":3.209}},{"type":"Feature","geometry":{"type":"Point","coordinates":[104.52546,-1.71231]},"properties":{"rate_time":2.791}},{"type":"Feature","geometry":{"type":"Point","coordinates":[104.52538,-1.71205]},"properties":{"rate_time":1.654}},{"type":"Feature","geometry":{"type":"Point","coordinates":[104.5253,-1.71179]},"properties":{"rate_time":0.283}},{"type":"Feature","geometry":{"type":"Point","coordinates":[104.5252,-1.71154]},"properties":{"rate_time":-0.489}},{"type":"Feature","geometry":{"type":"Point","coordinates":[104.52511,-1.71129]},"properties":{"rate_time":-1.28}},{"type":"Feature","geometry":{"type":"Point","coordinates":[104.52498,-1.71105]},"properties":{"rate_time":-1.995}},{"type":"Feature","geometry":{"type":"Point","coordinates":[104.52486,-1.71081]},"properties":{"rate_time":-2.724}},{"type":"Feature","geometry":{"type":"Point","coordinates":[104.5247,-1.71058]},"properties":{"rate_time":-2.243}},{"type":"Feature","geometry":{"type":"Point","coordinates":[104.52461,-1.71033]},"properties":{"rate_time":-3.048}},{"type":"Feature","geometry":{"type":"Point","coordinates":[104.52447,-1.7101]},"properties":{"rate_time":-2.821}},{"type":"Feature","geometry":{"type":"Point","coordinates":[104.52432,-1.70988]},"properties":{"rate_time":-2.817}},{"type":"Feature","geometry":{"type":"Point","coordinates":[104.52416,-1.70965]},"properties":{"rate_time":-2.91}},{"type":"Feature","geometry":{"type":"Point","coordinates":[104.52404,-1.70941]},"properties":{"rate_time":-2.83}},{"type":"Feature","geometry":{"type":"Point","coordinates":[104.5239,-1.70918]},"properties":{"rate_time":-2.751}},{"type":"Feature","geometry":{"type":"Point","coordinates":[104.52379,-1.70894]},"properties":{"rate_time":-2.778}},{"type":"Feature","geometry":{"type":"Point","coordinates":[104.52366,-1.7087]},"properties":{"rate_time":-2.69}},{"type":"Feature","geometry":{"type":"Point","coordinates":[104.52359,-1.70844]},"properties":{"rate_time":-2.474}},{"type":"Feature","geometry":{"type":"Point","coordinates":[104.52352,-1.70818]},"properties":{"rate_time":-2.307}},{"type":"Feature","geometry":{"type":"Point","coordinates":[104.52341,-1.70793]},"properties":{"rate_time":-2.325}},{"type":"Feature","geometry":{"type":"Point","coordinates":[104.52328,-1.70769]},"properties":{"rate_time":-2.406}},{"type":"Feature","geometry":{"type":"Point","coordinates":[104.52313,-1.70746]},"properties":{"rate_time":-2.167}},{"type":"Feature","geometry":{"type":"Point","coordinates":[104.52302,-1.70722]},"properties":{"rate_time":-2.314}},{"type":"Feature","geometry":{"type":"Point","coordinates":[104.5229,-1.70697]},"properties":{"rate_time":-2.365}},{"type":"Feature","geometry":{"type":"Point","coordinates":[104.52277,-1.70674]},"properties":{"rate_time":-2.319}},{"type":"Feature","geometry":{"type":"Point","coordinates":[104.52267,-1.70649]},"properties":{"rate_time":-2.218}},{"type":"Feature","geometry":{"type":"Point","coordinates":[104.52258,-1.70623]},"properties":{"rate_time":-2.212}},{"type":"Feature","geometry":{"type":"Point","coordinates":[104.52246,-1.70599]},"properties":{"rate_time":-2.479}},{"type":"Feature","geometry":{"type":"Point","coordinates":[104.52227,-1.7058]},"properties":{"rate_time":-2.505}},{"type":"Feature","geometry":{"type":"Point","coordinates":[104.52212,-1.70558]},"properties":{"rate_time":-2.545}},{"type":"Feature","geometry":{"type":"Point","coordinates":[104.52197,-1.70535]},"properties":{"rate_time":-2.572}},{"type":"Feature","geometry":{"type":"Point","coordinates":[104.52184,-1.70511]},"properties":{"rate_time":-2.521}},{"type":"Feature","geometry":{"type":"Point","coordinates":[104.5217,-1.70488]},"properties":{"rate_time":-2.518}},{"type":"Feature","geometry":{"type":"Point","coordinates":[104.52156,-1.70465]},"properties":{"rate_time":-2.415}},{"type":"Feature","geometry":{"type":"Point","coordinates":[104.52142,-1.70442]},"properties":{"rate_time":-2.389}},{"type":"Feature","geometry":{"type":"Point","coordinates":[104.52128,-1.70419]},"properties":{"rate_time":-2.451}},{"type":"Feature","geometry":{"type":"Point","coordinates":[104.52114,-1.70395]},"properties":{"rate_time":-2.574}},{"type":"Feature","geometry":{"type":"Point","coordinates":[104.52101,-1.70371]},"properties":{"rate_time":-2.637}},{"type":"Feature","geometry":{"type":"Point","coordinates":[104.52087,-1.70348]},"properties":{"rate_time":-2.8}},{"type":"Feature","geometry":{"type":"Point","coordinates":[104.5207,-1.70328]},"properties":{"rate_time":-2.974}},{"type":"Feature","geometry":{"type":"Point","coordinates":[104.52054,-1.70305]},"properties":{"rate_time":-3.121}},{"type":"Feature","geometry":{"type":"Point","coordinates":[104.5204,-1.70282]},"properties":{"rate_time":-3.269}},{"type":"Feature","geometry":{"type":"Point","coordinates":[104.52027,-1.70259]},"properties":{"rate_time":-3.381}},{"type":"Feature","geometry":{"type":"Point","coordinates":[104.52014,-1.70235]},"properties":{"rate_time":-3.388}},{"type":"Feature","geometry":{"type":"Point","coordinates":[104.51998,-1.70213]},"properties":{"rate_time":-3.531}},{"type":"Feature","geometry":{"type":"Point","coordinates":[104.51981,-1.70192]},"properties":{"rate_time":-3.935}},{"type":"Feature","geometry":{"type":"Point","coordinates":[104.51965,-1.7017]},"properties":{"rate_time":-4.063}},{"type":"Feature","geometry":{"type":"Point","coordinates":[104.51949,-1.70148]},"properties":{"rate_time":-4.154}},{"type":"Feature","geometry":{"type":"Point","coordinates":[104.51832,-1.69999]},"properties":{"rate_time":-4.932}},{"type":"Feature","geometry":{"type":"Point","coordinates":[104.51815,-1.69978]},"properties":{"rate_time":-5.182}},{"type":"Feature","geometry":{"type":"Point","coordinates":[104.51799,-1.69957]},"properties":{"rate_time":-5.265}},{"type":"Feature","geometry":{"type":"Point","coordinates":[104.51779,-1.69938]},"properties":{"rate_time":-5.33}},{"type":"Feature","geometry":{"type":"Point","coordinates":[104.51763,-1.69916]},"properties":{"rate_time":-5.328}},{"type":"Feature","geometry":{"type":"Point","coordinates":[104.51746,-1.69895]},"properties":{"rate_time":-5.346}},{"type":"Feature","geometry":{"type":"Point","coordinates":[104.51729,-1.69874]},"properties":{"rate_time":-5.274}},{"type":"Feature","geometry":{"type":"Point","coordinates":[104.51713,-1.69852]},"properties":{"rate_time":-5.186}},{"type":"Feature","geometry":{"type":"Point","coordinates":[104.51697,-1.6983]},"properties":{"rate_time":-5.207}},{"type":"Feature","geometry":{"type":"Point","coordinates":[104.51679,-1.69811]},"properties":{"rate_time":-5.33}},{"type":"Feature","geometry":{"type":"Point","coordinates":[104.51661,-1.6979]},"properties":{"rate_time":-5.437}},{"type":"Feature","geometry":{"type":"Point","coordinates":[104.51645,-1.69768]},"properties":{"rate_time":-5.463}},{"type":"Feature","geometry":{"type":"Point","coordinates":[104.5163,-1.69746]},"properties":{"rate_time":-5.489}},{"type":"Feature","geometry":{"type":"Point","coordinates":[104.51614,-1.69724]},"properties":{"rate_time":-5.532}},{"type":"Feature","geometry":{"type":"Point","coordinates":[104.51596,-1.69704]},"properties":{"rate_time":-5.605}},{"type":"Feature","geometry":{"type":"Point","coordinates":[104.51579,-1.69683]},"properties":{"rate_time":-5.667}},{"type":"Feature","geometry":{"type":"Point","coordinates":[104.51561,-1.69663]},"properties":{"rate_time":-5.714}},{"type":"Feature","geometry":{"type":"Point","coordinates":[104.51544,-1.69642]},"properties":{"rate_time":-5.798}},{"type":"Feature","geometry":{"type":"Point","coordinates":[104.51526,-1.69621]},"properties":{"rate_time":-6.015}},{"type":"Feature","geometry":{"type":"Point","coordinates":[104.51509,-1.696]},"properties":{"rate_time":-6.161}},{"type":"Feature","geometry":{"type":"Point","coordinates":[104.51493,-1.69578]},"properties":{"rate_time":-6.21}},{"type":"Feature","geometry":{"type":"Point","coordinates":[104.51478,-1.69556]},"properties":{"rate_time":-6.269}},{"type":"Feature","geometry":{"type":"Point","coordinates":[104.51462,-1.69534]},"properties":{"rate_time":-6.381}},{"type":"Feature","geometry":{"type":"Point","coordinates":[104.51444,-1.69514]},"properties":{"rate_time":-6.458}},{"type":"Feature","geometry":{"type":"Point","coordinates":[104.51428,-1.69492]},"properties":{"rate_time":-6.559}},{"type":"Feature","geometry":{"type":"Point","coordinates":[104.51412,-1.6947]},"properties":{"rate_time":-6.705}},{"type":"Feature","geometry":{"type":"Point","coordinates":[104.51395,-1.69449]},"properties":{"rate_time":-6.817}},{"type":"Feature","geometry":{"type":"Point","coordinates":[104.51379,-1.69427]},"properties":{"rate_time":-6.76}},{"type":"Feature","geometry":{"type":"Point","coordinates":[104.51361,-1.69407]},"properties":{"rate_time":-6.871}},{"type":"Feature","geometry":{"type":"Point","coordinates":[104.51343,-1.69387]},"properties":{"rate_time":-7.017}},{"type":"Feature","geometry":{"type":"Point","coordinates":[104.51327,-1.69365]},"properties":{"rate_time":-7.165}},{"type":"Feature","geometry":{"type":"Point","coordinates":[104.5131,-1.69344]},"properties":{"rate_time":-7.393}},{"type":"Feature","geometry":{"type":"Point","coordinates":[104.51293,-1.69323]},"properties":{"rate_time":-7.582}},{"type":"Feature","geometry":{"type":"Point","coordinates":[104.51276,-1.69302]},"properties":{"rate_time":-7.723}},{"type":"Feature","geometry":{"type":"Point","coordinates":[104.51258,-1.69281]},"properties":{"rate_time":-7.872}},{"type":"Feature","geometry":{"type":"Point","coordinates":[104.5124,-1.69261]},"properties":{"rate_time":-7.908}},{"type":"Feature","geometry":{"type":"Point","coordinates":[104.51219,-1.69244]},"properties":{"rate_time":-7.936}},{"type":"Feature","geometry":{"type":"Point","coordinates":[104.51201,-1.69224]},"properties":{"rate_time":-7.927}},{"type":"Feature","geometry":{"type":"Point","coordinates":[104.51184,-1.69203]},"properties":{"rate_time":-7.92}},{"type":"Feature","geometry":{"type":"Point","coordinates":[104.51167,-1.69182]},"properties":{"rate_time":-7.948}},{"type":"Feature","geometry":{"type":"Point","coordinates":[104.51151,-1.6916]},"properties":{"rate_time":-7.953}},{"type":"Feature","geometry":{"type":"Point","coordinates":[104.51138,-1.69137]},"properties":{"rate_time":-7.956}},{"type":"Feature","geometry":{"type":"Point","coordinates":[104.51125,-1.69113]},"properties":{"rate_time":-7.923}},{"type":"Feature","geometry":{"type":"Point","coordinates":[104.51107,-1.69093]},"properties":{"rate_time":-7.881}},{"type":"Feature","geometry":{"type":"Point","coordinates":[104.51086,-1.69076]},"properties":{"rate_time":-8.002}},{"type":"Feature","geometry":{"type":"Point","coordinates":[104.51066,-1.69057]},"properties":{"rate_time":-8.295}},{"type":"Feature","geometry":{"type":"Point","coordinates":[104.51048,-1.69037]},"properties":{"rate_time":-8.529}},{"type":"Feature","geometry":{"type":"Point","coordinates":[104.51031,-1.69016]},"properties":{"rate_time":-8.737}},{"type":"Feature","geometry":{"type":"Point","coordinates":[104.51013,-1.68996]},"properties":{"rate_time":-8.934}},{"type":"Feature","geometry":{"type":"Point","coordinates":[104.50996,-1.68975]},"properties":{"rate_time":-9.143}},{"type":"Feature","geometry":{"type":"Point","coordinates":[104.50982,-1.68952]},"properties":{"rate_time":-9.324}},{"type":"Feature","geometry":{"type":"Point","coordinates":[104.50975,-1.68926]},"properties":{"rate_time":-9.464}},{"type":"Feature","geometry":{"type":"Point","coordinates":[104.50983,-1.68903]},"properties":{"rate_time":-9.481}},{"type":"Feature","geometry":{"type":"Point","coordinates":[104.50992,-1.68879]},"properties":{"rate_time":-9.441}},{"type":"Feature","geometry":{"type":"Point","coordinates":[104.5093,-1.68878]},"properties":{"rate_time":-9.546}},{"type":"Feature","geometry":{"type":"Point","coordinates":[104.5095,-1.68866]},"properties":{"rate_time":-8.895}},{"type":"Feature","geometry":{"type":"Point","coordinates":[104.50908,-1.68863]},"properties":{"rate_time":-8.957}},{"type":"Feature","geometry":{"type":"Point","coordinates":[104.50972,-1.68862]},"properties":{"rate_time":-8.849}},{"type":"Feature","geometry":{"type":"Point","coordinates":[104.50888,-1.68844]},"properties":{"rate_time":-8.82}},{"type":"Feature","geometry":{"type":"Point","coordinates":[104.50871,-1.68823]},"properties":{"rate_time":-8.587}},{"type":"Feature","geometry":{"type":"Point","coordinates":[104.50856,-1.68801]},"properties":{"rate_time":-8.334}},{"type":"Feature","geometry":{"type":"Point","coordinates":[104.50837,-1.68781]},"properties":{"rate_time":-8.194}},{"type":"Feature","geometry":{"type":"Point","coordinates":[104.50817,-1.68763]},"properties":{"rate_time":-8.098}},{"type":"Feature","geometry":{"type":"Point","coordinates":[104.50797,-1.68745]},"properties":{"rate_time":-8.055}},{"type":"Feature","geometry":{"type":"Point","coordinates":[104.50779,-1.68724]},"properties":{"rate_time":-8.053}},{"type":"Feature","geometry":{"type":"Point","coordinates":[104.50762,-1.68704]},"properties":{"rate_time":-8.059}},{"type":"Feature","geometry":{"type":"Point","coordinates":[104.50743,-1.68684]},"properties":{"rate_time":-8.053}},{"type":"Feature","geometry":{"type":"Point","coordinates":[104.50725,-1.68664]},"properties":{"rate_time":-7.989}},{"type":"Feature","geometry":{"type":"Point","coordinates":[104.50708,-1.68643]},"properties":{"rate_time":-7.77}},{"type":"Feature","geometry":{"type":"Point","coordinates":[104.50692,-1.68621]},"properties":{"rate_time":-7.602}},{"type":"Feature","geometry":{"type":"Point","coordinates":[104.50678,-1.68598]},"properties":{"rate_time":-7.428}},{"type":"Feature","geometry":{"type":"Point","coordinates":[104.50665,-1.68574]},"properties":{"rate_time":-7.181}},{"type":"Feature","geometry":{"type":"Point","coordinates":[104.50651,-1.68551]},"properties":{"rate_time":-6.914}},{"type":"Feature","geometry":{"type":"Point","coordinates":[104.50635,-1.68529]},"properties":{"rate_time":-6.643}},{"type":"Feature","geometry":{"type":"Point","coordinates":[104.50616,-1.6851]},"properties":{"rate_time":-6.263}},{"type":"Feature","geometry":{"type":"Point","coordinates":[104.50599,-1.68489]},"properties":{"rate_time":-5.625}},{"type":"Feature","geometry":{"type":"Point","coordinates":[104.50583,-1.68467]},"properties":{"rate_time":-5.459}},{"type":"Feature","geometry":{"type":"Point","coordinates":[104.5057,-1.68444]},"properties":{"rate_time":-5.342}},{"type":"Feature","geometry":{"type":"Point","coordinates":[104.50556,-1.6842]},"properties":{"rate_time":-5.502}},{"type":"Feature","geometry":{"type":"Point","coordinates":[104.50508,-1.68407]},"properties":{"rate_time":-5.13}},{"type":"Feature","geometry":{"type":"Point","coordinates":[104.50534,-1.68406]},"properties":{"rate_time":-5.241}},{"type":"Feature","geometry":{"type":"Point","coordinates":[104.50487,-1.68392]},"properties":{"rate_time":-5.209}},{"type":"Feature","geometry":{"type":"Point","coordinates":[104.50474,-1.68369]},"properties":{"rate_time":-5.314}},{"type":"Feature","geometry":{"type":"Point","coordinates":[104.50459,-1.68346]},"properties":{"rate_time":-5.384}},{"type":"Feature","geometry":{"type":"Point","coordinates":[104.50413,-1.68281]},"properties":{"rate_time":-4.744}},{"type":"Feature","geometry":{"type":"Point","coordinates":[104.50397,-1.68259]},"properties":{"rate_time":-4.78}},{"type":"Feature","geometry":{"type":"Point","coordinates":[104.50376,-1.68242]},"properties":{"rate_time":-4.579}},{"type":"Feature","geometry":{"type":"Point","coordinates":[104.50356,-1.68224]},"properties":{"rate_time":-4.411}},{"type":"Feature","geometry":{"type":"Point","coordinates":[104.50336,-1.68207]},"properties":{"rate_time":-4.213}},{"type":"Feature","geometry":{"type":"Point","coordinates":[104.50322,-1.68184]},"properties":{"rate_time":-4.0}},{"type":"Feature","geometry":{"type":"Point","coordinates":[104.50308,-1.6816]},"properties":{"rate_time":-3.833}},{"type":"Feature","geometry":{"type":"Point","coordinates":[104.50295,-1.68136]},"properties":{"rate_time":-3.684}},{"type":"Feature","geometry":{"type":"Point","coordinates":[104.50279,-1.68114]},"properties":{"rate_time":-3.56}},{"type":"Feature","geometry":{"type":"Point","coordinates":[104.50261,-1.68095]},"properties":{"rate_time":-3.412}},{"type":"Feature","geometry":{"type":"Point","coordinates":[104.50238,-1.68081]},"properties":{"rate_time":-3.087}},{"type":"Feature","geometry":{"type":"Point","coordinates":[104.50217,-1.68064]},"properties":{"rate_time":-2.715}},{"type":"Feature","geometry":{"type":"Point","coordinates":[104.502,-1.68043]},"properties":{"rate_time":-2.425}},{"type":"Feature","geometry":{"type":"Point","coordinates":[104.50184,-1.6802]},"properties":{"rate_time":-1.875}},{"type":"Feature","geometry":{"type":"Point","coordinates":[104.50166,-1.68001]},"properties":{"rate_time":-1.506}},{"type":"Feature","geometry":{"type":"Point","coordinates":[104.50147,-1.67982]},"properties":{"rate_time":-0.986}},{"type":"Feature","geometry":{"type":"Point","coordinates":[104.50128,-1.67962]},"properties":{"rate_time":-0.361}},{"type":"Feature","geometry":{"type":"Point","coordinates":[104.50109,-1.67942]},"properties":{"rate_time":0.625}},{"type":"Feature","geometry":{"type":"Point","coordinates":[104.50092,-1.67922]},"properties":{"rate_time":0.952}},{"type":"Feature","geometry":{"type":"Point","coordinates":[104.50074,-1.67901]},"properties":{"rate_time":1.122}},{"type":"Feature","geometry":{"type":"Point","coordinates":[104.50058,-1.6788]},"properties":{"rate_time":0.761}},{"type":"Feature","geometry":{"type":"Point","coordinates":[104.50049,-1.67854]},"properties":{"rate_time":0.708}},{"type":"Feature","geometry":{"type":"Point","coordinates":[104.50038,-1.67829]},"properties":{"rate_time":0.732}},{"type":"Feature","geometry":{"type":"Point","coordinates":[104.50026,-1.67805]},"properties":{"rate_time":0.69}},{"type":"Feature","geometry":{"type":"Point","coordinates":[104.50012,-1.67782]},"properties":{"rate_time":0.752}},{"type":"Feature","geometry":{"type":"Point","coordinates":[104.49996,-1.6776]},"properties":{"rate_time":0.829}},{"type":"Feature","geometry":{"type":"Point","coordinates":[104.4998,-1.67738]},"properties":{"rate_time":0.804}},{"type":"Feature","geometry":{"type":"Point","coordinates":[104.49966,-1.67715]},"properties":{"rate_time":0.795}},{"type":"Feature","geometry":{"type":"Point","coordinates":[104.49952,-1.67692]},"properties":{"rate_time":0.721}},{"type":"Feature","geometry":{"type":"Point","coordinates":[104.49935,-1.67671]},"properties":{"rate_time":0.676}},{"type":"Feature","geometry":{"type":"Point","coordinates":[104.49917,-1.67651]},"properties":{"rate_time":0.695}},{"type":"Feature","geometry":{"type":"Point","coordinates":[104.499,-1.6763]},"properties":{"rate_time":-0.35}},{"type":"Feature","geometry":{"type":"Point","coordinates":[104.49888,-1.67606]},"properties":{"rate_time":-0.492}},{"type":"Feature","geometry":{"type":"Point","coordinates":[104.49878,-1.67581]},"properties":{"rate_time":-0.577}},{"type":"Feature","geometry":{"type":"Point","coordinates":[104.49864,-1.67557]},"properties":{"rate_time":-0.584}},{"type":"Feature","geometry":{"type":"Point","coordinates":[104.49851,-1.67533]},"properties":{"rate_time":-1.07}},{"type":"Feature","geometry":{"type":"Point","coordinates":[104.49838,-1.67509]},"properties":{"rate_time":-1.546}},{"type":"Feature","geometry":{"type":"Point","coordinates":[104.49823,-1.67487]},"properties":{"rate_time":-2.129}},{"type":"Feature","geometry":{"type":"Point","coordinates":[104.49806,-1.67467]},"properties":{"rate_time":-2.389}},{"type":"Feature","geometry":{"type":"Point","coordinates":[104.49789,-1.67446]},"properties":{"rate_time":-2.706}},{"type":"Feature","geometry":{"type":"Point","coordinates":[104.49771,-1.67425]},"properties":{"rate_time":-2.795}},{"type":"Feature","geometry":{"type":"Point","coordinates":[104.49755,-1.67403]},"properties":{"rate_time":-2.69}},{"type":"Feature","geometry":{"type":"Point","coordinates":[104.49743,-1.67379]},"properties":{"rate_time":-2.668}},{"type":"Feature","geometry":{"type":"Point","coordinates":[104.49732,-1.67355]},"properties":{"rate_time":-2.79}},{"type":"Feature","geometry":{"type":"Point","coordinates":[104.49717,-1.67333]},"properties":{"rate_time":-3.041}},{"type":"Feature","geometry":{"type":"Point","coordinates":[104.497,-1.67312]},"properties":{"rate_time":-3.375}},{"type":"Feature","geometry":{"type":"Point","coordinates":[104.49689,-1.67287]},"properties":{"rate_time":-3.663}},{"type":"Feature","geometry":{"type":"Point","coordinates":[104.4968,-1.67261]},"properties":{"rate_time":-5.003}},{"type":"Feature","geometry":{"type":"Point","coordinates":[104.4967,-1.67236]},"properties":{"rate_time":-5.14}},{"type":"Feature","geometry":{"type":"Point","coordinates":[104.49661,-1.67211]},"properties":{"rate_time":-5.138}},{"type":"Feature","geometry":{"type":"Point","coordinates":[104.49651,-1.67186]},"properties":{"rate_time":-5.056}},{"type":"Feature","geometry":{"type":"Point","coordinates":[104.49636,-1.67166]},"properties":{"rate_time":-5.116}},{"type":"Feature","geometry":{"type":"Point","coordinates":[104.49609,-1.67164]},"properties":{"rate_time":-5.306}},{"type":"Feature","geometry":{"type":"Point","coordinates":[104.49586,-1.67151]},"properties":{"rate_time":-5.524}},{"type":"Feature","geometry":{"type":"Point","coordinates":[104.49564,-1.67136]},"properties":{"rate_time":-5.695}},{"type":"Feature","geometry":{"type":"Point","coordinates":[104.49544,-1.67118]},"properties":{"rate_time":-5.805}},{"type":"Feature","geometry":{"type":"Point","coordinates":[104.49541,-1.67091]},"properties":{"rate_time":-5.914}},{"type":"Feature","geometry":{"type":"Point","coordinates":[104.49536,-1.67065]},"properties":{"rate_time":-6.036}},{"type":"Feature","geometry":{"type":"Point","coordinates":[104.49528,-1.67056]},"properties":{"rate_time":-6.143}},{"type":"Feature","geometry":{"type":"Point","coordinates":[104.49557,-1.67048]},"properties":{"rate_time":-5.53}},{"type":"Feature","geometry":{"type":"Point","coordinates":[104.49543,-1.67043]},"properties":{"rate_time":-5.244}},{"type":"Feature","geometry":{"type":"Point","coordinates":[104.49508,-1.67038]},"properties":{"rate_time":-6.02}},{"type":"Feature","geometry":{"type":"Point","coordinates":[104.4957,-1.67032]},"properties":{"rate_time":-4.982}},{"type":"Feature","geometry":{"type":"Point","coordinates":[104.49556,-1.67019]},"properties":{"rate_time":-5.269}},{"type":"Feature","geometry":{"type":"Point","coordinates":[104.49489,-1.67019]},"properties":{"rate_time":-6.408}},{"type":"Feature","geometry":{"type":"Point","coordinates":[104.49467,-1.67005]},"properties":{"rate_time":-6.943}},{"type":"Feature","geometry":{"type":"Point","coordinates":[104.49442,-1.66995]},"properties":{"rate_time":-7.112}},{"type":"Feature","geometry":{"type":"Point","coordinates":[104.49396,-1.6699]},"properties":{"rate_time":-7.409}},{"type":"Feature","geometry":{"type":"Point","coordinates":[104.49422,-1.66984]},"properties":{"rate_time":-7.193}},{"type":"Feature","geometry":{"type":"Point","coordinates":[104.49372,-1.66978]},"properties":{"rate_time":-7.781}},{"type":"Feature","geometry":{"type":"Point","coordinates":[104.49348,-1.66964]},"properties":{"rate_time":-8.14}},{"type":"Feature","geometry":{"type":"Point","coordinates":[104.49324,-1.66952]},"properties":{"rate_time":-8.612}},{"type":"Feature","geometry":{"type":"Point","coordinates":[104.49298,-1.66945]},"properties":{"rate_time":-8.89}},{"type":"Feature","geometry":{"type":"Point","coordinates":[104.49272,-1.66938]},"properties":{"rate_time":-10.044}},{"type":"Feature","geometry":{"type":"Point","coordinates":[104.49252,-1.66922]},"properties":{"rate_time":-9.952}},{"type":"Feature","geometry":{"type":"Point","coordinates":[104.49245,-1.66898]},"properties":{"rate_time":-9.765}},{"type":"Feature","geometry":{"type":"Point","coordinates":[104.49256,-1.66875]},"properties":{"rate_time":-9.354}},{"type":"Feature","geometry":{"type":"Point","coordinates":[104.49232,-1.66864]},"properties":{"rate_time":-9.976}},{"type":"Feature","geometry":{"type":"Point","coordinates":[104.49216,-1.66842]},"properties":{"rate_time":-10.532}},{"type":"Feature","geometry":{"type":"Point","coordinates":[104.49202,-1.6682]},"properties":{"rate_time":-11.097}},{"type":"Feature","geometry":{"type":"Point","coordinates":[104.49183,-1.66801]},"properties":{"rate_time":-11.679}},{"type":"Feature","geometry":{"type":"Point","coordinates":[104.48997,-1.66796]},"properties":{"rate_time":-14.344}},{"type":"Feature","geometry":{"type":"Point","coordinates":[104.4897,-1.66795]},"properties":{"rate_time":-14.762}},{"type":"Feature","geometry":{"type":"Point","coordinates":[104.49024,-1.66794]},"properties":{"rate_time":-13.899}},{"type":"Feature","geometry":{"type":"Point","coordinates":[104.48943,-1.66794]},"properties":{"rate_time":-15.007}},{"type":"Feature","geometry":{"type":"Point","coordinates":[104.49157,-1.66792]},"properties":{"rate_time":-11.826}},{"type":"Feature","geometry":{"type":"Point","coordinates":[104.4905,-1.66789]},"properties":{"rate_time":-13.466}},{"type":"Feature","geometry":{"type":"Point","coordinates":[104.49131,-1.66788]},"properties":{"rate_time":-12.155}},{"type":"Feature","geometry":{"type":"Point","coordinates":[104.49077,-1.66786]},"properties":{"rate_time":-12.977}},{"type":"Feature","geometry":{"type":"Point","coordinates":[104.49104,-1.66785]},"properties":{"rate_time":-12.577}},{"type":"Feature","geometry":{"type":"Point","coordinates":[104.48949,-1.66767]},"properties":{"rate_time":-14.655}},{"type":"Feature","geometry":{"type":"Point","coordinates":[104.48945,-1.6674]},"properties":{"rate_time":-14.203}},{"type":"Feature","geometry":{"type":"Point","coordinates":[104.48942,-1.66713]},"properties":{"rate_time":-13.886}},{"type":"Feature","geometry":{"type":"Point","coordinates":[104.48938,-1.66687]},"properties":{"rate_time":-13.688}},{"type":"Feature","geometry":{"type":"Point","coordinates":[104.48923,-1.66664]},"properties":{"rate_time":-13.528}},{"type":"Feature","geometry":{"type":"Point","coordinates":[104.48913,-1.66639]},"properties":{"rate_time":-13.475}},{"type":"Feature","geometry":{"type":"Point","coordinates":[104.48905,-1.66613]},"properties":{"rate_time":-13.482}},{"type":"Feature","geometry":{"type":"Point","coordinates":[104.489,-1.66586]},"properties":{"rate_time":-13.462}},{"type":"Feature","geometry":{"type":"Point","coordinates":[104.48892,-1.66561]},"properties":{"rate_time":-13.457}},{"type":"Feature","geometry":{"type":"Point","coordinates":[104.48883,-1.66535]},"properties":{"rate_time":-13.428}},{"type":"Feature","geometry":{"type":"Point","coordinates":[104.48878,-1.66509]},"properties":{"rate_time":-13.404}},{"type":"Feature","geometry":{"type":"Point","coordinates":[104.48866,-1.66486]},"properties":{"rate_time":-13.394}},{"type":"Feature","geometry":{"type":"Point","coordinates":[104.48849,-1.66465]},"properties":{"rate_time":-13.532}},{"type":"Feature","geometry":{"type":"Point","coordinates":[104.48834,-1.66442]},"properties":{"rate_time":-13.552}},{"type":"Feature","geometry":{"type":"Point","coordinates":[104.48836,-1.66415]},"properties":{"rate_time":-13.406}},{"type":"Feature","geometry":{"type":"Point","coordinates":[104.48823,-1.66392]},"properties":{"rate_time":-13.363}},{"type":"Feature","geometry":{"type":"Point","coordinates":[104.48809,-1.66368]},"properties":{"rate_time":-13.324}},{"type":"Feature","geometry":{"type":"Point","coordinates":[104.48798,-1.66344]},"properties":{"rate_time":-13.263}},{"type":"Feature","geometry":{"type":"Point","coordinates":[104.48787,-1.66319]},"properties":{"rate_time":-13.203}},{"type":"Feature","geometry":{"type":"Point","coordinates":[104.48781,-1.66293]},"properties":{"rate_time":-13.097}},{"type":"Feature","geometry":{"type":"Point","coordinates":[104.48777,-1.66266]},"properties":{"rate_time":-12.91}},{"type":"Feature","geometry":{"type":"Point","coordinates":[104.48765,-1.66242]},"properties":{"rate_time":-12.726}},{"type":"Feature","geometry":{"type":"Point","coordinates":[104.48753,-1.66217]},"properties":{"rate_time":-12.523}},{"type":"Feature","geometry":{"type":"Point","coordinates":[104.48732,-1.66201]},"properties":{"rate_time":-12.465}},{"type":"Feature","geometry":{"type":"Point","coordinates":[104.48718,-1.66179]},"properties":{"rate_time":-12.346}},{"type":"Feature","geometry":{"type":"Point","coordinates":[104.48708,-1.66154]},"properties":{"rate_time":-12.25}},{"type":"Feature","geometry":{"type":"Point","coordinates":[104.48698,-1.66129]},"properties":{"rate_time":-12.088}},{"type":"Feature","geometry":{"type":"Point","coordinates":[104.48693,-1.66102]},"properties":{"rate_time":-11.928}},{"type":"Feature","geometry":{"type":"Point","coordinates":[104.48685,-1.66077]},"properties":{"rate_time":-11.87}},{"type":"Feature","geometry":{"type":"Point","coordinates":[104.48672,-1.66053]},"properties":{"rate_time":-11.84}},{"type":"Feature","geometry":{"type":"Point","coordinates":[104.48667,-1.66027]},"properties":{"rate_time":-11.627}},{"type":"Feature","geometry":{"type":"Point","coordinates":[104.48667,-1.66]},"properties":{"rate_time":-11.318}},{"type":"Feature","geometry":{"type":"Point","coordinates":[104.48667,-1.65973]},"properties":{"rate_time":-10.949}},{"type":"Feature","geometry":{"type":"Point","coordinates":[104.4867,-1.65946]},"properties":{"rate_time":-10.512}},{"type":"Feature","geometry":{"type":"Point","coordinates":[104.48671,-1.6592]},"properties":{"rate_time":-10.355}},{"type":"Feature","geometry":{"type":"Point","coordinates":[104.48662,-1.65894]},"properties":{"rate_time":-10.386}},{"type":"Feature","geometry":{"type":"Point","coordinates":[104.48655,-1.65868]},"properties":{"rate_time":-10.263}},{"type":"Feature","geometry":{"type":"Point","coordinates":[104.4864,-1.65845]},"properties":{"rate_time":-10.083}},{"type":"Feature","geometry":{"type":"Point","coordinates":[104.48632,-1.6582]},"properties":{"rate_time":-9.912}},{"type":"Feature","geometry":{"type":"Point","coordinates":[104.48621,-1.65795]},"properties":{"rate_time":-9.956}},{"type":"Feature","geometry":{"type":"Point","coordinates":[104.4861,-1.6577]},"properties":{"rate_time":-9.971}},{"type":"Feature","geometry":{"type":"Point","coordinates":[104.486,-1.65745]},"properties":{"rate_time":-9.962}},{"type":"Feature","geometry":{"type":"Point","coordinates":[104.48587,-1.65722]},"properties":{"rate_time":-9.895}},{"type":"Feature","geometry":{"type":"Point","coordinates":[104.48577,-1.65697]},"properties":{"rate_time":-9.712}},{"type":"Feature","geometry":{"type":"Point","coordinates":[104.48562,-1.65674]},"properties":{"rate_time":-9.502}},{"type":"Feature","geometry":{"type":"Point","coordinates":[104.4855,-1.6565]},"properties":{"rate_time":-9.255}},{"type":"Feature","geometry":{"type":"Point","coordinates":[104.48532,-1.6563]},"properties":{"rate_time":-9.106}},{"type":"Feature","geometry":{"type":"Point","coordinates":[104.48515,-1.65609]},"properties":{"rate_time":-9.084}},{"type":"Feature","geometry":{"type":"Point","coordinates":[104.485,-1.65587]},"properties":{"rate_time":-9.075}},{"type":"Feature","geometry":{"type":"Point","coordinates":[104.48491,-1.65562]},"properties":{"rate_time":-8.967}},{"type":"Feature","geometry":{"type":"Point","coordinates":[104.48484,-1.65536]},"properties":{"rate_time":-8.776}},{"type":"Feature","geometry":{"type":"Point","coordinates":[104.48474,-1.65511]},"properties":{"rate_time":-8.677}},{"type":"Feature","geometry":{"type":"Point","coordinates":[104.48463,-1.65487]},"properties":{"rate_time":-8.672}},{"type":"Feature","geometry":{"type":"Point","coordinates":[104.48449,-1.65464]},"properties":{"rate_time":-8.666}},{"type":"Feature","geometry":{"type":"Point","coordinates":[104.48439,-1.65438]},"properties":{"rate_time":-8.75}},{"type":"Feature","geometry":{"type":"Point","coordinates":[104.48424,-1.65416]},"properties":{"rate_time":-8.831}},{"type":"Feature","geometry":{"type":"Point","coordinates":[104.48411,-1.65392]},"properties":{"rate_time":-8.788}},{"type":"Feature","geometry":{"type":"Point","coordinates":[104.48396,-1.65369]},"properties":{"rate_time":-8.714}},{"type":"Feature","geometry":{"type":"Point","coordinates":[104.48382,-1.65346]},"properties":{"rate_time":-8.79}},{"type":"Feature","geometry":{"type":"Point","coordinates":[104.48368,-1.65323]},"properties":{"rate_time":-8.637}},{"type":"Feature","geometry":{"type":"Point","coordinates":[104.48359,-1.65298]},"properties":{"rate_time":-8.447}},{"type":"Feature","geometry":{"type":"Point","coordinates":[104.48345,-1.65274]},"properties":{"rate_time":-8.39}},{"type":"Feature","geometry":{"type":"Point","coordinates":[104.48336,-1.65249]},"properties":{"rate_time":-8.354}},{"type":"Feature","geometry":{"type":"Point","coordinates":[104.48322,-1.65226]},"properties":{"rate_time":-8.329}},{"type":"Feature","geometry":{"type":"Point","coordinates":[104.48314,-1.652]},"properties":{"rate_time":-8.131}},{"type":"Feature","geometry":{"type":"Point","coordinates":[104.48308,-1.65174]},"properties":{"rate_time":-7.907}},{"type":"Feature","geometry":{"type":"Point","coordinates":[104.48295,-1.6515]},"properties":{"rate_time":-7.807}},{"type":"Feature","geometry":{"type":"Point","coordinates":[104.4828,-1.65128]},"properties":{"rate_time":-7.807}},{"type":"Feature","geometry":{"type":"Point","coordinates":[104.48264,-1.65107]},"properties":{"rate_time":-7.837}},{"type":"Feature","geometry":{"type":"Point","coordinates":[104.48254,-1.65081]},"properties":{"rate_time":-7.873}},{"type":"Feature","geometry":{"type":"Point","coordinates":[104.4824,-1.65059]},"properties":{"rate_time":-7.87}},{"type":"Feature","geometry":{"type":"Point","coordinates":[104.48231,-1.65033]},"properties":{"rate_time":-7.673}},{"type":"Feature","geometry":{"type":"Point","coordinates":[104.48216,-1.6501]},"properties":{"rate_time":-7.552}},{"type":"Feature","geometry":{"type":"Point","coordinates":[104.48203,-1.64987]},"properties":{"rate_time":-7.629}},{"type":"Feature","geometry":{"type":"Point","coordinates":[104.48188,-1.64964]},"properties":{"rate_time":-7.758}},{"type":"Feature","geometry":{"type":"Point","coordinates":[104.48176,-1.6494]},"properties":{"rate_time":-7.916}},{"type":"Feature","geometry":{"type":"Point","coordinates":[104.48165,-1.64916]},"properties":{"rate_time":-8.094}},{"type":"Feature","geometry":{"type":"Point","coordinates":[104.48152,-1.64892]},"properties":{"rate_time":-8.336}},{"type":"Feature","geometry":{"type":"Point","coordinates":[104.48138,-1.64869]},"properties":{"rate_time":-8.625}},{"type":"Feature","geometry":{"type":"Point","coordinates":[104.48124,-1.64846]},"properties":{"rate_time":-8.843}},{"type":"Feature","geometry":{"type":"Point","coordinates":[104.48111,-1.64822]},"properties":{"rate_time":-8.984}},{"type":"Feature","geometry":{"type":"Point","coordinates":[104.48103,-1.64797]},"properties":{"rate_time":-9.022}},{"type":"Feature","geometry":{"type":"Point","coordinates":[104.48093,-1.64772]},"properties":{"rate_time":-9.101}},{"type":"Feature","geometry":{"type":"Point","coordinates":[104.4808,-1.64749]},"properties":{"rate_time":-8.478}},{"type":"Feature","geometry":{"type":"Point","coordinates":[104.48069,-1.64724]},"properties":{"rate_time":-9.033}},{"type":"Feature","geometry":{"type":"Point","coordinates":[104.48058,-1.64699]},"properties":{"rate_time":-8.934}},{"type":"Feature","geometry":{"type":"Point","coordinates":[104.48045,-1.64675]},"properties":{"rate_time":-8.256}},{"type":"Feature","geometry":{"type":"Point","coordinates":[104.48033,-1.64651]},"properties":{"rate_time":-8.075}},{"type":"Feature","geometry":{"type":"Point","coordinates":[104.48019,-1.64628]},"properties":{"rate_time":-8.642}},{"type":"Feature","geometry":{"type":"Point","coordinates":[104.48006,-1.64604]},"properties":{"rate_time":-8.489}},{"type":"Feature","geometry":{"type":"Point","coordinates":[104.47995,-1.64579]},"properties":{"rate_time":-8.343}},{"type":"Feature","geometry":{"type":"Point","coordinates":[104.47983,-1.64555]},"properties":{"rate_time":-8.271}},{"type":"Feature","geometry":{"type":"Point","coordinates":[104.47969,-1.64532]},"properties":{"rate_time":-8.273}},{"type":"Feature","geometry":{"type":"Point","coordinates":[104.47956,-1.64508]},"properties":{"rate_time":-8.177}},{"type":"Feature","geometry":{"type":"Point","coordinates":[104.47942,-1.64485]},"properties":{"rate_time":-8.141}},{"type":"Feature","geometry":{"type":"Point","coordinates":[104.47937,-1.64458]},"properties":{"rate_time":-8.041}},{"type":"Feature","geometry":{"type":"Point","coordinates":[104.47927,-1.64433]},"properties":{"rate_time":-8.08}},{"type":"Feature","geometry":{"type":"Point","coordinates":[104.47918,-1.64408]},"properties":{"rate_time":-8.089}},{"type":"Feature","geometry":{"type":"Point","coordinates":[104.47911,-1.64381]},"properties":{"rate_time":-8.14}},{"type":"Feature","geometry":{"type":"Point","coordinates":[104.47899,-1.64357]},"properties":{"rate_time":-8.118}},{"type":"Feature","geometry":{"type":"Point","coordinates":[104.47884,-1.64335]},"properties":{"rate_time":-8.01}},{"type":"Feature","geometry":{"type":"Point","coordinates":[104.47873,-1.6431]},"properties":{"rate_time":-7.925}},{"type":"Feature","geometry":{"type":"Point","coordinates":[104.47861,-1.64287]},"properties":{"rate_time":-7.791}},{"type":"Feature","geometry":{"type":"Point","coordinates":[104.47845,-1.64265]},"properties":{"rate_time":-7.831}},{"type":"Feature","geometry":{"type":"Point","coordinates":[104.47834,-1.64241]},"properties":{"rate_time":-7.844}},{"type":"Feature","geometry":{"type":"Point","coordinates":[104.47812,-1.64224]},"properties":{"rate_time":-7.937}},{"type":"Feature","geometry":{"type":"Point","coordinates":[104.47795,-1.64203]},"properties":{"rate_time":-8.006}},{"type":"Feature","geometry":{"type":"Point","coordinates":[104.47783,-1.6418]},"properties":{"rate_time":-8.091}},{"type":"Feature","geometry":{"type":"Point","coordinates":[104.4777,-1.64155]},"properties":{"rate_time":-8.066}},{"type":"Feature","geometry":{"type":"Point","coordinates":[104.4776,-1.6413]},"properties":{"rate_time":-8.121}},{"type":"Feature","geometry":{"type":"Point","coordinates":[104.47749,-1.64106]},"properties":{"rate_time":-8.1}},{"type":"Feature","geometry":{"type":"Point","coordinates":[104.47734,-1.64083]},"properties":{"rate_time":-8.245}},{"type":"Feature","geometry":{"type":"Point","coordinates":[104.4772,-1.6406]},"properties":{"rate_time":-8.401}},{"type":"Feature","geometry":{"type":"Point","coordinates":[104.47709,-1.64035]},"properties":{"rate_time":-8.531}},{"type":"Feature","geometry":{"type":"Point","coordinates":[104.477,-1.6401]},"properties":{"rate_time":-8.543}},{"type":"Feature","geometry":{"type":"Point","coordinates":[104.47687,-1.63986]},"properties":{"rate_time":-8.402}},{"type":"Feature","geometry":{"type":"Point","coordinates":[104.47676,-1.63961]},"properties":{"rate_time":-8.386}},{"type":"Feature","geometry":{"type":"Point","coordinates":[104.47664,-1.63937]},"properties":{"rate_time":-8.358}},{"type":"Feature","geometry":{"type":"Point","coordinates":[104.4765,-1.63914]},"properties":{"rate_time":-8.456}},{"type":"Feature","geometry":{"type":"Point","coordinates":[104.47637,-1.6389]},"properties":{"rate_time":-8.509}},{"type":"Feature","geometry":{"type":"Point","coordinates":[104.47627,-1.63865]},"properties":{"rate_time":-8.57}},{"type":"Feature","geometry":{"type":"Point","coordinates":[104.47619,-1.63839]},"properties":{"rate_time":-8.562}},{"type":"Feature","geometry":{"type":"Point","coordinates":[104.47607,-1.63815]},"properties":{"rate_time":-8.484}},{"type":"Feature","geometry":{"type":"Point","coordinates":[104.47596,-1.6379]},"properties":{"rate_time":-8.389}},{"type":"Feature","geometry":{"type":"Point","coordinates":[104.47583,-1.63766]},"properties":{"rate_time":-8.308}},{"type":"Feature","geometry":{"type":"Point","coordinates":[104.47572,-1.63742]},"properties":{"rate_time":-8.274}},{"type":"Feature","geometry":{"type":"Point","coordinates":[104.47565,-1.63716]},"properties":{"rate_time":-8.31}},{"type":"Feature","geometry":{"type":"Point","coordinates":[104.47552,-1.63693]},"properties":{"rate_time":-8.231}},{"type":"Feature","geometry":{"type":"Point","coordinates":[104.47532,-1.63674]},"properties":{"rate_time":-8.273}},{"type":"Feature","geometry":{"type":"Point","coordinates":[104.47523,-1.63648]},"properties":{"rate_time":-8.321}},{"type":"Feature","geometry":{"type":"Point","coordinates":[104.47512,-1.63623]},"properties":{"rate_time":-8.406}},{"type":"Feature","geometry":{"type":"Point","coordinates":[104.47498,-1.636]},"properties":{"rate_time":-8.575}},{"type":"Feature","geometry":{"type":"Point","coordinates":[104.47485,-1.63577]},"properties":{"rate_time":-8.682}},{"type":"Feature","geometry":{"type":"Point","coordinates":[104.47474,-1.63552]},"properties":{"rate_time":-8.645}},{"type":"Feature","geometry":{"type":"Point","coordinates":[104.47466,-1.63526]},"properties":{"rate_time":-8.598}},{"type":"Feature","geometry":{"type":"Point","coordinates":[104.47457,-1.63501]},"properties":{"rate_time":-8.606}},{"type":"Feature","geometry":{"type":"Point","coordinates":[104.47443,-1.63477]},"properties":{"rate_time":-8.576}},{"type":"Feature","geometry":{"type":"Point","coordinates":[104.47429,-1.63454]},"properties":{"rate_time":-8.572}},{"type":"Feature","geometry":{"type":"Point","coordinates":[104.47416,-1.63431]},"properties":{"rate_time":-8.56}},{"type":"Feature","geometry":{"type":"Point","coordinates":[104.47405,-1.63406]},"properties":{"rate_time":-8.56}},{"type":"Feature","geometry":{"type":"Point","coordinates":[104.47395,-1.63381]},"properties":{"rate_time":-8.505}},{"type":"Feature","geometry":{"type":"Point","coordinates":[104.47385,-1.63356]},"properties":{"rate_time":-8.475}},{"type":"Feature","geometry":{"type":"Point","coordinates":[104.47375,-1.63331]},"properties":{"rate_time":-8.4}},{"type":"Feature","geometry":{"type":"Point","coordinates":[104.47362,-1.63307]},"properties":{"rate_time":-8.268}},{"type":"Feature","geometry":{"type":"Point","coordinates":[104.4735,-1.63283]},"properties":{"rate_time":-8.209}},{"type":"Feature","geometry":{"type":"Point","coordinates":[104.47336,-1.63259]},"properties":{"rate_time":-8.247}},{"type":"Feature","geometry":{"type":"Point","coordinates":[104.47325,-1.63235]},"properties":{"rate_time":-8.12}},{"type":"Feature","geometry":{"type":"Point","coordinates":[104.47314,-1.6321]},"properties":{"rate_time":-8.037}},{"type":"Feature","geometry":{"type":"Point","coordinates":[104.47307,-1.63183]},"properties":{"rate_time":-7.958}},{"type":"Feature","geometry":{"type":"Point","coordinates":[104.47296,-1.63159]},"properties":{"rate_time":-7.908}},{"type":"Feature","geometry":{"type":"Point","coordinates":[104.47284,-1.63135]},"properties":{"rate_time":-7.724}},{"type":"Feature","geometry":{"type":"Point","coordinates":[104.4727,-1.63112]},"properties":{"rate_time":-7.696}},{"type":"Feature","geometry":{"type":"Point","coordinates":[104.47257,-1.63088]},"properties":{"rate_time":-7.821}},{"type":"Feature","geometry":{"type":"Point","coordinates":[104.47247,-1.63063]},"properties":{"rate_time":-7.796}},{"type":"Feature","geometry":{"type":"Point","coordinates":[104.47236,-1.63038]},"properties":{"rate_time":-7.609}},{"type":"Feature","geometry":{"type":"Point","coordinates":[104.47222,-1.63015]},"properties":{"rate_time":-7.548}},{"type":"Feature","geometry":{"type":"Point","coordinates":[104.47211,-1.6299]},"properties":{"rate_time":-7.645}},{"type":"Feature","geometry":{"type":"Point","coordinates":[104.472,-1.62966]},"properties":{"rate_time":-7.717}},{"type":"Feature","geometry":{"type":"Point","coordinates":[104.47188,-1.62941]},"properties":{"rate_time":-7.802}},{"type":"Feature","geometry":{"type":"Point","coordinates":[104.47173,-1.62918]},"properties":{"rate_time":-7.888}},{"type":"Feature","geometry":{"type":"Point","coordinates":[104.47161,-1.62894]},"properties":{"rate_time":-8.051}},{"type":"Feature","geometry":{"type":"Point","coordinates":[104.47147,-1.62871]},"properties":{"rate_time":-8.202}},{"type":"Feature","geometry":{"type":"Point","coordinates":[104.47139,-1.62847]},"properties":{"rate_time":-8.191}},{"type":"Feature","geometry":{"type":"Point","coordinates":[104.47137,-1.62821]},"properties":{"rate_time":-8.002}},{"type":"Feature","geometry":{"type":"Point","coordinates":[104.47129,-1.62797]},"properties":{"rate_time":-7.917}},{"type":"Feature","geometry":{"type":"Point","coordinates":[104.47134,-1.6277]},"properties":{"rate_time":-7.808}},{"type":"Feature","geometry":{"type":"Point","coordinates":[104.47134,-1.62743]},"properties":{"rate_time":-7.562}},{"type":"Feature","geometry":{"type":"Point","coordinates":[104.4712,-1.6272]},"properties":{"rate_time":-7.29}},{"type":"Feature","geometry":{"type":"Point","coordinates":[104.47107,-1.62696]},"properties":{"rate_time":-7.517}},{"type":"Feature","geometry":{"type":"Point","coordinates":[104.47086,-1.6268]},"properties":{"rate_time":-7.73}},{"type":"Feature","geometry":{"type":"Point","coordinates":[104.47073,-1.62658]},"properties":{"rate_time":-7.806}},{"type":"Feature","geometry":{"type":"Point","coordinates":[104.47067,-1.62633]},"properties":{"rate_time":-7.819}},{"type":"Feature","geometry":{"type":"Point","coordinates":[104.47071,-1.62607]},"properties":{"rate_time":-7.787}},{"type":"Feature","geometry":{"type":"Point","coordinates":[104.47061,-1.62583]},"properties":{"rate_time":-7.919}},{"type":"Feature","geometry":{"type":"Point","coordinates":[104.47041,-1.62565]},"properties":{"rate_time":-8.105}},{"type":"Feature","geometry":{"type":"Point","coordinates":[104.47028,-1.62542]},"properties":{"rate_time":-8.181}},{"type":"Feature","geometry":{"type":"Point","coordinates":[104.47008,-1.6253]},"properties":{"rate_time":-8.33}},{"type":"Feature","geometry":{"type":"Point","coordinates":[104.46993,-1.62512]},"properties":{"rate_time":-8.494}},{"type":"Feature","geometry":{"type":"Point","coordinates":[104.46978,-1.6249]},"properties":{"rate_time":-8.617}},{"type":"Feature","geometry":{"type":"Point","coordinates":[104.46964,-1.62467]},"properties":{"rate_time":-8.93}},{"type":"Feature","geometry":{"type":"Point","coordinates":[104.46956,-1.62441]},"properties":{"rate_time":-9.017}},{"type":"Feature","geometry":{"type":"Point","coordinates":[104.46955,-1.62414]},"properties":{"rate_time":-9.029}},{"type":"Feature","geometry":{"type":"Point","coordinates":[104.46957,-1.62388]},"properties":{"rate_time":-7.923}},{"type":"Feature","geometry":{"type":"Point","coordinates":[104.46967,-1.62363]},"properties":{"rate_time":-7.862}},{"type":"Feature","geometry":{"type":"Point","coordinates":[104.46976,-1.62339]},"properties":{"rate_time":-7.802}},{"type":"Feature","geometry":{"type":"Point","coordinates":[104.46961,-1.62318]},"properties":{"rate_time":-7.777}},{"type":"Feature","geometry":{"type":"Point","coordinates":[104.46937,-1.62309]},"properties":{"rate_time":-7.832}},{"type":"Feature","geometry":{"type":"Point","coordinates":[104.46913,-1.623]},"properties":{"rate_time":-7.887}},{"type":"Feature","geometry":{"type":"Point","coordinates":[104.46906,-1.62275]},"properties":{"rate_time":-7.95}},{"type":"Feature","geometry":{"type":"Point","coordinates":[104.46906,-1.62248]},"properties":{"rate_time":-8.034}},{"type":"Feature","geometry":{"type":"Point","coordinates":[104.46901,-1.62222]},"properties":{"rate_time":-8.22}},{"type":"Feature","geometry":{"type":"Point","coordinates":[104.46891,-1.62197]},"properties":{"rate_time":-8.625}},{"type":"Feature","geometry":{"type":"Point","coordinates":[104.46879,-1.62173]},"properties":{"rate_time":-9.068}},{"type":"Feature","geometry":{"type":"Point","coordinates":[104.46863,-1.62152]},"properties":{"rate_time":-9.558}},{"type":"Feature","geometry":{"type":"Point","coordinates":[104.46855,-1.62126]},"properties":{"rate_time":-9.838}},{"type":"Feature","geometry":{"type":"Point","coordinates":[104.46848,-1.621]},"properties":{"rate_time":-9.798}},{"type":"Feature","geometry":{"type":"Point","coordinates":[104.46832,-1.62078]},"properties":{"rate_time":-9.698}},{"type":"Feature","geometry":{"type":"Point","coordinates":[104.46829,-1.62057]},"properties":{"rate_time":-9.594}},{"type":"Feature","geometry":{"type":"Point","coordinates":[104.46822,-1.62042]},"properties":{"rate_time":-9.496}},{"type":"Feature","geometry":{"type":"Point","coordinates":[104.46799,-1.62031]},"properties":{"rate_time":-9.365}},{"type":"Feature","geometry":{"type":"Point","coordinates":[104.46782,-1.62011]},"properties":{"rate_time":-9.17}},{"type":"Feature","geometry":{"type":"Point","coordinates":[104.46781,-1.61984]},"properties":{"rate_time":-8.917}},{"type":"Feature","geometry":{"type":"Point","coordinates":[104.46793,-1.6196]},"properties":{"rate_time":-8.692}},{"type":"Feature","geometry":{"type":"Point","coordinates":[104.46797,-1.61934]},"properties":{"rate_time":-8.442}},{"type":"Feature","geometry":{"type":"Point","coordinates":[104.4676,-1.6191]},"properties":{"rate_time":-8.147}},{"type":"Feature","geometry":{"type":"Point","coordinates":[104.46785,-1.6191]},"properties":{"rate_time":-8.109}},{"type":"Feature","geometry":{"type":"Point","coordinates":[104.46752,-1.61888]},"properties":{"rate_time":-9.221}},{"type":"Feature","geometry":{"type":"Point","coordinates":[104.46757,-1.61862]},"properties":{"rate_time":-7.6}},{"type":"Feature","geometry":{"type":"Point","coordinates":[104.46755,-1.61835]},"properties":{"rate_time":-7.463}},{"type":"Feature","geometry":{"type":"Point","coordinates":[104.46743,-1.61811]},"properties":{"rate_time":-8.486}},{"type":"Feature","geometry":{"type":"Point","coordinates":[104.46731,-1.61787]},"properties":{"rate_time":-8.223}},{"type":"Feature","geometry":{"type":"Point","coordinates":[104.46706,-1.61782]},"properties":{"rate_time":-8.075}},{"type":"Feature","geometry":{"type":"Point","coordinates":[104.46681,-1.61772]},"properties":{"rate_time":-8.002}},{"type":"Feature","geometry":{"type":"Point","coordinates":[104.46678,-1.61745]},"properties":{"rate_time":-7.933}},{"type":"Feature","geometry":{"type":"Point","coordinates":[104.46677,-1.61718]},"properties":{"rate_time":-7.554}},{"type":"Feature","geometry":{"type":"Point","coordinates":[104.46668,-1.61692]},"properties":{"rate_time":-7.279}},{"type":"Feature","geometry":{"type":"Point","coordinates":[104.46665,-1.61665]},"properties":{"rate_time":-7.065}},{"type":"Feature","geometry":{"type":"Point","coordinates":[104.46663,-1.61638]},"properties":{"rate_time":-6.893}},{"type":"Feature","geometry":{"type":"Point","coordinates":[104.46661,-1.61611]},"properties":{"rate_time":-6.833}},{"type":"Feature","geometry":{"type":"Point","coordinates":[104.46663,-1.61584]},"properties":{"rate_time":-6.616}},{"type":"Feature","geometry":{"type":"Point","coordinates":[104.46644,-1.61567]},"properties":{"rate_time":-6.573}},{"type":"Feature","geometry":{"type":"Point","coordinates":[104.46638,-1.61541]},"properties":{"rate_time":-6.553}},{"type":"Feature","geometry":{"type":"Point","coordinates":[104.46639,-1.61514]},"properties":{"rate_time":-6.574}},{"type":"Feature","geometry":{"type":"Point","coordinates":[104.46633,-1.61488]},"properties":{"rate_time":-6.711}},{"type":"Feature","geometry":{"type":"Point","coordinates":[104.46623,-1.61463]},"properties":{"rate_time":-7.011}},{"type":"Feature","geometry":{"type":"Point","coordinates":[104.46602,-1.61453]},"properties":{"rate_time":-7.212}},{"type":"Feature","geometry":{"type":"Point","coordinates":[104.46575,-1.61447]},"properties":{"rate_time":-7.367}},{"type":"Feature","geometry":{"type":"Point","coordinates":[104.46576,-1.61423]},"properties":{"rate_time":-7.231}},{"type":"Feature","geometry":{"type":"Point","coordinates":[104.46583,-1.61396]},"properties":{"rate_time":-6.992}},{"type":"Feature","geometry":{"type":"Point","coordinates":[104.46593,-1.61371]},"properties":{"rate_time":-6.796}},{"type":"Feature","geometry":{"type":"Point","coordinates":[104.46599,-1.61345]},"properties":{"rate_time":-6.647}},{"type":"Feature","geometry":{"type":"Point","coordinates":[104.46593,-1.61319]},"properties":{"rate_time":-6.582}},{"type":"Feature","geometry":{"type":"Point","coordinates":[104.46577,-1.61297]},"properties":{"rate_time":-6.826}},{"type":"Feature","geometry":{"type":"Point","coordinates":[104.46562,-1.61274]},"properties":{"rate_time":-7.165}},{"type":"Feature","geometry":{"type":"Point","coordinates":[104.46551,-1.6125]},"properties":{"rate_time":-7.582}},{"type":"Feature","geometry":{"type":"Point","coordinates":[104.46551,-1.61223]},"properties":{"rate_time":-7.768}},{"type":"Feature","geometry":{"type":"Point","coordinates":[104.4655,-1.61196]},"properties":{"rate_time":-7.888}},{"type":"Feature","geometry":{"type":"Point","coordinates":[104.46542,-1.6117]},"properties":{"rate_time":-7.112}},{"type":"Feature","geometry":{"type":"Point","coordinates":[104.46536,-1.61144]},"properties":{"rate_time":-7.04}},{"type":"Feature","geometry":{"type":"Point","coordinates":[104.46521,-1.61122]},"properties":{"rate_time":-8.222}},{"type":"Feature","geometry":{"type":"Point","coordinates":[104.4652,-1.61095]},"properties":{"rate_time":-7.435}},{"type":"Feature","geometry":{"type":"Point","coordinates":[104.46499,-1.61079]},"properties":{"rate_time":-7.521}},{"type":"Feature","geometry":{"type":"Point","coordinates":[104.46475,-1.61068]},"properties":{"rate_time":-7.639}},{"type":"Feature","geometry":{"type":"Point","coordinates":[104.46469,-1.61044]},"properties":{"rate_time":-7.591}},{"type":"Feature","geometry":{"type":"Point","coordinates":[104.46483,-1.61021]},"properties":{"rate_time":-7.394}},{"type":"Feature","geometry":{"type":"Point","coordinates":[104.46486,-1.60996]},"properties":{"rate_time":-7.32}},{"type":"Feature","geometry":{"type":"Point","coordinates":[104.46473,-1.60972]},"properties":{"rate_time":-7.21}},{"type":"Feature","geometry":{"type":"Point","coordinates":[104.46461,-1.60948]},"properties":{"rate_time":-6.747}},{"type":"Feature","geometry":{"type":"Point","coordinates":[104.46443,-1.60929]},"properties":{"rate_time":-6.747}},{"type":"Feature","geometry":{"type":"Point","coordinates":[104.46447,-1.60902]},"properties":{"rate_time":-6.69}},{"type":"Feature","geometry":{"type":"Point","coordinates":[104.46445,-1.60876]},"properties":{"rate_time":-6.535}},{"type":"Feature","geometry":{"type":"Point","coordinates":[104.46427,-1.60856]},"properties":{"rate_time":-6.556}},{"type":"Feature","geometry":{"type":"Point","coordinates":[104.46418,-1.60831]},"properties":{"rate_time":-6.527}},{"type":"Feature","geometry":{"type":"Point","coordinates":[104.46412,-1.60804]},"properties":{"rate_time":-4.74}},{"type":"Feature","geometry":{"type":"Point","coordinates":[104.46401,-1.6078]},"properties":{"rate_time":-7.518}},{"type":"Feature","geometry":{"type":"Point","coordinates":[104.46393,-1.60754]},"properties":{"rate_time":-7.435}},{"type":"Feature","geometry":{"type":"Point","coordinates":[104.4639,-1.60727]},"properties":{"rate_time":-7.806}},{"type":"Feature","geometry":{"type":"Point","coordinates":[104.46383,-1.60702]},"properties":{"rate_time":-7.702}},{"type":"Feature","geometry":{"type":"Point","coordinates":[104.46369,-1.6068]},"properties":{"rate_time":-7.752}},{"type":"Feature","geometry":{"type":"Point","coordinates":[104.4636,-1.60654]},"properties":{"rate_time":-7.662}},{"type":"Feature","geometry":{"type":"Point","coordinates":[104.46352,-1.60628]},"properties":{"rate_time":-5.684}},{"type":"Feature","geometry":{"type":"Point","coordinates":[104.46355,-1.60601]},"properties":{"rate_time":-7.298}},{"type":"Feature","geometry":{"type":"Point","coordinates":[104.46359,-1.60576]},"properties":{"rate_time":-7.186}},{"type":"Feature","geometry":{"type":"Point","coordinates":[104.46341,-1.60556]},"properties":{"rate_time":-6.651}},{"type":"Feature","geometry":{"type":"Point","coordinates":[104.46324,-1.60536]},"properties":{"rate_time":-6.854}},{"type":"Feature","geometry":{"type":"Point","coordinates":[104.46317,-1.60512]},"properties":{"rate_time":-7.022}},{"type":"Feature","geometry":{"type":"Point","coordinates":[104.46325,-1.60486]},"properties":{"rate_time":-6.194}},{"type":"Feature","geometry":{"type":"Point","coordinates":[104.46329,-1.6046]},"properties":{"rate_time":-6.149}},{"type":"Feature","geometry":{"type":"Point","coordinates":[104.46326,-1.60433]},"properties":{"rate_time":-6.204}},{"type":"Feature","geometry":{"type":"Point","coordinates":[104.46322,-1.60408]},"properties":{"rate_time":-6.286}},{"type":"Feature","geometry":{"type":"Point","coordinates":[104.46299,-1.60393]},"properties":{"rate_time":-7.004}},{"type":"Feature","geometry":{"type":"Point","coordinates":[104.46298,-1.60378]},"properties":{"rate_time":-6.977}},{"type":"Feature","geometry":{"type":"Point","coordinates":[104.463,-1.60354]},"properties":{"rate_time":-6.922}},{"type":"Feature","geometry":{"type":"Point","coordinates":[104.46275,-1.60354]},"properties":{"rate_time":-7.03}},{"type":"Feature","geometry":{"type":"Point","coordinates":[104.46264,-1.60332]},"properties":{"rate_time":-7.006}},{"type":"Feature","geometry":{"type":"Point","coordinates":[104.46261,-1.60305]},"properties":{"rate_time":-6.858}},{"type":"Feature","geometry":{"type":"Point","coordinates":[104.46248,-1.60282]},"properties":{"rate_time":-6.896}},{"type":"Feature","geometry":{"type":"Point","coordinates":[104.46223,-1.60278]},"properties":{"rate_time":-7.075}},{"type":"Feature","geometry":{"type":"Point","coordinates":[104.46198,-1.6027]},"properties":{"rate_time":-7.313}},{"type":"Feature","geometry":{"type":"Point","coordinates":[104.46176,-1.60243]},"properties":{"rate_time":-7.567}},{"type":"Feature","geometry":{"type":"Point","coordinates":[104.46338,-1.60241]},"properties":{"rate_time":-7.17}},{"type":"Feature","geometry":{"type":"Point","coordinates":[104.46358,-1.60237]},"properties":{"rate_time":-7.316}},{"type":"Feature","geometry":{"type":"Point","coordinates":[104.46314,-1.60229]},"properties":{"rate_time":-7.083}},{"type":"Feature","geometry":{"type":"Point","coordinates":[104.46198,-1.60227]},"properties":{"rate_time":-7.344}},{"type":"Feature","geometry":{"type":"Point","coordinates":[104.46374,-1.60214]},"properties":{"rate_time":-7.538}},{"type":"Feature","geometry":{"type":"Point","coordinates":[104.46294,-1.60212]},"properties":{"rate_time":-6.898}},{"type":"Feature","geometry":{"type":"Point","coordinates":[104.46217,-1.60209]},"properties":{"rate_time":-7.167}},{"type":"Feature","geometry":{"type":"Point","coordinates":[104.46396,-1.60203]},"properties":{"rate_time":-7.729}},{"type":"Feature","geometry":{"type":"Point","coordinates":[104.46285,-1.60187]},"properties":{"rate_time":-6.762}},{"type":"Feature","geometry":{"type":"Point","coordinates":[104.46408,-1.60187]},"properties":{"rate_time":-7.798}},{"type":"Feature","geometry":{"type":"Point","coordinates":[104.46217,-1.60184]},"properties":{"rate_time":-6.961}},{"type":"Feature","geometry":{"type":"Point","coordinates":[104.46199,-1.60164]},"properties":{"rate_time":-7.0}},{"type":"Feature","geometry":{"type":"Point","coordinates":[104.46396,-1.60163]},"properties":{"rate_time":-7.698}},{"type":"Feature","geometry":{"type":"Point","coordinates":[104.46281,-1.60161]},"properties":{"rate_time":-6.413}},{"type":"Feature","geometry":{"type":"Point","coordinates":[104.4618,-1.60145]},"properties":{"rate_time":-7.115}},{"type":"Feature","geometry":{"type":"Point","coordinates":[104.46385,-1.60138]},"properties":{"rate_time":-7.798}},{"type":"Feature","geometry":{"type":"Point","coordinates":[104.46271,-1.60136]},"properties":{"rate_time":-5.922}},{"type":"Feature","geometry":{"type":"Point","coordinates":[104.46177,-1.60118]},"properties":{"rate_time":-7.187}},{"type":"Feature","geometry":{"type":"Point","coordinates":[104.46382,-1.60111]},"properties":{"rate_time":-6.892}},{"type":"Feature","geometry":{"type":"Point","coordinates":[104.46262,-1.6011]},"properties":{"rate_time":-5.855}},{"type":"Feature","geometry":{"type":"Point","coordinates":[104.46186,-1.60093]},"properties":{"rate_time":-7.04}},{"type":"Feature","geometry":{"type":"Point","coordinates":[104.46367,-1.60091]},"properties":{"rate_time":-6.727}},{"type":"Feature","geometry":{"type":"Point","coordinates":[104.46251,-1.60085]},"properties":{"rate_time":-5.742}},{"type":"Feature","geometry":{"type":"Point","coordinates":[104.46367,-1.60065]},"properties":{"rate_time":-5.721}},{"type":"Feature","geometry":{"type":"Point","coordinates":[104.46239,-1.60061]},"properties":{"rate_time":-6.06}},{"type":"Feature","geometry":{"type":"Point","coordinates":[104.46364,-1.60038]},"properties":{"rate_time":-7.643}},{"type":"Feature","geometry":{"type":"Point","coordinates":[104.46228,-1.60036]},"properties":{"rate_time":-6.482}},{"type":"Feature","geometry":{"type":"Point","coordinates":[104.46214,-1.60013]},"properties":{"rate_time":-6.134}},{"type":"Feature","geometry":{"type":"Point","coordinates":[104.46357,-1.60012]},"properties":{"rate_time":-6.841}},{"type":"Feature","geometry":{"type":"Point","coordinates":[104.46337,-1.60008]},"properties":{"rate_time":-6.03}},{"type":"Feature","geometry":{"type":"Point","coordinates":[104.46314,-1.60007]},"properties":{"rate_time":-6.047}},{"type":"Feature","geometry":{"type":"Point","coordinates":[104.46293,-1.59989]},"properties":{"rate_time":-5.904}},{"type":"Feature","geometry":{"type":"Point","coordinates":[104.46205,-1.59988]},"properties":{"rate_time":-6.006}},{"type":"Feature","geometry":{"type":"Point","coordinates":[104.46289,-1.59967]},"properties":{"rate_time":-5.607}},{"type":"Feature","geometry":{"type":"Point","coordinates":[104.46198,-1.59962]},"properties":{"rate_time":-5.875}},{"type":"Feature","geometry":{"type":"Point","coordinates":[104.46295,-1.59941]},"properties":{"rate_time":-5.269}},{"type":"Feature","geometry":{"type":"Point","coordinates":[104.46187,-1.59938]},"properties":{"rate_time":-4.799}},{"type":"Feature","geometry":{"type":"Point","coordinates":[104.46299,-1.59915]},"properties":{"rate_time":-5.068}},{"type":"Feature","geometry":{"type":"Point","coordinates":[104.46178,-1.59912]},"properties":{"rate_time":-5.475}},{"type":"Feature","geometry":{"type":"Point","coordinates":[104.463,-1.59888]},"properties":{"rate_time":-5.047}},{"type":"Feature","geometry":{"type":"Point","coordinates":[104.46292,-1.59863]},"properties":{"rate_time":-5.0}},{"type":"Feature","geometry":{"type":"Point","coordinates":[104.46277,-1.59841]},"properties":{"rate_time":-4.788}},{"type":"Feature","geometry":{"type":"Point","coordinates":[104.4627,-1.59815]},"properties":{"rate_time":-4.609}},{"type":"Feature","geometry":{"type":"Point","coordinates":[104.46256,-1.59792]},"properties":{"rate_time":-4.642}},{"type":"Feature","geometry":{"type":"Point","coordinates":[104.46263,-1.59766]},"properties":{"rate_time":-4.597}},{"type":"Feature","geometry":{"type":"Point","coordinates":[104.46264,-1.59739]},"properties":{"rate_time":-4.396}},{"type":"Feature","geometry":{"type":"Point","coordinates":[104.46255,-1.59713]},"properties":{"rate_time":-4.465}},{"type":"Feature","geometry":{"type":"Point","coordinates":[104.46248,-1.59687]},"properties":{"rate_time":-4.496}},{"type":"Feature","geometry":{"type":"Point","coordinates":[104.46242,-1.59661]},"properties":{"rate_time":-4.445}},{"type":"Feature","geometry":{"type":"Point","coordinates":[104.46252,-1.59638]},"properties":{"rate_time":-4.245}},{"type":"Feature","geometry":{"type":"Point","coordinates":[104.46261,-1.59613]},"properties":{"rate_time":-4.026}},{"type":"Feature","geometry":{"type":"Point","coordinates":[104.4626,-1.59587]},"properties":{"rate_time":-3.909}},{"type":"Feature","geometry":{"type":"Point","coordinates":[104.46254,-1.5956]},"properties":{"rate_time":-3.712}},{"type":"Feature","geometry":{"type":"Point","coordinates":[104.4625,-1.59534]},"properties":{"rate_time":-3.426}},{"type":"Feature","geometry":{"type":"Point","coordinates":[104.46239,-1.5951]},"properties":{"rate_time":-3.049}},{"type":"Feature","geometry":{"type":"Point","coordinates":[104.46193,-1.59491]},"properties":{"rate_time":-2.87}},{"type":"Feature","geometry":{"type":"Point","coordinates":[104.46219,-1.59491]},"properties":{"rate_time":-2.827}},{"type":"Feature","geometry":{"type":"Point","coordinates":[104.46217,-1.59303]},"properties":{"rate_time":-4.437}},{"type":"Feature","geometry":{"type":"Point","coordinates":[104.4624,-1.5929]},"properties":{"rate_time":-3.08}},{"type":"Feature","geometry":{"type":"Point","coordinates":[104.46209,-1.59277]},"properties":{"rate_time":-4.312}},{"type":"Feature","geometry":{"type":"Point","coordinates":[104.46246,-1.59266]},"properties":{"rate_time":-3.059}},{"type":"Feature","geometry":{"type":"Point","coordinates":[104.46195,-1.59255]},"properties":{"rate_time":-4.128}},{"type":"Feature","geometry":{"type":"Point","coordinates":[104.46229,-1.59252]},"properties":{"rate_time":-3.228}},{"type":"Feature","geometry":{"type":"Point","coordinates":[104.46202,-1.59248]},"properties":{"rate_time":-4.087}},{"type":"Feature","geometry":{"type":"Point","coordinates":[104.46189,-1.59229]},"properties":{"rate_time":-4.424}},{"type":"Feature","geometry":{"type":"Point","coordinates":[104.46194,-1.59228]},"properties":{"rate_time":-3.203}},{"type":"Feature","geometry":{"type":"Point","coordinates":[104.46205,-1.59205]},"properties":{"rate_time":-2.928}},{"type":"Feature","geometry":{"type":"Point","coordinates":[104.46208,-1.59181]},"properties":{"rate_time":-2.948}},{"type":"Feature","geometry":{"type":"Point","coordinates":[104.46174,-1.60258]},"properties":{"rate_time":-7.596}},{"type":"Feature","geometry":{"type":"Point","coordinates":[104.46175,-1.6007]},"properties":{"rate_time":-6.939}},{"type":"Feature","geometry":{"type":"Point","coordinates":[104.46168,-1.60045]},"properties":{"rate_time":-7.172}},{"type":"Feature","geometry":{"type":"Point","coordinates":[104.46167,-1.60018]},"properties":{"rate_time":-6.803}},{"type":"Feature","geometry":{"type":"Point","coordinates":[104.46158,-1.59993]},"properties":{"rate_time":-6.113}},{"type":"Feature","geometry":{"type":"Point","coordinates":[104.46141,-1.59972]},"properties":{"rate_time":-5.981}},{"type":"Feature","geometry":{"type":"Point","coordinates":[104.46122,-1.59953]},"properties":{"rate_time":-5.877}},{"type":"Feature","geometry":{"type":"Point","coordinates":[104.46101,-1.59936]},"properties":{"rate_time":-5.794}},{"type":"Feature","geometry":{"type":"Point","coordinates":[104.4609,-1.59914]},"properties":{"rate_time":-5.779}},{"type":"Feature","geometry":{"type":"Point","coordinates":[104.46099,-1.59891]},"properties":{"rate_time":-5.543}},{"type":"Feature","geometry":{"type":"Point","coordinates":[104.46175,-1.59885]},"properties":{"rate_time":-5.109}},{"type":"Feature","geometry":{"type":"Point","coordinates":[104.46114,-1.5987]},"properties":{"rate_time":-5.311}},{"type":"Feature","geometry":{"type":"Point","coordinates":[104.46173,-1.59858]},"properties":{"rate_time":-4.667}},{"type":"Feature","geometry":{"type":"Point","coordinates":[104.46099,-1.59848]},"properties":{"rate_time":-5.396}},{"type":"Feature","geometry":{"type":"Point","coordinates":[104.46165,-1.59833]},"properties":{"rate_time":-4.171}},{"type":"Feature","geometry":{"type":"Point","coordinates":[104.46078,-1.59831]},"properties":{"rate_time":-5.549}},{"type":"Feature","geometry":{"type":"Point","coordinates":[104.46053,-1.59822]},"properties":{"rate_time":-5.823}},{"type":"Feature","geometry":{"type":"Point","coordinates":[104.46147,-1.59814]},"properties":{"rate_time":-5.07}},{"type":"Feature","geometry":{"type":"Point","coordinates":[104.46104,-1.59814]},"properties":{"rate_time":-5.539}},{"type":"Feature","geometry":{"type":"Point","coordinates":[104.46128,-1.59805]},"properties":{"rate_time":-4.918}},{"type":"Feature","geometry":{"type":"Point","coordinates":[104.46079,-1.59804]},"properties":{"rate_time":-5.355}},{"type":"Feature","geometry":{"type":"Point","coordinates":[104.46042,-1.59798]},"properties":{"rate_time":-5.893}},{"type":"Feature","geometry":{"type":"Point","coordinates":[104.46057,-1.59787]},"properties":{"rate_time":-6.502}},{"type":"Feature","geometry":{"type":"Point","coordinates":[104.46145,-1.59506]},"properties":{"rate_time":-3.64}},{"type":"Feature","geometry":{"type":"Point","coordinates":[104.4617,-1.59504]},"properties":{"rate_time":-3.298}},{"type":"Feature","geometry":{"type":"Point","coordinates":[104.46128,-1.59489]},"properties":{"rate_time":-3.689}},{"type":"Feature","geometry":{"type":"Point","coordinates":[104.46133,-1.59462]},"properties":{"rate_time":-3.349}},{"type":"Feature","geometry":{"type":"Point","coordinates":[104.46137,-1.59436]},"properties":{"rate_time":-3.182}},{"type":"Feature","geometry":{"type":"Point","coordinates":[104.46126,-1.59411]},"properties":{"rate_time":-3.184}},{"type":"Feature","geometry":{"type":"Point","coordinates":[104.46117,-1.59386]},"properties":{"rate_time":-3.504}},{"type":"Feature","geometry":{"type":"Point","coordinates":[104.46103,-1.59362]},"properties":{"rate_time":-3.599}},{"type":"Feature","geometry":{"type":"Point","coordinates":[104.461,-1.59336]},"properties":{"rate_time":-3.615}},{"type":"Feature","geometry":{"type":"Point","coordinates":[104.46031,-1.59312]},"properties":{"rate_time":-4.239}},{"type":"Feature","geometry":{"type":"Point","coordinates":[104.461,-1.59309]},"properties":{"rate_time":-4.657}},{"type":"Feature","geometry":{"type":"Point","coordinates":[104.46017,-1.59301]},"properties":{"rate_time":-4.572}},{"type":"Feature","geometry":{"type":"Point","coordinates":[104.46082,-1.59295]},"properties":{"rate_time":-4.636}},{"type":"Feature","geometry":{"type":"Point","coordinates":[104.46045,-1.59288]},"properties":{"rate_time":-3.975}},{"type":"Feature","geometry":{"type":"Point","coordinates":[104.46061,-1.59278]},"properties":{"rate_time":-4.512}},{"type":"Feature","geometry":{"type":"Point","coordinates":[104.46012,-1.59274]},"properties":{"rate_time":-3.812}},{"type":"Feature","geometry":{"type":"Point","coordinates":[104.46007,-1.59247]},"properties":{"rate_time":-3.956}},{"type":"Feature","geometry":{"type":"Point","coordinates":[104.46004,-1.59221]},"properties":{"rate_time":-3.951}},{"type":"Feature","geometry":{"type":"Point","coordinates":[104.46176,-1.59207]},"properties":{"rate_time":-3.066}},{"type":"Feature","geometry":{"type":"Point","coordinates":[104.46002,-1.59193]},"properties":{"rate_time":-3.808}},{"type":"Feature","geometry":{"type":"Point","coordinates":[104.46156,-1.5919]},"properties":{"rate_time":-5.0}},{"type":"Feature","geometry":{"type":"Point","coordinates":[104.46134,-1.59175]},"properties":{"rate_time":-5.079}},{"type":"Feature","geometry":{"type":"Point","coordinates":[104.45996,-1.59167]},"properties":{"rate_time":-4.983}},{"type":"Feature","geometry":{"type":"Point","coordinates":[104.46125,-1.5915]},"properties":{"rate_time":-5.088}},{"type":"Feature","geometry":{"type":"Point","coordinates":[104.45993,-1.5914]},"properties":{"rate_time":-4.945}},{"type":"Feature","geometry":{"type":"Point","coordinates":[104.46116,-1.59124]},"properties":{"rate_time":-2.493}},{"type":"Feature","geometry":{"type":"Point","coordinates":[104.45998,-1.59113]},"properties":{"rate_time":-5.851}},{"type":"Feature","geometry":{"type":"Point","coordinates":[104.46194,-1.59158]},"properties":{"rate_time":-3.065}},{"type":"Feature","geometry":{"type":"Point","coordinates":[104.46179,-1.59137]},"properties":{"rate_time":-3.123}},{"type":"Feature","geometry":{"type":"Point","coordinates":[104.46188,-1.59111]},"properties":{"rate_time":-2.85}},{"type":"Feature","geometry":{"type":"Point","coordinates":[104.4618,-1.59085]},"properties":{"rate_time":-2.798}},{"type":"Feature","geometry":{"type":"Point","coordinates":[104.46105,-1.59099]},"properties":{"rate_time":-4.035}},{"type":"Feature","geometry":{"type":"Point","coordinates":[104.46007,-1.59088]},"properties":{"rate_time":-4.815}},{"type":"Feature","geometry":{"type":"Point","coordinates":[104.46092,-1.59076]},"properties":{"rate_time":-4.826}},{"type":"Feature","geometry":{"type":"Point","coordinates":[104.46008,-1.59061]},"properties":{"rate_time":-2.047}},{"type":"Feature","geometry":{"type":"Point","coordinates":[104.46168,-1.59061]},"properties":{"rate_time":-2.49}},{"type":"Feature","geometry":{"type":"Point","coordinates":[104.46077,-1.59054]},"properties":{"rate_time":-2.256}},{"type":"Feature","geometry":{"type":"Point","coordinates":[104.46003,-1.59034]},"properties":{"rate_time":-1.506}},{"type":"Feature","geometry":{"type":"Point","coordinates":[104.46165,-1.59034]},"properties":{"rate_time":-2.221}},{"type":"Feature","geometry":{"type":"Point","coordinates":[104.46068,-1.59028]},"properties":{"rate_time":-1.884}},{"type":"Feature","geometry":{"type":"Point","coordinates":[104.46149,-1.59014]},"properties":{"rate_time":-2.071}},{"type":"Feature","geometry":{"type":"Point","coordinates":[104.45993,-1.5901]},"properties":{"rate_time":-1.004}},{"type":"Feature","geometry":{"type":"Point","coordinates":[104.46059,-1.59002]},"properties":{"rate_time":-1.581}},{"type":"Feature","geometry":{"type":"Point","coordinates":[104.4614,-1.58991]},"properties":{"rate_time":-2.018}},{"type":"Feature","geometry":{"type":"Point","coordinates":[104.45989,-1.58983]},"properties":{"rate_time":-1.767}},{"type":"Feature","geometry":{"type":"Point","coordinates":[104.46051,-1.58976]},"properties":{"rate_time":-1.743}},{"type":"Feature","geometry":{"type":"Point","coordinates":[104.46141,-1.58964]},"properties":{"rate_time":-2.062}},{"type":"Feature","geometry":{"type":"Point","coordinates":[104.4599,-1.58956]},"properties":{"rate_time":-3.053}},{"type":"Feature","geometry":{"type":"Point","coordinates":[104.46046,-1.5895]},"properties":{"rate_time":-2.126}},{"type":"Feature","geometry":{"type":"Point","coordinates":[104.46134,-1.58939]},"properties":{"rate_time":-2.235}},{"type":"Feature","geometry":{"type":"Point","coordinates":[104.45991,-1.58929]},"properties":{"rate_time":-3.022}},{"type":"Feature","geometry":{"type":"Point","coordinates":[104.46043,-1.58923]},"properties":{"rate_time":-2.6}},{"type":"Feature","geometry":{"type":"Point","coordinates":[104.46115,-1.5892]},"properties":{"rate_time":-2.409}},{"type":"Feature","geometry":{"type":"Point","coordinates":[104.45986,-1.58902]},"properties":{"rate_time":-2.973}},{"type":"Feature","geometry":{"type":"Point","coordinates":[104.46035,-1.58897]},"properties":{"rate_time":-2.718}},{"type":"Feature","geometry":{"type":"Point","coordinates":[104.46119,-1.58894]},"properties":{"rate_time":-2.326}},{"type":"Feature","geometry":{"type":"Point","coordinates":[104.45954,-1.58877]},"properties":{"rate_time":-3.707}},{"type":"Feature","geometry":{"type":"Point","coordinates":[104.45976,-1.58877]},"properties":{"rate_time":-3.128}},{"type":"Feature","geometry":{"type":"Point","coordinates":[104.4602,-1.58875]},"properties":{"rate_time":-2.74}},{"type":"Feature","geometry":{"type":"Point","coordinates":[104.4612,-1.58866]},"properties":{"rate_time":-2.218}},{"type":"Feature","geometry":{"type":"Point","coordinates":[104.45943,-1.58859]},"properties":{"rate_time":-3.027}},{"type":"Feature","geometry":{"type":"Point","coordinates":[104.46013,-1.58849]},"properties":{"rate_time":-3.023}},{"type":"Feature","geometry":{"type":"Point","coordinates":[104.46119,-1.58839]},"properties":{"rate_time":-2.134}},{"type":"Feature","geometry":{"type":"Point","coordinates":[104.45936,-1.58833]},"properties":{"rate_time":-3.033}},{"type":"Feature","geometry":{"type":"Point","coordinates":[104.46012,-1.58822]},"properties":{"rate_time":-2.91}},{"type":"Feature","geometry":{"type":"Point","coordinates":[104.46116,-1.58812]},"properties":{"rate_time":-2.302}},{"type":"Feature","geometry":{"type":"Point","coordinates":[104.4593,-1.58806]},"properties":{"rate_time":-1.749}},{"type":"Feature","geometry":{"type":"Point","coordinates":[104.46003,-1.58797]},"properties":{"rate_time":-2.825}},{"type":"Feature","geometry":{"type":"Point","coordinates":[104.46114,-1.58785]},"properties":{"rate_time":-2.419}},{"type":"Feature","geometry":{"type":"Point","coordinates":[104.45927,-1.5878]},"properties":{"rate_time":-1.624}},{"type":"Feature","geometry":{"type":"Point","coordinates":[104.45995,-1.58772]},"properties":{"rate_time":-2.653}},{"type":"Feature","geometry":{"type":"Point","coordinates":[104.46107,-1.58759]},"properties":{"rate_time":-2.523}},{"type":"Feature","geometry":{"type":"Point","coordinates":[104.45922,-1.58754]},"properties":{"rate_time":-1.311}},{"type":"Feature","geometry":{"type":"Point","coordinates":[104.45991,-1.58746]},"properties":{"rate_time":-2.635}},{"type":"Feature","geometry":{"type":"Point","coordinates":[104.46096,-1.58735]},"properties":{"rate_time":-2.365}},{"type":"Feature","geometry":{"type":"Point","coordinates":[104.45907,-1.5873]},"properties":{"rate_time":-1.429}},{"type":"Feature","geometry":{"type":"Point","coordinates":[104.45982,-1.5872]},"properties":{"rate_time":-2.77}},{"type":"Feature","geometry":{"type":"Point","coordinates":[104.46089,-1.58708]},"properties":{"rate_time":-2.25}},{"type":"Feature","geometry":{"type":"Point","coordinates":[104.45901,-1.58704]},"properties":{"rate_time":-1.43}},{"type":"Feature","geometry":{"type":"Point","coordinates":[104.45972,-1.58695]},"properties":{"rate_time":-1.848}},{"type":"Feature","geometry":{"type":"Point","coordinates":[104.46083,-1.58682]},"properties":{"rate_time":-2.16}},{"type":"Feature","geometry":{"type":"Point","coordinates":[104.46057,-1.5868]},"properties":{"rate_time":-2.975}},{"type":"Feature","geometry":{"type":"Point","coordinates":[104.45895,-1.58678]},"properties":{"rate_time":-1.396}},{"type":"Feature","geometry":{"type":"Point","coordinates":[104.45966,-1.58669]},"properties":{"rate_time":-2.759}},{"type":"Feature","geometry":{"type":"Point","coordinates":[104.46049,-1.58656]},"properties":{"rate_time":-3.075}},{"type":"Feature","geometry":{"type":"Point","coordinates":[104.45962,-1.58642]},"properties":{"rate_time":-2.322}},{"type":"Feature","geometry":{"type":"Point","coordinates":[104.46053,-1.58629]},"properties":{"rate_time":-3.334}},{"type":"Feature","geometry":{"type":"Point","coordinates":[104.4596,-1.58615]},"properties":{"rate_time":-2.365}},{"type":"Feature","geometry":{"type":"Point","coordinates":[104.46057,-1.58603]},"properties":{"rate_time":-3.618}},{"type":"Feature","geometry":{"type":"Point","coordinates":[104.45954,-1.58589]},"properties":{"rate_time":-2.346}},{"type":"Feature","geometry":{"type":"Point","coordinates":[104.46056,-1.58576]},"properties":{"rate_time":-2.371}},{"type":"Feature","geometry":{"type":"Point","coordinates":[104.45884,-1.58653]},"properties":{"rate_time":-1.466}},{"type":"Feature","geometry":{"type":"Point","coordinates":[104.45869,-1.58631]},"properties":{"rate_time":-1.567}},{"type":"Feature","geometry":{"type":"Point","coordinates":[104.45844,-1.58626]},"properties":{"rate_time":-2.62}},{"type":"Feature","geometry":{"type":"Point","coordinates":[104.45831,-1.58605]},"properties":{"rate_time":-2.704}},{"type":"Feature","geometry":{"type":"Point","coordinates":[104.45843,-1.58586]},"properties":{"rate_time":-2.684}},{"type":"Feature","geometry":{"type":"Point","coordinates":[104.45864,-1.58569]},"properties":{"rate_time":-1.839}},{"type":"Feature","geometry":{"type":"Point","coordinates":[104.45852,-1.58545]},"properties":{"rate_time":-1.367}},{"type":"Feature","geometry":{"type":"Point","coordinates":[104.45841,-1.5852]},"properties":{"rate_time":-1.155}},{"type":"Feature","geometry":{"type":"Point","coordinates":[104.45843,-1.58494]},"properties":{"rate_time":-1.391}},{"type":"Feature","geometry":{"type":"Point","coordinates":[104.45858,-1.58472]},"properties":{"rate_time":-1.402}},{"type":"Feature","geometry":{"type":"Point","coordinates":[104.45938,-1.5857]},"properties":{"rate_time":-1.742}},{"type":"Feature","geometry":{"type":"Point","coordinates":[104.45919,-1.58551]},"properties":{"rate_time":-0.946}},{"type":"Feature","geometry":{"type":"Point","coordinates":[104.46051,-1.58549]},"properties":{"rate_time":-1.17}},{"type":"Feature","geometry":{"type":"Point","coordinates":[104.45924,-1.58526]},"properties":{"rate_time":-1.829}},{"type":"Feature","geometry":{"type":"Point","coordinates":[104.46045,-1.58523]},"properties":{"rate_time":-0.651}},{"type":"Feature","geometry":{"type":"Point","coordinates":[104.45927,-1.58501]},"properties":{"rate_time":-1.931}},{"type":"Feature","geometry":{"type":"Point","coordinates":[104.46035,-1.58497]},"properties":{"rate_time":-0.877}},{"type":"Feature","geometry":{"type":"Point","coordinates":[104.45986,-1.58487]},"properties":{"rate_time":-2.299}},{"type":"Feature","geometry":{"type":"Point","coordinates":[104.4601,-1.58482]},"properties":{"rate_time":-1.242}},{"type":"Feature","geometry":{"type":"Point","coordinates":[104.45899,-1.5848]},"properties":{"rate_time":-1.136}},{"type":"Feature","geometry":{"type":"Point","coordinates":[104.45921,-1.58475]},"properties":{"rate_time":-0.835}},{"type":"Feature","geometry":{"type":"Point","coordinates":[104.46029,-1.58471]},"properties":{"rate_time":-1.412}},{"type":"Feature","geometry":{"type":"Point","coordinates":[104.4597,-1.58471]},"properties":{"rate_time":-2.051}},{"type":"Feature","geometry":{"type":"Point","coordinates":[104.4598,-1.58452]},"properties":{"rate_time":-1.413}},{"type":"Feature","geometry":{"type":"Point","coordinates":[104.46006,-1.58447]},"properties":{"rate_time":-1.462}},{"type":"Feature","geometry":{"type":"Point","coordinates":[104.46027,-1.58431]},"properties":{"rate_time":-1.432}},{"type":"Feature","geometry":{"type":"Point","coordinates":[104.46027,-1.58404]},"properties":{"rate_time":-1.703}},{"type":"Feature","geometry":{"type":"Point","coordinates":[104.46012,-1.58382]},"properties":{"rate_time":-1.848}},{"type":"Feature","geometry":{"type":"Point","coordinates":[104.46006,-1.58356]},"properties":{"rate_time":-1.949}},{"type":"Feature","geometry":{"type":"Point","coordinates":[104.45993,-1.58336]},"properties":{"rate_time":-1.756}},{"type":"Feature","geometry":{"type":"Point","coordinates":[104.45968,-1.58329]},"properties":{"rate_time":-1.781}},{"type":"Feature","geometry":{"type":"Point","coordinates":[104.45974,-1.5831]},"properties":{"rate_time":-1.725}},{"type":"Feature","geometry":{"type":"Point","coordinates":[104.45947,-1.58302]},"properties":{"rate_time":-1.731}},{"type":"Feature","geometry":{"type":"Point","coordinates":[104.45968,-1.58294]},"properties":{"rate_time":-1.69}},{"type":"Feature","geometry":{"type":"Point","coordinates":[104.45933,-1.58279]},"properties":{"rate_time":-1.668}},{"type":"Feature","geometry":{"type":"Point","coordinates":[104.45919,-1.58256]},"properties":{"rate_time":-1.676}},{"type":"Feature","geometry":{"type":"Point","coordinates":[104.45918,-1.58231]},"properties":{"rate_time":-1.606}},{"type":"Feature","geometry":{"type":"Point","coordinates":[104.45936,-1.58211]},"properties":{"rate_time":-2.013}},{"type":"Feature","geometry":{"type":"Point","coordinates":[104.45951,-1.5819]},"properties":{"rate_time":-1.74}},{"type":"Feature","geometry":{"type":"Point","coordinates":[104.45953,-1.58163]},"properties":{"rate_time":-1.371}},{"type":"Feature","geometry":{"type":"Point","coordinates":[104.45877,-1.5847]},"properties":{"rate_time":-1.356}},{"type":"Feature","geometry":{"type":"Point","coordinates":[104.45874,-1.57917]},"properties":{"rate_time":0.67}},{"type":"Feature","geometry":{"type":"Point","coordinates":[104.45886,-1.57893]},"properties":{"rate_time":1.097}},{"type":"Feature","geometry":{"type":"Point","coordinates":[104.45888,-1.57846]},"properties":{"rate_time":1.252}},{"type":"Feature","geometry":{"type":"Point","coordinates":[104.45871,-1.57825]},"properties":{"rate_time":1.306}},{"type":"Feature","geometry":{"type":"Point","coordinates":[104.45869,-1.578]},"properties":{"rate_time":1.385}},{"type":"Feature","geometry":{"type":"Point","coordinates":[104.4588,-1.57775]},"properties":{"rate_time":1.579}},{"type":"Feature","geometry":{"type":"Point","coordinates":[104.45887,-1.57749]},"properties":{"rate_time":1.685}},{"type":"Feature","geometry":{"type":"Point","coordinates":[104.45884,-1.57723]},"properties":{"rate_time":1.904}},{"type":"Feature","geometry":{"type":"Point","coordinates":[104.45864,-1.57655]},"properties":{"rate_time":3.463}},{"type":"Feature","geometry":{"type":"Point","coordinates":[104.45949,-1.58136]},"properties":{"rate_time":-1.065}},{"type":"Feature","geometry":{"type":"Point","coordinates":[104.4594,-1.5811]},"properties":{"rate_time":-0.752}},{"type":"Feature","geometry":{"type":"Point","coordinates":[104.45936,-1.58084]},"properties":{"rate_time":-0.349}},{"type":"Feature","geometry":{"type":"Point","coordinates":[104.4592,-1.58063]},"properties":{"rate_time":-0.038}},{"type":"Feature","geometry":{"type":"Point","coordinates":[104.4591,-1.58039]},"properties":{"rate_time":0.017}},{"type":"Feature","geometry":{"type":"Point","coordinates":[104.4592,-1.58017]},"properties":{"rate_time":0.419}},{"type":"Feature","geometry":{"type":"Point","coordinates":[104.45929,-1.57992]},"properties":{"rate_time":0.779}},{"type":"Feature","geometry":{"type":"Point","coordinates":[104.45925,-1.57966]},"properties":{"rate_time":0.992}},{"type":"Feature","geometry":{"type":"Point","coordinates":[104.45921,-1.57939]},"properties":{"rate_time":1.107}},{"type":"Feature","geometry":{"type":"Point","coordinates":[104.45897,-1.57928]},"properties":{"rate_time":0.856}},{"type":"Feature","geometry":{"type":"Point","coordinates":[104.45898,-1.57869]},"properties":{"rate_time":1.583}},{"type":"Feature","geometry":{"type":"Point","coordinates":[104.4589,-1.57696]},"properties":{"rate_time":2.21}},{"type":"Feature","geometry":{"type":"Point","coordinates":[104.45897,-1.5767]},"properties":{"rate_time":3.012}},{"type":"Feature","geometry":{"type":"Point","coordinates":[104.45895,-1.57643]},"properties":{"rate_time":3.145}},{"type":"Feature","geometry":{"type":"Point","coordinates":[104.4588,-1.57649]},"properties":{"rate_time":2.966}},{"type":"Feature","geometry":{"type":"Point","coordinates":[104.4586,-1.57629]},"properties":{"rate_time":3.669}},{"type":"Feature","geometry":{"type":"Point","coordinates":[104.45857,-1.57602]},"properties":{"rate_time":3.087}},{"type":"Feature","geometry":{"type":"Point","coordinates":[104.45846,-1.57578]},"properties":{"rate_time":3.046}},{"type":"Feature","geometry":{"type":"Point","coordinates":[104.4584,-1.57554]},"properties":{"rate_time":3.087}},{"type":"Feature","geometry":{"type":"Point","coordinates":[104.45853,-1.5753]},"properties":{"rate_time":3.379}},{"type":"Feature","geometry":{"type":"Point","coordinates":[104.45866,-1.57508]},"properties":{"rate_time":3.642}},{"type":"Feature","geometry":{"type":"Point","coordinates":[104.45858,-1.57482]},"properties":{"rate_time":3.62}},{"type":"Feature","geometry":{"type":"Point","coordinates":[104.45852,-1.57455]},"properties":{"rate_time":3.575}},{"type":"Feature","geometry":{"type":"Point","coordinates":[104.4585,-1.57428]},"properties":{"rate_time":3.674}},{"type":"Feature","geometry":{"type":"Point","coordinates":[104.45493,-1.572]},"properties":{"rate_time":-2.192}},{"type":"Feature","geometry":{"type":"Point","coordinates":[104.45477,-1.57195]},"properties":{"rate_time":-2.052}},{"type":"Feature","geometry":{"type":"Point","coordinates":[104.45498,-1.57174]},"properties":{"rate_time":-2.292}},{"type":"Feature","geometry":{"type":"Point","coordinates":[104.45467,-1.57171]},"properties":{"rate_time":-2.475}},{"type":"Feature","geometry":{"type":"Point","coordinates":[104.45504,-1.57149]},"properties":{"rate_time":-2.008}},{"type":"Feature","geometry":{"type":"Point","coordinates":[104.45467,-1.57144]},"properties":{"rate_time":-2.454}},{"type":"Feature","geometry":{"type":"Point","coordinates":[104.45521,-1.57129]},"properties":{"rate_time":-3.385}},{"type":"Feature","geometry":{"type":"Point","coordinates":[104.45468,-1.57117]},"properties":{"rate_time":-3.618}},{"type":"Feature","geometry":{"type":"Point","coordinates":[104.45544,-1.57114]},"properties":{"rate_time":-3.084}},{"type":"Feature","geometry":{"type":"Point","coordinates":[104.45471,-1.5709]},"properties":{"rate_time":-3.65}},{"type":"Feature","geometry":{"type":"Point","coordinates":[104.45481,-1.57066]},"properties":{"rate_time":-3.587}},{"type":"Feature","geometry":{"type":"Point","coordinates":[104.4549,-1.57041]},"properties":{"rate_time":-3.503}},{"type":"Feature","geometry":{"type":"Point","coordinates":[104.45486,-1.57014]},"properties":{"rate_time":-3.405}},{"type":"Feature","geometry":{"type":"Point","coordinates":[104.4548,-1.56988]},"properties":{"rate_time":-3.592}},{"type":"Feature","geometry":{"type":"Point","coordinates":[104.45466,-1.56965]},"properties":{"rate_time":-3.613}},{"type":"Feature","geometry":{"type":"Point","coordinates":[104.45451,-1.56943]},"properties":{"rate_time":-2.167}},{"type":"Feature","geometry":{"type":"Point","coordinates":[104.4543,-1.56926]},"properties":{"rate_time":-3.204}},{"type":"Feature","geometry":{"type":"Point","coordinates":[104.45534,-1.56918]},"properties":{"rate_time":-1.915}},{"type":"Feature","geometry":{"type":"Point","coordinates":[104.4541,-1.56908]},"properties":{"rate_time":-2.86}},{"type":"Feature","geometry":{"type":"Point","coordinates":[104.45517,-1.56897]},"properties":{"rate_time":-1.726}},{"type":"Feature","geometry":{"type":"Point","coordinates":[104.45596,-1.5697]},"properties":{"rate_time":-3.603}},{"type":"Feature","geometry":{"type":"Point","coordinates":[104.45675,-1.56969]},"properties":{"rate_time":-2.654}},{"type":"Feature","geometry":{"type":"Point","coordinates":[104.45575,-1.56953]},"properties":{"rate_time":-2.738}},{"type":"Feature","geometry":{"type":"Point","coordinates":[104.4569,-1.56948]},"properties":{"rate_time":-1.91}},{"type":"Feature","geometry":{"type":"Point","coordinates":[104.45555,-1.56935]},"properties":{"rate_time":-1.894}},{"type":"Feature","geometry":{"type":"Point","coordinates":[104.45682,-1.56831]},"properties":{"rate_time":-1.039}},{"type":"Feature","geometry":{"type":"Point","coordinates":[104.45683,-1.56804]},"properties":{"rate_time":-0.822}},{"type":"Feature","geometry":{"type":"Point","coordinates":[104.45682,-1.56777]},"properties":{"rate_time":-0.292}},{"type":"Feature","geometry":{"type":"Point","coordinates":[104.45661,-1.56762]},"properties":{"rate_time":-0.485}},{"type":"Feature","geometry":{"type":"Point","coordinates":[104.45642,-1.56743]},"properties":{"rate_time":-0.587}},{"type":"Feature","geometry":{"type":"Point","coordinates":[104.45492,-1.56891]},"properties":{"rate_time":-1.994}},{"type":"Feature","geometry":{"type":"Point","coordinates":[104.45389,-1.5689]},"properties":{"rate_time":-2.425}},{"type":"Feature","geometry":{"type":"Point","coordinates":[104.45469,-1.56877]},"properties":{"rate_time":-1.17}},{"type":"Feature","geometry":{"type":"Point","coordinates":[104.4537,-1.56871]},"properties":{"rate_time":-4.342}},{"type":"Feature","geometry":{"type":"Point","coordinates":[104.45445,-1.56866]},"properties":{"rate_time":-1.481}},{"type":"Feature","geometry":{"type":"Point","coordinates":[104.45421,-1.56853]},"properties":{"rate_time":-1.568}},{"type":"Feature","geometry":{"type":"Point","coordinates":[104.45355,-1.56849]},"properties":{"rate_time":-4.78}},{"type":"Feature","geometry":{"type":"Point","coordinates":[104.454,-1.56837]},"properties":{"rate_time":-2.054}},{"type":"Feature","geometry":{"type":"Point","coordinates":[104.45342,-1.56826]},"properties":{"rate_time":-4.978}},{"type":"Feature","geometry":{"type":"Point","coordinates":[104.45382,-1.56816]},"properties":{"rate_time":-2.761}},{"type":"Feature","geometry":{"type":"Point","coordinates":[104.45337,-1.56799]},"properties":{"rate_time":-4.638}},{"type":"Feature","geometry":{"type":"Point","coordinates":[104.45371,-1.56792]},"properties":{"rate_time":-3.794}},{"type":"Feature","geometry":{"type":"Point","coordinates":[104.45335,-1.56772]},"properties":{"rate_time":-4.91}},{"type":"Feature","geometry":{"type":"Point","coordinates":[104.45366,-1.56766]},"properties":{"rate_time":-3.934}},{"type":"Feature","geometry":{"type":"Point","coordinates":[104.45333,-1.56745]},"properties":{"rate_time":-4.601}},{"type":"Feature","geometry":{"type":"Point","coordinates":[104.45366,-1.56739]},"properties":{"rate_time":-4.348}},{"type":"Feature","geometry":{"type":"Point","coordinates":[104.45334,-1.56718]},"properties":{"rate_time":-5.109}},{"type":"Feature","geometry":{"type":"Point","coordinates":[104.45364,-1.56712]},"properties":{"rate_time":-3.73}},{"type":"Feature","geometry":{"type":"Point","coordinates":[104.45336,-1.56694]},"properties":{"rate_time":-4.921}},{"type":"Feature","geometry":{"type":"Point","coordinates":[104.45356,-1.56686]},"properties":{"rate_time":-3.484}},{"type":"Feature","geometry":{"type":"Point","coordinates":[104.45541,-1.56666]},"properties":{"rate_time":-0.74}},{"type":"Feature","geometry":{"type":"Point","coordinates":[104.4554,-1.56639]},"properties":{"rate_time":-0.491}},{"type":"Feature","geometry":{"type":"Point","coordinates":[104.45538,-1.56612]},"properties":{"rate_time":-0.246}},{"type":"Feature","geometry":{"type":"Point","coordinates":[104.45531,-1.56586]},"properties":{"rate_time":1.25}},{"type":"Feature","geometry":{"type":"Point","coordinates":[104.45531,-1.56559]},"properties":{"rate_time":-0.205}},{"type":"Feature","geometry":{"type":"Point","coordinates":[104.45534,-1.56489]},"properties":{"rate_time":0.105}},{"type":"Feature","geometry":{"type":"Point","coordinates":[104.45521,-1.56468]},"properties":{"rate_time":0.186}},{"type":"Feature","geometry":{"type":"Point","coordinates":[104.45513,-1.56444]},"properties":{"rate_time":-0.171}},{"type":"Feature","geometry":{"type":"Point","coordinates":[104.455,-1.56421]},"properties":{"rate_time":0.185}},{"type":"Feature","geometry":{"type":"Point","coordinates":[104.45478,-1.56406]},"properties":{"rate_time":0.531}},{"type":"Feature","geometry":{"type":"Point","coordinates":[104.4547,-1.56383]},"properties":{"rate_time":0.999}},{"type":"Feature","geometry":{"type":"Point","coordinates":[104.45477,-1.56357]},"properties":{"rate_time":1.044}},{"type":"Feature","geometry":{"type":"Point","coordinates":[104.4548,-1.56331]},"properties":{"rate_time":-0.383}},{"type":"Feature","geometry":{"type":"Point","coordinates":[104.45476,-1.56304]},"properties":{"rate_time":-0.813}},{"type":"Feature","geometry":{"type":"Point","coordinates":[104.45468,-1.56278]},"properties":{"rate_time":-1.17}},{"type":"Feature","geometry":{"type":"Point","coordinates":[104.45451,-1.56259]},"properties":{"rate_time":-1.406}},{"type":"Feature","geometry":{"type":"Point","coordinates":[104.45437,-1.56235]},"properties":{"rate_time":-1.539}},{"type":"Feature","geometry":{"type":"Point","coordinates":[104.45416,-1.56219]},"properties":{"rate_time":-1.743}},{"type":"Feature","geometry":{"type":"Point","coordinates":[104.45359,-1.56217]},"properties":{"rate_time":-0.84}},{"type":"Feature","geometry":{"type":"Point","coordinates":[104.45335,-1.56212]},"properties":{"rate_time":-1.178}},{"type":"Feature","geometry":{"type":"Point","coordinates":[104.45395,-1.56202]},"properties":{"rate_time":-1.64}},{"type":"Feature","geometry":{"type":"Point","coordinates":[104.45377,-1.56197]},"properties":{"rate_time":-1.872}},{"type":"Feature","geometry":{"type":"Point","coordinates":[104.454,-1.56168]},"properties":{"rate_time":-2.429}},{"type":"Feature","geometry":{"type":"Point","coordinates":[104.45374,-1.56162]},"properties":{"rate_time":-2.748}},{"type":"Feature","geometry":{"type":"Point","coordinates":[104.45422,-1.56158]},"properties":{"rate_time":-3.018}},{"type":"Feature","geometry":{"type":"Point","coordinates":[104.45348,-1.56156]},"properties":{"rate_time":-2.72}},{"type":"Feature","geometry":{"type":"Point","coordinates":[104.45325,-1.56151]},"properties":{"rate_time":-2.452}},{"type":"Feature","geometry":{"type":"Point","coordinates":[104.4538,-1.56148]},"properties":{"rate_time":-3.015}},{"type":"Feature","geometry":{"type":"Point","coordinates":[104.45407,-1.56147]},"properties":{"rate_time":-3.361}},{"type":"Feature","geometry":{"type":"Point","coordinates":[104.45357,-1.56134]},"properties":{"rate_time":-3.168}},{"type":"Feature","geometry":{"type":"Point","coordinates":[104.45315,-1.56194]},"properties":{"rate_time":-1.379}},{"type":"Feature","geometry":{"type":"Point","coordinates":[104.45309,-1.56173]},"properties":{"rate_time":-1.813}},{"type":"Feature","geometry":{"type":"Point","coordinates":[104.45318,-1.56034]},"properties":{"rate_time":-1.964}},{"type":"Feature","geometry":{"type":"Point","coordinates":[104.45261,-1.56028]},"properties":{"rate_time":-2.053}},{"type":"Feature","geometry":{"type":"Point","coordinates":[104.45242,-1.56021]},"properties":{"rate_time":-2.206}},{"type":"Feature","geometry":{"type":"Point","coordinates":[104.45285,-1.56017]},"properties":{"rate_time":-2.099}},{"type":"Feature","geometry":{"type":"Point","coordinates":[104.45308,-1.56008]},"properties":{"rate_time":-2.217}},{"type":"Feature","geometry":{"type":"Point","coordinates":[104.45244,-1.55994]},"properties":{"rate_time":-2.788}},{"type":"Feature","geometry":{"type":"Point","coordinates":[104.45297,-1.55993]},"properties":{"rate_time":-2.699}},{"type":"Feature","geometry":{"type":"Point","coordinates":[104.45224,-1.55979]},"properties":{"rate_time":-2.995}},{"type":"Feature","geometry":{"type":"Point","coordinates":[104.45139,-1.55976]},"properties":{"rate_time":-3.856}},{"type":"Feature","geometry":{"type":"Point","coordinates":[104.45209,-1.55961]},"properties":{"rate_time":-3.203}},{"type":"Feature","geometry":{"type":"Point","coordinates":[104.45148,-1.55953]},"properties":{"rate_time":-3.951}},{"type":"Feature","geometry":{"type":"Point","coordinates":[104.45135,-1.55949]},"properties":{"rate_time":-4.315}},{"type":"Feature","geometry":{"type":"Point","coordinates":[104.45228,-1.55942]},"properties":{"rate_time":-3.359}},{"type":"Feature","geometry":{"type":"Point","coordinates":[104.45159,-1.55931]},"properties":{"rate_time":-4.306}},{"type":"Feature","geometry":{"type":"Point","coordinates":[104.45135,-1.55922]},"properties":{"rate_time":-4.54}},{"type":"Feature","geometry":{"type":"Point","coordinates":[104.45231,-1.55916]},"properties":{"rate_time":-3.835}},{"type":"Feature","geometry":{"type":"Point","coordinates":[104.45178,-1.55913]},"properties":{"rate_time":-4.481}},{"type":"Feature","geometry":{"type":"Point","coordinates":[104.45136,-1.55895]},"properties":{"rate_time":-4.597}},{"type":"Feature","geometry":{"type":"Point","coordinates":[104.44877,-1.54651]},"properties":{"rate_time":-9.643}},{"type":"Feature","geometry":{"type":"Point","coordinates":[104.44869,-1.54626]},"properties":{"rate_time":-9.89}},{"type":"Feature","geometry":{"type":"Point","coordinates":[104.44861,-1.546]},"properties":{"rate_time":-10.197}},{"type":"Feature","geometry":{"type":"Point","coordinates":[104.44851,-1.54575]},"properties":{"rate_time":-10.554}},{"type":"Feature","geometry":{"type":"Point","coordinates":[104.44844,-1.54548]},"properties":{"rate_time":-10.881}},{"type":"Feature","geometry":{"type":"Point","coordinates":[104.44839,-1.54522]},"properties":{"rate_time":-11.766}},{"type":"Feature","geometry":{"type":"Point","coordinates":[104.44832,-1.54496]},"properties":{"rate_time":-11.994}},{"type":"Feature","geometry":{"type":"Point","coordinates":[104.44819,-1.54472]},"properties":{"rate_time":-12.24}},{"type":"Feature","geometry":{"type":"Point","coordinates":[104.44812,-1.54446]},"properties":{"rate_time":-12.376}},{"type":"Feature","geometry":{"type":"Point","coordinates":[104.44809,-1.54419]},"properties":{"rate_time":-12.442}},{"type":"Feature","geometry":{"type":"Point","coordinates":[104.44807,-1.54392]},"properties":{"rate_time":-12.334}},{"type":"Feature","geometry":{"type":"Point","coordinates":[104.44805,-1.54365]},"properties":{"rate_time":-12.092}},{"type":"Feature","geometry":{"type":"Point","coordinates":[104.4479,-1.54342]},"properties":{"rate_time":-11.9}},{"type":"Feature","geometry":{"type":"Point","coordinates":[104.44778,-1.54318]},"properties":{"rate_time":-11.811}},{"type":"Feature","geometry":{"type":"Point","coordinates":[104.44764,-1.54295]},"properties":{"rate_time":-11.773}},{"type":"Feature","geometry":{"type":"Point","coordinates":[104.44755,-1.5427]},"properties":{"rate_time":-11.7}},{"type":"Feature","geometry":{"type":"Point","coordinates":[104.44749,-1.54243]},"properties":{"rate_time":-11.589}},{"type":"Feature","geometry":{"type":"Point","coordinates":[104.44744,-1.54217]},"properties":{"rate_time":-11.433}},{"type":"Feature","geometry":{"type":"Point","coordinates":[104.4474,-1.5419]},"properties":{"rate_time":-11.271}},{"type":"Feature","geometry":{"type":"Point","coordinates":[104.4474,-1.54163]},"properties":{"rate_time":-11.068}},{"type":"Feature","geometry":{"type":"Point","coordinates":[104.44744,-1.54136]},"properties":{"rate_time":-10.828}},{"type":"Feature","geometry":{"type":"Point","coordinates":[104.44745,-1.54109]},"properties":{"rate_time":-10.547}},{"type":"Feature","geometry":{"type":"Point","coordinates":[104.44738,-1.54083]},"properties":{"rate_time":-10.323}},{"type":"Feature","geometry":{"type":"Point","coordinates":[104.44728,-1.54058]},"properties":{"rate_time":-10.128}},{"type":"Feature","geometry":{"type":"Point","coordinates":[104.44721,-1.54032]},"properties":{"rate_time":-9.944}},{"type":"Feature","geometry":{"type":"Point","coordinates":[104.44718,-1.54005]},"properties":{"rate_time":-9.664}},{"type":"Feature","geometry":{"type":"Point","coordinates":[104.44719,-1.53978]},"properties":{"rate_time":-9.231}},{"type":"Feature","geometry":{"type":"Point","coordinates":[104.44716,-1.53951]},"properties":{"rate_time":-8.902}},{"type":"Feature","geometry":{"type":"Point","coordinates":[104.44703,-1.53928]},"properties":{"rate_time":-8.895}},{"type":"Feature","geometry":{"type":"Point","coordinates":[104.44684,-1.53909]},"properties":{"rate_time":-9.104}},{"type":"Feature","geometry":{"type":"Point","coordinates":[104.44671,-1.53885]},"properties":{"rate_time":-9.262}},{"type":"Feature","geometry":{"type":"Point","coordinates":[104.44658,-1.53861]},"properties":{"rate_time":-9.409}},{"type":"Feature","geometry":{"type":"Point","coordinates":[104.44643,-1.53839]},"properties":{"rate_time":-9.601}},{"type":"Feature","geometry":{"type":"Point","coordinates":[104.44623,-1.53822]},"properties":{"rate_time":-10.018}},{"type":"Feature","geometry":{"type":"Point","coordinates":[104.44571,-1.53818]},"properties":{"rate_time":-11.179}},{"type":"Feature","geometry":{"type":"Point","coordinates":[104.44598,-1.53813]},"properties":{"rate_time":-10.673}},{"type":"Feature","geometry":{"type":"Point","coordinates":[104.44545,-1.53811]},"properties":{"rate_time":-11.632}},{"type":"Feature","geometry":{"type":"Point","coordinates":[104.44526,-1.53792]},"properties":{"rate_time":-11.958}},{"type":"Feature","geometry":{"type":"Point","coordinates":[104.44514,-1.53768]},"properties":{"rate_time":-12.035}},{"type":"Feature","geometry":{"type":"Point","coordinates":[104.44505,-1.53742]},"properties":{"rate_time":-11.971}},{"type":"Feature","geometry":{"type":"Point","coordinates":[104.4449,-1.5372]},"properties":{"rate_time":-11.897}},{"type":"Feature","geometry":{"type":"Point","coordinates":[104.44481,-1.53695]},"properties":{"rate_time":-11.787}},{"type":"Feature","geometry":{"type":"Point","coordinates":[104.4447,-1.5367]},"properties":{"rate_time":-11.77}},{"type":"Feature","geometry":{"type":"Point","coordinates":[104.44458,-1.53646]},"properties":{"rate_time":-11.79}},{"type":"Feature","geometry":{"type":"Point","coordinates":[104.4445,-1.5362]},"properties":{"rate_time":-11.758}},{"type":"Feature","geometry":{"type":"Point","coordinates":[104.44443,-1.53594]},"properties":{"rate_time":-11.784}},{"type":"Feature","geometry":{"type":"Point","coordinates":[104.44435,-1.53568]},"properties":{"rate_time":-11.816}},{"type":"Feature","geometry":{"type":"Point","coordinates":[104.44427,-1.53542]},"properties":{"rate_time":-11.804}},{"type":"Feature","geometry":{"type":"Point","coordinates":[104.44418,-1.53517]},"properties":{"rate_time":-11.77}},{"type":"Feature","geometry":{"type":"Point","coordinates":[104.44405,-1.53493]},"properties":{"rate_time":-11.787}},{"type":"Feature","geometry":{"type":"Point","coordinates":[104.44386,-1.53442]},"properties":{"rate_time":-11.848}},{"type":"Feature","geometry":{"type":"Point","coordinates":[104.44379,-1.53416]},"properties":{"rate_time":-11.848}},{"type":"Feature","geometry":{"type":"Point","coordinates":[104.44373,-1.5339]},"properties":{"rate_time":-11.778}},{"type":"Feature","geometry":{"type":"Point","coordinates":[104.4437,-1.53363]},"properties":{"rate_time":-11.647}},{"type":"Feature","geometry":{"type":"Point","coordinates":[104.44366,-1.53336]},"properties":{"rate_time":-11.527}},{"type":"Feature","geometry":{"type":"Point","coordinates":[104.44357,-1.5331]},"properties":{"rate_time":-11.489}},{"type":"Feature","geometry":{"type":"Point","coordinates":[104.44351,-1.53284]},"properties":{"rate_time":-11.452}},{"type":"Feature","geometry":{"type":"Point","coordinates":[104.44346,-1.53257]},"properties":{"rate_time":-11.398}},{"type":"Feature","geometry":{"type":"Point","coordinates":[104.4434,-1.53231]},"properties":{"rate_time":-11.209}},{"type":"Feature","geometry":{"type":"Point","coordinates":[104.44333,-1.53205]},"properties":{"rate_time":-10.91}},{"type":"Feature","geometry":{"type":"Point","coordinates":[104.44327,-1.53178]},"properties":{"rate_time":-11.264}},{"type":"Feature","geometry":{"type":"Point","coordinates":[104.44321,-1.53152]},"properties":{"rate_time":-11.072}},{"type":"Feature","geometry":{"type":"Point","coordinates":[104.44316,-1.53125]},"properties":{"rate_time":-10.878}},{"type":"Feature","geometry":{"type":"Point","coordinates":[104.44309,-1.53099]},"properties":{"rate_time":-10.682}},{"type":"Feature","geometry":{"type":"Point","coordinates":[104.443,-1.53073]},"properties":{"rate_time":-10.499}},{"type":"Feature","geometry":{"type":"Point","coordinates":[104.44292,-1.53047]},"properties":{"rate_time":-10.252}},{"type":"Feature","geometry":{"type":"Point","coordinates":[104.44287,-1.53021]},"properties":{"rate_time":-9.967}},{"type":"Feature","geometry":{"type":"Point","coordinates":[104.44279,-1.52995]},"properties":{"rate_time":-9.834}},{"type":"Feature","geometry":{"type":"Point","coordinates":[104.4427,-1.52969]},"properties":{"rate_time":-9.834}},{"type":"Feature","geometry":{"type":"Point","coordinates":[104.44263,-1.52943]},"properties":{"rate_time":-10.205}},{"type":"Feature","geometry":{"type":"Point","coordinates":[104.44255,-1.52917]},"properties":{"rate_time":-10.053}},{"type":"Feature","geometry":{"type":"Point","coordinates":[104.44246,-1.52892]},"properties":{"rate_time":-9.971}},{"type":"Feature","geometry":{"type":"Point","coordinates":[104.44242,-1.52865]},"properties":{"rate_time":-9.925}},{"type":"Feature","geometry":{"type":"Point","coordinates":[104.4424,-1.52838]},"properties":{"rate_time":-9.911}},{"type":"Feature","geometry":{"type":"Point","coordinates":[104.44226,-1.52815]},"properties":{"rate_time":-10.135}},{"type":"Feature","geometry":{"type":"Point","coordinates":[104.44217,-1.52789]},"properties":{"rate_time":-10.341}},{"type":"Feature","geometry":{"type":"Point","coordinates":[104.44211,-1.52763]},"properties":{"rate_time":-10.493}},{"type":"Feature","geometry":{"type":"Point","coordinates":[104.44203,-1.52737]},"properties":{"rate_time":-10.573}},{"type":"Feature","geometry":{"type":"Point","coordinates":[104.44197,-1.52711]},"properties":{"rate_time":-10.517}},{"type":"Feature","geometry":{"type":"Point","coordinates":[104.44189,-1.52685]},"properties":{"rate_time":-10.39}},{"type":"Feature","geometry":{"type":"Point","coordinates":[104.44185,-1.52658]},"properties":{"rate_time":-10.312}},{"type":"Feature","geometry":{"type":"Point","coordinates":[104.4418,-1.52632]},"properties":{"rate_time":-10.358}},{"type":"Feature","geometry":{"type":"Point","coordinates":[104.4417,-1.52606]},"properties":{"rate_time":-10.395}},{"type":"Feature","geometry":{"type":"Point","coordinates":[104.44166,-1.5258]},"properties":{"rate_time":-10.452}},{"type":"Feature","geometry":{"type":"Point","coordinates":[104.44158,-1.52554]},"properties":{"rate_time":-10.584}},{"type":"Feature","geometry":{"type":"Point","coordinates":[104.44144,-1.52531]},"properties":{"rate_time":-10.825}},{"type":"Feature","geometry":{"type":"Point","coordinates":[104.4414,-1.52505]},"properties":{"rate_time":-11.24}},{"type":"Feature","geometry":{"type":"Point","coordinates":[104.44138,-1.52478]},"properties":{"rate_time":-11.61}},{"type":"Feature","geometry":{"type":"Point","coordinates":[104.44136,-1.52451]},"properties":{"rate_time":-11.916}},{"type":"Feature","geometry":{"type":"Point","coordinates":[104.44129,-1.52425]},"properties":{"rate_time":-12.108}},{"type":"Feature","geometry":{"type":"Point","coordinates":[104.44116,-1.52402]},"properties":{"rate_time":-12.337}},{"type":"Feature","geometry":{"type":"Point","coordinates":[104.44101,-1.52379]},"properties":{"rate_time":-12.517}},{"type":"Feature","geometry":{"type":"Point","coordinates":[104.44086,-1.52357]},"properties":{"rate_time":-12.677}},{"type":"Feature","geometry":{"type":"Point","coordinates":[104.44082,-1.5233]},"properties":{"rate_time":-12.688}},{"type":"Feature","geometry":{"type":"Point","coordinates":[104.44078,-1.52303]},"properties":{"rate_time":-12.655}},{"type":"Feature","geometry":{"type":"Point","coordinates":[104.44069,-1.52278]},"properties":{"rate_time":-12.754}},{"type":"Feature","geometry":{"type":"Point","coordinates":[104.44058,-1.52253]},"properties":{"rate_time":-12.814}},{"type":"Feature","geometry":{"type":"Point","coordinates":[104.44052,-1.52227]},"properties":{"rate_time":-12.707}},{"type":"Feature","geometry":{"type":"Point","coordinates":[104.44043,-1.52201]},"properties":{"rate_time":-12.471}},{"type":"Feature","geometry":{"type":"Point","coordinates":[104.44032,-1.52177]},"properties":{"rate_time":-12.275}},{"type":"Feature","geometry":{"type":"Point","coordinates":[104.4522,-1.55892]},"properties":{"rate_time":-4.341}},{"type":"Feature","geometry":{"type":"Point","coordinates":[104.45183,-1.55887]},"properties":{"rate_time":-4.542}},{"type":"Feature","geometry":{"type":"Point","coordinates":[104.45209,-1.5587]},"properties":{"rate_time":-4.622}},{"type":"Feature","geometry":{"type":"Point","coordinates":[104.45135,-1.55868]},"properties":{"rate_time":-4.704}},{"type":"Feature","geometry":{"type":"Point","coordinates":[104.45182,-1.5586]},"properties":{"rate_time":-4.706}},{"type":"Feature","geometry":{"type":"Point","coordinates":[104.45199,-1.55848]},"properties":{"rate_time":-4.795}},{"type":"Feature","geometry":{"type":"Point","coordinates":[104.45129,-1.55842]},"properties":{"rate_time":-4.9}},{"type":"Feature","geometry":{"type":"Point","coordinates":[104.45119,-1.55816]},"properties":{"rate_time":-4.998}},{"type":"Feature","geometry":{"type":"Point","coordinates":[104.45112,-1.55791]},"properties":{"rate_time":-5.162}},{"type":"Feature","geometry":{"type":"Point","coordinates":[104.45108,-1.55764]},"properties":{"rate_time":-5.409}},{"type":"Feature","geometry":{"type":"Point","coordinates":[104.45103,-1.55737]},"properties":{"rate_time":-4.569}},{"type":"Feature","geometry":{"type":"Point","coordinates":[104.45101,-1.5571]},"properties":{"rate_time":-4.705}},{"type":"Feature","geometry":{"type":"Point","coordinates":[104.45104,-1.55684]},"properties":{"rate_time":-4.776}},{"type":"Feature","geometry":{"type":"Point","coordinates":[104.45106,-1.55657]},"properties":{"rate_time":-4.992}},{"type":"Feature","geometry":{"type":"Point","coordinates":[104.45104,-1.5563]},"properties":{"rate_time":-5.18}},{"type":"Feature","geometry":{"type":"Point","coordinates":[104.451,-1.55603]},"properties":{"rate_time":-5.379}},{"type":"Feature","geometry":{"type":"Point","coordinates":[104.451,-1.55577]},"properties":{"rate_time":-5.668}},{"type":"Feature","geometry":{"type":"Point","coordinates":[104.45108,-1.55551]},"properties":{"rate_time":-5.874}},{"type":"Feature","geometry":{"type":"Point","coordinates":[104.45107,-1.55524]},"properties":{"rate_time":-5.885}},{"type":"Feature","geometry":{"type":"Point","coordinates":[104.45106,-1.55498]},"properties":{"rate_time":-5.73}},{"type":"Feature","geometry":{"type":"Point","coordinates":[104.45095,-1.55473]},"properties":{"rate_time":-5.819}},{"type":"Feature","geometry":{"type":"Point","coordinates":[104.45093,-1.55446]},"properties":{"rate_time":-5.926}},{"type":"Feature","geometry":{"type":"Point","coordinates":[104.45088,-1.55419]},"properties":{"rate_time":-6.094}},{"type":"Feature","geometry":{"type":"Point","coordinates":[104.45075,-1.55395]},"properties":{"rate_time":-6.338}},{"type":"Feature","geometry":{"type":"Point","coordinates":[104.45058,-1.55375]},"properties":{"rate_time":-6.549}},{"type":"Feature","geometry":{"type":"Point","coordinates":[104.45054,-1.55348]},"properties":{"rate_time":-6.725}},{"type":"Feature","geometry":{"type":"Point","coordinates":[104.45051,-1.55321]},"properties":{"rate_time":-6.796}},{"type":"Feature","geometry":{"type":"Point","coordinates":[104.45045,-1.55294]},"properties":{"rate_time":-6.912}},{"type":"Feature","geometry":{"type":"Point","coordinates":[104.4504,-1.55268]},"properties":{"rate_time":-6.978}},{"type":"Feature","geometry":{"type":"Point","coordinates":[104.45031,-1.55242]},"properties":{"rate_time":-6.811}},{"type":"Feature","geometry":{"type":"Point","coordinates":[104.45003,-1.55167]},"properties":{"rate_time":-7.346}},{"type":"Feature","geometry":{"type":"Point","coordinates":[104.44994,-1.55141]},"properties":{"rate_time":-7.482}},{"type":"Feature","geometry":{"type":"Point","coordinates":[104.44987,-1.55115]},"properties":{"rate_time":-7.517}},{"type":"Feature","geometry":{"type":"Point","coordinates":[104.44982,-1.55089]},"properties":{"rate_time":-6.544}},{"type":"Feature","geometry":{"type":"Point","coordinates":[104.44974,-1.55063]},"properties":{"rate_time":-6.709}},{"type":"Feature","geometry":{"type":"Point","coordinates":[104.44969,-1.55036]},"properties":{"rate_time":-7.759}},{"type":"Feature","geometry":{"type":"Point","coordinates":[104.44964,-1.5501]},"properties":{"rate_time":-7.042}},{"type":"Feature","geometry":{"type":"Point","coordinates":[104.44963,-1.54983]},"properties":{"rate_time":-7.199}},{"type":"Feature","geometry":{"type":"Point","coordinates":[104.44961,-1.54956]},"properties":{"rate_time":-7.349}},{"type":"Feature","geometry":{"type":"Point","coordinates":[104.44953,-1.5493]},"properties":{"rate_time":-7.508}},{"type":"Feature","geometry":{"type":"Point","coordinates":[104.44942,-1.54905]},"properties":{"rate_time":-7.788}},{"type":"Feature","geometry":{"type":"Point","coordinates":[104.44935,-1.54879]},"properties":{"rate_time":-7.563}},{"type":"Feature","geometry":{"type":"Point","coordinates":[104.44923,-1.54855]},"properties":{"rate_time":-7.713}},{"type":"Feature","geometry":{"type":"Point","coordinates":[104.44916,-1.54829]},"properties":{"rate_time":-7.958}},{"type":"Feature","geometry":{"type":"Point","coordinates":[104.4491,-1.54802]},"properties":{"rate_time":-8.256}},{"type":"Feature","geometry":{"type":"Point","coordinates":[104.44895,-1.5478]},"properties":{"rate_time":-8.628}},{"type":"Feature","geometry":{"type":"Point","coordinates":[104.44887,-1.54755]},"properties":{"rate_time":-8.918}},{"type":"Feature","geometry":{"type":"Point","coordinates":[104.4489,-1.54728]},"properties":{"rate_time":-9.03}},{"type":"Feature","geometry":{"type":"Point","coordinates":[104.44894,-1.54702]},"properties":{"rate_time":-9.183}},{"type":"Feature","geometry":{"type":"Point","coordinates":[104.44889,-1.54676]},"properties":{"rate_time":-9.393}},{"type":"Feature","geometry":{"type":"Point","coordinates":[104.45629,-1.56721]},"properties":{"rate_time":-0.778}},{"type":"Feature","geometry":{"type":"Point","coordinates":[104.4561,-1.56702]},"properties":{"rate_time":-0.682}},{"type":"Feature","geometry":{"type":"Point","coordinates":[104.4556,-1.56678]},"properties":{"rate_time":-0.715}},{"type":"Feature","geometry":{"type":"Point","coordinates":[104.45604,-1.56677]},"properties":{"rate_time":-0.425}},{"type":"Feature","geometry":{"type":"Point","coordinates":[104.45582,-1.56667]},"properties":{"rate_time":-0.474}},{"type":"Feature","geometry":{"type":"Point","coordinates":[104.45598,-1.56651]},"properties":{"rate_time":-0.26}},{"type":"Feature","geometry":{"type":"Point","coordinates":[104.45545,-1.56536]},"properties":{"rate_time":-0.168}},{"type":"Feature","geometry":{"type":"Point","coordinates":[104.4555,-1.5651]},"properties":{"rate_time":-0.016}},{"type":"Feature","geometry":{"type":"Point","coordinates":[104.45547,-1.4406]},"properties":{"rate_time":12.894}},{"type":"Feature","geometry":{"type":"Point","coordinates":[104.45552,-1.44033]},"properties":{"rate_time":12.955}},{"type":"Feature","geometry":{"type":"Point","coordinates":[104.45347,-1.56109]},"properties":{"rate_time":-2.769}},{"type":"Feature","geometry":{"type":"Point","coordinates":[104.45339,-1.56084]},"properties":{"rate_time":-2.564}},{"type":"Feature","geometry":{"type":"Point","coordinates":[104.45329,-1.56058]},"properties":{"rate_time":-1.605}},{"type":"Feature","geometry":{"type":"Point","coordinates":[104.4534,-1.44438]},"properties":{"rate_time":9.803}},{"type":"Feature","geometry":{"type":"Point","coordinates":[104.4536,-1.44423]},"properties":{"rate_time":7.792}},{"type":"Feature","geometry":{"type":"Point","coordinates":[104.45364,-1.44397]},"properties":{"rate_time":10.722}},{"type":"Feature","geometry":{"type":"Point","coordinates":[104.45358,-1.4437]},"properties":{"rate_time":7.191}},{"type":"Feature","geometry":{"type":"Point","coordinates":[104.45345,-1.44347]},"properties":{"rate_time":6.457}},{"type":"Feature","geometry":{"type":"Point","coordinates":[104.45434,-1.44328]},"properties":{"rate_time":8.546}},{"type":"Feature","geometry":{"type":"Point","coordinates":[104.45343,-1.4432]},"properties":{"rate_time":8.905}},{"type":"Feature","geometry":{"type":"Point","coordinates":[104.45024,-1.55216]},"properties":{"rate_time":-6.948}},{"type":"Feature","geometry":{"type":"Point","coordinates":[104.45015,-1.55191]},"properties":{"rate_time":-7.092}},{"type":"Feature","geometry":{"type":"Point","coordinates":[104.45018,-1.44841]},"properties":{"rate_time":4.128}},{"type":"Feature","geometry":{"type":"Point","coordinates":[104.45034,-1.4482]},"properties":{"rate_time":4.065}},{"type":"Feature","geometry":{"type":"Point","coordinates":[104.45041,-1.44794]},"properties":{"rate_time":3.416}},{"type":"Feature","geometry":{"type":"Point","coordinates":[104.45036,-1.44771]},"properties":{"rate_time":3.934}},{"type":"Feature","geometry":{"type":"Point","coordinates":[104.4503,-1.44748]},"properties":{"rate_time":3.744}},{"type":"Feature","geometry":{"type":"Point","coordinates":[104.45052,-1.44733]},"properties":{"rate_time":3.465}},{"type":"Feature","geometry":{"type":"Point","coordinates":[104.4505,-1.44717]},"properties":{"rate_time":3.245}},{"type":"Feature","geometry":{"type":"Point","coordinates":[104.4503,-1.44699]},"properties":{"rate_time":3.18}},{"type":"Feature","geometry":{"type":"Point","coordinates":[104.44816,-1.45096]},"properties":{"rate_time":3.224}},{"type":"Feature","geometry":{"type":"Point","coordinates":[104.44826,-1.45071]},"properties":{"rate_time":3.355}},{"type":"Feature","geometry":{"type":"Point","coordinates":[104.44838,-1.45047]},"properties":{"rate_time":3.514}},{"type":"Feature","geometry":{"type":"Point","coordinates":[104.44846,-1.45021]},"properties":{"rate_time":3.66}},{"type":"Feature","geometry":{"type":"Point","coordinates":[104.44855,-1.44996]},"properties":{"rate_time":3.728}},{"type":"Feature","geometry":{"type":"Point","coordinates":[104.44861,-1.44969]},"properties":{"rate_time":3.686}},{"type":"Feature","geometry":{"type":"Point","coordinates":[104.44869,-1.44943]},"properties":{"rate_time":3.655}},{"type":"Feature","geometry":{"type":"Point","coordinates":[104.44881,-1.44919]},"properties":{"rate_time":3.462}},{"type":"Feature","geometry":{"type":"Point","coordinates":[104.44891,-1.44894]},"properties":{"rate_time":3.198}},{"type":"Feature","geometry":{"type":"Point","coordinates":[104.449,-1.44868]},"properties":{"rate_time":3.08}},{"type":"Feature","geometry":{"type":"Point","coordinates":[104.44993,-1.44848]},"properties":{"rate_time":4.178}},{"type":"Feature","geometry":{"type":"Point","coordinates":[104.44966,-1.44843]},"properties":{"rate_time":4.269}},{"type":"Feature","geometry":{"type":"Point","coordinates":[104.44909,-1.44843]},"properties":{"rate_time":2.949}},{"type":"Feature","geometry":{"type":"Point","coordinates":[104.44943,-1.4483]},"properties":{"rate_time":4.218}},{"type":"Feature","geometry":{"type":"Point","coordinates":[104.44923,-1.4482]},"properties":{"rate_time":2.708}},{"type":"Feature","geometry":{"type":"Point","coordinates":[104.45005,-1.4469]},"properties":{"rate_time":3.105}},{"type":"Feature","geometry":{"type":"Point","coordinates":[104.44989,-1.44669]},"properties":{"rate_time":3.32}},{"type":"Feature","geometry":{"type":"Point","coordinates":[104.44967,-1.44654]},"properties":{"rate_time":3.766}},{"type":"Feature","geometry":{"type":"Point","coordinates":[104.44954,-1.44637]},"properties":{"rate_time":3.799}},{"type":"Feature","geometry":{"type":"Point","coordinates":[104.44964,-1.44612]},"properties":{"rate_time":3.578}},{"type":"Feature","geometry":{"type":"Point","coordinates":[104.44,-1.52021]},"properties":{"rate_time":-12.336}},{"type":"Feature","geometry":{"type":"Point","coordinates":[104.43997,-1.51996]},"properties":{"rate_time":-11.933}},{"type":"Feature","geometry":{"type":"Point","coordinates":[104.43978,-1.51977]},"properties":{"rate_time":-11.792}},{"type":"Feature","geometry":{"type":"Point","coordinates":[104.43973,-1.5195]},"properties":{"rate_time":-11.581}},{"type":"Feature","geometry":{"type":"Point","coordinates":[104.43969,-1.51923]},"properties":{"rate_time":-11.197}},{"type":"Feature","geometry":{"type":"Point","coordinates":[104.43964,-1.51897]},"properties":{"rate_time":-10.803}},{"type":"Feature","geometry":{"type":"Point","coordinates":[104.43954,-1.51872]},"properties":{"rate_time":-10.376}},{"type":"Feature","geometry":{"type":"Point","coordinates":[104.43947,-1.51845]},"properties":{"rate_time":-10.026}},{"type":"Feature","geometry":{"type":"Point","coordinates":[104.43941,-1.51819]},"properties":{"rate_time":-9.61}},{"type":"Feature","geometry":{"type":"Point","coordinates":[104.43937,-1.51792]},"properties":{"rate_time":-9.209}},{"type":"Feature","geometry":{"type":"Point","coordinates":[104.43929,-1.51766]},"properties":{"rate_time":-8.762}},{"type":"Feature","geometry":{"type":"Point","coordinates":[104.43923,-1.5174]},"properties":{"rate_time":-8.261}},{"type":"Feature","geometry":{"type":"Point","coordinates":[104.43919,-1.51713]},"properties":{"rate_time":-7.86}},{"type":"Feature","geometry":{"type":"Point","coordinates":[104.43916,-1.51686]},"properties":{"rate_time":-7.521}},{"type":"Feature","geometry":{"type":"Point","coordinates":[104.4391,-1.5166]},"properties":{"rate_time":-7.212}},{"type":"Feature","geometry":{"type":"Point","coordinates":[104.439,-1.51635]},"properties":{"rate_time":-6.998}},{"type":"Feature","geometry":{"type":"Point","coordinates":[104.43894,-1.51608]},"properties":{"rate_time":-6.771}},{"type":"Feature","geometry":{"type":"Point","coordinates":[104.43889,-1.51582]},"properties":{"rate_time":-6.587}},{"type":"Feature","geometry":{"type":"Point","coordinates":[104.4388,-1.51556]},"properties":{"rate_time":-6.492}},{"type":"Feature","geometry":{"type":"Point","coordinates":[104.43871,-1.51531]},"properties":{"rate_time":-6.485}},{"type":"Feature","geometry":{"type":"Point","coordinates":[104.43866,-1.51504]},"properties":{"rate_time":-6.47}},{"type":"Feature","geometry":{"type":"Point","coordinates":[104.43862,-1.51478]},"properties":{"rate_time":-6.466}},{"type":"Feature","geometry":{"type":"Point","coordinates":[104.43858,-1.51451]},"properties":{"rate_time":-7.377}},{"type":"Feature","geometry":{"type":"Point","coordinates":[104.43852,-1.51425]},"properties":{"rate_time":-7.404}},{"type":"Feature","geometry":{"type":"Point","coordinates":[104.43842,-1.51399]},"properties":{"rate_time":-7.459}},{"type":"Feature","geometry":{"type":"Point","coordinates":[104.43837,-1.51373]},"properties":{"rate_time":-7.701}},{"type":"Feature","geometry":{"type":"Point","coordinates":[104.43834,-1.51346]},"properties":{"rate_time":-7.776}},{"type":"Feature","geometry":{"type":"Point","coordinates":[104.43831,-1.51319]},"properties":{"rate_time":-7.722}},{"type":"Feature","geometry":{"type":"Point","coordinates":[104.43825,-1.51293]},"properties":{"rate_time":-7.646}},{"type":"Feature","geometry":{"type":"Point","coordinates":[104.43814,-1.51268]},"properties":{"rate_time":-7.558}},{"type":"Feature","geometry":{"type":"Point","coordinates":[104.43812,-1.51241]},"properties":{"rate_time":-7.433}},{"type":"Feature","geometry":{"type":"Point","coordinates":[104.43809,-1.51214]},"properties":{"rate_time":-7.393}},{"type":"Feature","geometry":{"type":"Point","coordinates":[104.43806,-1.51187]},"properties":{"rate_time":-7.291}},{"type":"Feature","geometry":{"type":"Point","coordinates":[104.43802,-1.5116]},"properties":{"rate_time":-7.113}},{"type":"Feature","geometry":{"type":"Point","coordinates":[104.43792,-1.51135]},"properties":{"rate_time":-7.029}},{"type":"Feature","geometry":{"type":"Point","coordinates":[104.43791,-1.51108]},"properties":{"rate_time":-6.774}},{"type":"Feature","geometry":{"type":"Point","coordinates":[104.4379,-1.51081]},"properties":{"rate_time":-6.596}},{"type":"Feature","geometry":{"type":"Point","coordinates":[104.43791,-1.51054]},"properties":{"rate_time":-6.49}},{"type":"Feature","geometry":{"type":"Point","coordinates":[104.43789,-1.51027]},"properties":{"rate_time":-6.267}},{"type":"Feature","geometry":{"type":"Point","coordinates":[104.43787,-1.51]},"properties":{"rate_time":-6.064}},{"type":"Feature","geometry":{"type":"Point","coordinates":[104.43787,-1.50972]},"properties":{"rate_time":-5.95}},{"type":"Feature","geometry":{"type":"Point","coordinates":[104.43785,-1.50945]},"properties":{"rate_time":-5.925}},{"type":"Feature","geometry":{"type":"Point","coordinates":[104.43783,-1.50918]},"properties":{"rate_time":-5.91}},{"type":"Feature","geometry":{"type":"Point","coordinates":[104.43771,-1.50894]},"properties":{"rate_time":-5.933}},{"type":"Feature","geometry":{"type":"Point","coordinates":[104.43769,-1.50868]},"properties":{"rate_time":-5.814}},{"type":"Feature","geometry":{"type":"Point","coordinates":[104.43768,-1.50841]},"properties":{"rate_time":-5.759}},{"type":"Feature","geometry":{"type":"Point","coordinates":[104.43761,-1.50815]},"properties":{"rate_time":-5.817}},{"type":"Feature","geometry":{"type":"Point","coordinates":[104.43756,-1.50789]},"properties":{"rate_time":-5.925}},{"type":"Feature","geometry":{"type":"Point","coordinates":[104.43753,-1.50762]},"properties":{"rate_time":-5.999}},{"type":"Feature","geometry":{"type":"Point","coordinates":[104.43752,-1.50735]},"properties":{"rate_time":-6.051}},{"type":"Feature","geometry":{"type":"Point","coordinates":[104.4375,-1.50708]},"properties":{"rate_time":-6.241}},{"type":"Feature","geometry":{"type":"Point","coordinates":[104.4375,-1.50681]},"properties":{"rate_time":-6.3}},{"type":"Feature","geometry":{"type":"Point","coordinates":[104.43747,-1.50654]},"properties":{"rate_time":-6.232}},{"type":"Feature","geometry":{"type":"Point","coordinates":[104.43744,-1.50627]},"properties":{"rate_time":-6.05}},{"type":"Feature","geometry":{"type":"Point","coordinates":[104.43736,-1.50602]},"properties":{"rate_time":-5.877}},{"type":"Feature","geometry":{"type":"Point","coordinates":[104.43735,-1.50575]},"properties":{"rate_time":-5.715}},{"type":"Feature","geometry":{"type":"Point","coordinates":[104.43732,-1.50549]},"properties":{"rate_time":-5.701}},{"type":"Feature","geometry":{"type":"Point","coordinates":[104.43725,-1.50522]},"properties":{"rate_time":-7.369}},{"type":"Feature","geometry":{"type":"Point","coordinates":[104.43726,-1.50496]},"properties":{"rate_time":-7.35}},{"type":"Feature","geometry":{"type":"Point","coordinates":[104.43734,-1.50471]},"properties":{"rate_time":-7.301}},{"type":"Feature","geometry":{"type":"Point","coordinates":[104.44031,-1.5215]},"properties":{"rate_time":-12.195}},{"type":"Feature","geometry":{"type":"Point","coordinates":[104.4403,-1.52123]},"properties":{"rate_time":-12.348}},{"type":"Feature","geometry":{"type":"Point","coordinates":[104.44023,-1.52097]},"properties":{"rate_time":-12.624}},{"type":"Feature","geometry":{"type":"Point","coordinates":[104.44012,-1.52073]},"properties":{"rate_time":-12.827}},{"type":"Feature","geometry":{"type":"Point","coordinates":[104.44002,-1.52048]},"properties":{"rate_time":-12.74}},{"type":"Feature","geometry":{"type":"Point","coordinates":[104.44042,-1.49017]},"properties":{"rate_time":1.219}},{"type":"Feature","geometry":{"type":"Point","coordinates":[104.44024,-1.49014]},"properties":{"rate_time":1.156}},{"type":"Feature","geometry":{"type":"Point","coordinates":[104.44008,-1.48992]},"properties":{"rate_time":0.961}},{"type":"Feature","geometry":{"type":"Point","coordinates":[104.44043,-1.48991]},"properties":{"rate_time":1.202}},{"type":"Feature","geometry":{"type":"Point","coordinates":[104.44024,-1.48978]},"properties":{"rate_time":1.043}},{"type":"Feature","geometry":{"type":"Point","coordinates":[104.43747,-1.50448]},"properties":{"rate_time":-7.249}},{"type":"Feature","geometry":{"type":"Point","coordinates":[104.43755,-1.50425]},"properties":{"rate_time":-7.161}},{"type":"Feature","geometry":{"type":"Point","coordinates":[104.43735,-1.50411]},"properties":{"rate_time":-7.304}},{"type":"Feature","geometry":{"type":"Point","coordinates":[104.43728,-1.50385]},"properties":{"rate_time":-7.358}},{"type":"Feature","geometry":{"type":"Point","coordinates":[104.43727,-1.50358]},"properties":{"rate_time":-7.252}},{"type":"Feature","geometry":{"type":"Point","coordinates":[104.43725,-1.50332]},"properties":{"rate_time":-7.0}},{"type":"Feature","geometry":{"type":"Point","coordinates":[104.43722,-1.50305]},"properties":{"rate_time":-6.803}},{"type":"Feature","geometry":{"type":"Point","coordinates":[104.43724,-1.50278]},"properties":{"rate_time":-6.745}},{"type":"Feature","geometry":{"type":"Point","coordinates":[104.43725,-1.50251]},"properties":{"rate_time":-6.686}},{"type":"Feature","geometry":{"type":"Point","coordinates":[104.43727,-1.50224]},"properties":{"rate_time":-6.552}},{"type":"Feature","geometry":{"type":"Point","coordinates":[104.43732,-1.50197]},"properties":{"rate_time":-6.475}},{"type":"Feature","geometry":{"type":"Point","coordinates":[104.43735,-1.50171]},"properties":{"rate_time":-6.498}},{"type":"Feature","geometry":{"type":"Point","coordinates":[104.43737,-1.50144]},"properties":{"rate_time":-6.409}},{"type":"Feature","geometry":{"type":"Point","coordinates":[104.43747,-1.50119]},"properties":{"rate_time":-4.74}},{"type":"Feature","geometry":{"type":"Point","coordinates":[104.43755,-1.50093]},"properties":{"rate_time":-4.645}},{"type":"Feature","geometry":{"type":"Point","coordinates":[104.43757,-1.50066]},"properties":{"rate_time":-5.834}},{"type":"Feature","geometry":{"type":"Point","coordinates":[104.43759,-1.50039]},"properties":{"rate_time":-4.303}},{"type":"Feature","geometry":{"type":"Point","coordinates":[104.43762,-1.50012]},"properties":{"rate_time":-4.113}},{"type":"Feature","geometry":{"type":"Point","coordinates":[104.43762,-1.49985]},"properties":{"rate_time":-4.017}},{"type":"Feature","geometry":{"type":"Point","coordinates":[104.43763,-1.49958]},"properties":{"rate_time":-3.947}},{"type":"Feature","geometry":{"type":"Point","coordinates":[104.44397,-1.53467]},"properties":{"rate_time":-11.803}},{"type":"Feature","geometry":{"type":"Point","coordinates":[104.444,-1.47027]},"properties":{"rate_time":2.02}},{"type":"Feature","geometry":{"type":"Point","coordinates":[104.44405,-1.47001]},"properties":{"rate_time":1.893}},{"type":"Feature","geometry":{"type":"Point","coordinates":[104.44404,-1.46693]},"properties":{"rate_time":2.238}},{"type":"Feature","geometry":{"type":"Point","coordinates":[104.44399,-1.46399]},"properties":{"rate_time":3.583}},{"type":"Feature","geometry":{"type":"Point","coordinates":[104.44402,-1.46372]},"properties":{"rate_time":3.817}},{"type":"Feature","geometry":{"type":"Point","coordinates":[104.44408,-1.46346]},"properties":{"rate_time":4.029}},{"type":"Feature","geometry":{"type":"Point","coordinates":[104.44417,-1.4632]},"properties":{"rate_time":4.138}},{"type":"Feature","geometry":{"type":"Point","coordinates":[104.4443,-1.46296]},"properties":{"rate_time":4.249}},{"type":"Feature","geometry":{"type":"Point","coordinates":[104.44441,-1.46272]},"properties":{"rate_time":4.223}},{"type":"Feature","geometry":{"type":"Point","coordinates":[104.45847,-1.57401]},"properties":{"rate_time":3.653}},{"type":"Feature","geometry":{"type":"Point","coordinates":[104.45844,-1.57374]},"properties":{"rate_time":3.46}},{"type":"Feature","geometry":{"type":"Point","coordinates":[104.45829,-1.57353]},"properties":{"rate_time":3.442}},{"type":"Feature","geometry":{"type":"Point","coordinates":[104.4581,-1.57334]},"properties":{"rate_time":3.258}},{"type":"Feature","geometry":{"type":"Point","coordinates":[104.45802,-1.57308]},"properties":{"rate_time":2.816}},{"type":"Feature","geometry":{"type":"Point","coordinates":[104.458,-1.57281]},"properties":{"rate_time":2.484}},{"type":"Feature","geometry":{"type":"Point","coordinates":[104.45799,-1.57254]},"properties":{"rate_time":2.123}},{"type":"Feature","geometry":{"type":"Point","coordinates":[104.45794,-1.57228]},"properties":{"rate_time":1.829}},{"type":"Feature","geometry":{"type":"Point","coordinates":[104.45787,-1.57202]},"properties":{"rate_time":1.379}},{"type":"Feature","geometry":{"type":"Point","coordinates":[104.4578,-1.57176]},"properties":{"rate_time":1.115}},{"type":"Feature","geometry":{"type":"Point","coordinates":[104.45566,-1.57099]},"properties":{"rate_time":-3.552}},{"type":"Feature","geometry":{"type":"Point","coordinates":[104.45616,-1.57087]},"properties":{"rate_time":-2.797}},{"type":"Feature","geometry":{"type":"Point","coordinates":[104.4559,-1.57086]},"properties":{"rate_time":-3.084}},{"type":"Feature","geometry":{"type":"Point","coordinates":[104.45638,-1.57077]},"properties":{"rate_time":-3.708}},{"type":"Feature","geometry":{"type":"Point","coordinates":[104.45682,-1.57076]},"properties":{"rate_time":-1.623}},{"type":"Feature","geometry":{"type":"Point","coordinates":[104.45665,-1.57066]},"properties":{"rate_time":-2.251}},{"type":"Feature","geometry":{"type":"Point","coordinates":[104.45625,-1.57053]},"properties":{"rate_time":-3.389}},{"type":"Feature","geometry":{"type":"Point","coordinates":[104.45643,-1.57052]},"properties":{"rate_time":-3.025}},{"type":"Feature","geometry":{"type":"Point","coordinates":[104.45622,-1.56977]},"properties":{"rate_time":-4.029}},{"type":"Feature","geometry":{"type":"Point","coordinates":[104.45649,-1.56972]},"properties":{"rate_time":-2.654}},{"type":"Feature","geometry":{"type":"Point","coordinates":[104.45774,-1.57149]},"properties":{"rate_time":0.777}},{"type":"Feature","geometry":{"type":"Point","coordinates":[104.45768,-1.57123]},"properties":{"rate_time":0.768}},{"type":"Feature","geometry":{"type":"Point","coordinates":[104.45765,-1.57096]},"properties":{"rate_time":0.303}},{"type":"Feature","geometry":{"type":"Point","coordinates":[104.45731,-1.5709]},"properties":{"rate_time":1.086}},{"type":"Feature","geometry":{"type":"Point","coordinates":[104.45754,-1.57078]},"properties":{"rate_time":-0.05}},{"type":"Feature","geometry":{"type":"Point","coordinates":[104.45709,-1.57075]},"properties":{"rate_time":-1.158}},{"type":"Feature","geometry":{"type":"Point","coordinates":[104.45738,-1.56941]},"properties":{"rate_time":0.322}},{"type":"Feature","geometry":{"type":"Point","coordinates":[104.45717,-1.56927]},"properties":{"rate_time":-1.881}},{"type":"Feature","geometry":{"type":"Point","coordinates":[104.45701,-1.56923]},"properties":{"rate_time":-1.91}},{"type":"Feature","geometry":{"type":"Point","coordinates":[104.4574,-1.56915]},"properties":{"rate_time":-0.18}},{"type":"Feature","geometry":{"type":"Point","coordinates":[104.45739,-1.56888]},"properties":{"rate_time":-0.383}},{"type":"Feature","geometry":{"type":"Point","coordinates":[104.45722,-1.56868]},"properties":{"rate_time":-0.299}},{"type":"Feature","geometry":{"type":"Point","coordinates":[104.45702,-1.5685]},"properties":{"rate_time":-0.891}},{"type":"Feature","geometry":{"type":"Point","coordinates":[104.45702,-1.43134]},"properties":{"rate_time":10.217}},{"type":"Feature","geometry":{"type":"Point","coordinates":[104.45699,-1.43108]},"properties":{"rate_time":9.808}},{"type":"Feature","geometry":{"type":"Point","coordinates":[104.45697,-1.43054]},"properties":{"rate_time":7.539}},{"type":"Feature","geometry":{"type":"Point","coordinates":[104.45709,-1.43032]},"properties":{"rate_time":7.375}},{"type":"Feature","geometry":{"type":"Point","coordinates":[104.45723,-1.4301]},"properties":{"rate_time":6.641}},{"type":"Feature","geometry":{"type":"Point","coordinates":[104.45723,-1.42983]},"properties":{"rate_time":5.963}},{"type":"Feature","geometry":{"type":"Point","coordinates":[104.45724,-1.42956]},"properties":{"rate_time":5.319}},{"type":"Feature","geometry":{"type":"Point","coordinates":[104.45597,-1.43742]},"properties":{"rate_time":12.291}},{"type":"Feature","geometry":{"type":"Point","coordinates":[104.45599,-1.43715]},"properties":{"rate_time":14.435}},{"type":"Feature","geometry":{"type":"Point","coordinates":[104.45606,-1.43689]},"properties":{"rate_time":14.46}},{"type":"Feature","geometry":{"type":"Point","coordinates":[104.45613,-1.43663]},"properties":{"rate_time":14.511}},{"type":"Feature","geometry":{"type":"Point","coordinates":[104.45625,-1.43638]},"properties":{"rate_time":12.838}},{"type":"Feature","geometry":{"type":"Point","coordinates":[104.45637,-1.43614]},"properties":{"rate_time":13.148}},{"type":"Feature","geometry":{"type":"Point","coordinates":[104.45642,-1.43587]},"properties":{"rate_time":13.531}},{"type":"Feature","geometry":{"type":"Point","coordinates":[104.45651,-1.43562]},"properties":{"rate_time":13.919}},{"type":"Feature","geometry":{"type":"Point","coordinates":[104.45656,-1.43535]},"properties":{"rate_time":14.14}},{"type":"Feature","geometry":{"type":"Point","coordinates":[104.45659,-1.43508]},"properties":{"rate_time":14.207}},{"type":"Feature","geometry":{"type":"Point","coordinates":[104.45661,-1.43481]},"properties":{"rate_time":14.284}},{"type":"Feature","geometry":{"type":"Point","coordinates":[104.45662,-1.43454]},"properties":{"rate_time":15.296}},{"type":"Feature","geometry":{"type":"Point","coordinates":[104.45663,-1.43427]},"properties":{"rate_time":14.1}},{"type":"Feature","geometry":{"type":"Point","coordinates":[104.45663,-1.434]},"properties":{"rate_time":14.882}},{"type":"Feature","geometry":{"type":"Point","coordinates":[104.45666,-1.43373]},"properties":{"rate_time":14.751}},{"type":"Feature","geometry":{"type":"Point","coordinates":[104.45669,-1.43346]},"properties":{"rate_time":14.545}},{"type":"Feature","geometry":{"type":"Point","coordinates":[104.45672,-1.43319]},"properties":{"rate_time":14.082}},{"type":"Feature","geometry":{"type":"Point","coordinates":[104.45673,-1.43292]},"properties":{"rate_time":13.536}},{"type":"Feature","geometry":{"type":"Point","coordinates":[104.45673,-1.43265]},"properties":{"rate_time":13.064}},{"type":"Feature","geometry":{"type":"Point","coordinates":[104.45682,-1.4324]},"properties":{"rate_time":12.656}},{"type":"Feature","geometry":{"type":"Point","coordinates":[104.45726,-1.42929]},"properties":{"rate_time":4.618}},{"type":"Feature","geometry":{"type":"Point","coordinates":[104.45729,-1.42902]},"properties":{"rate_time":3.911}},{"type":"Feature","geometry":{"type":"Point","coordinates":[104.45727,-1.42875]},"properties":{"rate_time":3.437}},{"type":"Feature","geometry":{"type":"Point","coordinates":[104.45726,-1.42848]},"properties":{"rate_time":2.755}},{"type":"Feature","geometry":{"type":"Point","coordinates":[104.45725,-1.4282]},"properties":{"rate_time":2.039}},{"type":"Feature","geometry":{"type":"Point","coordinates":[104.45724,-1.42793]},"properties":{"rate_time":1.591}},{"type":"Feature","geometry":{"type":"Point","coordinates":[104.45722,-1.42766]},"properties":{"rate_time":1.337}},{"type":"Feature","geometry":{"type":"Point","coordinates":[104.45721,-1.42739]},"properties":{"rate_time":1.013}},{"type":"Feature","geometry":{"type":"Point","coordinates":[104.4572,-1.42712]},"properties":{"rate_time":0.684}},{"type":"Feature","geometry":{"type":"Point","coordinates":[104.45717,-1.42685]},"properties":{"rate_time":0.372}},{"type":"Feature","geometry":{"type":"Point","coordinates":[104.45686,-1.43213]},"properties":{"rate_time":11.365}},{"type":"Feature","geometry":{"type":"Point","coordinates":[104.45687,-1.43186]},"properties":{"rate_time":10.964}},{"type":"Feature","geometry":{"type":"Point","coordinates":[104.45694,-1.4316]},"properties":{"rate_time":10.643}},{"type":"Feature","geometry":{"type":"Point","coordinates":[104.45697,-1.43081]},"properties":{"rate_time":8.821}},{"type":"Feature","geometry":{"type":"Point","coordinates":[104.45697,-1.42415]},"properties":{"rate_time":-0.301}},{"type":"Feature","geometry":{"type":"Point","coordinates":[104.45695,-1.42388]},"properties":{"rate_time":-0.593}},{"type":"Feature","geometry":{"type":"Point","coordinates":[104.45692,-1.42361]},"properties":{"rate_time":-0.934}},{"type":"Feature","geometry":{"type":"Point","coordinates":[104.4569,-1.42334]},"properties":{"rate_time":-0.891}},{"type":"Feature","geometry":{"type":"Point","coordinates":[104.45688,-1.42307]},"properties":{"rate_time":-1.159}},{"type":"Feature","geometry":{"type":"Point","coordinates":[104.45687,-1.4228]},"properties":{"rate_time":-1.519}},{"type":"Feature","geometry":{"type":"Point","coordinates":[104.45683,-1.42253]},"properties":{"rate_time":-0.991}},{"type":"Feature","geometry":{"type":"Point","coordinates":[104.45678,-1.42227]},"properties":{"rate_time":-1.177}},{"type":"Feature","geometry":{"type":"Point","coordinates":[104.45673,-1.422]},"properties":{"rate_time":-1.53}},{"type":"Feature","geometry":{"type":"Point","coordinates":[104.45669,-1.42173]},"properties":{"rate_time":-1.849}},{"type":"Feature","geometry":{"type":"Point","coordinates":[104.45668,-1.42146]},"properties":{"rate_time":-2.009}},{"type":"Feature","geometry":{"type":"Point","coordinates":[104.4567,-1.42119]},"properties":{"rate_time":-2.196}},{"type":"Feature","geometry":{"type":"Point","coordinates":[104.45678,-1.42093]},"properties":{"rate_time":-2.303}},{"type":"Feature","geometry":{"type":"Point","coordinates":[104.45675,-1.42066]},"properties":{"rate_time":-2.584}},{"type":"Feature","geometry":{"type":"Point","coordinates":[104.45669,-1.4204]},"properties":{"rate_time":-2.827}},{"type":"Feature","geometry":{"type":"Point","coordinates":[104.4567,-1.42013]},"properties":{"rate_time":-3.064}},{"type":"Feature","geometry":{"type":"Point","coordinates":[104.45669,-1.41986]},"properties":{"rate_time":-3.259}},{"type":"Feature","geometry":{"type":"Point","coordinates":[104.45667,-1.41958]},"properties":{"rate_time":-3.55}},{"type":"Feature","geometry":{"type":"Point","coordinates":[104.45666,-1.41931]},"properties":{"rate_time":-3.676}},{"type":"Feature","geometry":{"type":"Point","coordinates":[104.45664,-1.41904]},"properties":{"rate_time":-4.007}},{"type":"Feature","geometry":{"type":"Point","coordinates":[104.45662,-1.41877]},"properties":{"rate_time":-4.21}},{"type":"Feature","geometry":{"type":"Point","coordinates":[104.45662,-1.4185]},"properties":{"rate_time":-4.545}},{"type":"Feature","geometry":{"type":"Point","coordinates":[104.4566,-1.41823]},"properties":{"rate_time":-4.946}},{"type":"Feature","geometry":{"type":"Point","coordinates":[104.45661,-1.41796]},"properties":{"rate_time":-5.127}},{"type":"Feature","geometry":{"type":"Point","coordinates":[104.45658,-1.41769]},"properties":{"rate_time":-5.32}},{"type":"Feature","geometry":{"type":"Point","coordinates":[104.45651,-1.41743]},"properties":{"rate_time":-5.601}},{"type":"Feature","geometry":{"type":"Point","coordinates":[104.43768,-1.49932]},"properties":{"rate_time":-3.733}},{"type":"Feature","geometry":{"type":"Point","coordinates":[104.43772,-1.49905]},"properties":{"rate_time":-3.569}},{"type":"Feature","geometry":{"type":"Point","coordinates":[104.43769,-1.49878]},"properties":{"rate_time":-3.557}},{"type":"Feature","geometry":{"type":"Point","coordinates":[104.43764,-1.49852]},"properties":{"rate_time":-3.527}},{"type":"Feature","geometry":{"type":"Point","coordinates":[104.43764,-1.49825]},"properties":{"rate_time":-3.431}},{"type":"Feature","geometry":{"type":"Point","coordinates":[104.43773,-1.49799]},"properties":{"rate_time":-3.143}},{"type":"Feature","geometry":{"type":"Point","coordinates":[104.43788,-1.49777]},"properties":{"rate_time":-2.83}},{"type":"Feature","geometry":{"type":"Point","coordinates":[104.43792,-1.4975]},"properties":{"rate_time":-2.641}},{"type":"Feature","geometry":{"type":"Point","coordinates":[104.43794,-1.49723]},"properties":{"rate_time":-2.538}},{"type":"Feature","geometry":{"type":"Point","coordinates":[104.43806,-1.49699]},"properties":{"rate_time":-2.431}},{"type":"Feature","geometry":{"type":"Point","coordinates":[104.43854,-1.49684]},"properties":{"rate_time":-2.261}},{"type":"Feature","geometry":{"type":"Point","coordinates":[104.43877,-1.49676]},"properties":{"rate_time":-2.676}},{"type":"Feature","geometry":{"type":"Point","coordinates":[104.43811,-1.49673]},"properties":{"rate_time":-1.486}},{"type":"Feature","geometry":{"type":"Point","coordinates":[104.43831,-1.49672]},"properties":{"rate_time":-2.228}},{"type":"Feature","geometry":{"type":"Point","coordinates":[104.43872,-1.49655]},"properties":{"rate_time":-2.459}},{"type":"Feature","geometry":{"type":"Point","coordinates":[104.43819,-1.49649]},"properties":{"rate_time":-1.389}},{"type":"Feature","geometry":{"type":"Point","coordinates":[104.43854,-1.49635]},"properties":{"rate_time":-1.938}},{"type":"Feature","geometry":{"type":"Point","coordinates":[104.43817,-1.4963]},"properties":{"rate_time":-1.343}},{"type":"Feature","geometry":{"type":"Point","coordinates":[104.43838,-1.49625]},"properties":{"rate_time":-1.921}},{"type":"Feature","geometry":{"type":"Point","coordinates":[104.43809,-1.49605]},"properties":{"rate_time":-1.329}},{"type":"Feature","geometry":{"type":"Point","coordinates":[104.43814,-1.49578]},"properties":{"rate_time":-1.24}},{"type":"Feature","geometry":{"type":"Point","coordinates":[104.4385,-1.49563]},"properties":{"rate_time":-0.982}},{"type":"Feature","geometry":{"type":"Point","coordinates":[104.43837,-1.49562]},"properties":{"rate_time":-1.024}},{"type":"Feature","geometry":{"type":"Point","coordinates":[104.43818,-1.49552]},"properties":{"rate_time":-1.24}},{"type":"Feature","geometry":{"type":"Point","coordinates":[104.43837,-1.49542]},"properties":{"rate_time":-1.18}},{"type":"Feature","geometry":{"type":"Point","coordinates":[104.4383,-1.49518]},"properties":{"rate_time":-1.213}},{"type":"Feature","geometry":{"type":"Point","coordinates":[104.43833,-1.49491]},"properties":{"rate_time":-1.092}},{"type":"Feature","geometry":{"type":"Point","coordinates":[104.43834,-1.49464]},"properties":{"rate_time":-0.527}},{"type":"Feature","geometry":{"type":"Point","coordinates":[104.43836,-1.49437]},"properties":{"rate_time":-0.397}},{"type":"Feature","geometry":{"type":"Point","coordinates":[104.43839,-1.4941]},"properties":{"rate_time":-0.345}},{"type":"Feature","geometry":{"type":"Point","coordinates":[104.43846,-1.49384]},"properties":{"rate_time":0.1}},{"type":"Feature","geometry":{"type":"Point","coordinates":[104.43861,-1.49361]},"properties":{"rate_time":0.313}},{"type":"Feature","geometry":{"type":"Point","coordinates":[104.4387,-1.49336]},"properties":{"rate_time":0.344}},{"type":"Feature","geometry":{"type":"Point","coordinates":[104.43865,-1.49311]},"properties":{"rate_time":0.485}},{"type":"Feature","geometry":{"type":"Point","coordinates":[104.43846,-1.49291]},"properties":{"rate_time":0.277}},{"type":"Feature","geometry":{"type":"Point","coordinates":[104.4384,-1.49265]},"properties":{"rate_time":0.194}},{"type":"Feature","geometry":{"type":"Point","coordinates":[104.4384,-1.49238]},"properties":{"rate_time":0.196}},{"type":"Feature","geometry":{"type":"Point","coordinates":[104.43842,-1.49211]},"properties":{"rate_time":0.05}},{"type":"Feature","geometry":{"type":"Point","coordinates":[104.43844,-1.49184]},"properties":{"rate_time":-0.136}},{"type":"Feature","geometry":{"type":"Point","coordinates":[104.43846,-1.49157]},"properties":{"rate_time":-0.241}},{"type":"Feature","geometry":{"type":"Point","coordinates":[104.43852,-1.4913]},"properties":{"rate_time":-0.284}},{"type":"Feature","geometry":{"type":"Point","coordinates":[104.43859,-1.49104]},"properties":{"rate_time":-0.21}},{"type":"Feature","geometry":{"type":"Point","coordinates":[104.43858,-1.49077]},"properties":{"rate_time":-0.073}},{"type":"Feature","geometry":{"type":"Point","coordinates":[104.439,-1.4906]},"properties":{"rate_time":0.166}},{"type":"Feature","geometry":{"type":"Point","coordinates":[104.43976,-1.49057]},"properties":{"rate_time":0.823}},{"type":"Feature","geometry":{"type":"Point","coordinates":[104.43927,-1.49056]},"properties":{"rate_time":0.247}},{"type":"Feature","geometry":{"type":"Point","coordinates":[104.43862,-1.49051]},"properties":{"rate_time":0.146}},{"type":"Feature","geometry":{"type":"Point","coordinates":[104.43952,-1.49046]},"properties":{"rate_time":0.581}},{"type":"Feature","geometry":{"type":"Point","coordinates":[104.4388,-1.49043]},"properties":{"rate_time":0.299}},{"type":"Feature","geometry":{"type":"Point","coordinates":[104.43986,-1.49041]},"properties":{"rate_time":0.819}},{"type":"Feature","geometry":{"type":"Point","coordinates":[104.44003,-1.48951]},"properties":{"rate_time":1.012}},{"type":"Feature","geometry":{"type":"Point","coordinates":[104.44015,-1.48927]},"properties":{"rate_time":1.295}},{"type":"Feature","geometry":{"type":"Point","coordinates":[104.44028,-1.48904]},"properties":{"rate_time":1.318}},{"type":"Feature","geometry":{"type":"Point","coordinates":[104.4403,-1.48877]},"properties":{"rate_time":1.441}},{"type":"Feature","geometry":{"type":"Point","coordinates":[104.44027,-1.4885]},"properties":{"rate_time":1.827}},{"type":"Feature","geometry":{"type":"Point","coordinates":[104.44031,-1.48823]},"properties":{"rate_time":2.111}},{"type":"Feature","geometry":{"type":"Point","coordinates":[104.44046,-1.48801]},"properties":{"rate_time":2.313}},{"type":"Feature","geometry":{"type":"Point","coordinates":[104.44054,-1.48775]},"properties":{"rate_time":2.173}},{"type":"Feature","geometry":{"type":"Point","coordinates":[104.44058,-1.48748]},"properties":{"rate_time":1.971}},{"type":"Feature","geometry":{"type":"Point","coordinates":[104.44047,-1.48724]},"properties":{"rate_time":1.947}},{"type":"Feature","geometry":{"type":"Point","coordinates":[104.43976,-1.49016]},"properties":{"rate_time":0.769}},{"type":"Feature","geometry":{"type":"Point","coordinates":[104.43982,-1.4899]},"properties":{"rate_time":0.686}},{"type":"Feature","geometry":{"type":"Point","coordinates":[104.44,-1.4897]},"properties":{"rate_time":0.844}},{"type":"Feature","geometry":{"type":"Point","coordinates":[104.43992,-1.48666]},"properties":{"rate_time":2.038}},{"type":"Feature","geometry":{"type":"Point","coordinates":[104.43971,-1.48652]},"properties":{"rate_time":2.012}},{"type":"Feature","geometry":{"type":"Point","coordinates":[104.43944,-1.48649]},"properties":{"rate_time":1.911}},{"type":"Feature","geometry":{"type":"Point","coordinates":[104.43921,-1.4864]},"properties":{"rate_time":1.885}},{"type":"Feature","geometry":{"type":"Point","coordinates":[104.43918,-1.48615]},"properties":{"rate_time":2.106}},{"type":"Feature","geometry":{"type":"Point","coordinates":[104.43919,-1.48588]},"properties":{"rate_time":2.411}},{"type":"Feature","geometry":{"type":"Point","coordinates":[104.43929,-1.48563]},"properties":{"rate_time":2.56}},{"type":"Feature","geometry":{"type":"Point","coordinates":[104.43939,-1.48539]},"properties":{"rate_time":2.663}},{"type":"Feature","geometry":{"type":"Point","coordinates":[104.43943,-1.48512]},"properties":{"rate_time":2.473}},{"type":"Feature","geometry":{"type":"Point","coordinates":[104.43945,-1.48485]},"properties":{"rate_time":2.727}},{"type":"Feature","geometry":{"type":"Point","coordinates":[104.43947,-1.48458]},"properties":{"rate_time":2.894}},{"type":"Feature","geometry":{"type":"Point","coordinates":[104.4395,-1.48431]},"properties":{"rate_time":3.172}},{"type":"Feature","geometry":{"type":"Point","coordinates":[104.43954,-1.48404]},"properties":{"rate_time":3.034}},{"type":"Feature","geometry":{"type":"Point","coordinates":[104.43967,-1.48381]},"properties":{"rate_time":2.902}},{"type":"Feature","geometry":{"type":"Point","coordinates":[104.43987,-1.48364]},"properties":{"rate_time":2.805}},{"type":"Feature","geometry":{"type":"Point","coordinates":[104.44002,-1.48341]},"properties":{"rate_time":2.938}},{"type":"Feature","geometry":{"type":"Point","coordinates":[104.43999,-1.48288]},"properties":{"rate_time":2.825}},{"type":"Feature","geometry":{"type":"Point","coordinates":[104.44029,-1.48705]},"properties":{"rate_time":1.961}},{"type":"Feature","geometry":{"type":"Point","coordinates":[104.44011,-1.48686]},"properties":{"rate_time":1.985}},{"type":"Feature","geometry":{"type":"Point","coordinates":[104.44003,-1.48315]},"properties":{"rate_time":2.762}},{"type":"Feature","geometry":{"type":"Point","coordinates":[104.44004,-1.48155]},"properties":{"rate_time":1.99}},{"type":"Feature","geometry":{"type":"Point","coordinates":[104.44012,-1.4813]},"properties":{"rate_time":1.43}},{"type":"Feature","geometry":{"type":"Point","coordinates":[104.44035,-1.48117]},"properties":{"rate_time":1.05}},{"type":"Feature","geometry":{"type":"Point","coordinates":[104.44049,-1.48094]},"properties":{"rate_time":1.237}},{"type":"Feature","geometry":{"type":"Point","coordinates":[104.44063,-1.4807]},"properties":{"rate_time":1.482}},{"type":"Feature","geometry":{"type":"Point","coordinates":[104.44075,-1.48046]},"properties":{"rate_time":1.596}},{"type":"Feature","geometry":{"type":"Point","coordinates":[104.4409,-1.48023]},"properties":{"rate_time":1.342}},{"type":"Feature","geometry":{"type":"Point","coordinates":[104.43993,-1.48262]},"properties":{"rate_time":2.82}},{"type":"Feature","geometry":{"type":"Point","coordinates":[104.43992,-1.48235]},"properties":{"rate_time":2.545}},{"type":"Feature","geometry":{"type":"Point","coordinates":[104.43996,-1.48208]},"properties":{"rate_time":2.39}},{"type":"Feature","geometry":{"type":"Point","coordinates":[104.44001,-1.48182]},"properties":{"rate_time":2.175}},{"type":"Feature","geometry":{"type":"Point","coordinates":[104.44091,-1.47997]},"properties":{"rate_time":1.723}},{"type":"Feature","geometry":{"type":"Point","coordinates":[104.44078,-1.47974]},"properties":{"rate_time":1.664}},{"type":"Feature","geometry":{"type":"Point","coordinates":[104.44072,-1.47952]},"properties":{"rate_time":1.748}},{"type":"Feature","geometry":{"type":"Point","coordinates":[104.4409,-1.47932]},"properties":{"rate_time":1.729}},{"type":"Feature","geometry":{"type":"Point","coordinates":[104.44105,-1.47909]},"properties":{"rate_time":2.129}},{"type":"Feature","geometry":{"type":"Point","coordinates":[104.44117,-1.47885]},"properties":{"rate_time":2.227}},{"type":"Feature","geometry":{"type":"Point","coordinates":[104.44115,-1.47859]},"properties":{"rate_time":2.121}},{"type":"Feature","geometry":{"type":"Point","coordinates":[104.44101,-1.47836]},"properties":{"rate_time":1.887}},{"type":"Feature","geometry":{"type":"Point","coordinates":[104.44096,-1.47815]},"properties":{"rate_time":1.765}},{"type":"Feature","geometry":{"type":"Point","coordinates":[104.44114,-1.47795]},"properties":{"rate_time":2.355}},{"type":"Feature","geometry":{"type":"Point","coordinates":[104.44119,-1.47769]},"properties":{"rate_time":2.39}},{"type":"Feature","geometry":{"type":"Point","coordinates":[104.44123,-1.47742]},"properties":{"rate_time":2.472}},{"type":"Feature","geometry":{"type":"Point","coordinates":[104.44133,-1.47718]},"properties":{"rate_time":1.731}},{"type":"Feature","geometry":{"type":"Point","coordinates":[104.44142,-1.47692]},"properties":{"rate_time":0.801}},{"type":"Feature","geometry":{"type":"Point","coordinates":[104.44149,-1.47666]},"properties":{"rate_time":0.832}},{"type":"Feature","geometry":{"type":"Point","coordinates":[104.44167,-1.47648]},"properties":{"rate_time":0.198}},{"type":"Feature","geometry":{"type":"Point","coordinates":[104.44177,-1.47624]},"properties":{"rate_time":0.592}},{"type":"Feature","geometry":{"type":"Point","coordinates":[104.44182,-1.47598]},"properties":{"rate_time":0.514}},{"type":"Feature","geometry":{"type":"Point","coordinates":[104.44195,-1.47574]},"properties":{"rate_time":0.551}},{"type":"Feature","geometry":{"type":"Point","coordinates":[104.44201,-1.47548]},"properties":{"rate_time":0.983}},{"type":"Feature","geometry":{"type":"Point","coordinates":[104.44202,-1.47521]},"properties":{"rate_time":0.677}},{"type":"Feature","geometry":{"type":"Point","coordinates":[104.44202,-1.47493]},"properties":{"rate_time":0.656}},{"type":"Feature","geometry":{"type":"Point","coordinates":[104.44202,-1.47466]},"properties":{"rate_time":-0.051}},{"type":"Feature","geometry":{"type":"Point","coordinates":[104.4421,-1.4744]},"properties":{"rate_time":-0.064}},{"type":"Feature","geometry":{"type":"Point","coordinates":[104.44214,-1.47414]},"properties":{"rate_time":-0.083}},{"type":"Feature","geometry":{"type":"Point","coordinates":[104.44219,-1.47387]},"properties":{"rate_time":-0.065}},{"type":"Feature","geometry":{"type":"Point","coordinates":[104.44226,-1.47361]},"properties":{"rate_time":-0.007}},{"type":"Feature","geometry":{"type":"Point","coordinates":[104.44227,-1.47334]},"properties":{"rate_time":0.012}},{"type":"Feature","geometry":{"type":"Point","coordinates":[104.44236,-1.47308]},"properties":{"rate_time":1.395}},{"type":"Feature","geometry":{"type":"Point","coordinates":[104.44249,-1.47284]},"properties":{"rate_time":1.406}},{"type":"Feature","geometry":{"type":"Point","coordinates":[104.44252,-1.47258]},"properties":{"rate_time":1.345}},{"type":"Feature","geometry":{"type":"Point","coordinates":[104.44254,-1.47231]},"properties":{"rate_time":1.337}},{"type":"Feature","geometry":{"type":"Point","coordinates":[104.4426,-1.47204]},"properties":{"rate_time":1.335}},{"type":"Feature","geometry":{"type":"Point","coordinates":[104.44264,-1.47178]},"properties":{"rate_time":1.321}},{"type":"Feature","geometry":{"type":"Point","coordinates":[104.44267,-1.47151]},"properties":{"rate_time":1.294}},{"type":"Feature","geometry":{"type":"Point","coordinates":[104.44258,-1.47126]},"properties":{"rate_time":1.312}},{"type":"Feature","geometry":{"type":"Point","coordinates":[104.4426,-1.47103]},"properties":{"rate_time":1.551}},{"type":"Feature","geometry":{"type":"Point","coordinates":[104.44358,-1.47081]},"properties":{"rate_time":1.593}},{"type":"Feature","geometry":{"type":"Point","coordinates":[104.44272,-1.47079]},"properties":{"rate_time":1.535}},{"type":"Feature","geometry":{"type":"Point","coordinates":[104.44373,-1.47073]},"properties":{"rate_time":2.223}},{"type":"Feature","geometry":{"type":"Point","coordinates":[104.44359,-1.47057]},"properties":{"rate_time":1.607}},{"type":"Feature","geometry":{"type":"Point","coordinates":[104.44277,-1.47053]},"properties":{"rate_time":1.495}},{"type":"Feature","geometry":{"type":"Point","coordinates":[104.44389,-1.47052]},"properties":{"rate_time":1.991}},{"type":"Feature","geometry":{"type":"Point","coordinates":[104.44379,-1.47038]},"properties":{"rate_time":2.428}},{"type":"Feature","geometry":{"type":"Point","coordinates":[104.44276,-1.47026]},"properties":{"rate_time":1.575}},{"type":"Feature","geometry":{"type":"Point","coordinates":[104.44382,-1.47013]},"properties":{"rate_time":2.176}},{"type":"Feature","geometry":{"type":"Point","coordinates":[104.44279,-1.47002]},"properties":{"rate_time":1.823}},{"type":"Feature","geometry":{"type":"Point","coordinates":[104.44381,-1.46986]},"properties":{"rate_time":2.085}},{"type":"Feature","geometry":{"type":"Point","coordinates":[104.44299,-1.46984]},"properties":{"rate_time":1.988}},{"type":"Feature","geometry":{"type":"Point","coordinates":[104.44398,-1.46978]},"properties":{"rate_time":2.155}},{"type":"Feature","geometry":{"type":"Point","coordinates":[104.44315,-1.46962]},"properties":{"rate_time":2.155}},{"type":"Feature","geometry":{"type":"Point","coordinates":[104.44324,-1.46937]},"properties":{"rate_time":3.172}},{"type":"Feature","geometry":{"type":"Point","coordinates":[104.44335,-1.46913]},"properties":{"rate_time":3.128}},{"type":"Feature","geometry":{"type":"Point","coordinates":[104.44343,-1.46887]},"properties":{"rate_time":3.069}},{"type":"Feature","geometry":{"type":"Point","coordinates":[104.44339,-1.46862]},"properties":{"rate_time":2.965}},{"type":"Feature","geometry":{"type":"Point","coordinates":[104.4432,-1.46843]},"properties":{"rate_time":2.832}},{"type":"Feature","geometry":{"type":"Point","coordinates":[104.44321,-1.46816]},"properties":{"rate_time":2.576}},{"type":"Feature","geometry":{"type":"Point","coordinates":[104.44321,-1.46789]},"properties":{"rate_time":2.433}},{"type":"Feature","geometry":{"type":"Point","coordinates":[104.44332,-1.46764]},"properties":{"rate_time":2.266}},{"type":"Feature","geometry":{"type":"Point","coordinates":[104.44357,-1.46759]},"properties":{"rate_time":2.32}},{"type":"Feature","geometry":{"type":"Point","coordinates":[104.44376,-1.4674]},"properties":{"rate_time":2.273}},{"type":"Feature","geometry":{"type":"Point","coordinates":[104.44392,-1.46718]},"properties":{"rate_time":2.247}},{"type":"Feature","geometry":{"type":"Point","coordinates":[104.44398,-1.46673]},"properties":{"rate_time":2.151}},{"type":"Feature","geometry":{"type":"Point","coordinates":[104.44375,-1.46665]},"properties":{"rate_time":1.971}},{"type":"Feature","geometry":{"type":"Point","coordinates":[104.44352,-1.4666]},"properties":{"rate_time":1.865}},{"type":"Feature","geometry":{"type":"Point","coordinates":[104.44348,-1.46634]},"properties":{"rate_time":1.447}},{"type":"Feature","geometry":{"type":"Point","coordinates":[104.44348,-1.46607]},"properties":{"rate_time":1.401}},{"type":"Feature","geometry":{"type":"Point","coordinates":[104.4435,-1.4658]},"properties":{"rate_time":1.423}},{"type":"Feature","geometry":{"type":"Point","coordinates":[104.44354,-1.46553]},"properties":{"rate_time":1.435}},{"type":"Feature","geometry":{"type":"Point","coordinates":[104.44364,-1.46528]},"properties":{"rate_time":1.471}},{"type":"Feature","geometry":{"type":"Point","coordinates":[104.44375,-1.46504]},"properties":{"rate_time":1.772}},{"type":"Feature","geometry":{"type":"Point","coordinates":[104.44382,-1.46478]},"properties":{"rate_time":2.22}},{"type":"Feature","geometry":{"type":"Point","coordinates":[104.44391,-1.46452]},"properties":{"rate_time":2.837}},{"type":"Feature","geometry":{"type":"Point","coordinates":[104.44397,-1.46426]},"properties":{"rate_time":3.373}},{"type":"Feature","geometry":{"type":"Point","coordinates":[104.44451,-1.46247]},"properties":{"rate_time":4.104}},{"type":"Feature","geometry":{"type":"Point","coordinates":[104.44456,-1.4622]},"properties":{"rate_time":4.108}},{"type":"Feature","geometry":{"type":"Point","coordinates":[104.44462,-1.46193]},"properties":{"rate_time":4.428}},{"type":"Feature","geometry":{"type":"Point","coordinates":[104.44468,-1.46167]},"properties":{"rate_time":4.631}},{"type":"Feature","geometry":{"type":"Point","coordinates":[104.44475,-1.46141]},"properties":{"rate_time":5.34}},{"type":"Feature","geometry":{"type":"Point","coordinates":[104.44486,-1.46116]},"properties":{"rate_time":4.899}},{"type":"Feature","geometry":{"type":"Point","coordinates":[104.445,-1.46092]},"properties":{"rate_time":4.655}},{"type":"Feature","geometry":{"type":"Point","coordinates":[104.44509,-1.46067]},"properties":{"rate_time":4.568}},{"type":"Feature","geometry":{"type":"Point","coordinates":[104.44514,-1.46041]},"properties":{"rate_time":4.83}},{"type":"Feature","geometry":{"type":"Point","coordinates":[104.44519,-1.46014]},"properties":{"rate_time":4.954}},{"type":"Feature","geometry":{"type":"Point","coordinates":[104.44525,-1.45988]},"properties":{"rate_time":2.994}},{"type":"Feature","geometry":{"type":"Point","coordinates":[104.44535,-1.45962]},"properties":{"rate_time":4.581}},{"type":"Feature","geometry":{"type":"Point","coordinates":[104.44544,-1.45937]},"properties":{"rate_time":5.058}},{"type":"Feature","geometry":{"type":"Point","coordinates":[104.4455,-1.4591]},"properties":{"rate_time":3.726}},{"type":"Feature","geometry":{"type":"Point","coordinates":[104.44557,-1.45884]},"properties":{"rate_time":3.647}},{"type":"Feature","geometry":{"type":"Point","coordinates":[104.44566,-1.45859]},"properties":{"rate_time":3.691}},{"type":"Feature","geometry":{"type":"Point","coordinates":[104.44574,-1.45833]},"properties":{"rate_time":3.69}},{"type":"Feature","geometry":{"type":"Point","coordinates":[104.44579,-1.45806]},"properties":{"rate_time":3.659}},{"type":"Feature","geometry":{"type":"Point","coordinates":[104.44589,-1.45781]},"properties":{"rate_time":3.445}},{"type":"Feature","geometry":{"type":"Point","coordinates":[104.44603,-1.45758]},"properties":{"rate_time":3.367}},{"type":"Feature","geometry":{"type":"Point","coordinates":[104.44609,-1.45731]},"properties":{"rate_time":3.2}},{"type":"Feature","geometry":{"type":"Point","coordinates":[104.44616,-1.45705]},"properties":{"rate_time":3.31}},{"type":"Feature","geometry":{"type":"Point","coordinates":[104.44622,-1.45679]},"properties":{"rate_time":3.471}},{"type":"Feature","geometry":{"type":"Point","coordinates":[104.44628,-1.45652]},"properties":{"rate_time":3.57}},{"type":"Feature","geometry":{"type":"Point","coordinates":[104.44637,-1.45627]},"properties":{"rate_time":3.673}},{"type":"Feature","geometry":{"type":"Point","coordinates":[104.44646,-1.45601]},"properties":{"rate_time":3.951}},{"type":"Feature","geometry":{"type":"Point","coordinates":[104.44653,-1.45575]},"properties":{"rate_time":3.996}},{"type":"Feature","geometry":{"type":"Point","coordinates":[104.44666,-1.45551]},"properties":{"rate_time":4.183}},{"type":"Feature","geometry":{"type":"Point","coordinates":[104.44678,-1.45527]},"properties":{"rate_time":4.355}},{"type":"Feature","geometry":{"type":"Point","coordinates":[104.44688,-1.45502]},"properties":{"rate_time":4.336}},{"type":"Feature","geometry":{"type":"Point","coordinates":[104.44697,-1.45476]},"properties":{"rate_time":4.391}},{"type":"Feature","geometry":{"type":"Point","coordinates":[104.44701,-1.4545]},"properties":{"rate_time":4.26}},{"type":"Feature","geometry":{"type":"Point","coordinates":[104.44705,-1.45423]},"properties":{"rate_time":4.017}},{"type":"Feature","geometry":{"type":"Point","coordinates":[104.44709,-1.45396]},"properties":{"rate_time":3.743}},{"type":"Feature","geometry":{"type":"Point","coordinates":[104.44719,-1.45373]},"properties":{"rate_time":3.4}},{"type":"Feature","geometry":{"type":"Point","coordinates":[104.44743,-1.45362]},"properties":{"rate_time":2.381}},{"type":"Feature","geometry":{"type":"Point","coordinates":[104.44768,-1.45357]},"properties":{"rate_time":2.266}},{"type":"Feature","geometry":{"type":"Point","coordinates":[104.44787,-1.45337]},"properties":{"rate_time":2.028}},{"type":"Feature","geometry":{"type":"Point","coordinates":[104.44812,-1.4533]},"properties":{"rate_time":1.97}},{"type":"Feature","geometry":{"type":"Point","coordinates":[104.44838,-1.45326]},"properties":{"rate_time":2.043}},{"type":"Feature","geometry":{"type":"Point","coordinates":[104.44849,-1.45311]},"properties":{"rate_time":2.27}},{"type":"Feature","geometry":{"type":"Point","coordinates":[104.44854,-1.45286]},"properties":{"rate_time":2.348}},{"type":"Feature","geometry":{"type":"Point","coordinates":[104.44868,-1.45263]},"properties":{"rate_time":2.257}},{"type":"Feature","geometry":{"type":"Point","coordinates":[104.44876,-1.45237]},"properties":{"rate_time":2.409}},{"type":"Feature","geometry":{"type":"Point","coordinates":[104.44873,-1.45211]},"properties":{"rate_time":3.58}},{"type":"Feature","geometry":{"type":"Point","coordinates":[104.44861,-1.45188]},"properties":{"rate_time":3.482}},{"type":"Feature","geometry":{"type":"Point","coordinates":[104.44837,-1.45177]},"properties":{"rate_time":3.522}},{"type":"Feature","geometry":{"type":"Point","coordinates":[104.44813,-1.45172]},"properties":{"rate_time":3.788}},{"type":"Feature","geometry":{"type":"Point","coordinates":[104.44806,-1.45149]},"properties":{"rate_time":3.688}},{"type":"Feature","geometry":{"type":"Point","coordinates":[104.44811,-1.45123]},"properties":{"rate_time":3.262}},{"type":"Feature","geometry":{"type":"Point","coordinates":[104.44975,-1.44587]},"properties":{"rate_time":3.698}},{"type":"Feature","geometry":{"type":"Point","coordinates":[104.44988,-1.44564]},"properties":{"rate_time":3.644}},{"type":"Feature","geometry":{"type":"Point","coordinates":[104.44997,-1.44538]},"properties":{"rate_time":3.485}},{"type":"Feature","geometry":{"type":"Point","coordinates":[104.45004,-1.44512]},"properties":{"rate_time":3.494}},{"type":"Feature","geometry":{"type":"Point","coordinates":[104.45014,-1.44487]},"properties":{"rate_time":3.577}},{"type":"Feature","geometry":{"type":"Point","coordinates":[104.45231,-1.44486]},"properties":{"rate_time":6.652}},{"type":"Feature","geometry":{"type":"Point","coordinates":[104.4521,-1.4448]},"properties":{"rate_time":6.14}},{"type":"Feature","geometry":{"type":"Point","coordinates":[104.45273,-1.44475]},"properties":{"rate_time":7.499}},{"type":"Feature","geometry":{"type":"Point","coordinates":[104.45249,-1.44466]},"properties":{"rate_time":6.643}},{"type":"Feature","geometry":{"type":"Point","coordinates":[104.45166,-1.44465]},"properties":{"rate_time":4.462}},{"type":"Feature","geometry":{"type":"Point","coordinates":[104.45139,-1.44464]},"properties":{"rate_time":4.126}},{"type":"Feature","geometry":{"type":"Point","coordinates":[104.45029,-1.44464]},"properties":{"rate_time":3.024}},{"type":"Feature","geometry":{"type":"Point","coordinates":[104.45192,-1.44461]},"properties":{"rate_time":5.105}},{"type":"Feature","geometry":{"type":"Point","coordinates":[104.45294,-1.44461]},"properties":{"rate_time":8.135}},{"type":"Feature","geometry":{"type":"Point","coordinates":[104.45386,-1.44316]},"properties":{"rate_time":7.663}},{"type":"Feature","geometry":{"type":"Point","coordinates":[104.45451,-1.44315]},"properties":{"rate_time":8.9}},{"type":"Feature","geometry":{"type":"Point","coordinates":[104.45412,-1.44311]},"properties":{"rate_time":7.959}},{"type":"Feature","geometry":{"type":"Point","coordinates":[104.45362,-1.44305]},"properties":{"rate_time":6.755}},{"type":"Feature","geometry":{"type":"Point","coordinates":[104.4547,-1.44295]},"properties":{"rate_time":9.062}},{"type":"Feature","geometry":{"type":"Point","coordinates":[104.45487,-1.44274]},"properties":{"rate_time":9.708}},{"type":"Feature","geometry":{"type":"Point","coordinates":[104.45496,-1.4425]},"properties":{"rate_time":10.104}},{"type":"Feature","geometry":{"type":"Point","coordinates":[104.4549,-1.44225]},"properties":{"rate_time":11.552}},{"type":"Feature","geometry":{"type":"Point","coordinates":[104.45484,-1.44202]},"properties":{"rate_time":11.29}},{"type":"Feature","geometry":{"type":"Point","coordinates":[104.45489,-1.44178]},"properties":{"rate_time":10.234}},{"type":"Feature","geometry":{"type":"Point","coordinates":[104.4556,-1.44007]},"properties":{"rate_time":13.189}},{"type":"Feature","geometry":{"type":"Point","coordinates":[104.45566,-1.43981]},"properties":{"rate_time":13.273}},{"type":"Feature","geometry":{"type":"Point","coordinates":[104.45569,-1.43954]},"properties":{"rate_time":13.139}},{"type":"Feature","geometry":{"type":"Point","coordinates":[104.45571,-1.43927]},"properties":{"rate_time":13.202}},{"type":"Feature","geometry":{"type":"Point","coordinates":[104.45576,-1.43901]},"properties":{"rate_time":13.2}},{"type":"Feature","geometry":{"type":"Point","coordinates":[104.45583,-1.43874]},"properties":{"rate_time":13.066}},{"type":"Feature","geometry":{"type":"Point","coordinates":[104.45585,-1.43848]},"properties":{"rate_time":12.893}},{"type":"Feature","geometry":{"type":"Point","coordinates":[104.45586,-1.43821]},"properties":{"rate_time":12.645}},{"type":"Feature","geometry":{"type":"Point","coordinates":[104.45593,-1.43795]},"properties":{"rate_time":12.513}},{"type":"Feature","geometry":{"type":"Point","coordinates":[104.45599,-1.43769]},"properties":{"rate_time":12.393}},{"type":"Feature","geometry":{"type":"Point","coordinates":[104.45478,-1.44154]},"properties":{"rate_time":10.152}},{"type":"Feature","geometry":{"type":"Point","coordinates":[104.45477,-1.44126]},"properties":{"rate_time":10.611}},{"type":"Feature","geometry":{"type":"Point","coordinates":[104.45518,-1.44101]},"properties":{"rate_time":11.971}},{"type":"Feature","geometry":{"type":"Point","coordinates":[104.4548,-1.441]},"properties":{"rate_time":11.115}},{"type":"Feature","geometry":{"type":"Point","coordinates":[104.45536,-1.44084]},"properties":{"rate_time":12.374}},{"type":"Feature","geometry":{"type":"Point","coordinates":[104.45501,-1.4408]},"properties":{"rate_time":11.787}},{"type":"Feature","geometry":{"type":"Point","coordinates":[104.45489,-1.44074]},"properties":{"rate_time":11.84}},{"type":"Feature","geometry":{"type":"Point","coordinates":[104.45545,-1.40914]},"properties":{"rate_time":-9.102}},{"type":"Feature","geometry":{"type":"Point","coordinates":[104.45532,-1.40891]},"properties":{"rate_time":-9.393}},{"type":"Feature","geometry":{"type":"Point","coordinates":[104.45513,-1.40872]},"properties":{"rate_time":-9.839}},{"type":"Feature","geometry":{"type":"Point","coordinates":[104.4505,-1.4445]},"properties":{"rate_time":3.95}},{"type":"Feature","geometry":{"type":"Point","coordinates":[104.45315,-1.44447]},"properties":{"rate_time":8.968}},{"type":"Feature","geometry":{"type":"Point","coordinates":[104.45122,-1.44445]},"properties":{"rate_time":4.098}},{"type":"Feature","geometry":{"type":"Point","coordinates":[104.45076,-1.4444]},"properties":{"rate_time":4.661}},{"type":"Feature","geometry":{"type":"Point","coordinates":[104.45101,-1.44434]},"properties":{"rate_time":4.654}},{"type":"Feature","geometry":{"type":"Point","coordinates":[104.4532,-1.4005]},"properties":{"rate_time":-13.13}},{"type":"Feature","geometry":{"type":"Point","coordinates":[104.45301,-1.40033]},"properties":{"rate_time":-13.601}},{"type":"Feature","geometry":{"type":"Point","coordinates":[104.45294,-1.40007]},"properties":{"rate_time":-13.841}},{"type":"Feature","geometry":{"type":"Point","coordinates":[104.45285,-1.39981]},"properties":{"rate_time":-14.233}},{"type":"Feature","geometry":{"type":"Point","coordinates":[104.45273,-1.39957]},"properties":{"rate_time":-14.586}},{"type":"Feature","geometry":{"type":"Point","coordinates":[104.45633,-1.41445]},"properties":{"rate_time":-6.686}},{"type":"Feature","geometry":{"type":"Point","coordinates":[104.4563,-1.41418]},"properties":{"rate_time":-6.742}},{"type":"Feature","geometry":{"type":"Point","coordinates":[104.45626,-1.41391]},"properties":{"rate_time":-7.955}},{"type":"Feature","geometry":{"type":"Point","coordinates":[104.45623,-1.41364]},"properties":{"rate_time":-8.102}},{"type":"Feature","geometry":{"type":"Point","coordinates":[104.45621,-1.41337]},"properties":{"rate_time":-6.925}},{"type":"Feature","geometry":{"type":"Point","coordinates":[104.45616,-1.41311]},"properties":{"rate_time":-7.142}},{"type":"Feature","geometry":{"type":"Point","coordinates":[104.45614,-1.41284]},"properties":{"rate_time":-7.318}},{"type":"Feature","geometry":{"type":"Point","coordinates":[104.45609,-1.41257]},"properties":{"rate_time":-7.461}},{"type":"Feature","geometry":{"type":"Point","coordinates":[104.45601,-1.41231]},"properties":{"rate_time":-7.157}},{"type":"Feature","geometry":{"type":"Point","coordinates":[104.45592,-1.41205]},"properties":{"rate_time":-7.396}},{"type":"Feature","geometry":{"type":"Point","coordinates":[104.45587,-1.41179]},"properties":{"rate_time":-7.516}},{"type":"Feature","geometry":{"type":"Point","coordinates":[104.45586,-1.41152]},"properties":{"rate_time":-7.545}},{"type":"Feature","geometry":{"type":"Point","coordinates":[104.45588,-1.41125]},"properties":{"rate_time":-7.549}},{"type":"Feature","geometry":{"type":"Point","coordinates":[104.45589,-1.41098]},"properties":{"rate_time":-7.59}},{"type":"Feature","geometry":{"type":"Point","coordinates":[104.45585,-1.41071]},"properties":{"rate_time":-7.666}},{"type":"Feature","geometry":{"type":"Point","coordinates":[104.45575,-1.41046]},"properties":{"rate_time":-7.756}},{"type":"Feature","geometry":{"type":"Point","coordinates":[104.45571,-1.4102]},"properties":{"rate_time":-7.892}},{"type":"Feature","geometry":{"type":"Point","coordinates":[104.45566,-1.40993]},"properties":{"rate_time":-8.002}},{"type":"Feature","geometry":{"type":"Point","coordinates":[104.45561,-1.40966]},"properties":{"rate_time":-8.17}},{"type":"Feature","geometry":{"type":"Point","coordinates":[104.45553,-1.4094]},"properties":{"rate_time":-8.478}},{"type":"Feature","geometry":{"type":"Point","coordinates":[104.45492,-1.40855]},"properties":{"rate_time":-10.348}},{"type":"Feature","geometry":{"type":"Point","coordinates":[104.45491,-1.4083]},"properties":{"rate_time":-10.527}},{"type":"Feature","geometry":{"type":"Point","coordinates":[104.45504,-1.40807]},"properties":{"rate_time":-9.393}},{"type":"Feature","geometry":{"type":"Point","coordinates":[104.45518,-1.40784]},"properties":{"rate_time":-10.211}},{"type":"Feature","geometry":{"type":"Point","coordinates":[104.45521,-1.40758]},"properties":{"rate_time":-9.996}},{"type":"Feature","geometry":{"type":"Point","coordinates":[104.45516,-1.40731]},"properties":{"rate_time":-8.534}},{"type":"Feature","geometry":{"type":"Point","coordinates":[104.45513,-1.40704]},"properties":{"rate_time":-8.385}},{"type":"Feature","geometry":{"type":"Point","coordinates":[104.45511,-1.40677]},"properties":{"rate_time":-8.137}},{"type":"Feature","geometry":{"type":"Point","coordinates":[104.4551,-1.4065]},"properties":{"rate_time":-7.92}},{"type":"Feature","geometry":{"type":"Point","coordinates":[104.45503,-1.40624]},"properties":{"rate_time":-7.838}},{"type":"Feature","geometry":{"type":"Point","coordinates":[104.45493,-1.40599]},"properties":{"rate_time":-7.936}},{"type":"Feature","geometry":{"type":"Point","coordinates":[104.4549,-1.40572]},"properties":{"rate_time":-7.983}},{"type":"Feature","geometry":{"type":"Point","coordinates":[104.45486,-1.40545]},"properties":{"rate_time":-8.153}},{"type":"Feature","geometry":{"type":"Point","coordinates":[104.45479,-1.40519]},"properties":{"rate_time":-8.48}},{"type":"Feature","geometry":{"type":"Point","coordinates":[104.45474,-1.40493]},"properties":{"rate_time":-8.742}},{"type":"Feature","geometry":{"type":"Point","coordinates":[104.45478,-1.40466]},"properties":{"rate_time":-8.872}},{"type":"Feature","geometry":{"type":"Point","coordinates":[104.45474,-1.40439]},"properties":{"rate_time":-9.156}},{"type":"Feature","geometry":{"type":"Point","coordinates":[104.45465,-1.40413]},"properties":{"rate_time":-9.537}},{"type":"Feature","geometry":{"type":"Point","coordinates":[104.45447,-1.40393]},"properties":{"rate_time":-9.918}},{"type":"Feature","geometry":{"type":"Point","coordinates":[104.45435,-1.4037]},"properties":{"rate_time":-10.203}},{"type":"Feature","geometry":{"type":"Point","coordinates":[104.45648,-1.41716]},"properties":{"rate_time":-5.801}},{"type":"Feature","geometry":{"type":"Point","coordinates":[104.45645,-1.41689]},"properties":{"rate_time":-5.928}},{"type":"Feature","geometry":{"type":"Point","coordinates":[104.45644,-1.41662]},"properties":{"rate_time":-6.062}},{"type":"Feature","geometry":{"type":"Point","coordinates":[104.45642,-1.41635]},"properties":{"rate_time":-6.163}},{"type":"Feature","geometry":{"type":"Point","coordinates":[104.45641,-1.41608]},"properties":{"rate_time":-6.304}},{"type":"Feature","geometry":{"type":"Point","coordinates":[104.45642,-1.4158]},"properties":{"rate_time":-6.467}},{"type":"Feature","geometry":{"type":"Point","coordinates":[104.45642,-1.41553]},"properties":{"rate_time":-6.655}},{"type":"Feature","geometry":{"type":"Point","coordinates":[104.4564,-1.41526]},"properties":{"rate_time":-6.765}},{"type":"Feature","geometry":{"type":"Point","coordinates":[104.45637,-1.41499]},"properties":{"rate_time":-7.002}},{"type":"Feature","geometry":{"type":"Point","coordinates":[104.45634,-1.41472]},"properties":{"rate_time":-7.215}},{"type":"Feature","geometry":{"type":"Point","coordinates":[104.45715,-1.42658]},"properties":{"rate_time":0.42}},{"type":"Feature","geometry":{"type":"Point","coordinates":[104.45712,-1.42631]},"properties":{"rate_time":0.433}},{"type":"Feature","geometry":{"type":"Point","coordinates":[104.45707,-1.42604]},"properties":{"rate_time":0.621}},{"type":"Feature","geometry":{"type":"Point","coordinates":[104.45703,-1.42578]},"properties":{"rate_time":0.599}},{"type":"Feature","geometry":{"type":"Point","coordinates":[104.45704,-1.42551]},"properties":{"rate_time":0.247}},{"type":"Feature","geometry":{"type":"Point","coordinates":[104.45706,-1.42524]},"properties":{"rate_time":0.184}},{"type":"Feature","geometry":{"type":"Point","coordinates":[104.45703,-1.42497]},"properties":{"rate_time":-0.521}},{"type":"Feature","geometry":{"type":"Point","coordinates":[104.457,-1.4247]},"properties":{"rate_time":-0.636}},{"type":"Feature","geometry":{"type":"Point","coordinates":[104.45697,-1.42443]},"properties":{"rate_time":-0.901}},{"type":"Feature","geometry":{"type":"Point","coordinates":[104.45712,-1.37556]},"properties":{"rate_time":4.626}},{"type":"Feature","geometry":{"type":"Point","coordinates":[104.45634,-1.37785]},"properties":{"rate_time":3.208}},{"type":"Feature","geometry":{"type":"Point","coordinates":[104.45652,-1.37767]},"properties":{"rate_time":3.626}},{"type":"Feature","geometry":{"type":"Point","coordinates":[104.45626,-1.37765]},"properties":{"rate_time":3.461}},{"type":"Feature","geometry":{"type":"Point","coordinates":[104.45638,-1.37763]},"properties":{"rate_time":3.588}},{"type":"Feature","geometry":{"type":"Point","coordinates":[104.45656,-1.37744]},"properties":{"rate_time":3.989}},{"type":"Feature","geometry":{"type":"Point","coordinates":[104.45622,-1.37739]},"properties":{"rate_time":3.834}},{"type":"Feature","geometry":{"type":"Point","coordinates":[104.45625,-1.37712]},"properties":{"rate_time":4.211}},{"type":"Feature","geometry":{"type":"Point","coordinates":[104.45631,-1.37686]},"properties":{"rate_time":4.514}},{"type":"Feature","geometry":{"type":"Point","coordinates":[104.45628,-1.37659]},"properties":{"rate_time":4.735}},{"type":"Feature","geometry":{"type":"Point","coordinates":[104.45625,-1.37633]},"properties":{"rate_time":2.788}},{"type":"Feature","geometry":{"type":"Point","coordinates":[104.45701,-1.3755]},"properties":{"rate_time":4.601}},{"type":"Feature","geometry":{"type":"Point","coordinates":[104.45716,-1.3753]},"properties":{"rate_time":4.797}},{"type":"Feature","geometry":{"type":"Point","coordinates":[104.45715,-1.37503]},"properties":{"rate_time":4.915}},{"type":"Feature","geometry":{"type":"Point","coordinates":[104.45718,-1.37476]},"properties":{"rate_time":3.815}},{"type":"Feature","geometry":{"type":"Point","coordinates":[104.45717,-1.37449]},"properties":{"rate_time":3.858}},{"type":"Feature","geometry":{"type":"Point","coordinates":[104.45722,-1.37423]},"properties":{"rate_time":5.174}},{"type":"Feature","geometry":{"type":"Point","coordinates":[104.4574,-1.37403]},"properties":{"rate_time":5.354}},{"type":"Feature","geometry":{"type":"Point","coordinates":[104.45742,-1.37377]},"properties":{"rate_time":5.36}},{"type":"Feature","geometry":{"type":"Point","coordinates":[104.45742,-1.3735]},"properties":{"rate_time":5.215}},{"type":"Feature","geometry":{"type":"Point","coordinates":[104.45749,-1.37324]},"properties":{"rate_time":5.182}},{"type":"Feature","geometry":{"type":"Point","coordinates":[104.45745,-1.37298]},"properties":{"rate_time":5.045}},{"type":"Feature","geometry":{"type":"Point","coordinates":[104.45743,-1.37271]},"properties":{"rate_time":4.906}},{"type":"Feature","geometry":{"type":"Point","coordinates":[104.45735,-1.37245]},"properties":{"rate_time":4.756}},{"type":"Feature","geometry":{"type":"Point","coordinates":[104.45735,-1.37218]},"properties":{"rate_time":5.799}},{"type":"Feature","geometry":{"type":"Point","coordinates":[104.4574,-1.37192]},"properties":{"rate_time":7.228}},{"type":"Feature","geometry":{"type":"Point","coordinates":[104.45735,-1.37166]},"properties":{"rate_time":7.392}},{"type":"Feature","geometry":{"type":"Point","coordinates":[104.45727,-1.3714]},"properties":{"rate_time":7.54}},{"type":"Feature","geometry":{"type":"Point","coordinates":[104.45724,-1.37113]},"properties":{"rate_time":7.639}},{"type":"Feature","geometry":{"type":"Point","coordinates":[104.45725,-1.37086]},"properties":{"rate_time":7.116}},{"type":"Feature","geometry":{"type":"Point","coordinates":[104.45726,-1.37059]},"properties":{"rate_time":7.147}},{"type":"Feature","geometry":{"type":"Point","coordinates":[104.45631,-1.37607]},"properties":{"rate_time":3.154}},{"type":"Feature","geometry":{"type":"Point","coordinates":[104.45639,-1.37583]},"properties":{"rate_time":3.598}},{"type":"Feature","geometry":{"type":"Point","coordinates":[104.45637,-1.37558]},"properties":{"rate_time":3.939}},{"type":"Feature","geometry":{"type":"Point","coordinates":[104.45657,-1.3754]},"properties":{"rate_time":4.339}},{"type":"Feature","geometry":{"type":"Point","coordinates":[104.45683,-1.37533]},"properties":{"rate_time":4.593}},{"type":"Feature","geometry":{"type":"Point","coordinates":[104.45695,-1.36786]},"properties":{"rate_time":6.512}},{"type":"Feature","geometry":{"type":"Point","coordinates":[104.45678,-1.36701]},"properties":{"rate_time":5.791}},{"type":"Feature","geometry":{"type":"Point","coordinates":[104.45695,-1.36688]},"properties":{"rate_time":5.642}},{"type":"Feature","geometry":{"type":"Point","coordinates":[104.45659,-1.36682]},"properties":{"rate_time":5.551}},{"type":"Feature","geometry":{"type":"Point","coordinates":[104.45656,-1.36658]},"properties":{"rate_time":5.311}},{"type":"Feature","geometry":{"type":"Point","coordinates":[104.45726,-1.37032]},"properties":{"rate_time":7.209}},{"type":"Feature","geometry":{"type":"Point","coordinates":[104.45731,-1.37006]},"properties":{"rate_time":7.31}},{"type":"Feature","geometry":{"type":"Point","coordinates":[104.45739,-1.3698]},"properties":{"rate_time":7.387}},{"type":"Feature","geometry":{"type":"Point","coordinates":[104.45738,-1.36953]},"properties":{"rate_time":7.232}},{"type":"Feature","geometry":{"type":"Point","coordinates":[104.45718,-1.36939]},"properties":{"rate_time":7.107}},{"type":"Feature","geometry":{"type":"Point","coordinates":[104.45715,-1.36914]},"properties":{"rate_time":6.944}},{"type":"Feature","geometry":{"type":"Point","coordinates":[104.45715,-1.36887]},"properties":{"rate_time":6.708}},{"type":"Feature","geometry":{"type":"Point","coordinates":[104.45716,-1.36859]},"properties":{"rate_time":6.631}},{"type":"Feature","geometry":{"type":"Point","coordinates":[104.45715,-1.36832]},"properties":{"rate_time":6.632}},{"type":"Feature","geometry":{"type":"Point","coordinates":[104.4571,-1.36806]},"properties":{"rate_time":6.61}},{"type":"Feature","geometry":{"type":"Point","coordinates":[104.45702,-1.36767]},"properties":{"rate_time":6.433}},{"type":"Feature","geometry":{"type":"Point","coordinates":[104.4572,-1.36747]},"properties":{"rate_time":6.288}},{"type":"Feature","geometry":{"type":"Point","coordinates":[104.45736,-1.36725]},"properties":{"rate_time":6.092}},{"type":"Feature","geometry":{"type":"Point","coordinates":[104.45729,-1.367]},"properties":{"rate_time":5.805}},{"type":"Feature","geometry":{"type":"Point","coordinates":[104.45714,-1.36678]},"properties":{"rate_time":5.582}},{"type":"Feature","geometry":{"type":"Point","coordinates":[104.457,-1.3657]},"properties":{"rate_time":4.958}},{"type":"Feature","geometry":{"type":"Point","coordinates":[104.45716,-1.36558]},"properties":{"rate_time":4.936}},{"type":"Feature","geometry":{"type":"Point","coordinates":[104.45716,-1.36531]},"properties":{"rate_time":5.044}},{"type":"Feature","geometry":{"type":"Point","coordinates":[104.45704,-1.36507]},"properties":{"rate_time":4.083}},{"type":"Feature","geometry":{"type":"Point","coordinates":[104.45715,-1.36487]},"properties":{"rate_time":4.006}},{"type":"Feature","geometry":{"type":"Point","coordinates":[104.45663,-1.36632]},"properties":{"rate_time":5.192}},{"type":"Feature","geometry":{"type":"Point","coordinates":[104.45665,-1.36623]},"properties":{"rate_time":5.197}},{"type":"Feature","geometry":{"type":"Point","coordinates":[104.45667,-1.36596]},"properties":{"rate_time":5.138}},{"type":"Feature","geometry":{"type":"Point","coordinates":[104.45677,-1.36573]},"properties":{"rate_time":4.965}},{"type":"Feature","geometry":{"type":"Point","coordinates":[104.4573,-1.36465]},"properties":{"rate_time":3.928}},{"type":"Feature","geometry":{"type":"Point","coordinates":[104.45741,-1.36441]},"properties":{"rate_time":3.767}},{"type":"Feature","geometry":{"type":"Point","coordinates":[104.45742,-1.36414]},"properties":{"rate_time":3.534}},{"type":"Feature","geometry":{"type":"Point","coordinates":[104.45744,-1.36387]},"properties":{"rate_time":3.294}},{"type":"Feature","geometry":{"type":"Point","coordinates":[104.45744,-1.36359]},"properties":{"rate_time":3.156}},{"type":"Feature","geometry":{"type":"Point","coordinates":[104.45743,-1.36332]},"properties":{"rate_time":3.131}},{"type":"Feature","geometry":{"type":"Point","coordinates":[104.45739,-1.36305]},"properties":{"rate_time":2.989}},{"type":"Feature","geometry":{"type":"Point","coordinates":[104.4573,-1.36282]},"properties":{"rate_time":2.804}},{"type":"Feature","geometry":{"type":"Point","coordinates":[104.45709,-1.36265]},"properties":{"rate_time":2.668}},{"type":"Feature","geometry":{"type":"Point","coordinates":[104.45738,-1.36255]},"properties":{"rate_time":2.14}},{"type":"Feature","geometry":{"type":"Point","coordinates":[104.45427,-1.40344]},"properties":{"rate_time":-10.471}},{"type":"Feature","geometry":{"type":"Point","coordinates":[104.4542,-1.40318]},"properties":{"rate_time":-10.747}},{"type":"Feature","geometry":{"type":"Point","coordinates":[104.45413,-1.40292]},"properties":{"rate_time":-11.021}},{"type":"Feature","geometry":{"type":"Point","coordinates":[104.45405,-1.40266]},"properties":{"rate_time":-11.203}},{"type":"Feature","geometry":{"type":"Point","coordinates":[104.45398,-1.4024]},"properties":{"rate_time":-11.391}},{"type":"Feature","geometry":{"type":"Point","coordinates":[104.45389,-1.40214]},"properties":{"rate_time":-11.634}},{"type":"Feature","geometry":{"type":"Point","coordinates":[104.45381,-1.40188]},"properties":{"rate_time":-11.755}},{"type":"Feature","geometry":{"type":"Point","coordinates":[104.45374,-1.40162]},"properties":{"rate_time":-11.867}},{"type":"Feature","geometry":{"type":"Point","coordinates":[104.45364,-1.40137]},"properties":{"rate_time":-11.967}},{"type":"Feature","geometry":{"type":"Point","coordinates":[104.45362,-1.4011]},"properties":{"rate_time":-12.045}},{"type":"Feature","geometry":{"type":"Point","coordinates":[104.45268,-1.39931]},"properties":{"rate_time":-14.652}},{"type":"Feature","geometry":{"type":"Point","coordinates":[104.45259,-1.39906]},"properties":{"rate_time":-14.698}},{"type":"Feature","geometry":{"type":"Point","coordinates":[104.45245,-1.39884]},"properties":{"rate_time":-14.84}},{"type":"Feature","geometry":{"type":"Point","coordinates":[104.45234,-1.39859]},"properties":{"rate_time":-14.986}},{"type":"Feature","geometry":{"type":"Point","coordinates":[104.45226,-1.39833]},"properties":{"rate_time":-15.098}},{"type":"Feature","geometry":{"type":"Point","coordinates":[104.45221,-1.39806]},"properties":{"rate_time":-15.277}},{"type":"Feature","geometry":{"type":"Point","coordinates":[104.45217,-1.3978]},"properties":{"rate_time":-15.384}},{"type":"Feature","geometry":{"type":"Point","coordinates":[104.45215,-1.39753]},"properties":{"rate_time":-15.341}},{"type":"Feature","geometry":{"type":"Point","coordinates":[104.45215,-1.39725]},"properties":{"rate_time":-15.15}},{"type":"Feature","geometry":{"type":"Point","coordinates":[104.45212,-1.39699]},"properties":{"rate_time":-14.883}},{"type":"Feature","geometry":{"type":"Point","coordinates":[104.45208,-1.39672]},"properties":{"rate_time":-14.881}},{"type":"Feature","geometry":{"type":"Point","coordinates":[104.45206,-1.39645]},"properties":{"rate_time":-14.741}},{"type":"Feature","geometry":{"type":"Point","coordinates":[104.45205,-1.39618]},"properties":{"rate_time":-14.866}},{"type":"Feature","geometry":{"type":"Point","coordinates":[104.45201,-1.39591]},"properties":{"rate_time":-14.86}},{"type":"Feature","geometry":{"type":"Point","coordinates":[104.45199,-1.39564]},"properties":{"rate_time":-14.749}},{"type":"Feature","geometry":{"type":"Point","coordinates":[104.45195,-1.39537]},"properties":{"rate_time":-14.917}},{"type":"Feature","geometry":{"type":"Point","coordinates":[104.45199,-1.39511]},"properties":{"rate_time":-15.065}},{"type":"Feature","geometry":{"type":"Point","coordinates":[104.45209,-1.39486]},"properties":{"rate_time":-15.013}},{"type":"Feature","geometry":{"type":"Point","coordinates":[104.45207,-1.39459]},"properties":{"rate_time":-14.766}},{"type":"Feature","geometry":{"type":"Point","coordinates":[104.45206,-1.39432]},"properties":{"rate_time":-17.311}},{"type":"Feature","geometry":{"type":"Point","coordinates":[104.45205,-1.39405]},"properties":{"rate_time":-16.967}},{"type":"Feature","geometry":{"type":"Point","coordinates":[104.45207,-1.39378]},"properties":{"rate_time":-14.206}},{"type":"Feature","geometry":{"type":"Point","coordinates":[104.45203,-1.39352]},"properties":{"rate_time":-16.137}},{"type":"Feature","geometry":{"type":"Point","coordinates":[104.45189,-1.39328]},"properties":{"rate_time":-15.965}},{"type":"Feature","geometry":{"type":"Point","coordinates":[104.45198,-1.39303]},"properties":{"rate_time":-15.554}},{"type":"Feature","geometry":{"type":"Point","coordinates":[104.45197,-1.39277]},"properties":{"rate_time":-15.241}},{"type":"Feature","geometry":{"type":"Point","coordinates":[104.45194,-1.3925]},"properties":{"rate_time":-14.965}},{"type":"Feature","geometry":{"type":"Point","coordinates":[104.45185,-1.39224]},"properties":{"rate_time":-14.761}},{"type":"Feature","geometry":{"type":"Point","coordinates":[104.45174,-1.392]},"properties":{"rate_time":-14.681}},{"type":"Feature","geometry":{"type":"Point","coordinates":[104.45166,-1.39174]},"properties":{"rate_time":-14.525}},{"type":"Feature","geometry":{"type":"Point","coordinates":[104.45356,-1.40084]},"properties":{"rate_time":-13.743}},{"type":"Feature","geometry":{"type":"Point","coordinates":[104.45346,-1.40059]},"properties":{"rate_time":-13.87}},{"type":"Feature","geometry":{"type":"Point","coordinates":[104.45384,-1.38282]},"properties":{"rate_time":-1.865}},{"type":"Feature","geometry":{"type":"Point","coordinates":[104.45357,-1.38281]},"properties":{"rate_time":-3.324}},{"type":"Feature","geometry":{"type":"Point","coordinates":[104.45331,-1.38273]},"properties":{"rate_time":-3.557}},{"type":"Feature","geometry":{"type":"Point","coordinates":[104.45403,-1.38264]},"properties":{"rate_time":-2.936}},{"type":"Feature","geometry":{"type":"Point","coordinates":[104.45424,-1.38248]},"properties":{"rate_time":-0.574}},{"type":"Feature","geometry":{"type":"Point","coordinates":[104.45436,-1.38229]},"properties":{"rate_time":-0.156}},{"type":"Feature","geometry":{"type":"Point","coordinates":[104.45431,-1.38202]},"properties":{"rate_time":0.382}},{"type":"Feature","geometry":{"type":"Point","coordinates":[104.45425,-1.38176]},"properties":{"rate_time":0.699}},{"type":"Feature","geometry":{"type":"Point","coordinates":[104.45162,-1.39145]},"properties":{"rate_time":-14.166}},{"type":"Feature","geometry":{"type":"Point","coordinates":[104.45167,-1.39119]},"properties":{"rate_time":-13.648}},{"type":"Feature","geometry":{"type":"Point","coordinates":[104.45168,-1.39092]},"properties":{"rate_time":-13.196}},{"type":"Feature","geometry":{"type":"Point","coordinates":[104.45176,-1.39069]},"properties":{"rate_time":-12.627}},{"type":"Feature","geometry":{"type":"Point","coordinates":[104.45223,-1.39065]},"properties":{"rate_time":-11.181}},{"type":"Feature","geometry":{"type":"Point","coordinates":[104.45198,-1.39055]},"properties":{"rate_time":-12.106}},{"type":"Feature","geometry":{"type":"Point","coordinates":[104.45222,-1.39042]},"properties":{"rate_time":-10.696}},{"type":"Feature","geometry":{"type":"Point","coordinates":[104.45212,-1.39018]},"properties":{"rate_time":-11.197}},{"type":"Feature","geometry":{"type":"Point","coordinates":[104.45213,-1.38991]},"properties":{"rate_time":-9.796}},{"type":"Feature","geometry":{"type":"Point","coordinates":[104.45214,-1.38964]},"properties":{"rate_time":-8.926}},{"type":"Feature","geometry":{"type":"Point","coordinates":[104.45207,-1.38938]},"properties":{"rate_time":-8.503}},{"type":"Feature","geometry":{"type":"Point","coordinates":[104.45169,-1.38922]},"properties":{"rate_time":-9.44}},{"type":"Feature","geometry":{"type":"Point","coordinates":[104.45191,-1.38921]},"properties":{"rate_time":-9.231}},{"type":"Feature","geometry":{"type":"Point","coordinates":[104.4519,-1.38917]},"properties":{"rate_time":-9.182}},{"type":"Feature","geometry":{"type":"Point","coordinates":[104.452,-1.38898]},"properties":{"rate_time":-8.103}},{"type":"Feature","geometry":{"type":"Point","coordinates":[104.45218,-1.3888]},"properties":{"rate_time":-7.746}},{"type":"Feature","geometry":{"type":"Point","coordinates":[104.45243,-1.38878]},"properties":{"rate_time":-7.653}},{"type":"Feature","geometry":{"type":"Point","coordinates":[104.45252,-1.38863]},"properties":{"rate_time":-7.427}},{"type":"Feature","geometry":{"type":"Point","coordinates":[104.45234,-1.38843]},"properties":{"rate_time":-7.189}},{"type":"Feature","geometry":{"type":"Point","coordinates":[104.45216,-1.38823]},"properties":{"rate_time":-7.099}},{"type":"Feature","geometry":{"type":"Point","coordinates":[104.45199,-1.38802]},"properties":{"rate_time":-7.107}},{"type":"Feature","geometry":{"type":"Point","coordinates":[104.45186,-1.38779]},"properties":{"rate_time":-7.115}},{"type":"Feature","geometry":{"type":"Point","coordinates":[104.45184,-1.38752]},"properties":{"rate_time":-7.086}},{"type":"Feature","geometry":{"type":"Point","coordinates":[104.45183,-1.38725]},"properties":{"rate_time":-7.056}},{"type":"Feature","geometry":{"type":"Point","coordinates":[104.45184,-1.38697]},"properties":{"rate_time":-7.021}},{"type":"Feature","geometry":{"type":"Point","coordinates":[104.45187,-1.3867]},"properties":{"rate_time":-7.078}},{"type":"Feature","geometry":{"type":"Point","coordinates":[104.45192,-1.38644]},"properties":{"rate_time":-7.248}},{"type":"Feature","geometry":{"type":"Point","coordinates":[104.45211,-1.38625]},"properties":{"rate_time":-7.059}},{"type":"Feature","geometry":{"type":"Point","coordinates":[104.45201,-1.38606]},"properties":{"rate_time":-7.152}},{"type":"Feature","geometry":{"type":"Point","coordinates":[104.45191,-1.38582]},"properties":{"rate_time":-7.172}},{"type":"Feature","geometry":{"type":"Point","coordinates":[104.45188,-1.38556]},"properties":{"rate_time":-6.81}},{"type":"Feature","geometry":{"type":"Point","coordinates":[104.45185,-1.3853]},"properties":{"rate_time":-6.803}},{"type":"Feature","geometry":{"type":"Point","coordinates":[104.45192,-1.38504]},"properties":{"rate_time":-6.382}},{"type":"Feature","geometry":{"type":"Point","coordinates":[104.45197,-1.38478]},"properties":{"rate_time":-6.232}},{"type":"Feature","geometry":{"type":"Point","coordinates":[104.45202,-1.38451]},"properties":{"rate_time":-6.41}},{"type":"Feature","geometry":{"type":"Point","coordinates":[104.45205,-1.38425]},"properties":{"rate_time":-6.471}},{"type":"Feature","geometry":{"type":"Point","coordinates":[104.45201,-1.38398]},"properties":{"rate_time":-6.718}},{"type":"Feature","geometry":{"type":"Point","coordinates":[104.45204,-1.38371]},"properties":{"rate_time":-6.745}},{"type":"Feature","geometry":{"type":"Point","coordinates":[104.45217,-1.38348]},"properties":{"rate_time":-6.655}},{"type":"Feature","geometry":{"type":"Point","coordinates":[104.45237,-1.38329]},"properties":{"rate_time":-6.38}},{"type":"Feature","geometry":{"type":"Point","coordinates":[104.45256,-1.3831]},"properties":{"rate_time":-4.725}},{"type":"Feature","geometry":{"type":"Point","coordinates":[104.45274,-1.3829]},"properties":{"rate_time":-4.372}},{"type":"Feature","geometry":{"type":"Point","coordinates":[104.45292,-1.3827]},"properties":{"rate_time":-3.974}},{"type":"Feature","geometry":{"type":"Point","coordinates":[104.45309,-1.38257]},"properties":{"rate_time":-3.533}},{"type":"Feature","geometry":{"type":"Point","coordinates":[104.45422,-1.38149]},"properties":{"rate_time":0.957}},{"type":"Feature","geometry":{"type":"Point","coordinates":[104.45424,-1.38122]},"properties":{"rate_time":1.159}},{"type":"Feature","geometry":{"type":"Point","coordinates":[104.45426,-1.38095]},"properties":{"rate_time":1.153}},{"type":"Feature","geometry":{"type":"Point","coordinates":[104.45433,-1.38069]},"properties":{"rate_time":1.675}},{"type":"Feature","geometry":{"type":"Point","coordinates":[104.45442,-1.38043]},"properties":{"rate_time":1.187}},{"type":"Feature","geometry":{"type":"Point","coordinates":[104.4545,-1.38018]},"properties":{"rate_time":1.63}},{"type":"Feature","geometry":{"type":"Point","coordinates":[104.4545,-1.37991]},"properties":{"rate_time":1.036}},{"type":"Feature","geometry":{"type":"Point","coordinates":[104.45454,-1.37964]},"properties":{"rate_time":1.042}},{"type":"Feature","geometry":{"type":"Point","coordinates":[104.45468,-1.37941]},"properties":{"rate_time":1.123}},{"type":"Feature","geometry":{"type":"Point","coordinates":[104.45485,-1.3792]},"properties":{"rate_time":1.262}},{"type":"Feature","geometry":{"type":"Point","coordinates":[104.45495,-1.37895]},"properties":{"rate_time":1.349}},{"type":"Feature","geometry":{"type":"Point","coordinates":[104.45494,-1.37869]},"properties":{"rate_time":1.378}},{"type":"Feature","geometry":{"type":"Point","coordinates":[104.45506,-1.37847]},"properties":{"rate_time":1.531}},{"type":"Feature","geometry":{"type":"Point","coordinates":[104.45527,-1.3783]},"properties":{"rate_time":1.804}},{"type":"Feature","geometry":{"type":"Point","coordinates":[104.45576,-1.37866]},"properties":{"rate_time":1.909}},{"type":"Feature","geometry":{"type":"Point","coordinates":[104.4563,-1.37866]},"properties":{"rate_time":2.258}},{"type":"Feature","geometry":{"type":"Point","coordinates":[104.45621,-1.37845]},"properties":{"rate_time":2.348}},{"type":"Feature","geometry":{"type":"Point","coordinates":[104.45567,-1.37842]},"properties":{"rate_time":2.011}},{"type":"Feature","geometry":{"type":"Point","coordinates":[104.45582,-1.37841]},"properties":{"rate_time":2.114}},{"type":"Feature","geometry":{"type":"Point","coordinates":[104.45634,-1.37839]},"properties":{"rate_time":2.475}},{"type":"Feature","geometry":{"type":"Point","coordinates":[104.45551,-1.37822]},"properties":{"rate_time":2.053}},{"type":"Feature","geometry":{"type":"Point","coordinates":[104.4561,-1.3782]},"properties":{"rate_time":2.485}},{"type":"Feature","geometry":{"type":"Point","coordinates":[104.45595,-1.37818]},"properties":{"rate_time":2.403}},{"type":"Feature","geometry":{"type":"Point","coordinates":[104.45634,-1.37812]},"properties":{"rate_time":2.746}},{"type":"Feature","geometry":{"type":"Point","coordinates":[104.45722,-1.36243]},"properties":{"rate_time":1.958}},{"type":"Feature","geometry":{"type":"Point","coordinates":[104.45708,-1.3624]},"properties":{"rate_time":1.881}},{"type":"Feature","geometry":{"type":"Point","coordinates":[104.45742,-1.36229]},"properties":{"rate_time":1.822}},{"type":"Feature","geometry":{"type":"Point","coordinates":[104.45737,-1.36202]},"properties":{"rate_time":1.598}},{"type":"Feature","geometry":{"type":"Point","coordinates":[104.45724,-1.36178]},"properties":{"rate_time":1.396}},{"type":"Feature","geometry":{"type":"Point","coordinates":[104.45707,-1.36157]},"properties":{"rate_time":1.249}},{"type":"Feature","geometry":{"type":"Point","coordinates":[104.45702,-1.36131]},"properties":{"rate_time":1.163}},{"type":"Feature","geometry":{"type":"Point","coordinates":[104.45707,-1.36104]},"properties":{"rate_time":1.202}},{"type":"Feature","geometry":{"type":"Point","coordinates":[104.45712,-1.36078]},"properties":{"rate_time":1.236}},{"type":"Feature","geometry":{"type":"Point","coordinates":[104.45708,-1.36052]},"properties":{"rate_time":1.221}},{"type":"Feature","geometry":{"type":"Point","coordinates":[104.4571,-1.36027]},"properties":{"rate_time":0.94}},{"type":"Feature","geometry":{"type":"Point","coordinates":[104.45716,-1.36]},"properties":{"rate_time":0.982}},{"type":"Feature","geometry":{"type":"Point","coordinates":[104.45715,-1.35974]},"properties":{"rate_time":0.992}},{"type":"Feature","geometry":{"type":"Point","coordinates":[104.45711,-1.35947]},"properties":{"rate_time":1.129}},{"type":"Feature","geometry":{"type":"Point","coordinates":[104.45713,-1.3592]},"properties":{"rate_time":1.376}},{"type":"Feature","geometry":{"type":"Point","coordinates":[104.45711,-1.35894]},"properties":{"rate_time":1.387}},{"type":"Feature","geometry":{"type":"Point","coordinates":[104.45706,-1.35868]},"properties":{"rate_time":1.358}},{"type":"Feature","geometry":{"type":"Point","coordinates":[104.45703,-1.35841]},"properties":{"rate_time":1.463}},{"type":"Feature","geometry":{"type":"Point","coordinates":[104.45705,-1.35814]},"properties":{"rate_time":1.532}},{"type":"Feature","geometry":{"type":"Point","coordinates":[104.45706,-1.35787]},"properties":{"rate_time":1.553}},{"type":"Feature","geometry":{"type":"Point","coordinates":[104.45704,-1.3576]},"properties":{"rate_time":1.536}},{"type":"Feature","geometry":{"type":"Point","coordinates":[104.45703,-1.35733]},"properties":{"rate_time":1.543}},{"type":"Feature","geometry":{"type":"Point","coordinates":[104.45704,-1.35706]},"properties":{"rate_time":1.426}},{"type":"Feature","geometry":{"type":"Point","coordinates":[104.45705,-1.35679]},"properties":{"rate_time":1.273}}]}