{"type":"FeatureCollection","features":[{"type":"Feature","geometry":{"type":"Point","coordinates":[110.5517,-6.87878]},"properties":{"rate_time":-12.974}},{"type":"Feature","geometry":{"type":"Point","coordinates":[110.57454,-6.82041]},"properties":{"rate_time":-0.762}},{"type":"Feature","geometry":{"type":"Point","coordinates":[110.54104,-6.84118]},"properties":{"rate_time":-0.859}},{"type":"Feature","geometry":{"type":"Point","coordinates":[110.53762,-6.84113]},"properties":{"rate_time":-1.041}},{"type":"Feature","geometry":{"type":"Point","coordinates":[110.53818,-6.8411]},"properties":{"rate_time":-3.446}},{"type":"Feature","geometry":{"type":"Point","coordinates":[110.53773,-6.84109]},"properties":{"rate_time":-1.553}},{"type":"Feature","geometry":{"type":"Point","coordinates":[110.54144,-6.84105]},"properties":{"rate_time":-0.305}},{"type":"Feature","geometry":{"type":"Point","coordinates":[110.53737,-6.84104]},"properties":{"rate_time":-0.653}},{"type":"Feature","geometry":{"type":"Point","coordinates":[110.52791,-6.84103]},"properties":{"rate_time":-0.44}},{"type":"Feature","geometry":{"type":"Point","coordinates":[110.54083,-6.84101]},"properties":{"rate_time":-1.075}},{"type":"Feature","geometry":{"type":"Point","coordinates":[110.54013,-6.841]},"properties":{"rate_time":-1.868}},{"type":"Feature","geometry":{"type":"Point","coordinates":[110.52874,-6.84097]},"properties":{"rate_time":-1.756}},{"type":"Feature","geometry":{"type":"Point","coordinates":[110.53726,-6.84093]},"properties":{"rate_time":-0.65}},{"type":"Feature","geometry":{"type":"Point","coordinates":[110.53752,-6.84092]},"properties":{"rate_time":-1.297}},{"type":"Feature","geometry":{"type":"Point","coordinates":[110.53831,-6.84087]},"properties":{"rate_time":-3.211}},{"type":"Feature","geometry":{"type":"Point","coordinates":[110.54126,-6.84085]},"properties":{"rate_time":-0.303}},{"type":"Feature","geometry":{"type":"Point","coordinates":[110.52771,-6.84085]},"properties":{"rate_time":0.234}},{"type":"Feature","geometry":{"type":"Point","coordinates":[110.54063,-6.84082]},"properties":{"rate_time":-1.082}},{"type":"Feature","geometry":{"type":"Point","coordinates":[110.53999,-6.84077]},"properties":{"rate_time":-1.684}},{"type":"Feature","geometry":{"type":"Point","coordinates":[110.52868,-6.84071]},"properties":{"rate_time":-2.118}},{"type":"Feature","geometry":{"type":"Point","coordinates":[110.52751,-6.84067]},"properties":{"rate_time":0.916}},{"type":"Feature","geometry":{"type":"Point","coordinates":[110.53844,-6.84066]},"properties":{"rate_time":-1.499}},{"type":"Feature","geometry":{"type":"Point","coordinates":[110.53593,-6.84065]},"properties":{"rate_time":-0.483}},{"type":"Feature","geometry":{"type":"Point","coordinates":[110.54108,-6.84065]},"properties":{"rate_time":-0.069}},{"type":"Feature","geometry":{"type":"Point","coordinates":[110.54043,-6.84064]},"properties":{"rate_time":-1.048}},{"type":"Feature","geometry":{"type":"Point","coordinates":[110.53978,-6.8406]},"properties":{"rate_time":-1.603}},{"type":"Feature","geometry":{"type":"Point","coordinates":[110.53566,-6.84059]},"properties":{"rate_time":-0.122}},{"type":"Feature","geometry":{"type":"Point","coordinates":[110.53539,-6.84058]},"properties":{"rate_time":-0.006}},{"type":"Feature","geometry":{"type":"Point","coordinates":[110.53869,-6.84057]},"properties":{"rate_time":-0.829}},{"type":"Feature","geometry":{"type":"Point","coordinates":[110.54085,-6.84051]},"properties":{"rate_time":-0.262}},{"type":"Feature","geometry":{"type":"Point","coordinates":[110.53513,-6.84051]},"properties":{"rate_time":-0.02}},{"type":"Feature","geometry":{"type":"Point","coordinates":[110.53613,-6.84047]},"properties":{"rate_time":-1.322}},{"type":"Feature","geometry":{"type":"Point","coordinates":[110.52733,-6.84047]},"properties":{"rate_time":0.963}},{"type":"Feature","geometry":{"type":"Point","coordinates":[110.54024,-6.84045]},"properties":{"rate_time":-0.968}},{"type":"Feature","geometry":{"type":"Point","coordinates":[110.53955,-6.84045]},"properties":{"rate_time":-1.947}},{"type":"Feature","geometry":{"type":"Point","coordinates":[110.52861,-6.84045]},"properties":{"rate_time":-2.056}},{"type":"Feature","geometry":{"type":"Point","coordinates":[110.53487,-6.84044]},"properties":{"rate_time":-0.09}},{"type":"Feature","geometry":{"type":"Point","coordinates":[110.53882,-6.84041]},"properties":{"rate_time":-1.621}},{"type":"Feature","geometry":{"type":"Point","coordinates":[110.54061,-6.8404]},"properties":{"rate_time":-0.407}},{"type":"Feature","geometry":{"type":"Point","coordinates":[110.53604,-6.84038]},"properties":{"rate_time":-1.352}},{"type":"Feature","geometry":{"type":"Point","coordinates":[110.54888,-6.84033]},"properties":{"rate_time":1.371}},{"type":"Feature","geometry":{"type":"Point","coordinates":[110.53509,-6.84033]},"properties":{"rate_time":-0.328}},{"type":"Feature","geometry":{"type":"Point","coordinates":[110.53933,-6.84032]},"properties":{"rate_time":-1.86}},{"type":"Feature","geometry":{"type":"Point","coordinates":[110.53434,-6.8403]},"properties":{"rate_time":-0.082}},{"type":"Feature","geometry":{"type":"Point","coordinates":[110.549,-6.8403]},"properties":{"rate_time":1.513}},{"type":"Feature","geometry":{"type":"Point","coordinates":[110.53143,-6.84029]},"properties":{"rate_time":0.311}},{"type":"Feature","geometry":{"type":"Point","coordinates":[110.53407,-6.84028]},"properties":{"rate_time":-0.237}},{"type":"Feature","geometry":{"type":"Point","coordinates":[110.53579,-6.84027]},"properties":{"rate_time":-1.159}},{"type":"Feature","geometry":{"type":"Point","coordinates":[110.52841,-6.84026]},"properties":{"rate_time":-2.098}},{"type":"Feature","geometry":{"type":"Point","coordinates":[110.54005,-6.84026]},"properties":{"rate_time":-0.989}},{"type":"Feature","geometry":{"type":"Point","coordinates":[110.5346,-6.84025]},"properties":{"rate_time":-0.056}},{"type":"Feature","geometry":{"type":"Point","coordinates":[110.54039,-6.84025]},"properties":{"rate_time":-0.516}},{"type":"Feature","geometry":{"type":"Point","coordinates":[110.5386,-6.84024]},"properties":{"rate_time":-0.987}},{"type":"Feature","geometry":{"type":"Point","coordinates":[110.53126,-6.84023]},"properties":{"rate_time":0.374}},{"type":"Feature","geometry":{"type":"Point","coordinates":[110.53381,-6.84022]},"properties":{"rate_time":-0.201}},{"type":"Feature","geometry":{"type":"Point","coordinates":[110.52733,-6.84021]},"properties":{"rate_time":0.379}},{"type":"Feature","geometry":{"type":"Point","coordinates":[110.53909,-6.84019]},"properties":{"rate_time":-1.104}},{"type":"Feature","geometry":{"type":"Point","coordinates":[110.54904,-6.84018]},"properties":{"rate_time":1.206}},{"type":"Feature","geometry":{"type":"Point","coordinates":[110.53554,-6.84016]},"properties":{"rate_time":-0.835}},{"type":"Feature","geometry":{"type":"Point","coordinates":[110.53361,-6.84016]},"properties":{"rate_time":0.097}},{"type":"Feature","geometry":{"type":"Point","coordinates":[110.5353,-6.84016]},"properties":{"rate_time":-0.604}},{"type":"Feature","geometry":{"type":"Point","coordinates":[110.53466,-6.84015]},"properties":{"rate_time":-0.431}},{"type":"Feature","geometry":{"type":"Point","coordinates":[110.5487,-6.84013]},"properties":{"rate_time":0.826}},{"type":"Feature","geometry":{"type":"Point","coordinates":[110.53387,-6.84009]},"properties":{"rate_time":-0.44}},{"type":"Feature","geometry":{"type":"Point","coordinates":[110.53439,-6.84008]},"properties":{"rate_time":-0.496}},{"type":"Feature","geometry":{"type":"Point","coordinates":[110.53985,-6.84007]},"properties":{"rate_time":-0.922}},{"type":"Feature","geometry":{"type":"Point","coordinates":[110.54019,-6.84006]},"properties":{"rate_time":-0.565}},{"type":"Feature","geometry":{"type":"Point","coordinates":[110.52824,-6.84006]},"properties":{"rate_time":-2.266}},{"type":"Feature","geometry":{"type":"Point","coordinates":[110.5384,-6.84006]},"properties":{"rate_time":-0.251}},{"type":"Feature","geometry":{"type":"Point","coordinates":[110.53171,-6.84005]},"properties":{"rate_time":-0.136}},{"type":"Feature","geometry":{"type":"Point","coordinates":[110.5647,-6.84005]},"properties":{"rate_time":-33.759}},{"type":"Feature","geometry":{"type":"Point","coordinates":[110.53413,-6.84004]},"properties":{"rate_time":-0.678}},{"type":"Feature","geometry":{"type":"Point","coordinates":[110.5389,-6.84]},"properties":{"rate_time":-0.82}},{"type":"Feature","geometry":{"type":"Point","coordinates":[110.5313,-6.83998]},"properties":{"rate_time":0.504}},{"type":"Feature","geometry":{"type":"Point","coordinates":[110.52731,-6.83994]},"properties":{"rate_time":-0.45}},{"type":"Feature","geometry":{"type":"Point","coordinates":[110.54892,-6.83993]},"properties":{"rate_time":0.645}},{"type":"Feature","geometry":{"type":"Point","coordinates":[110.53998,-6.83989]},"properties":{"rate_time":-0.596}},{"type":"Feature","geometry":{"type":"Point","coordinates":[110.53967,-6.83988]},"properties":{"rate_time":-0.771}},{"type":"Feature","geometry":{"type":"Point","coordinates":[110.5318,-6.83988]},"properties":{"rate_time":-0.091}},{"type":"Feature","geometry":{"type":"Point","coordinates":[110.54861,-6.83988]},"properties":{"rate_time":0.233}},{"type":"Feature","geometry":{"type":"Point","coordinates":[110.53822,-6.83986]},"properties":{"rate_time":-0.377}},{"type":"Feature","geometry":{"type":"Point","coordinates":[110.53154,-6.83986]},"properties":{"rate_time":0.199}},{"type":"Feature","geometry":{"type":"Point","coordinates":[110.56455,-6.83986]},"properties":{"rate_time":-32.78}},{"type":"Feature","geometry":{"type":"Point","coordinates":[110.52813,-6.83981]},"properties":{"rate_time":-2.205}},{"type":"Feature","geometry":{"type":"Point","coordinates":[110.53874,-6.83979]},"properties":{"rate_time":-0.777}},{"type":"Feature","geometry":{"type":"Point","coordinates":[110.52716,-6.83972]},"properties":{"rate_time":0.311}},{"type":"Feature","geometry":{"type":"Point","coordinates":[110.53977,-6.83972]},"properties":{"rate_time":-0.619}},{"type":"Feature","geometry":{"type":"Point","coordinates":[110.54882,-6.83969]},"properties":{"rate_time":-0.207}},{"type":"Feature","geometry":{"type":"Point","coordinates":[110.53802,-6.83968]},"properties":{"rate_time":-1.049}},{"type":"Feature","geometry":{"type":"Point","coordinates":[110.54863,-6.83961]},"properties":{"rate_time":-0.375}},{"type":"Feature","geometry":{"type":"Point","coordinates":[110.53854,-6.8396]},"properties":{"rate_time":-1.046}},{"type":"Feature","geometry":{"type":"Point","coordinates":[110.56456,-6.8396]},"properties":{"rate_time":-32.002}},{"type":"Feature","geometry":{"type":"Point","coordinates":[110.53681,-6.83957]},"properties":{"rate_time":-1.463}},{"type":"Feature","geometry":{"type":"Point","coordinates":[110.52805,-6.83956]},"properties":{"rate_time":-1.061}},{"type":"Feature","geometry":{"type":"Point","coordinates":[110.52697,-6.83953]},"properties":{"rate_time":0.171}},{"type":"Feature","geometry":{"type":"Point","coordinates":[110.53704,-6.83952]},"properties":{"rate_time":-1.22}},{"type":"Feature","geometry":{"type":"Point","coordinates":[110.53781,-6.8395]},"properties":{"rate_time":-1.257}},{"type":"Feature","geometry":{"type":"Point","coordinates":[110.53656,-6.83947]},"properties":{"rate_time":-2.038}},{"type":"Feature","geometry":{"type":"Point","coordinates":[110.54871,-6.83944]},"properties":{"rate_time":-0.297}},{"type":"Feature","geometry":{"type":"Point","coordinates":[110.53832,-6.83943]},"properties":{"rate_time":-1.394}},{"type":"Feature","geometry":{"type":"Point","coordinates":[110.53606,-6.83941]},"properties":{"rate_time":-0.821}},{"type":"Feature","geometry":{"type":"Point","coordinates":[110.52674,-6.8394]},"properties":{"rate_time":1.174}},{"type":"Feature","geometry":{"type":"Point","coordinates":[110.56439,-6.8394]},"properties":{"rate_time":-31.018}},{"type":"Feature","geometry":{"type":"Point","coordinates":[110.53585,-6.83937]},"properties":{"rate_time":-0.849}},{"type":"Feature","geometry":{"type":"Point","coordinates":[110.53631,-6.83937]},"properties":{"rate_time":-1.852}},{"type":"Feature","geometry":{"type":"Point","coordinates":[110.53761,-6.83932]},"properties":{"rate_time":-1.243}},{"type":"Feature","geometry":{"type":"Point","coordinates":[110.52807,-6.83929]},"properties":{"rate_time":-0.197}},{"type":"Feature","geometry":{"type":"Point","coordinates":[110.53717,-6.83928]},"properties":{"rate_time":-1.573}},{"type":"Feature","geometry":{"type":"Point","coordinates":[110.53813,-6.83924]},"properties":{"rate_time":-1.201}},{"type":"Feature","geometry":{"type":"Point","coordinates":[110.52656,-6.8392]},"properties":{"rate_time":0.626}},{"type":"Feature","geometry":{"type":"Point","coordinates":[110.53737,-6.83919]},"properties":{"rate_time":-1.446}},{"type":"Feature","geometry":{"type":"Point","coordinates":[110.56437,-6.83918]},"properties":{"rate_time":-29.672}},{"type":"Feature","geometry":{"type":"Point","coordinates":[110.53566,-6.83918]},"properties":{"rate_time":-0.106}},{"type":"Feature","geometry":{"type":"Point","coordinates":[110.54843,-6.83906]},"properties":{"rate_time":-0.201}},{"type":"Feature","geometry":{"type":"Point","coordinates":[110.53793,-6.83906]},"properties":{"rate_time":-1.047}},{"type":"Feature","geometry":{"type":"Point","coordinates":[110.52818,-6.83905]},"properties":{"rate_time":-0.881}},{"type":"Feature","geometry":{"type":"Point","coordinates":[110.5341,-6.83904]},"properties":{"rate_time":0.043}},{"type":"Feature","geometry":{"type":"Point","coordinates":[110.53543,-6.83903]},"properties":{"rate_time":-0.282}},{"type":"Feature","geometry":{"type":"Point","coordinates":[110.53384,-6.83901]},"properties":{"rate_time":-0.226}},{"type":"Feature","geometry":{"type":"Point","coordinates":[110.52638,-6.839]},"properties":{"rate_time":0.753}},{"type":"Feature","geometry":{"type":"Point","coordinates":[110.53463,-6.83898]},"properties":{"rate_time":0.118}},{"type":"Feature","geometry":{"type":"Point","coordinates":[110.53436,-6.83898]},"properties":{"rate_time":0.037}},{"type":"Feature","geometry":{"type":"Point","coordinates":[110.5349,-6.83896]},"properties":{"rate_time":0.152}},{"type":"Feature","geometry":{"type":"Point","coordinates":[110.53517,-6.83896]},"properties":{"rate_time":0.043}},{"type":"Feature","geometry":{"type":"Point","coordinates":[110.56427,-6.83894]},"properties":{"rate_time":-28.79}},{"type":"Feature","geometry":{"type":"Point","coordinates":[110.53358,-6.83892]},"properties":{"rate_time":0.049}},{"type":"Feature","geometry":{"type":"Point","coordinates":[110.53771,-6.8389]},"properties":{"rate_time":-1.07}},{"type":"Feature","geometry":{"type":"Point","coordinates":[110.54833,-6.83884]},"properties":{"rate_time":0.176}},{"type":"Feature","geometry":{"type":"Point","coordinates":[110.53333,-6.83884]},"properties":{"rate_time":0.217}},{"type":"Feature","geometry":{"type":"Point","coordinates":[110.52618,-6.83882]},"properties":{"rate_time":0.93}},{"type":"Feature","geometry":{"type":"Point","coordinates":[110.52828,-6.8388]},"properties":{"rate_time":0.286}},{"type":"Feature","geometry":{"type":"Point","coordinates":[110.53748,-6.83876]},"properties":{"rate_time":-1.091}},{"type":"Feature","geometry":{"type":"Point","coordinates":[110.53339,-6.83875]},"properties":{"rate_time":0.425}},{"type":"Feature","geometry":{"type":"Point","coordinates":[110.5485,-6.83875]},"properties":{"rate_time":0.383}},{"type":"Feature","geometry":{"type":"Point","coordinates":[110.52854,-6.83873]},"properties":{"rate_time":1.157}},{"type":"Feature","geometry":{"type":"Point","coordinates":[110.54566,-6.83871]},"properties":{"rate_time":0.004}},{"type":"Feature","geometry":{"type":"Point","coordinates":[110.56414,-6.83871]},"properties":{"rate_time":-28.114}},{"type":"Feature","geometry":{"type":"Point","coordinates":[110.52595,-6.83867]},"properties":{"rate_time":0.624}},{"type":"Feature","geometry":{"type":"Point","coordinates":[110.53364,-6.83866]},"properties":{"rate_time":0.466}},{"type":"Feature","geometry":{"type":"Point","coordinates":[110.54541,-6.83865]},"properties":{"rate_time":-0.323}},{"type":"Feature","geometry":{"type":"Point","coordinates":[110.53724,-6.83863]},"properties":{"rate_time":-1.244}},{"type":"Feature","geometry":{"type":"Point","coordinates":[110.54817,-6.83862]},"properties":{"rate_time":0.926}},{"type":"Feature","geometry":{"type":"Point","coordinates":[110.54831,-6.83857]},"properties":{"rate_time":1.067}},{"type":"Feature","geometry":{"type":"Point","coordinates":[110.53389,-6.83855]},"properties":{"rate_time":0.784}},{"type":"Feature","geometry":{"type":"Point","coordinates":[110.52871,-6.83854]},"properties":{"rate_time":0.942}},{"type":"Feature","geometry":{"type":"Point","coordinates":[110.52573,-6.83852]},"properties":{"rate_time":-0.138}},{"type":"Feature","geometry":{"type":"Point","coordinates":[110.54579,-6.83851]},"properties":{"rate_time":0.104}},{"type":"Feature","geometry":{"type":"Point","coordinates":[110.53701,-6.83848]},"properties":{"rate_time":-0.617}},{"type":"Feature","geometry":{"type":"Point","coordinates":[110.56407,-6.83846]},"properties":{"rate_time":-22.024}},{"type":"Feature","geometry":{"type":"Point","coordinates":[110.53134,-6.83842]},"properties":{"rate_time":-0.343}},{"type":"Feature","geometry":{"type":"Point","coordinates":[110.53559,-6.83841]},"properties":{"rate_time":-0.727}},{"type":"Feature","geometry":{"type":"Point","coordinates":[110.53107,-6.8384]},"properties":{"rate_time":-0.16}},{"type":"Feature","geometry":{"type":"Point","coordinates":[110.54542,-6.8384]},"properties":{"rate_time":-0.653}},{"type":"Feature","geometry":{"type":"Point","coordinates":[110.53676,-6.83839]},"properties":{"rate_time":-0.469}},{"type":"Feature","geometry":{"type":"Point","coordinates":[110.5328,-6.83838]},"properties":{"rate_time":0.206}},{"type":"Feature","geometry":{"type":"Point","coordinates":[110.53425,-6.83838]},"properties":{"rate_time":-0.058}},{"type":"Feature","geometry":{"type":"Point","coordinates":[110.5481,-6.83837]},"properties":{"rate_time":1.682}},{"type":"Feature","geometry":{"type":"Point","coordinates":[110.53371,-6.83837]},"properties":{"rate_time":0.129}},{"type":"Feature","geometry":{"type":"Point","coordinates":[110.53452,-6.83836]},"properties":{"rate_time":0.183}},{"type":"Feature","geometry":{"type":"Point","coordinates":[110.5308,-6.83836]},"properties":{"rate_time":0.019}},{"type":"Feature","geometry":{"type":"Point","coordinates":[110.53253,-6.83835]},"properties":{"rate_time":0.365}},{"type":"Feature","geometry":{"type":"Point","coordinates":[110.53306,-6.83835]},"properties":{"rate_time":0.012}},{"type":"Feature","geometry":{"type":"Point","coordinates":[110.53479,-6.83834]},"properties":{"rate_time":0.01}},{"type":"Feature","geometry":{"type":"Point","coordinates":[110.53533,-6.83834]},"properties":{"rate_time":-0.85}},{"type":"Feature","geometry":{"type":"Point","coordinates":[110.53506,-6.83834]},"properties":{"rate_time":-0.374}},{"type":"Feature","geometry":{"type":"Point","coordinates":[110.53027,-6.83833]},"properties":{"rate_time":0.0}},{"type":"Feature","geometry":{"type":"Point","coordinates":[110.52554,-6.83833]},"properties":{"rate_time":0.525}},{"type":"Feature","geometry":{"type":"Point","coordinates":[110.52975,-6.83833]},"properties":{"rate_time":0.106}},{"type":"Feature","geometry":{"type":"Point","coordinates":[110.54822,-6.83833]},"properties":{"rate_time":1.798}},{"type":"Feature","geometry":{"type":"Point","coordinates":[110.53582,-6.83831]},"properties":{"rate_time":-1.181}},{"type":"Feature","geometry":{"type":"Point","coordinates":[110.53399,-6.83831]},"properties":{"rate_time":-0.297}},{"type":"Feature","geometry":{"type":"Point","coordinates":[110.53054,-6.83829]},"properties":{"rate_time":0.029}},{"type":"Feature","geometry":{"type":"Point","coordinates":[110.54653,-6.83829]},"properties":{"rate_time":1.292}},{"type":"Feature","geometry":{"type":"Point","coordinates":[110.54595,-6.83829]},"properties":{"rate_time":0.325}},{"type":"Feature","geometry":{"type":"Point","coordinates":[110.53001,-6.83829]},"properties":{"rate_time":-0.013}},{"type":"Feature","geometry":{"type":"Point","coordinates":[110.52948,-6.83828]},"properties":{"rate_time":0.081}},{"type":"Feature","geometry":{"type":"Point","coordinates":[110.53333,-6.83828]},"properties":{"rate_time":-0.163}},{"type":"Feature","geometry":{"type":"Point","coordinates":[110.52876,-6.83827]},"properties":{"rate_time":0.495}},{"type":"Feature","geometry":{"type":"Point","coordinates":[110.53156,-6.83826]},"properties":{"rate_time":0.539}},{"type":"Feature","geometry":{"type":"Point","coordinates":[110.53228,-6.83825]},"properties":{"rate_time":0.295}},{"type":"Feature","geometry":{"type":"Point","coordinates":[110.53653,-6.83825]},"properties":{"rate_time":-0.178}},{"type":"Feature","geometry":{"type":"Point","coordinates":[110.56398,-6.83823]},"properties":{"rate_time":-17.298}},{"type":"Feature","geometry":{"type":"Point","coordinates":[110.53362,-6.83821]},"properties":{"rate_time":-0.212}},{"type":"Feature","geometry":{"type":"Point","coordinates":[110.52922,-6.8382]},"properties":{"rate_time":0.038}},{"type":"Feature","geometry":{"type":"Point","coordinates":[110.5456,-6.8382]},"properties":{"rate_time":-0.622}},{"type":"Feature","geometry":{"type":"Point","coordinates":[110.53313,-6.83818]},"properties":{"rate_time":-0.269}},{"type":"Feature","geometry":{"type":"Point","coordinates":[110.53203,-6.83817]},"properties":{"rate_time":0.395}},{"type":"Feature","geometry":{"type":"Point","coordinates":[110.53176,-6.83816]},"properties":{"rate_time":0.514}},{"type":"Feature","geometry":{"type":"Point","coordinates":[110.53601,-6.83815]},"properties":{"rate_time":-1.408}},{"type":"Feature","geometry":{"type":"Point","coordinates":[110.53628,-6.83815]},"properties":{"rate_time":-0.795}},{"type":"Feature","geometry":{"type":"Point","coordinates":[110.52896,-6.83814]},"properties":{"rate_time":0.009}},{"type":"Feature","geometry":{"type":"Point","coordinates":[110.56374,-6.83812]},"properties":{"rate_time":-8.063}},{"type":"Feature","geometry":{"type":"Point","coordinates":[110.53381,-6.83811]},"properties":{"rate_time":-0.738}},{"type":"Feature","geometry":{"type":"Point","coordinates":[110.54635,-6.83811]},"properties":{"rate_time":1.106}},{"type":"Feature","geometry":{"type":"Point","coordinates":[110.52538,-6.8381]},"properties":{"rate_time":-0.604}},{"type":"Feature","geometry":{"type":"Point","coordinates":[110.54634,-6.8381]},"properties":{"rate_time":1.111}},{"type":"Feature","geometry":{"type":"Point","coordinates":[110.54614,-6.8381]},"properties":{"rate_time":0.657}},{"type":"Feature","geometry":{"type":"Point","coordinates":[110.54582,-6.83804]},"properties":{"rate_time":-0.51}},{"type":"Feature","geometry":{"type":"Point","coordinates":[110.53293,-6.83801]},"properties":{"rate_time":-0.843}},{"type":"Feature","geometry":{"type":"Point","coordinates":[110.56356,-6.83794]},"properties":{"rate_time":-7.786}},{"type":"Feature","geometry":{"type":"Point","coordinates":[110.52518,-6.83792]},"properties":{"rate_time":-0.537}},{"type":"Feature","geometry":{"type":"Point","coordinates":[110.52585,-6.8379]},"properties":{"rate_time":0.344}},{"type":"Feature","geometry":{"type":"Point","coordinates":[110.53338,-6.8345]},"properties":{"rate_time":0.87}},{"type":"Feature","geometry":{"type":"Point","coordinates":[110.54293,-6.83449]},"properties":{"rate_time":0.745}},{"type":"Feature","geometry":{"type":"Point","coordinates":[110.54381,-6.83447]},"properties":{"rate_time":1.668}},{"type":"Feature","geometry":{"type":"Point","coordinates":[110.56327,-6.83447]},"properties":{"rate_time":-1.157}},{"type":"Feature","geometry":{"type":"Point","coordinates":[110.54979,-6.83446]},"properties":{"rate_time":-0.234}},{"type":"Feature","geometry":{"type":"Point","coordinates":[110.5326,-6.83445]},"properties":{"rate_time":0.48}},{"type":"Feature","geometry":{"type":"Point","coordinates":[110.52824,-6.83444]},"properties":{"rate_time":-3.706}},{"type":"Feature","geometry":{"type":"Point","coordinates":[110.54207,-6.83444]},"properties":{"rate_time":-0.017}},{"type":"Feature","geometry":{"type":"Point","coordinates":[110.53057,-6.83442]},"properties":{"rate_time":0.67}},{"type":"Feature","geometry":{"type":"Point","coordinates":[110.56164,-6.83441]},"properties":{"rate_time":-11.948}},{"type":"Feature","geometry":{"type":"Point","coordinates":[110.5276,-6.83441]},"properties":{"rate_time":-3.663}},{"type":"Feature","geometry":{"type":"Point","coordinates":[110.55968,-6.83439]},"properties":{"rate_time":-3.339}},{"type":"Feature","geometry":{"type":"Point","coordinates":[110.5319,-6.83439]},"properties":{"rate_time":-0.126}},{"type":"Feature","geometry":{"type":"Point","coordinates":[110.54451,-6.83438]},"properties":{"rate_time":0.14}},{"type":"Feature","geometry":{"type":"Point","coordinates":[110.54469,-6.83437]},"properties":{"rate_time":0.094}},{"type":"Feature","geometry":{"type":"Point","coordinates":[110.54954,-6.83436]},"properties":{"rate_time":-0.133}},{"type":"Feature","geometry":{"type":"Point","coordinates":[110.53403,-6.83435]},"properties":{"rate_time":0.169}},{"type":"Feature","geometry":{"type":"Point","coordinates":[110.53083,-6.83434]},"properties":{"rate_time":0.705}},{"type":"Feature","geometry":{"type":"Point","coordinates":[110.56213,-6.83433]},"properties":{"rate_time":-2.13}},{"type":"Feature","geometry":{"type":"Point","coordinates":[110.52785,-6.83433]},"properties":{"rate_time":-3.942}},{"type":"Feature","geometry":{"type":"Point","coordinates":[110.53099,-6.83432]},"properties":{"rate_time":0.978}},{"type":"Feature","geometry":{"type":"Point","coordinates":[110.52811,-6.83431]},"properties":{"rate_time":-4.46}},{"type":"Feature","geometry":{"type":"Point","coordinates":[110.53357,-6.83431]},"properties":{"rate_time":0.841}},{"type":"Feature","geometry":{"type":"Point","coordinates":[110.56186,-6.8343]},"properties":{"rate_time":-7.234}},{"type":"Feature","geometry":{"type":"Point","coordinates":[110.54185,-6.83429]},"properties":{"rate_time":0.037}},{"type":"Feature","geometry":{"type":"Point","coordinates":[110.53239,-6.83429]},"properties":{"rate_time":0.152}},{"type":"Feature","geometry":{"type":"Point","coordinates":[110.52862,-6.83428]},"properties":{"rate_time":-2.877}},{"type":"Feature","geometry":{"type":"Point","coordinates":[110.54306,-6.83427]},"properties":{"rate_time":1.335}},{"type":"Feature","geometry":{"type":"Point","coordinates":[110.56234,-6.83424]},"properties":{"rate_time":-0.978}},{"type":"Feature","geometry":{"type":"Point","coordinates":[110.52836,-6.83423]},"properties":{"rate_time":-5.195}},{"type":"Feature","geometry":{"type":"Point","coordinates":[110.53123,-6.83422]},"properties":{"rate_time":0.767}},{"type":"Feature","geometry":{"type":"Point","coordinates":[110.54987,-6.8342]},"properties":{"rate_time":-0.051}},{"type":"Feature","geometry":{"type":"Point","coordinates":[110.5317,-6.8342]},"properties":{"rate_time":-0.045}},{"type":"Feature","geometry":{"type":"Point","coordinates":[110.52835,-6.83418]},"properties":{"rate_time":-5.046}},{"type":"Feature","geometry":{"type":"Point","coordinates":[110.54973,-6.83417]},"properties":{"rate_time":-0.028}},{"type":"Feature","geometry":{"type":"Point","coordinates":[110.53423,-6.83417]},"properties":{"rate_time":0.103}},{"type":"Feature","geometry":{"type":"Point","coordinates":[110.53214,-6.83417]},"properties":{"rate_time":-0.007}},{"type":"Feature","geometry":{"type":"Point","coordinates":[110.53103,-6.83416]},"properties":{"rate_time":0.741}},{"type":"Feature","geometry":{"type":"Point","coordinates":[110.54161,-6.83416]},"properties":{"rate_time":0.133}},{"type":"Feature","geometry":{"type":"Point","coordinates":[110.53149,-6.83414]},"properties":{"rate_time":0.21}},{"type":"Feature","geometry":{"type":"Point","coordinates":[110.52884,-6.83413]},"properties":{"rate_time":-1.094}},{"type":"Feature","geometry":{"type":"Point","coordinates":[110.55963,-6.83413]},"properties":{"rate_time":-2.913}},{"type":"Feature","geometry":{"type":"Point","coordinates":[110.53376,-6.83411]},"properties":{"rate_time":0.51}},{"type":"Feature","geometry":{"type":"Point","coordinates":[110.54291,-6.83411]},"properties":{"rate_time":0.726}},{"type":"Feature","geometry":{"type":"Point","coordinates":[110.5286,-6.83408]},"properties":{"rate_time":-2.842}},{"type":"Feature","geometry":{"type":"Point","coordinates":[110.5319,-6.83405]},"properties":{"rate_time":-0.18}},{"type":"Feature","geometry":{"type":"Point","coordinates":[110.56222,-6.83401]},"properties":{"rate_time":-0.747}},{"type":"Feature","geometry":{"type":"Point","coordinates":[110.54138,-6.83401]},"properties":{"rate_time":0.129}},{"type":"Feature","geometry":{"type":"Point","coordinates":[110.55005,-6.83401]},"properties":{"rate_time":0.231}},{"type":"Feature","geometry":{"type":"Point","coordinates":[110.52905,-6.83399]},"properties":{"rate_time":0.029}},{"type":"Feature","geometry":{"type":"Point","coordinates":[110.54267,-6.83398]},"properties":{"rate_time":0.159}},{"type":"Feature","geometry":{"type":"Point","coordinates":[110.53441,-6.83397]},"properties":{"rate_time":0.214}},{"type":"Feature","geometry":{"type":"Point","coordinates":[110.54989,-6.83396]},"properties":{"rate_time":0.096}},{"type":"Feature","geometry":{"type":"Point","coordinates":[110.53398,-6.83395]},"properties":{"rate_time":0.288}},{"type":"Feature","geometry":{"type":"Point","coordinates":[110.53117,-6.83393]},"properties":{"rate_time":0.538}},{"type":"Feature","geometry":{"type":"Point","coordinates":[110.52882,-6.83392]},"properties":{"rate_time":-2.186}},{"type":"Feature","geometry":{"type":"Point","coordinates":[110.55953,-6.8339]},"properties":{"rate_time":-2.277}},{"type":"Feature","geometry":{"type":"Point","coordinates":[110.53169,-6.83388]},"properties":{"rate_time":-0.161}},{"type":"Feature","geometry":{"type":"Point","coordinates":[110.52908,-6.83387]},"properties":{"rate_time":-3.728}},{"type":"Feature","geometry":{"type":"Point","coordinates":[110.54115,-6.83387]},"properties":{"rate_time":0.206}},{"type":"Feature","geometry":{"type":"Point","coordinates":[110.54245,-6.83382]},"properties":{"rate_time":0.097}},{"type":"Feature","geometry":{"type":"Point","coordinates":[110.55025,-6.83382]},"properties":{"rate_time":-0.192}},{"type":"Feature","geometry":{"type":"Point","coordinates":[110.56204,-6.83381]},"properties":{"rate_time":-0.669}},{"type":"Feature","geometry":{"type":"Point","coordinates":[110.55009,-6.83377]},"properties":{"rate_time":0.353}},{"type":"Feature","geometry":{"type":"Point","coordinates":[110.55929,-6.83376]},"properties":{"rate_time":-1.807}},{"type":"Feature","geometry":{"type":"Point","coordinates":[110.53415,-6.83374]},"properties":{"rate_time":0.399}},{"type":"Feature","geometry":{"type":"Point","coordinates":[110.53455,-6.83373]},"properties":{"rate_time":0.683}},{"type":"Feature","geometry":{"type":"Point","coordinates":[110.53147,-6.83372]},"properties":{"rate_time":-0.121}},{"type":"Feature","geometry":{"type":"Point","coordinates":[110.53103,-6.83371]},"properties":{"rate_time":0.533}},{"type":"Feature","geometry":{"type":"Point","coordinates":[110.54094,-6.8337]},"properties":{"rate_time":0.171}},{"type":"Feature","geometry":{"type":"Point","coordinates":[110.54226,-6.83363]},"properties":{"rate_time":0.093}},{"type":"Feature","geometry":{"type":"Point","coordinates":[110.55043,-6.83362]},"properties":{"rate_time":-0.361}},{"type":"Feature","geometry":{"type":"Point","coordinates":[110.56185,-6.83361]},"properties":{"rate_time":-0.83}},{"type":"Feature","geometry":{"type":"Point","coordinates":[110.55911,-6.83357]},"properties":{"rate_time":-1.05}},{"type":"Feature","geometry":{"type":"Point","coordinates":[110.54071,-6.83356]},"properties":{"rate_time":0.18}},{"type":"Feature","geometry":{"type":"Point","coordinates":[110.55025,-6.83355]},"properties":{"rate_time":-0.033}},{"type":"Feature","geometry":{"type":"Point","coordinates":[110.53126,-6.83355]},"properties":{"rate_time":0.049}},{"type":"Feature","geometry":{"type":"Point","coordinates":[110.55866,-6.83352]},"properties":{"rate_time":-1.2}},{"type":"Feature","geometry":{"type":"Point","coordinates":[110.53447,-6.83351]},"properties":{"rate_time":0.259}},{"type":"Feature","geometry":{"type":"Point","coordinates":[110.53419,-6.83348]},"properties":{"rate_time":0.081}},{"type":"Feature","geometry":{"type":"Point","coordinates":[110.55892,-6.83347]},"properties":{"rate_time":-0.817}},{"type":"Feature","geometry":{"type":"Point","coordinates":[110.56163,-6.83347]},"properties":{"rate_time":-1.169}},{"type":"Feature","geometry":{"type":"Point","coordinates":[110.53101,-6.83345]},"properties":{"rate_time":0.355}},{"type":"Feature","geometry":{"type":"Point","coordinates":[110.5584,-6.83345]},"properties":{"rate_time":-1.068}},{"type":"Feature","geometry":{"type":"Point","coordinates":[110.54206,-6.83345]},"properties":{"rate_time":-0.078}},{"type":"Feature","geometry":{"type":"Point","coordinates":[110.54047,-6.83343]},"properties":{"rate_time":0.232}},{"type":"Feature","geometry":{"type":"Point","coordinates":[110.55045,-6.83341]},"properties":{"rate_time":-0.726}},{"type":"Feature","geometry":{"type":"Point","coordinates":[110.5506,-6.8334]},"properties":{"rate_time":-0.877}},{"type":"Feature","geometry":{"type":"Point","coordinates":[110.55902,-6.83339]},"properties":{"rate_time":-0.326}},{"type":"Feature","geometry":{"type":"Point","coordinates":[110.55788,-6.83337]},"properties":{"rate_time":-0.491}},{"type":"Feature","geometry":{"type":"Point","coordinates":[110.55815,-6.83337]},"properties":{"rate_time":-1.383}},{"type":"Feature","geometry":{"type":"Point","coordinates":[110.53107,-6.83336]},"properties":{"rate_time":0.203}},{"type":"Feature","geometry":{"type":"Point","coordinates":[110.55955,-6.83332]},"properties":{"rate_time":-0.757}},{"type":"Feature","geometry":{"type":"Point","coordinates":[110.54183,-6.83332]},"properties":{"rate_time":-0.143}},{"type":"Feature","geometry":{"type":"Point","coordinates":[110.55928,-6.83331]},"properties":{"rate_time":-0.376}},{"type":"Feature","geometry":{"type":"Point","coordinates":[110.56153,-6.83331]},"properties":{"rate_time":-0.906}},{"type":"Feature","geometry":{"type":"Point","coordinates":[110.53435,-6.83328]},"properties":{"rate_time":-0.215}},{"type":"Feature","geometry":{"type":"Point","coordinates":[110.54025,-6.83328]},"properties":{"rate_time":0.205}},{"type":"Feature","geometry":{"type":"Point","coordinates":[110.54156,-6.83327]},"properties":{"rate_time":0.033}},{"type":"Feature","geometry":{"type":"Point","coordinates":[110.55764,-6.83325]},"properties":{"rate_time":0.623}},{"type":"Feature","geometry":{"type":"Point","coordinates":[110.5051,-6.90957]},"properties":{"rate_time":-9.192}},{"type":"Feature","geometry":{"type":"Point","coordinates":[110.50498,-6.90933]},"properties":{"rate_time":-8.169}},{"type":"Feature","geometry":{"type":"Point","coordinates":[110.50481,-6.90912]},"properties":{"rate_time":-4.784}},{"type":"Feature","geometry":{"type":"Point","coordinates":[110.50573,-6.90905]},"properties":{"rate_time":-7.472}},{"type":"Feature","geometry":{"type":"Point","coordinates":[110.50463,-6.90891]},"properties":{"rate_time":-4.586}},{"type":"Feature","geometry":{"type":"Point","coordinates":[110.50554,-6.90886]},"properties":{"rate_time":-7.118}},{"type":"Feature","geometry":{"type":"Point","coordinates":[110.50452,-6.90867]},"properties":{"rate_time":-8.089}},{"type":"Feature","geometry":{"type":"Point","coordinates":[110.50553,-6.90862]},"properties":{"rate_time":-6.316}},{"type":"Feature","geometry":{"type":"Point","coordinates":[110.50441,-6.90843]},"properties":{"rate_time":-8.611}},{"type":"Feature","geometry":{"type":"Point","coordinates":[110.50556,-6.90835]},"properties":{"rate_time":0.393}},{"type":"Feature","geometry":{"type":"Point","coordinates":[110.50423,-6.90822]},"properties":{"rate_time":-9.223}},{"type":"Feature","geometry":{"type":"Point","coordinates":[110.50553,-6.90808]},"properties":{"rate_time":-4.205}},{"type":"Feature","geometry":{"type":"Point","coordinates":[110.50405,-6.90802]},"properties":{"rate_time":-8.808}},{"type":"Feature","geometry":{"type":"Point","coordinates":[110.50384,-6.90785]},"properties":{"rate_time":-8.251}},{"type":"Feature","geometry":{"type":"Point","coordinates":[110.50545,-6.90783]},"properties":{"rate_time":-4.315}},{"type":"Feature","geometry":{"type":"Point","coordinates":[110.50358,-6.90778]},"properties":{"rate_time":-8.049}},{"type":"Feature","geometry":{"type":"Point","coordinates":[110.50333,-6.90769]},"properties":{"rate_time":-7.788}},{"type":"Feature","geometry":{"type":"Point","coordinates":[110.50307,-6.90761]},"properties":{"rate_time":-7.73}},{"type":"Feature","geometry":{"type":"Point","coordinates":[110.50532,-6.90759]},"properties":{"rate_time":-4.982}},{"type":"Feature","geometry":{"type":"Point","coordinates":[110.5028,-6.90756]},"properties":{"rate_time":-6.195}},{"type":"Feature","geometry":{"type":"Point","coordinates":[110.50255,-6.90746]},"properties":{"rate_time":-7.861}},{"type":"Feature","geometry":{"type":"Point","coordinates":[110.50516,-6.90738]},"properties":{"rate_time":-4.519}},{"type":"Feature","geometry":{"type":"Point","coordinates":[110.50231,-6.90734]},"properties":{"rate_time":-7.724}},{"type":"Feature","geometry":{"type":"Point","coordinates":[110.50493,-6.90724]},"properties":{"rate_time":-5.809}},{"type":"Feature","geometry":{"type":"Point","coordinates":[110.50207,-6.90722]},"properties":{"rate_time":-7.753}},{"type":"Feature","geometry":{"type":"Point","coordinates":[110.50185,-6.90707]},"properties":{"rate_time":-7.497}},{"type":"Feature","geometry":{"type":"Point","coordinates":[110.50474,-6.90705]},"properties":{"rate_time":-4.717}},{"type":"Feature","geometry":{"type":"Point","coordinates":[110.5016,-6.90695]},"properties":{"rate_time":-7.382}},{"type":"Feature","geometry":{"type":"Point","coordinates":[110.50451,-6.90691]},"properties":{"rate_time":-5.664}},{"type":"Feature","geometry":{"type":"Point","coordinates":[110.50134,-6.90689]},"properties":{"rate_time":-7.363}},{"type":"Feature","geometry":{"type":"Point","coordinates":[110.50107,-6.90685]},"properties":{"rate_time":-7.298}},{"type":"Feature","geometry":{"type":"Point","coordinates":[110.50426,-6.9068]},"properties":{"rate_time":-3.766}},{"type":"Feature","geometry":{"type":"Point","coordinates":[110.50082,-6.90675]},"properties":{"rate_time":-6.9}},{"type":"Feature","geometry":{"type":"Point","coordinates":[110.50401,-6.90669]},"properties":{"rate_time":-3.187}},{"type":"Feature","geometry":{"type":"Point","coordinates":[110.50058,-6.90662]},"properties":{"rate_time":-6.331}},{"type":"Feature","geometry":{"type":"Point","coordinates":[110.50377,-6.90659]},"properties":{"rate_time":-3.882}},{"type":"Feature","geometry":{"type":"Point","coordinates":[110.50351,-6.90651]},"properties":{"rate_time":-3.448}},{"type":"Feature","geometry":{"type":"Point","coordinates":[110.50035,-6.90649]},"properties":{"rate_time":-5.902}},{"type":"Feature","geometry":{"type":"Point","coordinates":[110.50013,-6.90632]},"properties":{"rate_time":-5.19}},{"type":"Feature","geometry":{"type":"Point","coordinates":[110.50333,-6.90631]},"properties":{"rate_time":-2.78}},{"type":"Feature","geometry":{"type":"Point","coordinates":[110.50309,-6.90621]},"properties":{"rate_time":-2.685}},{"type":"Feature","geometry":{"type":"Point","coordinates":[110.49991,-6.90617]},"properties":{"rate_time":-4.684}},{"type":"Feature","geometry":{"type":"Point","coordinates":[110.49966,-6.90608]},"properties":{"rate_time":-4.607}},{"type":"Feature","geometry":{"type":"Point","coordinates":[110.50288,-6.90606]},"properties":{"rate_time":-2.402}},{"type":"Feature","geometry":{"type":"Point","coordinates":[110.49903,-6.90594]},"properties":{"rate_time":-3.878}},{"type":"Feature","geometry":{"type":"Point","coordinates":[110.49877,-6.90592]},"properties":{"rate_time":-4.05}},{"type":"Feature","geometry":{"type":"Point","coordinates":[110.49929,-6.90586]},"properties":{"rate_time":-2.777}},{"type":"Feature","geometry":{"type":"Point","coordinates":[110.49851,-6.90584]},"properties":{"rate_time":-4.156}},{"type":"Feature","geometry":{"type":"Point","coordinates":[110.50768,-6.90584]},"properties":{"rate_time":-5.865}},{"type":"Feature","geometry":{"type":"Point","coordinates":[110.49953,-6.90584]},"properties":{"rate_time":-2.701}},{"type":"Feature","geometry":{"type":"Point","coordinates":[110.50489,-6.90582]},"properties":{"rate_time":-4.471}},{"type":"Feature","geometry":{"type":"Point","coordinates":[110.50462,-6.9058]},"properties":{"rate_time":-4.165}},{"type":"Feature","geometry":{"type":"Point","coordinates":[110.50291,-6.9058]},"properties":{"rate_time":1.338}},{"type":"Feature","geometry":{"type":"Point","coordinates":[110.50493,-6.90576]},"properties":{"rate_time":-4.389}},{"type":"Feature","geometry":{"type":"Point","coordinates":[110.49835,-6.90567]},"properties":{"rate_time":-3.754}},{"type":"Feature","geometry":{"type":"Point","coordinates":[110.50751,-6.90567]},"properties":{"rate_time":-6.307}},{"type":"Feature","geometry":{"type":"Point","coordinates":[110.50313,-6.90566]},"properties":{"rate_time":1.458}},{"type":"Feature","geometry":{"type":"Point","coordinates":[110.50443,-6.90561]},"properties":{"rate_time":-3.087}},{"type":"Feature","geometry":{"type":"Point","coordinates":[110.50334,-6.90551]},"properties":{"rate_time":-0.442}},{"type":"Feature","geometry":{"type":"Point","coordinates":[110.50494,-6.9055]},"properties":{"rate_time":-1.824}},{"type":"Feature","geometry":{"type":"Point","coordinates":[110.4982,-6.90546]},"properties":{"rate_time":-3.162}},{"type":"Feature","geometry":{"type":"Point","coordinates":[110.50358,-6.90542]},"properties":{"rate_time":-2.1}},{"type":"Feature","geometry":{"type":"Point","coordinates":[110.50749,-6.90541]},"properties":{"rate_time":-5.947}},{"type":"Feature","geometry":{"type":"Point","coordinates":[110.49794,-6.9054]},"properties":{"rate_time":-3.526}},{"type":"Feature","geometry":{"type":"Point","coordinates":[110.50814,-6.90539]},"properties":{"rate_time":-0.869}},{"type":"Feature","geometry":{"type":"Point","coordinates":[110.50439,-6.90537]},"properties":{"rate_time":-0.391}},{"type":"Feature","geometry":{"type":"Point","coordinates":[110.4977,-6.90529]},"properties":{"rate_time":-3.744}},{"type":"Feature","geometry":{"type":"Point","coordinates":[110.50477,-6.90529]},"properties":{"rate_time":-5.89}},{"type":"Feature","geometry":{"type":"Point","coordinates":[110.50456,-6.9052]},"properties":{"rate_time":-1.355}},{"type":"Feature","geometry":{"type":"Point","coordinates":[110.50798,-6.90518]},"properties":{"rate_time":-5.868}},{"type":"Feature","geometry":{"type":"Point","coordinates":[110.50371,-6.90518]},"properties":{"rate_time":-1.659}},{"type":"Feature","geometry":{"type":"Point","coordinates":[110.50745,-6.90517]},"properties":{"rate_time":-5.76}},{"type":"Feature","geometry":{"type":"Point","coordinates":[110.50773,-6.90513]},"properties":{"rate_time":-10.338}},{"type":"Feature","geometry":{"type":"Point","coordinates":[110.49748,-6.90513]},"properties":{"rate_time":-3.875}},{"type":"Feature","geometry":{"type":"Point","coordinates":[110.50698,-6.90507]},"properties":{"rate_time":-7.018}},{"type":"Feature","geometry":{"type":"Point","coordinates":[110.50749,-6.90505]},"properties":{"rate_time":-5.922}},{"type":"Feature","geometry":{"type":"Point","coordinates":[110.50725,-6.90505]},"properties":{"rate_time":-6.221}},{"type":"Feature","geometry":{"type":"Point","coordinates":[110.50675,-6.90499]},"properties":{"rate_time":-6.317}},{"type":"Feature","geometry":{"type":"Point","coordinates":[110.49878,-6.90498]},"properties":{"rate_time":0.951}},{"type":"Feature","geometry":{"type":"Point","coordinates":[110.49904,-6.90497]},"properties":{"rate_time":1.687}},{"type":"Feature","geometry":{"type":"Point","coordinates":[110.49728,-6.90497]},"properties":{"rate_time":-4.149}},{"type":"Feature","geometry":{"type":"Point","coordinates":[110.50376,-6.90492]},"properties":{"rate_time":-0.442}},{"type":"Feature","geometry":{"type":"Point","coordinates":[110.49852,-6.90491]},"properties":{"rate_time":0.255}},{"type":"Feature","geometry":{"type":"Point","coordinates":[110.49927,-6.90484]},"properties":{"rate_time":2.524}},{"type":"Feature","geometry":{"type":"Point","coordinates":[110.50738,-6.90483]},"properties":{"rate_time":-11.537}},{"type":"Feature","geometry":{"type":"Point","coordinates":[110.49826,-6.90481]},"properties":{"rate_time":-0.121}},{"type":"Feature","geometry":{"type":"Point","coordinates":[110.50675,-6.90472]},"properties":{"rate_time":-6.228}},{"type":"Feature","geometry":{"type":"Point","coordinates":[110.49734,-6.90471]},"properties":{"rate_time":-2.569}},{"type":"Feature","geometry":{"type":"Point","coordinates":[110.49802,-6.90469]},"properties":{"rate_time":-0.406}},{"type":"Feature","geometry":{"type":"Point","coordinates":[110.50368,-6.90466]},"properties":{"rate_time":0.616}},{"type":"Feature","geometry":{"type":"Point","coordinates":[110.49945,-6.90464]},"properties":{"rate_time":3.307}},{"type":"Feature","geometry":{"type":"Point","coordinates":[110.50727,-6.90459]},"properties":{"rate_time":-11.475}},{"type":"Feature","geometry":{"type":"Point","coordinates":[110.49779,-6.90456]},"properties":{"rate_time":-1.022}},{"type":"Feature","geometry":{"type":"Point","coordinates":[110.50594,-6.90455]},"properties":{"rate_time":-8.596}},{"type":"Feature","geometry":{"type":"Point","coordinates":[110.50842,-6.90452]},"properties":{"rate_time":-4.857}},{"type":"Feature","geometry":{"type":"Point","coordinates":[110.49754,-6.90452]},"properties":{"rate_time":-1.72}},{"type":"Feature","geometry":{"type":"Point","coordinates":[110.50568,-6.90452]},"properties":{"rate_time":-6.861}},{"type":"Feature","geometry":{"type":"Point","coordinates":[110.50684,-6.90446]},"properties":{"rate_time":-5.783}},{"type":"Feature","geometry":{"type":"Point","coordinates":[110.50368,-6.90444]},"properties":{"rate_time":0.76}},{"type":"Feature","geometry":{"type":"Point","coordinates":[110.49961,-6.90442]},"properties":{"rate_time":3.954}},{"type":"Feature","geometry":{"type":"Point","coordinates":[110.50709,-6.90439]},"properties":{"rate_time":-6.697}},{"type":"Feature","geometry":{"type":"Point","coordinates":[110.50545,-6.90438]},"properties":{"rate_time":-6.787}},{"type":"Feature","geometry":{"type":"Point","coordinates":[110.50608,-6.90437]},"properties":{"rate_time":-1.506}},{"type":"Feature","geometry":{"type":"Point","coordinates":[110.50823,-6.90435]},"properties":{"rate_time":-4.751}},{"type":"Feature","geometry":{"type":"Point","coordinates":[110.5039,-6.90431]},"properties":{"rate_time":0.273}},{"type":"Feature","geometry":{"type":"Point","coordinates":[110.50524,-6.9042]},"properties":{"rate_time":-0.561}},{"type":"Feature","geometry":{"type":"Point","coordinates":[110.49974,-6.90418]},"properties":{"rate_time":4.912}},{"type":"Feature","geometry":{"type":"Point","coordinates":[110.50803,-6.90417]},"properties":{"rate_time":-3.568}},{"type":"Feature","geometry":{"type":"Point","coordinates":[110.50606,-6.90411]},"properties":{"rate_time":-1.784}},{"type":"Feature","geometry":{"type":"Point","coordinates":[110.50393,-6.90408]},"properties":{"rate_time":-1.304}},{"type":"Feature","geometry":{"type":"Point","coordinates":[110.5086,-6.90407]},"properties":{"rate_time":-5.62}},{"type":"Feature","geometry":{"type":"Point","coordinates":[110.50504,-6.90402]},"properties":{"rate_time":1.023}},{"type":"Feature","geometry":{"type":"Point","coordinates":[110.49984,-6.90393]},"properties":{"rate_time":5.115}},{"type":"Feature","geometry":{"type":"Point","coordinates":[110.50798,-6.90391]},"properties":{"rate_time":-5.66}},{"type":"Feature","geometry":{"type":"Point","coordinates":[110.50376,-6.9039]},"properties":{"rate_time":-0.185}},{"type":"Feature","geometry":{"type":"Point","coordinates":[110.50593,-6.90387]},"properties":{"rate_time":-2.656}},{"type":"Feature","geometry":{"type":"Point","coordinates":[110.50482,-6.90386]},"properties":{"rate_time":1.468}},{"type":"Feature","geometry":{"type":"Point","coordinates":[110.50351,-6.90385]},"properties":{"rate_time":-1.218}},{"type":"Feature","geometry":{"type":"Point","coordinates":[110.50847,-6.90383]},"properties":{"rate_time":-5.683}},{"type":"Feature","geometry":{"type":"Point","coordinates":[110.50002,-6.90373]},"properties":{"rate_time":4.539}},{"type":"Feature","geometry":{"type":"Point","coordinates":[110.5046,-6.9037]},"properties":{"rate_time":-0.662}},{"type":"Feature","geometry":{"type":"Point","coordinates":[110.50781,-6.90369]},"properties":{"rate_time":-5.211}},{"type":"Feature","geometry":{"type":"Point","coordinates":[110.50826,-6.90366]},"properties":{"rate_time":-4.939}},{"type":"Feature","geometry":{"type":"Point","coordinates":[110.50577,-6.90365]},"properties":{"rate_time":-1.311}},{"type":"Feature","geometry":{"type":"Point","coordinates":[110.50699,-6.90364]},"properties":{"rate_time":-1.352}},{"type":"Feature","geometry":{"type":"Point","coordinates":[110.50335,-6.90363]},"properties":{"rate_time":-1.101}},{"type":"Feature","geometry":{"type":"Point","coordinates":[110.50673,-6.90357]},"properties":{"rate_time":-4.778}},{"type":"Feature","geometry":{"type":"Point","coordinates":[110.50717,-6.90354]},"properties":{"rate_time":-4.656}},{"type":"Feature","geometry":{"type":"Point","coordinates":[110.5076,-6.90352]},"properties":{"rate_time":-5.093}},{"type":"Feature","geometry":{"type":"Point","coordinates":[110.50019,-6.90352]},"properties":{"rate_time":2.523}},{"type":"Feature","geometry":{"type":"Point","coordinates":[110.50441,-6.9035]},"properties":{"rate_time":-0.835}},{"type":"Feature","geometry":{"type":"Point","coordinates":[110.50555,-6.9035]},"properties":{"rate_time":-0.962}},{"type":"Feature","geometry":{"type":"Point","coordinates":[110.50647,-6.90347]},"properties":{"rate_time":-2.888}},{"type":"Feature","geometry":{"type":"Point","coordinates":[110.50808,-6.90346]},"properties":{"rate_time":-4.411}},{"type":"Feature","geometry":{"type":"Point","coordinates":[110.50531,-6.90338]},"properties":{"rate_time":-6.219}},{"type":"Feature","geometry":{"type":"Point","coordinates":[110.50342,-6.90337]},"properties":{"rate_time":-0.37}},{"type":"Feature","geometry":{"type":"Point","coordinates":[110.50623,-6.90335]},"properties":{"rate_time":0.985}},{"type":"Feature","geometry":{"type":"Point","coordinates":[110.50037,-6.90331]},"properties":{"rate_time":2.979}},{"type":"Feature","geometry":{"type":"Point","coordinates":[110.50744,-6.90331]},"properties":{"rate_time":-5.438}},{"type":"Feature","geometry":{"type":"Point","coordinates":[110.50728,-6.9033]},"properties":{"rate_time":-5.139}},{"type":"Feature","geometry":{"type":"Point","coordinates":[110.50506,-6.90328]},"properties":{"rate_time":5.338}},{"type":"Feature","geometry":{"type":"Point","coordinates":[110.50434,-6.90327]},"properties":{"rate_time":-1.416}},{"type":"Feature","geometry":{"type":"Point","coordinates":[110.50799,-6.90322]},"properties":{"rate_time":-3.86}},{"type":"Feature","geometry":{"type":"Point","coordinates":[110.5048,-6.9032]},"properties":{"rate_time":1.07}},{"type":"Feature","geometry":{"type":"Point","coordinates":[110.50454,-6.90315]},"properties":{"rate_time":0.731}},{"type":"Feature","geometry":{"type":"Point","coordinates":[110.50605,-6.90315]},"properties":{"rate_time":0.748}},{"type":"Feature","geometry":{"type":"Point","coordinates":[110.50055,-6.90311]},"properties":{"rate_time":2.752}},{"type":"Feature","geometry":{"type":"Point","coordinates":[110.50337,-6.90311]},"properties":{"rate_time":-0.303}},{"type":"Feature","geometry":{"type":"Point","coordinates":[110.50585,-6.90299]},"properties":{"rate_time":0.136}},{"type":"Feature","geometry":{"type":"Point","coordinates":[110.50792,-6.90296]},"properties":{"rate_time":-4.121}},{"type":"Feature","geometry":{"type":"Point","coordinates":[110.50073,-6.90291]},"properties":{"rate_time":4.64}},{"type":"Feature","geometry":{"type":"Point","coordinates":[110.50665,-6.90287]},"properties":{"rate_time":-2.891}},{"type":"Feature","geometry":{"type":"Point","coordinates":[110.50561,-6.90287]},"properties":{"rate_time":0.456}},{"type":"Feature","geometry":{"type":"Point","coordinates":[110.50691,-6.90286]},"properties":{"rate_time":-3.599}},{"type":"Feature","geometry":{"type":"Point","coordinates":[110.50328,-6.90285]},"properties":{"rate_time":-0.114}},{"type":"Feature","geometry":{"type":"Point","coordinates":[110.5064,-6.90277]},"properties":{"rate_time":-0.154}},{"type":"Feature","geometry":{"type":"Point","coordinates":[110.50683,-6.90276]},"properties":{"rate_time":-3.266}},{"type":"Feature","geometry":{"type":"Point","coordinates":[110.50538,-6.90272]},"properties":{"rate_time":-1.66}},{"type":"Feature","geometry":{"type":"Point","coordinates":[110.5078,-6.90271]},"properties":{"rate_time":-4.024}},{"type":"Feature","geometry":{"type":"Point","coordinates":[110.50091,-6.9027]},"properties":{"rate_time":-6.752}},{"type":"Feature","geometry":{"type":"Point","coordinates":[110.50618,-6.90262]},"properties":{"rate_time":-0.091}},{"type":"Feature","geometry":{"type":"Point","coordinates":[110.50318,-6.9026]},"properties":{"rate_time":0.319}},{"type":"Feature","geometry":{"type":"Point","coordinates":[110.50662,-6.90259]},"properties":{"rate_time":-3.701}},{"type":"Feature","geometry":{"type":"Point","coordinates":[110.50525,-6.9025]},"properties":{"rate_time":-3.541}},{"type":"Feature","geometry":{"type":"Point","coordinates":[110.50107,-6.90249]},"properties":{"rate_time":-15.403}},{"type":"Feature","geometry":{"type":"Point","coordinates":[110.50769,-6.90247]},"properties":{"rate_time":-5.893}},{"type":"Feature","geometry":{"type":"Point","coordinates":[110.50601,-6.90242]},"properties":{"rate_time":0.005}},{"type":"Feature","geometry":{"type":"Point","coordinates":[110.50644,-6.90239]},"properties":{"rate_time":-1.845}},{"type":"Feature","geometry":{"type":"Point","coordinates":[110.50314,-6.90233]},"properties":{"rate_time":0.903}},{"type":"Feature","geometry":{"type":"Point","coordinates":[110.50536,-6.90226]},"properties":{"rate_time":-2.994}},{"type":"Feature","geometry":{"type":"Point","coordinates":[110.50755,-6.90224]},"properties":{"rate_time":-5.546}},{"type":"Feature","geometry":{"type":"Point","coordinates":[110.50112,-6.90223]},"properties":{"rate_time":-18.072}},{"type":"Feature","geometry":{"type":"Point","coordinates":[110.50586,-6.90222]},"properties":{"rate_time":0.628}},{"type":"Feature","geometry":{"type":"Point","coordinates":[110.50624,-6.9022]},"properties":{"rate_time":-0.741}},{"type":"Feature","geometry":{"type":"Point","coordinates":[110.50561,-6.90217]},"properties":{"rate_time":-2.738}},{"type":"Feature","geometry":{"type":"Point","coordinates":[110.50304,-6.90208]},"properties":{"rate_time":0.999}},{"type":"Feature","geometry":{"type":"Point","coordinates":[110.50735,-6.90205]},"properties":{"rate_time":-8.038}},{"type":"Feature","geometry":{"type":"Point","coordinates":[110.50604,-6.90202]},"properties":{"rate_time":0.072}},{"type":"Feature","geometry":{"type":"Point","coordinates":[110.5028,-6.902]},"properties":{"rate_time":0.812}},{"type":"Feature","geometry":{"type":"Point","coordinates":[110.50106,-6.90197]},"properties":{"rate_time":-14.927}},{"type":"Feature","geometry":{"type":"Point","coordinates":[110.50257,-6.90186]},"properties":{"rate_time":0.879}},{"type":"Feature","geometry":{"type":"Point","coordinates":[110.50718,-6.90184]},"properties":{"rate_time":-8.532}},{"type":"Feature","geometry":{"type":"Point","coordinates":[110.50594,-6.90177]},"properties":{"rate_time":-2.428}},{"type":"Feature","geometry":{"type":"Point","coordinates":[110.50103,-6.9017]},"properties":{"rate_time":5.584}},{"type":"Feature","geometry":{"type":"Point","coordinates":[110.50243,-6.90165]},"properties":{"rate_time":1.074}},{"type":"Feature","geometry":{"type":"Point","coordinates":[110.50702,-6.90163]},"properties":{"rate_time":-8.467}},{"type":"Feature","geometry":{"type":"Point","coordinates":[110.50576,-6.90157]},"properties":{"rate_time":-2.591}},{"type":"Feature","geometry":{"type":"Point","coordinates":[110.50111,-6.90144]},"properties":{"rate_time":4.613}},{"type":"Feature","geometry":{"type":"Point","coordinates":[110.50686,-6.90141]},"properties":{"rate_time":-5.41}},{"type":"Feature","geometry":{"type":"Point","coordinates":[110.50555,-6.90141]},"properties":{"rate_time":-3.05}},{"type":"Feature","geometry":{"type":"Point","coordinates":[110.50244,-6.90138]},"properties":{"rate_time":1.816}},{"type":"Feature","geometry":{"type":"Point","coordinates":[110.50532,-6.90126]},"properties":{"rate_time":-2.955}},{"type":"Feature","geometry":{"type":"Point","coordinates":[110.50125,-6.90121]},"properties":{"rate_time":3.668}},{"type":"Feature","geometry":{"type":"Point","coordinates":[110.50667,-6.90121]},"properties":{"rate_time":-4.264}},{"type":"Feature","geometry":{"type":"Point","coordinates":[110.50242,-6.90111]},"properties":{"rate_time":2.66}},{"type":"Feature","geometry":{"type":"Point","coordinates":[110.50512,-6.90108]},"properties":{"rate_time":-2.137}},{"type":"Feature","geometry":{"type":"Point","coordinates":[110.50649,-6.90101]},"properties":{"rate_time":-2.9}},{"type":"Feature","geometry":{"type":"Point","coordinates":[110.50751,-6.901]},"properties":{"rate_time":3.927}},{"type":"Feature","geometry":{"type":"Point","coordinates":[110.50773,-6.90098]},"properties":{"rate_time":1.399}},{"type":"Feature","geometry":{"type":"Point","coordinates":[110.50126,-6.90094]},"properties":{"rate_time":2.684}},{"type":"Feature","geometry":{"type":"Point","coordinates":[110.50232,-6.90087]},"properties":{"rate_time":0.298}},{"type":"Feature","geometry":{"type":"Point","coordinates":[110.50497,-6.90086]},"properties":{"rate_time":-1.434}},{"type":"Feature","geometry":{"type":"Point","coordinates":[110.50729,-6.90084]},"properties":{"rate_time":2.694}},{"type":"Feature","geometry":{"type":"Point","coordinates":[110.50773,-6.90076]},"properties":{"rate_time":1.782}},{"type":"Feature","geometry":{"type":"Point","coordinates":[110.50644,-6.90076]},"properties":{"rate_time":-2.668}},{"type":"Feature","geometry":{"type":"Point","coordinates":[110.5012,-6.90068]},"properties":{"rate_time":2.242}},{"type":"Feature","geometry":{"type":"Point","coordinates":[110.50708,-6.90066]},"properties":{"rate_time":6.083}},{"type":"Feature","geometry":{"type":"Point","coordinates":[110.50216,-6.90065]},"properties":{"rate_time":0.021}},{"type":"Feature","geometry":{"type":"Point","coordinates":[110.50486,-6.90062]},"properties":{"rate_time":-1.254}},{"type":"Feature","geometry":{"type":"Point","coordinates":[110.50757,-6.90055]},"properties":{"rate_time":-0.254}},{"type":"Feature","geometry":{"type":"Point","coordinates":[110.50657,-6.90055]},"properties":{"rate_time":-2.237}},{"type":"Feature","geometry":{"type":"Point","coordinates":[110.50684,-6.90054]},"properties":{"rate_time":2.349}},{"type":"Feature","geometry":{"type":"Point","coordinates":[110.50194,-6.90049]},"properties":{"rate_time":-0.18}},{"type":"Feature","geometry":{"type":"Point","coordinates":[110.50167,-6.90044]},"properties":{"rate_time":0.206}},{"type":"Feature","geometry":{"type":"Point","coordinates":[110.50122,-6.90041]},"properties":{"rate_time":1.743}},{"type":"Feature","geometry":{"type":"Point","coordinates":[110.50737,-6.90037]},"properties":{"rate_time":3.589}},{"type":"Feature","geometry":{"type":"Point","coordinates":[110.50496,-6.90037]},"properties":{"rate_time":-1.93}},{"type":"Feature","geometry":{"type":"Point","coordinates":[110.50143,-6.90031]},"properties":{"rate_time":0.49}},{"type":"Feature","geometry":{"type":"Point","coordinates":[110.50519,-6.90024]},"properties":{"rate_time":-2.102}},{"type":"Feature","geometry":{"type":"Point","coordinates":[110.50735,-6.9001]},"properties":{"rate_time":7.98}},{"type":"Feature","geometry":{"type":"Point","coordinates":[110.50541,-6.90007]},"properties":{"rate_time":-1.064}},{"type":"Feature","geometry":{"type":"Point","coordinates":[110.50565,-6.89994]},"properties":{"rate_time":-0.763}},{"type":"Feature","geometry":{"type":"Point","coordinates":[110.50745,-6.89985]},"properties":{"rate_time":8.564}},{"type":"Feature","geometry":{"type":"Point","coordinates":[110.50583,-6.89976]},"properties":{"rate_time":0.029}},{"type":"Feature","geometry":{"type":"Point","coordinates":[110.50678,-6.89968]},"properties":{"rate_time":-2.824}},{"type":"Feature","geometry":{"type":"Point","coordinates":[110.50651,-6.89967]},"properties":{"rate_time":-3.605}},{"type":"Feature","geometry":{"type":"Point","coordinates":[110.5075,-6.89959]},"properties":{"rate_time":10.368}},{"type":"Feature","geometry":{"type":"Point","coordinates":[110.50701,-6.89954]},"properties":{"rate_time":4.45}},{"type":"Feature","geometry":{"type":"Point","coordinates":[110.50598,-6.89953]},"properties":{"rate_time":-4.78}},{"type":"Feature","geometry":{"type":"Point","coordinates":[110.50634,-6.89948]},"properties":{"rate_time":-3.997}},{"type":"Feature","geometry":{"type":"Point","coordinates":[110.5077,-6.89941]},"properties":{"rate_time":10.264}},{"type":"Feature","geometry":{"type":"Point","coordinates":[110.50619,-6.89937]},"properties":{"rate_time":-4.363}},{"type":"Feature","geometry":{"type":"Point","coordinates":[110.50721,-6.89936]},"properties":{"rate_time":7.144}},{"type":"Feature","geometry":{"type":"Point","coordinates":[110.50788,-6.8992]},"properties":{"rate_time":11.726}},{"type":"Feature","geometry":{"type":"Point","coordinates":[110.50726,-6.89911]},"properties":{"rate_time":6.401}},{"type":"Feature","geometry":{"type":"Point","coordinates":[110.50803,-6.89898]},"properties":{"rate_time":9.269}},{"type":"Feature","geometry":{"type":"Point","coordinates":[110.50734,-6.89886]},"properties":{"rate_time":7.235}},{"type":"Feature","geometry":{"type":"Point","coordinates":[110.50809,-6.89872]},"properties":{"rate_time":3.982}},{"type":"Feature","geometry":{"type":"Point","coordinates":[110.50751,-6.89865]},"properties":{"rate_time":10.606}},{"type":"Feature","geometry":{"type":"Point","coordinates":[110.50814,-6.89845]},"properties":{"rate_time":3.244}},{"type":"Feature","geometry":{"type":"Point","coordinates":[110.50767,-6.89843]},"properties":{"rate_time":8.805}},{"type":"Feature","geometry":{"type":"Point","coordinates":[110.50823,-6.8982]},"properties":{"rate_time":1.791}},{"type":"Feature","geometry":{"type":"Point","coordinates":[110.50778,-6.89818]},"properties":{"rate_time":8.151}},{"type":"Feature","geometry":{"type":"Point","coordinates":[110.50814,-6.89796]},"properties":{"rate_time":1.751}},{"type":"Feature","geometry":{"type":"Point","coordinates":[110.50789,-6.89794]},"properties":{"rate_time":2.138}},{"type":"Feature","geometry":{"type":"Point","coordinates":[110.50744,-6.89654]},"properties":{"rate_time":0.987}},{"type":"Feature","geometry":{"type":"Point","coordinates":[110.50767,-6.89646]},"properties":{"rate_time":1.903}},{"type":"Feature","geometry":{"type":"Point","coordinates":[110.50725,-6.89639]},"properties":{"rate_time":3.286}},{"type":"Feature","geometry":{"type":"Point","coordinates":[110.5078,-6.89622]},"properties":{"rate_time":2.826}},{"type":"Feature","geometry":{"type":"Point","coordinates":[110.50709,-6.89617]},"properties":{"rate_time":2.089}},{"type":"Feature","geometry":{"type":"Point","coordinates":[110.50795,-6.896]},"properties":{"rate_time":-5.664}},{"type":"Feature","geometry":{"type":"Point","coordinates":[110.50691,-6.89597]},"properties":{"rate_time":3.211}},{"type":"Feature","geometry":{"type":"Point","coordinates":[110.50813,-6.89579]},"properties":{"rate_time":-19.327}},{"type":"Feature","geometry":{"type":"Point","coordinates":[110.50673,-6.89576]},"properties":{"rate_time":1.525}},{"type":"Feature","geometry":{"type":"Point","coordinates":[110.50659,-6.89553]},"properties":{"rate_time":1.096}},{"type":"Feature","geometry":{"type":"Point","coordinates":[110.5065,-6.89527]},"properties":{"rate_time":-0.001}},{"type":"Feature","geometry":{"type":"Point","coordinates":[110.5065,-6.89501]},"properties":{"rate_time":0.48}},{"type":"Feature","geometry":{"type":"Point","coordinates":[110.5066,-6.89476]},"properties":{"rate_time":1.853}},{"type":"Feature","geometry":{"type":"Point","coordinates":[110.50679,-6.89457]},"properties":{"rate_time":1.88}},{"type":"Feature","geometry":{"type":"Point","coordinates":[110.50705,-6.8945]},"properties":{"rate_time":3.591}},{"type":"Feature","geometry":{"type":"Point","coordinates":[110.5072,-6.89433]},"properties":{"rate_time":3.926}},{"type":"Feature","geometry":{"type":"Point","coordinates":[110.50709,-6.8941]},"properties":{"rate_time":3.44}},{"type":"Feature","geometry":{"type":"Point","coordinates":[110.50694,-6.89388]},"properties":{"rate_time":2.725}},{"type":"Feature","geometry":{"type":"Point","coordinates":[110.50702,-6.89362]},"properties":{"rate_time":1.833}},{"type":"Feature","geometry":{"type":"Point","coordinates":[110.50708,-6.89335]},"properties":{"rate_time":1.241}},{"type":"Feature","geometry":{"type":"Point","coordinates":[110.50696,-6.89312]},"properties":{"rate_time":0.674}},{"type":"Feature","geometry":{"type":"Point","coordinates":[110.50682,-6.89288]},"properties":{"rate_time":1.07}},{"type":"Feature","geometry":{"type":"Point","coordinates":[110.50674,-6.89263]},"properties":{"rate_time":0.468}},{"type":"Feature","geometry":{"type":"Point","coordinates":[110.50666,-6.89238]},"properties":{"rate_time":0.137}},{"type":"Feature","geometry":{"type":"Point","coordinates":[110.50651,-6.89215]},"properties":{"rate_time":-0.071}},{"type":"Feature","geometry":{"type":"Point","coordinates":[110.50633,-6.89195]},"properties":{"rate_time":-0.356}},{"type":"Feature","geometry":{"type":"Point","coordinates":[110.50388,-6.8918]},"properties":{"rate_time":-12.351}},{"type":"Feature","geometry":{"type":"Point","coordinates":[110.50612,-6.89178]},"properties":{"rate_time":-0.25}},{"type":"Feature","geometry":{"type":"Point","coordinates":[110.50414,-6.89174]},"properties":{"rate_time":-12.608}},{"type":"Feature","geometry":{"type":"Point","coordinates":[110.5059,-6.89163]},"properties":{"rate_time":-0.095}},{"type":"Feature","geometry":{"type":"Point","coordinates":[110.50428,-6.89161]},"properties":{"rate_time":-11.858}},{"type":"Feature","geometry":{"type":"Point","coordinates":[110.50383,-6.8916]},"properties":{"rate_time":-11.717}},{"type":"Feature","geometry":{"type":"Point","coordinates":[110.50566,-6.89149]},"properties":{"rate_time":-0.007}},{"type":"Feature","geometry":{"type":"Point","coordinates":[110.50451,-6.89146]},"properties":{"rate_time":-3.073}},{"type":"Feature","geometry":{"type":"Point","coordinates":[110.50477,-6.89139]},"properties":{"rate_time":1.264}},{"type":"Feature","geometry":{"type":"Point","coordinates":[110.50394,-6.89135]},"properties":{"rate_time":-11.218}},{"type":"Feature","geometry":{"type":"Point","coordinates":[110.50545,-6.89132]},"properties":{"rate_time":0.276}},{"type":"Feature","geometry":{"type":"Point","coordinates":[110.505,-6.89129]},"properties":{"rate_time":1.955}},{"type":"Feature","geometry":{"type":"Point","coordinates":[110.50527,-6.89113]},"properties":{"rate_time":0.906}},{"type":"Feature","geometry":{"type":"Point","coordinates":[110.50405,-6.8911]},"properties":{"rate_time":-10.543}},{"type":"Feature","geometry":{"type":"Point","coordinates":[110.50512,-6.89108]},"properties":{"rate_time":1.411}},{"type":"Feature","geometry":{"type":"Point","coordinates":[110.50419,-6.89087]},"properties":{"rate_time":-9.086}},{"type":"Feature","geometry":{"type":"Point","coordinates":[110.50528,-6.89086]},"properties":{"rate_time":0.448}},{"type":"Feature","geometry":{"type":"Point","coordinates":[110.50503,-6.89083]},"properties":{"rate_time":0.04}},{"type":"Feature","geometry":{"type":"Point","coordinates":[110.50546,-6.89065]},"properties":{"rate_time":-0.969}},{"type":"Feature","geometry":{"type":"Point","coordinates":[110.50485,-6.89063]},"properties":{"rate_time":-0.735}},{"type":"Feature","geometry":{"type":"Point","coordinates":[110.50431,-6.89063]},"properties":{"rate_time":-2.213}},{"type":"Feature","geometry":{"type":"Point","coordinates":[110.50569,-6.89051]},"properties":{"rate_time":-1.86}},{"type":"Feature","geometry":{"type":"Point","coordinates":[110.5045,-6.89044]},"properties":{"rate_time":-0.602}},{"type":"Feature","geometry":{"type":"Point","coordinates":[110.50594,-6.89042]},"properties":{"rate_time":-1.544}},{"type":"Feature","geometry":{"type":"Point","coordinates":[110.5047,-6.89041]},"properties":{"rate_time":-0.173}},{"type":"Feature","geometry":{"type":"Point","coordinates":[110.50616,-6.89029]},"properties":{"rate_time":-1.18}},{"type":"Feature","geometry":{"type":"Point","coordinates":[110.50626,-6.89004]},"properties":{"rate_time":-0.972}},{"type":"Feature","geometry":{"type":"Point","coordinates":[110.5121,-6.88981]},"properties":{"rate_time":-25.405}},{"type":"Feature","geometry":{"type":"Point","coordinates":[110.50618,-6.88979]},"properties":{"rate_time":-2.519}},{"type":"Feature","geometry":{"type":"Point","coordinates":[110.51188,-6.88969]},"properties":{"rate_time":-20.616}},{"type":"Feature","geometry":{"type":"Point","coordinates":[110.5083,-6.8896]},"properties":{"rate_time":-12.506}},{"type":"Feature","geometry":{"type":"Point","coordinates":[110.51166,-6.8896]},"properties":{"rate_time":-18.962}},{"type":"Feature","geometry":{"type":"Point","coordinates":[110.50807,-6.88956]},"properties":{"rate_time":-12.373}},{"type":"Feature","geometry":{"type":"Point","coordinates":[110.50629,-6.88954]},"properties":{"rate_time":-4.865}},{"type":"Feature","geometry":{"type":"Point","coordinates":[110.50848,-6.88944]},"properties":{"rate_time":-13.899}},{"type":"Feature","geometry":{"type":"Point","coordinates":[110.50714,-6.88943]},"properties":{"rate_time":-7.755}},{"type":"Feature","geometry":{"type":"Point","coordinates":[110.50785,-6.88939]},"properties":{"rate_time":-12.096}},{"type":"Feature","geometry":{"type":"Point","coordinates":[110.5069,-6.88936]},"properties":{"rate_time":-13.231}},{"type":"Feature","geometry":{"type":"Point","coordinates":[110.51168,-6.88935]},"properties":{"rate_time":-18.511}},{"type":"Feature","geometry":{"type":"Point","coordinates":[110.50645,-6.88931]},"properties":{"rate_time":-8.331}},{"type":"Feature","geometry":{"type":"Point","coordinates":[110.50761,-6.88927]},"properties":{"rate_time":-12.798}},{"type":"Feature","geometry":{"type":"Point","coordinates":[110.50735,-6.88926]},"properties":{"rate_time":-12.19}},{"type":"Feature","geometry":{"type":"Point","coordinates":[110.50666,-6.88924]},"properties":{"rate_time":-13.049}},{"type":"Feature","geometry":{"type":"Point","coordinates":[110.50851,-6.88918]},"properties":{"rate_time":-13.655}},{"type":"Feature","geometry":{"type":"Point","coordinates":[110.51177,-6.88909]},"properties":{"rate_time":10.341}},{"type":"Feature","geometry":{"type":"Point","coordinates":[110.5084,-6.88893]},"properties":{"rate_time":-15.163}},{"type":"Feature","geometry":{"type":"Point","coordinates":[110.5119,-6.88886]},"properties":{"rate_time":8.469}},{"type":"Feature","geometry":{"type":"Point","coordinates":[110.50823,-6.88872]},"properties":{"rate_time":-14.76}},{"type":"Feature","geometry":{"type":"Point","coordinates":[110.51208,-6.88867]},"properties":{"rate_time":2.435}},{"type":"Feature","geometry":{"type":"Point","coordinates":[110.5123,-6.8885]},"properties":{"rate_time":-18.875}},{"type":"Feature","geometry":{"type":"Point","coordinates":[110.50811,-6.88848]},"properties":{"rate_time":-16.222}},{"type":"Feature","geometry":{"type":"Point","coordinates":[110.51136,-6.88839]},"properties":{"rate_time":2.167}},{"type":"Feature","geometry":{"type":"Point","coordinates":[110.50831,-6.88836]},"properties":{"rate_time":-16.606}},{"type":"Feature","geometry":{"type":"Point","coordinates":[110.51109,-6.88835]},"properties":{"rate_time":-2.279}},{"type":"Feature","geometry":{"type":"Point","coordinates":[110.51163,-6.88835]},"properties":{"rate_time":6.845}},{"type":"Feature","geometry":{"type":"Point","coordinates":[110.51083,-6.8883]},"properties":{"rate_time":-2.611}},{"type":"Feature","geometry":{"type":"Point","coordinates":[110.50856,-6.88828]},"properties":{"rate_time":-14.494}},{"type":"Feature","geometry":{"type":"Point","coordinates":[110.51056,-6.88827]},"properties":{"rate_time":-2.655}},{"type":"Feature","geometry":{"type":"Point","coordinates":[110.51187,-6.88824]},"properties":{"rate_time":-17.021}},{"type":"Feature","geometry":{"type":"Point","coordinates":[110.51233,-6.88824]},"properties":{"rate_time":-18.836}},{"type":"Feature","geometry":{"type":"Point","coordinates":[110.51213,-6.88816]},"properties":{"rate_time":-17.993}},{"type":"Feature","geometry":{"type":"Point","coordinates":[110.51032,-6.88815]},"properties":{"rate_time":2.643}},{"type":"Feature","geometry":{"type":"Point","coordinates":[110.50874,-6.8881]},"properties":{"rate_time":-15.122}},{"type":"Feature","geometry":{"type":"Point","coordinates":[110.51008,-6.88803]},"properties":{"rate_time":-4.001}},{"type":"Feature","geometry":{"type":"Point","coordinates":[110.50986,-6.88788]},"properties":{"rate_time":5.182}},{"type":"Feature","geometry":{"type":"Point","coordinates":[110.50872,-6.88784]},"properties":{"rate_time":-13.263}},{"type":"Feature","geometry":{"type":"Point","coordinates":[110.50857,-6.88761]},"properties":{"rate_time":-12.557}},{"type":"Feature","geometry":{"type":"Point","coordinates":[110.50981,-6.88761]},"properties":{"rate_time":-0.202}},{"type":"Feature","geometry":{"type":"Point","coordinates":[110.50838,-6.88743]},"properties":{"rate_time":-11.758}},{"type":"Feature","geometry":{"type":"Point","coordinates":[110.50994,-6.88738]},"properties":{"rate_time":3.337}},{"type":"Feature","geometry":{"type":"Point","coordinates":[110.50814,-6.8873]},"properties":{"rate_time":-13.397}},{"type":"Feature","geometry":{"type":"Point","coordinates":[110.50789,-6.88719]},"properties":{"rate_time":-12.99}},{"type":"Feature","geometry":{"type":"Point","coordinates":[110.51006,-6.88713]},"properties":{"rate_time":2.157}},{"type":"Feature","geometry":{"type":"Point","coordinates":[110.50765,-6.88708]},"properties":{"rate_time":-11.216}},{"type":"Feature","geometry":{"type":"Point","coordinates":[110.51029,-6.88705]},"properties":{"rate_time":0.807}},{"type":"Feature","geometry":{"type":"Point","coordinates":[110.51055,-6.88698]},"properties":{"rate_time":-0.334}},{"type":"Feature","geometry":{"type":"Point","coordinates":[110.5074,-6.88696]},"properties":{"rate_time":-13.231}},{"type":"Feature","geometry":{"type":"Point","coordinates":[110.51082,-6.88693]},"properties":{"rate_time":-1.263}},{"type":"Feature","geometry":{"type":"Point","coordinates":[110.51092,-6.88677]},"properties":{"rate_time":-1.994}},{"type":"Feature","geometry":{"type":"Point","coordinates":[110.50725,-6.88675]},"properties":{"rate_time":-10.527}},{"type":"Feature","geometry":{"type":"Point","coordinates":[110.51074,-6.88656]},"properties":{"rate_time":-2.092}},{"type":"Feature","geometry":{"type":"Point","coordinates":[110.5073,-6.88649]},"properties":{"rate_time":-8.673}},{"type":"Feature","geometry":{"type":"Point","coordinates":[110.51052,-6.88643]},"properties":{"rate_time":-0.478}},{"type":"Feature","geometry":{"type":"Point","coordinates":[110.5103,-6.8863]},"properties":{"rate_time":0.988}},{"type":"Feature","geometry":{"type":"Point","coordinates":[110.50745,-6.88627]},"properties":{"rate_time":-2.671}},{"type":"Feature","geometry":{"type":"Point","coordinates":[110.51011,-6.88612]},"properties":{"rate_time":1.064}},{"type":"Feature","geometry":{"type":"Point","coordinates":[110.50754,-6.88601]},"properties":{"rate_time":-2.303}},{"type":"Feature","geometry":{"type":"Point","coordinates":[110.50986,-6.88599]},"properties":{"rate_time":1.604}},{"type":"Feature","geometry":{"type":"Point","coordinates":[110.50895,-6.88585]},"properties":{"rate_time":-1.624}},{"type":"Feature","geometry":{"type":"Point","coordinates":[110.50966,-6.88582]},"properties":{"rate_time":1.618}},{"type":"Feature","geometry":{"type":"Point","coordinates":[110.50845,-6.8858]},"properties":{"rate_time":-0.85}},{"type":"Feature","geometry":{"type":"Point","coordinates":[110.50769,-6.88579]},"properties":{"rate_time":-2.12}},{"type":"Feature","geometry":{"type":"Point","coordinates":[110.50818,-6.88576]},"properties":{"rate_time":-1.411}},{"type":"Feature","geometry":{"type":"Point","coordinates":[110.50917,-6.88576]},"properties":{"rate_time":1.264}},{"type":"Feature","geometry":{"type":"Point","coordinates":[110.50871,-6.88573]},"properties":{"rate_time":-0.14}},{"type":"Feature","geometry":{"type":"Point","coordinates":[110.51508,-6.88572]},"properties":{"rate_time":-2.327}},{"type":"Feature","geometry":{"type":"Point","coordinates":[110.50943,-6.88571]},"properties":{"rate_time":1.344}},{"type":"Feature","geometry":{"type":"Point","coordinates":[110.50793,-6.88566]},"properties":{"rate_time":-1.752}},{"type":"Feature","geometry":{"type":"Point","coordinates":[110.51486,-6.88558]},"properties":{"rate_time":-2.2}},{"type":"Feature","geometry":{"type":"Point","coordinates":[110.51462,-6.88548]},"properties":{"rate_time":-1.966}},{"type":"Feature","geometry":{"type":"Point","coordinates":[110.51423,-6.88538]},"properties":{"rate_time":-0.968}},{"type":"Feature","geometry":{"type":"Point","coordinates":[110.51001,-6.88534]},"properties":{"rate_time":1.428}},{"type":"Feature","geometry":{"type":"Point","coordinates":[110.51408,-6.88529]},"properties":{"rate_time":-0.652}},{"type":"Feature","geometry":{"type":"Point","coordinates":[110.51475,-6.88526]},"properties":{"rate_time":-2.759}},{"type":"Feature","geometry":{"type":"Point","coordinates":[110.51017,-6.88524]},"properties":{"rate_time":2.566}},{"type":"Feature","geometry":{"type":"Point","coordinates":[110.51562,-6.8852]},"properties":{"rate_time":-2.294}},{"type":"Feature","geometry":{"type":"Point","coordinates":[110.51442,-6.88518]},"properties":{"rate_time":-2.173}},{"type":"Feature","geometry":{"type":"Point","coordinates":[110.50979,-6.88518]},"properties":{"rate_time":2.144}},{"type":"Feature","geometry":{"type":"Point","coordinates":[110.51467,-6.88507]},"properties":{"rate_time":-6.828}},{"type":"Feature","geometry":{"type":"Point","coordinates":[110.51539,-6.88505]},"properties":{"rate_time":-2.222}},{"type":"Feature","geometry":{"type":"Point","coordinates":[110.51398,-6.88504]},"properties":{"rate_time":-1.477}},{"type":"Feature","geometry":{"type":"Point","coordinates":[110.51028,-6.88497]},"properties":{"rate_time":3.902}},{"type":"Feature","geometry":{"type":"Point","coordinates":[110.5097,-6.88492]},"properties":{"rate_time":-0.105}},{"type":"Feature","geometry":{"type":"Point","coordinates":[110.51516,-6.88491]},"properties":{"rate_time":-2.262}},{"type":"Feature","geometry":{"type":"Point","coordinates":[110.51492,-6.88481]},"properties":{"rate_time":-2.37}},{"type":"Feature","geometry":{"type":"Point","coordinates":[110.5139,-6.88478]},"properties":{"rate_time":-1.927}},{"type":"Feature","geometry":{"type":"Point","coordinates":[110.5103,-6.88471]},"properties":{"rate_time":1.733}},{"type":"Feature","geometry":{"type":"Point","coordinates":[110.51172,-6.88466]},"properties":{"rate_time":4.91}},{"type":"Feature","geometry":{"type":"Point","coordinates":[110.50972,-6.88465]},"properties":{"rate_time":-5.783}},{"type":"Feature","geometry":{"type":"Point","coordinates":[110.51473,-6.88461]},"properties":{"rate_time":-2.111}},{"type":"Feature","geometry":{"type":"Point","coordinates":[110.51406,-6.8846]},"properties":{"rate_time":-1.74}},{"type":"Feature","geometry":{"type":"Point","coordinates":[110.51382,-6.88456]},"properties":{"rate_time":-2.406}},{"type":"Feature","geometry":{"type":"Point","coordinates":[110.51197,-6.88456]},"properties":{"rate_time":4.641}},{"type":"Feature","geometry":{"type":"Point","coordinates":[110.51377,-6.88455]},"properties":{"rate_time":-2.482}},{"type":"Feature","geometry":{"type":"Point","coordinates":[110.51149,-6.8845]},"properties":{"rate_time":1.184}},{"type":"Feature","geometry":{"type":"Point","coordinates":[110.5143,-6.88448]},"properties":{"rate_time":-0.558}},{"type":"Feature","geometry":{"type":"Point","coordinates":[110.51452,-6.88444]},"properties":{"rate_time":-1.696}},{"type":"Feature","geometry":{"type":"Point","coordinates":[110.51032,-6.88444]},"properties":{"rate_time":-0.408}},{"type":"Feature","geometry":{"type":"Point","coordinates":[110.51219,-6.8844]},"properties":{"rate_time":5.117}},{"type":"Feature","geometry":{"type":"Point","coordinates":[110.50968,-6.88439]},"properties":{"rate_time":-11.617}},{"type":"Feature","geometry":{"type":"Point","coordinates":[110.51363,-6.88437]},"properties":{"rate_time":-1.01}},{"type":"Feature","geometry":{"type":"Point","coordinates":[110.51271,-6.88437]},"properties":{"rate_time":4.334}},{"type":"Feature","geometry":{"type":"Point","coordinates":[110.51244,-6.88434]},"properties":{"rate_time":5.536}},{"type":"Feature","geometry":{"type":"Point","coordinates":[110.51142,-6.88428]},"properties":{"rate_time":1.421}},{"type":"Feature","geometry":{"type":"Point","coordinates":[110.51293,-6.88426]},"properties":{"rate_time":-2.043}},{"type":"Feature","geometry":{"type":"Point","coordinates":[110.5104,-6.88418]},"properties":{"rate_time":-12.509}},{"type":"Feature","geometry":{"type":"Point","coordinates":[110.50963,-6.88412]},"properties":{"rate_time":-11.31}},{"type":"Feature","geometry":{"type":"Point","coordinates":[110.51308,-6.88407]},"properties":{"rate_time":-4.049}},{"type":"Feature","geometry":{"type":"Point","coordinates":[110.51151,-6.88402]},"properties":{"rate_time":1.709}},{"type":"Feature","geometry":{"type":"Point","coordinates":[110.51046,-6.88391]},"properties":{"rate_time":-13.122}},{"type":"Feature","geometry":{"type":"Point","coordinates":[110.50953,-6.88387]},"properties":{"rate_time":-10.512}},{"type":"Feature","geometry":{"type":"Point","coordinates":[110.513,-6.88381]},"properties":{"rate_time":-20.187}},{"type":"Feature","geometry":{"type":"Point","coordinates":[110.51162,-6.88377]},"properties":{"rate_time":4.663}},{"type":"Feature","geometry":{"type":"Point","coordinates":[110.51054,-6.88366]},"properties":{"rate_time":-12.729}},{"type":"Feature","geometry":{"type":"Point","coordinates":[110.50955,-6.8836]},"properties":{"rate_time":-9.323}},{"type":"Feature","geometry":{"type":"Point","coordinates":[110.51284,-6.88359]},"properties":{"rate_time":-19.378}},{"type":"Feature","geometry":{"type":"Point","coordinates":[110.51177,-6.88355]},"properties":{"rate_time":1.706}},{"type":"Feature","geometry":{"type":"Point","coordinates":[110.51074,-6.88351]},"properties":{"rate_time":-13.134}},{"type":"Feature","geometry":{"type":"Point","coordinates":[110.51101,-6.88345]},"properties":{"rate_time":0.586}},{"type":"Feature","geometry":{"type":"Point","coordinates":[110.51658,-6.88343]},"properties":{"rate_time":-35.88}},{"type":"Feature","geometry":{"type":"Point","coordinates":[110.50968,-6.88338]},"properties":{"rate_time":-9.404}},{"type":"Feature","geometry":{"type":"Point","coordinates":[110.51271,-6.88336]},"properties":{"rate_time":-15.329}},{"type":"Feature","geometry":{"type":"Point","coordinates":[110.51125,-6.88335]},"properties":{"rate_time":2.19}},{"type":"Feature","geometry":{"type":"Point","coordinates":[110.51664,-6.88334]},"properties":{"rate_time":-37.851}},{"type":"Feature","geometry":{"type":"Point","coordinates":[110.51174,-6.88329]},"properties":{"rate_time":1.661}},{"type":"Feature","geometry":{"type":"Point","coordinates":[110.51148,-6.88322]},"properties":{"rate_time":1.008}},{"type":"Feature","geometry":{"type":"Point","coordinates":[110.51656,-6.88316]},"properties":{"rate_time":-38.021}},{"type":"Feature","geometry":{"type":"Point","coordinates":[110.51255,-6.88313]},"properties":{"rate_time":-16.944}},{"type":"Feature","geometry":{"type":"Point","coordinates":[110.5098,-6.88313]},"properties":{"rate_time":-8.637}},{"type":"Feature","geometry":{"type":"Point","coordinates":[110.51671,-6.88309]},"properties":{"rate_time":-38.907}},{"type":"Feature","geometry":{"type":"Point","coordinates":[110.51229,-6.88308]},"properties":{"rate_time":-1.767}},{"type":"Feature","geometry":{"type":"Point","coordinates":[110.51647,-6.88294]},"properties":{"rate_time":-35.527}},{"type":"Feature","geometry":{"type":"Point","coordinates":[110.51656,-6.88291]},"properties":{"rate_time":-36.983}},{"type":"Feature","geometry":{"type":"Point","coordinates":[110.51212,-6.88288]},"properties":{"rate_time":0.153}},{"type":"Feature","geometry":{"type":"Point","coordinates":[110.50985,-6.88287]},"properties":{"rate_time":-7.937}},{"type":"Feature","geometry":{"type":"Point","coordinates":[110.51625,-6.88285]},"properties":{"rate_time":-31.533}},{"type":"Feature","geometry":{"type":"Point","coordinates":[110.51601,-6.88284]},"properties":{"rate_time":-33.019}},{"type":"Feature","geometry":{"type":"Point","coordinates":[110.51648,-6.88271]},"properties":{"rate_time":-32.005}},{"type":"Feature","geometry":{"type":"Point","coordinates":[110.51607,-6.88267]},"properties":{"rate_time":-16.209}},{"type":"Feature","geometry":{"type":"Point","coordinates":[110.51196,-6.88266]},"properties":{"rate_time":0.687}},{"type":"Feature","geometry":{"type":"Point","coordinates":[110.5098,-6.88261]},"properties":{"rate_time":-7.928}},{"type":"Feature","geometry":{"type":"Point","coordinates":[110.51665,-6.88251]},"properties":{"rate_time":-36.294}},{"type":"Feature","geometry":{"type":"Point","coordinates":[110.51625,-6.88246]},"properties":{"rate_time":-15.959}},{"type":"Feature","geometry":{"type":"Point","coordinates":[110.5118,-6.88245]},"properties":{"rate_time":1.214}},{"type":"Feature","geometry":{"type":"Point","coordinates":[110.5165,-6.88238]},"properties":{"rate_time":-21.294}},{"type":"Feature","geometry":{"type":"Point","coordinates":[110.50972,-6.88235]},"properties":{"rate_time":-7.943}},{"type":"Feature","geometry":{"type":"Point","coordinates":[110.5116,-6.88228]},"properties":{"rate_time":1.725}},{"type":"Feature","geometry":{"type":"Point","coordinates":[110.51148,-6.88214]},"properties":{"rate_time":-0.898}},{"type":"Feature","geometry":{"type":"Point","coordinates":[110.50977,-6.88211]},"properties":{"rate_time":-7.7}},{"type":"Feature","geometry":{"type":"Point","coordinates":[110.51163,-6.88191]},"properties":{"rate_time":-5.908}},{"type":"Feature","geometry":{"type":"Point","coordinates":[110.50994,-6.88189]},"properties":{"rate_time":-7.61}},{"type":"Feature","geometry":{"type":"Point","coordinates":[110.51015,-6.88172]},"properties":{"rate_time":-7.466}},{"type":"Feature","geometry":{"type":"Point","coordinates":[110.51181,-6.88171]},"properties":{"rate_time":-2.841}},{"type":"Feature","geometry":{"type":"Point","coordinates":[110.51027,-6.88151]},"properties":{"rate_time":-7.14}},{"type":"Feature","geometry":{"type":"Point","coordinates":[110.51185,-6.88146]},"properties":{"rate_time":-14.089}},{"type":"Feature","geometry":{"type":"Point","coordinates":[110.51095,-6.88134]},"properties":{"rate_time":-9.89}},{"type":"Feature","geometry":{"type":"Point","coordinates":[110.51123,-6.88132]},"properties":{"rate_time":-2.833}},{"type":"Feature","geometry":{"type":"Point","coordinates":[110.51149,-6.88131]},"properties":{"rate_time":-3.57}},{"type":"Feature","geometry":{"type":"Point","coordinates":[110.51042,-6.88131]},"properties":{"rate_time":-7.41}},{"type":"Feature","geometry":{"type":"Point","coordinates":[110.51069,-6.88129]},"properties":{"rate_time":-9.078}},{"type":"Feature","geometry":{"type":"Point","coordinates":[110.51173,-6.88122]},"properties":{"rate_time":1.936}},{"type":"Feature","geometry":{"type":"Point","coordinates":[110.51098,-6.88072]},"properties":{"rate_time":1.509}},{"type":"Feature","geometry":{"type":"Point","coordinates":[110.51071,-6.88069]},"properties":{"rate_time":1.038}},{"type":"Feature","geometry":{"type":"Point","coordinates":[110.51125,-6.88068]},"properties":{"rate_time":1.967}},{"type":"Feature","geometry":{"type":"Point","coordinates":[110.51151,-6.8806]},"properties":{"rate_time":1.822}},{"type":"Feature","geometry":{"type":"Point","coordinates":[110.51156,-6.88057]},"properties":{"rate_time":1.808}},{"type":"Feature","geometry":{"type":"Point","coordinates":[110.51048,-6.88057]},"properties":{"rate_time":-2.096}},{"type":"Feature","geometry":{"type":"Point","coordinates":[110.51177,-6.88041]},"properties":{"rate_time":4.332}},{"type":"Feature","geometry":{"type":"Point","coordinates":[110.51007,-6.88039]},"properties":{"rate_time":-4.784}},{"type":"Feature","geometry":{"type":"Point","coordinates":[110.51039,-6.88031]},"properties":{"rate_time":-4.875}},{"type":"Feature","geometry":{"type":"Point","coordinates":[110.51032,-6.8803]},"properties":{"rate_time":-4.951}},{"type":"Feature","geometry":{"type":"Point","coordinates":[110.50986,-6.88026]},"properties":{"rate_time":-4.467}},{"type":"Feature","geometry":{"type":"Point","coordinates":[110.51716,-6.88022]},"properties":{"rate_time":-27.797}},{"type":"Feature","geometry":{"type":"Point","coordinates":[110.51197,-6.88022]},"properties":{"rate_time":5.342}},{"type":"Feature","geometry":{"type":"Point","coordinates":[110.51305,-6.8802]},"properties":{"rate_time":-13.411}},{"type":"Feature","geometry":{"type":"Point","coordinates":[110.5169,-6.88015]},"properties":{"rate_time":-24.131}},{"type":"Feature","geometry":{"type":"Point","coordinates":[110.51057,-6.88011]},"properties":{"rate_time":-3.022}},{"type":"Feature","geometry":{"type":"Point","coordinates":[110.51327,-6.88009]},"properties":{"rate_time":-14.052}},{"type":"Feature","geometry":{"type":"Point","coordinates":[110.51738,-6.88007]},"properties":{"rate_time":-28.146}},{"type":"Feature","geometry":{"type":"Point","coordinates":[110.51019,-6.88007]},"properties":{"rate_time":-1.883}},{"type":"Feature","geometry":{"type":"Point","coordinates":[110.51283,-6.88004]},"properties":{"rate_time":-11.954}},{"type":"Feature","geometry":{"type":"Point","coordinates":[110.51215,-6.88002]},"properties":{"rate_time":6.163}},{"type":"Feature","geometry":{"type":"Point","coordinates":[110.50986,-6.88]},"properties":{"rate_time":-4.424}},{"type":"Feature","geometry":{"type":"Point","coordinates":[110.51679,-6.8799]},"properties":{"rate_time":-19.782}},{"type":"Feature","geometry":{"type":"Point","coordinates":[110.51261,-6.87989]},"properties":{"rate_time":5.719}},{"type":"Feature","geometry":{"type":"Point","coordinates":[110.51344,-6.87988]},"properties":{"rate_time":-14.366}},{"type":"Feature","geometry":{"type":"Point","coordinates":[110.51235,-6.87987]},"properties":{"rate_time":6.092}},{"type":"Feature","geometry":{"type":"Point","coordinates":[110.51064,-6.87986]},"properties":{"rate_time":3.3}},{"type":"Feature","geometry":{"type":"Point","coordinates":[110.51754,-6.87985]},"properties":{"rate_time":-31.331}},{"type":"Feature","geometry":{"type":"Point","coordinates":[110.51013,-6.8798]},"properties":{"rate_time":1.215}},{"type":"Feature","geometry":{"type":"Point","coordinates":[110.51005,-6.8798]},"properties":{"rate_time":-4.606}},{"type":"Feature","geometry":{"type":"Point","coordinates":[110.51687,-6.87972]},"properties":{"rate_time":-24.046}},{"type":"Feature","geometry":{"type":"Point","coordinates":[110.51341,-6.87968]},"properties":{"rate_time":-13.725}},{"type":"Feature","geometry":{"type":"Point","coordinates":[110.51316,-6.87968]},"properties":{"rate_time":-12.441}},{"type":"Feature","geometry":{"type":"Point","coordinates":[110.51713,-6.87966]},"properties":{"rate_time":-30.849}},{"type":"Feature","geometry":{"type":"Point","coordinates":[110.51032,-6.87966]},"properties":{"rate_time":2.872}},{"type":"Feature","geometry":{"type":"Point","coordinates":[110.51772,-6.87965]},"properties":{"rate_time":-30.653}},{"type":"Feature","geometry":{"type":"Point","coordinates":[110.51065,-6.87959]},"properties":{"rate_time":-4.006}},{"type":"Feature","geometry":{"type":"Point","coordinates":[110.51011,-6.87954]},"properties":{"rate_time":1.298}},{"type":"Feature","geometry":{"type":"Point","coordinates":[110.51301,-6.87952]},"properties":{"rate_time":-6.0}},{"type":"Feature","geometry":{"type":"Point","coordinates":[110.51734,-6.87949]},"properties":{"rate_time":-30.118}},{"type":"Feature","geometry":{"type":"Point","coordinates":[110.51053,-6.87949]},"properties":{"rate_time":-4.188}},{"type":"Feature","geometry":{"type":"Point","coordinates":[110.51793,-6.87949]},"properties":{"rate_time":-30.08}},{"type":"Feature","geometry":{"type":"Point","coordinates":[110.51006,-6.87928]},"properties":{"rate_time":-4.606}},{"type":"Feature","geometry":{"type":"Point","coordinates":[110.51811,-6.87928]},"properties":{"rate_time":-8.246}},{"type":"Feature","geometry":{"type":"Point","coordinates":[110.51289,-6.87927]},"properties":{"rate_time":-7.861}},{"type":"Feature","geometry":{"type":"Point","coordinates":[110.5175,-6.87927]},"properties":{"rate_time":-23.829}},{"type":"Feature","geometry":{"type":"Point","coordinates":[110.51769,-6.87908]},"properties":{"rate_time":-5.881}},{"type":"Feature","geometry":{"type":"Point","coordinates":[110.51829,-6.87908]},"properties":{"rate_time":-2.37}},{"type":"Feature","geometry":{"type":"Point","coordinates":[110.51878,-6.87906]},"properties":{"rate_time":-9.157}},{"type":"Feature","geometry":{"type":"Point","coordinates":[110.51277,-6.87903]},"properties":{"rate_time":-9.916}},{"type":"Feature","geometry":{"type":"Point","coordinates":[110.50998,-6.87902]},"properties":{"rate_time":0.586}},{"type":"Feature","geometry":{"type":"Point","coordinates":[110.51794,-6.87896]},"properties":{"rate_time":-6.195}},{"type":"Feature","geometry":{"type":"Point","coordinates":[110.51852,-6.87896]},"properties":{"rate_time":-3.098}},{"type":"Feature","geometry":{"type":"Point","coordinates":[110.50979,-6.87887]},"properties":{"rate_time":-2.081}},{"type":"Feature","geometry":{"type":"Point","coordinates":[110.51289,-6.87884]},"properties":{"rate_time":-7.796}},{"type":"Feature","geometry":{"type":"Point","coordinates":[110.51814,-6.87879]},"properties":{"rate_time":-6.338}},{"type":"Feature","geometry":{"type":"Point","coordinates":[110.50965,-6.87864]},"properties":{"rate_time":-1.468}},{"type":"Feature","geometry":{"type":"Point","coordinates":[110.51305,-6.87863]},"properties":{"rate_time":-8.295}},{"type":"Feature","geometry":{"type":"Point","coordinates":[110.51828,-6.87857]},"properties":{"rate_time":-2.049}},{"type":"Feature","geometry":{"type":"Point","coordinates":[110.5132,-6.87841]},"properties":{"rate_time":-8.625}},{"type":"Feature","geometry":{"type":"Point","coordinates":[110.55146,-6.87877]},"properties":{"rate_time":-13.268}},{"type":"Feature","geometry":{"type":"Point","coordinates":[110.55132,-6.87857]},"properties":{"rate_time":-13.231}},{"type":"Feature","geometry":{"type":"Point","coordinates":[110.55182,-6.87854]},"properties":{"rate_time":-12.597}},{"type":"Feature","geometry":{"type":"Point","coordinates":[110.55138,-6.87834]},"properties":{"rate_time":-12.929}},{"type":"Feature","geometry":{"type":"Point","coordinates":[110.55197,-6.87832]},"properties":{"rate_time":-12.119}},{"type":"Feature","geometry":{"type":"Point","coordinates":[110.55215,-6.87812]},"properties":{"rate_time":-11.336}},{"type":"Feature","geometry":{"type":"Point","coordinates":[110.5515,-6.8781]},"properties":{"rate_time":-12.538}},{"type":"Feature","geometry":{"type":"Point","coordinates":[110.55236,-6.87796]},"properties":{"rate_time":-10.438}},{"type":"Feature","geometry":{"type":"Point","coordinates":[110.55156,-6.87784]},"properties":{"rate_time":-12.052}},{"type":"Feature","geometry":{"type":"Point","coordinates":[110.55241,-6.87774]},"properties":{"rate_time":-9.963}},{"type":"Feature","geometry":{"type":"Point","coordinates":[110.50961,-6.87838]},"properties":{"rate_time":-0.83}},{"type":"Feature","geometry":{"type":"Point","coordinates":[110.51834,-6.8783]},"properties":{"rate_time":0.22}},{"type":"Feature","geometry":{"type":"Point","coordinates":[110.51334,-6.87817]},"properties":{"rate_time":-11.522}},{"type":"Feature","geometry":{"type":"Point","coordinates":[110.50966,-6.87811]},"properties":{"rate_time":-0.432}},{"type":"Feature","geometry":{"type":"Point","coordinates":[110.51842,-6.87806]},"properties":{"rate_time":-3.481}},{"type":"Feature","geometry":{"type":"Point","coordinates":[110.51356,-6.87801]},"properties":{"rate_time":-12.062}},{"type":"Feature","geometry":{"type":"Point","coordinates":[110.5186,-6.87786]},"properties":{"rate_time":-7.957}},{"type":"Feature","geometry":{"type":"Point","coordinates":[110.50973,-6.87785]},"properties":{"rate_time":-0.196}},{"type":"Feature","geometry":{"type":"Point","coordinates":[110.5137,-6.87784]},"properties":{"rate_time":-11.816}},{"type":"Feature","geometry":{"type":"Point","coordinates":[110.51344,-6.8778]},"properties":{"rate_time":-10.635}},{"type":"Feature","geometry":{"type":"Point","coordinates":[110.55103,-6.87767]},"properties":{"rate_time":-10.886}},{"type":"Feature","geometry":{"type":"Point","coordinates":[110.55118,-6.8776]},"properties":{"rate_time":-10.86}},{"type":"Feature","geometry":{"type":"Point","coordinates":[110.55164,-6.87758]},"properties":{"rate_time":-11.471}},{"type":"Feature","geometry":{"type":"Point","coordinates":[110.55245,-6.87749]},"properties":{"rate_time":-9.454}},{"type":"Feature","geometry":{"type":"Point","coordinates":[110.55095,-6.87742]},"properties":{"rate_time":-10.451}},{"type":"Feature","geometry":{"type":"Point","coordinates":[110.55176,-6.87734]},"properties":{"rate_time":-10.837}},{"type":"Feature","geometry":{"type":"Point","coordinates":[110.55128,-6.87734]},"properties":{"rate_time":-10.481}},{"type":"Feature","geometry":{"type":"Point","coordinates":[110.55475,-6.87732]},"properties":{"rate_time":-4.815}},{"type":"Feature","geometry":{"type":"Point","coordinates":[110.55261,-6.87727]},"properties":{"rate_time":-8.635}},{"type":"Feature","geometry":{"type":"Point","coordinates":[110.55452,-6.87717]},"properties":{"rate_time":-4.726}},{"type":"Feature","geometry":{"type":"Point","coordinates":[110.51334,-6.87762]},"properties":{"rate_time":-1.071}},{"type":"Feature","geometry":{"type":"Point","coordinates":[110.51869,-6.8776]},"properties":{"rate_time":-8.278}},{"type":"Feature","geometry":{"type":"Point","coordinates":[110.50983,-6.8776]},"properties":{"rate_time":0.178}},{"type":"Feature","geometry":{"type":"Point","coordinates":[110.5135,-6.87741]},"properties":{"rate_time":-0.609}},{"type":"Feature","geometry":{"type":"Point","coordinates":[110.51859,-6.87735]},"properties":{"rate_time":-8.199}},{"type":"Feature","geometry":{"type":"Point","coordinates":[110.50992,-6.87734]},"properties":{"rate_time":0.373}},{"type":"Feature","geometry":{"type":"Point","coordinates":[110.5136,-6.87716]},"properties":{"rate_time":-4.783}},{"type":"Feature","geometry":{"type":"Point","coordinates":[110.51844,-6.87712]},"properties":{"rate_time":-7.674}},{"type":"Feature","geometry":{"type":"Point","coordinates":[110.50999,-6.87708]},"properties":{"rate_time":0.251}},{"type":"Feature","geometry":{"type":"Point","coordinates":[110.51356,-6.8769]},"properties":{"rate_time":-2.174}},{"type":"Feature","geometry":{"type":"Point","coordinates":[110.55085,-6.87717]},"properties":{"rate_time":-9.864}},{"type":"Feature","geometry":{"type":"Point","coordinates":[110.55143,-6.87712]},"properties":{"rate_time":-10.024}},{"type":"Feature","geometry":{"type":"Point","coordinates":[110.55181,-6.87708]},"properties":{"rate_time":-10.164}},{"type":"Feature","geometry":{"type":"Point","coordinates":[110.55275,-6.87703]},"properties":{"rate_time":-8.013}},{"type":"Feature","geometry":{"type":"Point","coordinates":[110.55432,-6.877]},"properties":{"rate_time":-4.635}},{"type":"Feature","geometry":{"type":"Point","coordinates":[110.55085,-6.8769]},"properties":{"rate_time":-9.118}},{"type":"Feature","geometry":{"type":"Point","coordinates":[110.55152,-6.87687]},"properties":{"rate_time":-9.25}},{"type":"Feature","geometry":{"type":"Point","coordinates":[110.55186,-6.87681]},"properties":{"rate_time":-9.346}},{"type":"Feature","geometry":{"type":"Point","coordinates":[110.55419,-6.87679]},"properties":{"rate_time":-4.583}},{"type":"Feature","geometry":{"type":"Point","coordinates":[110.55287,-6.87679]},"properties":{"rate_time":-7.488}},{"type":"Feature","geometry":{"type":"Point","coordinates":[110.55389,-6.87675]},"properties":{"rate_time":-5.109}},{"type":"Feature","geometry":{"type":"Point","coordinates":[110.55363,-6.87673]},"properties":{"rate_time":-4.795}},{"type":"Feature","geometry":{"type":"Point","coordinates":[110.54992,-6.87668]},"properties":{"rate_time":-8.903}},{"type":"Feature","geometry":{"type":"Point","coordinates":[110.55336,-6.87668]},"properties":{"rate_time":-6.37}},{"type":"Feature","geometry":{"type":"Point","coordinates":[110.55309,-6.87667]},"properties":{"rate_time":-6.72}},{"type":"Feature","geometry":{"type":"Point","coordinates":[110.55011,-6.87664]},"properties":{"rate_time":-8.726}},{"type":"Feature","geometry":{"type":"Point","coordinates":[110.55092,-6.87664]},"properties":{"rate_time":-8.432}},{"type":"Feature","geometry":{"type":"Point","coordinates":[110.55165,-6.87664]},"properties":{"rate_time":-8.684}},{"type":"Feature","geometry":{"type":"Point","coordinates":[110.5544,-6.87664]},"properties":{"rate_time":-3.5}},{"type":"Feature","geometry":{"type":"Point","coordinates":[110.55467,-6.87664]},"properties":{"rate_time":-3.48}},{"type":"Feature","geometry":{"type":"Point","coordinates":[110.5184,-6.87686]},"properties":{"rate_time":-13.49}},{"type":"Feature","geometry":{"type":"Point","coordinates":[110.51014,-6.87685]},"properties":{"rate_time":-0.087}},{"type":"Feature","geometry":{"type":"Point","coordinates":[110.51349,-6.87664]},"properties":{"rate_time":-3.194}},{"type":"Feature","geometry":{"type":"Point","coordinates":[110.51028,-6.87662]},"properties":{"rate_time":-0.473}},{"type":"Feature","geometry":{"type":"Point","coordinates":[110.51832,-6.8766]},"properties":{"rate_time":-12.996}},{"type":"Feature","geometry":{"type":"Point","coordinates":[110.51391,-6.8766]},"properties":{"rate_time":7.654}},{"type":"Feature","geometry":{"type":"Point","coordinates":[110.51415,-6.87648]},"properties":{"rate_time":8.425}},{"type":"Feature","geometry":{"type":"Point","coordinates":[110.51338,-6.8764]},"properties":{"rate_time":1.778}},{"type":"Feature","geometry":{"type":"Point","coordinates":[110.51374,-6.87639]},"properties":{"rate_time":7.789}},{"type":"Feature","geometry":{"type":"Point","coordinates":[110.51042,-6.87639]},"properties":{"rate_time":-0.778}},{"type":"Feature","geometry":{"type":"Point","coordinates":[110.55413,-6.87663]},"properties":{"rate_time":-4.409}},{"type":"Feature","geometry":{"type":"Point","coordinates":[110.5549,-6.87652]},"properties":{"rate_time":-2.22}},{"type":"Feature","geometry":{"type":"Point","coordinates":[110.54974,-6.87649]},"properties":{"rate_time":-8.729}},{"type":"Feature","geometry":{"type":"Point","coordinates":[110.5503,-6.87645]},"properties":{"rate_time":-8.275}},{"type":"Feature","geometry":{"type":"Point","coordinates":[110.55105,-6.87641]},"properties":{"rate_time":-7.783}},{"type":"Feature","geometry":{"type":"Point","coordinates":[110.55415,-6.8764]},"properties":{"rate_time":-3.986}},{"type":"Feature","geometry":{"type":"Point","coordinates":[110.55636,-6.87637]},"properties":{"rate_time":-4.114}},{"type":"Feature","geometry":{"type":"Point","coordinates":[110.55495,-6.87626]},"properties":{"rate_time":-1.131}},{"type":"Feature","geometry":{"type":"Point","coordinates":[110.54961,-6.87625]},"properties":{"rate_time":-8.403}},{"type":"Feature","geometry":{"type":"Point","coordinates":[110.55048,-6.87625]},"properties":{"rate_time":-7.672}},{"type":"Feature","geometry":{"type":"Point","coordinates":[110.51823,-6.87635]},"properties":{"rate_time":-12.32}},{"type":"Feature","geometry":{"type":"Point","coordinates":[110.51431,-6.87626]},"properties":{"rate_time":8.157}},{"type":"Feature","geometry":{"type":"Point","coordinates":[110.51221,-6.87623]},"properties":{"rate_time":-2.199}},{"type":"Feature","geometry":{"type":"Point","coordinates":[110.51359,-6.87617]},"properties":{"rate_time":2.783}},{"type":"Feature","geometry":{"type":"Point","coordinates":[110.51057,-6.87616]},"properties":{"rate_time":-1.119}},{"type":"Feature","geometry":{"type":"Point","coordinates":[110.51194,-6.87616]},"properties":{"rate_time":-3.185}},{"type":"Feature","geometry":{"type":"Point","coordinates":[110.51326,-6.87616]},"properties":{"rate_time":-0.903}},{"type":"Feature","geometry":{"type":"Point","coordinates":[110.51817,-6.87609]},"properties":{"rate_time":-11.563}},{"type":"Feature","geometry":{"type":"Point","coordinates":[110.5117,-6.87604]},"properties":{"rate_time":-0.64}},{"type":"Feature","geometry":{"type":"Point","coordinates":[110.51231,-6.87604]},"properties":{"rate_time":-4.258}},{"type":"Feature","geometry":{"type":"Point","coordinates":[110.55117,-6.87617]},"properties":{"rate_time":-7.048}},{"type":"Feature","geometry":{"type":"Point","coordinates":[110.55419,-6.87615]},"properties":{"rate_time":-3.213}},{"type":"Feature","geometry":{"type":"Point","coordinates":[110.55636,-6.8761]},"properties":{"rate_time":-3.743}},{"type":"Feature","geometry":{"type":"Point","coordinates":[110.55065,-6.87604]},"properties":{"rate_time":-7.037}},{"type":"Feature","geometry":{"type":"Point","coordinates":[110.55482,-6.87602]},"properties":{"rate_time":-0.517}},{"type":"Feature","geometry":{"type":"Point","coordinates":[110.54955,-6.87599]},"properties":{"rate_time":-7.992}},{"type":"Feature","geometry":{"type":"Point","coordinates":[110.55436,-6.87595]},"properties":{"rate_time":-2.132}},{"type":"Feature","geometry":{"type":"Point","coordinates":[110.55112,-6.87594]},"properties":{"rate_time":-6.341}},{"type":"Feature","geometry":{"type":"Point","coordinates":[110.5562,-6.87591]},"properties":{"rate_time":-3.237}},{"type":"Feature","geometry":{"type":"Point","coordinates":[110.55086,-6.87588]},"properties":{"rate_time":-6.53}},{"type":"Feature","geometry":{"type":"Point","coordinates":[110.51077,-6.876]},"properties":{"rate_time":-1.326}},{"type":"Feature","geometry":{"type":"Point","coordinates":[110.51434,-6.87599]},"properties":{"rate_time":3.144}},{"type":"Feature","geometry":{"type":"Point","coordinates":[110.51345,-6.87593]},"properties":{"rate_time":1.329}},{"type":"Feature","geometry":{"type":"Point","coordinates":[110.51324,-6.87589]},"properties":{"rate_time":-0.698}},{"type":"Feature","geometry":{"type":"Point","coordinates":[110.5115,-6.87585]},"properties":{"rate_time":-1.765}},{"type":"Feature","geometry":{"type":"Point","coordinates":[110.51098,-6.87584]},"properties":{"rate_time":-1.404}},{"type":"Feature","geometry":{"type":"Point","coordinates":[110.51808,-6.87583]},"properties":{"rate_time":-10.701}},{"type":"Feature","geometry":{"type":"Point","coordinates":[110.51247,-6.87582]},"properties":{"rate_time":-3.616}},{"type":"Feature","geometry":{"type":"Point","coordinates":[110.51125,-6.8758]},"properties":{"rate_time":-1.876}},{"type":"Feature","geometry":{"type":"Point","coordinates":[110.51429,-6.87573]},"properties":{"rate_time":2.511}},{"type":"Feature","geometry":{"type":"Point","coordinates":[110.51319,-6.87569]},"properties":{"rate_time":-3.402}},{"type":"Feature","geometry":{"type":"Point","coordinates":[110.51336,-6.87568]},"properties":{"rate_time":-0.636}},{"type":"Feature","geometry":{"type":"Point","coordinates":[110.51268,-6.87566]},"properties":{"rate_time":-2.601}},{"type":"Feature","geometry":{"type":"Point","coordinates":[110.51725,-6.87565]},"properties":{"rate_time":-2.756}},{"type":"Feature","geometry":{"type":"Point","coordinates":[110.51293,-6.87563]},"properties":{"rate_time":-0.644}},{"type":"Feature","geometry":{"type":"Point","coordinates":[110.51719,-6.8756]},"properties":{"rate_time":-2.508}},{"type":"Feature","geometry":{"type":"Point","coordinates":[110.51796,-6.87559]},"properties":{"rate_time":-9.711}},{"type":"Feature","geometry":{"type":"Point","coordinates":[110.51416,-6.87549]},"properties":{"rate_time":1.91}},{"type":"Feature","geometry":{"type":"Point","coordinates":[110.51746,-6.87548]},"properties":{"rate_time":-2.709}},{"type":"Feature","geometry":{"type":"Point","coordinates":[110.51338,-6.87541]},"properties":{"rate_time":-0.545}},{"type":"Feature","geometry":{"type":"Point","coordinates":[110.55462,-6.87585]},"properties":{"rate_time":-0.926}},{"type":"Feature","geometry":{"type":"Point","coordinates":[110.55597,-6.87577]},"properties":{"rate_time":-2.669}},{"type":"Feature","geometry":{"type":"Point","coordinates":[110.54945,-6.87574]},"properties":{"rate_time":-7.712}},{"type":"Feature","geometry":{"type":"Point","coordinates":[110.55578,-6.87558]},"properties":{"rate_time":-2.012}},{"type":"Feature","geometry":{"type":"Point","coordinates":[110.54942,-6.87547]},"properties":{"rate_time":-7.301}},{"type":"Feature","geometry":{"type":"Point","coordinates":[110.55559,-6.87539]},"properties":{"rate_time":-1.359}},{"type":"Feature","geometry":{"type":"Point","coordinates":[110.54929,-6.87523]},"properties":{"rate_time":-6.765}},{"type":"Feature","geometry":{"type":"Point","coordinates":[110.55542,-6.87518]},"properties":{"rate_time":-0.839}},{"type":"Feature","geometry":{"type":"Point","coordinates":[110.5491,-6.87503]},"properties":{"rate_time":-6.339}},{"type":"Feature","geometry":{"type":"Point","coordinates":[110.55531,-6.87493]},"properties":{"rate_time":-0.673}},{"type":"Feature","geometry":{"type":"Point","coordinates":[110.51735,-6.87538]},"properties":{"rate_time":-2.167}},{"type":"Feature","geometry":{"type":"Point","coordinates":[110.51781,-6.87536]},"properties":{"rate_time":-8.676}},{"type":"Feature","geometry":{"type":"Point","coordinates":[110.51423,-6.8753]},"properties":{"rate_time":1.559}},{"type":"Feature","geometry":{"type":"Point","coordinates":[110.51765,-6.87529]},"properties":{"rate_time":-2.81}},{"type":"Feature","geometry":{"type":"Point","coordinates":[110.51448,-6.87527]},"properties":{"rate_time":2.048}},{"type":"Feature","geometry":{"type":"Point","coordinates":[110.51756,-6.87521]},"properties":{"rate_time":-2.311}},{"type":"Feature","geometry":{"type":"Point","coordinates":[110.51354,-6.8752]},"properties":{"rate_time":0.577}},{"type":"Feature","geometry":{"type":"Point","coordinates":[110.51458,-6.87505]},"properties":{"rate_time":1.878}},{"type":"Feature","geometry":{"type":"Point","coordinates":[110.51776,-6.87503]},"properties":{"rate_time":-2.796}},{"type":"Feature","geometry":{"type":"Point","coordinates":[110.51365,-6.87495]},"properties":{"rate_time":-7.128}},{"type":"Feature","geometry":{"type":"Point","coordinates":[110.51785,-6.87482]},"properties":{"rate_time":-6.143}},{"type":"Feature","geometry":{"type":"Point","coordinates":[110.51461,-6.8748]},"properties":{"rate_time":1.505}},{"type":"Feature","geometry":{"type":"Point","coordinates":[110.5137,-6.87468]},"properties":{"rate_time":-1.422}},{"type":"Feature","geometry":{"type":"Point","coordinates":[110.51771,-6.87458]},"properties":{"rate_time":-4.041}},{"type":"Feature","geometry":{"type":"Point","coordinates":[110.51475,-6.87457]},"properties":{"rate_time":0.16}},{"type":"Feature","geometry":{"type":"Point","coordinates":[110.51379,-6.87443]},"properties":{"rate_time":2.742}},{"type":"Feature","geometry":{"type":"Point","coordinates":[110.51757,-6.87435]},"properties":{"rate_time":-2.837}},{"type":"Feature","geometry":{"type":"Point","coordinates":[110.51489,-6.87433]},"properties":{"rate_time":-0.302}},{"type":"Feature","geometry":{"type":"Point","coordinates":[110.51385,-6.87417]},"properties":{"rate_time":0.143}},{"type":"Feature","geometry":{"type":"Point","coordinates":[110.51509,-6.87415]},"properties":{"rate_time":-0.385}},{"type":"Feature","geometry":{"type":"Point","coordinates":[110.54892,-6.87484]},"properties":{"rate_time":-5.725}},{"type":"Feature","geometry":{"type":"Point","coordinates":[110.55515,-6.87471]},"properties":{"rate_time":-0.417}},{"type":"Feature","geometry":{"type":"Point","coordinates":[110.54881,-6.8746]},"properties":{"rate_time":-3.299}},{"type":"Feature","geometry":{"type":"Point","coordinates":[110.55495,-6.87453]},"properties":{"rate_time":0.048}},{"type":"Feature","geometry":{"type":"Point","coordinates":[110.54864,-6.87439]},"properties":{"rate_time":-2.896}},{"type":"Feature","geometry":{"type":"Point","coordinates":[110.55486,-6.8743]},"properties":{"rate_time":0.447}},{"type":"Feature","geometry":{"type":"Point","coordinates":[110.54864,-6.87413]},"properties":{"rate_time":-2.478}},{"type":"Feature","geometry":{"type":"Point","coordinates":[110.55498,-6.87409]},"properties":{"rate_time":0.333}},{"type":"Feature","geometry":{"type":"Point","coordinates":[110.55525,-6.87402]},"properties":{"rate_time":-0.315}},{"type":"Feature","geometry":{"type":"Point","coordinates":[110.5555,-6.87394]},"properties":{"rate_time":-0.372}},{"type":"Feature","geometry":{"type":"Point","coordinates":[110.51739,-6.87415]},"properties":{"rate_time":-0.772}},{"type":"Feature","geometry":{"type":"Point","coordinates":[110.51525,-6.87394]},"properties":{"rate_time":-0.789}},{"type":"Feature","geometry":{"type":"Point","coordinates":[110.51552,-6.87391]},"properties":{"rate_time":-0.399}},{"type":"Feature","geometry":{"type":"Point","coordinates":[110.51729,-6.8739]},"properties":{"rate_time":-1.849}},{"type":"Feature","geometry":{"type":"Point","coordinates":[110.51385,-6.8739]},"properties":{"rate_time":-3.175}},{"type":"Feature","geometry":{"type":"Point","coordinates":[110.51578,-6.87383]},"properties":{"rate_time":-0.362}},{"type":"Feature","geometry":{"type":"Point","coordinates":[110.51398,-6.87372]},"properties":{"rate_time":-3.107}},{"type":"Feature","geometry":{"type":"Point","coordinates":[110.51511,-6.87372]},"properties":{"rate_time":0.77}},{"type":"Feature","geometry":{"type":"Point","coordinates":[110.51425,-6.87371]},"properties":{"rate_time":2.516}},{"type":"Feature","geometry":{"type":"Point","coordinates":[110.51449,-6.87367]},"properties":{"rate_time":1.938}},{"type":"Feature","geometry":{"type":"Point","coordinates":[110.54876,-6.87389]},"properties":{"rate_time":-2.065}},{"type":"Feature","geometry":{"type":"Point","coordinates":[110.55571,-6.87376]},"properties":{"rate_time":-0.426}},{"type":"Feature","geometry":{"type":"Point","coordinates":[110.55467,-6.87375]},"properties":{"rate_time":-1.266}},{"type":"Feature","geometry":{"type":"Point","coordinates":[110.5488,-6.87362]},"properties":{"rate_time":-1.571}},{"type":"Feature","geometry":{"type":"Point","coordinates":[110.5545,-6.87362]},"properties":{"rate_time":-1.369}},{"type":"Feature","geometry":{"type":"Point","coordinates":[110.55485,-6.87356]},"properties":{"rate_time":-0.664}},{"type":"Feature","geometry":{"type":"Point","coordinates":[110.55585,-6.87355]},"properties":{"rate_time":-0.689}},{"type":"Feature","geometry":{"type":"Point","coordinates":[110.55437,-6.87339]},"properties":{"rate_time":-1.786}},{"type":"Feature","geometry":{"type":"Point","coordinates":[110.54869,-6.87338]},"properties":{"rate_time":-3.499}},{"type":"Feature","geometry":{"type":"Point","coordinates":[110.55567,-6.87334]},"properties":{"rate_time":-0.808}},{"type":"Feature","geometry":{"type":"Point","coordinates":[110.51536,-6.87365]},"properties":{"rate_time":0.182}},{"type":"Feature","geometry":{"type":"Point","coordinates":[110.51719,-6.87364]},"properties":{"rate_time":1.156}},{"type":"Feature","geometry":{"type":"Point","coordinates":[110.51488,-6.87361]},"properties":{"rate_time":1.599}},{"type":"Feature","geometry":{"type":"Point","coordinates":[110.51591,-6.8736]},"properties":{"rate_time":-0.173}},{"type":"Feature","geometry":{"type":"Point","coordinates":[110.51468,-6.87348]},"properties":{"rate_time":0.051}},{"type":"Feature","geometry":{"type":"Point","coordinates":[110.51554,-6.87346]},"properties":{"rate_time":0.436}},{"type":"Feature","geometry":{"type":"Point","coordinates":[110.5161,-6.87341]},"properties":{"rate_time":0.104}},{"type":"Feature","geometry":{"type":"Point","coordinates":[110.51709,-6.87339]},"properties":{"rate_time":-1.313}},{"type":"Feature","geometry":{"type":"Point","coordinates":[110.51631,-6.87325]},"properties":{"rate_time":-0.395}},{"type":"Feature","geometry":{"type":"Point","coordinates":[110.51559,-6.87319]},"properties":{"rate_time":-1.878}},{"type":"Feature","geometry":{"type":"Point","coordinates":[110.55486,-6.87329]},"properties":{"rate_time":-1.291}},{"type":"Feature","geometry":{"type":"Point","coordinates":[110.54858,-6.87323]},"properties":{"rate_time":-3.506}},{"type":"Feature","geometry":{"type":"Point","coordinates":[110.54839,-6.87321]},"properties":{"rate_time":-3.775}},{"type":"Feature","geometry":{"type":"Point","coordinates":[110.55427,-6.87314]},"properties":{"rate_time":-2.191}},{"type":"Feature","geometry":{"type":"Point","coordinates":[110.54814,-6.87311]},"properties":{"rate_time":-4.293}},{"type":"Feature","geometry":{"type":"Point","coordinates":[110.55561,-6.87311]},"properties":{"rate_time":-0.833}},{"type":"Feature","geometry":{"type":"Point","coordinates":[110.55475,-6.87305]},"properties":{"rate_time":-2.213}},{"type":"Feature","geometry":{"type":"Point","coordinates":[110.5486,-6.87303]},"properties":{"rate_time":-3.208}},{"type":"Feature","geometry":{"type":"Point","coordinates":[110.54868,-6.87299]},"properties":{"rate_time":-3.045}},{"type":"Feature","geometry":{"type":"Point","coordinates":[110.54798,-6.87294]},"properties":{"rate_time":-4.82}},{"type":"Feature","geometry":{"type":"Point","coordinates":[110.55419,-6.87288]},"properties":{"rate_time":-2.707}},{"type":"Feature","geometry":{"type":"Point","coordinates":[110.55571,-6.87287]},"properties":{"rate_time":-0.664}},{"type":"Feature","geometry":{"type":"Point","coordinates":[110.55702,-6.87285]},"properties":{"rate_time":-3.375}},{"type":"Feature","geometry":{"type":"Point","coordinates":[110.55459,-6.87282]},"properties":{"rate_time":-2.088}},{"type":"Feature","geometry":{"type":"Point","coordinates":[110.55595,-6.87273]},"properties":{"rate_time":-1.148}},{"type":"Feature","geometry":{"type":"Point","coordinates":[110.55679,-6.87272]},"properties":{"rate_time":-2.984}},{"type":"Feature","geometry":{"type":"Point","coordinates":[110.55718,-6.8727]},"properties":{"rate_time":-3.749}},{"type":"Feature","geometry":{"type":"Point","coordinates":[110.54797,-6.8727]},"properties":{"rate_time":-5.008}},{"type":"Feature","geometry":{"type":"Point","coordinates":[110.55407,-6.87264]},"properties":{"rate_time":-1.59}},{"type":"Feature","geometry":{"type":"Point","coordinates":[110.55446,-6.8726]},"properties":{"rate_time":-3.587}},{"type":"Feature","geometry":{"type":"Point","coordinates":[110.51697,-6.87315]},"properties":{"rate_time":-0.447}},{"type":"Feature","geometry":{"type":"Point","coordinates":[110.51653,-6.87308]},"properties":{"rate_time":-0.217}},{"type":"Feature","geometry":{"type":"Point","coordinates":[110.51678,-6.87301]},"properties":{"rate_time":-0.544}},{"type":"Feature","geometry":{"type":"Point","coordinates":[110.51563,-6.87292]},"properties":{"rate_time":2.501}},{"type":"Feature","geometry":{"type":"Point","coordinates":[110.51561,-6.87266]},"properties":{"rate_time":-6.326}},{"type":"Feature","geometry":{"type":"Point","coordinates":[110.51556,-6.87242]},"properties":{"rate_time":-5.488}},{"type":"Feature","geometry":{"type":"Point","coordinates":[110.5158,-6.87228]},"properties":{"rate_time":0.658}},{"type":"Feature","geometry":{"type":"Point","coordinates":[110.51601,-6.87212]},"properties":{"rate_time":3.419}},{"type":"Feature","geometry":{"type":"Point","coordinates":[110.51619,-6.87192]},"properties":{"rate_time":1.803}},{"type":"Feature","geometry":{"type":"Point","coordinates":[110.51607,-6.87169]},"properties":{"rate_time":0.225}},{"type":"Feature","geometry":{"type":"Point","coordinates":[110.55656,-6.87256]},"properties":{"rate_time":-2.383}},{"type":"Feature","geometry":{"type":"Point","coordinates":[110.55612,-6.87252]},"properties":{"rate_time":-1.282}},{"type":"Feature","geometry":{"type":"Point","coordinates":[110.54776,-6.87252]},"properties":{"rate_time":-5.589}},{"type":"Feature","geometry":{"type":"Point","coordinates":[110.55715,-6.87246]},"properties":{"rate_time":-3.916}},{"type":"Feature","geometry":{"type":"Point","coordinates":[110.55632,-6.87243]},"properties":{"rate_time":-1.846}},{"type":"Feature","geometry":{"type":"Point","coordinates":[110.5543,-6.8724]},"properties":{"rate_time":-4.002}},{"type":"Feature","geometry":{"type":"Point","coordinates":[110.55406,-6.8724]},"properties":{"rate_time":-1.895}},{"type":"Feature","geometry":{"type":"Point","coordinates":[110.54754,-6.87237]},"properties":{"rate_time":-6.585}},{"type":"Feature","geometry":{"type":"Point","coordinates":[110.55736,-6.87228]},"properties":{"rate_time":-4.477}},{"type":"Feature","geometry":{"type":"Point","coordinates":[110.54734,-6.87219]},"properties":{"rate_time":-7.511}},{"type":"Feature","geometry":{"type":"Point","coordinates":[110.55755,-6.87209]},"properties":{"rate_time":-4.987}},{"type":"Feature","geometry":{"type":"Point","coordinates":[110.5471,-6.87207]},"properties":{"rate_time":-8.363}},{"type":"Feature","geometry":{"type":"Point","coordinates":[110.5469,-6.8719]},"properties":{"rate_time":-9.27}},{"type":"Feature","geometry":{"type":"Point","coordinates":[110.55774,-6.8719]},"properties":{"rate_time":-5.111}},{"type":"Feature","geometry":{"type":"Point","coordinates":[110.55793,-6.87171]},"properties":{"rate_time":-6.114}},{"type":"Feature","geometry":{"type":"Point","coordinates":[110.54675,-6.87167]},"properties":{"rate_time":-10.138}},{"type":"Feature","geometry":{"type":"Point","coordinates":[110.54657,-6.87147]},"properties":{"rate_time":-10.935}},{"type":"Feature","geometry":{"type":"Point","coordinates":[110.55785,-6.87146]},"properties":{"rate_time":-6.333}},{"type":"Feature","geometry":{"type":"Point","coordinates":[110.54637,-6.87129]},"properties":{"rate_time":-11.531}},{"type":"Feature","geometry":{"type":"Point","coordinates":[110.55768,-6.87125]},"properties":{"rate_time":-6.32}},{"type":"Feature","geometry":{"type":"Point","coordinates":[110.54619,-6.8711]},"properties":{"rate_time":-11.327}},{"type":"Feature","geometry":{"type":"Point","coordinates":[110.55752,-6.87103]},"properties":{"rate_time":-6.048}},{"type":"Feature","geometry":{"type":"Point","coordinates":[110.54613,-6.87083]},"properties":{"rate_time":-10.56}},{"type":"Feature","geometry":{"type":"Point","coordinates":[110.55742,-6.8708]},"properties":{"rate_time":-5.959}},{"type":"Feature","geometry":{"type":"Point","coordinates":[110.54593,-6.87064]},"properties":{"rate_time":-10.552}},{"type":"Feature","geometry":{"type":"Point","coordinates":[110.5575,-6.87055]},"properties":{"rate_time":-6.183}},{"type":"Feature","geometry":{"type":"Point","coordinates":[110.54588,-6.87039]},"properties":{"rate_time":-10.08}},{"type":"Feature","geometry":{"type":"Point","coordinates":[110.55753,-6.87028]},"properties":{"rate_time":-6.21}},{"type":"Feature","geometry":{"type":"Point","coordinates":[110.54596,-6.87014]},"properties":{"rate_time":-9.41}},{"type":"Feature","geometry":{"type":"Point","coordinates":[110.5574,-6.87004]},"properties":{"rate_time":-5.79}},{"type":"Feature","geometry":{"type":"Point","coordinates":[110.51588,-6.87149]},"properties":{"rate_time":0.049}},{"type":"Feature","geometry":{"type":"Point","coordinates":[110.51579,-6.87126]},"properties":{"rate_time":0.803}},{"type":"Feature","geometry":{"type":"Point","coordinates":[110.51579,-6.871]},"properties":{"rate_time":-3.942}},{"type":"Feature","geometry":{"type":"Point","coordinates":[110.5158,-6.87075]},"properties":{"rate_time":-5.651}},{"type":"Feature","geometry":{"type":"Point","coordinates":[110.51606,-6.8707]},"properties":{"rate_time":-5.13}},{"type":"Feature","geometry":{"type":"Point","coordinates":[110.51627,-6.87054]},"properties":{"rate_time":-4.475}},{"type":"Feature","geometry":{"type":"Point","coordinates":[110.51641,-6.8703]},"properties":{"rate_time":-1.092}},{"type":"Feature","geometry":{"type":"Point","coordinates":[110.51654,-6.87006]},"properties":{"rate_time":0.028}},{"type":"Feature","geometry":{"type":"Point","coordinates":[110.51664,-6.86981]},"properties":{"rate_time":0.874}},{"type":"Feature","geometry":{"type":"Point","coordinates":[110.51668,-6.86954]},"properties":{"rate_time":1.372}},{"type":"Feature","geometry":{"type":"Point","coordinates":[110.54603,-6.86989]},"properties":{"rate_time":-8.68}},{"type":"Feature","geometry":{"type":"Point","coordinates":[110.55724,-6.86982]},"properties":{"rate_time":-5.017}},{"type":"Feature","geometry":{"type":"Point","coordinates":[110.54521,-6.86972]},"properties":{"rate_time":-11.683}},{"type":"Feature","geometry":{"type":"Point","coordinates":[110.54593,-6.86967]},"properties":{"rate_time":-7.957}},{"type":"Feature","geometry":{"type":"Point","coordinates":[110.54499,-6.86966]},"properties":{"rate_time":-11.083}},{"type":"Feature","geometry":{"type":"Point","coordinates":[110.55711,-6.86959]},"properties":{"rate_time":-2.489}},{"type":"Feature","geometry":{"type":"Point","coordinates":[110.54543,-6.86957]},"properties":{"rate_time":-7.96}},{"type":"Feature","geometry":{"type":"Point","coordinates":[110.5457,-6.86953]},"properties":{"rate_time":-11.319}},{"type":"Feature","geometry":{"type":"Point","coordinates":[110.54479,-6.86948]},"properties":{"rate_time":-8.882}},{"type":"Feature","geometry":{"type":"Point","coordinates":[110.55696,-6.86936]},"properties":{"rate_time":-1.669}},{"type":"Feature","geometry":{"type":"Point","coordinates":[110.5446,-6.86929]},"properties":{"rate_time":-6.748}},{"type":"Feature","geometry":{"type":"Point","coordinates":[110.55683,-6.86912]},"properties":{"rate_time":-2.277}},{"type":"Feature","geometry":{"type":"Point","coordinates":[110.54442,-6.86909]},"properties":{"rate_time":-8.377}},{"type":"Feature","geometry":{"type":"Point","coordinates":[110.55667,-6.8689]},"properties":{"rate_time":-2.124}},{"type":"Feature","geometry":{"type":"Point","coordinates":[110.54428,-6.86886]},"properties":{"rate_time":-5.068}},{"type":"Feature","geometry":{"type":"Point","coordinates":[110.55656,-6.86866]},"properties":{"rate_time":-1.795}},{"type":"Feature","geometry":{"type":"Point","coordinates":[110.54419,-6.8686]},"properties":{"rate_time":-3.996}},{"type":"Feature","geometry":{"type":"Point","coordinates":[110.55644,-6.86841]},"properties":{"rate_time":-1.545}},{"type":"Feature","geometry":{"type":"Point","coordinates":[110.54417,-6.86834]},"properties":{"rate_time":-3.099}},{"type":"Feature","geometry":{"type":"Point","coordinates":[110.53829,-6.8683]},"properties":{"rate_time":0.073}},{"type":"Feature","geometry":{"type":"Point","coordinates":[110.5167,-6.86927]},"properties":{"rate_time":-3.327}},{"type":"Feature","geometry":{"type":"Point","coordinates":[110.51673,-6.869]},"properties":{"rate_time":-3.599}},{"type":"Feature","geometry":{"type":"Point","coordinates":[110.51678,-6.86874]},"properties":{"rate_time":-0.882}},{"type":"Feature","geometry":{"type":"Point","coordinates":[110.5169,-6.8685]},"properties":{"rate_time":-1.732}},{"type":"Feature","geometry":{"type":"Point","coordinates":[110.51716,-6.86841]},"properties":{"rate_time":-0.807}},{"type":"Feature","geometry":{"type":"Point","coordinates":[110.51728,-6.86817]},"properties":{"rate_time":-5.932}},{"type":"Feature","geometry":{"type":"Point","coordinates":[110.51734,-6.8679]},"properties":{"rate_time":-1.444}},{"type":"Feature","geometry":{"type":"Point","coordinates":[110.51722,-6.86768]},"properties":{"rate_time":-1.62}},{"type":"Feature","geometry":{"type":"Point","coordinates":[110.51702,-6.8675]},"properties":{"rate_time":-1.678}},{"type":"Feature","geometry":{"type":"Point","coordinates":[110.51685,-6.86729]},"properties":{"rate_time":-3.01}},{"type":"Feature","geometry":{"type":"Point","coordinates":[110.55628,-6.86819]},"properties":{"rate_time":-0.95}},{"type":"Feature","geometry":{"type":"Point","coordinates":[110.5442,-6.8681]},"properties":{"rate_time":-2.567}},{"type":"Feature","geometry":{"type":"Point","coordinates":[110.53813,-6.86808]},"properties":{"rate_time":0.145}},{"type":"Feature","geometry":{"type":"Point","coordinates":[110.55609,-6.868]},"properties":{"rate_time":-0.578}},{"type":"Feature","geometry":{"type":"Point","coordinates":[110.54396,-6.86799]},"properties":{"rate_time":-2.565}},{"type":"Feature","geometry":{"type":"Point","coordinates":[110.54373,-6.86793]},"properties":{"rate_time":-2.486}},{"type":"Feature","geometry":{"type":"Point","coordinates":[110.54116,-6.86791]},"properties":{"rate_time":-1.693}},{"type":"Feature","geometry":{"type":"Point","coordinates":[110.53794,-6.86788]},"properties":{"rate_time":0.087}},{"type":"Feature","geometry":{"type":"Point","coordinates":[110.55587,-6.86785]},"properties":{"rate_time":-0.27}},{"type":"Feature","geometry":{"type":"Point","coordinates":[110.54356,-6.86772]},"properties":{"rate_time":-1.954}},{"type":"Feature","geometry":{"type":"Point","coordinates":[110.55563,-6.86772]},"properties":{"rate_time":-0.082}},{"type":"Feature","geometry":{"type":"Point","coordinates":[110.53776,-6.86768]},"properties":{"rate_time":0.211}},{"type":"Feature","geometry":{"type":"Point","coordinates":[110.54109,-6.86765]},"properties":{"rate_time":-2.004}},{"type":"Feature","geometry":{"type":"Point","coordinates":[110.55541,-6.86756]},"properties":{"rate_time":-0.034}},{"type":"Feature","geometry":{"type":"Point","coordinates":[110.54337,-6.86753]},"properties":{"rate_time":-1.701}},{"type":"Feature","geometry":{"type":"Point","coordinates":[110.5376,-6.86746]},"properties":{"rate_time":0.478}},{"type":"Feature","geometry":{"type":"Point","coordinates":[110.54118,-6.86741]},"properties":{"rate_time":-1.391}},{"type":"Feature","geometry":{"type":"Point","coordinates":[110.55519,-6.86741]},"properties":{"rate_time":-0.268}},{"type":"Feature","geometry":{"type":"Point","coordinates":[110.54317,-6.86734]},"properties":{"rate_time":-1.597}},{"type":"Feature","geometry":{"type":"Point","coordinates":[110.55494,-6.86729]},"properties":{"rate_time":-0.252}},{"type":"Feature","geometry":{"type":"Point","coordinates":[110.53741,-6.86728]},"properties":{"rate_time":0.459}},{"type":"Feature","geometry":{"type":"Point","coordinates":[110.55468,-6.86723]},"properties":{"rate_time":-0.103}},{"type":"Feature","geometry":{"type":"Point","coordinates":[110.54118,-6.86716]},"properties":{"rate_time":-1.71}},{"type":"Feature","geometry":{"type":"Point","coordinates":[110.53719,-6.86712]},"properties":{"rate_time":0.174}},{"type":"Feature","geometry":{"type":"Point","coordinates":[110.54302,-6.86712]},"properties":{"rate_time":-1.239}},{"type":"Feature","geometry":{"type":"Point","coordinates":[110.55301,-6.86708]},"properties":{"rate_time":0.323}},{"type":"Feature","geometry":{"type":"Point","coordinates":[110.55446,-6.86708]},"properties":{"rate_time":-0.429}},{"type":"Feature","geometry":{"type":"Point","coordinates":[110.54282,-6.86695]},"properties":{"rate_time":-1.046}},{"type":"Feature","geometry":{"type":"Point","coordinates":[110.54103,-6.86694]},"properties":{"rate_time":-1.466}},{"type":"Feature","geometry":{"type":"Point","coordinates":[110.55316,-6.86694]},"properties":{"rate_time":0.13}},{"type":"Feature","geometry":{"type":"Point","coordinates":[110.53701,-6.86691]},"properties":{"rate_time":0.212}},{"type":"Feature","geometry":{"type":"Point","coordinates":[110.55424,-6.86691]},"properties":{"rate_time":-0.515}},{"type":"Feature","geometry":{"type":"Point","coordinates":[110.55281,-6.8669]},"properties":{"rate_time":0.356}},{"type":"Feature","geometry":{"type":"Point","coordinates":[110.54258,-6.86684]},"properties":{"rate_time":-0.969}},{"type":"Feature","geometry":{"type":"Point","coordinates":[110.54079,-6.86682]},"properties":{"rate_time":-1.127}},{"type":"Feature","geometry":{"type":"Point","coordinates":[110.55402,-6.86676]},"properties":{"rate_time":-0.297}},{"type":"Feature","geometry":{"type":"Point","coordinates":[110.53917,-6.86675]},"properties":{"rate_time":-0.19}},{"type":"Feature","geometry":{"type":"Point","coordinates":[110.55328,-6.86675]},"properties":{"rate_time":-0.089}},{"type":"Feature","geometry":{"type":"Point","coordinates":[110.53939,-6.86674]},"properties":{"rate_time":0.557}},{"type":"Feature","geometry":{"type":"Point","coordinates":[110.55261,-6.86671]},"properties":{"rate_time":0.869}},{"type":"Feature","geometry":{"type":"Point","coordinates":[110.53685,-6.8667]},"properties":{"rate_time":0.363}},{"type":"Feature","geometry":{"type":"Point","coordinates":[110.54236,-6.86668]},"properties":{"rate_time":-0.735}},{"type":"Feature","geometry":{"type":"Point","coordinates":[110.54061,-6.86665]},"properties":{"rate_time":-0.731}},{"type":"Feature","geometry":{"type":"Point","coordinates":[110.55352,-6.86663]},"properties":{"rate_time":-0.3}},{"type":"Feature","geometry":{"type":"Point","coordinates":[110.55379,-6.86662]},"properties":{"rate_time":-0.193}},{"type":"Feature","geometry":{"type":"Point","coordinates":[110.53961,-6.86658]},"properties":{"rate_time":-0.75}},{"type":"Feature","geometry":{"type":"Point","coordinates":[110.53935,-6.86655]},"properties":{"rate_time":-0.81}},{"type":"Feature","geometry":{"type":"Point","coordinates":[110.55241,-6.86653]},"properties":{"rate_time":1.161}},{"type":"Feature","geometry":{"type":"Point","coordinates":[110.54217,-6.86649]},"properties":{"rate_time":-0.669}},{"type":"Feature","geometry":{"type":"Point","coordinates":[110.53959,-6.86648]},"properties":{"rate_time":-1.099}},{"type":"Feature","geometry":{"type":"Point","coordinates":[110.53672,-6.86646]},"properties":{"rate_time":0.792}},{"type":"Feature","geometry":{"type":"Point","coordinates":[110.53981,-6.8664]},"properties":{"rate_time":-1.129}},{"type":"Feature","geometry":{"type":"Point","coordinates":[110.54052,-6.8664]},"properties":{"rate_time":-1.24}},{"type":"Feature","geometry":{"type":"Point","coordinates":[110.53982,-6.86638]},"properties":{"rate_time":-1.141}},{"type":"Feature","geometry":{"type":"Point","coordinates":[110.55223,-6.86633]},"properties":{"rate_time":0.985}},{"type":"Feature","geometry":{"type":"Point","coordinates":[110.54027,-6.8663]},"properties":{"rate_time":-1.337}},{"type":"Feature","geometry":{"type":"Point","coordinates":[110.53651,-6.86628]},"properties":{"rate_time":1.374}},{"type":"Feature","geometry":{"type":"Point","coordinates":[110.542,-6.86627]},"properties":{"rate_time":-0.632}},{"type":"Feature","geometry":{"type":"Point","coordinates":[110.55198,-6.86625]},"properties":{"rate_time":0.685}},{"type":"Feature","geometry":{"type":"Point","coordinates":[110.54001,-6.86624]},"properties":{"rate_time":-1.139}},{"type":"Feature","geometry":{"type":"Point","coordinates":[110.51695,-6.86704]},"properties":{"rate_time":-2.599}},{"type":"Feature","geometry":{"type":"Point","coordinates":[110.5171,-6.86682]},"properties":{"rate_time":-3.891}},{"type":"Feature","geometry":{"type":"Point","coordinates":[110.51711,-6.86658]},"properties":{"rate_time":-2.418}},{"type":"Feature","geometry":{"type":"Point","coordinates":[110.51718,-6.86635]},"properties":{"rate_time":-0.683}},{"type":"Feature","geometry":{"type":"Point","coordinates":[110.51741,-6.8662]},"properties":{"rate_time":-3.023}},{"type":"Feature","geometry":{"type":"Point","coordinates":[110.51763,-6.86604]},"properties":{"rate_time":-2.544}},{"type":"Feature","geometry":{"type":"Point","coordinates":[110.5177,-6.86586]},"properties":{"rate_time":-1.397}},{"type":"Feature","geometry":{"type":"Point","coordinates":[110.51747,-6.86572]},"properties":{"rate_time":-1.206}},{"type":"Feature","geometry":{"type":"Point","coordinates":[110.5172,-6.86571]},"properties":{"rate_time":-1.129}},{"type":"Feature","geometry":{"type":"Point","coordinates":[110.51701,-6.86553]},"properties":{"rate_time":-1.096}},{"type":"Feature","geometry":{"type":"Point","coordinates":[110.53996,-6.86617]},"properties":{"rate_time":-1.053}},{"type":"Feature","geometry":{"type":"Point","coordinates":[110.53629,-6.86612]},"properties":{"rate_time":1.814}},{"type":"Feature","geometry":{"type":"Point","coordinates":[110.55182,-6.86606]},"properties":{"rate_time":0.765}},{"type":"Feature","geometry":{"type":"Point","coordinates":[110.54187,-6.86604]},"properties":{"rate_time":-0.353}},{"type":"Feature","geometry":{"type":"Point","coordinates":[110.53608,-6.86596]},"properties":{"rate_time":1.561}},{"type":"Feature","geometry":{"type":"Point","coordinates":[110.53991,-6.86591]},"properties":{"rate_time":-0.91}},{"type":"Feature","geometry":{"type":"Point","coordinates":[110.54167,-6.86587]},"properties":{"rate_time":-0.411}},{"type":"Feature","geometry":{"type":"Point","coordinates":[110.55168,-6.86583]},"properties":{"rate_time":0.524}},{"type":"Feature","geometry":{"type":"Point","coordinates":[110.53596,-6.86571]},"properties":{"rate_time":1.824}},{"type":"Feature","geometry":{"type":"Point","coordinates":[110.55147,-6.86566]},"properties":{"rate_time":1.362}},{"type":"Feature","geometry":{"type":"Point","coordinates":[110.5415,-6.86566]},"properties":{"rate_time":-0.566}},{"type":"Feature","geometry":{"type":"Point","coordinates":[110.55183,-6.86566]},"properties":{"rate_time":0.55}},{"type":"Feature","geometry":{"type":"Point","coordinates":[110.53997,-6.86564]},"properties":{"rate_time":-1.37}},{"type":"Feature","geometry":{"type":"Point","coordinates":[110.55206,-6.86556]},"properties":{"rate_time":0.049}},{"type":"Feature","geometry":{"type":"Point","coordinates":[110.55159,-6.86556]},"properties":{"rate_time":1.09}},{"type":"Feature","geometry":{"type":"Point","coordinates":[110.55123,-6.86553]},"properties":{"rate_time":2.112}},{"type":"Feature","geometry":{"type":"Point","coordinates":[110.53586,-6.86546]},"properties":{"rate_time":2.048}},{"type":"Feature","geometry":{"type":"Point","coordinates":[110.54136,-6.86543]},"properties":{"rate_time":-0.473}},{"type":"Feature","geometry":{"type":"Point","coordinates":[110.55228,-6.8654]},"properties":{"rate_time":-0.464}},{"type":"Feature","geometry":{"type":"Point","coordinates":[110.54006,-6.8654]},"properties":{"rate_time":-1.188}},{"type":"Feature","geometry":{"type":"Point","coordinates":[110.55103,-6.86537]},"properties":{"rate_time":-2.957}},{"type":"Feature","geometry":{"type":"Point","coordinates":[110.55141,-6.86535]},"properties":{"rate_time":2.025}},{"type":"Feature","geometry":{"type":"Point","coordinates":[110.5525,-6.86524]},"properties":{"rate_time":-0.775}},{"type":"Feature","geometry":{"type":"Point","coordinates":[110.53986,-6.86522]},"properties":{"rate_time":-1.118}},{"type":"Feature","geometry":{"type":"Point","coordinates":[110.54121,-6.8652]},"properties":{"rate_time":-0.241}},{"type":"Feature","geometry":{"type":"Point","coordinates":[110.53579,-6.8652]},"properties":{"rate_time":2.171}},{"type":"Feature","geometry":{"type":"Point","coordinates":[110.55123,-6.86515]},"properties":{"rate_time":2.266}},{"type":"Feature","geometry":{"type":"Point","coordinates":[110.55091,-6.86513]},"properties":{"rate_time":0.99}},{"type":"Feature","geometry":{"type":"Point","coordinates":[110.53964,-6.86506]},"properties":{"rate_time":-0.53}},{"type":"Feature","geometry":{"type":"Point","coordinates":[110.55263,-6.86501]},"properties":{"rate_time":-1.336}},{"type":"Feature","geometry":{"type":"Point","coordinates":[110.55103,-6.86497]},"properties":{"rate_time":4.619}},{"type":"Feature","geometry":{"type":"Point","coordinates":[110.54118,-6.86494]},"properties":{"rate_time":-0.206}},{"type":"Feature","geometry":{"type":"Point","coordinates":[110.53572,-6.86494]},"properties":{"rate_time":2.684}},{"type":"Feature","geometry":{"type":"Point","coordinates":[110.5394,-6.86493]},"properties":{"rate_time":0.18}},{"type":"Feature","geometry":{"type":"Point","coordinates":[110.55075,-6.8649]},"properties":{"rate_time":3.663}},{"type":"Feature","geometry":{"type":"Point","coordinates":[110.55279,-6.8648]},"properties":{"rate_time":-2.458}},{"type":"Feature","geometry":{"type":"Point","coordinates":[110.53917,-6.8648]},"properties":{"rate_time":0.429}},{"type":"Feature","geometry":{"type":"Point","coordinates":[110.55082,-6.8648]},"properties":{"rate_time":4.895}},{"type":"Feature","geometry":{"type":"Point","coordinates":[110.53508,-6.86474]},"properties":{"rate_time":0.63}},{"type":"Feature","geometry":{"type":"Point","coordinates":[110.53481,-6.86471]},"properties":{"rate_time":0.401}},{"type":"Feature","geometry":{"type":"Point","coordinates":[110.54923,-6.8647]},"properties":{"rate_time":-3.194}},{"type":"Feature","geometry":{"type":"Point","coordinates":[110.5506,-6.86468]},"properties":{"rate_time":-0.296}},{"type":"Feature","geometry":{"type":"Point","coordinates":[110.53578,-6.86468]},"properties":{"rate_time":2.609}},{"type":"Feature","geometry":{"type":"Point","coordinates":[110.54115,-6.86467]},"properties":{"rate_time":-0.521}},{"type":"Feature","geometry":{"type":"Point","coordinates":[110.53893,-6.86466]},"properties":{"rate_time":0.94}},{"type":"Feature","geometry":{"type":"Point","coordinates":[110.55035,-6.86465]},"properties":{"rate_time":2.407}},{"type":"Feature","geometry":{"type":"Point","coordinates":[110.55301,-6.86465]},"properties":{"rate_time":-3.707}},{"type":"Feature","geometry":{"type":"Point","coordinates":[110.55061,-6.86463]},"properties":{"rate_time":-0.629}},{"type":"Feature","geometry":{"type":"Point","coordinates":[110.53529,-6.86458]},"properties":{"rate_time":1.827}},{"type":"Feature","geometry":{"type":"Point","coordinates":[110.54904,-6.86458]},"properties":{"rate_time":-3.489}},{"type":"Feature","geometry":{"type":"Point","coordinates":[110.51691,-6.8653]},"properties":{"rate_time":-0.469}},{"type":"Feature","geometry":{"type":"Point","coordinates":[110.517,-6.86507]},"properties":{"rate_time":-0.201}},{"type":"Feature","geometry":{"type":"Point","coordinates":[110.51724,-6.86494]},"properties":{"rate_time":-0.188}},{"type":"Feature","geometry":{"type":"Point","coordinates":[110.51748,-6.86483]},"properties":{"rate_time":-0.288}},{"type":"Feature","geometry":{"type":"Point","coordinates":[110.51767,-6.86463]},"properties":{"rate_time":-0.005}},{"type":"Feature","geometry":{"type":"Point","coordinates":[110.51782,-6.86441]},"properties":{"rate_time":0.436}},{"type":"Feature","geometry":{"type":"Point","coordinates":[110.51794,-6.86417]},"properties":{"rate_time":0.516}},{"type":"Feature","geometry":{"type":"Point","coordinates":[110.51897,-6.86396]},"properties":{"rate_time":0.235}},{"type":"Feature","geometry":{"type":"Point","coordinates":[110.51809,-6.86394]},"properties":{"rate_time":1.092}},{"type":"Feature","geometry":{"type":"Point","coordinates":[110.51876,-6.86379]},"properties":{"rate_time":0.539}},{"type":"Feature","geometry":{"type":"Point","coordinates":[110.55323,-6.86457]},"properties":{"rate_time":-2.44}},{"type":"Feature","geometry":{"type":"Point","coordinates":[110.53888,-6.86455]},"properties":{"rate_time":1.023}},{"type":"Feature","geometry":{"type":"Point","coordinates":[110.53462,-6.86452]},"properties":{"rate_time":0.329}},{"type":"Feature","geometry":{"type":"Point","coordinates":[110.55015,-6.8645]},"properties":{"rate_time":3.302}},{"type":"Feature","geometry":{"type":"Point","coordinates":[110.541,-6.86447]},"properties":{"rate_time":-1.079}},{"type":"Feature","geometry":{"type":"Point","coordinates":[110.54931,-6.86446]},"properties":{"rate_time":-3.979}},{"type":"Feature","geometry":{"type":"Point","coordinates":[110.5359,-6.86444]},"properties":{"rate_time":4.124}},{"type":"Feature","geometry":{"type":"Point","coordinates":[110.55044,-6.86441]},"properties":{"rate_time":-1.9}},{"type":"Feature","geometry":{"type":"Point","coordinates":[110.53549,-6.8644]},"properties":{"rate_time":3.244}},{"type":"Feature","geometry":{"type":"Point","coordinates":[110.54074,-6.86438]},"properties":{"rate_time":-1.505}},{"type":"Feature","geometry":{"type":"Point","coordinates":[110.53905,-6.86434]},"properties":{"rate_time":0.31}},{"type":"Feature","geometry":{"type":"Point","coordinates":[110.53444,-6.86432]},"properties":{"rate_time":0.349}},{"type":"Feature","geometry":{"type":"Point","coordinates":[110.55819,-6.86431]},"properties":{"rate_time":-0.137}},{"type":"Feature","geometry":{"type":"Point","coordinates":[110.5491,-6.86431]},"properties":{"rate_time":-2.646}},{"type":"Feature","geometry":{"type":"Point","coordinates":[110.55317,-6.8643]},"properties":{"rate_time":-2.987}},{"type":"Feature","geometry":{"type":"Point","coordinates":[110.54997,-6.8643]},"properties":{"rate_time":3.189}},{"type":"Feature","geometry":{"type":"Point","coordinates":[110.5405,-6.86429]},"properties":{"rate_time":-1.82}},{"type":"Feature","geometry":{"type":"Point","coordinates":[110.53589,-6.86426]},"properties":{"rate_time":4.058}},{"type":"Feature","geometry":{"type":"Point","coordinates":[110.55025,-6.86422]},"properties":{"rate_time":-2.384}},{"type":"Feature","geometry":{"type":"Point","coordinates":[110.54936,-6.8642]},"properties":{"rate_time":-3.679}},{"type":"Feature","geometry":{"type":"Point","coordinates":[110.53564,-6.86417]},"properties":{"rate_time":3.807}},{"type":"Feature","geometry":{"type":"Point","coordinates":[110.53891,-6.86413]},"properties":{"rate_time":0.953}},{"type":"Feature","geometry":{"type":"Point","coordinates":[110.5192,-6.8641]},"properties":{"rate_time":-0.311}},{"type":"Feature","geometry":{"type":"Point","coordinates":[110.55803,-6.86409]},"properties":{"rate_time":-0.125}},{"type":"Feature","geometry":{"type":"Point","coordinates":[110.53431,-6.86408]},"properties":{"rate_time":0.299}},{"type":"Feature","geometry":{"type":"Point","coordinates":[110.54983,-6.86406]},"properties":{"rate_time":2.744}},{"type":"Feature","geometry":{"type":"Point","coordinates":[110.51943,-6.86405]},"properties":{"rate_time":-0.185}},{"type":"Feature","geometry":{"type":"Point","coordinates":[110.54916,-6.86405]},"properties":{"rate_time":-5.141}},{"type":"Feature","geometry":{"type":"Point","coordinates":[110.55309,-6.86404]},"properties":{"rate_time":-3.34}},{"type":"Feature","geometry":{"type":"Point","coordinates":[110.55005,-6.86404]},"properties":{"rate_time":1.564}},{"type":"Feature","geometry":{"type":"Point","coordinates":[110.54041,-6.86404]},"properties":{"rate_time":-2.301}},{"type":"Feature","geometry":{"type":"Point","coordinates":[110.54953,-6.864]},"properties":{"rate_time":-3.375}},{"type":"Feature","geometry":{"type":"Point","coordinates":[110.55819,-6.86391]},"properties":{"rate_time":-0.136}},{"type":"Feature","geometry":{"type":"Point","coordinates":[110.53413,-6.86388]},"properties":{"rate_time":0.307}},{"type":"Feature","geometry":{"type":"Point","coordinates":[110.53888,-6.86388]},"properties":{"rate_time":1.492}},{"type":"Feature","geometry":{"type":"Point","coordinates":[110.53702,-6.86388]},"properties":{"rate_time":5.144}},{"type":"Feature","geometry":{"type":"Point","coordinates":[110.54984,-6.86386]},"properties":{"rate_time":-1.022}},{"type":"Feature","geometry":{"type":"Point","coordinates":[110.51929,-6.86385]},"properties":{"rate_time":-0.53}},{"type":"Feature","geometry":{"type":"Point","coordinates":[110.54974,-6.86383]},"properties":{"rate_time":-1.942}},{"type":"Feature","geometry":{"type":"Point","coordinates":[110.53675,-6.86383]},"properties":{"rate_time":4.116}},{"type":"Feature","geometry":{"type":"Point","coordinates":[110.54024,-6.86382]},"properties":{"rate_time":-2.588}},{"type":"Feature","geometry":{"type":"Point","coordinates":[110.53728,-6.86382]},"properties":{"rate_time":6.071}},{"type":"Feature","geometry":{"type":"Point","coordinates":[110.5492,-6.86378]},"properties":{"rate_time":-3.445}},{"type":"Feature","geometry":{"type":"Point","coordinates":[110.55308,-6.86377]},"properties":{"rate_time":-4.158}},{"type":"Feature","geometry":{"type":"Point","coordinates":[110.5365,-6.86373]},"properties":{"rate_time":2.766}},{"type":"Feature","geometry":{"type":"Point","coordinates":[110.55838,-6.86371]},"properties":{"rate_time":-0.569}},{"type":"Feature","geometry":{"type":"Point","coordinates":[110.54962,-6.86371]},"properties":{"rate_time":-2.704}},{"type":"Feature","geometry":{"type":"Point","coordinates":[110.53392,-6.86371]},"properties":{"rate_time":0.208}},{"type":"Feature","geometry":{"type":"Point","coordinates":[110.53714,-6.86367]},"properties":{"rate_time":5.238}},{"type":"Feature","geometry":{"type":"Point","coordinates":[110.53624,-6.86366]},"properties":{"rate_time":1.635}},{"type":"Feature","geometry":{"type":"Point","coordinates":[110.5191,-6.86365]},"properties":{"rate_time":-0.719}},{"type":"Feature","geometry":{"type":"Point","coordinates":[110.539,-6.86365]},"properties":{"rate_time":1.245}},{"type":"Feature","geometry":{"type":"Point","coordinates":[110.54938,-6.86364]},"properties":{"rate_time":-4.131}},{"type":"Feature","geometry":{"type":"Point","coordinates":[110.53597,-6.86361]},"properties":{"rate_time":1.284}},{"type":"Feature","geometry":{"type":"Point","coordinates":[110.54021,-6.86356]},"properties":{"rate_time":-0.129}},{"type":"Feature","geometry":{"type":"Point","coordinates":[110.53372,-6.86353]},"properties":{"rate_time":0.253}},{"type":"Feature","geometry":{"type":"Point","coordinates":[110.55319,-6.86353]},"properties":{"rate_time":-5.956}},{"type":"Feature","geometry":{"type":"Point","coordinates":[110.53572,-6.86353]},"properties":{"rate_time":0.959}},{"type":"Feature","geometry":{"type":"Point","coordinates":[110.54527,-6.86352]},"properties":{"rate_time":1.152}},{"type":"Feature","geometry":{"type":"Point","coordinates":[110.55857,-6.86352]},"properties":{"rate_time":-0.825}},{"type":"Feature","geometry":{"type":"Point","coordinates":[110.51827,-6.86375]},"properties":{"rate_time":1.399}},{"type":"Feature","geometry":{"type":"Point","coordinates":[110.51853,-6.86365]},"properties":{"rate_time":1.402}},{"type":"Feature","geometry":{"type":"Point","coordinates":[110.51754,-6.86363]},"properties":{"rate_time":1.88}},{"type":"Feature","geometry":{"type":"Point","coordinates":[110.51727,-6.8636]},"properties":{"rate_time":2.145}},{"type":"Feature","geometry":{"type":"Point","coordinates":[110.51779,-6.86354]},"properties":{"rate_time":1.73}},{"type":"Feature","geometry":{"type":"Point","coordinates":[110.51704,-6.86348]},"properties":{"rate_time":0.926}},{"type":"Feature","geometry":{"type":"Point","coordinates":[110.518,-6.86338]},"properties":{"rate_time":1.921}},{"type":"Feature","geometry":{"type":"Point","coordinates":[110.51682,-6.86331]},"properties":{"rate_time":1.585}},{"type":"Feature","geometry":{"type":"Point","coordinates":[110.51883,-6.86319]},"properties":{"rate_time":0.244}},{"type":"Feature","geometry":{"type":"Point","coordinates":[110.51818,-6.86318]},"properties":{"rate_time":2.203}},{"type":"Feature","geometry":{"type":"Point","coordinates":[110.53692,-6.86351]},"properties":{"rate_time":3.169}},{"type":"Feature","geometry":{"type":"Point","coordinates":[110.53546,-6.86347]},"properties":{"rate_time":1.322}},{"type":"Feature","geometry":{"type":"Point","coordinates":[110.54515,-6.86347]},"properties":{"rate_time":1.063}},{"type":"Feature","geometry":{"type":"Point","coordinates":[110.54504,-6.86345]},"properties":{"rate_time":1.051}},{"type":"Feature","geometry":{"type":"Point","coordinates":[110.53917,-6.86344]},"properties":{"rate_time":0.622}},{"type":"Feature","geometry":{"type":"Point","coordinates":[110.51899,-6.86341]},"properties":{"rate_time":-0.511}},{"type":"Feature","geometry":{"type":"Point","coordinates":[110.5352,-6.86341]},"properties":{"rate_time":1.267}},{"type":"Feature","geometry":{"type":"Point","coordinates":[110.5367,-6.86337]},"properties":{"rate_time":2.174}},{"type":"Feature","geometry":{"type":"Point","coordinates":[110.53354,-6.86333]},"properties":{"rate_time":0.16}},{"type":"Feature","geometry":{"type":"Point","coordinates":[110.55876,-6.86332]},"properties":{"rate_time":-0.194}},{"type":"Feature","geometry":{"type":"Point","coordinates":[110.53643,-6.86332]},"properties":{"rate_time":1.514}},{"type":"Feature","geometry":{"type":"Point","coordinates":[110.54459,-6.8633]},"properties":{"rate_time":0.493}},{"type":"Feature","geometry":{"type":"Point","coordinates":[110.54494,-6.86329]},"properties":{"rate_time":0.903}},{"type":"Feature","geometry":{"type":"Point","coordinates":[110.54026,-6.86329]},"properties":{"rate_time":0.886}},{"type":"Feature","geometry":{"type":"Point","coordinates":[110.53496,-6.86328]},"properties":{"rate_time":0.33}},{"type":"Feature","geometry":{"type":"Point","coordinates":[110.53617,-6.86326]},"properties":{"rate_time":1.087}},{"type":"Feature","geometry":{"type":"Point","coordinates":[110.54485,-6.86326]},"properties":{"rate_time":0.462}},{"type":"Feature","geometry":{"type":"Point","coordinates":[110.55324,-6.86326]},"properties":{"rate_time":-6.627}},{"type":"Feature","geometry":{"type":"Point","coordinates":[110.53926,-6.86319]},"properties":{"rate_time":0.587}},{"type":"Feature","geometry":{"type":"Point","coordinates":[110.53592,-6.86315]},"properties":{"rate_time":0.518}},{"type":"Feature","geometry":{"type":"Point","coordinates":[110.53335,-6.86313]},"properties":{"rate_time":0.121}},{"type":"Feature","geometry":{"type":"Point","coordinates":[110.53474,-6.86312]},"properties":{"rate_time":0.002}},{"type":"Feature","geometry":{"type":"Point","coordinates":[110.55988,-6.86311]},"properties":{"rate_time":-0.834}},{"type":"Feature","geometry":{"type":"Point","coordinates":[110.55885,-6.86308]},"properties":{"rate_time":-0.673}},{"type":"Feature","geometry":{"type":"Point","coordinates":[110.55304,-6.86308]},"properties":{"rate_time":-8.293}},{"type":"Feature","geometry":{"type":"Point","coordinates":[110.55771,-6.86307]},"properties":{"rate_time":-2.063}},{"type":"Feature","geometry":{"type":"Point","coordinates":[110.54463,-6.86306]},"properties":{"rate_time":0.305}},{"type":"Feature","geometry":{"type":"Point","coordinates":[110.54493,-6.86305]},"properties":{"rate_time":0.341}},{"type":"Feature","geometry":{"type":"Point","coordinates":[110.53567,-6.86305]},"properties":{"rate_time":0.614}},{"type":"Feature","geometry":{"type":"Point","coordinates":[110.55968,-6.86305]},"properties":{"rate_time":-0.995}},{"type":"Feature","geometry":{"type":"Point","coordinates":[110.55751,-6.86305]},"properties":{"rate_time":-2.463}},{"type":"Feature","geometry":{"type":"Point","coordinates":[110.54032,-6.86303]},"properties":{"rate_time":-1.164}},{"type":"Feature","geometry":{"type":"Point","coordinates":[110.53453,-6.86294]},"properties":{"rate_time":0.084}},{"type":"Feature","geometry":{"type":"Point","coordinates":[110.53933,-6.86294]},"properties":{"rate_time":0.915}},{"type":"Feature","geometry":{"type":"Point","coordinates":[110.53317,-6.86293]},"properties":{"rate_time":0.154}},{"type":"Feature","geometry":{"type":"Point","coordinates":[110.55282,-6.86292]},"properties":{"rate_time":-13.212}},{"type":"Feature","geometry":{"type":"Point","coordinates":[110.55998,-6.8629]},"properties":{"rate_time":-2.895}},{"type":"Feature","geometry":{"type":"Point","coordinates":[110.55792,-6.86289]},"properties":{"rate_time":-2.648}},{"type":"Feature","geometry":{"type":"Point","coordinates":[110.53545,-6.86289]},"properties":{"rate_time":0.377}},{"type":"Feature","geometry":{"type":"Point","coordinates":[110.55875,-6.86286]},"properties":{"rate_time":-2.848}},{"type":"Feature","geometry":{"type":"Point","coordinates":[110.5595,-6.86285]},"properties":{"rate_time":-3.049}},{"type":"Feature","geometry":{"type":"Point","coordinates":[110.54508,-6.86284]},"properties":{"rate_time":-0.462}},{"type":"Feature","geometry":{"type":"Point","coordinates":[110.55734,-6.86284]},"properties":{"rate_time":-3.586}},{"type":"Feature","geometry":{"type":"Point","coordinates":[110.55633,-6.86283]},"properties":{"rate_time":-7.275}},{"type":"Feature","geometry":{"type":"Point","coordinates":[110.54472,-6.86281]},"properties":{"rate_time":0.189}},{"type":"Feature","geometry":{"type":"Point","coordinates":[110.54021,-6.86281]},"properties":{"rate_time":-0.874}},{"type":"Feature","geometry":{"type":"Point","coordinates":[110.53432,-6.86278]},"properties":{"rate_time":0.054}},{"type":"Feature","geometry":{"type":"Point","coordinates":[110.55658,-6.86278]},"properties":{"rate_time":-10.039}},{"type":"Feature","geometry":{"type":"Point","coordinates":[110.53952,-6.86275]},"properties":{"rate_time":0.786}},{"type":"Feature","geometry":{"type":"Point","coordinates":[110.55262,-6.86274]},"properties":{"rate_time":-13.039}},{"type":"Feature","geometry":{"type":"Point","coordinates":[110.51664,-6.86311]},"properties":{"rate_time":3.472}},{"type":"Feature","geometry":{"type":"Point","coordinates":[110.51835,-6.86297]},"properties":{"rate_time":2.134}},{"type":"Feature","geometry":{"type":"Point","coordinates":[110.51878,-6.86293]},"properties":{"rate_time":0.86}},{"type":"Feature","geometry":{"type":"Point","coordinates":[110.51649,-6.8629]},"properties":{"rate_time":5.71}},{"type":"Feature","geometry":{"type":"Point","coordinates":[110.51843,-6.86271]},"properties":{"rate_time":2.369}},{"type":"Feature","geometry":{"type":"Point","coordinates":[110.51882,-6.86266]},"properties":{"rate_time":1.694}},{"type":"Feature","geometry":{"type":"Point","coordinates":[110.51638,-6.86264]},"properties":{"rate_time":6.111}},{"type":"Feature","geometry":{"type":"Point","coordinates":[110.51847,-6.86244]},"properties":{"rate_time":2.568}},{"type":"Feature","geometry":{"type":"Point","coordinates":[110.5189,-6.8624]},"properties":{"rate_time":2.026}},{"type":"Feature","geometry":{"type":"Point","coordinates":[110.51628,-6.8624]},"properties":{"rate_time":6.075}},{"type":"Feature","geometry":{"type":"Point","coordinates":[110.54532,-6.86272]},"properties":{"rate_time":-0.611}},{"type":"Feature","geometry":{"type":"Point","coordinates":[110.55812,-6.86271]},"properties":{"rate_time":-3.958}},{"type":"Feature","geometry":{"type":"Point","coordinates":[110.53306,-6.86269]},"properties":{"rate_time":0.577}},{"type":"Feature","geometry":{"type":"Point","coordinates":[110.53529,-6.86268]},"properties":{"rate_time":0.038}},{"type":"Feature","geometry":{"type":"Point","coordinates":[110.55985,-6.86267]},"properties":{"rate_time":-4.267}},{"type":"Feature","geometry":{"type":"Point","coordinates":[110.55615,-6.86265]},"properties":{"rate_time":-15.794}},{"type":"Feature","geometry":{"type":"Point","coordinates":[110.55933,-6.86263]},"properties":{"rate_time":-4.536}},{"type":"Feature","geometry":{"type":"Point","coordinates":[110.54001,-6.86262]},"properties":{"rate_time":0.095}},{"type":"Feature","geometry":{"type":"Point","coordinates":[110.5341,-6.86262]},"properties":{"rate_time":-0.027}},{"type":"Feature","geometry":{"type":"Point","coordinates":[110.55868,-6.86262]},"properties":{"rate_time":-4.678}},{"type":"Feature","geometry":{"type":"Point","coordinates":[110.53358,-6.86262]},"properties":{"rate_time":0.217}},{"type":"Feature","geometry":{"type":"Point","coordinates":[110.54515,-6.86262]},"properties":{"rate_time":-1.117}},{"type":"Feature","geometry":{"type":"Point","coordinates":[110.53974,-6.86261]},"properties":{"rate_time":0.124}},{"type":"Feature","geometry":{"type":"Point","coordinates":[110.5572,-6.86261]},"properties":{"rate_time":-5.124}},{"type":"Feature","geometry":{"type":"Point","coordinates":[110.53331,-6.86261]},"properties":{"rate_time":0.32}},{"type":"Feature","geometry":{"type":"Point","coordinates":[110.53385,-6.8626]},"properties":{"rate_time":0.172}},{"type":"Feature","geometry":{"type":"Point","coordinates":[110.55167,-6.86258]},"properties":{"rate_time":-6.239}},{"type":"Feature","geometry":{"type":"Point","coordinates":[110.55676,-6.86258]},"properties":{"rate_time":-18.977}},{"type":"Feature","geometry":{"type":"Point","coordinates":[110.54466,-6.86256]},"properties":{"rate_time":-0.758}},{"type":"Feature","geometry":{"type":"Point","coordinates":[110.55243,-6.86255]},"properties":{"rate_time":-12.849}},{"type":"Feature","geometry":{"type":"Point","coordinates":[110.55829,-6.8625]},"properties":{"rate_time":-5.703}},{"type":"Feature","geometry":{"type":"Point","coordinates":[110.55965,-6.86248]},"properties":{"rate_time":-5.651}},{"type":"Feature","geometry":{"type":"Point","coordinates":[110.557,-6.86248]},"properties":{"rate_time":-21.118}},{"type":"Feature","geometry":{"type":"Point","coordinates":[110.55191,-6.86246]},"properties":{"rate_time":-10.252}},{"type":"Feature","geometry":{"type":"Point","coordinates":[110.55144,-6.86245]},"properties":{"rate_time":-5.7}},{"type":"Feature","geometry":{"type":"Point","coordinates":[110.55218,-6.86244]},"properties":{"rate_time":-11.049}},{"type":"Feature","geometry":{"type":"Point","coordinates":[110.54495,-6.86244]},"properties":{"rate_time":-1.051}},{"type":"Feature","geometry":{"type":"Point","coordinates":[110.55916,-6.86242]},"properties":{"rate_time":-6.165}},{"type":"Feature","geometry":{"type":"Point","coordinates":[110.55601,-6.86242]},"properties":{"rate_time":-15.93}},{"type":"Feature","geometry":{"type":"Point","coordinates":[110.53527,-6.86241]},"properties":{"rate_time":-0.018}},{"type":"Feature","geometry":{"type":"Point","coordinates":[110.54471,-6.8624]},"properties":{"rate_time":-0.787}},{"type":"Feature","geometry":{"type":"Point","coordinates":[110.5588,-6.86239]},"properties":{"rate_time":-6.563}},{"type":"Feature","geometry":{"type":"Point","coordinates":[110.5587,-6.86229]},"properties":{"rate_time":-20.803}},{"type":"Feature","geometry":{"type":"Point","coordinates":[110.55947,-6.86228]},"properties":{"rate_time":-7.226}},{"type":"Feature","geometry":{"type":"Point","coordinates":[110.55844,-6.86227]},"properties":{"rate_time":-21.329}},{"type":"Feature","geometry":{"type":"Point","coordinates":[110.55899,-6.86221]},"properties":{"rate_time":-21.933}},{"type":"Feature","geometry":{"type":"Point","coordinates":[110.55145,-6.8622]},"properties":{"rate_time":-7.071}},{"type":"Feature","geometry":{"type":"Point","coordinates":[110.55586,-6.86219]},"properties":{"rate_time":-19.506}},{"type":"Feature","geometry":{"type":"Point","coordinates":[110.53536,-6.86215]},"properties":{"rate_time":0.122}},{"type":"Feature","geometry":{"type":"Point","coordinates":[110.55891,-6.86213]},"properties":{"rate_time":-25.624}},{"type":"Feature","geometry":{"type":"Point","coordinates":[110.55939,-6.86204]},"properties":{"rate_time":-28.471}},{"type":"Feature","geometry":{"type":"Point","coordinates":[110.55569,-6.86198]},"properties":{"rate_time":-19.409}},{"type":"Feature","geometry":{"type":"Point","coordinates":[110.53238,-6.86194]},"properties":{"rate_time":-0.163}},{"type":"Feature","geometry":{"type":"Point","coordinates":[110.55907,-6.86193]},"properties":{"rate_time":-28.123}},{"type":"Feature","geometry":{"type":"Point","coordinates":[110.55145,-6.86193]},"properties":{"rate_time":-7.164}},{"type":"Feature","geometry":{"type":"Point","coordinates":[110.53212,-6.86192]},"properties":{"rate_time":-0.055}},{"type":"Feature","geometry":{"type":"Point","coordinates":[110.53543,-6.86189]},"properties":{"rate_time":0.174}},{"type":"Feature","geometry":{"type":"Point","coordinates":[110.51905,-6.86188]},"properties":{"rate_time":2.122}},{"type":"Feature","geometry":{"type":"Point","coordinates":[110.55946,-6.86179]},"properties":{"rate_time":-29.427}},{"type":"Feature","geometry":{"type":"Point","coordinates":[110.55928,-6.86178]},"properties":{"rate_time":-29.19}},{"type":"Feature","geometry":{"type":"Point","coordinates":[110.51852,-6.86217]},"properties":{"rate_time":2.42}},{"type":"Feature","geometry":{"type":"Point","coordinates":[110.51897,-6.86214]},"properties":{"rate_time":2.228}},{"type":"Feature","geometry":{"type":"Point","coordinates":[110.51626,-6.86213]},"properties":{"rate_time":5.834}},{"type":"Feature","geometry":{"type":"Point","coordinates":[110.5186,-6.86192]},"properties":{"rate_time":2.256}},{"type":"Feature","geometry":{"type":"Point","coordinates":[110.51622,-6.86186]},"properties":{"rate_time":3.474}},{"type":"Feature","geometry":{"type":"Point","coordinates":[110.51868,-6.86165]},"properties":{"rate_time":2.084}},{"type":"Feature","geometry":{"type":"Point","coordinates":[110.51614,-6.8616]},"properties":{"rate_time":2.125}},{"type":"Feature","geometry":{"type":"Point","coordinates":[110.51886,-6.86148]},"properties":{"rate_time":1.043}},{"type":"Feature","geometry":{"type":"Point","coordinates":[110.51596,-6.8614]},"properties":{"rate_time":1.852}},{"type":"Feature","geometry":{"type":"Point","coordinates":[110.51585,-6.86116]},"properties":{"rate_time":1.652}},{"type":"Feature","geometry":{"type":"Point","coordinates":[110.53258,-6.86175]},"properties":{"rate_time":-0.127}},{"type":"Feature","geometry":{"type":"Point","coordinates":[110.55562,-6.86172]},"properties":{"rate_time":-19.98}},{"type":"Feature","geometry":{"type":"Point","coordinates":[110.53197,-6.8617]},"properties":{"rate_time":0.001}},{"type":"Feature","geometry":{"type":"Point","coordinates":[110.5515,-6.86166]},"properties":{"rate_time":-9.304}},{"type":"Feature","geometry":{"type":"Point","coordinates":[110.5192,-6.86165]},"properties":{"rate_time":2.005}},{"type":"Feature","geometry":{"type":"Point","coordinates":[110.53533,-6.86164]},"properties":{"rate_time":0.392}},{"type":"Feature","geometry":{"type":"Point","coordinates":[110.5595,-6.86162]},"properties":{"rate_time":-29.996}},{"type":"Feature","geometry":{"type":"Point","coordinates":[110.53277,-6.86156]},"properties":{"rate_time":-0.179}},{"type":"Feature","geometry":{"type":"Point","coordinates":[110.55954,-6.86155]},"properties":{"rate_time":-30.26}},{"type":"Feature","geometry":{"type":"Point","coordinates":[110.53181,-6.86148]},"properties":{"rate_time":-0.003}},{"type":"Feature","geometry":{"type":"Point","coordinates":[110.55169,-6.86148]},"properties":{"rate_time":-11.263}},{"type":"Feature","geometry":{"type":"Point","coordinates":[110.55562,-6.86145]},"properties":{"rate_time":-20.85}},{"type":"Feature","geometry":{"type":"Point","coordinates":[110.5191,-6.86144]},"properties":{"rate_time":2.068}},{"type":"Feature","geometry":{"type":"Point","coordinates":[110.53532,-6.86137]},"properties":{"rate_time":0.54}},{"type":"Feature","geometry":{"type":"Point","coordinates":[110.53293,-6.86134]},"properties":{"rate_time":-0.259}},{"type":"Feature","geometry":{"type":"Point","coordinates":[110.55187,-6.86128]},"properties":{"rate_time":-11.558}},{"type":"Feature","geometry":{"type":"Point","coordinates":[110.53164,-6.86127]},"properties":{"rate_time":-0.038}},{"type":"Feature","geometry":{"type":"Point","coordinates":[110.53912,-6.86119]},"properties":{"rate_time":0.015}},{"type":"Feature","geometry":{"type":"Point","coordinates":[110.55559,-6.86119]},"properties":{"rate_time":-21.618}},{"type":"Feature","geometry":{"type":"Point","coordinates":[110.54017,-6.86118]},"properties":{"rate_time":-0.651}},{"type":"Feature","geometry":{"type":"Point","coordinates":[110.53936,-6.86117]},"properties":{"rate_time":-0.279}},{"type":"Feature","geometry":{"type":"Point","coordinates":[110.5399,-6.86116]},"properties":{"rate_time":-0.581}},{"type":"Feature","geometry":{"type":"Point","coordinates":[110.53313,-6.86115]},"properties":{"rate_time":-0.189}},{"type":"Feature","geometry":{"type":"Point","coordinates":[110.53963,-6.86113]},"properties":{"rate_time":-0.508}},{"type":"Feature","geometry":{"type":"Point","coordinates":[110.54042,-6.86111]},"properties":{"rate_time":-0.687}},{"type":"Feature","geometry":{"type":"Point","coordinates":[110.53536,-6.8611]},"properties":{"rate_time":0.193}},{"type":"Feature","geometry":{"type":"Point","coordinates":[110.53145,-6.86107]},"properties":{"rate_time":-0.049}},{"type":"Feature","geometry":{"type":"Point","coordinates":[110.55196,-6.86103]},"properties":{"rate_time":-11.639}},{"type":"Feature","geometry":{"type":"Point","coordinates":[110.53906,-6.86101]},"properties":{"rate_time":-0.193}},{"type":"Feature","geometry":{"type":"Point","coordinates":[110.54031,-6.86097]},"properties":{"rate_time":-0.594}},{"type":"Feature","geometry":{"type":"Point","coordinates":[110.55548,-6.86094]},"properties":{"rate_time":-22.119}},{"type":"Feature","geometry":{"type":"Point","coordinates":[110.53929,-6.86094]},"properties":{"rate_time":-0.016}},{"type":"Feature","geometry":{"type":"Point","coordinates":[110.53325,-6.86092]},"properties":{"rate_time":-0.063}},{"type":"Feature","geometry":{"type":"Point","coordinates":[110.53127,-6.86087]},"properties":{"rate_time":0.215}},{"type":"Feature","geometry":{"type":"Point","coordinates":[110.53951,-6.86087]},"properties":{"rate_time":-0.82}},{"type":"Feature","geometry":{"type":"Point","coordinates":[110.55524,-6.86085]},"properties":{"rate_time":-21.742}},{"type":"Feature","geometry":{"type":"Point","coordinates":[110.53539,-6.86083]},"properties":{"rate_time":0.067}},{"type":"Feature","geometry":{"type":"Point","coordinates":[110.54009,-6.86082]},"properties":{"rate_time":-0.415}},{"type":"Feature","geometry":{"type":"Point","coordinates":[110.55187,-6.86079]},"properties":{"rate_time":-11.722}},{"type":"Feature","geometry":{"type":"Point","coordinates":[110.55136,-6.86079]},"properties":{"rate_time":-11.518}},{"type":"Feature","geometry":{"type":"Point","coordinates":[110.55161,-6.86073]},"properties":{"rate_time":-11.649}},{"type":"Feature","geometry":{"type":"Point","coordinates":[110.55504,-6.86068]},"properties":{"rate_time":-21.689}},{"type":"Feature","geometry":{"type":"Point","coordinates":[110.53334,-6.86067]},"properties":{"rate_time":0.004}},{"type":"Feature","geometry":{"type":"Point","coordinates":[110.53988,-6.86066]},"properties":{"rate_time":-0.567}},{"type":"Feature","geometry":{"type":"Point","coordinates":[110.53111,-6.86066]},"properties":{"rate_time":0.369}},{"type":"Feature","geometry":{"type":"Point","coordinates":[110.53966,-6.86064]},"properties":{"rate_time":-0.607}},{"type":"Feature","geometry":{"type":"Point","coordinates":[110.53443,-6.8606]},"properties":{"rate_time":0.428}},{"type":"Feature","geometry":{"type":"Point","coordinates":[110.55117,-6.8606]},"properties":{"rate_time":-11.355}},{"type":"Feature","geometry":{"type":"Point","coordinates":[110.5342,-6.86059]},"properties":{"rate_time":0.285}},{"type":"Feature","geometry":{"type":"Point","coordinates":[110.5354,-6.86056]},"properties":{"rate_time":0.012}},{"type":"Feature","geometry":{"type":"Point","coordinates":[110.55488,-6.86047]},"properties":{"rate_time":-21.801}},{"type":"Feature","geometry":{"type":"Point","coordinates":[110.53348,-6.86044]},"properties":{"rate_time":0.111}},{"type":"Feature","geometry":{"type":"Point","coordinates":[110.53096,-6.86043]},"properties":{"rate_time":0.239}},{"type":"Feature","geometry":{"type":"Point","coordinates":[110.53456,-6.86041]},"properties":{"rate_time":0.445}},{"type":"Feature","geometry":{"type":"Point","coordinates":[110.53401,-6.86039]},"properties":{"rate_time":0.563}},{"type":"Feature","geometry":{"type":"Point","coordinates":[110.53375,-6.86037]},"properties":{"rate_time":0.545}},{"type":"Feature","geometry":{"type":"Point","coordinates":[110.55112,-6.86035]},"properties":{"rate_time":-11.308}},{"type":"Feature","geometry":{"type":"Point","coordinates":[110.53544,-6.86029]},"properties":{"rate_time":-0.061}},{"type":"Feature","geometry":{"type":"Point","coordinates":[110.53715,-6.86027]},"properties":{"rate_time":-0.168}},{"type":"Feature","geometry":{"type":"Point","coordinates":[110.53741,-6.86027]},"properties":{"rate_time":-0.113}},{"type":"Feature","geometry":{"type":"Point","coordinates":[110.55476,-6.86022]},"properties":{"rate_time":-22.144}},{"type":"Feature","geometry":{"type":"Point","coordinates":[110.53082,-6.8602]},"properties":{"rate_time":0.306}},{"type":"Feature","geometry":{"type":"Point","coordinates":[110.53751,-6.86019]},"properties":{"rate_time":-0.06}},{"type":"Feature","geometry":{"type":"Point","coordinates":[110.53447,-6.86016]},"properties":{"rate_time":0.356}},{"type":"Feature","geometry":{"type":"Point","coordinates":[110.53692,-6.86015]},"properties":{"rate_time":-0.534}},{"type":"Feature","geometry":{"type":"Point","coordinates":[110.551,-6.86012]},"properties":{"rate_time":-11.262}},{"type":"Feature","geometry":{"type":"Point","coordinates":[110.53535,-6.86004]},"properties":{"rate_time":-0.263}},{"type":"Feature","geometry":{"type":"Point","coordinates":[110.53063,-6.86]},"properties":{"rate_time":0.154}},{"type":"Feature","geometry":{"type":"Point","coordinates":[110.5546,-6.86]},"properties":{"rate_time":-22.041}},{"type":"Feature","geometry":{"type":"Point","coordinates":[110.55079,-6.85997]},"properties":{"rate_time":-11.0}},{"type":"Feature","geometry":{"type":"Point","coordinates":[110.51594,-6.86096]},"properties":{"rate_time":0.995}},{"type":"Feature","geometry":{"type":"Point","coordinates":[110.51615,-6.86079]},"properties":{"rate_time":0.064}},{"type":"Feature","geometry":{"type":"Point","coordinates":[110.51615,-6.86052]},"properties":{"rate_time":-0.476}},{"type":"Feature","geometry":{"type":"Point","coordinates":[110.51603,-6.86028]},"properties":{"rate_time":-0.651}},{"type":"Feature","geometry":{"type":"Point","coordinates":[110.51603,-6.86002]},"properties":{"rate_time":-0.234}},{"type":"Feature","geometry":{"type":"Point","coordinates":[110.51619,-6.8598]},"properties":{"rate_time":-0.031}},{"type":"Feature","geometry":{"type":"Point","coordinates":[110.51637,-6.85961]},"properties":{"rate_time":0.198}},{"type":"Feature","geometry":{"type":"Point","coordinates":[110.51657,-6.85942]},"properties":{"rate_time":0.751}},{"type":"Feature","geometry":{"type":"Point","coordinates":[110.5166,-6.85915]},"properties":{"rate_time":1.832}},{"type":"Feature","geometry":{"type":"Point","coordinates":[110.51651,-6.85889]},"properties":{"rate_time":-0.056}},{"type":"Feature","geometry":{"type":"Point","coordinates":[110.53676,-6.85996]},"properties":{"rate_time":-0.67}},{"type":"Feature","geometry":{"type":"Point","coordinates":[110.55052,-6.85996]},"properties":{"rate_time":-10.593}},{"type":"Feature","geometry":{"type":"Point","coordinates":[110.53761,-6.85995]},"properties":{"rate_time":-0.186}},{"type":"Feature","geometry":{"type":"Point","coordinates":[110.53432,-6.85994]},"properties":{"rate_time":0.389}},{"type":"Feature","geometry":{"type":"Point","coordinates":[110.55026,-6.85991]},"properties":{"rate_time":-8.785}},{"type":"Feature","geometry":{"type":"Point","coordinates":[110.5374,-6.85986]},"properties":{"rate_time":0.471}},{"type":"Feature","geometry":{"type":"Point","coordinates":[110.53763,-6.85983]},"properties":{"rate_time":0.055}},{"type":"Feature","geometry":{"type":"Point","coordinates":[110.53044,-6.85981]},"properties":{"rate_time":0.038}},{"type":"Feature","geometry":{"type":"Point","coordinates":[110.53539,-6.85979]},"properties":{"rate_time":-0.533}},{"type":"Feature","geometry":{"type":"Point","coordinates":[110.53714,-6.85976]},"properties":{"rate_time":0.167}},{"type":"Feature","geometry":{"type":"Point","coordinates":[110.53694,-6.85975]},"properties":{"rate_time":0.131}},{"type":"Feature","geometry":{"type":"Point","coordinates":[110.53779,-6.85974]},"properties":{"rate_time":-0.434}},{"type":"Feature","geometry":{"type":"Point","coordinates":[110.55453,-6.85974]},"properties":{"rate_time":-22.422}},{"type":"Feature","geometry":{"type":"Point","coordinates":[110.55005,-6.85973]},"properties":{"rate_time":-8.189}},{"type":"Feature","geometry":{"type":"Point","coordinates":[110.53417,-6.85972]},"properties":{"rate_time":0.56}},{"type":"Feature","geometry":{"type":"Point","coordinates":[110.53562,-6.85965]},"properties":{"rate_time":-0.098}},{"type":"Feature","geometry":{"type":"Point","coordinates":[110.53778,-6.85963]},"properties":{"rate_time":-0.052}},{"type":"Feature","geometry":{"type":"Point","coordinates":[110.53027,-6.85961]},"properties":{"rate_time":0.071}},{"type":"Feature","geometry":{"type":"Point","coordinates":[110.53798,-6.85956]},"properties":{"rate_time":-0.314}},{"type":"Feature","geometry":{"type":"Point","coordinates":[110.5347,-6.85954]},"properties":{"rate_time":-0.007}},{"type":"Feature","geometry":{"type":"Point","coordinates":[110.53445,-6.85953]},"properties":{"rate_time":0.222}},{"type":"Feature","geometry":{"type":"Point","coordinates":[110.54988,-6.85953]},"properties":{"rate_time":-7.258}},{"type":"Feature","geometry":{"type":"Point","coordinates":[110.55463,-6.8595]},"properties":{"rate_time":-23.367}},{"type":"Feature","geometry":{"type":"Point","coordinates":[110.53423,-6.85946]},"properties":{"rate_time":0.686}},{"type":"Feature","geometry":{"type":"Point","coordinates":[110.53579,-6.85944]},"properties":{"rate_time":0.888}},{"type":"Feature","geometry":{"type":"Point","coordinates":[110.53492,-6.85941]},"properties":{"rate_time":0.07}},{"type":"Feature","geometry":{"type":"Point","coordinates":[110.53009,-6.8594]},"properties":{"rate_time":0.116}},{"type":"Feature","geometry":{"type":"Point","coordinates":[110.53782,-6.85938]},"properties":{"rate_time":0.059}},{"type":"Feature","geometry":{"type":"Point","coordinates":[110.53808,-6.85933]},"properties":{"rate_time":-0.273}},{"type":"Feature","geometry":{"type":"Point","coordinates":[110.55447,-6.8593]},"properties":{"rate_time":-22.459}},{"type":"Feature","geometry":{"type":"Point","coordinates":[110.54983,-6.85928]},"properties":{"rate_time":-6.423}},{"type":"Feature","geometry":{"type":"Point","coordinates":[110.5548,-6.85928]},"properties":{"rate_time":-22.304}},{"type":"Feature","geometry":{"type":"Point","coordinates":[110.55429,-6.85928]},"properties":{"rate_time":-22.53}},{"type":"Feature","geometry":{"type":"Point","coordinates":[110.53561,-6.85927]},"properties":{"rate_time":0.704}},{"type":"Feature","geometry":{"type":"Point","coordinates":[110.52989,-6.85921]},"properties":{"rate_time":0.046}},{"type":"Feature","geometry":{"type":"Point","coordinates":[110.535,-6.85915]},"properties":{"rate_time":0.002}},{"type":"Feature","geometry":{"type":"Point","coordinates":[110.55467,-6.85912]},"properties":{"rate_time":-20.715}},{"type":"Feature","geometry":{"type":"Point","coordinates":[110.53309,-6.85906]},"properties":{"rate_time":0.921}},{"type":"Feature","geometry":{"type":"Point","coordinates":[110.55412,-6.85906]},"properties":{"rate_time":-20.041}},{"type":"Feature","geometry":{"type":"Point","coordinates":[110.55493,-6.85905]},"properties":{"rate_time":-3.04}},{"type":"Feature","geometry":{"type":"Point","coordinates":[110.52968,-6.85905]},"properties":{"rate_time":-0.021}},{"type":"Feature","geometry":{"type":"Point","coordinates":[110.54979,-6.85902]},"properties":{"rate_time":-5.69}},{"type":"Feature","geometry":{"type":"Point","coordinates":[110.53551,-6.85901]},"properties":{"rate_time":0.387}},{"type":"Feature","geometry":{"type":"Point","coordinates":[110.53331,-6.85899]},"properties":{"rate_time":0.536}},{"type":"Feature","geometry":{"type":"Point","coordinates":[110.55486,-6.85893]},"properties":{"rate_time":-2.653}},{"type":"Feature","geometry":{"type":"Point","coordinates":[110.53286,-6.85893]},"properties":{"rate_time":2.757}},{"type":"Feature","geometry":{"type":"Point","coordinates":[110.53501,-6.85888]},"properties":{"rate_time":-0.222}},{"type":"Feature","geometry":{"type":"Point","coordinates":[110.52947,-6.85887]},"properties":{"rate_time":0.017}},{"type":"Feature","geometry":{"type":"Point","coordinates":[110.55401,-6.85881]},"properties":{"rate_time":-3.691}},{"type":"Feature","geometry":{"type":"Point","coordinates":[110.54978,-6.85876]},"properties":{"rate_time":-5.527}},{"type":"Feature","geometry":{"type":"Point","coordinates":[110.53338,-6.85876]},"properties":{"rate_time":0.937}},{"type":"Feature","geometry":{"type":"Point","coordinates":[110.53546,-6.85875]},"properties":{"rate_time":0.239}},{"type":"Feature","geometry":{"type":"Point","coordinates":[110.52926,-6.8587]},"properties":{"rate_time":-0.049}},{"type":"Feature","geometry":{"type":"Point","coordinates":[110.53273,-6.85869]},"properties":{"rate_time":2.325}},{"type":"Feature","geometry":{"type":"Point","coordinates":[110.53503,-6.85861]},"properties":{"rate_time":-0.266}},{"type":"Feature","geometry":{"type":"Point","coordinates":[110.55389,-6.85857]},"properties":{"rate_time":-3.293}},{"type":"Feature","geometry":{"type":"Point","coordinates":[110.53533,-6.85853]},"properties":{"rate_time":0.286}},{"type":"Feature","geometry":{"type":"Point","coordinates":[110.53325,-6.85853]},"properties":{"rate_time":-0.657}},{"type":"Feature","geometry":{"type":"Point","coordinates":[110.52906,-6.85852]},"properties":{"rate_time":-0.053}},{"type":"Feature","geometry":{"type":"Point","coordinates":[110.54984,-6.8585]},"properties":{"rate_time":-5.298}},{"type":"Feature","geometry":{"type":"Point","coordinates":[110.53267,-6.85843]},"properties":{"rate_time":2.022}},{"type":"Feature","geometry":{"type":"Point","coordinates":[110.55542,-6.85842]},"properties":{"rate_time":-1.389}},{"type":"Feature","geometry":{"type":"Point","coordinates":[110.53511,-6.85837]},"properties":{"rate_time":0.11}},{"type":"Feature","geometry":{"type":"Point","coordinates":[110.55557,-6.85837]},"properties":{"rate_time":-1.515}},{"type":"Feature","geometry":{"type":"Point","coordinates":[110.55374,-6.85835]},"properties":{"rate_time":-2.736}},{"type":"Feature","geometry":{"type":"Point","coordinates":[110.53306,-6.85834]},"properties":{"rate_time":1.627}},{"type":"Feature","geometry":{"type":"Point","coordinates":[110.52888,-6.85832]},"properties":{"rate_time":-0.014}},{"type":"Feature","geometry":{"type":"Point","coordinates":[110.53249,-6.85827]},"properties":{"rate_time":1.69}},{"type":"Feature","geometry":{"type":"Point","coordinates":[110.54995,-6.85826]},"properties":{"rate_time":-5.016}},{"type":"Feature","geometry":{"type":"Point","coordinates":[110.54415,-6.85825]},"properties":{"rate_time":-0.772}},{"type":"Feature","geometry":{"type":"Point","coordinates":[110.53223,-6.85824]},"properties":{"rate_time":1.413}},{"type":"Feature","geometry":{"type":"Point","coordinates":[110.5555,-6.85823]},"properties":{"rate_time":0.041}},{"type":"Feature","geometry":{"type":"Point","coordinates":[110.54395,-6.8582]},"properties":{"rate_time":-0.404}},{"type":"Feature","geometry":{"type":"Point","coordinates":[110.52865,-6.85817]},"properties":{"rate_time":-0.058}},{"type":"Feature","geometry":{"type":"Point","coordinates":[110.55575,-6.85816]},"properties":{"rate_time":-0.845}},{"type":"Feature","geometry":{"type":"Point","coordinates":[110.53286,-6.85816]},"properties":{"rate_time":2.051}},{"type":"Feature","geometry":{"type":"Point","coordinates":[110.532,-6.85815]},"properties":{"rate_time":1.051}},{"type":"Feature","geometry":{"type":"Point","coordinates":[110.55357,-6.85814]},"properties":{"rate_time":-2.366}},{"type":"Feature","geometry":{"type":"Point","coordinates":[110.55572,-6.85807]},"properties":{"rate_time":-0.586}},{"type":"Feature","geometry":{"type":"Point","coordinates":[110.55007,-6.85802]},"properties":{"rate_time":-4.658}},{"type":"Feature","geometry":{"type":"Point","coordinates":[110.54378,-6.85799]},"properties":{"rate_time":-1.213}},{"type":"Feature","geometry":{"type":"Point","coordinates":[110.53265,-6.85799]},"properties":{"rate_time":1.594}},{"type":"Feature","geometry":{"type":"Point","coordinates":[110.52846,-6.85798]},"properties":{"rate_time":-0.079}},{"type":"Feature","geometry":{"type":"Point","coordinates":[110.5318,-6.85796]},"properties":{"rate_time":0.524}},{"type":"Feature","geometry":{"type":"Point","coordinates":[110.55592,-6.85796]},"properties":{"rate_time":-1.132}},{"type":"Feature","geometry":{"type":"Point","coordinates":[110.55592,-6.85789]},"properties":{"rate_time":-1.087}},{"type":"Feature","geometry":{"type":"Point","coordinates":[110.54435,-6.85789]},"properties":{"rate_time":-0.173}},{"type":"Feature","geometry":{"type":"Point","coordinates":[110.55348,-6.85789]},"properties":{"rate_time":-2.149}},{"type":"Feature","geometry":{"type":"Point","coordinates":[110.53244,-6.85781]},"properties":{"rate_time":0.855}},{"type":"Feature","geometry":{"type":"Point","coordinates":[110.53075,-6.8578]},"properties":{"rate_time":0.847}},{"type":"Feature","geometry":{"type":"Point","coordinates":[110.54369,-6.85779]},"properties":{"rate_time":-1.151}},{"type":"Feature","geometry":{"type":"Point","coordinates":[110.52827,-6.85778]},"properties":{"rate_time":-0.133}},{"type":"Feature","geometry":{"type":"Point","coordinates":[110.53161,-6.85777]},"properties":{"rate_time":0.169}},{"type":"Feature","geometry":{"type":"Point","coordinates":[110.55004,-6.85776]},"properties":{"rate_time":-4.224}},{"type":"Feature","geometry":{"type":"Point","coordinates":[110.5498,-6.85774]},"properties":{"rate_time":-4.046}},{"type":"Feature","geometry":{"type":"Point","coordinates":[110.54419,-6.85771]},"properties":{"rate_time":-0.85}},{"type":"Feature","geometry":{"type":"Point","coordinates":[110.54394,-6.85769]},"properties":{"rate_time":-1.448}},{"type":"Feature","geometry":{"type":"Point","coordinates":[110.55335,-6.85765]},"properties":{"rate_time":-2.5}},{"type":"Feature","geometry":{"type":"Point","coordinates":[110.53095,-6.85763]},"properties":{"rate_time":0.513}},{"type":"Feature","geometry":{"type":"Point","coordinates":[110.53226,-6.85761]},"properties":{"rate_time":0.165}},{"type":"Feature","geometry":{"type":"Point","coordinates":[110.51665,-6.85867]},"properties":{"rate_time":1.158}},{"type":"Feature","geometry":{"type":"Point","coordinates":[110.51678,-6.85843]},"properties":{"rate_time":0.944}},{"type":"Feature","geometry":{"type":"Point","coordinates":[110.5169,-6.85819]},"properties":{"rate_time":0.745}},{"type":"Feature","geometry":{"type":"Point","coordinates":[110.51701,-6.85794]},"properties":{"rate_time":0.014}},{"type":"Feature","geometry":{"type":"Point","coordinates":[110.51712,-6.8577]},"properties":{"rate_time":-0.161}},{"type":"Feature","geometry":{"type":"Point","coordinates":[110.51727,-6.85748]},"properties":{"rate_time":-0.19}},{"type":"Feature","geometry":{"type":"Point","coordinates":[110.51738,-6.85723]},"properties":{"rate_time":-0.104}},{"type":"Feature","geometry":{"type":"Point","coordinates":[110.51751,-6.85699]},"properties":{"rate_time":-0.234}},{"type":"Feature","geometry":{"type":"Point","coordinates":[110.51765,-6.85676]},"properties":{"rate_time":-0.314}},{"type":"Feature","geometry":{"type":"Point","coordinates":[110.5177,-6.85649]},"properties":{"rate_time":0.145}},{"type":"Feature","geometry":{"type":"Point","coordinates":[110.5314,-6.85759]},"properties":{"rate_time":0.061}},{"type":"Feature","geometry":{"type":"Point","coordinates":[110.52812,-6.85756]},"properties":{"rate_time":-0.106}},{"type":"Feature","geometry":{"type":"Point","coordinates":[110.53069,-6.85753]},"properties":{"rate_time":0.926}},{"type":"Feature","geometry":{"type":"Point","coordinates":[110.53119,-6.85753]},"properties":{"rate_time":0.03}},{"type":"Feature","geometry":{"type":"Point","coordinates":[110.54968,-6.85752]},"properties":{"rate_time":-3.789}},{"type":"Feature","geometry":{"type":"Point","coordinates":[110.55321,-6.85742]},"properties":{"rate_time":-3.445}},{"type":"Feature","geometry":{"type":"Point","coordinates":[110.52998,-6.8574]},"properties":{"rate_time":1.041}},{"type":"Feature","geometry":{"type":"Point","coordinates":[110.53291,-6.85737]},"properties":{"rate_time":1.071}},{"type":"Feature","geometry":{"type":"Point","coordinates":[110.53226,-6.85736]},"properties":{"rate_time":-0.1}},{"type":"Feature","geometry":{"type":"Point","coordinates":[110.53023,-6.85736]},"properties":{"rate_time":0.939}},{"type":"Feature","geometry":{"type":"Point","coordinates":[110.52797,-6.85733]},"properties":{"rate_time":-0.056}},{"type":"Feature","geometry":{"type":"Point","coordinates":[110.53061,-6.85728]},"properties":{"rate_time":0.6}},{"type":"Feature","geometry":{"type":"Point","coordinates":[110.54957,-6.85727]},"properties":{"rate_time":-3.772}},{"type":"Feature","geometry":{"type":"Point","coordinates":[110.53315,-6.85726]},"properties":{"rate_time":1.355}},{"type":"Feature","geometry":{"type":"Point","coordinates":[110.5327,-6.85721]},"properties":{"rate_time":0.566}},{"type":"Feature","geometry":{"type":"Point","coordinates":[110.53157,-6.8572]},"properties":{"rate_time":-0.408}},{"type":"Feature","geometry":{"type":"Point","coordinates":[110.52989,-6.8572]},"properties":{"rate_time":1.085}},{"type":"Feature","geometry":{"type":"Point","coordinates":[110.53244,-6.85719]},"properties":{"rate_time":-0.009}},{"type":"Feature","geometry":{"type":"Point","coordinates":[110.55306,-6.85719]},"properties":{"rate_time":-3.76}},{"type":"Feature","geometry":{"type":"Point","coordinates":[110.53042,-6.85717]},"properties":{"rate_time":0.678}},{"type":"Feature","geometry":{"type":"Point","coordinates":[110.5278,-6.85712]},"properties":{"rate_time":-0.147}},{"type":"Feature","geometry":{"type":"Point","coordinates":[110.53135,-6.85706]},"properties":{"rate_time":-1.149}},{"type":"Feature","geometry":{"type":"Point","coordinates":[110.53009,-6.85705]},"properties":{"rate_time":0.905}},{"type":"Feature","geometry":{"type":"Point","coordinates":[110.53179,-6.85704]},"properties":{"rate_time":0.378}},{"type":"Feature","geometry":{"type":"Point","coordinates":[110.54758,-6.85704]},"properties":{"rate_time":-0.271}},{"type":"Feature","geometry":{"type":"Point","coordinates":[110.53324,-6.85701]},"properties":{"rate_time":1.067}},{"type":"Feature","geometry":{"type":"Point","coordinates":[110.54952,-6.857]},"properties":{"rate_time":-4.066}},{"type":"Feature","geometry":{"type":"Point","coordinates":[110.55292,-6.85696]},"properties":{"rate_time":-3.984}},{"type":"Feature","geometry":{"type":"Point","coordinates":[110.52763,-6.85691]},"properties":{"rate_time":0.063}},{"type":"Feature","geometry":{"type":"Point","coordinates":[110.54778,-6.85687]},"properties":{"rate_time":-0.195}},{"type":"Feature","geometry":{"type":"Point","coordinates":[110.53023,-6.85687]},"properties":{"rate_time":0.672}},{"type":"Feature","geometry":{"type":"Point","coordinates":[110.53118,-6.85685]},"properties":{"rate_time":-1.006}},{"type":"Feature","geometry":{"type":"Point","coordinates":[110.54773,-6.85684]},"properties":{"rate_time":-0.506}},{"type":"Feature","geometry":{"type":"Point","coordinates":[110.53305,-6.85684]},"properties":{"rate_time":1.137}},{"type":"Feature","geometry":{"type":"Point","coordinates":[110.53193,-6.85681]},"properties":{"rate_time":1.035}},{"type":"Feature","geometry":{"type":"Point","coordinates":[110.54803,-6.85681]},"properties":{"rate_time":-0.033}},{"type":"Feature","geometry":{"type":"Point","coordinates":[110.54954,-6.85673]},"properties":{"rate_time":-4.541}},{"type":"Feature","geometry":{"type":"Point","coordinates":[110.55283,-6.85671]},"properties":{"rate_time":-3.954}},{"type":"Feature","geometry":{"type":"Point","coordinates":[110.54824,-6.85669]},"properties":{"rate_time":-0.553}},{"type":"Feature","geometry":{"type":"Point","coordinates":[110.52748,-6.85669]},"properties":{"rate_time":0.207}},{"type":"Feature","geometry":{"type":"Point","coordinates":[110.531,-6.85666]},"properties":{"rate_time":0.051}},{"type":"Feature","geometry":{"type":"Point","coordinates":[110.53288,-6.85664]},"properties":{"rate_time":0.478}},{"type":"Feature","geometry":{"type":"Point","coordinates":[110.54791,-6.85663]},"properties":{"rate_time":-0.936}},{"type":"Feature","geometry":{"type":"Point","coordinates":[110.53017,-6.85662]},"properties":{"rate_time":0.177}},{"type":"Feature","geometry":{"type":"Point","coordinates":[110.5321,-6.85662]},"properties":{"rate_time":1.082}},{"type":"Feature","geometry":{"type":"Point","coordinates":[110.53236,-6.85654]},"properties":{"rate_time":0.891}},{"type":"Feature","geometry":{"type":"Point","coordinates":[110.54938,-6.85651]},"properties":{"rate_time":-4.448}},{"type":"Feature","geometry":{"type":"Point","coordinates":[110.53079,-6.85649]},"properties":{"rate_time":0.333}},{"type":"Feature","geometry":{"type":"Point","coordinates":[110.54841,-6.85648]},"properties":{"rate_time":-1.685}},{"type":"Feature","geometry":{"type":"Point","coordinates":[110.55268,-6.85648]},"properties":{"rate_time":-3.85}},{"type":"Feature","geometry":{"type":"Point","coordinates":[110.52741,-6.85643]},"properties":{"rate_time":0.462}},{"type":"Feature","geometry":{"type":"Point","coordinates":[110.54808,-6.85642]},"properties":{"rate_time":-1.366}},{"type":"Feature","geometry":{"type":"Point","coordinates":[110.53003,-6.85639]},"properties":{"rate_time":0.1}},{"type":"Feature","geometry":{"type":"Point","coordinates":[110.53291,-6.85639]},"properties":{"rate_time":-0.002}},{"type":"Feature","geometry":{"type":"Point","coordinates":[110.52942,-6.85636]},"properties":{"rate_time":0.051}},{"type":"Feature","geometry":{"type":"Point","coordinates":[110.53249,-6.85631]},"properties":{"rate_time":0.729}},{"type":"Feature","geometry":{"type":"Point","coordinates":[110.53061,-6.85628]},"properties":{"rate_time":0.512}},{"type":"Feature","geometry":{"type":"Point","coordinates":[110.54928,-6.85626]},"properties":{"rate_time":-4.545}},{"type":"Feature","geometry":{"type":"Point","coordinates":[110.54856,-6.85626]},"properties":{"rate_time":-2.392}},{"type":"Feature","geometry":{"type":"Point","coordinates":[110.55257,-6.85624]},"properties":{"rate_time":-3.166}},{"type":"Feature","geometry":{"type":"Point","coordinates":[110.52722,-6.85623]},"properties":{"rate_time":0.393}},{"type":"Feature","geometry":{"type":"Point","coordinates":[110.52982,-6.85622]},"properties":{"rate_time":-0.085}},{"type":"Feature","geometry":{"type":"Point","coordinates":[110.53312,-6.85622]},"properties":{"rate_time":0.248}},{"type":"Feature","geometry":{"type":"Point","coordinates":[110.54825,-6.85621]},"properties":{"rate_time":-2.076}},{"type":"Feature","geometry":{"type":"Point","coordinates":[110.52928,-6.85618]},"properties":{"rate_time":-0.049}},{"type":"Feature","geometry":{"type":"Point","coordinates":[110.5296,-6.85616]},"properties":{"rate_time":-0.046}},{"type":"Feature","geometry":{"type":"Point","coordinates":[110.53265,-6.85611]},"properties":{"rate_time":0.754}},{"type":"Feature","geometry":{"type":"Point","coordinates":[110.527,-6.85608]},"properties":{"rate_time":0.0}},{"type":"Feature","geometry":{"type":"Point","coordinates":[110.53043,-6.85608]},"properties":{"rate_time":0.37}},{"type":"Feature","geometry":{"type":"Point","coordinates":[110.54875,-6.85606]},"properties":{"rate_time":-3.391}},{"type":"Feature","geometry":{"type":"Point","coordinates":[110.54914,-6.85604]},"properties":{"rate_time":-4.412}},{"type":"Feature","geometry":{"type":"Point","coordinates":[110.54843,-6.85601]},"properties":{"rate_time":-2.838}},{"type":"Feature","geometry":{"type":"Point","coordinates":[110.55247,-6.85598]},"properties":{"rate_time":-2.688}},{"type":"Feature","geometry":{"type":"Point","coordinates":[110.53321,-6.85597]},"properties":{"rate_time":0.696}},{"type":"Feature","geometry":{"type":"Point","coordinates":[110.52919,-6.85592]},"properties":{"rate_time":-0.248}},{"type":"Feature","geometry":{"type":"Point","coordinates":[110.53284,-6.85592]},"properties":{"rate_time":0.469}},{"type":"Feature","geometry":{"type":"Point","coordinates":[110.53022,-6.85591]},"properties":{"rate_time":0.163}},{"type":"Feature","geometry":{"type":"Point","coordinates":[110.52681,-6.85588]},"properties":{"rate_time":0.135}},{"type":"Feature","geometry":{"type":"Point","coordinates":[110.54894,-6.85587]},"properties":{"rate_time":-2.921}},{"type":"Feature","geometry":{"type":"Point","coordinates":[110.53308,-6.85583]},"properties":{"rate_time":0.467}},{"type":"Feature","geometry":{"type":"Point","coordinates":[110.55228,-6.8558]},"properties":{"rate_time":-2.739}},{"type":"Feature","geometry":{"type":"Point","coordinates":[110.5486,-6.8558]},"properties":{"rate_time":-3.879}},{"type":"Feature","geometry":{"type":"Point","coordinates":[110.52898,-6.85577]},"properties":{"rate_time":-0.01}},{"type":"Feature","geometry":{"type":"Point","coordinates":[110.53,-6.85575]},"properties":{"rate_time":-0.099}},{"type":"Feature","geometry":{"type":"Point","coordinates":[110.5462,-6.85568]},"properties":{"rate_time":-1.028}},{"type":"Feature","geometry":{"type":"Point","coordinates":[110.53645,-6.85568]},"properties":{"rate_time":-0.019}},{"type":"Feature","geometry":{"type":"Point","coordinates":[110.52873,-6.85565]},"properties":{"rate_time":-0.093}},{"type":"Feature","geometry":{"type":"Point","coordinates":[110.52671,-6.85563]},"properties":{"rate_time":0.39}},{"type":"Feature","geometry":{"type":"Point","coordinates":[110.55211,-6.85559]},"properties":{"rate_time":-2.268}},{"type":"Feature","geometry":{"type":"Point","coordinates":[110.53621,-6.85556]},"properties":{"rate_time":-0.037}},{"type":"Feature","geometry":{"type":"Point","coordinates":[110.54872,-6.85556]},"properties":{"rate_time":-4.536}},{"type":"Feature","geometry":{"type":"Point","coordinates":[110.52983,-6.85555]},"properties":{"rate_time":-0.306}},{"type":"Feature","geometry":{"type":"Point","coordinates":[110.54607,-6.85555]},"properties":{"rate_time":-0.481}},{"type":"Feature","geometry":{"type":"Point","coordinates":[110.5207,-6.85553]},"properties":{"rate_time":-0.344}},{"type":"Feature","geometry":{"type":"Point","coordinates":[110.54641,-6.85552]},"properties":{"rate_time":-1.18}},{"type":"Feature","geometry":{"type":"Point","coordinates":[110.52776,-6.85552]},"properties":{"rate_time":0.768}},{"type":"Feature","geometry":{"type":"Point","coordinates":[110.5285,-6.85551]},"properties":{"rate_time":-0.12}},{"type":"Feature","geometry":{"type":"Point","coordinates":[110.53669,-6.85545]},"properties":{"rate_time":0.004}},{"type":"Feature","geometry":{"type":"Point","coordinates":[110.52044,-6.85544]},"properties":{"rate_time":-0.208}},{"type":"Feature","geometry":{"type":"Point","coordinates":[110.52095,-6.85543]},"properties":{"rate_time":-0.169}},{"type":"Feature","geometry":{"type":"Point","coordinates":[110.52825,-6.85541]},"properties":{"rate_time":-0.029}},{"type":"Feature","geometry":{"type":"Point","coordinates":[110.52799,-6.8554]},"properties":{"rate_time":0.068}},{"type":"Feature","geometry":{"type":"Point","coordinates":[110.536,-6.85539]},"properties":{"rate_time":-0.131}},{"type":"Feature","geometry":{"type":"Point","coordinates":[110.52673,-6.85536]},"properties":{"rate_time":0.582}},{"type":"Feature","geometry":{"type":"Point","coordinates":[110.55198,-6.85535]},"properties":{"rate_time":-1.472}},{"type":"Feature","geometry":{"type":"Point","coordinates":[110.54661,-6.85534]},"properties":{"rate_time":-1.114}},{"type":"Feature","geometry":{"type":"Point","coordinates":[110.5212,-6.85532]},"properties":{"rate_time":0.377}},{"type":"Feature","geometry":{"type":"Point","coordinates":[110.5462,-6.85531]},"properties":{"rate_time":-0.292}},{"type":"Feature","geometry":{"type":"Point","coordinates":[110.52979,-6.8553]},"properties":{"rate_time":-0.197}},{"type":"Feature","geometry":{"type":"Point","coordinates":[110.54869,-6.8553]},"properties":{"rate_time":-3.83}},{"type":"Feature","geometry":{"type":"Point","coordinates":[110.51769,-6.85622]},"properties":{"rate_time":0.567}},{"type":"Feature","geometry":{"type":"Point","coordinates":[110.51771,-6.85595]},"properties":{"rate_time":1.069}},{"type":"Feature","geometry":{"type":"Point","coordinates":[110.51782,-6.85571]},"properties":{"rate_time":1.579}},{"type":"Feature","geometry":{"type":"Point","coordinates":[110.51802,-6.85554]},"properties":{"rate_time":2.114}},{"type":"Feature","geometry":{"type":"Point","coordinates":[110.51827,-6.85546]},"properties":{"rate_time":2.423}},{"type":"Feature","geometry":{"type":"Point","coordinates":[110.51836,-6.8552]},"properties":{"rate_time":2.367}},{"type":"Feature","geometry":{"type":"Point","coordinates":[110.51842,-6.85494]},"properties":{"rate_time":2.157}},{"type":"Feature","geometry":{"type":"Point","coordinates":[110.51851,-6.85468]},"properties":{"rate_time":2.073}},{"type":"Feature","geometry":{"type":"Point","coordinates":[110.51866,-6.85446]},"properties":{"rate_time":2.029}},{"type":"Feature","geometry":{"type":"Point","coordinates":[110.51885,-6.85427]},"properties":{"rate_time":1.923}},{"type":"Feature","geometry":{"type":"Point","coordinates":[110.52763,-6.85529]},"properties":{"rate_time":0.391}},{"type":"Feature","geometry":{"type":"Point","coordinates":[110.53686,-6.85525]},"properties":{"rate_time":0.51}},{"type":"Feature","geometry":{"type":"Point","coordinates":[110.5203,-6.85521]},"properties":{"rate_time":-0.554}},{"type":"Feature","geometry":{"type":"Point","coordinates":[110.52144,-6.8552]},"properties":{"rate_time":1.283}},{"type":"Feature","geometry":{"type":"Point","coordinates":[110.53592,-6.85514]},"properties":{"rate_time":-0.065}},{"type":"Feature","geometry":{"type":"Point","coordinates":[110.55181,-6.85514]},"properties":{"rate_time":-1.096}},{"type":"Feature","geometry":{"type":"Point","coordinates":[110.5464,-6.85514]},"properties":{"rate_time":-0.245}},{"type":"Feature","geometry":{"type":"Point","coordinates":[110.52742,-6.85511]},"properties":{"rate_time":0.044}},{"type":"Feature","geometry":{"type":"Point","coordinates":[110.54671,-6.8551]},"properties":{"rate_time":-0.533}},{"type":"Feature","geometry":{"type":"Point","coordinates":[110.52672,-6.85509]},"properties":{"rate_time":0.663}},{"type":"Feature","geometry":{"type":"Point","coordinates":[110.54853,-6.85508]},"properties":{"rate_time":-3.782}},{"type":"Feature","geometry":{"type":"Point","coordinates":[110.52167,-6.85507]},"properties":{"rate_time":1.449}},{"type":"Feature","geometry":{"type":"Point","coordinates":[110.5299,-6.85506]},"properties":{"rate_time":-0.394}},{"type":"Feature","geometry":{"type":"Point","coordinates":[110.53698,-6.855]},"properties":{"rate_time":0.148}},{"type":"Feature","geometry":{"type":"Point","coordinates":[110.52719,-6.85498]},"properties":{"rate_time":-0.002}},{"type":"Feature","geometry":{"type":"Point","coordinates":[110.52015,-6.85498]},"properties":{"rate_time":-0.923}},{"type":"Feature","geometry":{"type":"Point","coordinates":[110.54832,-6.85494]},"properties":{"rate_time":-3.266}},{"type":"Feature","geometry":{"type":"Point","coordinates":[110.54657,-6.85493]},"properties":{"rate_time":-0.014}},{"type":"Feature","geometry":{"type":"Point","coordinates":[110.55165,-6.85493]},"properties":{"rate_time":-1.195}},{"type":"Feature","geometry":{"type":"Point","coordinates":[110.54692,-6.85492]},"properties":{"rate_time":-0.465}},{"type":"Feature","geometry":{"type":"Point","coordinates":[110.52693,-6.85492]},"properties":{"rate_time":0.165}},{"type":"Feature","geometry":{"type":"Point","coordinates":[110.53592,-6.85487]},"properties":{"rate_time":-0.383}},{"type":"Feature","geometry":{"type":"Point","coordinates":[110.53718,-6.85483]},"properties":{"rate_time":0.298}},{"type":"Feature","geometry":{"type":"Point","coordinates":[110.52178,-6.85482]},"properties":{"rate_time":2.107}},{"type":"Feature","geometry":{"type":"Point","coordinates":[110.54813,-6.85482]},"properties":{"rate_time":-2.73}},{"type":"Feature","geometry":{"type":"Point","coordinates":[110.52988,-6.8548]},"properties":{"rate_time":0.145}},{"type":"Feature","geometry":{"type":"Point","coordinates":[110.52002,-6.85474]},"properties":{"rate_time":-0.501}},{"type":"Feature","geometry":{"type":"Point","coordinates":[110.54712,-6.85474]},"properties":{"rate_time":-0.431}},{"type":"Feature","geometry":{"type":"Point","coordinates":[110.54674,-6.85472]},"properties":{"rate_time":0.218}},{"type":"Feature","geometry":{"type":"Point","coordinates":[110.53698,-6.85469]},"properties":{"rate_time":-0.28}},{"type":"Feature","geometry":{"type":"Point","coordinates":[110.55153,-6.85468]},"properties":{"rate_time":-1.134}},{"type":"Feature","geometry":{"type":"Point","coordinates":[110.522,-6.85467]},"properties":{"rate_time":0.466}},{"type":"Feature","geometry":{"type":"Point","coordinates":[110.53608,-6.85467]},"properties":{"rate_time":-1.269}},{"type":"Feature","geometry":{"type":"Point","coordinates":[110.53007,-6.8546]},"properties":{"rate_time":-0.523}},{"type":"Feature","geometry":{"type":"Point","coordinates":[110.54828,-6.85459]},"properties":{"rate_time":-2.892}},{"type":"Feature","geometry":{"type":"Point","coordinates":[110.54734,-6.85458]},"properties":{"rate_time":-1.197}},{"type":"Feature","geometry":{"type":"Point","coordinates":[110.53631,-6.85455]},"properties":{"rate_time":-1.818}},{"type":"Feature","geometry":{"type":"Point","coordinates":[110.54693,-6.85452]},"properties":{"rate_time":0.303}},{"type":"Feature","geometry":{"type":"Point","coordinates":[110.51993,-6.85449]},"properties":{"rate_time":-0.263}},{"type":"Feature","geometry":{"type":"Point","coordinates":[110.5222,-6.85448]},"properties":{"rate_time":0.38}},{"type":"Feature","geometry":{"type":"Point","coordinates":[110.5368,-6.85448]},"properties":{"rate_time":-0.855}},{"type":"Feature","geometry":{"type":"Point","coordinates":[110.53657,-6.85448]},"properties":{"rate_time":-1.252}},{"type":"Feature","geometry":{"type":"Point","coordinates":[110.5514,-6.85445]},"properties":{"rate_time":-1.229}},{"type":"Feature","geometry":{"type":"Point","coordinates":[110.52922,-6.85442]},"properties":{"rate_time":1.201}},{"type":"Feature","geometry":{"type":"Point","coordinates":[110.54754,-6.8544]},"properties":{"rate_time":-1.208}},{"type":"Feature","geometry":{"type":"Point","coordinates":[110.52896,-6.85439]},"properties":{"rate_time":0.902}},{"type":"Feature","geometry":{"type":"Point","coordinates":[110.52949,-6.85437]},"properties":{"rate_time":0.729}},{"type":"Feature","geometry":{"type":"Point","coordinates":[110.53014,-6.85436]},"properties":{"rate_time":-0.86}},{"type":"Feature","geometry":{"type":"Point","coordinates":[110.54827,-6.85433]},"properties":{"rate_time":-2.73}},{"type":"Feature","geometry":{"type":"Point","coordinates":[110.5471,-6.85431]},"properties":{"rate_time":0.26}},{"type":"Feature","geometry":{"type":"Point","coordinates":[110.5224,-6.8543]},"properties":{"rate_time":0.329}},{"type":"Feature","geometry":{"type":"Point","coordinates":[110.52973,-6.85427]},"properties":{"rate_time":0.207}},{"type":"Feature","geometry":{"type":"Point","coordinates":[110.52872,-6.85426]},"properties":{"rate_time":0.718}},{"type":"Feature","geometry":{"type":"Point","coordinates":[110.51983,-6.85424]},"properties":{"rate_time":-0.381}},{"type":"Feature","geometry":{"type":"Point","coordinates":[110.55124,-6.85423]},"properties":{"rate_time":-2.263}},{"type":"Feature","geometry":{"type":"Point","coordinates":[110.54773,-6.85421]},"properties":{"rate_time":-1.163}},{"type":"Feature","geometry":{"type":"Point","coordinates":[110.54728,-6.85411]},"properties":{"rate_time":-0.095}},{"type":"Feature","geometry":{"type":"Point","coordinates":[110.51907,-6.85411]},"properties":{"rate_time":1.928}},{"type":"Feature","geometry":{"type":"Point","coordinates":[110.53023,-6.85411]},"properties":{"rate_time":-0.754}},{"type":"Feature","geometry":{"type":"Point","coordinates":[110.54813,-6.85409]},"properties":{"rate_time":-2.247}},{"type":"Feature","geometry":{"type":"Point","coordinates":[110.52249,-6.85406]},"properties":{"rate_time":0.496}},{"type":"Feature","geometry":{"type":"Point","coordinates":[110.52987,-6.85404]},"properties":{"rate_time":-0.142}},{"type":"Feature","geometry":{"type":"Point","coordinates":[110.55108,-6.85401]},"properties":{"rate_time":-2.055}},{"type":"Feature","geometry":{"type":"Point","coordinates":[110.52862,-6.85401]},"properties":{"rate_time":1.407}},{"type":"Feature","geometry":{"type":"Point","coordinates":[110.54788,-6.85401]},"properties":{"rate_time":-1.079}},{"type":"Feature","geometry":{"type":"Point","coordinates":[110.51971,-6.85399]},"properties":{"rate_time":0.25}},{"type":"Feature","geometry":{"type":"Point","coordinates":[110.51928,-6.85395]},"properties":{"rate_time":1.574}},{"type":"Feature","geometry":{"type":"Point","coordinates":[110.54747,-6.85391]},"properties":{"rate_time":0.062}},{"type":"Feature","geometry":{"type":"Point","coordinates":[110.52344,-6.8539]},"properties":{"rate_time":-0.119}},{"type":"Feature","geometry":{"type":"Point","coordinates":[110.52318,-6.8539]},"properties":{"rate_time":0.914}},{"type":"Feature","geometry":{"type":"Point","coordinates":[110.51948,-6.85387]},"properties":{"rate_time":0.873}},{"type":"Feature","geometry":{"type":"Point","coordinates":[110.53035,-6.85386]},"properties":{"rate_time":-0.316}},{"type":"Feature","geometry":{"type":"Point","coordinates":[110.52243,-6.8538]},"properties":{"rate_time":0.971}},{"type":"Feature","geometry":{"type":"Point","coordinates":[110.52984,-6.85378]},"properties":{"rate_time":-0.288}},{"type":"Feature","geometry":{"type":"Point","coordinates":[110.55095,-6.85377]},"properties":{"rate_time":-2.093}},{"type":"Feature","geometry":{"type":"Point","coordinates":[110.52294,-6.85376]},"properties":{"rate_time":1.256}},{"type":"Feature","geometry":{"type":"Point","coordinates":[110.52837,-6.85375]},"properties":{"rate_time":0.153}},{"type":"Feature","geometry":{"type":"Point","coordinates":[110.52861,-6.85374]},"properties":{"rate_time":1.153}},{"type":"Feature","geometry":{"type":"Point","coordinates":[110.52361,-6.8537]},"properties":{"rate_time":-0.223}},{"type":"Feature","geometry":{"type":"Point","coordinates":[110.54763,-6.8537]},"properties":{"rate_time":-0.125}},{"type":"Feature","geometry":{"type":"Point","coordinates":[110.53039,-6.85362]},"properties":{"rate_time":-0.437}},{"type":"Feature","geometry":{"type":"Point","coordinates":[110.52273,-6.8536]},"properties":{"rate_time":0.351}},{"type":"Feature","geometry":{"type":"Point","coordinates":[110.52818,-6.8536]},"properties":{"rate_time":0.233}},{"type":"Feature","geometry":{"type":"Point","coordinates":[110.55081,-6.85354]},"properties":{"rate_time":-3.463}},{"type":"Feature","geometry":{"type":"Point","coordinates":[110.52235,-6.85354]},"properties":{"rate_time":0.942}},{"type":"Feature","geometry":{"type":"Point","coordinates":[110.54621,-6.85351]},"properties":{"rate_time":-1.984}},{"type":"Feature","geometry":{"type":"Point","coordinates":[110.52984,-6.85351]},"properties":{"rate_time":-0.361}},{"type":"Feature","geometry":{"type":"Point","coordinates":[110.52249,-6.85348]},"properties":{"rate_time":0.641}},{"type":"Feature","geometry":{"type":"Point","coordinates":[110.54768,-6.85344]},"properties":{"rate_time":-0.122}},{"type":"Feature","geometry":{"type":"Point","coordinates":[110.52358,-6.85344]},"properties":{"rate_time":0.631}},{"type":"Feature","geometry":{"type":"Point","coordinates":[110.54641,-6.85339]},"properties":{"rate_time":-3.139}},{"type":"Feature","geometry":{"type":"Point","coordinates":[110.53027,-6.85338]},"properties":{"rate_time":-0.482}},{"type":"Feature","geometry":{"type":"Point","coordinates":[110.52808,-6.85336]},"properties":{"rate_time":0.899}},{"type":"Feature","geometry":{"type":"Point","coordinates":[110.5463,-6.8533]},"properties":{"rate_time":-2.771}},{"type":"Feature","geometry":{"type":"Point","coordinates":[110.55069,-6.8533]},"properties":{"rate_time":-2.639}},{"type":"Feature","geometry":{"type":"Point","coordinates":[110.52338,-6.85325]},"properties":{"rate_time":0.752}},{"type":"Feature","geometry":{"type":"Point","coordinates":[110.5299,-6.85324]},"properties":{"rate_time":-0.015}},{"type":"Feature","geometry":{"type":"Point","coordinates":[110.53005,-6.85323]},"properties":{"rate_time":0.115}},{"type":"Feature","geometry":{"type":"Point","coordinates":[110.54662,-6.85321]},"properties":{"rate_time":0.22}},{"type":"Feature","geometry":{"type":"Point","coordinates":[110.54755,-6.85321]},"properties":{"rate_time":-0.06}},{"type":"Feature","geometry":{"type":"Point","coordinates":[110.54648,-6.85309]},"properties":{"rate_time":0.594}},{"type":"Feature","geometry":{"type":"Point","coordinates":[110.52808,-6.85309]},"properties":{"rate_time":1.09}},{"type":"Feature","geometry":{"type":"Point","coordinates":[110.52973,-6.85306]},"properties":{"rate_time":0.048}},{"type":"Feature","geometry":{"type":"Point","coordinates":[110.55058,-6.85305]},"properties":{"rate_time":-2.024}},{"type":"Feature","geometry":{"type":"Point","coordinates":[110.52322,-6.85303]},"properties":{"rate_time":0.88}},{"type":"Feature","geometry":{"type":"Point","coordinates":[110.53007,-6.85302]},"properties":{"rate_time":0.183}},{"type":"Feature","geometry":{"type":"Point","coordinates":[110.54679,-6.85301]},"properties":{"rate_time":-0.104}},{"type":"Feature","geometry":{"type":"Point","coordinates":[110.54742,-6.85297]},"properties":{"rate_time":-0.191}},{"type":"Feature","geometry":{"type":"Point","coordinates":[110.54668,-6.85292]},"properties":{"rate_time":0.151}},{"type":"Feature","geometry":{"type":"Point","coordinates":[110.52951,-6.85292]},"properties":{"rate_time":0.198}},{"type":"Feature","geometry":{"type":"Point","coordinates":[110.52303,-6.85285]},"properties":{"rate_time":1.165}},{"type":"Feature","geometry":{"type":"Point","coordinates":[110.547,-6.85283]},"properties":{"rate_time":1.378}},{"type":"Feature","geometry":{"type":"Point","coordinates":[110.5281,-6.85281]},"properties":{"rate_time":0.287}},{"type":"Feature","geometry":{"type":"Point","coordinates":[110.55046,-6.85281]},"properties":{"rate_time":-1.562}},{"type":"Feature","geometry":{"type":"Point","coordinates":[110.54725,-6.85279]},"properties":{"rate_time":0.299}},{"type":"Feature","geometry":{"type":"Point","coordinates":[110.53013,-6.85277]},"properties":{"rate_time":0.389}},{"type":"Feature","geometry":{"type":"Point","coordinates":[110.52972,-6.85275]},"properties":{"rate_time":0.157}},{"type":"Feature","geometry":{"type":"Point","coordinates":[110.54686,-6.85272]},"properties":{"rate_time":1.71}},{"type":"Feature","geometry":{"type":"Point","coordinates":[110.52281,-6.85269]},"properties":{"rate_time":1.407}},{"type":"Feature","geometry":{"type":"Point","coordinates":[110.55033,-6.85257]},"properties":{"rate_time":-1.609}},{"type":"Feature","geometry":{"type":"Point","coordinates":[110.52814,-6.85255]},"properties":{"rate_time":0.038}},{"type":"Feature","geometry":{"type":"Point","coordinates":[110.54706,-6.85254]},"properties":{"rate_time":0.512}},{"type":"Feature","geometry":{"type":"Point","coordinates":[110.52988,-6.85253]},"properties":{"rate_time":-0.081}},{"type":"Feature","geometry":{"type":"Point","coordinates":[110.53019,-6.8525]},"properties":{"rate_time":0.258}},{"type":"Feature","geometry":{"type":"Point","coordinates":[110.52282,-6.85246]},"properties":{"rate_time":1.944}},{"type":"Feature","geometry":{"type":"Point","coordinates":[110.53009,-6.85238]},"properties":{"rate_time":0.603}},{"type":"Feature","geometry":{"type":"Point","coordinates":[110.5502,-6.85233]},"properties":{"rate_time":-2.123}},{"type":"Feature","geometry":{"type":"Point","coordinates":[110.52821,-6.85229]},"properties":{"rate_time":-3.031}},{"type":"Feature","geometry":{"type":"Point","coordinates":[110.53034,-6.85228]},"properties":{"rate_time":0.552}},{"type":"Feature","geometry":{"type":"Point","coordinates":[110.54708,-6.85227]},"properties":{"rate_time":0.145}},{"type":"Feature","geometry":{"type":"Point","coordinates":[110.5229,-6.8522]},"properties":{"rate_time":2.679}},{"type":"Feature","geometry":{"type":"Point","coordinates":[110.53013,-6.85213]},"properties":{"rate_time":-0.575}},{"type":"Feature","geometry":{"type":"Point","coordinates":[110.55008,-6.85209]},"properties":{"rate_time":-1.727}},{"type":"Feature","geometry":{"type":"Point","coordinates":[110.53051,-6.85208]},"properties":{"rate_time":1.254}},{"type":"Feature","geometry":{"type":"Point","coordinates":[110.54698,-6.85203]},"properties":{"rate_time":-0.018}},{"type":"Feature","geometry":{"type":"Point","coordinates":[110.52826,-6.85202]},"properties":{"rate_time":-1.48}},{"type":"Feature","geometry":{"type":"Point","coordinates":[110.52126,-6.85195]},"properties":{"rate_time":1.215}},{"type":"Feature","geometry":{"type":"Point","coordinates":[110.52289,-6.85193]},"properties":{"rate_time":3.0}},{"type":"Feature","geometry":{"type":"Point","coordinates":[110.52152,-6.85187]},"properties":{"rate_time":1.586}},{"type":"Feature","geometry":{"type":"Point","coordinates":[110.53012,-6.85186]},"properties":{"rate_time":-1.52}},{"type":"Feature","geometry":{"type":"Point","coordinates":[110.54996,-6.85185]},"properties":{"rate_time":-1.349}},{"type":"Feature","geometry":{"type":"Point","coordinates":[110.53059,-6.85182]},"properties":{"rate_time":-1.181}},{"type":"Feature","geometry":{"type":"Point","coordinates":[110.54683,-6.8518]},"properties":{"rate_time":0.03}},{"type":"Feature","geometry":{"type":"Point","coordinates":[110.52106,-6.85178]},"properties":{"rate_time":0.994}},{"type":"Feature","geometry":{"type":"Point","coordinates":[110.52832,-6.85175]},"properties":{"rate_time":-2.925}},{"type":"Feature","geometry":{"type":"Point","coordinates":[110.52281,-6.85168]},"properties":{"rate_time":2.419}},{"type":"Feature","geometry":{"type":"Point","coordinates":[110.52169,-6.85166]},"properties":{"rate_time":1.014}},{"type":"Feature","geometry":{"type":"Point","coordinates":[110.53027,-6.85165]},"properties":{"rate_time":-0.561}},{"type":"Feature","geometry":{"type":"Point","coordinates":[110.52083,-6.85164]},"properties":{"rate_time":0.982}},{"type":"Feature","geometry":{"type":"Point","coordinates":[110.54626,-6.85161]},"properties":{"rate_time":0.077}},{"type":"Feature","geometry":{"type":"Point","coordinates":[110.54666,-6.85159]},"properties":{"rate_time":0.425}},{"type":"Feature","geometry":{"type":"Point","coordinates":[110.54986,-6.85159]},"properties":{"rate_time":-1.166}},{"type":"Feature","geometry":{"type":"Point","coordinates":[110.5387,-6.85158]},"properties":{"rate_time":-0.022}},{"type":"Feature","geometry":{"type":"Point","coordinates":[110.5387,-6.85157]},"properties":{"rate_time":0.027}},{"type":"Feature","geometry":{"type":"Point","coordinates":[110.53858,-6.85156]},"properties":{"rate_time":-0.006}},{"type":"Feature","geometry":{"type":"Point","coordinates":[110.53063,-6.85155]},"properties":{"rate_time":-1.189}},{"type":"Feature","geometry":{"type":"Point","coordinates":[110.5219,-6.85151]},"properties":{"rate_time":0.625}},{"type":"Feature","geometry":{"type":"Point","coordinates":[110.52059,-6.85151]},"properties":{"rate_time":0.936}},{"type":"Feature","geometry":{"type":"Point","coordinates":[110.54619,-6.8515]},"properties":{"rate_time":-0.633}},{"type":"Feature","geometry":{"type":"Point","coordinates":[110.52834,-6.85149]},"properties":{"rate_time":-2.418}},{"type":"Feature","geometry":{"type":"Point","coordinates":[110.52267,-6.85145]},"properties":{"rate_time":1.445}},{"type":"Feature","geometry":{"type":"Point","coordinates":[110.54647,-6.85144]},"properties":{"rate_time":0.081}},{"type":"Feature","geometry":{"type":"Point","coordinates":[110.52217,-6.85144]},"properties":{"rate_time":0.862}},{"type":"Feature","geometry":{"type":"Point","coordinates":[110.53039,-6.85141]},"properties":{"rate_time":-0.716}},{"type":"Feature","geometry":{"type":"Point","coordinates":[110.52243,-6.85139]},"properties":{"rate_time":0.344}},{"type":"Feature","geometry":{"type":"Point","coordinates":[110.5389,-6.85138]},"properties":{"rate_time":-0.222}},{"type":"Feature","geometry":{"type":"Point","coordinates":[110.52036,-6.85137]},"properties":{"rate_time":1.744}},{"type":"Feature","geometry":{"type":"Point","coordinates":[110.54973,-6.85136]},"properties":{"rate_time":-1.732}},{"type":"Feature","geometry":{"type":"Point","coordinates":[110.53866,-6.85131]},"properties":{"rate_time":0.283}},{"type":"Feature","geometry":{"type":"Point","coordinates":[110.53058,-6.85128]},"properties":{"rate_time":-0.592}},{"type":"Feature","geometry":{"type":"Point","coordinates":[110.54634,-6.85128]},"properties":{"rate_time":-0.972}},{"type":"Feature","geometry":{"type":"Point","coordinates":[110.52827,-6.85124]},"properties":{"rate_time":-0.95}},{"type":"Feature","geometry":{"type":"Point","coordinates":[110.52028,-6.8512]},"properties":{"rate_time":1.706}},{"type":"Feature","geometry":{"type":"Point","coordinates":[110.55465,-6.85119]},"properties":{"rate_time":0.132}},{"type":"Feature","geometry":{"type":"Point","coordinates":[110.53896,-6.85116]},"properties":{"rate_time":-0.165}},{"type":"Feature","geometry":{"type":"Point","coordinates":[110.53047,-6.85115]},"properties":{"rate_time":-1.791}},{"type":"Feature","geometry":{"type":"Point","coordinates":[110.54961,-6.85111]},"properties":{"rate_time":-2.315}},{"type":"Feature","geometry":{"type":"Point","coordinates":[110.52804,-6.85111]},"properties":{"rate_time":-0.982}},{"type":"Feature","geometry":{"type":"Point","coordinates":[110.53884,-6.8511]},"properties":{"rate_time":0.138}},{"type":"Feature","geometry":{"type":"Point","coordinates":[110.54636,-6.85101]},"properties":{"rate_time":-2.349}},{"type":"Feature","geometry":{"type":"Point","coordinates":[110.55446,-6.85099]},"properties":{"rate_time":0.247}},{"type":"Feature","geometry":{"type":"Point","coordinates":[110.52043,-6.85097]},"properties":{"rate_time":0.77}},{"type":"Feature","geometry":{"type":"Point","coordinates":[110.55477,-6.8509]},"properties":{"rate_time":-0.145}},{"type":"Feature","geometry":{"type":"Point","coordinates":[110.54947,-6.85088]},"properties":{"rate_time":-2.913}},{"type":"Feature","geometry":{"type":"Point","coordinates":[110.52799,-6.85085]},"properties":{"rate_time":1.136}},{"type":"Feature","geometry":{"type":"Point","coordinates":[110.5206,-6.85076]},"properties":{"rate_time":0.029}},{"type":"Feature","geometry":{"type":"Point","coordinates":[110.54627,-6.85075]},"properties":{"rate_time":-5.757}},{"type":"Feature","geometry":{"type":"Point","coordinates":[110.55435,-6.85075]},"properties":{"rate_time":0.146}},{"type":"Feature","geometry":{"type":"Point","coordinates":[110.54936,-6.85064]},"properties":{"rate_time":-1.899}},{"type":"Feature","geometry":{"type":"Point","coordinates":[110.55475,-6.85063]},"properties":{"rate_time":-0.525}},{"type":"Feature","geometry":{"type":"Point","coordinates":[110.52787,-6.85062]},"properties":{"rate_time":0.362}},{"type":"Feature","geometry":{"type":"Point","coordinates":[110.52082,-6.85061]},"properties":{"rate_time":-0.682}},{"type":"Feature","geometry":{"type":"Point","coordinates":[110.54611,-6.85054]},"properties":{"rate_time":-5.141}},{"type":"Feature","geometry":{"type":"Point","coordinates":[110.55438,-6.85049]},"properties":{"rate_time":-0.261}},{"type":"Feature","geometry":{"type":"Point","coordinates":[110.52765,-6.85048]},"properties":{"rate_time":0.686}},{"type":"Feature","geometry":{"type":"Point","coordinates":[110.52102,-6.85046]},"properties":{"rate_time":-1.497}},{"type":"Feature","geometry":{"type":"Point","coordinates":[110.54922,-6.8504]},"properties":{"rate_time":-1.975}},{"type":"Feature","geometry":{"type":"Point","coordinates":[110.55473,-6.85036]},"properties":{"rate_time":-0.818}},{"type":"Feature","geometry":{"type":"Point","coordinates":[110.54598,-6.8503]},"properties":{"rate_time":-5.442}},{"type":"Feature","geometry":{"type":"Point","coordinates":[110.5275,-6.85026]},"properties":{"rate_time":0.448}},{"type":"Feature","geometry":{"type":"Point","coordinates":[110.54493,-6.85025]},"properties":{"rate_time":-1.597}},{"type":"Feature","geometry":{"type":"Point","coordinates":[110.55427,-6.85025]},"properties":{"rate_time":-0.726}},{"type":"Feature","geometry":{"type":"Point","coordinates":[110.52118,-6.85024]},"properties":{"rate_time":-1.376}},{"type":"Feature","geometry":{"type":"Point","coordinates":[110.54476,-6.85022]},"properties":{"rate_time":-3.102}},{"type":"Feature","geometry":{"type":"Point","coordinates":[110.54908,-6.85017]},"properties":{"rate_time":-1.686}},{"type":"Feature","geometry":{"type":"Point","coordinates":[110.52486,-6.85013]},"properties":{"rate_time":2.143}},{"type":"Feature","geometry":{"type":"Point","coordinates":[110.52121,-6.85012]},"properties":{"rate_time":-1.191}},{"type":"Feature","geometry":{"type":"Point","coordinates":[110.55471,-6.85009]},"properties":{"rate_time":0.102}},{"type":"Feature","geometry":{"type":"Point","coordinates":[110.52512,-6.85008]},"properties":{"rate_time":2.714}},{"type":"Feature","geometry":{"type":"Point","coordinates":[110.52409,-6.85006]},"properties":{"rate_time":0.866}},{"type":"Feature","geometry":{"type":"Point","coordinates":[110.54511,-6.85005]},"properties":{"rate_time":1.641}},{"type":"Feature","geometry":{"type":"Point","coordinates":[110.54587,-6.85005]},"properties":{"rate_time":-4.834}},{"type":"Feature","geometry":{"type":"Point","coordinates":[110.52461,-6.85004]},"properties":{"rate_time":1.94}},{"type":"Feature","geometry":{"type":"Point","coordinates":[110.52107,-6.85004]},"properties":{"rate_time":-0.549}},{"type":"Feature","geometry":{"type":"Point","coordinates":[110.55412,-6.85002]},"properties":{"rate_time":-0.533}},{"type":"Feature","geometry":{"type":"Point","coordinates":[110.52138,-6.85001]},"properties":{"rate_time":-1.178}},{"type":"Feature","geometry":{"type":"Point","coordinates":[110.52435,-6.85]},"properties":{"rate_time":2.234}},{"type":"Feature","geometry":{"type":"Point","coordinates":[110.52389,-6.84999]},"properties":{"rate_time":0.686}},{"type":"Feature","geometry":{"type":"Point","coordinates":[110.52749,-6.84999]},"properties":{"rate_time":0.192}},{"type":"Feature","geometry":{"type":"Point","coordinates":[110.54467,-6.84997]},"properties":{"rate_time":-2.055}},{"type":"Feature","geometry":{"type":"Point","coordinates":[110.54893,-6.84994]},"properties":{"rate_time":-4.097}},{"type":"Feature","geometry":{"type":"Point","coordinates":[110.52535,-6.84994]},"properties":{"rate_time":3.247}},{"type":"Feature","geometry":{"type":"Point","coordinates":[110.52101,-6.84994]},"properties":{"rate_time":-0.064}},{"type":"Feature","geometry":{"type":"Point","coordinates":[110.55472,-6.84982]},"properties":{"rate_time":-0.47}},{"type":"Feature","geometry":{"type":"Point","coordinates":[110.52883,-6.84982]},"properties":{"rate_time":-4.728}},{"type":"Feature","geometry":{"type":"Point","coordinates":[110.54524,-6.84982]},"properties":{"rate_time":-0.526}},{"type":"Feature","geometry":{"type":"Point","coordinates":[110.54576,-6.8498]},"properties":{"rate_time":-2.617}},{"type":"Feature","geometry":{"type":"Point","coordinates":[110.55397,-6.84979]},"properties":{"rate_time":-0.799}},{"type":"Feature","geometry":{"type":"Point","coordinates":[110.52136,-6.84979]},"properties":{"rate_time":-0.077}},{"type":"Feature","geometry":{"type":"Point","coordinates":[110.52558,-6.84979]},"properties":{"rate_time":5.12}},{"type":"Feature","geometry":{"type":"Point","coordinates":[110.52372,-6.84978]},"properties":{"rate_time":0.701}},{"type":"Feature","geometry":{"type":"Point","coordinates":[110.52857,-6.84978]},"properties":{"rate_time":-5.13}},{"type":"Feature","geometry":{"type":"Point","coordinates":[110.52757,-6.84974]},"properties":{"rate_time":0.153}},{"type":"Feature","geometry":{"type":"Point","coordinates":[110.54453,-6.84974]},"properties":{"rate_time":-1.425}},{"type":"Feature","geometry":{"type":"Point","coordinates":[110.54883,-6.84969]},"properties":{"rate_time":-3.253}},{"type":"Feature","geometry":{"type":"Point","coordinates":[110.52831,-6.84968]},"properties":{"rate_time":1.904}},{"type":"Feature","geometry":{"type":"Point","coordinates":[110.52906,-6.84968]},"properties":{"rate_time":-2.225}},{"type":"Feature","geometry":{"type":"Point","coordinates":[110.52956,-6.84967]},"properties":{"rate_time":-5.105}},{"type":"Feature","geometry":{"type":"Point","coordinates":[110.5293,-6.84966]},"properties":{"rate_time":-2.838}},{"type":"Feature","geometry":{"type":"Point","coordinates":[110.52581,-6.84965]},"properties":{"rate_time":4.284}},{"type":"Feature","geometry":{"type":"Point","coordinates":[110.55376,-6.84964]},"properties":{"rate_time":-1.908}},{"type":"Feature","geometry":{"type":"Point","coordinates":[110.5456,-6.84961]},"properties":{"rate_time":-3.322}},{"type":"Feature","geometry":{"type":"Point","coordinates":[110.52805,-6.8496]},"properties":{"rate_time":1.503}},{"type":"Feature","geometry":{"type":"Point","coordinates":[110.52778,-6.84959]},"properties":{"rate_time":0.629}},{"type":"Feature","geometry":{"type":"Point","coordinates":[110.54537,-6.84959]},"properties":{"rate_time":-1.654}},{"type":"Feature","geometry":{"type":"Point","coordinates":[110.52354,-6.84958]},"properties":{"rate_time":1.102}},{"type":"Feature","geometry":{"type":"Point","coordinates":[110.5535,-6.84958]},"properties":{"rate_time":-1.78}},{"type":"Feature","geometry":{"type":"Point","coordinates":[110.5547,-6.84956]},"properties":{"rate_time":0.055}},{"type":"Feature","geometry":{"type":"Point","coordinates":[110.52131,-6.84955]},"properties":{"rate_time":0.795}},{"type":"Feature","geometry":{"type":"Point","coordinates":[110.5446,-6.8495]},"properties":{"rate_time":-0.844}},{"type":"Feature","geometry":{"type":"Point","coordinates":[110.52603,-6.84949]},"properties":{"rate_time":3.309}},{"type":"Feature","geometry":{"type":"Point","coordinates":[110.54868,-6.84947]},"properties":{"rate_time":-2.756}},{"type":"Feature","geometry":{"type":"Point","coordinates":[110.55452,-6.84944]},"properties":{"rate_time":0.688}},{"type":"Feature","geometry":{"type":"Point","coordinates":[110.55328,-6.84943]},"properties":{"rate_time":-2.307}},{"type":"Feature","geometry":{"type":"Point","coordinates":[110.52958,-6.84943]},"properties":{"rate_time":-4.093}},{"type":"Feature","geometry":{"type":"Point","coordinates":[110.55425,-6.8494]},"properties":{"rate_time":-0.467}},{"type":"Feature","geometry":{"type":"Point","coordinates":[110.54482,-6.84935]},"properties":{"rate_time":0.249}},{"type":"Feature","geometry":{"type":"Point","coordinates":[110.5234,-6.84935]},"properties":{"rate_time":2.2}},{"type":"Feature","geometry":{"type":"Point","coordinates":[110.52624,-6.84932]},"properties":{"rate_time":2.492}},{"type":"Feature","geometry":{"type":"Point","coordinates":[110.54435,-6.84931]},"properties":{"rate_time":-0.248}},{"type":"Feature","geometry":{"type":"Point","coordinates":[110.5214,-6.84929]},"properties":{"rate_time":1.096}},{"type":"Feature","geometry":{"type":"Point","coordinates":[110.55305,-6.84928]},"properties":{"rate_time":-2.019}},{"type":"Feature","geometry":{"type":"Point","coordinates":[110.54854,-6.84924]},"properties":{"rate_time":-1.809}},{"type":"Feature","geometry":{"type":"Point","coordinates":[110.55407,-6.84923]},"properties":{"rate_time":-0.718}},{"type":"Feature","geometry":{"type":"Point","coordinates":[110.54411,-6.84922]},"properties":{"rate_time":0.412}},{"type":"Feature","geometry":{"type":"Point","coordinates":[110.54506,-6.84922]},"properties":{"rate_time":1.145}},{"type":"Feature","geometry":{"type":"Point","coordinates":[110.52955,-6.84916]},"properties":{"rate_time":-2.14}},{"type":"Feature","geometry":{"type":"Point","coordinates":[110.52178,-6.84914]},"properties":{"rate_time":0.671}},{"type":"Feature","geometry":{"type":"Point","coordinates":[110.52643,-6.84913]},"properties":{"rate_time":2.113}},{"type":"Feature","geometry":{"type":"Point","coordinates":[110.55283,-6.84911]},"properties":{"rate_time":-1.064}},{"type":"Feature","geometry":{"type":"Point","coordinates":[110.5233,-6.8491]},"properties":{"rate_time":2.076}},{"type":"Feature","geometry":{"type":"Point","coordinates":[110.54452,-6.8491]},"properties":{"rate_time":0.064}},{"type":"Feature","geometry":{"type":"Point","coordinates":[110.54837,-6.84903]},"properties":{"rate_time":-0.997}},{"type":"Feature","geometry":{"type":"Point","coordinates":[110.52146,-6.84903]},"properties":{"rate_time":1.124}},{"type":"Feature","geometry":{"type":"Point","coordinates":[110.52201,-6.84901]},"properties":{"rate_time":0.551}},{"type":"Feature","geometry":{"type":"Point","coordinates":[110.54518,-6.84901]},"properties":{"rate_time":1.371}},{"type":"Feature","geometry":{"type":"Point","coordinates":[110.54404,-6.849]},"properties":{"rate_time":-0.602}},{"type":"Feature","geometry":{"type":"Point","coordinates":[110.55401,-6.84896]},"properties":{"rate_time":-0.594}},{"type":"Feature","geometry":{"type":"Point","coordinates":[110.52308,-6.84896]},"properties":{"rate_time":1.015}},{"type":"Feature","geometry":{"type":"Point","coordinates":[110.52281,-6.84895]},"properties":{"rate_time":1.22}},{"type":"Feature","geometry":{"type":"Point","coordinates":[110.52254,-6.84895]},"properties":{"rate_time":2.034}},{"type":"Feature","geometry":{"type":"Point","coordinates":[110.52227,-6.84894]},"properties":{"rate_time":0.325}},{"type":"Feature","geometry":{"type":"Point","coordinates":[110.52177,-6.84893]},"properties":{"rate_time":0.773}},{"type":"Feature","geometry":{"type":"Point","coordinates":[110.55266,-6.84891]},"properties":{"rate_time":-0.635}},{"type":"Feature","geometry":{"type":"Point","coordinates":[110.52961,-6.84889]},"properties":{"rate_time":0.718}},{"type":"Feature","geometry":{"type":"Point","coordinates":[110.54468,-6.84888]},"properties":{"rate_time":0.109}},{"type":"Feature","geometry":{"type":"Point","coordinates":[110.52638,-6.84887]},"properties":{"rate_time":1.278}},{"type":"Feature","geometry":{"type":"Point","coordinates":[110.54821,-6.84881]},"properties":{"rate_time":-0.676}},{"type":"Feature","geometry":{"type":"Point","coordinates":[110.5451,-6.84878]},"properties":{"rate_time":-0.309}},{"type":"Feature","geometry":{"type":"Point","coordinates":[110.52156,-6.84878]},"properties":{"rate_time":0.991}},{"type":"Feature","geometry":{"type":"Point","coordinates":[110.54414,-6.84875]},"properties":{"rate_time":-0.414}},{"type":"Feature","geometry":{"type":"Point","coordinates":[110.55395,-6.8487]},"properties":{"rate_time":-0.139}},{"type":"Feature","geometry":{"type":"Point","coordinates":[110.52189,-6.84869]},"properties":{"rate_time":0.921}},{"type":"Feature","geometry":{"type":"Point","coordinates":[110.54487,-6.84868]},"properties":{"rate_time":0.77}},{"type":"Feature","geometry":{"type":"Point","coordinates":[110.55258,-6.84865]},"properties":{"rate_time":-0.879}},{"type":"Feature","geometry":{"type":"Point","coordinates":[110.52967,-6.84863]},"properties":{"rate_time":1.139}},{"type":"Feature","geometry":{"type":"Point","coordinates":[110.52632,-6.84861]},"properties":{"rate_time":0.492}},{"type":"Feature","geometry":{"type":"Point","coordinates":[110.54806,-6.84858]},"properties":{"rate_time":-0.505}},{"type":"Feature","geometry":{"type":"Point","coordinates":[110.52174,-6.84857]},"properties":{"rate_time":1.157}},{"type":"Feature","geometry":{"type":"Point","coordinates":[110.54427,-6.84851]},"properties":{"rate_time":-0.222}},{"type":"Feature","geometry":{"type":"Point","coordinates":[110.52206,-6.84848]},"properties":{"rate_time":0.944}},{"type":"Feature","geometry":{"type":"Point","coordinates":[110.55382,-6.84847]},"properties":{"rate_time":0.166}},{"type":"Feature","geometry":{"type":"Point","coordinates":[110.52986,-6.84844]},"properties":{"rate_time":0.79}},{"type":"Feature","geometry":{"type":"Point","coordinates":[110.53052,-6.84841]},"properties":{"rate_time":0.369}},{"type":"Feature","geometry":{"type":"Point","coordinates":[110.52647,-6.8484]},"properties":{"rate_time":-0.397}},{"type":"Feature","geometry":{"type":"Point","coordinates":[110.55254,-6.84839]},"properties":{"rate_time":-2.397}},{"type":"Feature","geometry":{"type":"Point","coordinates":[110.54794,-6.84834]},"properties":{"rate_time":-0.783}},{"type":"Feature","geometry":{"type":"Point","coordinates":[110.52186,-6.84833]},"properties":{"rate_time":1.243}},{"type":"Feature","geometry":{"type":"Point","coordinates":[110.52226,-6.8483]},"properties":{"rate_time":0.916}},{"type":"Feature","geometry":{"type":"Point","coordinates":[110.5444,-6.84829]},"properties":{"rate_time":-0.822}},{"type":"Feature","geometry":{"type":"Point","coordinates":[110.52671,-6.84828]},"properties":{"rate_time":-1.391}},{"type":"Feature","geometry":{"type":"Point","coordinates":[110.53039,-6.84825]},"properties":{"rate_time":-0.028}},{"type":"Feature","geometry":{"type":"Point","coordinates":[110.53005,-6.84825]},"properties":{"rate_time":-0.157}},{"type":"Feature","geometry":{"type":"Point","coordinates":[110.52776,-6.84824]},"properties":{"rate_time":-0.704}},{"type":"Feature","geometry":{"type":"Point","coordinates":[110.55368,-6.84824]},"properties":{"rate_time":0.045}},{"type":"Feature","geometry":{"type":"Point","coordinates":[110.53071,-6.84821]},"properties":{"rate_time":0.087}},{"type":"Feature","geometry":{"type":"Point","coordinates":[110.52697,-6.84821]},"properties":{"rate_time":-1.259}},{"type":"Feature","geometry":{"type":"Point","coordinates":[110.5275,-6.84819]},"properties":{"rate_time":-0.058}},{"type":"Feature","geometry":{"type":"Point","coordinates":[110.52801,-6.84813]},"properties":{"rate_time":0.983}},{"type":"Feature","geometry":{"type":"Point","coordinates":[110.52723,-6.84813]},"properties":{"rate_time":-0.465}},{"type":"Feature","geometry":{"type":"Point","coordinates":[110.55248,-6.84812]},"properties":{"rate_time":-2.093}},{"type":"Feature","geometry":{"type":"Point","coordinates":[110.54779,-6.84811]},"properties":{"rate_time":-1.063}},{"type":"Feature","geometry":{"type":"Point","coordinates":[110.52196,-6.84808]},"properties":{"rate_time":1.27}},{"type":"Feature","geometry":{"type":"Point","coordinates":[110.53022,-6.84804]},"properties":{"rate_time":-0.101}},{"type":"Feature","geometry":{"type":"Point","coordinates":[110.52232,-6.84803]},"properties":{"rate_time":0.616}},{"type":"Feature","geometry":{"type":"Point","coordinates":[110.54432,-6.84803]},"properties":{"rate_time":-0.108}},{"type":"Feature","geometry":{"type":"Point","coordinates":[110.55352,-6.84802]},"properties":{"rate_time":-0.048}},{"type":"Feature","geometry":{"type":"Point","coordinates":[110.52876,-6.848]},"properties":{"rate_time":0.082}},{"type":"Feature","geometry":{"type":"Point","coordinates":[110.52824,-6.84799]},"properties":{"rate_time":0.61}},{"type":"Feature","geometry":{"type":"Point","coordinates":[110.53086,-6.84799]},"properties":{"rate_time":-0.181}},{"type":"Feature","geometry":{"type":"Point","coordinates":[110.5285,-6.84795]},"properties":{"rate_time":0.669}},{"type":"Feature","geometry":{"type":"Point","coordinates":[110.5523,-6.84792]},"properties":{"rate_time":-1.613}},{"type":"Feature","geometry":{"type":"Point","coordinates":[110.52898,-6.84791]},"properties":{"rate_time":0.262}},{"type":"Feature","geometry":{"type":"Point","coordinates":[110.54769,-6.84786]},"properties":{"rate_time":-0.721}},{"type":"Feature","geometry":{"type":"Point","coordinates":[110.52248,-6.84782]},"properties":{"rate_time":0.557}},{"type":"Feature","geometry":{"type":"Point","coordinates":[110.522,-6.84782]},"properties":{"rate_time":1.735}},{"type":"Feature","geometry":{"type":"Point","coordinates":[110.54715,-6.84781]},"properties":{"rate_time":-0.597}},{"type":"Feature","geometry":{"type":"Point","coordinates":[110.54416,-6.84781]},"properties":{"rate_time":-0.187}},{"type":"Feature","geometry":{"type":"Point","coordinates":[110.55336,-6.8478]},"properties":{"rate_time":-0.705}},{"type":"Feature","geometry":{"type":"Point","coordinates":[110.53103,-6.84778]},"properties":{"rate_time":-0.413}},{"type":"Feature","geometry":{"type":"Point","coordinates":[110.55208,-6.84776]},"properties":{"rate_time":-1.362}},{"type":"Feature","geometry":{"type":"Point","coordinates":[110.52917,-6.84772]},"properties":{"rate_time":-0.804}},{"type":"Feature","geometry":{"type":"Point","coordinates":[110.54078,-6.84767]},"properties":{"rate_time":-0.335}},{"type":"Feature","geometry":{"type":"Point","coordinates":[110.54754,-6.84764]},"properties":{"rate_time":-0.34}},{"type":"Feature","geometry":{"type":"Point","coordinates":[110.55187,-6.8476]},"properties":{"rate_time":-1.073}},{"type":"Feature","geometry":{"type":"Point","coordinates":[110.55318,-6.8476]},"properties":{"rate_time":0.291}},{"type":"Feature","geometry":{"type":"Point","coordinates":[110.54699,-6.8476]},"properties":{"rate_time":-0.477}},{"type":"Feature","geometry":{"type":"Point","coordinates":[110.54095,-6.84759]},"properties":{"rate_time":-0.713}},{"type":"Feature","geometry":{"type":"Point","coordinates":[110.52262,-6.84759]},"properties":{"rate_time":-0.166}},{"type":"Feature","geometry":{"type":"Point","coordinates":[110.52213,-6.84759]},"properties":{"rate_time":1.835}},{"type":"Feature","geometry":{"type":"Point","coordinates":[110.54407,-6.84755]},"properties":{"rate_time":-0.462}},{"type":"Feature","geometry":{"type":"Point","coordinates":[110.52936,-6.84752]},"properties":{"rate_time":1.234}},{"type":"Feature","geometry":{"type":"Point","coordinates":[110.53101,-6.84752]},"properties":{"rate_time":-0.583}},{"type":"Feature","geometry":{"type":"Point","coordinates":[110.54116,-6.84742]},"properties":{"rate_time":-0.372}},{"type":"Feature","geometry":{"type":"Point","coordinates":[110.54074,-6.84742]},"properties":{"rate_time":-0.12}},{"type":"Feature","geometry":{"type":"Point","coordinates":[110.54739,-6.84742]},"properties":{"rate_time":-0.409}},{"type":"Feature","geometry":{"type":"Point","coordinates":[110.5517,-6.8474]},"properties":{"rate_time":-0.878}},{"type":"Feature","geometry":{"type":"Point","coordinates":[110.553,-6.84739]},"properties":{"rate_time":0.699}},{"type":"Feature","geometry":{"type":"Point","coordinates":[110.54683,-6.84738]},"properties":{"rate_time":-0.412}},{"type":"Feature","geometry":{"type":"Point","coordinates":[110.52229,-6.84737]},"properties":{"rate_time":1.923}},{"type":"Feature","geometry":{"type":"Point","coordinates":[110.52275,-6.84735]},"properties":{"rate_time":0.147}},{"type":"Feature","geometry":{"type":"Point","coordinates":[110.5439,-6.84734]},"properties":{"rate_time":-0.775}},{"type":"Feature","geometry":{"type":"Point","coordinates":[110.52947,-6.84728]},"properties":{"rate_time":0.919}},{"type":"Feature","geometry":{"type":"Point","coordinates":[110.53111,-6.84728]},"properties":{"rate_time":-0.41}},{"type":"Feature","geometry":{"type":"Point","coordinates":[110.54137,-6.84725]},"properties":{"rate_time":-0.131}},{"type":"Feature","geometry":{"type":"Point","coordinates":[110.52249,-6.8472]},"properties":{"rate_time":-0.114}},{"type":"Feature","geometry":{"type":"Point","coordinates":[110.54663,-6.8472]},"properties":{"rate_time":-0.429}},{"type":"Feature","geometry":{"type":"Point","coordinates":[110.54723,-6.8472]},"properties":{"rate_time":-0.247}},{"type":"Feature","geometry":{"type":"Point","coordinates":[110.54369,-6.84718]},"properties":{"rate_time":-0.196}},{"type":"Feature","geometry":{"type":"Point","coordinates":[110.54084,-6.84717]},"properties":{"rate_time":-0.194}},{"type":"Feature","geometry":{"type":"Point","coordinates":[110.55158,-6.84716]},"properties":{"rate_time":-0.44}},{"type":"Feature","geometry":{"type":"Point","coordinates":[110.55286,-6.84716]},"properties":{"rate_time":0.902}},{"type":"Feature","geometry":{"type":"Point","coordinates":[110.52287,-6.84711]},"properties":{"rate_time":1.203}},{"type":"Feature","geometry":{"type":"Point","coordinates":[110.54159,-6.84709]},"properties":{"rate_time":0.068}},{"type":"Feature","geometry":{"type":"Point","coordinates":[110.52272,-6.84705]},"properties":{"rate_time":1.078}},{"type":"Feature","geometry":{"type":"Point","coordinates":[110.53105,-6.84704]},"properties":{"rate_time":0.121}},{"type":"Feature","geometry":{"type":"Point","coordinates":[110.54347,-6.84703]},"properties":{"rate_time":-0.036}},{"type":"Feature","geometry":{"type":"Point","coordinates":[110.52945,-6.84701]},"properties":{"rate_time":0.748}},{"type":"Feature","geometry":{"type":"Point","coordinates":[110.54644,-6.847]},"properties":{"rate_time":-0.389}},{"type":"Feature","geometry":{"type":"Point","coordinates":[110.54705,-6.847]},"properties":{"rate_time":-0.256}},{"type":"Feature","geometry":{"type":"Point","coordinates":[110.55269,-6.84696]},"properties":{"rate_time":0.033}},{"type":"Feature","geometry":{"type":"Point","coordinates":[110.54183,-6.84695]},"properties":{"rate_time":0.101}},{"type":"Feature","geometry":{"type":"Point","coordinates":[110.54097,-6.84693]},"properties":{"rate_time":-0.21}},{"type":"Feature","geometry":{"type":"Point","coordinates":[110.54611,-6.84691]},"properties":{"rate_time":0.007}},{"type":"Feature","geometry":{"type":"Point","coordinates":[110.5516,-6.8469]},"properties":{"rate_time":0.095}},{"type":"Feature","geometry":{"type":"Point","coordinates":[110.52289,-6.84686]},"properties":{"rate_time":0.826}},{"type":"Feature","geometry":{"type":"Point","coordinates":[110.54326,-6.84686]},"properties":{"rate_time":0.014}},{"type":"Feature","geometry":{"type":"Point","coordinates":[110.55245,-6.84682]},"properties":{"rate_time":0.416}},{"type":"Feature","geometry":{"type":"Point","coordinates":[110.53089,-6.84681]},"properties":{"rate_time":1.102}},{"type":"Feature","geometry":{"type":"Point","coordinates":[110.54687,-6.8468]},"properties":{"rate_time":-0.285}},{"type":"Feature","geometry":{"type":"Point","coordinates":[110.54627,-6.84679]},"properties":{"rate_time":-0.223}},{"type":"Feature","geometry":{"type":"Point","coordinates":[110.542,-6.84675]},"properties":{"rate_time":-0.157}},{"type":"Feature","geometry":{"type":"Point","coordinates":[110.5294,-6.84675]},"properties":{"rate_time":1.436}},{"type":"Feature","geometry":{"type":"Point","coordinates":[110.53062,-6.84675]},"properties":{"rate_time":0.444}},{"type":"Feature","geometry":{"type":"Point","coordinates":[110.53205,-6.84674]},"properties":{"rate_time":-0.505}},{"type":"Feature","geometry":{"type":"Point","coordinates":[110.53043,-6.84671]},"properties":{"rate_time":0.085}},{"type":"Feature","geometry":{"type":"Point","coordinates":[110.53182,-6.8467]},"properties":{"rate_time":-1.999}},{"type":"Feature","geometry":{"type":"Point","coordinates":[110.54109,-6.84669]},"properties":{"rate_time":0.114}},{"type":"Feature","geometry":{"type":"Point","coordinates":[110.54306,-6.84668]},"properties":{"rate_time":0.14}},{"type":"Feature","geometry":{"type":"Point","coordinates":[110.55222,-6.84668]},"properties":{"rate_time":0.401}},{"type":"Feature","geometry":{"type":"Point","coordinates":[110.55173,-6.84667]},"properties":{"rate_time":0.346}},{"type":"Feature","geometry":{"type":"Point","coordinates":[110.53087,-6.84661]},"properties":{"rate_time":0.713}},{"type":"Feature","geometry":{"type":"Point","coordinates":[110.54222,-6.8466]},"properties":{"rate_time":-0.24}},{"type":"Feature","geometry":{"type":"Point","coordinates":[110.54668,-6.8466]},"properties":{"rate_time":-0.179}},{"type":"Feature","geometry":{"type":"Point","coordinates":[110.55197,-6.84657]},"properties":{"rate_time":0.358}},{"type":"Feature","geometry":{"type":"Point","coordinates":[110.53069,-6.84656]},"properties":{"rate_time":1.359}},{"type":"Feature","geometry":{"type":"Point","coordinates":[110.53238,-6.84654]},"properties":{"rate_time":1.904}},{"type":"Feature","geometry":{"type":"Point","coordinates":[110.54247,-6.8465]},"properties":{"rate_time":-0.1}},{"type":"Feature","geometry":{"type":"Point","coordinates":[110.52938,-6.84648]},"properties":{"rate_time":1.129}},{"type":"Feature","geometry":{"type":"Point","coordinates":[110.54288,-6.84648]},"properties":{"rate_time":0.141}},{"type":"Feature","geometry":{"type":"Point","coordinates":[110.53044,-6.84645]},"properties":{"rate_time":0.875}},{"type":"Feature","geometry":{"type":"Point","coordinates":[110.53177,-6.84643]},"properties":{"rate_time":-0.484}},{"type":"Feature","geometry":{"type":"Point","coordinates":[110.54119,-6.84643]},"properties":{"rate_time":0.091}},{"type":"Feature","geometry":{"type":"Point","coordinates":[110.53106,-6.84643]},"properties":{"rate_time":-0.129}},{"type":"Feature","geometry":{"type":"Point","coordinates":[110.54648,-6.84641]},"properties":{"rate_time":-0.033}},{"type":"Feature","geometry":{"type":"Point","coordinates":[110.53257,-6.84635]},"properties":{"rate_time":2.126}},{"type":"Feature","geometry":{"type":"Point","coordinates":[110.54268,-6.84633]},"properties":{"rate_time":-0.049}},{"type":"Feature","geometry":{"type":"Point","coordinates":[110.53067,-6.84633]},"properties":{"rate_time":0.329}},{"type":"Feature","geometry":{"type":"Point","coordinates":[110.52953,-6.84628]},"properties":{"rate_time":1.257}},{"type":"Feature","geometry":{"type":"Point","coordinates":[110.53088,-6.84627]},"properties":{"rate_time":0.742}},{"type":"Feature","geometry":{"type":"Point","coordinates":[110.53033,-6.8462]},"properties":{"rate_time":2.055}},{"type":"Feature","geometry":{"type":"Point","coordinates":[110.54631,-6.8462]},"properties":{"rate_time":-0.204}},{"type":"Feature","geometry":{"type":"Point","coordinates":[110.54133,-6.8462]},"properties":{"rate_time":0.185}},{"type":"Feature","geometry":{"type":"Point","coordinates":[110.53277,-6.84617]},"properties":{"rate_time":2.071}},{"type":"Feature","geometry":{"type":"Point","coordinates":[110.53176,-6.84616]},"properties":{"rate_time":-1.405}},{"type":"Feature","geometry":{"type":"Point","coordinates":[110.52977,-6.84616]},"properties":{"rate_time":1.249}},{"type":"Feature","geometry":{"type":"Point","coordinates":[110.52979,-6.84609]},"properties":{"rate_time":0.889}},{"type":"Feature","geometry":{"type":"Point","coordinates":[110.52952,-6.84602]},"properties":{"rate_time":0.425}},{"type":"Feature","geometry":{"type":"Point","coordinates":[110.53015,-6.84601]},"properties":{"rate_time":1.859}},{"type":"Feature","geometry":{"type":"Point","coordinates":[110.54615,-6.84598]},"properties":{"rate_time":-0.284}},{"type":"Feature","geometry":{"type":"Point","coordinates":[110.53265,-6.84598]},"properties":{"rate_time":0.91}},{"type":"Feature","geometry":{"type":"Point","coordinates":[110.54145,-6.84596]},"properties":{"rate_time":-0.15}},{"type":"Feature","geometry":{"type":"Point","coordinates":[110.52926,-6.84595]},"properties":{"rate_time":-0.091}},{"type":"Feature","geometry":{"type":"Point","coordinates":[110.53188,-6.84592]},"properties":{"rate_time":0.006}},{"type":"Feature","geometry":{"type":"Point","coordinates":[110.52903,-6.84582]},"properties":{"rate_time":-0.561}},{"type":"Feature","geometry":{"type":"Point","coordinates":[110.53007,-6.84578]},"properties":{"rate_time":1.516}},{"type":"Feature","geometry":{"type":"Point","coordinates":[110.5325,-6.84578]},"properties":{"rate_time":0.44}},{"type":"Feature","geometry":{"type":"Point","coordinates":[110.54599,-6.84577]},"properties":{"rate_time":-0.1}},{"type":"Feature","geometry":{"type":"Point","coordinates":[110.54159,-6.84573]},"properties":{"rate_time":-0.308}},{"type":"Feature","geometry":{"type":"Point","coordinates":[110.53202,-6.8457]},"properties":{"rate_time":0.487}},{"type":"Feature","geometry":{"type":"Point","coordinates":[110.52884,-6.84563]},"properties":{"rate_time":-0.316}},{"type":"Feature","geometry":{"type":"Point","coordinates":[110.54578,-6.84559]},"properties":{"rate_time":-0.144}},{"type":"Feature","geometry":{"type":"Point","coordinates":[110.53013,-6.84553]},"properties":{"rate_time":2.097}},{"type":"Feature","geometry":{"type":"Point","coordinates":[110.53255,-6.84552]},"properties":{"rate_time":0.196}},{"type":"Feature","geometry":{"type":"Point","coordinates":[110.54173,-6.84549]},"properties":{"rate_time":-0.554}},{"type":"Feature","geometry":{"type":"Point","coordinates":[110.53213,-6.84545]},"properties":{"rate_time":-0.588}},{"type":"Feature","geometry":{"type":"Point","coordinates":[110.54559,-6.8454]},"properties":{"rate_time":-0.304}},{"type":"Feature","geometry":{"type":"Point","coordinates":[110.5287,-6.8454]},"properties":{"rate_time":-0.317}},{"type":"Feature","geometry":{"type":"Point","coordinates":[110.54103,-6.84532]},"properties":{"rate_time":-0.526}},{"type":"Feature","geometry":{"type":"Point","coordinates":[110.53268,-6.84528]},"properties":{"rate_time":0.107}},{"type":"Feature","geometry":{"type":"Point","coordinates":[110.5412,-6.84528]},"properties":{"rate_time":-0.862}},{"type":"Feature","geometry":{"type":"Point","coordinates":[110.53012,-6.84527]},"properties":{"rate_time":1.651}},{"type":"Feature","geometry":{"type":"Point","coordinates":[110.54177,-6.84525]},"properties":{"rate_time":-1.025}},{"type":"Feature","geometry":{"type":"Point","coordinates":[110.52987,-6.84522]},"properties":{"rate_time":1.341}},{"type":"Feature","geometry":{"type":"Point","coordinates":[110.53225,-6.84522]},"properties":{"rate_time":-0.105}},{"type":"Feature","geometry":{"type":"Point","coordinates":[110.5454,-6.8452]},"properties":{"rate_time":-0.269}},{"type":"Feature","geometry":{"type":"Point","coordinates":[110.52856,-6.84516]},"properties":{"rate_time":-0.823}},{"type":"Feature","geometry":{"type":"Point","coordinates":[110.52961,-6.84515]},"properties":{"rate_time":0.614}},{"type":"Feature","geometry":{"type":"Point","coordinates":[110.5301,-6.84513]},"properties":{"rate_time":1.497}},{"type":"Feature","geometry":{"type":"Point","coordinates":[110.52934,-6.84512]},"properties":{"rate_time":0.942}},{"type":"Feature","geometry":{"type":"Point","coordinates":[110.54119,-6.8451]},"properties":{"rate_time":-0.499}},{"type":"Feature","geometry":{"type":"Point","coordinates":[110.54139,-6.84509]},"properties":{"rate_time":-0.821}},{"type":"Feature","geometry":{"type":"Point","coordinates":[110.53029,-6.84508]},"properties":{"rate_time":1.933}},{"type":"Feature","geometry":{"type":"Point","coordinates":[110.5291,-6.84504]},"properties":{"rate_time":1.734}},{"type":"Feature","geometry":{"type":"Point","coordinates":[110.53273,-6.84502]},"properties":{"rate_time":-0.164}},{"type":"Feature","geometry":{"type":"Point","coordinates":[110.53244,-6.84502]},"properties":{"rate_time":-0.72}},{"type":"Feature","geometry":{"type":"Point","coordinates":[110.54164,-6.84501]},"properties":{"rate_time":-1.155}},{"type":"Feature","geometry":{"type":"Point","coordinates":[110.53051,-6.84501]},"properties":{"rate_time":2.343}},{"type":"Feature","geometry":{"type":"Point","coordinates":[110.54522,-6.845]},"properties":{"rate_time":-0.224}},{"type":"Feature","geometry":{"type":"Point","coordinates":[110.5302,-6.84491]},"properties":{"rate_time":1.548}},{"type":"Feature","geometry":{"type":"Point","coordinates":[110.5285,-6.8449]},"properties":{"rate_time":-0.966}},{"type":"Feature","geometry":{"type":"Point","coordinates":[110.54128,-6.84486]},"properties":{"rate_time":-0.451}},{"type":"Feature","geometry":{"type":"Point","coordinates":[110.53263,-6.84483]},"properties":{"rate_time":-0.913}},{"type":"Feature","geometry":{"type":"Point","coordinates":[110.54504,-6.8448]},"properties":{"rate_time":-0.235}},{"type":"Feature","geometry":{"type":"Point","coordinates":[110.53036,-6.84479]},"properties":{"rate_time":1.181}},{"type":"Feature","geometry":{"type":"Point","coordinates":[110.52908,-6.84477]},"properties":{"rate_time":0.791}},{"type":"Feature","geometry":{"type":"Point","coordinates":[110.53019,-6.84464]},"properties":{"rate_time":1.521}},{"type":"Feature","geometry":{"type":"Point","coordinates":[110.53055,-6.84464]},"properties":{"rate_time":0.947}},{"type":"Feature","geometry":{"type":"Point","coordinates":[110.52848,-6.84463]},"properties":{"rate_time":-0.967}},{"type":"Feature","geometry":{"type":"Point","coordinates":[110.54124,-6.8446]},"properties":{"rate_time":-0.491}},{"type":"Feature","geometry":{"type":"Point","coordinates":[110.54486,-6.84459]},"properties":{"rate_time":-0.267}},{"type":"Feature","geometry":{"type":"Point","coordinates":[110.52923,-6.84456]},"properties":{"rate_time":-0.085}},{"type":"Feature","geometry":{"type":"Point","coordinates":[110.53668,-6.84453]},"properties":{"rate_time":1.246}},{"type":"Feature","geometry":{"type":"Point","coordinates":[110.53684,-6.8445]},"properties":{"rate_time":0.458}},{"type":"Feature","geometry":{"type":"Point","coordinates":[110.53065,-6.84442]},"properties":{"rate_time":0.65}},{"type":"Feature","geometry":{"type":"Point","coordinates":[110.54108,-6.84439]},"properties":{"rate_time":-0.33}},{"type":"Feature","geometry":{"type":"Point","coordinates":[110.54468,-6.84439]},"properties":{"rate_time":-0.306}},{"type":"Feature","geometry":{"type":"Point","coordinates":[110.53026,-6.84439]},"properties":{"rate_time":0.404}},{"type":"Feature","geometry":{"type":"Point","coordinates":[110.52845,-6.84436]},"properties":{"rate_time":-0.157}},{"type":"Feature","geometry":{"type":"Point","coordinates":[110.52927,-6.84436]},"properties":{"rate_time":-0.083}},{"type":"Feature","geometry":{"type":"Point","coordinates":[110.53705,-6.84433]},"properties":{"rate_time":0.328}},{"type":"Feature","geometry":{"type":"Point","coordinates":[110.54158,-6.84428]},"properties":{"rate_time":-1.532}},{"type":"Feature","geometry":{"type":"Point","coordinates":[110.53667,-6.84427]},"properties":{"rate_time":0.617}},{"type":"Feature","geometry":{"type":"Point","coordinates":[110.54088,-6.84421]},"properties":{"rate_time":-0.365}},{"type":"Feature","geometry":{"type":"Point","coordinates":[110.54451,-6.84419]},"properties":{"rate_time":-0.312}},{"type":"Feature","geometry":{"type":"Point","coordinates":[110.53059,-6.84415]},"properties":{"rate_time":0.139}},{"type":"Feature","geometry":{"type":"Point","coordinates":[110.53035,-6.84414]},"properties":{"rate_time":0.098}},{"type":"Feature","geometry":{"type":"Point","coordinates":[110.5372,-6.84411]},"properties":{"rate_time":0.773}},{"type":"Feature","geometry":{"type":"Point","coordinates":[110.52918,-6.84411]},"properties":{"rate_time":-0.181}},{"type":"Feature","geometry":{"type":"Point","coordinates":[110.54137,-6.8441]},"properties":{"rate_time":-1.415}},{"type":"Feature","geometry":{"type":"Point","coordinates":[110.52843,-6.8441]},"properties":{"rate_time":-0.238}},{"type":"Feature","geometry":{"type":"Point","coordinates":[110.53682,-6.84406]},"properties":{"rate_time":0.599}},{"type":"Feature","geometry":{"type":"Point","coordinates":[110.54069,-6.84402]},"properties":{"rate_time":-0.481}},{"type":"Feature","geometry":{"type":"Point","coordinates":[110.54435,-6.84396]},"properties":{"rate_time":-0.32}},{"type":"Feature","geometry":{"type":"Point","coordinates":[110.54118,-6.84392]},"properties":{"rate_time":-1.265}},{"type":"Feature","geometry":{"type":"Point","coordinates":[110.53738,-6.84391]},"properties":{"rate_time":0.921}},{"type":"Feature","geometry":{"type":"Point","coordinates":[110.53703,-6.84391]},"properties":{"rate_time":0.776}},{"type":"Feature","geometry":{"type":"Point","coordinates":[110.53058,-6.84389]},"properties":{"rate_time":-0.061}},{"type":"Feature","geometry":{"type":"Point","coordinates":[110.53039,-6.84387]},"properties":{"rate_time":-0.24}},{"type":"Feature","geometry":{"type":"Point","coordinates":[110.52916,-6.84384]},"properties":{"rate_time":0.193}},{"type":"Feature","geometry":{"type":"Point","coordinates":[110.54049,-6.84383]},"properties":{"rate_time":-0.517}},{"type":"Feature","geometry":{"type":"Point","coordinates":[110.52846,-6.84383]},"properties":{"rate_time":-0.209}},{"type":"Feature","geometry":{"type":"Point","coordinates":[110.54418,-6.84375]},"properties":{"rate_time":-0.344}},{"type":"Feature","geometry":{"type":"Point","coordinates":[110.54097,-6.84374]},"properties":{"rate_time":-1.317}},{"type":"Feature","geometry":{"type":"Point","coordinates":[110.53757,-6.84372]},"properties":{"rate_time":1.538}},{"type":"Feature","geometry":{"type":"Point","coordinates":[110.53714,-6.84367]},"properties":{"rate_time":0.915}},{"type":"Feature","geometry":{"type":"Point","coordinates":[110.5403,-6.84364]},"properties":{"rate_time":-0.556}},{"type":"Feature","geometry":{"type":"Point","coordinates":[110.5306,-6.84364]},"properties":{"rate_time":0.081}},{"type":"Feature","geometry":{"type":"Point","coordinates":[110.53045,-6.84361]},"properties":{"rate_time":-0.062}},{"type":"Feature","geometry":{"type":"Point","coordinates":[110.52921,-6.84357]},"properties":{"rate_time":-0.189}},{"type":"Feature","geometry":{"type":"Point","coordinates":[110.54399,-6.84356]},"properties":{"rate_time":-0.241}},{"type":"Feature","geometry":{"type":"Point","coordinates":[110.52847,-6.84356]},"properties":{"rate_time":-0.656}},{"type":"Feature","geometry":{"type":"Point","coordinates":[110.54079,-6.84354]},"properties":{"rate_time":-1.417}},{"type":"Feature","geometry":{"type":"Point","coordinates":[110.53758,-6.84345]},"properties":{"rate_time":1.301}},{"type":"Feature","geometry":{"type":"Point","coordinates":[110.54011,-6.84345]},"properties":{"rate_time":-0.536}},{"type":"Feature","geometry":{"type":"Point","coordinates":[110.53709,-6.8434]},"properties":{"rate_time":0.553}},{"type":"Feature","geometry":{"type":"Point","coordinates":[110.5438,-6.84337]},"properties":{"rate_time":-0.248}},{"type":"Feature","geometry":{"type":"Point","coordinates":[110.5406,-6.84335]},"properties":{"rate_time":-1.507}},{"type":"Feature","geometry":{"type":"Point","coordinates":[110.52927,-6.84331]},"properties":{"rate_time":-0.231}},{"type":"Feature","geometry":{"type":"Point","coordinates":[110.52847,-6.84328]},"properties":{"rate_time":-0.544}},{"type":"Feature","geometry":{"type":"Point","coordinates":[110.53991,-6.84327]},"properties":{"rate_time":-0.543}},{"type":"Feature","geometry":{"type":"Point","coordinates":[110.53067,-6.84325]},"properties":{"rate_time":0.017}},{"type":"Feature","geometry":{"type":"Point","coordinates":[110.53083,-6.8432]},"properties":{"rate_time":0.193}},{"type":"Feature","geometry":{"type":"Point","coordinates":[110.53753,-6.84319]},"properties":{"rate_time":1.185}},{"type":"Feature","geometry":{"type":"Point","coordinates":[110.5367,-6.84317]},"properties":{"rate_time":0.157}},{"type":"Feature","geometry":{"type":"Point","coordinates":[110.5404,-6.84316]},"properties":{"rate_time":-1.463}},{"type":"Feature","geometry":{"type":"Point","coordinates":[110.53716,-6.84315]},"properties":{"rate_time":0.735}},{"type":"Feature","geometry":{"type":"Point","coordinates":[110.54366,-6.84314]},"properties":{"rate_time":-0.221}},{"type":"Feature","geometry":{"type":"Point","coordinates":[110.53691,-6.84312]},"properties":{"rate_time":0.274}},{"type":"Feature","geometry":{"type":"Point","coordinates":[110.53973,-6.84307]},"properties":{"rate_time":-0.802}},{"type":"Feature","geometry":{"type":"Point","coordinates":[110.5293,-6.84304]},"properties":{"rate_time":-0.698}},{"type":"Feature","geometry":{"type":"Point","coordinates":[110.53057,-6.84304]},"properties":{"rate_time":-0.456}},{"type":"Feature","geometry":{"type":"Point","coordinates":[110.52845,-6.84301]},"properties":{"rate_time":0.191}},{"type":"Feature","geometry":{"type":"Point","coordinates":[110.54019,-6.84299]},"properties":{"rate_time":-1.534}},{"type":"Feature","geometry":{"type":"Point","coordinates":[110.53764,-6.84297]},"properties":{"rate_time":0.964}},{"type":"Feature","geometry":{"type":"Point","coordinates":[110.53682,-6.84294]},"properties":{"rate_time":-0.003}},{"type":"Feature","geometry":{"type":"Point","coordinates":[110.5309,-6.84293]},"properties":{"rate_time":-0.14}},{"type":"Feature","geometry":{"type":"Point","coordinates":[110.5435,-6.84292]},"properties":{"rate_time":-0.312}},{"type":"Feature","geometry":{"type":"Point","coordinates":[110.53956,-6.84285]},"properties":{"rate_time":-0.949}},{"type":"Feature","geometry":{"type":"Point","coordinates":[110.54,-6.8428]},"properties":{"rate_time":-1.497}},{"type":"Feature","geometry":{"type":"Point","coordinates":[110.52928,-6.84277]},"properties":{"rate_time":-0.884}},{"type":"Feature","geometry":{"type":"Point","coordinates":[110.53782,-6.84277]},"properties":{"rate_time":0.698}},{"type":"Feature","geometry":{"type":"Point","coordinates":[110.53059,-6.84277]},"properties":{"rate_time":-0.578}},{"type":"Feature","geometry":{"type":"Point","coordinates":[110.54328,-6.84276]},"properties":{"rate_time":-0.383}},{"type":"Feature","geometry":{"type":"Point","coordinates":[110.52848,-6.84275]},"properties":{"rate_time":0.153}},{"type":"Feature","geometry":{"type":"Point","coordinates":[110.53694,-6.8427]},"properties":{"rate_time":-0.25}},{"type":"Feature","geometry":{"type":"Point","coordinates":[110.53096,-6.84266]},"properties":{"rate_time":-0.185}},{"type":"Feature","geometry":{"type":"Point","coordinates":[110.53939,-6.84264]},"properties":{"rate_time":-0.894}},{"type":"Feature","geometry":{"type":"Point","coordinates":[110.53979,-6.84263]},"properties":{"rate_time":-1.278}},{"type":"Feature","geometry":{"type":"Point","coordinates":[110.53802,-6.84259]},"properties":{"rate_time":0.411}},{"type":"Feature","geometry":{"type":"Point","coordinates":[110.54308,-6.84258]},"properties":{"rate_time":-0.292}},{"type":"Feature","geometry":{"type":"Point","coordinates":[110.52921,-6.84251]},"properties":{"rate_time":-0.394}},{"type":"Feature","geometry":{"type":"Point","coordinates":[110.53062,-6.8425]},"properties":{"rate_time":-0.35}},{"type":"Feature","geometry":{"type":"Point","coordinates":[110.53999,-6.8425]},"properties":{"rate_time":-1.01}},{"type":"Feature","geometry":{"type":"Point","coordinates":[110.52851,-6.84248]},"properties":{"rate_time":-0.374}},{"type":"Feature","geometry":{"type":"Point","coordinates":[110.53917,-6.84248]},"properties":{"rate_time":-1.294}},{"type":"Feature","geometry":{"type":"Point","coordinates":[110.53708,-6.84247]},"properties":{"rate_time":0.083}},{"type":"Feature","geometry":{"type":"Point","coordinates":[110.53975,-6.84245]},"properties":{"rate_time":-1.136}},{"type":"Feature","geometry":{"type":"Point","coordinates":[110.54401,-6.84245]},"properties":{"rate_time":-0.168}},{"type":"Feature","geometry":{"type":"Point","coordinates":[110.54428,-6.84245]},"properties":{"rate_time":0.002}},{"type":"Feature","geometry":{"type":"Point","coordinates":[110.53953,-6.84244]},"properties":{"rate_time":-1.163}},{"type":"Feature","geometry":{"type":"Point","coordinates":[110.54288,-6.84239]},"properties":{"rate_time":-0.533}},{"type":"Feature","geometry":{"type":"Point","coordinates":[110.53098,-6.84239]},"properties":{"rate_time":-0.027}},{"type":"Feature","geometry":{"type":"Point","coordinates":[110.54454,-6.84237]},"properties":{"rate_time":0.273}},{"type":"Feature","geometry":{"type":"Point","coordinates":[110.54377,-6.84235]},"properties":{"rate_time":-0.435}},{"type":"Feature","geometry":{"type":"Point","coordinates":[110.53813,-6.84234]},"properties":{"rate_time":-0.378}},{"type":"Feature","geometry":{"type":"Point","coordinates":[110.53895,-6.84233]},"properties":{"rate_time":-1.513}},{"type":"Feature","geometry":{"type":"Point","coordinates":[110.54161,-6.84231]},"properties":{"rate_time":-1.314}},{"type":"Feature","geometry":{"type":"Point","coordinates":[110.52911,-6.84229]},"properties":{"rate_time":-0.343}},{"type":"Feature","geometry":{"type":"Point","coordinates":[110.52886,-6.84229]},"properties":{"rate_time":-0.516}},{"type":"Feature","geometry":{"type":"Point","coordinates":[110.53933,-6.84226]},"properties":{"rate_time":-1.339}},{"type":"Feature","geometry":{"type":"Point","coordinates":[110.53723,-6.84224]},"properties":{"rate_time":-0.516}},{"type":"Feature","geometry":{"type":"Point","coordinates":[110.53069,-6.84224]},"properties":{"rate_time":-0.284}},{"type":"Feature","geometry":{"type":"Point","coordinates":[110.52843,-6.84224]},"properties":{"rate_time":-0.66}},{"type":"Feature","geometry":{"type":"Point","coordinates":[110.53967,-6.84223]},"properties":{"rate_time":-1.116}},{"type":"Feature","geometry":{"type":"Point","coordinates":[110.54267,-6.84223]},"properties":{"rate_time":-0.316}},{"type":"Feature","geometry":{"type":"Point","coordinates":[110.54353,-6.84222]},"properties":{"rate_time":-0.476}},{"type":"Feature","geometry":{"type":"Point","coordinates":[110.54443,-6.84222]},"properties":{"rate_time":0.105}},{"type":"Feature","geometry":{"type":"Point","coordinates":[110.54137,-6.84218]},"properties":{"rate_time":-0.408}},{"type":"Feature","geometry":{"type":"Point","coordinates":[110.53088,-6.84214]},"properties":{"rate_time":0.022}},{"type":"Feature","geometry":{"type":"Point","coordinates":[110.54179,-6.84213]},"properties":{"rate_time":-1.489}},{"type":"Feature","geometry":{"type":"Point","coordinates":[110.53878,-6.84211]},"properties":{"rate_time":-1.423}},{"type":"Feature","geometry":{"type":"Point","coordinates":[110.54328,-6.84211]},"properties":{"rate_time":-0.687}},{"type":"Feature","geometry":{"type":"Point","coordinates":[110.54243,-6.8421]},"properties":{"rate_time":-0.641}},{"type":"Feature","geometry":{"type":"Point","coordinates":[110.53803,-6.84209]},"properties":{"rate_time":-1.087}},{"type":"Feature","geometry":{"type":"Point","coordinates":[110.53913,-6.84208]},"properties":{"rate_time":-1.529}},{"type":"Feature","geometry":{"type":"Point","coordinates":[110.53741,-6.84204]},"properties":{"rate_time":-0.438}},{"type":"Feature","geometry":{"type":"Point","coordinates":[110.52878,-6.84203]},"properties":{"rate_time":-0.425}},{"type":"Feature","geometry":{"type":"Point","coordinates":[110.54426,-6.84201]},"properties":{"rate_time":-0.096}},{"type":"Feature","geometry":{"type":"Point","coordinates":[110.5283,-6.84201]},"properties":{"rate_time":-0.571}},{"type":"Feature","geometry":{"type":"Point","coordinates":[110.54119,-6.84199]},"properties":{"rate_time":-0.344}},{"type":"Feature","geometry":{"type":"Point","coordinates":[110.53074,-6.84197]},"properties":{"rate_time":-0.458}},{"type":"Feature","geometry":{"type":"Point","coordinates":[110.54167,-6.84197]},"properties":{"rate_time":-1.25}},{"type":"Feature","geometry":{"type":"Point","coordinates":[110.54306,-6.84195]},"properties":{"rate_time":-0.77}},{"type":"Feature","geometry":{"type":"Point","coordinates":[110.5389,-6.84193]},"properties":{"rate_time":-1.529}},{"type":"Feature","geometry":{"type":"Point","coordinates":[110.53783,-6.84191]},"properties":{"rate_time":-1.545}},{"type":"Feature","geometry":{"type":"Point","coordinates":[110.53862,-6.8419]},"properties":{"rate_time":-1.617}},{"type":"Feature","geometry":{"type":"Point","coordinates":[110.53088,-6.84189]},"properties":{"rate_time":-0.234}},{"type":"Feature","geometry":{"type":"Point","coordinates":[110.54238,-6.84186]},"properties":{"rate_time":-0.94}},{"type":"Feature","geometry":{"type":"Point","coordinates":[110.53757,-6.84184]},"properties":{"rate_time":-0.904}},{"type":"Feature","geometry":{"type":"Point","coordinates":[110.53928,-6.84182]},"properties":{"rate_time":-0.996}},{"type":"Feature","geometry":{"type":"Point","coordinates":[110.54283,-6.8418]},"properties":{"rate_time":-0.822}},{"type":"Feature","geometry":{"type":"Point","coordinates":[110.5384,-6.8418]},"properties":{"rate_time":-1.287}},{"type":"Feature","geometry":{"type":"Point","coordinates":[110.5441,-6.84179]},"properties":{"rate_time":-0.229}},{"type":"Feature","geometry":{"type":"Point","coordinates":[110.54102,-6.84178]},"properties":{"rate_time":-0.128}},{"type":"Feature","geometry":{"type":"Point","coordinates":[110.53878,-6.84178]},"properties":{"rate_time":-1.728}},{"type":"Feature","geometry":{"type":"Point","coordinates":[110.54148,-6.84177]},"properties":{"rate_time":-1.022}},{"type":"Feature","geometry":{"type":"Point","coordinates":[110.52881,-6.84176]},"properties":{"rate_time":-0.404}},{"type":"Feature","geometry":{"type":"Point","coordinates":[110.54259,-6.84174]},"properties":{"rate_time":-0.853}},{"type":"Feature","geometry":{"type":"Point","coordinates":[110.52829,-6.84174]},"properties":{"rate_time":-0.808}},{"type":"Feature","geometry":{"type":"Point","coordinates":[110.53903,-6.84173]},"properties":{"rate_time":-1.479}},{"type":"Feature","geometry":{"type":"Point","coordinates":[110.54385,-6.84172]},"properties":{"rate_time":-0.848}},{"type":"Feature","geometry":{"type":"Point","coordinates":[110.53865,-6.84171]},"properties":{"rate_time":-1.318}},{"type":"Feature","geometry":{"type":"Point","coordinates":[110.54077,-6.84171]},"properties":{"rate_time":-0.326}},{"type":"Feature","geometry":{"type":"Point","coordinates":[110.53077,-6.84171]},"properties":{"rate_time":-0.975}},{"type":"Feature","geometry":{"type":"Point","coordinates":[110.54053,-6.84168]},"properties":{"rate_time":-0.527}},{"type":"Feature","geometry":{"type":"Point","coordinates":[110.54359,-6.84164]},"properties":{"rate_time":-0.583}},{"type":"Feature","geometry":{"type":"Point","coordinates":[110.54332,-6.84163]},"properties":{"rate_time":-0.321}},{"type":"Feature","geometry":{"type":"Point","coordinates":[110.54129,-6.84159]},"properties":{"rate_time":-1.088}},{"type":"Feature","geometry":{"type":"Point","coordinates":[110.53827,-6.84153]},"properties":{"rate_time":-1.838}},{"type":"Feature","geometry":{"type":"Point","coordinates":[110.54308,-6.84153]},"properties":{"rate_time":-0.29}},{"type":"Feature","geometry":{"type":"Point","coordinates":[110.52873,-6.8415]},"properties":{"rate_time":-0.513}},{"type":"Feature","geometry":{"type":"Point","coordinates":[110.5387,-6.84149]},"properties":{"rate_time":-2.242}},{"type":"Feature","geometry":{"type":"Point","coordinates":[110.53802,-6.84148]},"properties":{"rate_time":-1.932}},{"type":"Feature","geometry":{"type":"Point","coordinates":[110.5282,-6.84148]},"properties":{"rate_time":-0.908}},{"type":"Feature","geometry":{"type":"Point","coordinates":[110.54183,-6.84143]},"properties":{"rate_time":-0.864}},{"type":"Feature","geometry":{"type":"Point","coordinates":[110.54207,-6.84143]},"properties":{"rate_time":-0.897}},{"type":"Feature","geometry":{"type":"Point","coordinates":[110.54283,-6.84143]},"properties":{"rate_time":-0.327}},{"type":"Feature","geometry":{"type":"Point","coordinates":[110.54046,-6.84142]},"properties":{"rate_time":-0.6}},{"type":"Feature","geometry":{"type":"Point","coordinates":[110.54115,-6.84141]},"properties":{"rate_time":-0.779}},{"type":"Feature","geometry":{"type":"Point","coordinates":[110.54257,-6.84134]},"properties":{"rate_time":-0.214}},{"type":"Feature","geometry":{"type":"Point","coordinates":[110.54232,-6.84133]},"properties":{"rate_time":-0.383}},{"type":"Feature","geometry":{"type":"Point","coordinates":[110.53849,-6.84133]},"properties":{"rate_time":-2.59}},{"type":"Feature","geometry":{"type":"Point","coordinates":[110.53832,-6.84131]},"properties":{"rate_time":-2.506}},{"type":"Feature","geometry":{"type":"Point","coordinates":[110.53782,-6.8413]},"properties":{"rate_time":-1.368}},{"type":"Feature","geometry":{"type":"Point","coordinates":[110.54163,-6.84125]},"properties":{"rate_time":-0.537}},{"type":"Feature","geometry":{"type":"Point","coordinates":[110.52869,-6.84124]},"properties":{"rate_time":-0.978}},{"type":"Feature","geometry":{"type":"Point","coordinates":[110.52809,-6.84123]},"properties":{"rate_time":-0.849}},{"type":"Feature","geometry":{"type":"Point","coordinates":[110.53795,-6.8412]},"properties":{"rate_time":-2.52}},{"type":"Feature","geometry":{"type":"Point","coordinates":[110.54032,-6.84119]},"properties":{"rate_time":-0.721}},{"type":"Feature","geometry":{"type":"Point","coordinates":[110.54628,-6.83789]},"properties":{"rate_time":-0.055}},{"type":"Feature","geometry":{"type":"Point","coordinates":[110.53707,-6.83788]},"properties":{"rate_time":-0.148}},{"type":"Feature","geometry":{"type":"Point","coordinates":[110.53733,-6.83788]},"properties":{"rate_time":-0.322}},{"type":"Feature","geometry":{"type":"Point","coordinates":[110.53051,-6.83786]},"properties":{"rate_time":0.768}},{"type":"Feature","geometry":{"type":"Point","coordinates":[110.53024,-6.83785]},"properties":{"rate_time":0.62}},{"type":"Feature","geometry":{"type":"Point","coordinates":[110.53626,-6.83784]},"properties":{"rate_time":-1.04}},{"type":"Feature","geometry":{"type":"Point","coordinates":[110.5368,-6.83784]},"properties":{"rate_time":-0.178}},{"type":"Feature","geometry":{"type":"Point","coordinates":[110.54598,-6.83783]},"properties":{"rate_time":0.818}},{"type":"Feature","geometry":{"type":"Point","coordinates":[110.53653,-6.83782]},"properties":{"rate_time":-0.4}},{"type":"Feature","geometry":{"type":"Point","coordinates":[110.52917,-6.83779]},"properties":{"rate_time":0.572}},{"type":"Feature","geometry":{"type":"Point","coordinates":[110.52997,-6.83779]},"properties":{"rate_time":0.626}},{"type":"Feature","geometry":{"type":"Point","coordinates":[110.52561,-6.83779]},"properties":{"rate_time":1.016}},{"type":"Feature","geometry":{"type":"Point","coordinates":[110.53282,-6.83777]},"properties":{"rate_time":-1.181}},{"type":"Feature","geometry":{"type":"Point","coordinates":[110.52971,-6.83776]},"properties":{"rate_time":0.741}},{"type":"Feature","geometry":{"type":"Point","coordinates":[110.52607,-6.83776]},"properties":{"rate_time":0.044}},{"type":"Feature","geometry":{"type":"Point","coordinates":[110.52943,-6.83776]},"properties":{"rate_time":0.622}},{"type":"Feature","geometry":{"type":"Point","coordinates":[110.5289,-6.83775]},"properties":{"rate_time":0.885}},{"type":"Feature","geometry":{"type":"Point","coordinates":[110.52498,-6.83775]},"properties":{"rate_time":-1.172}},{"type":"Feature","geometry":{"type":"Point","coordinates":[110.53756,-6.83774]},"properties":{"rate_time":-0.011}},{"type":"Feature","geometry":{"type":"Point","coordinates":[110.52863,-6.83772]},"properties":{"rate_time":1.143}},{"type":"Feature","geometry":{"type":"Point","coordinates":[110.53094,-6.83772]},"properties":{"rate_time":0.339}},{"type":"Feature","geometry":{"type":"Point","coordinates":[110.52535,-6.83769]},"properties":{"rate_time":-0.28}},{"type":"Feature","geometry":{"type":"Point","coordinates":[110.56349,-6.83768]},"properties":{"rate_time":-7.31}},{"type":"Feature","geometry":{"type":"Point","coordinates":[110.53745,-6.83767]},"properties":{"rate_time":-0.075}},{"type":"Feature","geometry":{"type":"Point","coordinates":[110.53608,-6.83767]},"properties":{"rate_time":-1.638}},{"type":"Feature","geometry":{"type":"Point","coordinates":[110.53207,-6.83765]},"properties":{"rate_time":-0.83}},{"type":"Feature","geometry":{"type":"Point","coordinates":[110.54636,-6.83763]},"properties":{"rate_time":0.016}},{"type":"Feature","geometry":{"type":"Point","coordinates":[110.5326,-6.83762]},"properties":{"rate_time":-0.568}},{"type":"Feature","geometry":{"type":"Point","coordinates":[110.52937,-6.83762]},"properties":{"rate_time":0.225}},{"type":"Feature","geometry":{"type":"Point","coordinates":[110.5318,-6.83761]},"properties":{"rate_time":-0.682}},{"type":"Feature","geometry":{"type":"Point","coordinates":[110.53233,-6.83761]},"properties":{"rate_time":-0.5}},{"type":"Feature","geometry":{"type":"Point","coordinates":[110.53069,-6.8376]},"properties":{"rate_time":0.13}},{"type":"Feature","geometry":{"type":"Point","coordinates":[110.54609,-6.83758]},"properties":{"rate_time":-0.012}},{"type":"Feature","geometry":{"type":"Point","coordinates":[110.5251,-6.83758]},"properties":{"rate_time":-0.379}},{"type":"Feature","geometry":{"type":"Point","coordinates":[110.5372,-6.83758]},"properties":{"rate_time":-0.052}},{"type":"Feature","geometry":{"type":"Point","coordinates":[110.53153,-6.83758]},"properties":{"rate_time":-0.359}},{"type":"Feature","geometry":{"type":"Point","coordinates":[110.52884,-6.83757]},"properties":{"rate_time":0.487}},{"type":"Feature","geometry":{"type":"Point","coordinates":[110.52911,-6.83756]},"properties":{"rate_time":0.328}},{"type":"Feature","geometry":{"type":"Point","coordinates":[110.52962,-6.83755]},"properties":{"rate_time":-0.038}},{"type":"Feature","geometry":{"type":"Point","coordinates":[110.53694,-6.83754]},"properties":{"rate_time":0.173}},{"type":"Feature","geometry":{"type":"Point","coordinates":[110.53043,-6.83753]},"properties":{"rate_time":-0.069}},{"type":"Feature","geometry":{"type":"Point","coordinates":[110.52619,-6.83752]},"properties":{"rate_time":-1.23}},{"type":"Feature","geometry":{"type":"Point","coordinates":[110.52989,-6.83752]},"properties":{"rate_time":-0.251}},{"type":"Feature","geometry":{"type":"Point","coordinates":[110.53127,-6.83751]},"properties":{"rate_time":-0.268}},{"type":"Feature","geometry":{"type":"Point","coordinates":[110.53588,-6.8375]},"properties":{"rate_time":-1.094}},{"type":"Feature","geometry":{"type":"Point","coordinates":[110.53016,-6.8375]},"properties":{"rate_time":-0.195}},{"type":"Feature","geometry":{"type":"Point","coordinates":[110.5367,-6.83743]},"properties":{"rate_time":0.062}},{"type":"Feature","geometry":{"type":"Point","coordinates":[110.56343,-6.83742]},"properties":{"rate_time":-7.081}},{"type":"Feature","geometry":{"type":"Point","coordinates":[110.53021,-6.83742]},"properties":{"rate_time":-0.549}},{"type":"Feature","geometry":{"type":"Point","coordinates":[110.52967,-6.83742]},"properties":{"rate_time":-0.719}},{"type":"Feature","geometry":{"type":"Point","coordinates":[110.53102,-6.83742]},"properties":{"rate_time":-0.57}},{"type":"Feature","geometry":{"type":"Point","coordinates":[110.52994,-6.83741]},"properties":{"rate_time":-0.695}},{"type":"Feature","geometry":{"type":"Point","coordinates":[110.53049,-6.8374]},"properties":{"rate_time":-0.687}},{"type":"Feature","geometry":{"type":"Point","coordinates":[110.54649,-6.8374]},"properties":{"rate_time":-0.299}},{"type":"Feature","geometry":{"type":"Point","coordinates":[110.53565,-6.83738]},"properties":{"rate_time":-0.455}},{"type":"Feature","geometry":{"type":"Point","coordinates":[110.53075,-6.83736]},"properties":{"rate_time":-0.775}},{"type":"Feature","geometry":{"type":"Point","coordinates":[110.54618,-6.83733]},"properties":{"rate_time":-0.461}},{"type":"Feature","geometry":{"type":"Point","coordinates":[110.52942,-6.83733]},"properties":{"rate_time":-1.005}},{"type":"Feature","geometry":{"type":"Point","coordinates":[110.52914,-6.83731]},"properties":{"rate_time":-0.932}},{"type":"Feature","geometry":{"type":"Point","coordinates":[110.53598,-6.83728]},"properties":{"rate_time":-0.034}},{"type":"Feature","geometry":{"type":"Point","coordinates":[110.53647,-6.83727]},"properties":{"rate_time":-0.22}},{"type":"Feature","geometry":{"type":"Point","coordinates":[110.52627,-6.83727]},"properties":{"rate_time":-0.771}},{"type":"Feature","geometry":{"type":"Point","coordinates":[110.52888,-6.83726]},"properties":{"rate_time":-0.791}},{"type":"Feature","geometry":{"type":"Point","coordinates":[110.53542,-6.83723]},"properties":{"rate_time":-0.504}},{"type":"Feature","geometry":{"type":"Point","coordinates":[110.56326,-6.83721]},"properties":{"rate_time":-7.173}},{"type":"Feature","geometry":{"type":"Point","coordinates":[110.5243,-6.83721]},"properties":{"rate_time":0.068}},{"type":"Feature","geometry":{"type":"Point","coordinates":[110.5654,-6.83721]},"properties":{"rate_time":-1.319}},{"type":"Feature","geometry":{"type":"Point","coordinates":[110.53576,-6.83718]},"properties":{"rate_time":0.108}},{"type":"Feature","geometry":{"type":"Point","coordinates":[110.53622,-6.83718]},"properties":{"rate_time":-0.001}},{"type":"Feature","geometry":{"type":"Point","coordinates":[110.54665,-6.83717]},"properties":{"rate_time":0.099}},{"type":"Feature","geometry":{"type":"Point","coordinates":[110.5355,-6.83715]},"properties":{"rate_time":-0.097}},{"type":"Feature","geometry":{"type":"Point","coordinates":[110.52666,-6.83713]},"properties":{"rate_time":0.347}},{"type":"Feature","geometry":{"type":"Point","coordinates":[110.52407,-6.83712]},"properties":{"rate_time":-1.077}},{"type":"Feature","geometry":{"type":"Point","coordinates":[110.52869,-6.83711]},"properties":{"rate_time":-0.952}},{"type":"Feature","geometry":{"type":"Point","coordinates":[110.5463,-6.83709]},"properties":{"rate_time":-0.216}},{"type":"Feature","geometry":{"type":"Point","coordinates":[110.56304,-6.83706]},"properties":{"rate_time":-7.65}},{"type":"Feature","geometry":{"type":"Point","coordinates":[110.56518,-6.83704]},"properties":{"rate_time":-0.659}},{"type":"Feature","geometry":{"type":"Point","coordinates":[110.52642,-6.83704]},"properties":{"rate_time":0.13}},{"type":"Feature","geometry":{"type":"Point","coordinates":[110.52428,-6.83703]},"properties":{"rate_time":-0.277}},{"type":"Feature","geometry":{"type":"Point","coordinates":[110.52846,-6.83697]},"properties":{"rate_time":-0.941}},{"type":"Feature","geometry":{"type":"Point","coordinates":[110.52681,-6.83696]},"properties":{"rate_time":0.696}},{"type":"Feature","geometry":{"type":"Point","coordinates":[110.5468,-6.83695]},"properties":{"rate_time":0.171}},{"type":"Feature","geometry":{"type":"Point","coordinates":[110.52405,-6.8369]},"properties":{"rate_time":-0.552}},{"type":"Feature","geometry":{"type":"Point","coordinates":[110.56281,-6.8369]},"properties":{"rate_time":-8.283}},{"type":"Feature","geometry":{"type":"Point","coordinates":[110.52394,-6.83689]},"properties":{"rate_time":-0.877}},{"type":"Feature","geometry":{"type":"Point","coordinates":[110.56498,-6.83686]},"properties":{"rate_time":-0.382}},{"type":"Feature","geometry":{"type":"Point","coordinates":[110.54644,-6.83685]},"properties":{"rate_time":-0.135}},{"type":"Feature","geometry":{"type":"Point","coordinates":[110.56256,-6.8368]},"properties":{"rate_time":-7.913}},{"type":"Feature","geometry":{"type":"Point","coordinates":[110.52666,-6.83678]},"properties":{"rate_time":0.769}},{"type":"Feature","geometry":{"type":"Point","coordinates":[110.54701,-6.83678]},"properties":{"rate_time":-0.067}},{"type":"Feature","geometry":{"type":"Point","coordinates":[110.5237,-6.83677]},"properties":{"rate_time":-0.341}},{"type":"Feature","geometry":{"type":"Point","coordinates":[110.52837,-6.83676]},"properties":{"rate_time":-0.493}},{"type":"Feature","geometry":{"type":"Point","coordinates":[110.5623,-6.83674]},"properties":{"rate_time":-4.258}},{"type":"Feature","geometry":{"type":"Point","coordinates":[110.54727,-6.83674]},"properties":{"rate_time":-0.048}},{"type":"Feature","geometry":{"type":"Point","coordinates":[110.52574,-6.83673]},"properties":{"rate_time":0.682}},{"type":"Feature","geometry":{"type":"Point","coordinates":[110.52548,-6.83672]},"properties":{"rate_time":0.465}},{"type":"Feature","geometry":{"type":"Point","coordinates":[110.56478,-6.83668]},"properties":{"rate_time":-0.398}},{"type":"Feature","geometry":{"type":"Point","coordinates":[110.52392,-6.83668]},"properties":{"rate_time":-0.102}},{"type":"Feature","geometry":{"type":"Point","coordinates":[110.52345,-6.83667]},"properties":{"rate_time":-1.742}},{"type":"Feature","geometry":{"type":"Point","coordinates":[110.52643,-6.83664]},"properties":{"rate_time":0.604}},{"type":"Feature","geometry":{"type":"Point","coordinates":[110.52597,-6.83662]},"properties":{"rate_time":0.898}},{"type":"Feature","geometry":{"type":"Point","coordinates":[110.54655,-6.83661]},"properties":{"rate_time":-0.075}},{"type":"Feature","geometry":{"type":"Point","coordinates":[110.54748,-6.8366]},"properties":{"rate_time":0.207}},{"type":"Feature","geometry":{"type":"Point","coordinates":[110.52525,-6.8366]},"properties":{"rate_time":0.303}},{"type":"Feature","geometry":{"type":"Point","coordinates":[110.52293,-6.83658]},"properties":{"rate_time":-1.592}},{"type":"Feature","geometry":{"type":"Point","coordinates":[110.5232,-6.83657]},"properties":{"rate_time":-0.829}},{"type":"Feature","geometry":{"type":"Point","coordinates":[110.56212,-6.83655]},"properties":{"rate_time":-3.694}},{"type":"Feature","geometry":{"type":"Point","coordinates":[110.5262,-6.83651]},"properties":{"rate_time":0.58}},{"type":"Feature","geometry":{"type":"Point","coordinates":[110.52838,-6.83649]},"properties":{"rate_time":0.477}},{"type":"Feature","geometry":{"type":"Point","coordinates":[110.56168,-6.83647]},"properties":{"rate_time":-3.935}},{"type":"Feature","geometry":{"type":"Point","coordinates":[110.52405,-6.83646]},"properties":{"rate_time":0.753}},{"type":"Feature","geometry":{"type":"Point","coordinates":[110.56142,-6.83646]},"properties":{"rate_time":-2.978}},{"type":"Feature","geometry":{"type":"Point","coordinates":[110.54769,-6.83643]},"properties":{"rate_time":-0.165}},{"type":"Feature","geometry":{"type":"Point","coordinates":[110.56477,-6.83642]},"properties":{"rate_time":-0.718}},{"type":"Feature","geometry":{"type":"Point","coordinates":[110.52506,-6.83641]},"properties":{"rate_time":0.565}},{"type":"Feature","geometry":{"type":"Point","coordinates":[110.56194,-6.8364]},"properties":{"rate_time":-5.153}},{"type":"Feature","geometry":{"type":"Point","coordinates":[110.52277,-6.83638]},"properties":{"rate_time":-2.054}},{"type":"Feature","geometry":{"type":"Point","coordinates":[110.54656,-6.83634]},"properties":{"rate_time":0.398}},{"type":"Feature","geometry":{"type":"Point","coordinates":[110.52428,-6.83633]},"properties":{"rate_time":0.487}},{"type":"Feature","geometry":{"type":"Point","coordinates":[110.52455,-6.8363]},"properties":{"rate_time":-0.107}},{"type":"Feature","geometry":{"type":"Point","coordinates":[110.52482,-6.83629]},"properties":{"rate_time":0.086}},{"type":"Feature","geometry":{"type":"Point","coordinates":[110.52832,-6.83623]},"properties":{"rate_time":1.243}},{"type":"Feature","geometry":{"type":"Point","coordinates":[110.54787,-6.83623]},"properties":{"rate_time":-0.501}},{"type":"Feature","geometry":{"type":"Point","coordinates":[110.54635,-6.83622]},"properties":{"rate_time":0.612}},{"type":"Feature","geometry":{"type":"Point","coordinates":[110.56131,-6.83622]},"properties":{"rate_time":-2.931}},{"type":"Feature","geometry":{"type":"Point","coordinates":[110.52522,-6.8362]},"properties":{"rate_time":1.374}},{"type":"Feature","geometry":{"type":"Point","coordinates":[110.54609,-6.83615]},"properties":{"rate_time":0.473}},{"type":"Feature","geometry":{"type":"Point","coordinates":[110.56478,-6.83615]},"properties":{"rate_time":-0.766}},{"type":"Feature","geometry":{"type":"Point","coordinates":[110.53353,-6.83614]},"properties":{"rate_time":-0.128}},{"type":"Feature","geometry":{"type":"Point","coordinates":[110.525,-6.83613]},"properties":{"rate_time":1.106}},{"type":"Feature","geometry":{"type":"Point","coordinates":[110.52274,-6.83611]},"properties":{"rate_time":-1.884}},{"type":"Feature","geometry":{"type":"Point","coordinates":[110.54805,-6.83602]},"properties":{"rate_time":-0.329}},{"type":"Feature","geometry":{"type":"Point","coordinates":[110.53331,-6.83601]},"properties":{"rate_time":-0.277}},{"type":"Feature","geometry":{"type":"Point","coordinates":[110.5336,-6.83601]},"properties":{"rate_time":-0.373}},{"type":"Feature","geometry":{"type":"Point","coordinates":[110.54587,-6.83601]},"properties":{"rate_time":0.368}},{"type":"Feature","geometry":{"type":"Point","coordinates":[110.5614,-6.836]},"properties":{"rate_time":-10.049}},{"type":"Feature","geometry":{"type":"Point","coordinates":[110.54776,-6.83599]},"properties":{"rate_time":-0.08}},{"type":"Feature","geometry":{"type":"Point","coordinates":[110.56083,-6.83599]},"properties":{"rate_time":-1.382}},{"type":"Feature","geometry":{"type":"Point","coordinates":[110.52478,-6.83597]},"properties":{"rate_time":0.914}},{"type":"Feature","geometry":{"type":"Point","coordinates":[110.52829,-6.83597]},"properties":{"rate_time":2.024}},{"type":"Feature","geometry":{"type":"Point","coordinates":[110.56104,-6.83596]},"properties":{"rate_time":-2.389}},{"type":"Feature","geometry":{"type":"Point","coordinates":[110.54751,-6.83595]},"properties":{"rate_time":0.122}},{"type":"Feature","geometry":{"type":"Point","coordinates":[110.52525,-6.83593]},"properties":{"rate_time":1.139}},{"type":"Feature","geometry":{"type":"Point","coordinates":[110.56164,-6.83589]},"properties":{"rate_time":-11.638}},{"type":"Feature","geometry":{"type":"Point","coordinates":[110.54828,-6.83589]},"properties":{"rate_time":-0.252}},{"type":"Feature","geometry":{"type":"Point","coordinates":[110.56479,-6.83588]},"properties":{"rate_time":-1.016}},{"type":"Feature","geometry":{"type":"Point","coordinates":[110.52261,-6.83587]},"properties":{"rate_time":-1.792}},{"type":"Feature","geometry":{"type":"Point","coordinates":[110.54798,-6.83587]},"properties":{"rate_time":-0.067}},{"type":"Feature","geometry":{"type":"Point","coordinates":[110.54411,-6.83584]},"properties":{"rate_time":0.239}},{"type":"Feature","geometry":{"type":"Point","coordinates":[110.5331,-6.83584]},"properties":{"rate_time":-0.244}},{"type":"Feature","geometry":{"type":"Point","coordinates":[110.54567,-6.83582]},"properties":{"rate_time":0.118}},{"type":"Feature","geometry":{"type":"Point","coordinates":[110.54728,-6.83581]},"properties":{"rate_time":0.146}},{"type":"Feature","geometry":{"type":"Point","coordinates":[110.56064,-6.8358]},"properties":{"rate_time":-0.924}},{"type":"Feature","geometry":{"type":"Point","coordinates":[110.53343,-6.83579]},"properties":{"rate_time":-0.42}},{"type":"Feature","geometry":{"type":"Point","coordinates":[110.52463,-6.83579]},"properties":{"rate_time":0.475}},{"type":"Feature","geometry":{"type":"Point","coordinates":[110.54392,-6.83578]},"properties":{"rate_time":-0.028}},{"type":"Feature","geometry":{"type":"Point","coordinates":[110.54677,-6.83577]},"properties":{"rate_time":0.54}},{"type":"Feature","geometry":{"type":"Point","coordinates":[110.52454,-6.83576]},"properties":{"rate_time":0.164}},{"type":"Feature","geometry":{"type":"Point","coordinates":[110.56167,-6.83575]},"properties":{"rate_time":-15.17}},{"type":"Feature","geometry":{"type":"Point","coordinates":[110.54702,-6.83575]},"properties":{"rate_time":-0.008}},{"type":"Feature","geometry":{"type":"Point","coordinates":[110.56118,-6.83575]},"properties":{"rate_time":-9.897}},{"type":"Feature","geometry":{"type":"Point","coordinates":[110.54849,-6.83575]},"properties":{"rate_time":-0.13}},{"type":"Feature","geometry":{"type":"Point","coordinates":[110.52505,-6.83575]},"properties":{"rate_time":0.508}},{"type":"Feature","geometry":{"type":"Point","coordinates":[110.56039,-6.8357]},"properties":{"rate_time":-0.157}},{"type":"Feature","geometry":{"type":"Point","coordinates":[110.52832,-6.8357]},"properties":{"rate_time":3.049}},{"type":"Feature","geometry":{"type":"Point","coordinates":[110.54819,-6.83569]},"properties":{"rate_time":-0.057}},{"type":"Feature","geometry":{"type":"Point","coordinates":[110.56464,-6.83566]},"properties":{"rate_time":-2.002}},{"type":"Feature","geometry":{"type":"Point","coordinates":[110.54545,-6.83565]},"properties":{"rate_time":0.111}},{"type":"Feature","geometry":{"type":"Point","coordinates":[110.56143,-6.83565]},"properties":{"rate_time":-14.286}},{"type":"Feature","geometry":{"type":"Point","coordinates":[110.5243,-6.83563]},"properties":{"rate_time":0.277}},{"type":"Feature","geometry":{"type":"Point","coordinates":[110.53293,-6.83563]},"properties":{"rate_time":-0.148}},{"type":"Feature","geometry":{"type":"Point","coordinates":[110.52251,-6.83562]},"properties":{"rate_time":-1.757}},{"type":"Feature","geometry":{"type":"Point","coordinates":[110.52482,-6.83561]},"properties":{"rate_time":-0.083}},{"type":"Feature","geometry":{"type":"Point","coordinates":[110.52856,-6.83559]},"properties":{"rate_time":3.095}},{"type":"Feature","geometry":{"type":"Point","coordinates":[110.54421,-6.83559]},"properties":{"rate_time":-0.035}},{"type":"Feature","geometry":{"type":"Point","coordinates":[110.53326,-6.83558]},"properties":{"rate_time":-0.42}},{"type":"Feature","geometry":{"type":"Point","coordinates":[110.52473,-6.83557]},"properties":{"rate_time":-0.099}},{"type":"Feature","geometry":{"type":"Point","coordinates":[110.5466,-6.83555]},"properties":{"rate_time":-0.117}},{"type":"Feature","geometry":{"type":"Point","coordinates":[110.54865,-6.83553]},"properties":{"rate_time":0.017}},{"type":"Feature","geometry":{"type":"Point","coordinates":[110.56257,-6.83553]},"properties":{"rate_time":-11.764}},{"type":"Feature","geometry":{"type":"Point","coordinates":[110.52845,-6.83553]},"properties":{"rate_time":3.589}},{"type":"Feature","geometry":{"type":"Point","coordinates":[110.54598,-6.83552]},"properties":{"rate_time":0.472}},{"type":"Feature","geometry":{"type":"Point","coordinates":[110.54394,-6.83551]},"properties":{"rate_time":-0.122}},{"type":"Feature","geometry":{"type":"Point","coordinates":[110.5288,-6.83551]},"properties":{"rate_time":2.979}},{"type":"Feature","geometry":{"type":"Point","coordinates":[110.56234,-6.8355]},"properties":{"rate_time":-12.605}},{"type":"Feature","geometry":{"type":"Point","coordinates":[110.56023,-6.8355]},"properties":{"rate_time":0.115}},{"type":"Feature","geometry":{"type":"Point","coordinates":[110.54838,-6.8355]},"properties":{"rate_time":-0.022}},{"type":"Feature","geometry":{"type":"Point","coordinates":[110.56162,-6.8355]},"properties":{"rate_time":-14.634}},{"type":"Feature","geometry":{"type":"Point","coordinates":[110.52408,-6.83548]},"properties":{"rate_time":0.186}},{"type":"Feature","geometry":{"type":"Point","coordinates":[110.54525,-6.83548]},"properties":{"rate_time":0.125}},{"type":"Feature","geometry":{"type":"Point","coordinates":[110.52825,-6.83545]},"properties":{"rate_time":3.979}},{"type":"Feature","geometry":{"type":"Point","coordinates":[110.54573,-6.83545]},"properties":{"rate_time":0.085}},{"type":"Feature","geometry":{"type":"Point","coordinates":[110.54222,-6.83544]},"properties":{"rate_time":2.992}},{"type":"Feature","geometry":{"type":"Point","coordinates":[110.56186,-6.83543]},"properties":{"rate_time":-15.108}},{"type":"Feature","geometry":{"type":"Point","coordinates":[110.56451,-6.83542]},"properties":{"rate_time":-1.562}},{"type":"Feature","geometry":{"type":"Point","coordinates":[110.52869,-6.83541]},"properties":{"rate_time":3.545}},{"type":"Feature","geometry":{"type":"Point","coordinates":[110.5328,-6.83539]},"properties":{"rate_time":-0.051}},{"type":"Feature","geometry":{"type":"Point","coordinates":[110.54212,-6.83539]},"properties":{"rate_time":2.94}},{"type":"Feature","geometry":{"type":"Point","coordinates":[110.56209,-6.83539]},"properties":{"rate_time":-15.57}},{"type":"Feature","geometry":{"type":"Point","coordinates":[110.54639,-6.83538]},"properties":{"rate_time":0.074}},{"type":"Feature","geometry":{"type":"Point","coordinates":[110.53088,-6.83323]},"properties":{"rate_time":-0.206}},{"type":"Feature","geometry":{"type":"Point","coordinates":[110.53426,-6.83323]},"properties":{"rate_time":-0.215}},{"type":"Feature","geometry":{"type":"Point","coordinates":[110.5413,-6.83321]},"properties":{"rate_time":0.178}},{"type":"Feature","geometry":{"type":"Point","coordinates":[110.55883,-6.8332]},"properties":{"rate_time":-0.228}},{"type":"Feature","geometry":{"type":"Point","coordinates":[110.55057,-6.83319]},"properties":{"rate_time":0.921}},{"type":"Feature","geometry":{"type":"Point","coordinates":[110.53092,-6.83316]},"properties":{"rate_time":-0.292}},{"type":"Feature","geometry":{"type":"Point","coordinates":[110.55062,-6.83313]},"properties":{"rate_time":0.944}},{"type":"Feature","geometry":{"type":"Point","coordinates":[110.54002,-6.83313]},"properties":{"rate_time":0.348}},{"type":"Feature","geometry":{"type":"Point","coordinates":[110.54105,-6.8331]},"properties":{"rate_time":0.121}},{"type":"Feature","geometry":{"type":"Point","coordinates":[110.5586,-6.83308]},"properties":{"rate_time":-1.055}},{"type":"Feature","geometry":{"type":"Point","coordinates":[110.55744,-6.83307]},"properties":{"rate_time":1.406}},{"type":"Feature","geometry":{"type":"Point","coordinates":[110.56158,-6.83305]},"properties":{"rate_time":-0.293}},{"type":"Feature","geometry":{"type":"Point","coordinates":[110.53069,-6.83304]},"properties":{"rate_time":-0.562}},{"type":"Feature","geometry":{"type":"Point","coordinates":[110.53069,-6.83301]},"properties":{"rate_time":-0.586}},{"type":"Feature","geometry":{"type":"Point","coordinates":[110.55834,-6.83299]},"properties":{"rate_time":-0.578}},{"type":"Feature","geometry":{"type":"Point","coordinates":[110.55073,-6.83298]},"properties":{"rate_time":-0.227}},{"type":"Feature","geometry":{"type":"Point","coordinates":[110.5398,-6.83297]},"properties":{"rate_time":0.82}},{"type":"Feature","geometry":{"type":"Point","coordinates":[110.55083,-6.83296]},"properties":{"rate_time":2.255}},{"type":"Feature","geometry":{"type":"Point","coordinates":[110.54083,-6.83295]},"properties":{"rate_time":0.165}},{"type":"Feature","geometry":{"type":"Point","coordinates":[110.53479,-6.83292]},"properties":{"rate_time":-0.217}},{"type":"Feature","geometry":{"type":"Point","coordinates":[110.55723,-6.8329]},"properties":{"rate_time":1.186}},{"type":"Feature","geometry":{"type":"Point","coordinates":[110.53456,-6.83289]},"properties":{"rate_time":-0.328}},{"type":"Feature","geometry":{"type":"Point","coordinates":[110.55544,-6.83289]},"properties":{"rate_time":-0.697}},{"type":"Feature","geometry":{"type":"Point","coordinates":[110.55108,-6.83287]},"properties":{"rate_time":0.438}},{"type":"Feature","geometry":{"type":"Point","coordinates":[110.55562,-6.83285]},"properties":{"rate_time":-0.732}},{"type":"Feature","geometry":{"type":"Point","coordinates":[110.5305,-6.83284]},"properties":{"rate_time":0.08}},{"type":"Feature","geometry":{"type":"Point","coordinates":[110.55812,-6.83284]},"properties":{"rate_time":-0.085}},{"type":"Feature","geometry":{"type":"Point","coordinates":[110.53493,-6.83283]},"properties":{"rate_time":-0.116}},{"type":"Feature","geometry":{"type":"Point","coordinates":[110.55094,-6.83282]},"properties":{"rate_time":1.068}},{"type":"Feature","geometry":{"type":"Point","coordinates":[110.53052,-6.83282]},"properties":{"rate_time":0.049}},{"type":"Feature","geometry":{"type":"Point","coordinates":[110.53965,-6.83281]},"properties":{"rate_time":1.331}},{"type":"Feature","geometry":{"type":"Point","coordinates":[110.5406,-6.8328]},"properties":{"rate_time":-0.009}},{"type":"Feature","geometry":{"type":"Point","coordinates":[110.56151,-6.83279]},"properties":{"rate_time":-0.404}},{"type":"Feature","geometry":{"type":"Point","coordinates":[110.53987,-6.83275]},"properties":{"rate_time":0.672}},{"type":"Feature","geometry":{"type":"Point","coordinates":[110.55701,-6.83274]},"properties":{"rate_time":1.064}},{"type":"Feature","geometry":{"type":"Point","coordinates":[110.54012,-6.83274]},"properties":{"rate_time":0.266}},{"type":"Feature","geometry":{"type":"Point","coordinates":[110.55131,-6.83273]},"properties":{"rate_time":-0.433}},{"type":"Feature","geometry":{"type":"Point","coordinates":[110.55789,-6.83269]},"properties":{"rate_time":0.186}},{"type":"Feature","geometry":{"type":"Point","coordinates":[110.55114,-6.83269]},"properties":{"rate_time":-0.091}},{"type":"Feature","geometry":{"type":"Point","coordinates":[110.54036,-6.83269]},"properties":{"rate_time":0.204}},{"type":"Feature","geometry":{"type":"Point","coordinates":[110.53469,-6.83268]},"properties":{"rate_time":-0.322}},{"type":"Feature","geometry":{"type":"Point","coordinates":[110.55579,-6.83265]},"properties":{"rate_time":-0.355}},{"type":"Feature","geometry":{"type":"Point","coordinates":[110.53513,-6.83264]},"properties":{"rate_time":-0.039}},{"type":"Feature","geometry":{"type":"Point","coordinates":[110.55155,-6.83263]},"properties":{"rate_time":-0.501}},{"type":"Feature","geometry":{"type":"Point","coordinates":[110.55539,-6.83263]},"properties":{"rate_time":-0.518}},{"type":"Feature","geometry":{"type":"Point","coordinates":[110.55679,-6.83259]},"properties":{"rate_time":0.466}},{"type":"Feature","geometry":{"type":"Point","coordinates":[110.5305,-6.83258]},"properties":{"rate_time":-0.235}},{"type":"Feature","geometry":{"type":"Point","coordinates":[110.56145,-6.83254]},"properties":{"rate_time":-1.606}},{"type":"Feature","geometry":{"type":"Point","coordinates":[110.55131,-6.83254]},"properties":{"rate_time":-0.148}},{"type":"Feature","geometry":{"type":"Point","coordinates":[110.55176,-6.83252]},"properties":{"rate_time":-0.362}},{"type":"Feature","geometry":{"type":"Point","coordinates":[110.53485,-6.83247]},"properties":{"rate_time":-0.24}},{"type":"Feature","geometry":{"type":"Point","coordinates":[110.5352,-6.83242]},"properties":{"rate_time":-0.003}},{"type":"Feature","geometry":{"type":"Point","coordinates":[110.55594,-6.83242]},"properties":{"rate_time":-0.14}},{"type":"Feature","geometry":{"type":"Point","coordinates":[110.55659,-6.83239]},"properties":{"rate_time":0.373}},{"type":"Feature","geometry":{"type":"Point","coordinates":[110.55153,-6.83239]},"properties":{"rate_time":-0.173}},{"type":"Feature","geometry":{"type":"Point","coordinates":[110.55531,-6.83237]},"properties":{"rate_time":-0.483}},{"type":"Feature","geometry":{"type":"Point","coordinates":[110.5616,-6.83232]},"properties":{"rate_time":-0.274}},{"type":"Feature","geometry":{"type":"Point","coordinates":[110.53507,-6.83231]},"properties":{"rate_time":-0.328}},{"type":"Feature","geometry":{"type":"Point","coordinates":[110.55508,-6.83229]},"properties":{"rate_time":-0.507}},{"type":"Feature","geometry":{"type":"Point","coordinates":[110.55187,-6.83227]},"properties":{"rate_time":-0.119}},{"type":"Feature","geometry":{"type":"Point","coordinates":[110.55482,-6.83225]},"properties":{"rate_time":-0.145}},{"type":"Feature","geometry":{"type":"Point","coordinates":[110.55613,-6.83224]},"properties":{"rate_time":0.273}},{"type":"Feature","geometry":{"type":"Point","coordinates":[110.55637,-6.83224]},"properties":{"rate_time":0.724}},{"type":"Feature","geometry":{"type":"Point","coordinates":[110.55173,-6.83222]},"properties":{"rate_time":-0.127}},{"type":"Feature","geometry":{"type":"Point","coordinates":[110.56183,-6.83217]},"properties":{"rate_time":-0.164}},{"type":"Feature","geometry":{"type":"Point","coordinates":[110.55457,-6.83215]},"properties":{"rate_time":-0.034}},{"type":"Feature","geometry":{"type":"Point","coordinates":[110.55431,-6.83207]},"properties":{"rate_time":0.073}},{"type":"Feature","geometry":{"type":"Point","coordinates":[110.55195,-6.83205]},"properties":{"rate_time":1.396}},{"type":"Feature","geometry":{"type":"Point","coordinates":[110.55198,-6.83203]},"properties":{"rate_time":1.302}},{"type":"Feature","geometry":{"type":"Point","coordinates":[110.56197,-6.83198]},"properties":{"rate_time":-0.494}},{"type":"Feature","geometry":{"type":"Point","coordinates":[110.55406,-6.83198]},"properties":{"rate_time":0.075}},{"type":"Feature","geometry":{"type":"Point","coordinates":[110.55222,-6.83189]},"properties":{"rate_time":0.842}},{"type":"Feature","geometry":{"type":"Point","coordinates":[110.55109,-6.83186]},"properties":{"rate_time":-0.216}},{"type":"Feature","geometry":{"type":"Point","coordinates":[110.55382,-6.83184]},"properties":{"rate_time":0.112}},{"type":"Feature","geometry":{"type":"Point","coordinates":[110.55212,-6.83184]},"properties":{"rate_time":0.838}},{"type":"Feature","geometry":{"type":"Point","coordinates":[110.55084,-6.8318]},"properties":{"rate_time":-0.552}},{"type":"Feature","geometry":{"type":"Point","coordinates":[110.55356,-6.83178]},"properties":{"rate_time":0.315}},{"type":"Feature","geometry":{"type":"Point","coordinates":[110.55132,-6.83173]},"properties":{"rate_time":-0.102}},{"type":"Feature","geometry":{"type":"Point","coordinates":[110.56191,-6.83172]},"properties":{"rate_time":-0.709}},{"type":"Feature","geometry":{"type":"Point","coordinates":[110.53575,-6.8317]},"properties":{"rate_time":0.286}},{"type":"Feature","geometry":{"type":"Point","coordinates":[110.55239,-6.83169]},"properties":{"rate_time":0.295}},{"type":"Feature","geometry":{"type":"Point","coordinates":[110.55334,-6.83162]},"properties":{"rate_time":0.211}},{"type":"Feature","geometry":{"type":"Point","coordinates":[110.53611,-6.83162]},"properties":{"rate_time":-0.934}},{"type":"Feature","geometry":{"type":"Point","coordinates":[110.55228,-6.83162]},"properties":{"rate_time":0.315}},{"type":"Feature","geometry":{"type":"Point","coordinates":[110.53588,-6.83161]},"properties":{"rate_time":-0.88}},{"type":"Feature","geometry":{"type":"Point","coordinates":[110.53603,-6.83161]},"properties":{"rate_time":-0.929}},{"type":"Feature","geometry":{"type":"Point","coordinates":[110.53169,-6.83154]},"properties":{"rate_time":-0.551}},{"type":"Feature","geometry":{"type":"Point","coordinates":[110.55261,-6.83154]},"properties":{"rate_time":-0.057}},{"type":"Feature","geometry":{"type":"Point","coordinates":[110.55084,-6.83153]},"properties":{"rate_time":-0.493}},{"type":"Feature","geometry":{"type":"Point","coordinates":[110.53555,-6.83153]},"properties":{"rate_time":1.035}},{"type":"Feature","geometry":{"type":"Point","coordinates":[110.55149,-6.83152]},"properties":{"rate_time":-0.039}},{"type":"Feature","geometry":{"type":"Point","coordinates":[110.53635,-6.83152]},"properties":{"rate_time":-2.684}},{"type":"Feature","geometry":{"type":"Point","coordinates":[110.53151,-6.8315]},"properties":{"rate_time":-0.091}},{"type":"Feature","geometry":{"type":"Point","coordinates":[110.56177,-6.83148]},"properties":{"rate_time":-0.546}},{"type":"Feature","geometry":{"type":"Point","coordinates":[110.55312,-6.83147]},"properties":{"rate_time":0.028}},{"type":"Feature","geometry":{"type":"Point","coordinates":[110.53645,-6.83144]},"properties":{"rate_time":-1.569}},{"type":"Feature","geometry":{"type":"Point","coordinates":[110.55286,-6.83144]},"properties":{"rate_time":-0.089}},{"type":"Feature","geometry":{"type":"Point","coordinates":[110.55224,-6.83143]},"properties":{"rate_time":-0.009}},{"type":"Feature","geometry":{"type":"Point","coordinates":[110.53571,-6.83143]},"properties":{"rate_time":0.011}},{"type":"Feature","geometry":{"type":"Point","coordinates":[110.5362,-6.8314]},"properties":{"rate_time":-1.728}},{"type":"Feature","geometry":{"type":"Point","coordinates":[110.55171,-6.83137]},"properties":{"rate_time":0.081}},{"type":"Feature","geometry":{"type":"Point","coordinates":[110.55198,-6.83137]},"properties":{"rate_time":-0.009}},{"type":"Feature","geometry":{"type":"Point","coordinates":[110.53187,-6.83136]},"properties":{"rate_time":-0.39}},{"type":"Feature","geometry":{"type":"Point","coordinates":[110.53169,-6.83131]},"properties":{"rate_time":0.392}},{"type":"Feature","geometry":{"type":"Point","coordinates":[110.55095,-6.83129]},"properties":{"rate_time":0.116}},{"type":"Feature","geometry":{"type":"Point","coordinates":[110.56165,-6.83124]},"properties":{"rate_time":-0.486}},{"type":"Feature","geometry":{"type":"Point","coordinates":[110.53205,-6.83116]},"properties":{"rate_time":-0.062}},{"type":"Feature","geometry":{"type":"Point","coordinates":[110.53188,-6.83113]},"properties":{"rate_time":0.036}},{"type":"Feature","geometry":{"type":"Point","coordinates":[110.55082,-6.83109]},"properties":{"rate_time":0.194}},{"type":"Feature","geometry":{"type":"Point","coordinates":[110.56159,-6.83098]},"properties":{"rate_time":-0.539}},{"type":"Feature","geometry":{"type":"Point","coordinates":[110.53224,-6.83097]},"properties":{"rate_time":0.574}},{"type":"Feature","geometry":{"type":"Point","coordinates":[110.55058,-6.83095]},"properties":{"rate_time":0.179}},{"type":"Feature","geometry":{"type":"Point","coordinates":[110.53207,-6.83093]},"properties":{"rate_time":0.913}},{"type":"Feature","geometry":{"type":"Point","coordinates":[110.55034,-6.83083]},"properties":{"rate_time":0.124}},{"type":"Feature","geometry":{"type":"Point","coordinates":[110.5618,-6.83082]},"properties":{"rate_time":-0.505}},{"type":"Feature","geometry":{"type":"Point","coordinates":[110.53245,-6.8308]},"properties":{"rate_time":0.9}},{"type":"Feature","geometry":{"type":"Point","coordinates":[110.54982,-6.83075]},"properties":{"rate_time":-0.328}},{"type":"Feature","geometry":{"type":"Point","coordinates":[110.53226,-6.83074]},"properties":{"rate_time":1.256}},{"type":"Feature","geometry":{"type":"Point","coordinates":[110.56204,-6.83073]},"properties":{"rate_time":-0.078}},{"type":"Feature","geometry":{"type":"Point","coordinates":[110.55009,-6.83072]},"properties":{"rate_time":-0.131}},{"type":"Feature","geometry":{"type":"Point","coordinates":[110.53268,-6.83064]},"properties":{"rate_time":0.322}},{"type":"Feature","geometry":{"type":"Point","coordinates":[110.54973,-6.83053]},"properties":{"rate_time":0.327}},{"type":"Feature","geometry":{"type":"Point","coordinates":[110.53241,-6.83052]},"properties":{"rate_time":1.048}},{"type":"Feature","geometry":{"type":"Point","coordinates":[110.56212,-6.83048]},"properties":{"rate_time":0.007}},{"type":"Feature","geometry":{"type":"Point","coordinates":[110.53287,-6.83046]},"properties":{"rate_time":-0.042}},{"type":"Feature","geometry":{"type":"Point","coordinates":[110.55711,-6.8304]},"properties":{"rate_time":-0.139}},{"type":"Feature","geometry":{"type":"Point","coordinates":[110.55738,-6.83037]},"properties":{"rate_time":0.046}},{"type":"Feature","geometry":{"type":"Point","coordinates":[110.53309,-6.83029]},"properties":{"rate_time":-0.359}},{"type":"Feature","geometry":{"type":"Point","coordinates":[110.55687,-6.83028]},"properties":{"rate_time":0.147}},{"type":"Feature","geometry":{"type":"Point","coordinates":[110.53254,-6.83028]},"properties":{"rate_time":0.771}},{"type":"Feature","geometry":{"type":"Point","coordinates":[110.54967,-6.83026]},"properties":{"rate_time":0.93}},{"type":"Feature","geometry":{"type":"Point","coordinates":[110.56224,-6.83023]},"properties":{"rate_time":0.594}},{"type":"Feature","geometry":{"type":"Point","coordinates":[110.56172,-6.83016]},"properties":{"rate_time":0.343}},{"type":"Feature","geometry":{"type":"Point","coordinates":[110.55598,-6.83013]},"properties":{"rate_time":0.608}},{"type":"Feature","geometry":{"type":"Point","coordinates":[110.5333,-6.83013]},"properties":{"rate_time":-0.454}},{"type":"Feature","geometry":{"type":"Point","coordinates":[110.5575,-6.83013]},"properties":{"rate_time":0.111}},{"type":"Feature","geometry":{"type":"Point","coordinates":[110.55669,-6.83009]},"properties":{"rate_time":0.58}},{"type":"Feature","geometry":{"type":"Point","coordinates":[110.53267,-6.83004]},"properties":{"rate_time":0.719}},{"type":"Feature","geometry":{"type":"Point","coordinates":[110.56215,-6.83004]},"properties":{"rate_time":0.763}},{"type":"Feature","geometry":{"type":"Point","coordinates":[110.56193,-6.83]},"properties":{"rate_time":0.86}},{"type":"Feature","geometry":{"type":"Point","coordinates":[110.5496,-6.83]},"properties":{"rate_time":0.917}},{"type":"Feature","geometry":{"type":"Point","coordinates":[110.55607,-6.83]},"properties":{"rate_time":0.802}},{"type":"Feature","geometry":{"type":"Point","coordinates":[110.5335,-6.82994]},"properties":{"rate_time":-0.277}},{"type":"Feature","geometry":{"type":"Point","coordinates":[110.56159,-6.82992]},"properties":{"rate_time":0.493}},{"type":"Feature","geometry":{"type":"Point","coordinates":[110.55763,-6.82989]},"properties":{"rate_time":-0.009}},{"type":"Feature","geometry":{"type":"Point","coordinates":[110.55598,-6.82987]},"properties":{"rate_time":0.008}},{"type":"Feature","geometry":{"type":"Point","coordinates":[110.53287,-6.82986]},"properties":{"rate_time":0.49}},{"type":"Feature","geometry":{"type":"Point","coordinates":[110.55663,-6.82983]},"properties":{"rate_time":1.413}},{"type":"Feature","geometry":{"type":"Point","coordinates":[110.55619,-6.82982]},"properties":{"rate_time":0.78}},{"type":"Feature","geometry":{"type":"Point","coordinates":[110.5337,-6.82976]},"properties":{"rate_time":-0.022}},{"type":"Feature","geometry":{"type":"Point","coordinates":[110.54952,-6.82974]},"properties":{"rate_time":0.634}},{"type":"Feature","geometry":{"type":"Point","coordinates":[110.56176,-6.82974]},"properties":{"rate_time":0.517}},{"type":"Feature","geometry":{"type":"Point","coordinates":[110.55645,-6.82973]},"properties":{"rate_time":1.653}},{"type":"Feature","geometry":{"type":"Point","coordinates":[110.55785,-6.82972]},"properties":{"rate_time":-0.084}},{"type":"Feature","geometry":{"type":"Point","coordinates":[110.55577,-6.8297]},"properties":{"rate_time":-0.324}},{"type":"Feature","geometry":{"type":"Point","coordinates":[110.53309,-6.82969]},"properties":{"rate_time":0.383}},{"type":"Feature","geometry":{"type":"Point","coordinates":[110.55863,-6.82969]},"properties":{"rate_time":-0.087}},{"type":"Feature","geometry":{"type":"Point","coordinates":[110.55889,-6.82969]},"properties":{"rate_time":-0.103}},{"type":"Feature","geometry":{"type":"Point","coordinates":[110.53394,-6.82964]},"properties":{"rate_time":-0.196}},{"type":"Feature","geometry":{"type":"Point","coordinates":[110.5581,-6.82963]},"properties":{"rate_time":-0.173}},{"type":"Feature","geometry":{"type":"Point","coordinates":[110.55837,-6.82962]},"properties":{"rate_time":-0.105}},{"type":"Feature","geometry":{"type":"Point","coordinates":[110.5551,-6.82962]},"properties":{"rate_time":0.238}},{"type":"Feature","geometry":{"type":"Point","coordinates":[110.55485,-6.82961]},"properties":{"rate_time":0.329}},{"type":"Feature","geometry":{"type":"Point","coordinates":[110.56198,-6.82959]},"properties":{"rate_time":0.872}},{"type":"Feature","geometry":{"type":"Point","coordinates":[110.55912,-6.82956]},"properties":{"rate_time":-0.023}},{"type":"Feature","geometry":{"type":"Point","coordinates":[110.53332,-6.82955]},"properties":{"rate_time":0.575}},{"type":"Feature","geometry":{"type":"Point","coordinates":[110.55558,-6.82951]},"properties":{"rate_time":-0.14}},{"type":"Feature","geometry":{"type":"Point","coordinates":[110.55535,-6.82951]},"properties":{"rate_time":0.067}},{"type":"Feature","geometry":{"type":"Point","coordinates":[110.54946,-6.82948]},"properties":{"rate_time":0.353}},{"type":"Feature","geometry":{"type":"Point","coordinates":[110.53415,-6.82948]},"properties":{"rate_time":-0.115}},{"type":"Feature","geometry":{"type":"Point","coordinates":[110.55465,-6.82943]},"properties":{"rate_time":0.768}},{"type":"Feature","geometry":{"type":"Point","coordinates":[110.56218,-6.82941]},"properties":{"rate_time":1.051}},{"type":"Feature","geometry":{"type":"Point","coordinates":[110.55933,-6.82939]},"properties":{"rate_time":0.056}},{"type":"Feature","geometry":{"type":"Point","coordinates":[110.53353,-6.82939]},"properties":{"rate_time":0.668}},{"type":"Feature","geometry":{"type":"Point","coordinates":[110.55282,-6.82936]},"properties":{"rate_time":0.471}},{"type":"Feature","geometry":{"type":"Point","coordinates":[110.55256,-6.82934]},"properties":{"rate_time":0.061}},{"type":"Feature","geometry":{"type":"Point","coordinates":[110.53433,-6.82927]},"properties":{"rate_time":-0.266}},{"type":"Feature","geometry":{"type":"Point","coordinates":[110.5523,-6.82926]},"properties":{"rate_time":-0.025}},{"type":"Feature","geometry":{"type":"Point","coordinates":[110.55203,-6.82924]},"properties":{"rate_time":-0.06}},{"type":"Feature","geometry":{"type":"Point","coordinates":[110.55448,-6.82923]},"properties":{"rate_time":1.433}},{"type":"Feature","geometry":{"type":"Point","coordinates":[110.56037,-6.82923]},"properties":{"rate_time":0.214}},{"type":"Feature","geometry":{"type":"Point","coordinates":[110.55306,-6.82923]},"properties":{"rate_time":0.517}},{"type":"Feature","geometry":{"type":"Point","coordinates":[110.55954,-6.82922]},"properties":{"rate_time":0.124}},{"type":"Feature","geometry":{"type":"Point","coordinates":[110.5538,-6.82922]},"properties":{"rate_time":0.552}},{"type":"Feature","geometry":{"type":"Point","coordinates":[110.56064,-6.82921]},"properties":{"rate_time":0.1}},{"type":"Feature","geometry":{"type":"Point","coordinates":[110.54941,-6.82921]},"properties":{"rate_time":0.169}},{"type":"Feature","geometry":{"type":"Point","coordinates":[110.56236,-6.82921]},"properties":{"rate_time":1.103}},{"type":"Feature","geometry":{"type":"Point","coordinates":[110.55354,-6.8292]},"properties":{"rate_time":0.378}},{"type":"Feature","geometry":{"type":"Point","coordinates":[110.53371,-6.82919]},"properties":{"rate_time":0.683}},{"type":"Feature","geometry":{"type":"Point","coordinates":[110.55178,-6.82916]},"properties":{"rate_time":0.007}},{"type":"Feature","geometry":{"type":"Point","coordinates":[110.5634,-6.82915]},"properties":{"rate_time":-8.974}},{"type":"Feature","geometry":{"type":"Point","coordinates":[110.56367,-6.82914]},"properties":{"rate_time":-10.091}},{"type":"Feature","geometry":{"type":"Point","coordinates":[110.56012,-6.82914]},"properties":{"rate_time":0.428}},{"type":"Feature","geometry":{"type":"Point","coordinates":[110.55405,-6.82912]},"properties":{"rate_time":1.073}},{"type":"Feature","geometry":{"type":"Point","coordinates":[110.56089,-6.82911]},"properties":{"rate_time":0.126}},{"type":"Feature","geometry":{"type":"Point","coordinates":[110.53395,-6.82911]},"properties":{"rate_time":0.233}},{"type":"Feature","geometry":{"type":"Point","coordinates":[110.5533,-6.8291]},"properties":{"rate_time":0.61}},{"type":"Feature","geometry":{"type":"Point","coordinates":[110.56394,-6.8291]},"properties":{"rate_time":-10.382}},{"type":"Feature","geometry":{"type":"Point","coordinates":[110.53452,-6.82909]},"properties":{"rate_time":-0.381}},{"type":"Feature","geometry":{"type":"Point","coordinates":[110.55431,-6.82907]},"properties":{"rate_time":1.574}},{"type":"Feature","geometry":{"type":"Point","coordinates":[110.56402,-6.82904]},"properties":{"rate_time":-10.593}},{"type":"Feature","geometry":{"type":"Point","coordinates":[110.56333,-6.82903]},"properties":{"rate_time":-8.333}},{"type":"Feature","geometry":{"type":"Point","coordinates":[110.55969,-6.82903]},"properties":{"rate_time":0.415}},{"type":"Feature","geometry":{"type":"Point","coordinates":[110.56115,-6.82903]},"properties":{"rate_time":0.127}},{"type":"Feature","geometry":{"type":"Point","coordinates":[110.5625,-6.82902]},"properties":{"rate_time":2.338}},{"type":"Feature","geometry":{"type":"Point","coordinates":[110.55156,-6.82901]},"properties":{"rate_time":0.094}},{"type":"Feature","geometry":{"type":"Point","coordinates":[110.54929,-6.82898]},"properties":{"rate_time":0.101}},{"type":"Feature","geometry":{"type":"Point","coordinates":[110.55991,-6.82897]},"properties":{"rate_time":0.483}},{"type":"Feature","geometry":{"type":"Point","coordinates":[110.53415,-6.82895]},"properties":{"rate_time":-0.111}},{"type":"Feature","geometry":{"type":"Point","coordinates":[110.5614,-6.82891]},"properties":{"rate_time":0.081}},{"type":"Feature","geometry":{"type":"Point","coordinates":[110.56354,-6.82886]},"properties":{"rate_time":-8.82}},{"type":"Feature","geometry":{"type":"Point","coordinates":[110.5346,-6.82884]},"properties":{"rate_time":-0.875}},{"type":"Feature","geometry":{"type":"Point","coordinates":[110.55135,-6.82883]},"properties":{"rate_time":0.18}},{"type":"Feature","geometry":{"type":"Point","coordinates":[110.55969,-6.82882]},"properties":{"rate_time":1.0}},{"type":"Feature","geometry":{"type":"Point","coordinates":[110.56417,-6.82882]},"properties":{"rate_time":-10.767}},{"type":"Feature","geometry":{"type":"Point","coordinates":[110.56444,-6.82881]},"properties":{"rate_time":-11.849}},{"type":"Feature","geometry":{"type":"Point","coordinates":[110.55953,-6.82881]},"properties":{"rate_time":1.238}},{"type":"Feature","geometry":{"type":"Point","coordinates":[110.54909,-6.82879]},"properties":{"rate_time":0.156}},{"type":"Feature","geometry":{"type":"Point","coordinates":[110.56433,-6.82878]},"properties":{"rate_time":-11.484}},{"type":"Feature","geometry":{"type":"Point","coordinates":[110.56406,-6.82878]},"properties":{"rate_time":-10.186}},{"type":"Feature","geometry":{"type":"Point","coordinates":[110.56379,-6.82877]},"properties":{"rate_time":-8.988}},{"type":"Feature","geometry":{"type":"Point","coordinates":[110.56241,-6.82876]},"properties":{"rate_time":-1.421}},{"type":"Feature","geometry":{"type":"Point","coordinates":[110.53429,-6.82872]},"properties":{"rate_time":-0.348}},{"type":"Feature","geometry":{"type":"Point","coordinates":[110.56157,-6.82871]},"properties":{"rate_time":0.055}},{"type":"Feature","geometry":{"type":"Point","coordinates":[110.56456,-6.82867]},"properties":{"rate_time":-12.241}},{"type":"Feature","geometry":{"type":"Point","coordinates":[110.55115,-6.82865]},"properties":{"rate_time":0.363}},{"type":"Feature","geometry":{"type":"Point","coordinates":[110.53477,-6.82865]},"properties":{"rate_time":-1.115}},{"type":"Feature","geometry":{"type":"Point","coordinates":[110.55948,-6.82865]},"properties":{"rate_time":1.451}},{"type":"Feature","geometry":{"type":"Point","coordinates":[110.56464,-6.82863]},"properties":{"rate_time":-12.612}},{"type":"Feature","geometry":{"type":"Point","coordinates":[110.53565,-6.82863]},"properties":{"rate_time":0.332}},{"type":"Feature","geometry":{"type":"Point","coordinates":[110.55875,-6.82863]},"properties":{"rate_time":0.518}},{"type":"Feature","geometry":{"type":"Point","coordinates":[110.55062,-6.82862]},"properties":{"rate_time":-0.079}},{"type":"Feature","geometry":{"type":"Point","coordinates":[110.55935,-6.82861]},"properties":{"rate_time":1.447}},{"type":"Feature","geometry":{"type":"Point","coordinates":[110.54889,-6.82861]},"properties":{"rate_time":0.314}},{"type":"Feature","geometry":{"type":"Point","coordinates":[110.55872,-6.8286]},"properties":{"rate_time":0.53}},{"type":"Feature","geometry":{"type":"Point","coordinates":[110.55089,-6.8286]},"properties":{"rate_time":0.043}},{"type":"Feature","geometry":{"type":"Point","coordinates":[110.56477,-6.82852]},"properties":{"rate_time":-10.514}},{"type":"Feature","geometry":{"type":"Point","coordinates":[110.53446,-6.82851]},"properties":{"rate_time":-0.828}},{"type":"Feature","geometry":{"type":"Point","coordinates":[110.5354,-6.82851]},"properties":{"rate_time":-0.444}},{"type":"Feature","geometry":{"type":"Point","coordinates":[110.53587,-6.8285]},"properties":{"rate_time":0.221}},{"type":"Feature","geometry":{"type":"Point","coordinates":[110.56244,-6.8285]},"properties":{"rate_time":-0.869}},{"type":"Feature","geometry":{"type":"Point","coordinates":[110.55039,-6.82849]},"properties":{"rate_time":0.073}},{"type":"Feature","geometry":{"type":"Point","coordinates":[110.53497,-6.82847]},"properties":{"rate_time":-0.973}},{"type":"Feature","geometry":{"type":"Point","coordinates":[110.56169,-6.82847]},"properties":{"rate_time":0.054}},{"type":"Feature","geometry":{"type":"Point","coordinates":[110.5593,-6.82846]},"properties":{"rate_time":1.626}},{"type":"Feature","geometry":{"type":"Point","coordinates":[110.54881,-6.82837]},"properties":{"rate_time":0.534}},{"type":"Feature","geometry":{"type":"Point","coordinates":[110.53518,-6.82836]},"properties":{"rate_time":-0.473}},{"type":"Feature","geometry":{"type":"Point","coordinates":[110.55875,-6.82836]},"properties":{"rate_time":0.712}},{"type":"Feature","geometry":{"type":"Point","coordinates":[110.5361,-6.82835]},"properties":{"rate_time":0.096}},{"type":"Feature","geometry":{"type":"Point","coordinates":[110.53467,-6.82833]},"properties":{"rate_time":-0.983}},{"type":"Feature","geometry":{"type":"Point","coordinates":[110.55017,-6.82833]},"properties":{"rate_time":0.332}},{"type":"Feature","geometry":{"type":"Point","coordinates":[110.55873,-6.82833]},"properties":{"rate_time":0.67}},{"type":"Feature","geometry":{"type":"Point","coordinates":[110.56187,-6.82827]},"properties":{"rate_time":0.057}},{"type":"Feature","geometry":{"type":"Point","coordinates":[110.56237,-6.82824]},"properties":{"rate_time":-0.852}},{"type":"Feature","geometry":{"type":"Point","coordinates":[110.53634,-6.82824]},"properties":{"rate_time":-0.293}},{"type":"Feature","geometry":{"type":"Point","coordinates":[110.54994,-6.82819]},"properties":{"rate_time":0.173}},{"type":"Feature","geometry":{"type":"Point","coordinates":[110.56212,-6.82818]},"properties":{"rate_time":-0.164}},{"type":"Feature","geometry":{"type":"Point","coordinates":[110.53489,-6.82818]},"properties":{"rate_time":-0.711}},{"type":"Feature","geometry":{"type":"Point","coordinates":[110.54874,-6.82812]},"properties":{"rate_time":0.899}},{"type":"Feature","geometry":{"type":"Point","coordinates":[110.55877,-6.82809]},"properties":{"rate_time":-0.151}},{"type":"Feature","geometry":{"type":"Point","coordinates":[110.5497,-6.82806]},"properties":{"rate_time":0.092}},{"type":"Feature","geometry":{"type":"Point","coordinates":[110.55872,-6.82806]},"properties":{"rate_time":-0.271}},{"type":"Feature","geometry":{"type":"Point","coordinates":[110.53512,-6.82804]},"properties":{"rate_time":-0.478}},{"type":"Feature","geometry":{"type":"Point","coordinates":[110.53631,-6.82801]},"properties":{"rate_time":0.695}},{"type":"Feature","geometry":{"type":"Point","coordinates":[110.53928,-6.82798]},"properties":{"rate_time":-4.28}},{"type":"Feature","geometry":{"type":"Point","coordinates":[110.53908,-6.82796]},"properties":{"rate_time":-3.405}},{"type":"Feature","geometry":{"type":"Point","coordinates":[110.54857,-6.82794]},"properties":{"rate_time":0.388}},{"type":"Feature","geometry":{"type":"Point","coordinates":[110.53534,-6.82788]},"properties":{"rate_time":-0.228}},{"type":"Feature","geometry":{"type":"Point","coordinates":[110.54831,-6.82785]},"properties":{"rate_time":0.471}},{"type":"Feature","geometry":{"type":"Point","coordinates":[110.54954,-6.82785]},"properties":{"rate_time":0.128}},{"type":"Feature","geometry":{"type":"Point","coordinates":[110.53613,-6.82784]},"properties":{"rate_time":1.122}},{"type":"Feature","geometry":{"type":"Point","coordinates":[110.5356,-6.82784]},"properties":{"rate_time":-0.204}},{"type":"Feature","geometry":{"type":"Point","coordinates":[110.55933,-6.82781]},"properties":{"rate_time":1.506}},{"type":"Feature","geometry":{"type":"Point","coordinates":[110.53587,-6.8278]},"properties":{"rate_time":0.367}},{"type":"Feature","geometry":{"type":"Point","coordinates":[110.53929,-6.8278]},"properties":{"rate_time":-5.535}},{"type":"Feature","geometry":{"type":"Point","coordinates":[110.54805,-6.82779]},"properties":{"rate_time":0.619}},{"type":"Feature","geometry":{"type":"Point","coordinates":[110.53943,-6.82776]},"properties":{"rate_time":-4.95}},{"type":"Feature","geometry":{"type":"Point","coordinates":[110.55917,-6.82773]},"properties":{"rate_time":1.549}},{"type":"Feature","geometry":{"type":"Point","coordinates":[110.54932,-6.82773]},"properties":{"rate_time":0.379}},{"type":"Feature","geometry":{"type":"Point","coordinates":[110.5478,-6.82769]},"properties":{"rate_time":0.543}},{"type":"Feature","geometry":{"type":"Point","coordinates":[110.54906,-6.82765]},"properties":{"rate_time":0.778}},{"type":"Feature","geometry":{"type":"Point","coordinates":[110.53951,-6.82764]},"properties":{"rate_time":-4.397}},{"type":"Feature","geometry":{"type":"Point","coordinates":[110.53962,-6.82758]},"properties":{"rate_time":-5.054}},{"type":"Feature","geometry":{"type":"Point","coordinates":[110.5488,-6.82757]},"properties":{"rate_time":0.297}},{"type":"Feature","geometry":{"type":"Point","coordinates":[110.54757,-6.82755]},"properties":{"rate_time":0.322}},{"type":"Feature","geometry":{"type":"Point","coordinates":[110.5594,-6.82749]},"properties":{"rate_time":1.375}},{"type":"Feature","geometry":{"type":"Point","coordinates":[110.56257,-6.82748]},"properties":{"rate_time":-0.887}},{"type":"Feature","geometry":{"type":"Point","coordinates":[110.54855,-6.82747]},"properties":{"rate_time":0.601}},{"type":"Feature","geometry":{"type":"Point","coordinates":[110.5591,-6.82747]},"properties":{"rate_time":1.113}},{"type":"Feature","geometry":{"type":"Point","coordinates":[110.53986,-6.82745]},"properties":{"rate_time":0.182}},{"type":"Feature","geometry":{"type":"Point","coordinates":[110.53968,-6.82744]},"properties":{"rate_time":-4.709}},{"type":"Feature","geometry":{"type":"Point","coordinates":[110.54735,-6.82739]},"properties":{"rate_time":0.358}},{"type":"Feature","geometry":{"type":"Point","coordinates":[110.54831,-6.82735]},"properties":{"rate_time":0.657}},{"type":"Feature","geometry":{"type":"Point","coordinates":[110.56259,-6.82732]},"properties":{"rate_time":-0.48}},{"type":"Feature","geometry":{"type":"Point","coordinates":[110.54005,-6.8273]},"properties":{"rate_time":0.173}},{"type":"Feature","geometry":{"type":"Point","coordinates":[110.56277,-6.82725]},"properties":{"rate_time":-0.946}},{"type":"Feature","geometry":{"type":"Point","coordinates":[110.53985,-6.82722]},"properties":{"rate_time":-0.235}},{"type":"Feature","geometry":{"type":"Point","coordinates":[110.55938,-6.82722]},"properties":{"rate_time":1.125}},{"type":"Feature","geometry":{"type":"Point","coordinates":[110.55905,-6.8272]},"properties":{"rate_time":0.317}},{"type":"Feature","geometry":{"type":"Point","coordinates":[110.54809,-6.82719]},"properties":{"rate_time":0.598}},{"type":"Feature","geometry":{"type":"Point","coordinates":[110.54718,-6.82718]},"properties":{"rate_time":0.194}},{"type":"Feature","geometry":{"type":"Point","coordinates":[110.56274,-6.82715]},"properties":{"rate_time":-0.445}},{"type":"Feature","geometry":{"type":"Point","coordinates":[110.54019,-6.82708]},"properties":{"rate_time":0.078}},{"type":"Feature","geometry":{"type":"Point","coordinates":[110.54761,-6.82705]},"properties":{"rate_time":0.198}},{"type":"Feature","geometry":{"type":"Point","coordinates":[110.54696,-6.82703]},"properties":{"rate_time":0.389}},{"type":"Feature","geometry":{"type":"Point","coordinates":[110.54788,-6.82702]},"properties":{"rate_time":0.696}},{"type":"Feature","geometry":{"type":"Point","coordinates":[110.56289,-6.82701]},"properties":{"rate_time":-0.93}},{"type":"Feature","geometry":{"type":"Point","coordinates":[110.53983,-6.82701]},"properties":{"rate_time":0.577}},{"type":"Feature","geometry":{"type":"Point","coordinates":[110.56252,-6.82699]},"properties":{"rate_time":0.967}},{"type":"Feature","geometry":{"type":"Point","coordinates":[110.55919,-6.82698]},"properties":{"rate_time":0.161}},{"type":"Feature","geometry":{"type":"Point","coordinates":[110.53993,-6.82698]},"properties":{"rate_time":0.495}},{"type":"Feature","geometry":{"type":"Point","coordinates":[110.54043,-6.82697]},"properties":{"rate_time":0.571}},{"type":"Feature","geometry":{"type":"Point","coordinates":[110.55934,-6.82695]},"properties":{"rate_time":0.89}},{"type":"Feature","geometry":{"type":"Point","coordinates":[110.54671,-6.82691]},"properties":{"rate_time":0.714}},{"type":"Feature","geometry":{"type":"Point","coordinates":[110.54738,-6.8269]},"properties":{"rate_time":0.176}},{"type":"Feature","geometry":{"type":"Point","coordinates":[110.54013,-6.82689]},"properties":{"rate_time":0.178}},{"type":"Feature","geometry":{"type":"Point","coordinates":[110.53963,-6.82684]},"properties":{"rate_time":5.225}},{"type":"Feature","geometry":{"type":"Point","coordinates":[110.54066,-6.82684]},"properties":{"rate_time":1.047}},{"type":"Feature","geometry":{"type":"Point","coordinates":[110.53973,-6.82682]},"properties":{"rate_time":4.268}},{"type":"Feature","geometry":{"type":"Point","coordinates":[110.54038,-6.82679]},"properties":{"rate_time":0.405}},{"type":"Feature","geometry":{"type":"Point","coordinates":[110.56295,-6.82675]},"properties":{"rate_time":-0.661}},{"type":"Feature","geometry":{"type":"Point","coordinates":[110.55929,-6.82674]},"properties":{"rate_time":5.344}},{"type":"Feature","geometry":{"type":"Point","coordinates":[110.56244,-6.82674]},"properties":{"rate_time":0.867}},{"type":"Feature","geometry":{"type":"Point","coordinates":[110.54651,-6.82673]},"properties":{"rate_time":0.798}},{"type":"Feature","geometry":{"type":"Point","coordinates":[110.53942,-6.8267]},"properties":{"rate_time":4.61}},{"type":"Feature","geometry":{"type":"Point","coordinates":[110.54722,-6.82669]},"properties":{"rate_time":0.407}},{"type":"Feature","geometry":{"type":"Point","coordinates":[110.54061,-6.82667]},"properties":{"rate_time":1.296}},{"type":"Feature","geometry":{"type":"Point","coordinates":[110.54087,-6.82667]},"properties":{"rate_time":-1.698}},{"type":"Feature","geometry":{"type":"Point","coordinates":[110.53962,-6.82658]},"properties":{"rate_time":5.248}},{"type":"Feature","geometry":{"type":"Point","coordinates":[110.54633,-6.82653]},"properties":{"rate_time":0.744}},{"type":"Feature","geometry":{"type":"Point","coordinates":[110.56233,-6.82649]},"properties":{"rate_time":0.229}},{"type":"Feature","geometry":{"type":"Point","coordinates":[110.54704,-6.82649]},"properties":{"rate_time":0.367}},{"type":"Feature","geometry":{"type":"Point","coordinates":[110.53926,-6.82649]},"properties":{"rate_time":3.846}},{"type":"Feature","geometry":{"type":"Point","coordinates":[110.563,-6.82648]},"properties":{"rate_time":-0.283}},{"type":"Feature","geometry":{"type":"Point","coordinates":[110.54104,-6.82646]},"properties":{"rate_time":-0.366}},{"type":"Feature","geometry":{"type":"Point","coordinates":[110.54077,-6.82646]},"properties":{"rate_time":-0.013}},{"type":"Feature","geometry":{"type":"Point","coordinates":[110.53942,-6.8264]},"properties":{"rate_time":4.542}},{"type":"Feature","geometry":{"type":"Point","coordinates":[110.54099,-6.82633]},"properties":{"rate_time":-0.502}},{"type":"Feature","geometry":{"type":"Point","coordinates":[110.54614,-6.82633]},"properties":{"rate_time":0.538}},{"type":"Feature","geometry":{"type":"Point","coordinates":[110.53904,-6.82633]},"properties":{"rate_time":1.803}},{"type":"Feature","geometry":{"type":"Point","coordinates":[110.53811,-6.82628]},"properties":{"rate_time":-0.14}},{"type":"Feature","geometry":{"type":"Point","coordinates":[110.54694,-6.82625]},"properties":{"rate_time":0.256}},{"type":"Feature","geometry":{"type":"Point","coordinates":[110.56226,-6.82625]},"properties":{"rate_time":-0.487}},{"type":"Feature","geometry":{"type":"Point","coordinates":[110.56309,-6.82623]},"properties":{"rate_time":-0.032}},{"type":"Feature","geometry":{"type":"Point","coordinates":[110.53925,-6.82619]},"properties":{"rate_time":4.079}},{"type":"Feature","geometry":{"type":"Point","coordinates":[110.54595,-6.82614]},"properties":{"rate_time":0.4}},{"type":"Feature","geometry":{"type":"Point","coordinates":[110.53889,-6.8261]},"properties":{"rate_time":2.51}},{"type":"Feature","geometry":{"type":"Point","coordinates":[110.53828,-6.82608]},"properties":{"rate_time":0.788}},{"type":"Feature","geometry":{"type":"Point","coordinates":[110.53794,-6.82606]},"properties":{"rate_time":0.783}},{"type":"Feature","geometry":{"type":"Point","coordinates":[110.54804,-6.82603]},"properties":{"rate_time":0.721}},{"type":"Feature","geometry":{"type":"Point","coordinates":[110.54699,-6.82599]},"properties":{"rate_time":0.159}},{"type":"Feature","geometry":{"type":"Point","coordinates":[110.53907,-6.82599]},"properties":{"rate_time":3.65}},{"type":"Feature","geometry":{"type":"Point","coordinates":[110.56321,-6.82599]},"properties":{"rate_time":0.501}},{"type":"Feature","geometry":{"type":"Point","coordinates":[110.56232,-6.82598]},"properties":{"rate_time":-0.471}},{"type":"Feature","geometry":{"type":"Point","coordinates":[110.54574,-6.82598]},"properties":{"rate_time":0.228}},{"type":"Feature","geometry":{"type":"Point","coordinates":[110.54779,-6.82594]},"properties":{"rate_time":0.885}},{"type":"Feature","geometry":{"type":"Point","coordinates":[110.53849,-6.82592]},"properties":{"rate_time":2.06}},{"type":"Feature","geometry":{"type":"Point","coordinates":[110.54824,-6.82592]},"properties":{"rate_time":0.349}},{"type":"Feature","geometry":{"type":"Point","coordinates":[110.53872,-6.8259]},"properties":{"rate_time":2.472}},{"type":"Feature","geometry":{"type":"Point","coordinates":[110.54549,-6.82586]},"properties":{"rate_time":0.368}},{"type":"Feature","geometry":{"type":"Point","coordinates":[110.53788,-6.8258]},"properties":{"rate_time":1.65}},{"type":"Feature","geometry":{"type":"Point","coordinates":[110.53888,-6.8258]},"properties":{"rate_time":3.181}},{"type":"Feature","geometry":{"type":"Point","coordinates":[110.54717,-6.82579]},"properties":{"rate_time":0.32}},{"type":"Feature","geometry":{"type":"Point","coordinates":[110.54758,-6.82578]},"properties":{"rate_time":1.117}},{"type":"Feature","geometry":{"type":"Point","coordinates":[110.54524,-6.82575]},"properties":{"rate_time":0.512}},{"type":"Feature","geometry":{"type":"Point","coordinates":[110.56242,-6.82573]},"properties":{"rate_time":-0.606}},{"type":"Feature","geometry":{"type":"Point","coordinates":[110.53813,-6.82573]},"properties":{"rate_time":1.802}},{"type":"Feature","geometry":{"type":"Point","coordinates":[110.56328,-6.82573]},"properties":{"rate_time":-2.273}},{"type":"Feature","geometry":{"type":"Point","coordinates":[110.54833,-6.82567]},"properties":{"rate_time":0.298}},{"type":"Feature","geometry":{"type":"Point","coordinates":[110.545,-6.82563]},"properties":{"rate_time":0.617}},{"type":"Feature","geometry":{"type":"Point","coordinates":[110.54736,-6.82562]},"properties":{"rate_time":0.569}},{"type":"Feature","geometry":{"type":"Point","coordinates":[110.53834,-6.82555]},"properties":{"rate_time":2.888}},{"type":"Feature","geometry":{"type":"Point","coordinates":[110.53878,-6.82555]},"properties":{"rate_time":2.516}},{"type":"Feature","geometry":{"type":"Point","coordinates":[110.56256,-6.82551]},"properties":{"rate_time":-1.529}},{"type":"Feature","geometry":{"type":"Point","coordinates":[110.56328,-6.82549]},"properties":{"rate_time":-2.107}},{"type":"Feature","geometry":{"type":"Point","coordinates":[110.53858,-6.82548]},"properties":{"rate_time":1.104}},{"type":"Feature","geometry":{"type":"Point","coordinates":[110.54478,-6.82548]},"properties":{"rate_time":0.622}},{"type":"Feature","geometry":{"type":"Point","coordinates":[110.54842,-6.82541]},"properties":{"rate_time":0.087}},{"type":"Feature","geometry":{"type":"Point","coordinates":[110.54758,-6.82541]},"properties":{"rate_time":1.092}},{"type":"Feature","geometry":{"type":"Point","coordinates":[110.54783,-6.82537]},"properties":{"rate_time":0.711}},{"type":"Feature","geometry":{"type":"Point","coordinates":[110.53775,-6.82537]},"properties":{"rate_time":1.009}},{"type":"Feature","geometry":{"type":"Point","coordinates":[110.5628,-6.82537]},"properties":{"rate_time":-1.482}},{"type":"Feature","geometry":{"type":"Point","coordinates":[110.53896,-6.82537]},"properties":{"rate_time":1.388}},{"type":"Feature","geometry":{"type":"Point","coordinates":[110.56306,-6.82534]},"properties":{"rate_time":-1.026}},{"type":"Feature","geometry":{"type":"Point","coordinates":[110.53879,-6.82533]},"properties":{"rate_time":1.424}},{"type":"Feature","geometry":{"type":"Point","coordinates":[110.54459,-6.82529]},"properties":{"rate_time":0.602}},{"type":"Feature","geometry":{"type":"Point","coordinates":[110.53795,-6.82527]},"properties":{"rate_time":2.453}},{"type":"Feature","geometry":{"type":"Point","coordinates":[110.5392,-6.82525]},"properties":{"rate_time":1.844}},{"type":"Feature","geometry":{"type":"Point","coordinates":[110.53758,-6.82523]},"properties":{"rate_time":-2.379}},{"type":"Feature","geometry":{"type":"Point","coordinates":[110.54738,-6.82522]},"properties":{"rate_time":0.57}},{"type":"Feature","geometry":{"type":"Point","coordinates":[110.54802,-6.8252]},"properties":{"rate_time":0.5}},{"type":"Feature","geometry":{"type":"Point","coordinates":[110.54855,-6.82518]},"properties":{"rate_time":0.498}},{"type":"Feature","geometry":{"type":"Point","coordinates":[110.53806,-6.82517]},"properties":{"rate_time":1.998}},{"type":"Feature","geometry":{"type":"Point","coordinates":[110.53895,-6.82512]},"properties":{"rate_time":0.339}},{"type":"Feature","geometry":{"type":"Point","coordinates":[110.54441,-6.82508]},"properties":{"rate_time":0.558}},{"type":"Feature","geometry":{"type":"Point","coordinates":[110.54716,-6.82506]},"properties":{"rate_time":0.423}},{"type":"Feature","geometry":{"type":"Point","coordinates":[110.53938,-6.82504]},"properties":{"rate_time":1.621}},{"type":"Feature","geometry":{"type":"Point","coordinates":[110.53774,-6.82501]},"properties":{"rate_time":-2.047}},{"type":"Feature","geometry":{"type":"Point","coordinates":[110.54818,-6.82497]},"properties":{"rate_time":1.031}},{"type":"Feature","geometry":{"type":"Point","coordinates":[110.53823,-6.82496]},"properties":{"rate_time":1.577}},{"type":"Feature","geometry":{"type":"Point","coordinates":[110.54869,-6.82495]},"properties":{"rate_time":0.369}},{"type":"Feature","geometry":{"type":"Point","coordinates":[110.54972,-6.82494]},"properties":{"rate_time":1.485}},{"type":"Feature","geometry":{"type":"Point","coordinates":[110.54693,-6.82492]},"properties":{"rate_time":0.228}},{"type":"Feature","geometry":{"type":"Point","coordinates":[110.53911,-6.82489]},"properties":{"rate_time":-0.065}},{"type":"Feature","geometry":{"type":"Point","coordinates":[110.54422,-6.82489]},"properties":{"rate_time":0.998}},{"type":"Feature","geometry":{"type":"Point","coordinates":[110.5393,-6.82486]},"properties":{"rate_time":1.477}},{"type":"Feature","geometry":{"type":"Point","coordinates":[110.54996,-6.82483]},"properties":{"rate_time":1.089}},{"type":"Feature","geometry":{"type":"Point","coordinates":[110.53793,-6.82482]},"properties":{"rate_time":0.322}},{"type":"Feature","geometry":{"type":"Point","coordinates":[110.54668,-6.82481]},"properties":{"rate_time":0.084}},{"type":"Feature","geometry":{"type":"Point","coordinates":[110.54891,-6.82478]},"properties":{"rate_time":0.332}},{"type":"Feature","geometry":{"type":"Point","coordinates":[110.54953,-6.82475]},"properties":{"rate_time":1.502}},{"type":"Feature","geometry":{"type":"Point","coordinates":[110.54831,-6.82474]},"properties":{"rate_time":0.811}},{"type":"Feature","geometry":{"type":"Point","coordinates":[110.54401,-6.82472]},"properties":{"rate_time":1.735}},{"type":"Feature","geometry":{"type":"Point","coordinates":[110.53834,-6.82471]},"properties":{"rate_time":1.448}},{"type":"Feature","geometry":{"type":"Point","coordinates":[110.54648,-6.82465]},"properties":{"rate_time":0.101}},{"type":"Feature","geometry":{"type":"Point","coordinates":[110.53814,-6.82464]},"properties":{"rate_time":-2.341}},{"type":"Feature","geometry":{"type":"Point","coordinates":[110.55013,-6.82463]},"properties":{"rate_time":0.569}},{"type":"Feature","geometry":{"type":"Point","coordinates":[110.54965,-6.82462]},"properties":{"rate_time":1.301}},{"type":"Feature","geometry":{"type":"Point","coordinates":[110.5491,-6.82462]},"properties":{"rate_time":0.548}},{"type":"Feature","geometry":{"type":"Point","coordinates":[110.53848,-6.82449]},"properties":{"rate_time":-0.183}},{"type":"Feature","geometry":{"type":"Point","coordinates":[110.54387,-6.82448]},"properties":{"rate_time":2.334}},{"type":"Feature","geometry":{"type":"Point","coordinates":[110.5484,-6.82448]},"properties":{"rate_time":0.688}},{"type":"Feature","geometry":{"type":"Point","coordinates":[110.53833,-6.82445]},"properties":{"rate_time":-1.082}},{"type":"Feature","geometry":{"type":"Point","coordinates":[110.54985,-6.82445]},"properties":{"rate_time":0.837}},{"type":"Feature","geometry":{"type":"Point","coordinates":[110.55029,-6.82441]},"properties":{"rate_time":0.269}},{"type":"Feature","geometry":{"type":"Point","coordinates":[110.54641,-6.8244]},"properties":{"rate_time":0.395}},{"type":"Feature","geometry":{"type":"Point","coordinates":[110.5492,-6.82436]},"properties":{"rate_time":0.454}},{"type":"Feature","geometry":{"type":"Point","coordinates":[110.54854,-6.82425]},"properties":{"rate_time":0.477}},{"type":"Feature","geometry":{"type":"Point","coordinates":[110.54378,-6.82423]},"properties":{"rate_time":2.777}},{"type":"Feature","geometry":{"type":"Point","coordinates":[110.55048,-6.82421]},"properties":{"rate_time":0.11}},{"type":"Feature","geometry":{"type":"Point","coordinates":[110.54996,-6.8242]},"properties":{"rate_time":0.823}},{"type":"Feature","geometry":{"type":"Point","coordinates":[110.54647,-6.82414]},"properties":{"rate_time":0.786}},{"type":"Feature","geometry":{"type":"Point","coordinates":[110.5493,-6.82413]},"properties":{"rate_time":0.331}},{"type":"Feature","geometry":{"type":"Point","coordinates":[110.54604,-6.82409]},"properties":{"rate_time":0.541}},{"type":"Feature","geometry":{"type":"Point","coordinates":[110.5398,-6.82408]},"properties":{"rate_time":0.183}},{"type":"Feature","geometry":{"type":"Point","coordinates":[110.54874,-6.82408]},"properties":{"rate_time":0.427}},{"type":"Feature","geometry":{"type":"Point","coordinates":[110.54581,-6.82405]},"properties":{"rate_time":0.602}},{"type":"Feature","geometry":{"type":"Point","coordinates":[110.53997,-6.82402]},"properties":{"rate_time":-2.621}},{"type":"Feature","geometry":{"type":"Point","coordinates":[110.55065,-6.824]},"properties":{"rate_time":0.035}},{"type":"Feature","geometry":{"type":"Point","coordinates":[110.55012,-6.82399]},"properties":{"rate_time":0.687}},{"type":"Feature","geometry":{"type":"Point","coordinates":[110.54374,-6.82396]},"properties":{"rate_time":-0.769}},{"type":"Feature","geometry":{"type":"Point","coordinates":[110.54951,-6.82396]},"properties":{"rate_time":0.402}},{"type":"Feature","geometry":{"type":"Point","coordinates":[110.54662,-6.82391]},"properties":{"rate_time":1.396}},{"type":"Feature","geometry":{"type":"Point","coordinates":[110.54623,-6.8239]},"properties":{"rate_time":0.88}},{"type":"Feature","geometry":{"type":"Point","coordinates":[110.54894,-6.8239]},"properties":{"rate_time":0.717}},{"type":"Feature","geometry":{"type":"Point","coordinates":[110.54561,-6.82387]},"properties":{"rate_time":0.57}},{"type":"Feature","geometry":{"type":"Point","coordinates":[110.53996,-6.82386]},"properties":{"rate_time":-1.857}},{"type":"Feature","geometry":{"type":"Point","coordinates":[110.54015,-6.82382]},"properties":{"rate_time":-0.977}},{"type":"Feature","geometry":{"type":"Point","coordinates":[110.55085,-6.82382]},"properties":{"rate_time":0.356}},{"type":"Feature","geometry":{"type":"Point","coordinates":[110.55032,-6.8238]},"properties":{"rate_time":0.412}},{"type":"Feature","geometry":{"type":"Point","coordinates":[110.54966,-6.82374]},"properties":{"rate_time":0.305}},{"type":"Feature","geometry":{"type":"Point","coordinates":[110.54914,-6.82371]},"properties":{"rate_time":0.557}},{"type":"Feature","geometry":{"type":"Point","coordinates":[110.54642,-6.8237]},"properties":{"rate_time":1.36}},{"type":"Feature","geometry":{"type":"Point","coordinates":[110.54377,-6.8237]},"properties":{"rate_time":-1.076}},{"type":"Feature","geometry":{"type":"Point","coordinates":[110.54541,-6.82368]},"properties":{"rate_time":0.464}},{"type":"Feature","geometry":{"type":"Point","coordinates":[110.54036,-6.82366]},"properties":{"rate_time":-0.016}},{"type":"Feature","geometry":{"type":"Point","coordinates":[110.54659,-6.82364]},"properties":{"rate_time":1.855}},{"type":"Feature","geometry":{"type":"Point","coordinates":[110.54009,-6.82363]},"properties":{"rate_time":-0.904}},{"type":"Feature","geometry":{"type":"Point","coordinates":[110.5505,-6.8236]},"properties":{"rate_time":0.455}},{"type":"Feature","geometry":{"type":"Point","coordinates":[110.55099,-6.82359]},"properties":{"rate_time":0.126}},{"type":"Feature","geometry":{"type":"Point","coordinates":[110.54061,-6.82354]},"properties":{"rate_time":0.193}},{"type":"Feature","geometry":{"type":"Point","coordinates":[110.54933,-6.82352]},"properties":{"rate_time":0.269}},{"type":"Feature","geometry":{"type":"Point","coordinates":[110.54966,-6.82349]},"properties":{"rate_time":0.329}},{"type":"Feature","geometry":{"type":"Point","coordinates":[110.54524,-6.82349]},"properties":{"rate_time":0.161}},{"type":"Feature","geometry":{"type":"Point","coordinates":[110.54387,-6.82345]},"properties":{"rate_time":-0.238}},{"type":"Feature","geometry":{"type":"Point","coordinates":[110.5414,-6.82342]},"properties":{"rate_time":1.754}},{"type":"Feature","geometry":{"type":"Point","coordinates":[110.53995,-6.82342]},"properties":{"rate_time":-0.331}},{"type":"Feature","geometry":{"type":"Point","coordinates":[110.55064,-6.82337]},"properties":{"rate_time":0.206}},{"type":"Feature","geometry":{"type":"Point","coordinates":[110.54081,-6.82337]},"properties":{"rate_time":0.246}},{"type":"Feature","geometry":{"type":"Point","coordinates":[110.55114,-6.82336]},"properties":{"rate_time":0.113}},{"type":"Feature","geometry":{"type":"Point","coordinates":[110.54124,-6.82332]},"properties":{"rate_time":0.508}},{"type":"Feature","geometry":{"type":"Point","coordinates":[110.54951,-6.82332]},"properties":{"rate_time":0.024}},{"type":"Feature","geometry":{"type":"Point","coordinates":[110.54521,-6.82326]},"properties":{"rate_time":0.46}},{"type":"Feature","geometry":{"type":"Point","coordinates":[110.54104,-6.82322]},"properties":{"rate_time":0.3}},{"type":"Feature","geometry":{"type":"Point","coordinates":[110.54128,-6.82322]},"properties":{"rate_time":0.384}},{"type":"Feature","geometry":{"type":"Point","coordinates":[110.54398,-6.8232]},"properties":{"rate_time":-0.202}},{"type":"Feature","geometry":{"type":"Point","coordinates":[110.55084,-6.82318]},"properties":{"rate_time":-0.033}},{"type":"Feature","geometry":{"type":"Point","coordinates":[110.53992,-6.82315]},"properties":{"rate_time":0.087}},{"type":"Feature","geometry":{"type":"Point","coordinates":[110.55126,-6.82312]},"properties":{"rate_time":0.025}},{"type":"Feature","geometry":{"type":"Point","coordinates":[110.54112,-6.82301]},"properties":{"rate_time":-0.504}},{"type":"Feature","geometry":{"type":"Point","coordinates":[110.54531,-6.823]},"properties":{"rate_time":1.034}},{"type":"Feature","geometry":{"type":"Point","coordinates":[110.551,-6.82298]},"properties":{"rate_time":0.108}},{"type":"Feature","geometry":{"type":"Point","coordinates":[110.54412,-6.82297]},"properties":{"rate_time":-0.395}},{"type":"Feature","geometry":{"type":"Point","coordinates":[110.55146,-6.82294]},"properties":{"rate_time":0.11}},{"type":"Feature","geometry":{"type":"Point","coordinates":[110.54001,-6.8229]},"properties":{"rate_time":1.496}},{"type":"Feature","geometry":{"type":"Point","coordinates":[110.55171,-6.82287]},"properties":{"rate_time":0.541}},{"type":"Feature","geometry":{"type":"Point","coordinates":[110.54092,-6.82284]},"properties":{"rate_time":-1.834}},{"type":"Feature","geometry":{"type":"Point","coordinates":[110.5443,-6.82278]},"properties":{"rate_time":-0.85}},{"type":"Feature","geometry":{"type":"Point","coordinates":[110.54541,-6.82275]},"properties":{"rate_time":1.624}},{"type":"Feature","geometry":{"type":"Point","coordinates":[110.55114,-6.82274]},"properties":{"rate_time":0.231}},{"type":"Feature","geometry":{"type":"Point","coordinates":[110.54018,-6.8227]},"properties":{"rate_time":1.473}},{"type":"Feature","geometry":{"type":"Point","coordinates":[110.55184,-6.82264]},"properties":{"rate_time":0.471}},{"type":"Feature","geometry":{"type":"Point","coordinates":[110.5404,-6.82263]},"properties":{"rate_time":1.02}},{"type":"Feature","geometry":{"type":"Point","coordinates":[110.54063,-6.82263]},"properties":{"rate_time":0.001}},{"type":"Feature","geometry":{"type":"Point","coordinates":[110.5409,-6.82261]},"properties":{"rate_time":-0.334}},{"type":"Feature","geometry":{"type":"Point","coordinates":[110.54561,-6.82257]},"properties":{"rate_time":2.906}},{"type":"Feature","geometry":{"type":"Point","coordinates":[110.5513,-6.82253]},"properties":{"rate_time":0.25}},{"type":"Feature","geometry":{"type":"Point","coordinates":[110.54435,-6.82251]},"properties":{"rate_time":-0.512}},{"type":"Feature","geometry":{"type":"Point","coordinates":[110.54067,-6.82241]},"properties":{"rate_time":0.583}},{"type":"Feature","geometry":{"type":"Point","coordinates":[110.54104,-6.82238]},"properties":{"rate_time":-0.153}},{"type":"Feature","geometry":{"type":"Point","coordinates":[110.55187,-6.82237]},"properties":{"rate_time":0.544}},{"type":"Feature","geometry":{"type":"Point","coordinates":[110.54557,-6.82233]},"properties":{"rate_time":2.029}},{"type":"Feature","geometry":{"type":"Point","coordinates":[110.55149,-6.82233]},"properties":{"rate_time":0.401}},{"type":"Feature","geometry":{"type":"Point","coordinates":[110.54446,-6.82226]},"properties":{"rate_time":-0.69}},{"type":"Feature","geometry":{"type":"Point","coordinates":[110.54105,-6.82218]},"properties":{"rate_time":0.883}},{"type":"Feature","geometry":{"type":"Point","coordinates":[110.54068,-6.82218]},"properties":{"rate_time":1.142}},{"type":"Feature","geometry":{"type":"Point","coordinates":[110.55191,-6.82211]},"properties":{"rate_time":0.72}},{"type":"Feature","geometry":{"type":"Point","coordinates":[110.55154,-6.82209]},"properties":{"rate_time":0.418}},{"type":"Feature","geometry":{"type":"Point","coordinates":[110.54552,-6.82207]},"properties":{"rate_time":2.13}},{"type":"Feature","geometry":{"type":"Point","coordinates":[110.54453,-6.822]},"properties":{"rate_time":-0.748}},{"type":"Feature","geometry":{"type":"Point","coordinates":[110.54085,-6.82199]},"properties":{"rate_time":1.156}},{"type":"Feature","geometry":{"type":"Point","coordinates":[110.55165,-6.82186]},"properties":{"rate_time":0.316}},{"type":"Feature","geometry":{"type":"Point","coordinates":[110.55201,-6.82186]},"properties":{"rate_time":0.86}},{"type":"Feature","geometry":{"type":"Point","coordinates":[110.54548,-6.8218]},"properties":{"rate_time":2.789}},{"type":"Feature","geometry":{"type":"Point","coordinates":[110.54465,-6.82176]},"properties":{"rate_time":-0.98}},{"type":"Feature","geometry":{"type":"Point","coordinates":[110.5659,-6.82175]},"properties":{"rate_time":-0.607}},{"type":"Feature","geometry":{"type":"Point","coordinates":[110.55183,-6.82167]},"properties":{"rate_time":0.708}},{"type":"Feature","geometry":{"type":"Point","coordinates":[110.56624,-6.82161]},"properties":{"rate_time":-0.899}},{"type":"Feature","geometry":{"type":"Point","coordinates":[110.54531,-6.8216]},"properties":{"rate_time":-0.391}},{"type":"Feature","geometry":{"type":"Point","coordinates":[110.55207,-6.8216]},"properties":{"rate_time":0.933}},{"type":"Feature","geometry":{"type":"Point","coordinates":[110.56593,-6.82156]},"properties":{"rate_time":0.337}},{"type":"Feature","geometry":{"type":"Point","coordinates":[110.54484,-6.82156]},"properties":{"rate_time":-1.72}},{"type":"Feature","geometry":{"type":"Point","coordinates":[110.54508,-6.82149]},"properties":{"rate_time":-2.273}},{"type":"Feature","geometry":{"type":"Point","coordinates":[110.54317,-6.82149]},"properties":{"rate_time":3.31}},{"type":"Feature","geometry":{"type":"Point","coordinates":[110.54343,-6.82147]},"properties":{"rate_time":4.047}},{"type":"Feature","geometry":{"type":"Point","coordinates":[110.5429,-6.82146]},"properties":{"rate_time":3.568}},{"type":"Feature","geometry":{"type":"Point","coordinates":[110.54355,-6.82143]},"properties":{"rate_time":3.742}},{"type":"Feature","geometry":{"type":"Point","coordinates":[110.56644,-6.82142]},"properties":{"rate_time":-0.253}},{"type":"Feature","geometry":{"type":"Point","coordinates":[110.54267,-6.82141]},"properties":{"rate_time":0.308}},{"type":"Feature","geometry":{"type":"Point","coordinates":[110.5519,-6.82141]},"properties":{"rate_time":0.463}},{"type":"Feature","geometry":{"type":"Point","coordinates":[110.56611,-6.82138]},"properties":{"rate_time":0.022}},{"type":"Feature","geometry":{"type":"Point","coordinates":[110.55208,-6.82133]},"properties":{"rate_time":-0.227}},{"type":"Feature","geometry":{"type":"Point","coordinates":[110.56663,-6.82123]},"properties":{"rate_time":-0.319}},{"type":"Feature","geometry":{"type":"Point","coordinates":[110.5437,-6.8212]},"properties":{"rate_time":3.458}},{"type":"Feature","geometry":{"type":"Point","coordinates":[110.56631,-6.82119]},"properties":{"rate_time":0.166}},{"type":"Feature","geometry":{"type":"Point","coordinates":[110.55196,-6.82115]},"properties":{"rate_time":-0.113}},{"type":"Feature","geometry":{"type":"Point","coordinates":[110.54261,-6.82115]},"properties":{"rate_time":-0.491}},{"type":"Feature","geometry":{"type":"Point","coordinates":[110.56683,-6.82105]},"properties":{"rate_time":-0.319}},{"type":"Feature","geometry":{"type":"Point","coordinates":[110.56651,-6.82101]},"properties":{"rate_time":0.315}},{"type":"Feature","geometry":{"type":"Point","coordinates":[110.56707,-6.82096]},"properties":{"rate_time":-0.569}},{"type":"Feature","geometry":{"type":"Point","coordinates":[110.54381,-6.82095]},"properties":{"rate_time":5.024}},{"type":"Feature","geometry":{"type":"Point","coordinates":[110.56706,-6.82088]},"properties":{"rate_time":-0.551}},{"type":"Feature","geometry":{"type":"Point","coordinates":[110.54264,-6.82088]},"properties":{"rate_time":-1.032}},{"type":"Feature","geometry":{"type":"Point","coordinates":[110.5666,-6.82078]},"properties":{"rate_time":0.521}},{"type":"Feature","geometry":{"type":"Point","coordinates":[110.56682,-6.82077]},"properties":{"rate_time":0.183}},{"type":"Feature","geometry":{"type":"Point","coordinates":[110.54376,-6.8207]},"properties":{"rate_time":0.217}},{"type":"Feature","geometry":{"type":"Point","coordinates":[110.54266,-6.82061]},"properties":{"rate_time":-0.769}},{"type":"Feature","geometry":{"type":"Point","coordinates":[110.56671,-6.82055]},"properties":{"rate_time":0.869}},{"type":"Feature","geometry":{"type":"Point","coordinates":[110.56657,-6.82051]},"properties":{"rate_time":0.423}},{"type":"Feature","geometry":{"type":"Point","coordinates":[110.54367,-6.82044]},"properties":{"rate_time":0.01}},{"type":"Feature","geometry":{"type":"Point","coordinates":[110.57477,-6.82026]},"properties":{"rate_time":-0.759}},{"type":"Feature","geometry":{"type":"Point","coordinates":[110.5744,-6.82026]},"properties":{"rate_time":-1.118}},{"type":"Feature","geometry":{"type":"Point","coordinates":[110.57503,-6.82019]},"properties":{"rate_time":1.891}},{"type":"Feature","geometry":{"type":"Point","coordinates":[110.57525,-6.82003]},"properties":{"rate_time":1.082}},{"type":"Feature","geometry":{"type":"Point","coordinates":[110.57426,-6.82003]},"properties":{"rate_time":-1.365}},{"type":"Feature","geometry":{"type":"Point","coordinates":[110.57402,-6.8199]},"properties":{"rate_time":-1.016}},{"type":"Feature","geometry":{"type":"Point","coordinates":[110.57545,-6.81985]},"properties":{"rate_time":0.321}},{"type":"Feature","geometry":{"type":"Point","coordinates":[110.57377,-6.81981]},"properties":{"rate_time":-0.632}},{"type":"Feature","geometry":{"type":"Point","coordinates":[110.57827,-6.81975]},"properties":{"rate_time":-10.548}},{"type":"Feature","geometry":{"type":"Point","coordinates":[110.57351,-6.81973]},"properties":{"rate_time":-0.118}},{"type":"Feature","geometry":{"type":"Point","coordinates":[110.54278,-6.82036]},"properties":{"rate_time":1.48}},{"type":"Feature","geometry":{"type":"Point","coordinates":[110.5667,-6.82029]},"properties":{"rate_time":1.112}},{"type":"Feature","geometry":{"type":"Point","coordinates":[110.56656,-6.82025]},"properties":{"rate_time":1.272}},{"type":"Feature","geometry":{"type":"Point","coordinates":[110.54351,-6.82023]},"properties":{"rate_time":0.463}},{"type":"Feature","geometry":{"type":"Point","coordinates":[110.543,-6.8202]},"properties":{"rate_time":2.853}},{"type":"Feature","geometry":{"type":"Point","coordinates":[110.54326,-6.82014]},"properties":{"rate_time":1.829}},{"type":"Feature","geometry":{"type":"Point","coordinates":[110.56663,-6.82002]},"properties":{"rate_time":0.304}},{"type":"Feature","geometry":{"type":"Point","coordinates":[110.56855,-6.81903]},"properties":{"rate_time":0.547}},{"type":"Feature","geometry":{"type":"Point","coordinates":[110.56847,-6.81902]},"properties":{"rate_time":1.432}},{"type":"Feature","geometry":{"type":"Point","coordinates":[110.56824,-6.81888]},"properties":{"rate_time":-0.958}},{"type":"Feature","geometry":{"type":"Point","coordinates":[110.57325,-6.81964]},"properties":{"rate_time":0.381}},{"type":"Feature","geometry":{"type":"Point","coordinates":[110.57803,-6.81963]},"properties":{"rate_time":-9.724}},{"type":"Feature","geometry":{"type":"Point","coordinates":[110.57548,-6.81958]},"properties":{"rate_time":-0.16}},{"type":"Feature","geometry":{"type":"Point","coordinates":[110.57301,-6.81951]},"properties":{"rate_time":0.748}},{"type":"Feature","geometry":{"type":"Point","coordinates":[110.57779,-6.8195]},"properties":{"rate_time":-9.33}},{"type":"Feature","geometry":{"type":"Point","coordinates":[110.57276,-6.81943]},"properties":{"rate_time":1.412}},{"type":"Feature","geometry":{"type":"Point","coordinates":[110.5766,-6.81941]},"properties":{"rate_time":-3.179}},{"type":"Feature","geometry":{"type":"Point","coordinates":[110.57252,-6.81937]},"properties":{"rate_time":1.308}},{"type":"Feature","geometry":{"type":"Point","coordinates":[110.57634,-6.81936]},"properties":{"rate_time":-2.815}},{"type":"Feature","geometry":{"type":"Point","coordinates":[110.57757,-6.81933]},"properties":{"rate_time":-10.53}},{"type":"Feature","geometry":{"type":"Point","coordinates":[110.5754,-6.81932]},"properties":{"rate_time":-3.156}},{"type":"Feature","geometry":{"type":"Point","coordinates":[110.57682,-6.81928]},"properties":{"rate_time":-3.335}},{"type":"Feature","geometry":{"type":"Point","coordinates":[110.57203,-6.81928]},"properties":{"rate_time":2.418}},{"type":"Feature","geometry":{"type":"Point","coordinates":[110.5723,-6.81923]},"properties":{"rate_time":2.265}},{"type":"Feature","geometry":{"type":"Point","coordinates":[110.57611,-6.81923]},"properties":{"rate_time":-3.1}},{"type":"Feature","geometry":{"type":"Point","coordinates":[110.57733,-6.81921]},"properties":{"rate_time":-9.672}},{"type":"Feature","geometry":{"type":"Point","coordinates":[110.57177,-6.8192]},"properties":{"rate_time":0.617}},{"type":"Feature","geometry":{"type":"Point","coordinates":[110.57707,-6.81919]},"properties":{"rate_time":-9.21}},{"type":"Feature","geometry":{"type":"Point","coordinates":[110.57559,-6.81912]},"properties":{"rate_time":-6.762}},{"type":"Feature","geometry":{"type":"Point","coordinates":[110.57586,-6.81912]},"properties":{"rate_time":-7.652}},{"type":"Feature","geometry":{"type":"Point","coordinates":[110.56878,-6.81888]},"properties":{"rate_time":-2.032}},{"type":"Feature","geometry":{"type":"Point","coordinates":[110.56899,-6.81871]},"properties":{"rate_time":-1.408}},{"type":"Feature","geometry":{"type":"Point","coordinates":[110.56639,-6.81871]},"properties":{"rate_time":0.529}},{"type":"Feature","geometry":{"type":"Point","coordinates":[110.56806,-6.81869]},"properties":{"rate_time":-0.501}},{"type":"Feature","geometry":{"type":"Point","coordinates":[110.55721,-6.81865]},"properties":{"rate_time":-0.371}},{"type":"Feature","geometry":{"type":"Point","coordinates":[110.56614,-6.81865]},"properties":{"rate_time":0.652}},{"type":"Feature","geometry":{"type":"Point","coordinates":[110.55744,-6.81858]},"properties":{"rate_time":-0.608}},{"type":"Feature","geometry":{"type":"Point","coordinates":[110.56661,-6.81855]},"properties":{"rate_time":0.682}},{"type":"Feature","geometry":{"type":"Point","coordinates":[110.5659,-6.81853]},"properties":{"rate_time":-0.928}},{"type":"Feature","geometry":{"type":"Point","coordinates":[110.55699,-6.81852]},"properties":{"rate_time":-0.582}},{"type":"Feature","geometry":{"type":"Point","coordinates":[110.56917,-6.81851]},"properties":{"rate_time":-1.329}},{"type":"Feature","geometry":{"type":"Point","coordinates":[110.54931,-6.81849]},"properties":{"rate_time":0.041}},{"type":"Feature","geometry":{"type":"Point","coordinates":[110.56797,-6.81844]},"properties":{"rate_time":-0.283}},{"type":"Feature","geometry":{"type":"Point","coordinates":[110.56652,-6.8184]},"properties":{"rate_time":0.809}},{"type":"Feature","geometry":{"type":"Point","coordinates":[110.54917,-6.8184]},"properties":{"rate_time":-1.91}},{"type":"Feature","geometry":{"type":"Point","coordinates":[110.54948,-6.81837]},"properties":{"rate_time":0.134}},{"type":"Feature","geometry":{"type":"Point","coordinates":[110.56576,-6.81832]},"properties":{"rate_time":-1.019}},{"type":"Feature","geometry":{"type":"Point","coordinates":[110.55697,-6.81827]},"properties":{"rate_time":0.261}},{"type":"Feature","geometry":{"type":"Point","coordinates":[110.56915,-6.81825]},"properties":{"rate_time":0.445}},{"type":"Feature","geometry":{"type":"Point","coordinates":[110.56629,-6.81825]},"properties":{"rate_time":0.864}},{"type":"Feature","geometry":{"type":"Point","coordinates":[110.57154,-6.81907]},"properties":{"rate_time":2.339}},{"type":"Feature","geometry":{"type":"Point","coordinates":[110.57134,-6.81889]},"properties":{"rate_time":-0.165}},{"type":"Feature","geometry":{"type":"Point","coordinates":[110.57124,-6.81868]},"properties":{"rate_time":4.51}},{"type":"Feature","geometry":{"type":"Point","coordinates":[110.57132,-6.81846]},"properties":{"rate_time":-3.456}},{"type":"Feature","geometry":{"type":"Point","coordinates":[110.57116,-6.81824]},"properties":{"rate_time":-3.943}},{"type":"Feature","geometry":{"type":"Point","coordinates":[110.57093,-6.81809]},"properties":{"rate_time":-8.688}},{"type":"Feature","geometry":{"type":"Point","coordinates":[110.57072,-6.81793]},"properties":{"rate_time":-9.066}},{"type":"Feature","geometry":{"type":"Point","coordinates":[110.57231,-6.81774]},"properties":{"rate_time":-8.901}},{"type":"Feature","geometry":{"type":"Point","coordinates":[110.57057,-6.8177]},"properties":{"rate_time":-7.966}},{"type":"Feature","geometry":{"type":"Point","coordinates":[110.56967,-6.81765]},"properties":{"rate_time":-2.132}},{"type":"Feature","geometry":{"type":"Point","coordinates":[110.55755,-6.81824]},"properties":{"rate_time":-0.176}},{"type":"Feature","geometry":{"type":"Point","coordinates":[110.5678,-6.81822]},"properties":{"rate_time":-2.809}},{"type":"Feature","geometry":{"type":"Point","coordinates":[110.54922,-6.81815]},"properties":{"rate_time":-2.231}},{"type":"Feature","geometry":{"type":"Point","coordinates":[110.54962,-6.81814]},"properties":{"rate_time":0.442}},{"type":"Feature","geometry":{"type":"Point","coordinates":[110.56608,-6.81808]},"properties":{"rate_time":1.671}},{"type":"Feature","geometry":{"type":"Point","coordinates":[110.56576,-6.81805]},"properties":{"rate_time":0.866}},{"type":"Feature","geometry":{"type":"Point","coordinates":[110.56759,-6.81805]},"properties":{"rate_time":-2.74}},{"type":"Feature","geometry":{"type":"Point","coordinates":[110.56929,-6.81803]},"properties":{"rate_time":-0.903}},{"type":"Feature","geometry":{"type":"Point","coordinates":[110.55707,-6.81802]},"properties":{"rate_time":0.834}},{"type":"Feature","geometry":{"type":"Point","coordinates":[110.55747,-6.81799]},"properties":{"rate_time":0.432}},{"type":"Feature","geometry":{"type":"Point","coordinates":[110.54939,-6.81794]},"properties":{"rate_time":-1.186}},{"type":"Feature","geometry":{"type":"Point","coordinates":[110.56585,-6.81794]},"properties":{"rate_time":1.518}},{"type":"Feature","geometry":{"type":"Point","coordinates":[110.54963,-6.81791]},"properties":{"rate_time":-0.769}},{"type":"Feature","geometry":{"type":"Point","coordinates":[110.56737,-6.8179]},"properties":{"rate_time":-2.839}},{"type":"Feature","geometry":{"type":"Point","coordinates":[110.55728,-6.81789]},"properties":{"rate_time":0.829}},{"type":"Feature","geometry":{"type":"Point","coordinates":[110.56948,-6.81784]},"properties":{"rate_time":-0.601}},{"type":"Feature","geometry":{"type":"Point","coordinates":[110.56284,-6.81781]},"properties":{"rate_time":0.68}},{"type":"Feature","geometry":{"type":"Point","coordinates":[110.56259,-6.81778]},"properties":{"rate_time":0.387}},{"type":"Feature","geometry":{"type":"Point","coordinates":[110.56714,-6.81777]},"properties":{"rate_time":-3.119}},{"type":"Feature","geometry":{"type":"Point","coordinates":[110.56889,-6.81771]},"properties":{"rate_time":0.334}},{"type":"Feature","geometry":{"type":"Point","coordinates":[110.56866,-6.8177]},"properties":{"rate_time":0.453}},{"type":"Feature","geometry":{"type":"Point","coordinates":[110.56841,-6.81761]},"properties":{"rate_time":1.04}},{"type":"Feature","geometry":{"type":"Point","coordinates":[110.5624,-6.8176]},"properties":{"rate_time":0.041}},{"type":"Feature","geometry":{"type":"Point","coordinates":[110.56301,-6.81759]},"properties":{"rate_time":0.257}},{"type":"Feature","geometry":{"type":"Point","coordinates":[110.56814,-6.81754]},"properties":{"rate_time":0.507}},{"type":"Feature","geometry":{"type":"Point","coordinates":[110.5691,-6.81753]},"properties":{"rate_time":0.457}},{"type":"Feature","geometry":{"type":"Point","coordinates":[110.56702,-6.81753]},"properties":{"rate_time":1.22}},{"type":"Feature","geometry":{"type":"Point","coordinates":[110.56581,-6.81748]},"properties":{"rate_time":0.306}},{"type":"Feature","geometry":{"type":"Point","coordinates":[110.56324,-6.81747]},"properties":{"rate_time":0.117}},{"type":"Feature","geometry":{"type":"Point","coordinates":[110.5679,-6.81742]},"properties":{"rate_time":0.827}},{"type":"Feature","geometry":{"type":"Point","coordinates":[110.57208,-6.81759]},"properties":{"rate_time":-8.815}},{"type":"Feature","geometry":{"type":"Point","coordinates":[110.57247,-6.81757]},"properties":{"rate_time":-8.552}},{"type":"Feature","geometry":{"type":"Point","coordinates":[110.56985,-6.81745]},"properties":{"rate_time":-2.246}},{"type":"Feature","geometry":{"type":"Point","coordinates":[110.57053,-6.81744]},"properties":{"rate_time":-5.239}},{"type":"Feature","geometry":{"type":"Point","coordinates":[110.57188,-6.8174]},"properties":{"rate_time":-8.532}},{"type":"Feature","geometry":{"type":"Point","coordinates":[110.57264,-6.81736]},"properties":{"rate_time":-8.974}},{"type":"Feature","geometry":{"type":"Point","coordinates":[110.57167,-6.81724]},"properties":{"rate_time":-8.723}},{"type":"Feature","geometry":{"type":"Point","coordinates":[110.57287,-6.81721]},"properties":{"rate_time":-8.323}},{"type":"Feature","geometry":{"type":"Point","coordinates":[110.56981,-6.81721]},"properties":{"rate_time":1.066}},{"type":"Feature","geometry":{"type":"Point","coordinates":[110.57046,-6.81718]},"properties":{"rate_time":-4.33}},{"type":"Feature","geometry":{"type":"Point","coordinates":[110.5622,-6.81742]},"properties":{"rate_time":0.242}},{"type":"Feature","geometry":{"type":"Point","coordinates":[110.56348,-6.81736]},"properties":{"rate_time":0.096}},{"type":"Feature","geometry":{"type":"Point","coordinates":[110.56925,-6.8173]},"properties":{"rate_time":-0.524}},{"type":"Feature","geometry":{"type":"Point","coordinates":[110.56706,-6.81729]},"properties":{"rate_time":1.759}},{"type":"Feature","geometry":{"type":"Point","coordinates":[110.56592,-6.81727]},"properties":{"rate_time":-0.018}},{"type":"Feature","geometry":{"type":"Point","coordinates":[110.56568,-6.81724]},"properties":{"rate_time":0.017}},{"type":"Feature","geometry":{"type":"Point","coordinates":[110.56773,-6.81722]},"properties":{"rate_time":-1.703}},{"type":"Feature","geometry":{"type":"Point","coordinates":[110.56206,-6.81718]},"properties":{"rate_time":0.16}},{"type":"Feature","geometry":{"type":"Point","coordinates":[110.56365,-6.81715]},"properties":{"rate_time":-0.721}},{"type":"Feature","geometry":{"type":"Point","coordinates":[110.56725,-6.81711]},"properties":{"rate_time":1.604}},{"type":"Feature","geometry":{"type":"Point","coordinates":[110.57144,-6.81709]},"properties":{"rate_time":-8.087}},{"type":"Feature","geometry":{"type":"Point","coordinates":[110.57283,-6.81701]},"properties":{"rate_time":-6.733}},{"type":"Feature","geometry":{"type":"Point","coordinates":[110.57119,-6.817]},"properties":{"rate_time":-7.492}},{"type":"Feature","geometry":{"type":"Point","coordinates":[110.56975,-6.81694]},"properties":{"rate_time":0.587}},{"type":"Feature","geometry":{"type":"Point","coordinates":[110.57054,-6.81693]},"properties":{"rate_time":-3.282}},{"type":"Feature","geometry":{"type":"Point","coordinates":[110.57095,-6.81687]},"properties":{"rate_time":-4.525}},{"type":"Feature","geometry":{"type":"Point","coordinates":[110.57264,-6.81681]},"properties":{"rate_time":-8.736}},{"type":"Feature","geometry":{"type":"Point","coordinates":[110.57016,-6.81675]},"properties":{"rate_time":-1.096}},{"type":"Feature","geometry":{"type":"Point","coordinates":[110.57043,-6.81672]},"properties":{"rate_time":-1.011}},{"type":"Feature","geometry":{"type":"Point","coordinates":[110.56964,-6.8167]},"properties":{"rate_time":-0.11}},{"type":"Feature","geometry":{"type":"Point","coordinates":[110.56938,-6.81707]},"properties":{"rate_time":-0.791}},{"type":"Feature","geometry":{"type":"Point","coordinates":[110.5675,-6.81706]},"properties":{"rate_time":0.465}},{"type":"Feature","geometry":{"type":"Point","coordinates":[110.56607,-6.81704]},"properties":{"rate_time":-0.131}},{"type":"Feature","geometry":{"type":"Point","coordinates":[110.56556,-6.817]},"properties":{"rate_time":0.074}},{"type":"Feature","geometry":{"type":"Point","coordinates":[110.56211,-6.81694]},"properties":{"rate_time":-0.114}},{"type":"Feature","geometry":{"type":"Point","coordinates":[110.56353,-6.81692]},"properties":{"rate_time":1.056}},{"type":"Feature","geometry":{"type":"Point","coordinates":[110.56946,-6.81682]},"properties":{"rate_time":-0.265}},{"type":"Feature","geometry":{"type":"Point","coordinates":[110.5662,-6.81682]},"properties":{"rate_time":-0.198}},{"type":"Feature","geometry":{"type":"Point","coordinates":[110.56538,-6.81681]},"properties":{"rate_time":0.336}},{"type":"Feature","geometry":{"type":"Point","coordinates":[110.5636,-6.81671]},"properties":{"rate_time":0.375}},{"type":"Feature","geometry":{"type":"Point","coordinates":[110.56514,-6.81668]},"properties":{"rate_time":0.01}},{"type":"Feature","geometry":{"type":"Point","coordinates":[110.56217,-6.81668]},"properties":{"rate_time":-0.557}},{"type":"Feature","geometry":{"type":"Point","coordinates":[110.54996,-6.81658]},"properties":{"rate_time":-3.644}},{"type":"Feature","geometry":{"type":"Point","coordinates":[110.56608,-6.81658]},"properties":{"rate_time":-0.182}},{"type":"Feature","geometry":{"type":"Point","coordinates":[110.56382,-6.81658]},"properties":{"rate_time":-0.11}},{"type":"Feature","geometry":{"type":"Point","coordinates":[110.5649,-6.81656]},"properties":{"rate_time":-0.446}},{"type":"Feature","geometry":{"type":"Point","coordinates":[110.56409,-6.81655]},"properties":{"rate_time":-0.22}},{"type":"Feature","geometry":{"type":"Point","coordinates":[110.56436,-6.81654]},"properties":{"rate_time":-0.546}},{"type":"Feature","geometry":{"type":"Point","coordinates":[110.54969,-6.81652]},"properties":{"rate_time":-3.74}},{"type":"Feature","geometry":{"type":"Point","coordinates":[110.56463,-6.81652]},"properties":{"rate_time":-0.592}},{"type":"Feature","geometry":{"type":"Point","coordinates":[110.57245,-6.81661]},"properties":{"rate_time":-7.087}},{"type":"Feature","geometry":{"type":"Point","coordinates":[110.57089,-6.81661]},"properties":{"rate_time":-5.809}},{"type":"Feature","geometry":{"type":"Point","coordinates":[110.57312,-6.81659]},"properties":{"rate_time":-4.38}},{"type":"Feature","geometry":{"type":"Point","coordinates":[110.57005,-6.81652]},"properties":{"rate_time":-0.506}},{"type":"Feature","geometry":{"type":"Point","coordinates":[110.57325,-6.81643]},"properties":{"rate_time":-6.462}},{"type":"Feature","geometry":{"type":"Point","coordinates":[110.57226,-6.81643]},"properties":{"rate_time":-7.411}},{"type":"Feature","geometry":{"type":"Point","coordinates":[110.57292,-6.8164]},"properties":{"rate_time":-4.131}},{"type":"Feature","geometry":{"type":"Point","coordinates":[110.57102,-6.81638]},"properties":{"rate_time":-2.21}},{"type":"Feature","geometry":{"type":"Point","coordinates":[110.5701,-6.81626]},"properties":{"rate_time":-0.832}},{"type":"Feature","geometry":{"type":"Point","coordinates":[110.57272,-6.81622]},"properties":{"rate_time":-3.943}},{"type":"Feature","geometry":{"type":"Point","coordinates":[110.55322,-6.81651]},"properties":{"rate_time":-0.28}},{"type":"Feature","geometry":{"type":"Point","coordinates":[110.55332,-6.81647]},"properties":{"rate_time":-0.084}},{"type":"Feature","geometry":{"type":"Point","coordinates":[110.54943,-6.81646]},"properties":{"rate_time":0.684}},{"type":"Feature","geometry":{"type":"Point","coordinates":[110.56208,-6.81643]},"properties":{"rate_time":-0.385}},{"type":"Feature","geometry":{"type":"Point","coordinates":[110.54918,-6.8164]},"properties":{"rate_time":1.882}},{"type":"Feature","geometry":{"type":"Point","coordinates":[110.56588,-6.81639]},"properties":{"rate_time":-0.125}},{"type":"Feature","geometry":{"type":"Point","coordinates":[110.55025,-6.81636]},"properties":{"rate_time":-4.012}},{"type":"Feature","geometry":{"type":"Point","coordinates":[110.55303,-6.81632]},"properties":{"rate_time":-0.304}},{"type":"Feature","geometry":{"type":"Point","coordinates":[110.55313,-6.81628]},"properties":{"rate_time":-0.381}},{"type":"Feature","geometry":{"type":"Point","coordinates":[110.56189,-6.81625]},"properties":{"rate_time":-0.087}},{"type":"Feature","geometry":{"type":"Point","coordinates":[110.54895,-6.81624]},"properties":{"rate_time":3.574}},{"type":"Feature","geometry":{"type":"Point","coordinates":[110.56576,-6.81616]},"properties":{"rate_time":-0.239}},{"type":"Feature","geometry":{"type":"Point","coordinates":[110.55282,-6.81615]},"properties":{"rate_time":-0.255}},{"type":"Feature","geometry":{"type":"Point","coordinates":[110.55039,-6.81612]},"properties":{"rate_time":-3.07}},{"type":"Feature","geometry":{"type":"Point","coordinates":[110.56359,-6.81612]},"properties":{"rate_time":0.166}},{"type":"Feature","geometry":{"type":"Point","coordinates":[110.56166,-6.81611]},"properties":{"rate_time":0.372}},{"type":"Feature","geometry":{"type":"Point","coordinates":[110.56386,-6.81609]},"properties":{"rate_time":-0.135}},{"type":"Feature","geometry":{"type":"Point","coordinates":[110.56333,-6.81607]},"properties":{"rate_time":0.369}},{"type":"Feature","geometry":{"type":"Point","coordinates":[110.56413,-6.81605]},"properties":{"rate_time":-0.097}},{"type":"Feature","geometry":{"type":"Point","coordinates":[110.54876,-6.81605]},"properties":{"rate_time":5.042}},{"type":"Feature","geometry":{"type":"Point","coordinates":[110.57216,-6.81622]},"properties":{"rate_time":-6.494}},{"type":"Feature","geometry":{"type":"Point","coordinates":[110.57321,-6.8162]},"properties":{"rate_time":-6.844}},{"type":"Feature","geometry":{"type":"Point","coordinates":[110.5712,-6.81618]},"properties":{"rate_time":-4.393}},{"type":"Feature","geometry":{"type":"Point","coordinates":[110.5725,-6.81606]},"properties":{"rate_time":-3.157}},{"type":"Feature","geometry":{"type":"Point","coordinates":[110.57024,-6.81603]},"properties":{"rate_time":-0.952}},{"type":"Feature","geometry":{"type":"Point","coordinates":[110.5714,-6.816]},"properties":{"rate_time":-5.137}},{"type":"Feature","geometry":{"type":"Point","coordinates":[110.57228,-6.81599]},"properties":{"rate_time":-3.398}},{"type":"Feature","geometry":{"type":"Point","coordinates":[110.57304,-6.81599]},"properties":{"rate_time":-6.019}},{"type":"Feature","geometry":{"type":"Point","coordinates":[110.57048,-6.81592]},"properties":{"rate_time":0.484}},{"type":"Feature","geometry":{"type":"Point","coordinates":[110.57074,-6.81588]},"properties":{"rate_time":-0.043}},{"type":"Feature","geometry":{"type":"Point","coordinates":[110.55299,-6.81605]},"properties":{"rate_time":-0.039}},{"type":"Feature","geometry":{"type":"Point","coordinates":[110.56491,-6.81603]},"properties":{"rate_time":-0.05}},{"type":"Feature","geometry":{"type":"Point","coordinates":[110.56464,-6.816]},"properties":{"rate_time":-0.055}},{"type":"Feature","geometry":{"type":"Point","coordinates":[110.55274,-6.816]},"properties":{"rate_time":-0.72}},{"type":"Feature","geometry":{"type":"Point","coordinates":[110.56517,-6.816]},"properties":{"rate_time":-0.134}},{"type":"Feature","geometry":{"type":"Point","coordinates":[110.56438,-6.81597]},"properties":{"rate_time":0.048}},{"type":"Feature","geometry":{"type":"Point","coordinates":[110.56309,-6.81595]},"properties":{"rate_time":0.393}},{"type":"Feature","geometry":{"type":"Point","coordinates":[110.56583,-6.81594]},"properties":{"rate_time":-0.219}},{"type":"Feature","geometry":{"type":"Point","coordinates":[110.56147,-6.81591]},"properties":{"rate_time":0.315}},{"type":"Feature","geometry":{"type":"Point","coordinates":[110.55049,-6.81587]},"properties":{"rate_time":0.299}},{"type":"Feature","geometry":{"type":"Point","coordinates":[110.54857,-6.81586]},"properties":{"rate_time":6.56}},{"type":"Feature","geometry":{"type":"Point","coordinates":[110.56537,-6.81584]},"properties":{"rate_time":0.0}},{"type":"Feature","geometry":{"type":"Point","coordinates":[110.55169,-6.8158]},"properties":{"rate_time":-0.717}},{"type":"Feature","geometry":{"type":"Point","coordinates":[110.56603,-6.81576]},"properties":{"rate_time":-0.241}},{"type":"Feature","geometry":{"type":"Point","coordinates":[110.56768,-6.81576]},"properties":{"rate_time":2.587}},{"type":"Feature","geometry":{"type":"Point","coordinates":[110.55451,-6.81574]},"properties":{"rate_time":-0.523}},{"type":"Feature","geometry":{"type":"Point","coordinates":[110.56295,-6.81572]},"properties":{"rate_time":0.637}},{"type":"Feature","geometry":{"type":"Point","coordinates":[110.56128,-6.81572]},"properties":{"rate_time":0.047}},{"type":"Feature","geometry":{"type":"Point","coordinates":[110.55144,-6.81569]},"properties":{"rate_time":-0.309}},{"type":"Feature","geometry":{"type":"Point","coordinates":[110.55063,-6.81564]},"properties":{"rate_time":0.247}},{"type":"Feature","geometry":{"type":"Point","coordinates":[110.54842,-6.81564]},"properties":{"rate_time":7.745}},{"type":"Feature","geometry":{"type":"Point","coordinates":[110.56104,-6.81563]},"properties":{"rate_time":0.133}},{"type":"Feature","geometry":{"type":"Point","coordinates":[110.56555,-6.81563]},"properties":{"rate_time":0.143}},{"type":"Feature","geometry":{"type":"Point","coordinates":[110.56077,-6.81562]},"properties":{"rate_time":0.36}},{"type":"Feature","geometry":{"type":"Point","coordinates":[110.55188,-6.81562]},"properties":{"rate_time":-0.688}},{"type":"Feature","geometry":{"type":"Point","coordinates":[110.5544,-6.81561]},"properties":{"rate_time":0.977}},{"type":"Feature","geometry":{"type":"Point","coordinates":[110.56442,-6.8156]},"properties":{"rate_time":-0.046}},{"type":"Feature","geometry":{"type":"Point","coordinates":[110.56747,-6.81559]},"properties":{"rate_time":0.931}},{"type":"Feature","geometry":{"type":"Point","coordinates":[110.55119,-6.81558]},"properties":{"rate_time":0.526}},{"type":"Feature","geometry":{"type":"Point","coordinates":[110.56765,-6.81558]},"properties":{"rate_time":1.406}},{"type":"Feature","geometry":{"type":"Point","coordinates":[110.5716,-6.81581]},"properties":{"rate_time":-4.566}},{"type":"Feature","geometry":{"type":"Point","coordinates":[110.57286,-6.81578]},"properties":{"rate_time":-3.549}},{"type":"Feature","geometry":{"type":"Point","coordinates":[110.57085,-6.81567]},"properties":{"rate_time":-1.223}},{"type":"Feature","geometry":{"type":"Point","coordinates":[110.57178,-6.81561]},"properties":{"rate_time":-3.427}},{"type":"Feature","geometry":{"type":"Point","coordinates":[110.57276,-6.81553]},"properties":{"rate_time":-2.769}},{"type":"Feature","geometry":{"type":"Point","coordinates":[110.57075,-6.81543]},"properties":{"rate_time":0.241}},{"type":"Feature","geometry":{"type":"Point","coordinates":[110.57118,-6.81542]},"properties":{"rate_time":-1.26}},{"type":"Feature","geometry":{"type":"Point","coordinates":[110.57144,-6.81538]},"properties":{"rate_time":-1.712}},{"type":"Feature","geometry":{"type":"Point","coordinates":[110.57185,-6.81538]},"properties":{"rate_time":-2.867}},{"type":"Feature","geometry":{"type":"Point","coordinates":[110.57093,-6.81533]},"properties":{"rate_time":-0.42}},{"type":"Feature","geometry":{"type":"Point","coordinates":[110.55472,-6.81558]},"properties":{"rate_time":0.278}},{"type":"Feature","geometry":{"type":"Point","coordinates":[110.56464,-6.81557]},"properties":{"rate_time":0.059}},{"type":"Feature","geometry":{"type":"Point","coordinates":[110.56621,-6.81556]},"properties":{"rate_time":-0.411}},{"type":"Feature","geometry":{"type":"Point","coordinates":[110.56476,-6.81549]},"properties":{"rate_time":-1.981}},{"type":"Feature","geometry":{"type":"Point","coordinates":[110.56058,-6.81548]},"properties":{"rate_time":0.325}},{"type":"Feature","geometry":{"type":"Point","coordinates":[110.5629,-6.81547]},"properties":{"rate_time":0.93}},{"type":"Feature","geometry":{"type":"Point","coordinates":[110.5508,-6.81543]},"properties":{"rate_time":0.677}},{"type":"Feature","geometry":{"type":"Point","coordinates":[110.55202,-6.81542]},"properties":{"rate_time":-0.713}},{"type":"Feature","geometry":{"type":"Point","coordinates":[110.55098,-6.81542]},"properties":{"rate_time":0.674}},{"type":"Feature","geometry":{"type":"Point","coordinates":[110.5657,-6.81541]},"properties":{"rate_time":0.16}},{"type":"Feature","geometry":{"type":"Point","coordinates":[110.56746,-6.8154]},"properties":{"rate_time":0.857}},{"type":"Feature","geometry":{"type":"Point","coordinates":[110.56728,-6.8154]},"properties":{"rate_time":0.476}},{"type":"Feature","geometry":{"type":"Point","coordinates":[110.54833,-6.81538]},"properties":{"rate_time":8.441}},{"type":"Feature","geometry":{"type":"Point","coordinates":[110.55452,-6.81538]},"properties":{"rate_time":0.966}},{"type":"Feature","geometry":{"type":"Point","coordinates":[110.56439,-6.81536]},"properties":{"rate_time":1.975}},{"type":"Feature","geometry":{"type":"Point","coordinates":[110.56639,-6.81535]},"properties":{"rate_time":-0.452}},{"type":"Feature","geometry":{"type":"Point","coordinates":[110.55472,-6.81532]},"properties":{"rate_time":1.125}},{"type":"Feature","geometry":{"type":"Point","coordinates":[110.56495,-6.81529]},"properties":{"rate_time":-2.336}},{"type":"Feature","geometry":{"type":"Point","coordinates":[110.56271,-6.81527]},"properties":{"rate_time":1.222}},{"type":"Feature","geometry":{"type":"Point","coordinates":[110.56725,-6.81523]},"properties":{"rate_time":1.071}},{"type":"Feature","geometry":{"type":"Point","coordinates":[110.5605,-6.81522]},"properties":{"rate_time":0.727}},{"type":"Feature","geometry":{"type":"Point","coordinates":[110.56708,-6.81521]},"properties":{"rate_time":1.084}},{"type":"Feature","geometry":{"type":"Point","coordinates":[110.56587,-6.81519]},"properties":{"rate_time":0.264}},{"type":"Feature","geometry":{"type":"Point","coordinates":[110.55466,-6.81519]},"properties":{"rate_time":0.501}},{"type":"Feature","geometry":{"type":"Point","coordinates":[110.56658,-6.81516]},"properties":{"rate_time":-0.291}},{"type":"Feature","geometry":{"type":"Point","coordinates":[110.55485,-6.81515]},"properties":{"rate_time":0.703}},{"type":"Feature","geometry":{"type":"Point","coordinates":[110.55201,-6.81515]},"properties":{"rate_time":0.045}},{"type":"Feature","geometry":{"type":"Point","coordinates":[110.56683,-6.81512]},"properties":{"rate_time":0.359}},{"type":"Feature","geometry":{"type":"Point","coordinates":[110.54829,-6.81512]},"properties":{"rate_time":-0.216}},{"type":"Feature","geometry":{"type":"Point","coordinates":[110.5645,-6.81511]},"properties":{"rate_time":0.038}},{"type":"Feature","geometry":{"type":"Point","coordinates":[110.56251,-6.81509]},"properties":{"rate_time":1.076}},{"type":"Feature","geometry":{"type":"Point","coordinates":[110.56513,-6.81509]},"properties":{"rate_time":-2.19}},{"type":"Feature","geometry":{"type":"Point","coordinates":[110.56029,-6.81506]},"properties":{"rate_time":0.379}},{"type":"Feature","geometry":{"type":"Point","coordinates":[110.56201,-6.81502]},"properties":{"rate_time":0.477}},{"type":"Feature","geometry":{"type":"Point","coordinates":[110.56712,-6.815]},"properties":{"rate_time":0.814}},{"type":"Feature","geometry":{"type":"Point","coordinates":[110.55448,-6.81498]},"properties":{"rate_time":-0.154}},{"type":"Feature","geometry":{"type":"Point","coordinates":[110.56603,-6.81498]},"properties":{"rate_time":-0.081}},{"type":"Feature","geometry":{"type":"Point","coordinates":[110.56227,-6.81497]},"properties":{"rate_time":0.745}},{"type":"Feature","geometry":{"type":"Point","coordinates":[110.55503,-6.81497]},"properties":{"rate_time":0.159}},{"type":"Feature","geometry":{"type":"Point","coordinates":[110.54839,-6.81489]},"properties":{"rate_time":-0.93}},{"type":"Feature","geometry":{"type":"Point","coordinates":[110.55202,-6.81489]},"properties":{"rate_time":0.531}},{"type":"Feature","geometry":{"type":"Point","coordinates":[110.5653,-6.81488]},"properties":{"rate_time":-0.635}},{"type":"Feature","geometry":{"type":"Point","coordinates":[110.56464,-6.81488]},"properties":{"rate_time":0.599}},{"type":"Feature","geometry":{"type":"Point","coordinates":[110.56012,-6.81485]},"properties":{"rate_time":0.256}},{"type":"Feature","geometry":{"type":"Point","coordinates":[110.56624,-6.81481]},"properties":{"rate_time":-0.109}},{"type":"Feature","geometry":{"type":"Point","coordinates":[110.5625,-6.80791]},"properties":{"rate_time":-0.073}},{"type":"Feature","geometry":{"type":"Point","coordinates":[110.56815,-6.81479]},"properties":{"rate_time":0.051}},{"type":"Feature","geometry":{"type":"Point","coordinates":[110.54864,-6.81479]},"properties":{"rate_time":7.164}},{"type":"Feature","geometry":{"type":"Point","coordinates":[110.56202,-6.81478]},"properties":{"rate_time":0.725}},{"type":"Feature","geometry":{"type":"Point","coordinates":[110.5543,-6.81478]},"properties":{"rate_time":-0.321}},{"type":"Feature","geometry":{"type":"Point","coordinates":[110.55488,-6.81476]},"properties":{"rate_time":-0.26}},{"type":"Feature","geometry":{"type":"Point","coordinates":[110.57265,-6.81529]},"properties":{"rate_time":-2.822}},{"type":"Feature","geometry":{"type":"Point","coordinates":[110.57168,-6.81526]},"properties":{"rate_time":-0.249}},{"type":"Feature","geometry":{"type":"Point","coordinates":[110.5707,-6.8152]},"properties":{"rate_time":-4.27}},{"type":"Feature","geometry":{"type":"Point","coordinates":[110.5718,-6.81511]},"properties":{"rate_time":-2.608}},{"type":"Feature","geometry":{"type":"Point","coordinates":[110.57252,-6.81505]},"properties":{"rate_time":-3.028}},{"type":"Feature","geometry":{"type":"Point","coordinates":[110.57233,-6.81487]},"properties":{"rate_time":-2.148}},{"type":"Feature","geometry":{"type":"Point","coordinates":[110.57207,-6.81478]},"properties":{"rate_time":-2.036}},{"type":"Feature","geometry":{"type":"Point","coordinates":[110.57208,-6.81458]},"properties":{"rate_time":-1.735}},{"type":"Feature","geometry":{"type":"Point","coordinates":[110.57212,-6.81434]},"properties":{"rate_time":-1.248}},{"type":"Feature","geometry":{"type":"Point","coordinates":[110.57293,-6.8143]},"properties":{"rate_time":2.231}},{"type":"Feature","geometry":{"type":"Point","coordinates":[110.56721,-6.81476]},"properties":{"rate_time":0.777}},{"type":"Feature","geometry":{"type":"Point","coordinates":[110.55039,-6.81476]},"properties":{"rate_time":1.906}},{"type":"Feature","geometry":{"type":"Point","coordinates":[110.5679,-6.81473]},"properties":{"rate_time":0.145}},{"type":"Feature","geometry":{"type":"Point","coordinates":[110.55014,-6.8147]},"properties":{"rate_time":2.471}},{"type":"Feature","geometry":{"type":"Point","coordinates":[110.54889,-6.81469]},"properties":{"rate_time":7.022}},{"type":"Feature","geometry":{"type":"Point","coordinates":[110.56137,-6.81469]},"properties":{"rate_time":0.211}},{"type":"Feature","geometry":{"type":"Point","coordinates":[110.56114,-6.81468]},"properties":{"rate_time":0.138}},{"type":"Feature","geometry":{"type":"Point","coordinates":[110.56838,-6.81468]},"properties":{"rate_time":0.012}},{"type":"Feature","geometry":{"type":"Point","coordinates":[110.5648,-6.81466]},"properties":{"rate_time":-3.211}},{"type":"Feature","geometry":{"type":"Point","coordinates":[110.55995,-6.81464]},"properties":{"rate_time":-0.016}},{"type":"Feature","geometry":{"type":"Point","coordinates":[110.56645,-6.81464]},"properties":{"rate_time":0.053}},{"type":"Feature","geometry":{"type":"Point","coordinates":[110.56541,-6.81464]},"properties":{"rate_time":-2.906}},{"type":"Feature","geometry":{"type":"Point","coordinates":[110.55193,-6.81463]},"properties":{"rate_time":0.804}},{"type":"Feature","geometry":{"type":"Point","coordinates":[110.54989,-6.81459]},"properties":{"rate_time":2.994}},{"type":"Feature","geometry":{"type":"Point","coordinates":[110.56768,-6.81459]},"properties":{"rate_time":0.471}},{"type":"Feature","geometry":{"type":"Point","coordinates":[110.56741,-6.81458]},"properties":{"rate_time":0.63}},{"type":"Feature","geometry":{"type":"Point","coordinates":[110.55969,-6.81458]},"properties":{"rate_time":-0.202}},{"type":"Feature","geometry":{"type":"Point","coordinates":[110.54913,-6.81457]},"properties":{"rate_time":4.553}},{"type":"Feature","geometry":{"type":"Point","coordinates":[110.55054,-6.81457]},"properties":{"rate_time":2.463}},{"type":"Feature","geometry":{"type":"Point","coordinates":[110.55414,-6.81457]},"properties":{"rate_time":-0.422}},{"type":"Feature","geometry":{"type":"Point","coordinates":[110.56159,-6.81453]},"properties":{"rate_time":0.529}},{"type":"Feature","geometry":{"type":"Point","coordinates":[110.56206,-6.81453]},"properties":{"rate_time":2.375}},{"type":"Feature","geometry":{"type":"Point","coordinates":[110.55477,-6.81452]},"properties":{"rate_time":-0.455}},{"type":"Feature","geometry":{"type":"Point","coordinates":[110.55945,-6.81449]},"properties":{"rate_time":-0.175}},{"type":"Feature","geometry":{"type":"Point","coordinates":[110.56856,-6.81449]},"properties":{"rate_time":0.149}},{"type":"Feature","geometry":{"type":"Point","coordinates":[110.54964,-6.81448]},"properties":{"rate_time":3.603}},{"type":"Feature","geometry":{"type":"Point","coordinates":[110.54939,-6.81448]},"properties":{"rate_time":4.21}},{"type":"Feature","geometry":{"type":"Point","coordinates":[110.56103,-6.81443]},"properties":{"rate_time":0.309}},{"type":"Feature","geometry":{"type":"Point","coordinates":[110.56494,-6.81443]},"properties":{"rate_time":-2.344}},{"type":"Feature","geometry":{"type":"Point","coordinates":[110.56661,-6.81442]},"properties":{"rate_time":0.867}},{"type":"Feature","geometry":{"type":"Point","coordinates":[110.56538,-6.81438]},"properties":{"rate_time":1.238}},{"type":"Feature","geometry":{"type":"Point","coordinates":[110.55188,-6.81437]},"properties":{"rate_time":-0.111}},{"type":"Feature","geometry":{"type":"Point","coordinates":[110.54948,-6.81437]},"properties":{"rate_time":3.886}},{"type":"Feature","geometry":{"type":"Point","coordinates":[110.56181,-6.81437]},"properties":{"rate_time":2.184}},{"type":"Feature","geometry":{"type":"Point","coordinates":[110.55401,-6.81436]},"properties":{"rate_time":-0.746}},{"type":"Feature","geometry":{"type":"Point","coordinates":[110.55922,-6.81434]},"properties":{"rate_time":0.033}},{"type":"Feature","geometry":{"type":"Point","coordinates":[110.56517,-6.8143]},"properties":{"rate_time":-0.667}},{"type":"Feature","geometry":{"type":"Point","coordinates":[110.55056,-6.8143]},"properties":{"rate_time":1.723}},{"type":"Feature","geometry":{"type":"Point","coordinates":[110.56873,-6.81427]},"properties":{"rate_time":0.549}},{"type":"Feature","geometry":{"type":"Point","coordinates":[110.54922,-6.81427]},"properties":{"rate_time":3.842}},{"type":"Feature","geometry":{"type":"Point","coordinates":[110.55466,-6.81427]},"properties":{"rate_time":-0.913}},{"type":"Feature","geometry":{"type":"Point","coordinates":[110.56202,-6.81426]},"properties":{"rate_time":2.881}},{"type":"Feature","geometry":{"type":"Point","coordinates":[110.56774,-6.81425]},"properties":{"rate_time":1.162}},{"type":"Feature","geometry":{"type":"Point","coordinates":[110.5668,-6.81423]},"properties":{"rate_time":0.772}},{"type":"Feature","geometry":{"type":"Point","coordinates":[110.54965,-6.81421]},"properties":{"rate_time":2.702}},{"type":"Feature","geometry":{"type":"Point","coordinates":[110.559,-6.81419]},"properties":{"rate_time":0.271}},{"type":"Feature","geometry":{"type":"Point","coordinates":[110.56103,-6.81416]},"properties":{"rate_time":0.636}},{"type":"Feature","geometry":{"type":"Point","coordinates":[110.54899,-6.81413]},"properties":{"rate_time":6.212}},{"type":"Feature","geometry":{"type":"Point","coordinates":[110.55415,-6.81412]},"properties":{"rate_time":-1.85}},{"type":"Feature","geometry":{"type":"Point","coordinates":[110.56753,-6.81411]},"properties":{"rate_time":-0.78}},{"type":"Feature","geometry":{"type":"Point","coordinates":[110.56797,-6.8141]},"properties":{"rate_time":-0.462}},{"type":"Feature","geometry":{"type":"Point","coordinates":[110.55188,-6.8141]},"properties":{"rate_time":-0.59}},{"type":"Feature","geometry":{"type":"Point","coordinates":[110.56824,-6.81409]},"properties":{"rate_time":-0.85}},{"type":"Feature","geometry":{"type":"Point","coordinates":[110.56702,-6.81408]},"properties":{"rate_time":0.235}},{"type":"Feature","geometry":{"type":"Point","coordinates":[110.56889,-6.81406]},"properties":{"rate_time":0.286}},{"type":"Feature","geometry":{"type":"Point","coordinates":[110.55063,-6.81404]},"properties":{"rate_time":1.461}},{"type":"Feature","geometry":{"type":"Point","coordinates":[110.56728,-6.81403]},"properties":{"rate_time":-0.196}},{"type":"Feature","geometry":{"type":"Point","coordinates":[110.55459,-6.81402]},"properties":{"rate_time":-2.463}},{"type":"Feature","geometry":{"type":"Point","coordinates":[110.54877,-6.81397]},"properties":{"rate_time":6.879}},{"type":"Feature","geometry":{"type":"Point","coordinates":[110.54977,-6.81396]},"properties":{"rate_time":2.847}},{"type":"Feature","geometry":{"type":"Point","coordinates":[110.5727,-6.81423]},"properties":{"rate_time":1.362}},{"type":"Feature","geometry":{"type":"Point","coordinates":[110.57193,-6.81418]},"properties":{"rate_time":-0.966}},{"type":"Feature","geometry":{"type":"Point","coordinates":[110.57308,-6.81412]},"properties":{"rate_time":-0.256}},{"type":"Feature","geometry":{"type":"Point","coordinates":[110.57252,-6.81404]},"properties":{"rate_time":0.564}},{"type":"Feature","geometry":{"type":"Point","coordinates":[110.57173,-6.81403]},"properties":{"rate_time":-1.143}},{"type":"Feature","geometry":{"type":"Point","coordinates":[110.57291,-6.81391]},"properties":{"rate_time":-1.468}},{"type":"Feature","geometry":{"type":"Point","coordinates":[110.57239,-6.81381]},"properties":{"rate_time":-0.118}},{"type":"Feature","geometry":{"type":"Point","coordinates":[110.57163,-6.81379]},"properties":{"rate_time":-1.321}},{"type":"Feature","geometry":{"type":"Point","coordinates":[110.57273,-6.8137]},"properties":{"rate_time":-0.762}},{"type":"Feature","geometry":{"type":"Point","coordinates":[110.57221,-6.8136]},"properties":{"rate_time":-0.021}},{"type":"Feature","geometry":{"type":"Point","coordinates":[110.55888,-6.81395]},"properties":{"rate_time":0.268}},{"type":"Feature","geometry":{"type":"Point","coordinates":[110.56116,-6.81393]},"properties":{"rate_time":0.926}},{"type":"Feature","geometry":{"type":"Point","coordinates":[110.5543,-6.8139]},"properties":{"rate_time":-3.812}},{"type":"Feature","geometry":{"type":"Point","coordinates":[110.56841,-6.81389]},"properties":{"rate_time":-0.481}},{"type":"Feature","geometry":{"type":"Point","coordinates":[110.56906,-6.81386]},"properties":{"rate_time":-0.473}},{"type":"Feature","geometry":{"type":"Point","coordinates":[110.55191,-6.81383]},"properties":{"rate_time":-0.768}},{"type":"Feature","geometry":{"type":"Point","coordinates":[110.5545,-6.81381]},"properties":{"rate_time":-4.763}},{"type":"Feature","geometry":{"type":"Point","coordinates":[110.55074,-6.8138]},"properties":{"rate_time":1.213}},{"type":"Feature","geometry":{"type":"Point","coordinates":[110.5486,-6.81377]},"properties":{"rate_time":7.265}},{"type":"Feature","geometry":{"type":"Point","coordinates":[110.54978,-6.81373]},"properties":{"rate_time":3.017}},{"type":"Feature","geometry":{"type":"Point","coordinates":[110.56107,-6.81371]},"properties":{"rate_time":0.743}},{"type":"Feature","geometry":{"type":"Point","coordinates":[110.55877,-6.8137]},"properties":{"rate_time":0.481}},{"type":"Feature","geometry":{"type":"Point","coordinates":[110.56927,-6.8137]},"properties":{"rate_time":-0.364}},{"type":"Feature","geometry":{"type":"Point","coordinates":[110.56853,-6.81365]},"properties":{"rate_time":-0.585}},{"type":"Feature","geometry":{"type":"Point","coordinates":[110.55997,-6.81364]},"properties":{"rate_time":0.382}},{"type":"Feature","geometry":{"type":"Point","coordinates":[110.56024,-6.81363]},"properties":{"rate_time":0.443}},{"type":"Feature","geometry":{"type":"Point","coordinates":[110.55203,-6.81359]},"properties":{"rate_time":-0.63}},{"type":"Feature","geometry":{"type":"Point","coordinates":[110.55091,-6.81359]},"properties":{"rate_time":1.059}},{"type":"Feature","geometry":{"type":"Point","coordinates":[110.56051,-6.81357]},"properties":{"rate_time":0.688}},{"type":"Feature","geometry":{"type":"Point","coordinates":[110.55977,-6.81353]},"properties":{"rate_time":0.352}},{"type":"Feature","geometry":{"type":"Point","coordinates":[110.56947,-6.81351]},"properties":{"rate_time":-0.288}},{"type":"Feature","geometry":{"type":"Point","coordinates":[110.54852,-6.81351]},"properties":{"rate_time":7.06}},{"type":"Feature","geometry":{"type":"Point","coordinates":[110.54965,-6.8135]},"properties":{"rate_time":1.864}},{"type":"Feature","geometry":{"type":"Point","coordinates":[110.55859,-6.8135]},"properties":{"rate_time":0.662}},{"type":"Feature","geometry":{"type":"Point","coordinates":[110.56098,-6.81347]},"properties":{"rate_time":1.062}},{"type":"Feature","geometry":{"type":"Point","coordinates":[110.56073,-6.81343]},"properties":{"rate_time":1.116}},{"type":"Feature","geometry":{"type":"Point","coordinates":[110.56864,-6.8134]},"properties":{"rate_time":-0.167}},{"type":"Feature","geometry":{"type":"Point","coordinates":[110.56709,-6.81338]},"properties":{"rate_time":-2.577}},{"type":"Feature","geometry":{"type":"Point","coordinates":[110.55214,-6.81334]},"properties":{"rate_time":0.147}},{"type":"Feature","geometry":{"type":"Point","coordinates":[110.55102,-6.81334]},"properties":{"rate_time":1.281}},{"type":"Feature","geometry":{"type":"Point","coordinates":[110.57153,-6.81355]},"properties":{"rate_time":-1.337}},{"type":"Feature","geometry":{"type":"Point","coordinates":[110.57256,-6.8135]},"properties":{"rate_time":-0.281}},{"type":"Feature","geometry":{"type":"Point","coordinates":[110.5713,-6.8134]},"properties":{"rate_time":-1.327}},{"type":"Feature","geometry":{"type":"Point","coordinates":[110.57203,-6.8134]},"properties":{"rate_time":0.037}},{"type":"Feature","geometry":{"type":"Point","coordinates":[110.56965,-6.81332]},"properties":{"rate_time":-0.32}},{"type":"Feature","geometry":{"type":"Point","coordinates":[110.57105,-6.81329]},"properties":{"rate_time":-1.364}},{"type":"Feature","geometry":{"type":"Point","coordinates":[110.57243,-6.81327]},"properties":{"rate_time":-0.284}},{"type":"Feature","geometry":{"type":"Point","coordinates":[110.57184,-6.81321]},"properties":{"rate_time":0.018}},{"type":"Feature","geometry":{"type":"Point","coordinates":[110.5708,-6.81319]},"properties":{"rate_time":-1.227}},{"type":"Feature","geometry":{"type":"Point","coordinates":[110.56981,-6.81309]},"properties":{"rate_time":-0.357}},{"type":"Feature","geometry":{"type":"Point","coordinates":[110.55838,-6.81334]},"properties":{"rate_time":0.671}},{"type":"Feature","geometry":{"type":"Point","coordinates":[110.55745,-6.81332]},"properties":{"rate_time":0.522}},{"type":"Feature","geometry":{"type":"Point","coordinates":[110.54946,-6.81331]},"properties":{"rate_time":1.69}},{"type":"Feature","geometry":{"type":"Point","coordinates":[110.55968,-6.81327]},"properties":{"rate_time":0.166}},{"type":"Feature","geometry":{"type":"Point","coordinates":[110.54851,-6.81324]},"properties":{"rate_time":6.642}},{"type":"Feature","geometry":{"type":"Point","coordinates":[110.56686,-6.81324]},"properties":{"rate_time":0.755}},{"type":"Feature","geometry":{"type":"Point","coordinates":[110.5672,-6.81324]},"properties":{"rate_time":-3.183}},{"type":"Feature","geometry":{"type":"Point","coordinates":[110.56092,-6.81323]},"properties":{"rate_time":1.325}},{"type":"Feature","geometry":{"type":"Point","coordinates":[110.55721,-6.81322]},"properties":{"rate_time":0.338}},{"type":"Feature","geometry":{"type":"Point","coordinates":[110.55769,-6.8132]},"properties":{"rate_time":0.391}},{"type":"Feature","geometry":{"type":"Point","coordinates":[110.55815,-6.81319]},"properties":{"rate_time":0.302}},{"type":"Feature","geometry":{"type":"Point","coordinates":[110.56873,-6.81315]},"properties":{"rate_time":-0.202}},{"type":"Feature","geometry":{"type":"Point","coordinates":[110.55233,-6.81315]},"properties":{"rate_time":-0.784}},{"type":"Feature","geometry":{"type":"Point","coordinates":[110.55281,-6.81314]},"properties":{"rate_time":-1.825}},{"type":"Feature","geometry":{"type":"Point","coordinates":[110.56662,-6.81313]},"properties":{"rate_time":2.471}},{"type":"Feature","geometry":{"type":"Point","coordinates":[110.55118,-6.81312]},"properties":{"rate_time":1.155}},{"type":"Feature","geometry":{"type":"Point","coordinates":[110.55792,-6.81307]},"properties":{"rate_time":0.23}},{"type":"Feature","geometry":{"type":"Point","coordinates":[110.55953,-6.81306]},"properties":{"rate_time":0.462}},{"type":"Feature","geometry":{"type":"Point","coordinates":[110.54936,-6.81306]},"properties":{"rate_time":0.102}},{"type":"Feature","geometry":{"type":"Point","coordinates":[110.55307,-6.81305]},"properties":{"rate_time":-2.172}},{"type":"Feature","geometry":{"type":"Point","coordinates":[110.557,-6.81305]},"properties":{"rate_time":0.562}},{"type":"Feature","geometry":{"type":"Point","coordinates":[110.56702,-6.81303]},"properties":{"rate_time":-2.455}},{"type":"Feature","geometry":{"type":"Point","coordinates":[110.55262,-6.81301]},"properties":{"rate_time":-1.567}},{"type":"Feature","geometry":{"type":"Point","coordinates":[110.54859,-6.81299]},"properties":{"rate_time":6.267}},{"type":"Feature","geometry":{"type":"Point","coordinates":[110.55241,-6.81296]},"properties":{"rate_time":-0.999}},{"type":"Feature","geometry":{"type":"Point","coordinates":[110.56642,-6.81294]},"properties":{"rate_time":-1.163}},{"type":"Feature","geometry":{"type":"Point","coordinates":[110.5689,-6.81294]},"properties":{"rate_time":-0.206}},{"type":"Feature","geometry":{"type":"Point","coordinates":[110.55134,-6.8129]},"properties":{"rate_time":1.189}},{"type":"Feature","geometry":{"type":"Point","coordinates":[110.5518,-6.81288]},"properties":{"rate_time":1.096}},{"type":"Feature","geometry":{"type":"Point","coordinates":[110.55205,-6.81287]},"properties":{"rate_time":0.246}},{"type":"Feature","geometry":{"type":"Point","coordinates":[110.57163,-6.81303]},"properties":{"rate_time":-0.018}},{"type":"Feature","geometry":{"type":"Point","coordinates":[110.57241,-6.813]},"properties":{"rate_time":-0.872}},{"type":"Feature","geometry":{"type":"Point","coordinates":[110.57065,-6.81299]},"properties":{"rate_time":-1.468}},{"type":"Feature","geometry":{"type":"Point","coordinates":[110.57141,-6.81287]},"properties":{"rate_time":-0.058}},{"type":"Feature","geometry":{"type":"Point","coordinates":[110.56988,-6.81283]},"properties":{"rate_time":-0.442}},{"type":"Feature","geometry":{"type":"Point","coordinates":[110.57051,-6.81276]},"properties":{"rate_time":-1.212}},{"type":"Feature","geometry":{"type":"Point","coordinates":[110.57251,-6.81275]},"properties":{"rate_time":-1.795}},{"type":"Feature","geometry":{"type":"Point","coordinates":[110.57119,-6.81273]},"properties":{"rate_time":-0.135}},{"type":"Feature","geometry":{"type":"Point","coordinates":[110.57093,-6.81265]},"properties":{"rate_time":-0.305}},{"type":"Feature","geometry":{"type":"Point","coordinates":[110.57006,-6.81265]},"properties":{"rate_time":-1.013}},{"type":"Feature","geometry":{"type":"Point","coordinates":[110.56682,-6.81285]},"properties":{"rate_time":-3.115}},{"type":"Feature","geometry":{"type":"Point","coordinates":[110.54951,-6.81284]},"properties":{"rate_time":1.527}},{"type":"Feature","geometry":{"type":"Point","coordinates":[110.55316,-6.81284]},"properties":{"rate_time":-2.077}},{"type":"Feature","geometry":{"type":"Point","coordinates":[110.55687,-6.81281]},"properties":{"rate_time":0.35}},{"type":"Feature","geometry":{"type":"Point","coordinates":[110.55959,-6.81281]},"properties":{"rate_time":0.632}},{"type":"Feature","geometry":{"type":"Point","coordinates":[110.55153,-6.81281]},"properties":{"rate_time":0.491}},{"type":"Feature","geometry":{"type":"Point","coordinates":[110.55273,-6.81276]},"properties":{"rate_time":-1.583}},{"type":"Feature","geometry":{"type":"Point","coordinates":[110.56909,-6.81276]},"properties":{"rate_time":-0.358}},{"type":"Feature","geometry":{"type":"Point","coordinates":[110.54871,-6.81274]},"properties":{"rate_time":4.442}},{"type":"Feature","geometry":{"type":"Point","coordinates":[110.55226,-6.81273]},"properties":{"rate_time":-0.428}},{"type":"Feature","geometry":{"type":"Point","coordinates":[110.52901,-6.83538]},"properties":{"rate_time":3.455}},{"type":"Feature","geometry":{"type":"Point","coordinates":[110.52258,-6.83538]},"properties":{"rate_time":-1.412}},{"type":"Feature","geometry":{"type":"Point","coordinates":[110.56144,-6.83536]},"properties":{"rate_time":-13.574}},{"type":"Feature","geometry":{"type":"Point","coordinates":[110.54436,-6.83536]},"properties":{"rate_time":-0.184}},{"type":"Feature","geometry":{"type":"Point","coordinates":[110.54502,-6.83535]},"properties":{"rate_time":-0.007}},{"type":"Feature","geometry":{"type":"Point","coordinates":[110.54547,-6.83535]},"properties":{"rate_time":-0.037}},{"type":"Feature","geometry":{"type":"Point","coordinates":[110.52385,-6.83534]},"properties":{"rate_time":0.349}},{"type":"Feature","geometry":{"type":"Point","coordinates":[110.53315,-6.83534]},"properties":{"rate_time":-0.583}},{"type":"Feature","geometry":{"type":"Point","coordinates":[110.54618,-6.83533]},"properties":{"rate_time":0.458}},{"type":"Feature","geometry":{"type":"Point","coordinates":[110.52473,-6.83531]},"properties":{"rate_time":-0.371}},{"type":"Feature","geometry":{"type":"Point","coordinates":[110.54881,-6.83531]},"properties":{"rate_time":0.022}},{"type":"Feature","geometry":{"type":"Point","coordinates":[110.52927,-6.8353]},"properties":{"rate_time":3.568}},{"type":"Feature","geometry":{"type":"Point","coordinates":[110.54857,-6.8353]},"properties":{"rate_time":0.264}},{"type":"Feature","geometry":{"type":"Point","coordinates":[110.5627,-6.8353]},"properties":{"rate_time":-4.549}},{"type":"Feature","geometry":{"type":"Point","coordinates":[110.54405,-6.83526]},"properties":{"rate_time":-0.099}},{"type":"Feature","geometry":{"type":"Point","coordinates":[110.5236,-6.83525]},"properties":{"rate_time":0.117}},{"type":"Feature","geometry":{"type":"Point","coordinates":[110.5289,-6.83525]},"properties":{"rate_time":3.864}},{"type":"Feature","geometry":{"type":"Point","coordinates":[110.54478,-6.83524]},"properties":{"rate_time":0.032}},{"type":"Feature","geometry":{"type":"Point","coordinates":[110.52279,-6.83524]},"properties":{"rate_time":-1.052}},{"type":"Feature","geometry":{"type":"Point","coordinates":[110.56019,-6.83523]},"properties":{"rate_time":-0.502}},{"type":"Feature","geometry":{"type":"Point","coordinates":[110.54524,-6.83522]},"properties":{"rate_time":-0.035}},{"type":"Feature","geometry":{"type":"Point","coordinates":[110.52813,-6.83521]},"properties":{"rate_time":4.757}},{"type":"Feature","geometry":{"type":"Point","coordinates":[110.56435,-6.83521]},"properties":{"rate_time":-0.989}},{"type":"Feature","geometry":{"type":"Point","coordinates":[110.52333,-6.8352]},"properties":{"rate_time":-0.301}},{"type":"Feature","geometry":{"type":"Point","coordinates":[110.52306,-6.8352]},"properties":{"rate_time":-0.577}},{"type":"Feature","geometry":{"type":"Point","coordinates":[110.54456,-6.83518]},"properties":{"rate_time":-0.032}},{"type":"Feature","geometry":{"type":"Point","coordinates":[110.54222,-6.83517]},"properties":{"rate_time":1.872}},{"type":"Feature","geometry":{"type":"Point","coordinates":[110.53265,-6.83517]},"properties":{"rate_time":0.198}},{"type":"Feature","geometry":{"type":"Point","coordinates":[110.52916,-6.83516]},"properties":{"rate_time":4.066}},{"type":"Feature","geometry":{"type":"Point","coordinates":[110.56292,-6.83514]},"properties":{"rate_time":-3.532}},{"type":"Feature","geometry":{"type":"Point","coordinates":[110.52491,-6.83513]},"properties":{"rate_time":-0.629}},{"type":"Feature","geometry":{"type":"Point","coordinates":[110.54878,-6.83513]},"properties":{"rate_time":0.576}},{"type":"Feature","geometry":{"type":"Point","coordinates":[110.53328,-6.83513]},"properties":{"rate_time":0.125}},{"type":"Feature","geometry":{"type":"Point","coordinates":[110.54214,-6.83512]},"properties":{"rate_time":1.664}},{"type":"Feature","geometry":{"type":"Point","coordinates":[110.56133,-6.83511]},"properties":{"rate_time":-12.94}},{"type":"Feature","geometry":{"type":"Point","coordinates":[110.52943,-6.83511]},"properties":{"rate_time":-5.619}},{"type":"Feature","geometry":{"type":"Point","coordinates":[110.54897,-6.83509]},"properties":{"rate_time":0.244}},{"type":"Feature","geometry":{"type":"Point","coordinates":[110.56363,-6.83507]},"properties":{"rate_time":-2.167}},{"type":"Feature","geometry":{"type":"Point","coordinates":[110.5297,-6.83506]},"properties":{"rate_time":1.59}},{"type":"Feature","geometry":{"type":"Point","coordinates":[110.54503,-6.83505]},"properties":{"rate_time":0.011}},{"type":"Feature","geometry":{"type":"Point","coordinates":[110.56415,-6.83503]},"properties":{"rate_time":-0.474}},{"type":"Feature","geometry":{"type":"Point","coordinates":[110.54416,-6.83502]},"properties":{"rate_time":0.118}},{"type":"Feature","geometry":{"type":"Point","coordinates":[110.52938,-6.835]},"properties":{"rate_time":-3.829}},{"type":"Feature","geometry":{"type":"Point","coordinates":[110.5601,-6.835]},"properties":{"rate_time":-0.922}},{"type":"Feature","geometry":{"type":"Point","coordinates":[110.52514,-6.83499]},"properties":{"rate_time":-0.842}},{"type":"Feature","geometry":{"type":"Point","coordinates":[110.56389,-6.83497]},"properties":{"rate_time":-1.043}},{"type":"Feature","geometry":{"type":"Point","coordinates":[110.53248,-6.83496]},"properties":{"rate_time":0.713}},{"type":"Feature","geometry":{"type":"Point","coordinates":[110.54899,-6.83496]},"properties":{"rate_time":1.008}},{"type":"Feature","geometry":{"type":"Point","coordinates":[110.54229,-6.83495]},"properties":{"rate_time":1.177}},{"type":"Feature","geometry":{"type":"Point","coordinates":[110.52808,-6.83495]},"properties":{"rate_time":0.03}},{"type":"Feature","geometry":{"type":"Point","coordinates":[110.53348,-6.83494]},"properties":{"rate_time":0.453}},{"type":"Feature","geometry":{"type":"Point","coordinates":[110.52964,-6.83492]},"properties":{"rate_time":-1.832}},{"type":"Feature","geometry":{"type":"Point","coordinates":[110.56304,-6.83491]},"properties":{"rate_time":-2.584}},{"type":"Feature","geometry":{"type":"Point","coordinates":[110.54916,-6.83491]},"properties":{"rate_time":0.158}},{"type":"Feature","geometry":{"type":"Point","coordinates":[110.55984,-6.83489]},"properties":{"rate_time":-0.547}},{"type":"Feature","geometry":{"type":"Point","coordinates":[110.52989,-6.83488]},"properties":{"rate_time":5.052}},{"type":"Feature","geometry":{"type":"Point","coordinates":[110.54224,-6.83487]},"properties":{"rate_time":0.958}},{"type":"Feature","geometry":{"type":"Point","coordinates":[110.56347,-6.83487]},"properties":{"rate_time":-2.125}},{"type":"Feature","geometry":{"type":"Point","coordinates":[110.56137,-6.83487]},"properties":{"rate_time":-12.176}},{"type":"Feature","geometry":{"type":"Point","coordinates":[110.54484,-6.83486]},"properties":{"rate_time":-0.026}},{"type":"Feature","geometry":{"type":"Point","coordinates":[110.52537,-6.83485]},"properties":{"rate_time":-2.485}},{"type":"Feature","geometry":{"type":"Point","coordinates":[110.53296,-6.83484]},"properties":{"rate_time":0.407}},{"type":"Feature","geometry":{"type":"Point","coordinates":[110.5494,-6.83481]},"properties":{"rate_time":-0.317}},{"type":"Feature","geometry":{"type":"Point","coordinates":[110.5266,-6.8348]},"properties":{"rate_time":-0.662}},{"type":"Feature","geometry":{"type":"Point","coordinates":[110.54402,-6.83479]},"properties":{"rate_time":0.788}},{"type":"Feature","geometry":{"type":"Point","coordinates":[110.53011,-6.83478]},"properties":{"rate_time":0.687}},{"type":"Feature","geometry":{"type":"Point","coordinates":[110.52987,-6.83478]},"properties":{"rate_time":-1.851}},{"type":"Feature","geometry":{"type":"Point","coordinates":[110.54249,-6.83478]},"properties":{"rate_time":0.523}},{"type":"Feature","geometry":{"type":"Point","coordinates":[110.52634,-6.83476]},"properties":{"rate_time":-0.73}},{"type":"Feature","geometry":{"type":"Point","coordinates":[110.54918,-6.83476]},"properties":{"rate_time":-0.109}},{"type":"Feature","geometry":{"type":"Point","coordinates":[110.5323,-6.83476]},"properties":{"rate_time":0.474}},{"type":"Feature","geometry":{"type":"Point","coordinates":[110.53367,-6.83475]},"properties":{"rate_time":0.499}},{"type":"Feature","geometry":{"type":"Point","coordinates":[110.52686,-6.83474]},"properties":{"rate_time":-1.589}},{"type":"Feature","geometry":{"type":"Point","coordinates":[110.52561,-6.83472]},"properties":{"rate_time":-1.928}},{"type":"Feature","geometry":{"type":"Point","coordinates":[110.53035,-6.83471]},"properties":{"rate_time":0.47}},{"type":"Feature","geometry":{"type":"Point","coordinates":[110.53319,-6.83469]},"properties":{"rate_time":0.748}},{"type":"Feature","geometry":{"type":"Point","coordinates":[110.52811,-6.83468]},"properties":{"rate_time":-0.857}},{"type":"Feature","geometry":{"type":"Point","coordinates":[110.53011,-6.83468]},"properties":{"rate_time":0.709}},{"type":"Feature","geometry":{"type":"Point","coordinates":[110.54962,-6.83467]},"properties":{"rate_time":-0.276}},{"type":"Feature","geometry":{"type":"Point","coordinates":[110.54222,-6.83466]},"properties":{"rate_time":0.325}},{"type":"Feature","geometry":{"type":"Point","coordinates":[110.55973,-6.83466]},"properties":{"rate_time":-0.699}},{"type":"Feature","geometry":{"type":"Point","coordinates":[110.53278,-6.83466]},"properties":{"rate_time":0.826}},{"type":"Feature","geometry":{"type":"Point","coordinates":[110.56308,-6.83465]},"properties":{"rate_time":-1.618}},{"type":"Feature","geometry":{"type":"Point","coordinates":[110.52712,-6.83464]},"properties":{"rate_time":-3.642}},{"type":"Feature","geometry":{"type":"Point","coordinates":[110.5615,-6.83463]},"properties":{"rate_time":-11.897}},{"type":"Feature","geometry":{"type":"Point","coordinates":[110.52612,-6.83462]},"properties":{"rate_time":-1.014}},{"type":"Feature","geometry":{"type":"Point","coordinates":[110.5634,-6.83461]},"properties":{"rate_time":-1.605}},{"type":"Feature","geometry":{"type":"Point","coordinates":[110.54477,-6.83461]},"properties":{"rate_time":-0.024}},{"type":"Feature","geometry":{"type":"Point","coordinates":[110.52585,-6.83461]},"properties":{"rate_time":-1.233}},{"type":"Feature","geometry":{"type":"Point","coordinates":[110.54405,-6.8346]},"properties":{"rate_time":0.837}},{"type":"Feature","geometry":{"type":"Point","coordinates":[110.54268,-6.83458]},"properties":{"rate_time":0.236}},{"type":"Feature","geometry":{"type":"Point","coordinates":[110.54386,-6.83458]},"properties":{"rate_time":1.5}},{"type":"Feature","geometry":{"type":"Point","coordinates":[110.54936,-6.83457]},"properties":{"rate_time":-0.115}},{"type":"Feature","geometry":{"type":"Point","coordinates":[110.54432,-6.83456]},"properties":{"rate_time":0.257}},{"type":"Feature","geometry":{"type":"Point","coordinates":[110.53035,-6.83456]},"properties":{"rate_time":0.663}},{"type":"Feature","geometry":{"type":"Point","coordinates":[110.53386,-6.83456]},"properties":{"rate_time":0.297}},{"type":"Feature","geometry":{"type":"Point","coordinates":[110.53212,-6.83456]},"properties":{"rate_time":-0.124}},{"type":"Feature","geometry":{"type":"Point","coordinates":[110.52736,-6.83454]},"properties":{"rate_time":-3.596}},{"type":"Feature","geometry":{"type":"Point","coordinates":[110.53054,-6.83452]},"properties":{"rate_time":0.465}},{"type":"Feature","geometry":{"type":"Point","coordinates":[110.5308,-6.8345]},"properties":{"rate_time":0.577}},{"type":"Feature","geometry":{"type":"Point","coordinates":[110.56635,-6.81272]},"properties":{"rate_time":-2.651}},{"type":"Feature","geometry":{"type":"Point","coordinates":[110.56661,-6.81268]},"properties":{"rate_time":-2.828}},{"type":"Feature","geometry":{"type":"Point","coordinates":[110.54967,-6.81262]},"properties":{"rate_time":0.95}},{"type":"Feature","geometry":{"type":"Point","coordinates":[110.55331,-6.81261]},"properties":{"rate_time":-2.33}},{"type":"Feature","geometry":{"type":"Point","coordinates":[110.55682,-6.81255]},"properties":{"rate_time":0.528}},{"type":"Feature","geometry":{"type":"Point","coordinates":[110.55963,-6.81254]},"properties":{"rate_time":1.485}},{"type":"Feature","geometry":{"type":"Point","coordinates":[110.55287,-6.81253]},"properties":{"rate_time":-0.94}},{"type":"Feature","geometry":{"type":"Point","coordinates":[110.56919,-6.81251]},"properties":{"rate_time":-0.389}},{"type":"Feature","geometry":{"type":"Point","coordinates":[110.54884,-6.8125]},"properties":{"rate_time":3.815}},{"type":"Feature","geometry":{"type":"Point","coordinates":[110.55659,-6.81246]},"properties":{"rate_time":0.783}},{"type":"Feature","geometry":{"type":"Point","coordinates":[110.5703,-6.81261]},"properties":{"rate_time":-0.891}},{"type":"Feature","geometry":{"type":"Point","coordinates":[110.5727,-6.81257]},"properties":{"rate_time":0.779}},{"type":"Feature","geometry":{"type":"Point","coordinates":[110.57068,-6.81253]},"properties":{"rate_time":-0.425}},{"type":"Feature","geometry":{"type":"Point","coordinates":[110.5727,-6.81246]},"properties":{"rate_time":2.338}},{"type":"Feature","geometry":{"type":"Point","coordinates":[110.57245,-6.81244]},"properties":{"rate_time":-1.065}},{"type":"Feature","geometry":{"type":"Point","coordinates":[110.57218,-6.81243]},"properties":{"rate_time":-0.694}},{"type":"Feature","geometry":{"type":"Point","coordinates":[110.57191,-6.8124]},"properties":{"rate_time":-0.372}},{"type":"Feature","geometry":{"type":"Point","coordinates":[110.57045,-6.81239]},"properties":{"rate_time":-0.35}},{"type":"Feature","geometry":{"type":"Point","coordinates":[110.57165,-6.81235]},"properties":{"rate_time":-0.344}},{"type":"Feature","geometry":{"type":"Point","coordinates":[110.57141,-6.81223]},"properties":{"rate_time":-0.357}},{"type":"Feature","geometry":{"type":"Point","coordinates":[110.54984,-6.81241]},"properties":{"rate_time":0.771}},{"type":"Feature","geometry":{"type":"Point","coordinates":[110.55336,-6.81235]},"properties":{"rate_time":-1.47}},{"type":"Feature","geometry":{"type":"Point","coordinates":[110.55637,-6.8123]},"properties":{"rate_time":0.519}},{"type":"Feature","geometry":{"type":"Point","coordinates":[110.55302,-6.8123]},"properties":{"rate_time":-0.733}},{"type":"Feature","geometry":{"type":"Point","coordinates":[110.56903,-6.81229]},"properties":{"rate_time":-0.223}},{"type":"Feature","geometry":{"type":"Point","coordinates":[110.55965,-6.81227]},"properties":{"rate_time":1.421}},{"type":"Feature","geometry":{"type":"Point","coordinates":[110.55585,-6.81224]},"properties":{"rate_time":-0.389}},{"type":"Feature","geometry":{"type":"Point","coordinates":[110.54887,-6.81223]},"properties":{"rate_time":3.149}},{"type":"Feature","geometry":{"type":"Point","coordinates":[110.56831,-6.81223]},"properties":{"rate_time":-1.864}},{"type":"Feature","geometry":{"type":"Point","coordinates":[110.55612,-6.81222]},"properties":{"rate_time":-0.182}},{"type":"Feature","geometry":{"type":"Point","coordinates":[110.55001,-6.8122]},"properties":{"rate_time":0.74}},{"type":"Feature","geometry":{"type":"Point","coordinates":[110.55325,-6.81219]},"properties":{"rate_time":-1.255}},{"type":"Feature","geometry":{"type":"Point","coordinates":[110.56856,-6.81213]},"properties":{"rate_time":0.428}},{"type":"Feature","geometry":{"type":"Point","coordinates":[110.56883,-6.81212]},"properties":{"rate_time":-0.213}},{"type":"Feature","geometry":{"type":"Point","coordinates":[110.56811,-6.81208]},"properties":{"rate_time":-1.103}},{"type":"Feature","geometry":{"type":"Point","coordinates":[110.55574,-6.81207]},"properties":{"rate_time":0.053}},{"type":"Feature","geometry":{"type":"Point","coordinates":[110.55973,-6.81201]},"properties":{"rate_time":3.021}},{"type":"Feature","geometry":{"type":"Point","coordinates":[110.56949,-6.81201]},"properties":{"rate_time":-0.528}},{"type":"Feature","geometry":{"type":"Point","coordinates":[110.5502,-6.812]},"properties":{"rate_time":0.907}},{"type":"Feature","geometry":{"type":"Point","coordinates":[110.54887,-6.81196]},"properties":{"rate_time":2.657}},{"type":"Feature","geometry":{"type":"Point","coordinates":[110.57025,-6.81222]},"properties":{"rate_time":-0.151}},{"type":"Feature","geometry":{"type":"Point","coordinates":[110.56999,-6.81212]},"properties":{"rate_time":-0.182}},{"type":"Feature","geometry":{"type":"Point","coordinates":[110.56973,-6.8121]},"properties":{"rate_time":-0.433}},{"type":"Feature","geometry":{"type":"Point","coordinates":[110.57118,-6.81208]},"properties":{"rate_time":-0.366}},{"type":"Feature","geometry":{"type":"Point","coordinates":[110.571,-6.8119]},"properties":{"rate_time":-0.363}},{"type":"Feature","geometry":{"type":"Point","coordinates":[110.57082,-6.81171]},"properties":{"rate_time":-0.135}},{"type":"Feature","geometry":{"type":"Point","coordinates":[110.57103,-6.81158]},"properties":{"rate_time":1.055}},{"type":"Feature","geometry":{"type":"Point","coordinates":[110.57037,-6.81152]},"properties":{"rate_time":-0.323}},{"type":"Feature","geometry":{"type":"Point","coordinates":[110.57062,-6.81145]},"properties":{"rate_time":0.326}},{"type":"Feature","geometry":{"type":"Point","coordinates":[110.57011,-6.81145]},"properties":{"rate_time":-0.351}},{"type":"Feature","geometry":{"type":"Point","coordinates":[110.56808,-6.81186]},"properties":{"rate_time":-1.537}},{"type":"Feature","geometry":{"type":"Point","coordinates":[110.56928,-6.81184]},"properties":{"rate_time":-0.348}},{"type":"Feature","geometry":{"type":"Point","coordinates":[110.55957,-6.81183]},"properties":{"rate_time":3.673}},{"type":"Feature","geometry":{"type":"Point","coordinates":[110.55576,-6.8118]},"properties":{"rate_time":0.212}},{"type":"Feature","geometry":{"type":"Point","coordinates":[110.55038,-6.8118]},"properties":{"rate_time":0.845}},{"type":"Feature","geometry":{"type":"Point","coordinates":[110.54902,-6.81174]},"properties":{"rate_time":2.243}},{"type":"Feature","geometry":{"type":"Point","coordinates":[110.56909,-6.81165]},"properties":{"rate_time":-0.128}},{"type":"Feature","geometry":{"type":"Point","coordinates":[110.55939,-6.81163]},"properties":{"rate_time":2.685}},{"type":"Feature","geometry":{"type":"Point","coordinates":[110.56814,-6.81161]},"properties":{"rate_time":-1.045}},{"type":"Feature","geometry":{"type":"Point","coordinates":[110.55056,-6.81159]},"properties":{"rate_time":0.158}},{"type":"Feature","geometry":{"type":"Point","coordinates":[110.55568,-6.81157]},"properties":{"rate_time":-0.035}},{"type":"Feature","geometry":{"type":"Point","coordinates":[110.56884,-6.81154]},"properties":{"rate_time":-0.192}},{"type":"Feature","geometry":{"type":"Point","coordinates":[110.55918,-6.8115]},"properties":{"rate_time":3.744}},{"type":"Feature","geometry":{"type":"Point","coordinates":[110.54914,-6.81149]},"properties":{"rate_time":1.935}},{"type":"Feature","geometry":{"type":"Point","coordinates":[110.56013,-6.81145]},"properties":{"rate_time":1.138}},{"type":"Feature","geometry":{"type":"Point","coordinates":[110.5686,-6.8114]},"properties":{"rate_time":-0.246}},{"type":"Feature","geometry":{"type":"Point","coordinates":[110.55073,-6.81138]},"properties":{"rate_time":-0.051}},{"type":"Feature","geometry":{"type":"Point","coordinates":[110.56804,-6.81136]},"properties":{"rate_time":-0.774}},{"type":"Feature","geometry":{"type":"Point","coordinates":[110.55899,-6.81136]},"properties":{"rate_time":6.004}},{"type":"Feature","geometry":{"type":"Point","coordinates":[110.55551,-6.81136]},"properties":{"rate_time":-0.023}},{"type":"Feature","geometry":{"type":"Point","coordinates":[110.56032,-6.81128]},"properties":{"rate_time":3.073}},{"type":"Feature","geometry":{"type":"Point","coordinates":[110.5602,-6.81127]},"properties":{"rate_time":2.264}},{"type":"Feature","geometry":{"type":"Point","coordinates":[110.56837,-6.81127]},"properties":{"rate_time":-0.246}},{"type":"Feature","geometry":{"type":"Point","coordinates":[110.54928,-6.81126]},"properties":{"rate_time":1.76}},{"type":"Feature","geometry":{"type":"Point","coordinates":[110.56057,-6.81125]},"properties":{"rate_time":1.587}},{"type":"Feature","geometry":{"type":"Point","coordinates":[110.55846,-6.81118]},"properties":{"rate_time":5.878}},{"type":"Feature","geometry":{"type":"Point","coordinates":[110.55531,-6.81117]},"properties":{"rate_time":0.296}},{"type":"Feature","geometry":{"type":"Point","coordinates":[110.55713,-6.81117]},"properties":{"rate_time":0.682}},{"type":"Feature","geometry":{"type":"Point","coordinates":[110.55088,-6.81116]},"properties":{"rate_time":1.054}},{"type":"Feature","geometry":{"type":"Point","coordinates":[110.5679,-6.81115]},"properties":{"rate_time":-0.7}},{"type":"Feature","geometry":{"type":"Point","coordinates":[110.57119,-6.81135]},"properties":{"rate_time":2.844}},{"type":"Feature","geometry":{"type":"Point","coordinates":[110.56987,-6.81132]},"properties":{"rate_time":-0.153}},{"type":"Feature","geometry":{"type":"Point","coordinates":[110.56961,-6.81125]},"properties":{"rate_time":-0.083}},{"type":"Feature","geometry":{"type":"Point","coordinates":[110.5708,-6.81125]},"properties":{"rate_time":2.082}},{"type":"Feature","geometry":{"type":"Point","coordinates":[110.57131,-6.81112]},"properties":{"rate_time":4.936}},{"type":"Feature","geometry":{"type":"Point","coordinates":[110.57097,-6.81105]},"properties":{"rate_time":3.042}},{"type":"Feature","geometry":{"type":"Point","coordinates":[110.57075,-6.81092]},"properties":{"rate_time":2.307}},{"type":"Feature","geometry":{"type":"Point","coordinates":[110.57119,-6.81089]},"properties":{"rate_time":5.14}},{"type":"Feature","geometry":{"type":"Point","coordinates":[110.5705,-6.81089]},"properties":{"rate_time":1.838}},{"type":"Feature","geometry":{"type":"Point","coordinates":[110.5713,-6.81086]},"properties":{"rate_time":5.746}},{"type":"Feature","geometry":{"type":"Point","coordinates":[110.56813,-6.81114]},"properties":{"rate_time":-0.342}},{"type":"Feature","geometry":{"type":"Point","coordinates":[110.56077,-6.81113]},"properties":{"rate_time":2.804}},{"type":"Feature","geometry":{"type":"Point","coordinates":[110.5589,-6.81112]},"properties":{"rate_time":6.056}},{"type":"Feature","geometry":{"type":"Point","coordinates":[110.56938,-6.8111]},"properties":{"rate_time":-0.242}},{"type":"Feature","geometry":{"type":"Point","coordinates":[110.55868,-6.81109]},"properties":{"rate_time":6.091}},{"type":"Feature","geometry":{"type":"Point","coordinates":[110.55689,-6.81105]},"properties":{"rate_time":0.24}},{"type":"Feature","geometry":{"type":"Point","coordinates":[110.56027,-6.81105]},"properties":{"rate_time":4.049}},{"type":"Feature","geometry":{"type":"Point","coordinates":[110.54943,-6.81104]},"properties":{"rate_time":1.602}},{"type":"Feature","geometry":{"type":"Point","coordinates":[110.55511,-6.811]},"properties":{"rate_time":0.533}},{"type":"Feature","geometry":{"type":"Point","coordinates":[110.55733,-6.81099]},"properties":{"rate_time":1.43}},{"type":"Feature","geometry":{"type":"Point","coordinates":[110.56915,-6.81096]},"properties":{"rate_time":-0.238}},{"type":"Feature","geometry":{"type":"Point","coordinates":[110.56098,-6.81095]},"properties":{"rate_time":-0.255}},{"type":"Feature","geometry":{"type":"Point","coordinates":[110.55103,-6.81093]},"properties":{"rate_time":2.227}},{"type":"Feature","geometry":{"type":"Point","coordinates":[110.55846,-6.81092]},"properties":{"rate_time":5.898}},{"type":"Feature","geometry":{"type":"Point","coordinates":[110.55673,-6.81084]},"properties":{"rate_time":0.238}},{"type":"Feature","geometry":{"type":"Point","coordinates":[110.56892,-6.81082]},"properties":{"rate_time":-0.266}},{"type":"Feature","geometry":{"type":"Point","coordinates":[110.5549,-6.81082]},"properties":{"rate_time":0.158}},{"type":"Feature","geometry":{"type":"Point","coordinates":[110.55753,-6.81082]},"properties":{"rate_time":3.145}},{"type":"Feature","geometry":{"type":"Point","coordinates":[110.54956,-6.8108]},"properties":{"rate_time":1.535}},{"type":"Feature","geometry":{"type":"Point","coordinates":[110.56019,-6.81079]},"properties":{"rate_time":3.751}},{"type":"Feature","geometry":{"type":"Point","coordinates":[110.57023,-6.81077]},"properties":{"rate_time":2.2}},{"type":"Feature","geometry":{"type":"Point","coordinates":[110.56998,-6.81077]},"properties":{"rate_time":-0.078}},{"type":"Feature","geometry":{"type":"Point","coordinates":[110.57097,-6.81076]},"properties":{"rate_time":5.058}},{"type":"Feature","geometry":{"type":"Point","coordinates":[110.57326,-6.81073]},"properties":{"rate_time":3.243}},{"type":"Feature","geometry":{"type":"Point","coordinates":[110.57304,-6.81073]},"properties":{"rate_time":0.956}},{"type":"Feature","geometry":{"type":"Point","coordinates":[110.56975,-6.81063]},"properties":{"rate_time":-0.385}},{"type":"Feature","geometry":{"type":"Point","coordinates":[110.57144,-6.81063]},"properties":{"rate_time":7.356}},{"type":"Feature","geometry":{"type":"Point","coordinates":[110.57044,-6.81063]},"properties":{"rate_time":3.575}},{"type":"Feature","geometry":{"type":"Point","coordinates":[110.57349,-6.81059]},"properties":{"rate_time":1.306}},{"type":"Feature","geometry":{"type":"Point","coordinates":[110.57282,-6.81057]},"properties":{"rate_time":0.321}},{"type":"Feature","geometry":{"type":"Point","coordinates":[110.56117,-6.81076]},"properties":{"rate_time":0.08}},{"type":"Feature","geometry":{"type":"Point","coordinates":[110.55865,-6.81075]},"properties":{"rate_time":2.013}},{"type":"Feature","geometry":{"type":"Point","coordinates":[110.56143,-6.81074]},"properties":{"rate_time":0.721}},{"type":"Feature","geometry":{"type":"Point","coordinates":[110.5617,-6.81073]},"properties":{"rate_time":0.163}},{"type":"Feature","geometry":{"type":"Point","coordinates":[110.55119,-6.81071]},"properties":{"rate_time":2.336}},{"type":"Feature","geometry":{"type":"Point","coordinates":[110.56868,-6.81069]},"properties":{"rate_time":-0.167}},{"type":"Feature","geometry":{"type":"Point","coordinates":[110.55468,-6.81066]},"properties":{"rate_time":-0.395}},{"type":"Feature","geometry":{"type":"Point","coordinates":[110.56195,-6.81063]},"properties":{"rate_time":-0.078}},{"type":"Feature","geometry":{"type":"Point","coordinates":[110.55672,-6.81058]},"properties":{"rate_time":0.64}},{"type":"Feature","geometry":{"type":"Point","coordinates":[110.55766,-6.81058]},"properties":{"rate_time":3.621}},{"type":"Feature","geometry":{"type":"Point","coordinates":[110.54971,-6.81058]},"properties":{"rate_time":1.388}},{"type":"Feature","geometry":{"type":"Point","coordinates":[110.55882,-6.81056]},"properties":{"rate_time":-2.438}},{"type":"Feature","geometry":{"type":"Point","coordinates":[110.56845,-6.81055]},"properties":{"rate_time":-0.029}},{"type":"Feature","geometry":{"type":"Point","coordinates":[110.56021,-6.81053]},"properties":{"rate_time":-1.631}},{"type":"Feature","geometry":{"type":"Point","coordinates":[110.55446,-6.81051]},"properties":{"rate_time":-0.495}},{"type":"Feature","geometry":{"type":"Point","coordinates":[110.55135,-6.8105]},"properties":{"rate_time":0.885}},{"type":"Feature","geometry":{"type":"Point","coordinates":[110.55811,-6.81047]},"properties":{"rate_time":4.724}},{"type":"Feature","geometry":{"type":"Point","coordinates":[110.56215,-6.81046]},"properties":{"rate_time":-0.351}},{"type":"Feature","geometry":{"type":"Point","coordinates":[110.55784,-6.81046]},"properties":{"rate_time":4.365}},{"type":"Feature","geometry":{"type":"Point","coordinates":[110.56822,-6.8104]},"properties":{"rate_time":-0.128}},{"type":"Feature","geometry":{"type":"Point","coordinates":[110.55835,-6.81039]},"properties":{"rate_time":4.918}},{"type":"Feature","geometry":{"type":"Point","coordinates":[110.5569,-6.81037]},"properties":{"rate_time":0.701}},{"type":"Feature","geometry":{"type":"Point","coordinates":[110.54984,-6.81034]},"properties":{"rate_time":1.533}},{"type":"Feature","geometry":{"type":"Point","coordinates":[110.55426,-6.81033]},"properties":{"rate_time":-0.024}},{"type":"Feature","geometry":{"type":"Point","coordinates":[110.55883,-6.81029]},"properties":{"rate_time":-3.934}},{"type":"Feature","geometry":{"type":"Point","coordinates":[110.56033,-6.81029]},"properties":{"rate_time":-0.804}},{"type":"Feature","geometry":{"type":"Point","coordinates":[110.56137,-6.81028]},"properties":{"rate_time":-0.474}},{"type":"Feature","geometry":{"type":"Point","coordinates":[110.5611,-6.81027]},"properties":{"rate_time":-0.182}},{"type":"Feature","geometry":{"type":"Point","coordinates":[110.55149,-6.81027]},"properties":{"rate_time":0.648}},{"type":"Feature","geometry":{"type":"Point","coordinates":[110.56947,-6.81025]},"properties":{"rate_time":-0.58}},{"type":"Feature","geometry":{"type":"Point","coordinates":[110.57373,-6.81048]},"properties":{"rate_time":-1.35}},{"type":"Feature","geometry":{"type":"Point","coordinates":[110.5726,-6.81041]},"properties":{"rate_time":3.473}},{"type":"Feature","geometry":{"type":"Point","coordinates":[110.57156,-6.81039]},"properties":{"rate_time":8.822}},{"type":"Feature","geometry":{"type":"Point","coordinates":[110.56967,-6.81038]},"properties":{"rate_time":0.073}},{"type":"Feature","geometry":{"type":"Point","coordinates":[110.57384,-6.81031]},"properties":{"rate_time":-0.915}},{"type":"Feature","geometry":{"type":"Point","coordinates":[110.57241,-6.81022]},"properties":{"rate_time":3.773}},{"type":"Feature","geometry":{"type":"Point","coordinates":[110.57154,-6.81012]},"properties":{"rate_time":10.177}},{"type":"Feature","geometry":{"type":"Point","coordinates":[110.57365,-6.81012]},"properties":{"rate_time":2.319}},{"type":"Feature","geometry":{"type":"Point","coordinates":[110.57218,-6.81008]},"properties":{"rate_time":6.367}},{"type":"Feature","geometry":{"type":"Point","coordinates":[110.57317,-6.80998]},"properties":{"rate_time":3.186}},{"type":"Feature","geometry":{"type":"Point","coordinates":[110.56231,-6.81025]},"properties":{"rate_time":0.083}},{"type":"Feature","geometry":{"type":"Point","coordinates":[110.56083,-6.81022]},"properties":{"rate_time":0.178}},{"type":"Feature","geometry":{"type":"Point","coordinates":[110.56802,-6.81022]},"properties":{"rate_time":-0.276}},{"type":"Feature","geometry":{"type":"Point","coordinates":[110.55856,-6.81022]},"properties":{"rate_time":-1.573}},{"type":"Feature","geometry":{"type":"Point","coordinates":[110.56056,-6.8102]},"properties":{"rate_time":-1.439}},{"type":"Feature","geometry":{"type":"Point","coordinates":[110.55403,-6.81018]},"properties":{"rate_time":0.655}},{"type":"Feature","geometry":{"type":"Point","coordinates":[110.56921,-6.81018]},"properties":{"rate_time":-0.086}},{"type":"Feature","geometry":{"type":"Point","coordinates":[110.55705,-6.81015]},"properties":{"rate_time":3.639}},{"type":"Feature","geometry":{"type":"Point","coordinates":[110.56157,-6.81013]},"properties":{"rate_time":-0.71}},{"type":"Feature","geometry":{"type":"Point","coordinates":[110.54999,-6.81012]},"properties":{"rate_time":1.841}},{"type":"Feature","geometry":{"type":"Point","coordinates":[110.55167,-6.81006]},"properties":{"rate_time":0.635}},{"type":"Feature","geometry":{"type":"Point","coordinates":[110.56781,-6.81005]},"properties":{"rate_time":-0.292}},{"type":"Feature","geometry":{"type":"Point","coordinates":[110.55877,-6.81005]},"properties":{"rate_time":-0.442}},{"type":"Feature","geometry":{"type":"Point","coordinates":[110.5538,-6.81003]},"properties":{"rate_time":0.733}},{"type":"Feature","geometry":{"type":"Point","coordinates":[110.56903,-6.81001]},"properties":{"rate_time":-0.016}},{"type":"Feature","geometry":{"type":"Point","coordinates":[110.5624,-6.80999]},"properties":{"rate_time":-1.965}},{"type":"Feature","geometry":{"type":"Point","coordinates":[110.55675,-6.80997]},"properties":{"rate_time":2.105}},{"type":"Feature","geometry":{"type":"Point","coordinates":[110.55652,-6.80993]},"properties":{"rate_time":2.306}},{"type":"Feature","geometry":{"type":"Point","coordinates":[110.56171,-6.8099]},"properties":{"rate_time":-1.698}},{"type":"Feature","geometry":{"type":"Point","coordinates":[110.55713,-6.8099]},"properties":{"rate_time":2.37}},{"type":"Feature","geometry":{"type":"Point","coordinates":[110.55539,-6.80989]},"properties":{"rate_time":0.426}},{"type":"Feature","geometry":{"type":"Point","coordinates":[110.55014,-6.80989]},"properties":{"rate_time":2.002}},{"type":"Feature","geometry":{"type":"Point","coordinates":[110.56761,-6.80987]},"properties":{"rate_time":-0.358}},{"type":"Feature","geometry":{"type":"Point","coordinates":[110.55563,-6.80987]},"properties":{"rate_time":0.448}},{"type":"Feature","geometry":{"type":"Point","coordinates":[110.557,-6.80986]},"properties":{"rate_time":2.033}},{"type":"Feature","geometry":{"type":"Point","coordinates":[110.55185,-6.80986]},"properties":{"rate_time":0.844}},{"type":"Feature","geometry":{"type":"Point","coordinates":[110.55361,-6.80984]},"properties":{"rate_time":-0.303}},{"type":"Feature","geometry":{"type":"Point","coordinates":[110.56596,-6.80979]},"properties":{"rate_time":-0.762}},{"type":"Feature","geometry":{"type":"Point","coordinates":[110.55515,-6.80977]},"properties":{"rate_time":-0.705}},{"type":"Feature","geometry":{"type":"Point","coordinates":[110.56905,-6.80975]},"properties":{"rate_time":0.179}},{"type":"Feature","geometry":{"type":"Point","coordinates":[110.55634,-6.80973]},"properties":{"rate_time":0.195}},{"type":"Feature","geometry":{"type":"Point","coordinates":[110.56242,-6.80973]},"properties":{"rate_time":0.269}},{"type":"Feature","geometry":{"type":"Point","coordinates":[110.55586,-6.80972]},"properties":{"rate_time":-0.412}},{"type":"Feature","geometry":{"type":"Point","coordinates":[110.55337,-6.80972]},"properties":{"rate_time":0.221}},{"type":"Feature","geometry":{"type":"Point","coordinates":[110.56617,-6.80969]},"properties":{"rate_time":-0.662}},{"type":"Feature","geometry":{"type":"Point","coordinates":[110.56741,-6.80969]},"properties":{"rate_time":-0.375}},{"type":"Feature","geometry":{"type":"Point","coordinates":[110.55205,-6.80968]},"properties":{"rate_time":1.921}},{"type":"Feature","geometry":{"type":"Point","coordinates":[110.56186,-6.80968]},"properties":{"rate_time":-10.624}},{"type":"Feature","geometry":{"type":"Point","coordinates":[110.56574,-6.80967]},"properties":{"rate_time":-0.557}},{"type":"Feature","geometry":{"type":"Point","coordinates":[110.55028,-6.80965]},"properties":{"rate_time":1.915}},{"type":"Feature","geometry":{"type":"Point","coordinates":[110.57344,-6.80995]},"properties":{"rate_time":3.36}},{"type":"Feature","geometry":{"type":"Point","coordinates":[110.57292,-6.80989]},"properties":{"rate_time":4.343}},{"type":"Feature","geometry":{"type":"Point","coordinates":[110.57201,-6.80987]},"properties":{"rate_time":10.071}},{"type":"Feature","geometry":{"type":"Point","coordinates":[110.57162,-6.80987]},"properties":{"rate_time":6.507}},{"type":"Feature","geometry":{"type":"Point","coordinates":[110.5727,-6.80973]},"properties":{"rate_time":0.215}},{"type":"Feature","geometry":{"type":"Point","coordinates":[110.5718,-6.80969]},"properties":{"rate_time":6.919}},{"type":"Feature","geometry":{"type":"Point","coordinates":[110.57247,-6.80959]},"properties":{"rate_time":0.667}},{"type":"Feature","geometry":{"type":"Point","coordinates":[110.57223,-6.80949]},"properties":{"rate_time":3.498}},{"type":"Feature","geometry":{"type":"Point","coordinates":[110.57198,-6.80939]},"properties":{"rate_time":6.977}},{"type":"Feature","geometry":{"type":"Point","coordinates":[110.57177,-6.80922]},"properties":{"rate_time":8.977}},{"type":"Feature","geometry":{"type":"Point","coordinates":[110.55609,-6.80962]},"properties":{"rate_time":-1.463}},{"type":"Feature","geometry":{"type":"Point","coordinates":[110.55493,-6.80961]},"properties":{"rate_time":-0.26}},{"type":"Feature","geometry":{"type":"Point","coordinates":[110.55316,-6.80954]},"properties":{"rate_time":0.124}},{"type":"Feature","geometry":{"type":"Point","coordinates":[110.56718,-6.80954]},"properties":{"rate_time":-0.273}},{"type":"Feature","geometry":{"type":"Point","coordinates":[110.55227,-6.80952]},"properties":{"rate_time":1.492}},{"type":"Feature","geometry":{"type":"Point","coordinates":[110.56918,-6.80951]},"properties":{"rate_time":-0.069}},{"type":"Feature","geometry":{"type":"Point","coordinates":[110.5623,-6.80949]},"properties":{"rate_time":-1.305}},{"type":"Feature","geometry":{"type":"Point","coordinates":[110.56623,-6.80947]},"properties":{"rate_time":-0.234}},{"type":"Feature","geometry":{"type":"Point","coordinates":[110.56203,-6.80947]},"properties":{"rate_time":-7.005}},{"type":"Feature","geometry":{"type":"Point","coordinates":[110.55471,-6.80945]},"properties":{"rate_time":0.024}},{"type":"Feature","geometry":{"type":"Point","coordinates":[110.56559,-6.80944]},"properties":{"rate_time":-0.31}},{"type":"Feature","geometry":{"type":"Point","coordinates":[110.55041,-6.80942]},"properties":{"rate_time":1.574}},{"type":"Feature","geometry":{"type":"Point","coordinates":[110.55295,-6.80938]},"properties":{"rate_time":0.375}},{"type":"Feature","geometry":{"type":"Point","coordinates":[110.567,-6.80934]},"properties":{"rate_time":-0.218}},{"type":"Feature","geometry":{"type":"Point","coordinates":[110.55246,-6.80933]},"properties":{"rate_time":0.989}},{"type":"Feature","geometry":{"type":"Point","coordinates":[110.55449,-6.80929]},"properties":{"rate_time":-0.031}},{"type":"Feature","geometry":{"type":"Point","coordinates":[110.56933,-6.80929]},"properties":{"rate_time":0.18}},{"type":"Feature","geometry":{"type":"Point","coordinates":[110.55271,-6.80927]},"properties":{"rate_time":0.585}},{"type":"Feature","geometry":{"type":"Point","coordinates":[110.56607,-6.80925]},"properties":{"rate_time":-0.173}},{"type":"Feature","geometry":{"type":"Point","coordinates":[110.56544,-6.80922]},"properties":{"rate_time":-1.123}},{"type":"Feature","geometry":{"type":"Point","coordinates":[110.55053,-6.80917]},"properties":{"rate_time":1.795}},{"type":"Feature","geometry":{"type":"Point","coordinates":[110.55426,-6.80914]},"properties":{"rate_time":0.412}},{"type":"Feature","geometry":{"type":"Point","coordinates":[110.56682,-6.80913]},"properties":{"rate_time":-0.184}},{"type":"Feature","geometry":{"type":"Point","coordinates":[110.56588,-6.80906]},"properties":{"rate_time":-0.218}},{"type":"Feature","geometry":{"type":"Point","coordinates":[110.56523,-6.80906]},"properties":{"rate_time":-0.192}},{"type":"Feature","geometry":{"type":"Point","coordinates":[110.55402,-6.80902]},"properties":{"rate_time":0.506}},{"type":"Feature","geometry":{"type":"Point","coordinates":[110.55066,-6.80894]},"properties":{"rate_time":1.716}},{"type":"Feature","geometry":{"type":"Point","coordinates":[110.56665,-6.80892]},"properties":{"rate_time":-0.072}},{"type":"Feature","geometry":{"type":"Point","coordinates":[110.56501,-6.80889]},"properties":{"rate_time":-0.244}},{"type":"Feature","geometry":{"type":"Point","coordinates":[110.55383,-6.80884]},"properties":{"rate_time":0.345}},{"type":"Feature","geometry":{"type":"Point","coordinates":[110.56952,-6.80909]},"properties":{"rate_time":0.074}},{"type":"Feature","geometry":{"type":"Point","coordinates":[110.57155,-6.80906]},"properties":{"rate_time":9.03}},{"type":"Feature","geometry":{"type":"Point","coordinates":[110.56971,-6.8089]},"properties":{"rate_time":0.2}},{"type":"Feature","geometry":{"type":"Point","coordinates":[110.57134,-6.80888]},"properties":{"rate_time":10.729}},{"type":"Feature","geometry":{"type":"Point","coordinates":[110.56989,-6.80869]},"properties":{"rate_time":0.651}},{"type":"Feature","geometry":{"type":"Point","coordinates":[110.57115,-6.80869]},"properties":{"rate_time":1.765}},{"type":"Feature","geometry":{"type":"Point","coordinates":[110.57007,-6.8085]},"properties":{"rate_time":4.491}},{"type":"Feature","geometry":{"type":"Point","coordinates":[110.57101,-6.80846]},"properties":{"rate_time":11.407}},{"type":"Feature","geometry":{"type":"Point","coordinates":[110.5708,-6.80829]},"properties":{"rate_time":2.389}},{"type":"Feature","geometry":{"type":"Point","coordinates":[110.57012,-6.80824]},"properties":{"rate_time":3.902}},{"type":"Feature","geometry":{"type":"Point","coordinates":[110.56572,-6.80884]},"properties":{"rate_time":-0.123}},{"type":"Feature","geometry":{"type":"Point","coordinates":[110.5648,-6.80872]},"properties":{"rate_time":-0.478}},{"type":"Feature","geometry":{"type":"Point","coordinates":[110.55082,-6.80872]},"properties":{"rate_time":1.643}},{"type":"Feature","geometry":{"type":"Point","coordinates":[110.56647,-6.80872]},"properties":{"rate_time":-0.05}},{"type":"Feature","geometry":{"type":"Point","coordinates":[110.55382,-6.80864]},"properties":{"rate_time":-0.437}},{"type":"Feature","geometry":{"type":"Point","coordinates":[110.56557,-6.80861]},"properties":{"rate_time":-0.021}},{"type":"Feature","geometry":{"type":"Point","coordinates":[110.56459,-6.80855]},"properties":{"rate_time":-0.597}},{"type":"Feature","geometry":{"type":"Point","coordinates":[110.56627,-6.80853]},"properties":{"rate_time":0.005}},{"type":"Feature","geometry":{"type":"Point","coordinates":[110.55094,-6.80847]},"properties":{"rate_time":1.59}},{"type":"Feature","geometry":{"type":"Point","coordinates":[110.56435,-6.80847]},"properties":{"rate_time":-0.415}},{"type":"Feature","geometry":{"type":"Point","coordinates":[110.554,-6.80844]},"properties":{"rate_time":-0.689}},{"type":"Feature","geometry":{"type":"Point","coordinates":[110.5641,-6.80844]},"properties":{"rate_time":-0.107}},{"type":"Feature","geometry":{"type":"Point","coordinates":[110.5654,-6.8084]},"properties":{"rate_time":-0.047}},{"type":"Feature","geometry":{"type":"Point","coordinates":[110.56609,-6.80833]},"properties":{"rate_time":0.013}},{"type":"Feature","geometry":{"type":"Point","coordinates":[110.56388,-6.80828]},"properties":{"rate_time":0.075}},{"type":"Feature","geometry":{"type":"Point","coordinates":[110.55104,-6.80822]},"properties":{"rate_time":2.782}},{"type":"Feature","geometry":{"type":"Point","coordinates":[110.56522,-6.8082]},"properties":{"rate_time":-0.043}},{"type":"Feature","geometry":{"type":"Point","coordinates":[110.554,-6.80817]},"properties":{"rate_time":-0.247}},{"type":"Feature","geometry":{"type":"Point","coordinates":[110.55747,-6.80816]},"properties":{"rate_time":-2.586}},{"type":"Feature","geometry":{"type":"Point","coordinates":[110.56594,-6.80811]},"properties":{"rate_time":-0.049}},{"type":"Feature","geometry":{"type":"Point","coordinates":[110.56367,-6.80811]},"properties":{"rate_time":0.034}},{"type":"Feature","geometry":{"type":"Point","coordinates":[110.5573,-6.80809]},"properties":{"rate_time":-4.299}},{"type":"Feature","geometry":{"type":"Point","coordinates":[110.55771,-6.80802]},"properties":{"rate_time":-1.106}},{"type":"Feature","geometry":{"type":"Point","coordinates":[110.56274,-6.808]},"properties":{"rate_time":0.005}},{"type":"Feature","geometry":{"type":"Point","coordinates":[110.55118,-6.80799]},"properties":{"rate_time":3.679}},{"type":"Feature","geometry":{"type":"Point","coordinates":[110.56505,-6.80798]},"properties":{"rate_time":0.047}},{"type":"Feature","geometry":{"type":"Point","coordinates":[110.55949,-6.80798]},"properties":{"rate_time":0.7}},{"type":"Feature","geometry":{"type":"Point","coordinates":[110.56346,-6.80794]},"properties":{"rate_time":0.078}},{"type":"Feature","geometry":{"type":"Point","coordinates":[110.55969,-6.80794]},"properties":{"rate_time":0.015}},{"type":"Feature","geometry":{"type":"Point","coordinates":[110.55385,-6.80794]},"properties":{"rate_time":0.371}},{"type":"Feature","geometry":{"type":"Point","coordinates":[110.56297,-6.80791]},"properties":{"rate_time":-0.055}},{"type":"Feature","geometry":{"type":"Point","coordinates":[110.55974,-6.80789]},"properties":{"rate_time":0.278}},{"type":"Feature","geometry":{"type":"Point","coordinates":[110.56578,-6.80788]},"properties":{"rate_time":-0.133}},{"type":"Feature","geometry":{"type":"Point","coordinates":[110.56321,-6.80784]},"properties":{"rate_time":-0.077}},{"type":"Feature","geometry":{"type":"Point","coordinates":[110.55729,-6.80782]},"properties":{"rate_time":-4.09}},{"type":"Feature","geometry":{"type":"Point","coordinates":[110.55788,-6.80782]},"properties":{"rate_time":-1.612}},{"type":"Feature","geometry":{"type":"Point","coordinates":[110.56486,-6.80779]},"properties":{"rate_time":0.045}},{"type":"Feature","geometry":{"type":"Point","coordinates":[110.55937,-6.80777]},"properties":{"rate_time":-0.058}},{"type":"Feature","geometry":{"type":"Point","coordinates":[110.55133,-6.80777]},"properties":{"rate_time":3.564}},{"type":"Feature","geometry":{"type":"Point","coordinates":[110.5623,-6.80772]},"properties":{"rate_time":-0.072}},{"type":"Feature","geometry":{"type":"Point","coordinates":[110.55994,-6.80771]},"properties":{"rate_time":0.941}},{"type":"Feature","geometry":{"type":"Point","coordinates":[110.5656,-6.80768]},"properties":{"rate_time":-0.031}},{"type":"Feature","geometry":{"type":"Point","coordinates":[110.55386,-6.80767]},"properties":{"rate_time":0.501}},{"type":"Feature","geometry":{"type":"Point","coordinates":[110.55808,-6.80765]},"properties":{"rate_time":-0.912}},{"type":"Feature","geometry":{"type":"Point","coordinates":[110.56467,-6.80761]},"properties":{"rate_time":-0.075}},{"type":"Feature","geometry":{"type":"Point","coordinates":[110.55737,-6.80756]},"properties":{"rate_time":-3.802}},{"type":"Feature","geometry":{"type":"Point","coordinates":[110.55149,-6.80754]},"properties":{"rate_time":3.53}},{"type":"Feature","geometry":{"type":"Point","coordinates":[110.55943,-6.80751]},"properties":{"rate_time":1.014}},{"type":"Feature","geometry":{"type":"Point","coordinates":[110.56213,-6.80751]},"properties":{"rate_time":-0.204}},{"type":"Feature","geometry":{"type":"Point","coordinates":[110.56543,-6.80747]},"properties":{"rate_time":0.024}},{"type":"Feature","geometry":{"type":"Point","coordinates":[110.56394,-6.80746]},"properties":{"rate_time":-1.33}},{"type":"Feature","geometry":{"type":"Point","coordinates":[110.56002,-6.80746]},"properties":{"rate_time":3.458}},{"type":"Feature","geometry":{"type":"Point","coordinates":[110.554,-6.80745]},"properties":{"rate_time":0.34}},{"type":"Feature","geometry":{"type":"Point","coordinates":[110.55823,-6.80743]},"properties":{"rate_time":-1.177}},{"type":"Feature","geometry":{"type":"Point","coordinates":[110.56448,-6.80741]},"properties":{"rate_time":-0.168}},{"type":"Feature","geometry":{"type":"Point","coordinates":[110.56421,-6.80741]},"properties":{"rate_time":-0.631}},{"type":"Feature","geometry":{"type":"Point","coordinates":[110.56193,-6.80733]},"properties":{"rate_time":-0.275}},{"type":"Feature","geometry":{"type":"Point","coordinates":[110.55162,-6.80731]},"properties":{"rate_time":3.534}},{"type":"Feature","geometry":{"type":"Point","coordinates":[110.55744,-6.80731]},"properties":{"rate_time":-2.266}},{"type":"Feature","geometry":{"type":"Point","coordinates":[110.56374,-6.80729]},"properties":{"rate_time":-1.271}},{"type":"Feature","geometry":{"type":"Point","coordinates":[110.55956,-6.80728]},"properties":{"rate_time":4.117}},{"type":"Feature","geometry":{"type":"Point","coordinates":[110.56527,-6.80725]},"properties":{"rate_time":0.058}},{"type":"Feature","geometry":{"type":"Point","coordinates":[110.55416,-6.80723]},"properties":{"rate_time":0.677}},{"type":"Feature","geometry":{"type":"Point","coordinates":[110.55813,-6.80722]},"properties":{"rate_time":-0.64}},{"type":"Feature","geometry":{"type":"Point","coordinates":[110.56169,-6.80721]},"properties":{"rate_time":-0.081}},{"type":"Feature","geometry":{"type":"Point","coordinates":[110.5601,-6.8072]},"properties":{"rate_time":4.959}},{"type":"Feature","geometry":{"type":"Point","coordinates":[110.55979,-6.80713]},"properties":{"rate_time":1.548}},{"type":"Feature","geometry":{"type":"Point","coordinates":[110.55176,-6.80708]},"properties":{"rate_time":3.603}},{"type":"Feature","geometry":{"type":"Point","coordinates":[110.56359,-6.80707]},"properties":{"rate_time":-1.409}},{"type":"Feature","geometry":{"type":"Point","coordinates":[110.56005,-6.80706]},"properties":{"rate_time":1.308}},{"type":"Feature","geometry":{"type":"Point","coordinates":[110.55745,-6.80705]},"properties":{"rate_time":-1.129}},{"type":"Feature","geometry":{"type":"Point","coordinates":[110.56509,-6.80705]},"properties":{"rate_time":0.099}},{"type":"Feature","geometry":{"type":"Point","coordinates":[110.55808,-6.80704]},"properties":{"rate_time":-0.23}},{"type":"Feature","geometry":{"type":"Point","coordinates":[110.55433,-6.80702]},"properties":{"rate_time":0.222}},{"type":"Feature","geometry":{"type":"Point","coordinates":[110.56151,-6.80702]},"properties":{"rate_time":0.001}},{"type":"Feature","geometry":{"type":"Point","coordinates":[110.55482,-6.80693]},"properties":{"rate_time":-0.012}},{"type":"Feature","geometry":{"type":"Point","coordinates":[110.55506,-6.80693]},"properties":{"rate_time":0.219}},{"type":"Feature","geometry":{"type":"Point","coordinates":[110.55455,-6.8069]},"properties":{"rate_time":0.622}},{"type":"Feature","geometry":{"type":"Point","coordinates":[110.55766,-6.80689]},"properties":{"rate_time":-1.078}},{"type":"Feature","geometry":{"type":"Point","coordinates":[110.5583,-6.80688]},"properties":{"rate_time":0.889}},{"type":"Feature","geometry":{"type":"Point","coordinates":[110.55193,-6.80686]},"properties":{"rate_time":3.886}},{"type":"Feature","geometry":{"type":"Point","coordinates":[110.56491,-6.80685]},"properties":{"rate_time":0.106}},{"type":"Feature","geometry":{"type":"Point","coordinates":[110.5637,-6.80684]},"properties":{"rate_time":-0.503}},{"type":"Feature","geometry":{"type":"Point","coordinates":[110.55529,-6.80679]},"properties":{"rate_time":0.521}},{"type":"Feature","geometry":{"type":"Point","coordinates":[110.56137,-6.80679]},"properties":{"rate_time":0.018}},{"type":"Feature","geometry":{"type":"Point","coordinates":[110.55555,-6.80674]},"properties":{"rate_time":-0.205}},{"type":"Feature","geometry":{"type":"Point","coordinates":[110.55633,-6.8067]},"properties":{"rate_time":-0.779}},{"type":"Feature","geometry":{"type":"Point","coordinates":[110.55784,-6.80669]},"properties":{"rate_time":0.175}},{"type":"Feature","geometry":{"type":"Point","coordinates":[110.55848,-6.80668]},"properties":{"rate_time":-0.628}},{"type":"Feature","geometry":{"type":"Point","coordinates":[110.55606,-6.80666]},"properties":{"rate_time":-0.584}},{"type":"Feature","geometry":{"type":"Point","coordinates":[110.56473,-6.80664]},"properties":{"rate_time":0.093}},{"type":"Feature","geometry":{"type":"Point","coordinates":[110.55209,-6.80664]},"properties":{"rate_time":4.362}},{"type":"Feature","geometry":{"type":"Point","coordinates":[110.56359,-6.80664]},"properties":{"rate_time":-0.048}},{"type":"Feature","geometry":{"type":"Point","coordinates":[110.55579,-6.80663]},"properties":{"rate_time":-0.41}},{"type":"Feature","geometry":{"type":"Point","coordinates":[110.56116,-6.80662]},"properties":{"rate_time":-0.061}},{"type":"Feature","geometry":{"type":"Point","coordinates":[110.55752,-6.80657]},"properties":{"rate_time":-0.589}},{"type":"Feature","geometry":{"type":"Point","coordinates":[110.55732,-6.80652]},"properties":{"rate_time":-0.201}},{"type":"Feature","geometry":{"type":"Point","coordinates":[110.5565,-6.80649]},"properties":{"rate_time":-0.384}},{"type":"Feature","geometry":{"type":"Point","coordinates":[110.55801,-6.80648]},"properties":{"rate_time":-0.435}},{"type":"Feature","geometry":{"type":"Point","coordinates":[110.55864,-6.80646]},"properties":{"rate_time":-1.02}},{"type":"Feature","geometry":{"type":"Point","coordinates":[110.56095,-6.80645]},"properties":{"rate_time":-0.071}},{"type":"Feature","geometry":{"type":"Point","coordinates":[110.56341,-6.80644]},"properties":{"rate_time":0.316}},{"type":"Feature","geometry":{"type":"Point","coordinates":[110.55774,-6.80644]},"properties":{"rate_time":0.476}},{"type":"Feature","geometry":{"type":"Point","coordinates":[110.55226,-6.80643]},"properties":{"rate_time":4.99}},{"type":"Feature","geometry":{"type":"Point","coordinates":[110.56457,-6.80643]},"properties":{"rate_time":-0.003}},{"type":"Feature","geometry":{"type":"Point","coordinates":[110.55709,-6.80637]},"properties":{"rate_time":-0.679}},{"type":"Feature","geometry":{"type":"Point","coordinates":[110.55668,-6.80629]},"properties":{"rate_time":-0.733}},{"type":"Feature","geometry":{"type":"Point","coordinates":[110.56319,-6.80628]},"properties":{"rate_time":0.491}},{"type":"Feature","geometry":{"type":"Point","coordinates":[110.56073,-6.80628]},"properties":{"rate_time":-0.084}},{"type":"Feature","geometry":{"type":"Point","coordinates":[110.55814,-6.80626]},"properties":{"rate_time":-0.996}},{"type":"Feature","geometry":{"type":"Point","coordinates":[110.55881,-6.80625]},"properties":{"rate_time":0.04}},{"type":"Feature","geometry":{"type":"Point","coordinates":[110.55791,-6.80623]},"properties":{"rate_time":-0.274}},{"type":"Feature","geometry":{"type":"Point","coordinates":[110.55242,-6.80621]},"properties":{"rate_time":5.698}},{"type":"Feature","geometry":{"type":"Point","coordinates":[110.56441,-6.80621]},"properties":{"rate_time":-0.136}},{"type":"Feature","geometry":{"type":"Point","coordinates":[110.55689,-6.80618]},"properties":{"rate_time":-0.837}},{"type":"Feature","geometry":{"type":"Point","coordinates":[110.56296,-6.80613]},"properties":{"rate_time":0.063}},{"type":"Feature","geometry":{"type":"Point","coordinates":[110.56052,-6.80612]},"properties":{"rate_time":-0.166}},{"type":"Feature","geometry":{"type":"Point","coordinates":[110.55903,-6.8061]},"properties":{"rate_time":0.025}},{"type":"Feature","geometry":{"type":"Point","coordinates":[110.55579,-6.80608]},"properties":{"rate_time":1.362}},{"type":"Feature","geometry":{"type":"Point","coordinates":[110.55606,-6.80608]},"properties":{"rate_time":1.266}},{"type":"Feature","geometry":{"type":"Point","coordinates":[110.55551,-6.80608]},"properties":{"rate_time":1.849}},{"type":"Feature","geometry":{"type":"Point","coordinates":[110.55524,-6.80605]},"properties":{"rate_time":2.444}},{"type":"Feature","geometry":{"type":"Point","coordinates":[110.55497,-6.80604]},"properties":{"rate_time":1.004}},{"type":"Feature","geometry":{"type":"Point","coordinates":[110.5547,-6.80602]},"properties":{"rate_time":1.473}},{"type":"Feature","geometry":{"type":"Point","coordinates":[110.56423,-6.806]},"properties":{"rate_time":-0.142}},{"type":"Feature","geometry":{"type":"Point","coordinates":[110.55259,-6.806]},"properties":{"rate_time":6.347}},{"type":"Feature","geometry":{"type":"Point","coordinates":[110.56276,-6.80597]},"properties":{"rate_time":-0.483}},{"type":"Feature","geometry":{"type":"Point","coordinates":[110.56029,-6.80597]},"properties":{"rate_time":-0.142}},{"type":"Feature","geometry":{"type":"Point","coordinates":[110.55926,-6.80595]},"properties":{"rate_time":0.597}},{"type":"Feature","geometry":{"type":"Point","coordinates":[110.55628,-6.80592]},"properties":{"rate_time":0.049}},{"type":"Feature","geometry":{"type":"Point","coordinates":[110.55978,-6.80592]},"properties":{"rate_time":-0.111}},{"type":"Feature","geometry":{"type":"Point","coordinates":[110.56004,-6.8059]},"properties":{"rate_time":-0.136}},{"type":"Feature","geometry":{"type":"Point","coordinates":[110.55681,-6.80588]},"properties":{"rate_time":-0.393}},{"type":"Feature","geometry":{"type":"Point","coordinates":[110.55952,-6.80587]},"properties":{"rate_time":-0.034}},{"type":"Feature","geometry":{"type":"Point","coordinates":[110.55653,-6.80586]},"properties":{"rate_time":0.096}},{"type":"Feature","geometry":{"type":"Point","coordinates":[110.55708,-6.80586]},"properties":{"rate_time":0.037}},{"type":"Feature","geometry":{"type":"Point","coordinates":[110.55735,-6.80586]},"properties":{"rate_time":-0.011}},{"type":"Feature","geometry":{"type":"Point","coordinates":[110.56252,-6.80585]},"properties":{"rate_time":-0.175}},{"type":"Feature","geometry":{"type":"Point","coordinates":[110.56403,-6.80582]},"properties":{"rate_time":-0.105}},{"type":"Feature","geometry":{"type":"Point","coordinates":[110.55279,-6.80581]},"properties":{"rate_time":6.582}},{"type":"Feature","geometry":{"type":"Point","coordinates":[110.55476,-6.80579]},"properties":{"rate_time":3.781}},{"type":"Feature","geometry":{"type":"Point","coordinates":[110.5576,-6.80579]},"properties":{"rate_time":-0.15}},{"type":"Feature","geometry":{"type":"Point","coordinates":[110.56231,-6.80569]},"properties":{"rate_time":0.408}},{"type":"Feature","geometry":{"type":"Point","coordinates":[110.56382,-6.80565]},"properties":{"rate_time":-0.114}},{"type":"Feature","geometry":{"type":"Point","coordinates":[110.55783,-6.80565]},"properties":{"rate_time":-0.92}},{"type":"Feature","geometry":{"type":"Point","coordinates":[110.55298,-6.80562]},"properties":{"rate_time":6.953}},{"type":"Feature","geometry":{"type":"Point","coordinates":[110.56206,-6.80557]},"properties":{"rate_time":0.3}},{"type":"Feature","geometry":{"type":"Point","coordinates":[110.55474,-6.80553]},"properties":{"rate_time":4.622}},{"type":"Feature","geometry":{"type":"Point","coordinates":[110.55805,-6.80548]},"properties":{"rate_time":-0.736}},{"type":"Feature","geometry":{"type":"Point","coordinates":[110.56361,-6.80547]},"properties":{"rate_time":-0.152}},{"type":"Feature","geometry":{"type":"Point","coordinates":[110.56182,-6.80545]},"properties":{"rate_time":0.404}},{"type":"Feature","geometry":{"type":"Point","coordinates":[110.55318,-6.80544]},"properties":{"rate_time":7.34}},{"type":"Feature","geometry":{"type":"Point","coordinates":[110.56156,-6.80538]},"properties":{"rate_time":0.337}},{"type":"Feature","geometry":{"type":"Point","coordinates":[110.56024,-6.80533]},"properties":{"rate_time":-0.322}},{"type":"Feature","geometry":{"type":"Point","coordinates":[110.56129,-6.80531]},"properties":{"rate_time":0.281}},{"type":"Feature","geometry":{"type":"Point","coordinates":[110.55826,-6.80531]},"properties":{"rate_time":-0.793}},{"type":"Feature","geometry":{"type":"Point","coordinates":[110.5605,-6.80531]},"properties":{"rate_time":0.106}},{"type":"Feature","geometry":{"type":"Point","coordinates":[110.55462,-6.80529]},"properties":{"rate_time":5.438}},{"type":"Feature","geometry":{"type":"Point","coordinates":[110.56342,-6.80529]},"properties":{"rate_time":-0.12}},{"type":"Feature","geometry":{"type":"Point","coordinates":[110.5534,-6.80528]},"properties":{"rate_time":7.732}},{"type":"Feature","geometry":{"type":"Point","coordinates":[110.56103,-6.80525]},"properties":{"rate_time":0.418}},{"type":"Feature","geometry":{"type":"Point","coordinates":[110.56076,-6.80524]},"properties":{"rate_time":0.401}},{"type":"Feature","geometry":{"type":"Point","coordinates":[110.56,-6.80522]},"properties":{"rate_time":-0.409}},{"type":"Feature","geometry":{"type":"Point","coordinates":[110.55364,-6.80517]},"properties":{"rate_time":5.555}},{"type":"Feature","geometry":{"type":"Point","coordinates":[110.55848,-6.80516]},"properties":{"rate_time":-0.582}},{"type":"Feature","geometry":{"type":"Point","coordinates":[110.55391,-6.80511]},"properties":{"rate_time":5.459}},{"type":"Feature","geometry":{"type":"Point","coordinates":[110.56322,-6.8051]},"properties":{"rate_time":-0.067}},{"type":"Feature","geometry":{"type":"Point","coordinates":[110.55444,-6.80508]},"properties":{"rate_time":6.265}},{"type":"Feature","geometry":{"type":"Point","coordinates":[110.55977,-6.80508]},"properties":{"rate_time":-0.128}},{"type":"Feature","geometry":{"type":"Point","coordinates":[110.55418,-6.80507]},"properties":{"rate_time":7.372}},{"type":"Feature","geometry":{"type":"Point","coordinates":[110.55874,-6.80506]},"properties":{"rate_time":-0.171}},{"type":"Feature","geometry":{"type":"Point","coordinates":[110.55952,-6.80498]},"properties":{"rate_time":0.159}},{"type":"Feature","geometry":{"type":"Point","coordinates":[110.55899,-6.80496]},"properties":{"rate_time":0.192}},{"type":"Feature","geometry":{"type":"Point","coordinates":[110.55926,-6.80494]},"properties":{"rate_time":0.299}},{"type":"Feature","geometry":{"type":"Point","coordinates":[110.56302,-6.80492]},"properties":{"rate_time":0.048}},{"type":"Feature","geometry":{"type":"Point","coordinates":[110.56285,-6.8047]},"properties":{"rate_time":0.161}},{"type":"Feature","geometry":{"type":"Point","coordinates":[110.56264,-6.80453]},"properties":{"rate_time":0.241}},{"type":"Feature","geometry":{"type":"Point","coordinates":[110.56242,-6.80438]},"properties":{"rate_time":-0.092}},{"type":"Feature","geometry":{"type":"Point","coordinates":[110.5626,-6.80421]},"properties":{"rate_time":-0.146}},{"type":"Feature","geometry":{"type":"Point","coordinates":[110.56281,-6.80409]},"properties":{"rate_time":-0.906}},{"type":"Feature","geometry":{"type":"Point","coordinates":[110.5626,-6.80393]},"properties":{"rate_time":0.369}},{"type":"Feature","geometry":{"type":"Point","coordinates":[110.56114,-6.80391]},"properties":{"rate_time":0.522}},{"type":"Feature","geometry":{"type":"Point","coordinates":[110.56135,-6.80382]},"properties":{"rate_time":-0.476}},{"type":"Feature","geometry":{"type":"Point","coordinates":[110.56089,-6.80381]},"properties":{"rate_time":0.887}},{"type":"Feature","geometry":{"type":"Point","coordinates":[110.56247,-6.8037]},"properties":{"rate_time":-0.2}},{"type":"Feature","geometry":{"type":"Point","coordinates":[110.55809,-6.80365]},"properties":{"rate_time":-3.038}},{"type":"Feature","geometry":{"type":"Point","coordinates":[110.55833,-6.80364]},"properties":{"rate_time":-1.223}},{"type":"Feature","geometry":{"type":"Point","coordinates":[110.56068,-6.80363]},"properties":{"rate_time":0.769}},{"type":"Feature","geometry":{"type":"Point","coordinates":[110.56117,-6.80361]},"properties":{"rate_time":-0.494}},{"type":"Feature","geometry":{"type":"Point","coordinates":[110.55858,-6.80353]},"properties":{"rate_time":-1.276}},{"type":"Feature","geometry":{"type":"Point","coordinates":[110.55789,-6.80349]},"properties":{"rate_time":-2.616}},{"type":"Feature","geometry":{"type":"Point","coordinates":[110.56045,-6.80349]},"properties":{"rate_time":1.942}},{"type":"Feature","geometry":{"type":"Point","coordinates":[110.55965,-6.80346]},"properties":{"rate_time":3.535}},{"type":"Feature","geometry":{"type":"Point","coordinates":[110.55884,-6.80346]},"properties":{"rate_time":0.79}},{"type":"Feature","geometry":{"type":"Point","coordinates":[110.55938,-6.80345]},"properties":{"rate_time":4.157}},{"type":"Feature","geometry":{"type":"Point","coordinates":[110.56239,-6.80344]},"properties":{"rate_time":-0.236}},{"type":"Feature","geometry":{"type":"Point","coordinates":[110.55992,-6.80344]},"properties":{"rate_time":2.691}},{"type":"Feature","geometry":{"type":"Point","coordinates":[110.56019,-6.80344]},"properties":{"rate_time":2.071}},{"type":"Feature","geometry":{"type":"Point","coordinates":[110.55911,-6.80343]},"properties":{"rate_time":4.583}},{"type":"Feature","geometry":{"type":"Point","coordinates":[110.57056,-6.80817]},"properties":{"rate_time":2.37}},{"type":"Feature","geometry":{"type":"Point","coordinates":[110.5703,-6.80812]},"properties":{"rate_time":6.519}},{"type":"Feature","geometry":{"type":"Point","coordinates":[110.57766,-6.79829]},"properties":{"rate_time":0.512}},{"type":"Feature","geometry":{"type":"Point","coordinates":[110.5612,-6.80342]},"properties":{"rate_time":0.064}},{"type":"Feature","geometry":{"type":"Point","coordinates":[110.55778,-6.80325]},"properties":{"rate_time":0.036}},{"type":"Feature","geometry":{"type":"Point","coordinates":[110.56225,-6.80323]},"properties":{"rate_time":-0.466}},{"type":"Feature","geometry":{"type":"Point","coordinates":[110.56124,-6.80315]},"properties":{"rate_time":0.704}},{"type":"Feature","geometry":{"type":"Point","coordinates":[110.56203,-6.80306]},"properties":{"rate_time":-0.065}},{"type":"Feature","geometry":{"type":"Point","coordinates":[110.55778,-6.80298]},"properties":{"rate_time":-0.74}},{"type":"Feature","geometry":{"type":"Point","coordinates":[110.56134,-6.80293]},"properties":{"rate_time":0.043}},{"type":"Feature","geometry":{"type":"Point","coordinates":[110.56182,-6.8029]},"properties":{"rate_time":-0.395}},{"type":"Feature","geometry":{"type":"Point","coordinates":[110.56156,-6.80282]},"properties":{"rate_time":-0.17}},{"type":"Feature","geometry":{"type":"Point","coordinates":[110.55787,-6.80272]},"properties":{"rate_time":-1.446}},{"type":"Feature","geometry":{"type":"Point","coordinates":[110.55796,-6.80246]},"properties":{"rate_time":3.42}},{"type":"Feature","geometry":{"type":"Point","coordinates":[110.55797,-6.80219]},"properties":{"rate_time":0.79}},{"type":"Feature","geometry":{"type":"Point","coordinates":[110.55799,-6.80192]},"properties":{"rate_time":-0.24}},{"type":"Feature","geometry":{"type":"Point","coordinates":[110.55804,-6.80166]},"properties":{"rate_time":0.989}},{"type":"Feature","geometry":{"type":"Point","coordinates":[110.55816,-6.80141]},"properties":{"rate_time":1.088}},{"type":"Feature","geometry":{"type":"Point","coordinates":[110.55825,-6.80116]},"properties":{"rate_time":0.66}},{"type":"Feature","geometry":{"type":"Point","coordinates":[110.55834,-6.8009]},"properties":{"rate_time":0.439}},{"type":"Feature","geometry":{"type":"Point","coordinates":[110.55848,-6.80067]},"properties":{"rate_time":0.308}},{"type":"Feature","geometry":{"type":"Point","coordinates":[110.55861,-6.80043]},"properties":{"rate_time":0.449}},{"type":"Feature","geometry":{"type":"Point","coordinates":[110.55872,-6.80019]},"properties":{"rate_time":0.137}},{"type":"Feature","geometry":{"type":"Point","coordinates":[110.55884,-6.79994]},"properties":{"rate_time":0.115}},{"type":"Feature","geometry":{"type":"Point","coordinates":[110.55898,-6.79971]},"properties":{"rate_time":0.213}},{"type":"Feature","geometry":{"type":"Point","coordinates":[110.55909,-6.79947]},"properties":{"rate_time":-0.097}},{"type":"Feature","geometry":{"type":"Point","coordinates":[110.55926,-6.79926]},"properties":{"rate_time":-0.246}},{"type":"Feature","geometry":{"type":"Point","coordinates":[110.55939,-6.79902]},"properties":{"rate_time":-0.743}},{"type":"Feature","geometry":{"type":"Point","coordinates":[110.55953,-6.79879]},"properties":{"rate_time":-0.663}},{"type":"Feature","geometry":{"type":"Point","coordinates":[110.5597,-6.79857]},"properties":{"rate_time":-0.726}},{"type":"Feature","geometry":{"type":"Point","coordinates":[110.55986,-6.79836]},"properties":{"rate_time":-0.758}}]}