{"type":"FeatureCollection","features":[{"id":"0","type":"Feature","properties":{"rate_time":0.04},"geometry":{"type":"Point","coordinates":[104.60307,-2.01026]}},{"id":"1","type":"Feature","properties":{"rate_time":-0.223},"geometry":{"type":"Point","coordinates":[104.60281,-2.0102]}},{"id":"2","type":"Feature","properties":{"rate_time":-0.301},"geometry":{"type":"Point","coordinates":[104.60257,-2.01009]}},{"id":"3","type":"Feature","properties":{"rate_time":-0.244},"geometry":{"type":"Point","coordinates":[104.60307,-2.01008]}},{"id":"4","type":"Feature","properties":{"rate_time":-0.565},"geometry":{"type":"Point","coordinates":[104.60232,-2.00997]}},{"id":"5","type":"Feature","properties":{"rate_time":-0.421},"geometry":{"type":"Point","coordinates":[104.60291,-2.00986]}},{"id":"6","type":"Feature","properties":{"rate_time":-0.175},"geometry":{"type":"Point","coordinates":[104.60215,-2.00976]}},{"id":"7","type":"Feature","properties":{"rate_time":-0.805},"geometry":{"type":"Point","coordinates":[104.60275,-2.00965]}},{"id":"8","type":"Feature","properties":{"rate_time":0.076},"geometry":{"type":"Point","coordinates":[104.602,-2.00954]}},{"id":"9","type":"Feature","properties":{"rate_time":-0.272},"geometry":{"type":"Point","coordinates":[104.60265,-2.00939]}},{"id":"10","type":"Feature","properties":{"rate_time":0.176},"geometry":{"type":"Point","coordinates":[104.60185,-2.00932]}},{"id":"11","type":"Feature","properties":{"rate_time":-0.187},"geometry":{"type":"Point","coordinates":[104.60253,-2.00916]}},{"id":"12","type":"Feature","properties":{"rate_time":0.058},"geometry":{"type":"Point","coordinates":[104.60165,-2.00913]}},{"id":"13","type":"Feature","properties":{"rate_time":0.0},"geometry":{"type":"Point","coordinates":[104.60145,-2.00897]}},{"id":"14","type":"Feature","properties":{"rate_time":0.677},"geometry":{"type":"Point","coordinates":[104.60119,-2.0089]}},{"id":"15","type":"Feature","properties":{"rate_time":-0.203},"geometry":{"type":"Point","coordinates":[104.60247,-2.00889]}},{"id":"16","type":"Feature","properties":{"rate_time":0.846},"geometry":{"type":"Point","coordinates":[104.60092,-2.00885]}},{"id":"17","type":"Feature","properties":{"rate_time":0.705},"geometry":{"type":"Point","coordinates":[104.60067,-2.00877]}},{"id":"18","type":"Feature","properties":{"rate_time":-0.353},"geometry":{"type":"Point","coordinates":[104.60253,-2.00863]}},{"id":"19","type":"Feature","properties":{"rate_time":1.698},"geometry":{"type":"Point","coordinates":[104.6005,-2.00856]}},{"id":"20","type":"Feature","properties":{"rate_time":-0.46},"geometry":{"type":"Point","coordinates":[104.60267,-2.0084]}},{"id":"21","type":"Feature","properties":{"rate_time":-0.024},"geometry":{"type":"Point","coordinates":[104.59515,-2.0084]}},{"id":"22","type":"Feature","properties":{"rate_time":3.704},"geometry":{"type":"Point","coordinates":[104.59999,-2.00839]}},{"id":"23","type":"Feature","properties":{"rate_time":2.231},"geometry":{"type":"Point","coordinates":[104.6003,-2.00838]}},{"id":"24","type":"Feature","properties":{"rate_time":3.474},"geometry":{"type":"Point","coordinates":[104.59979,-2.00836]}},{"id":"25","type":"Feature","properties":{"rate_time":-0.032},"geometry":{"type":"Point","coordinates":[104.5954,-2.00835]}},{"id":"26","type":"Feature","properties":{"rate_time":0.033},"geometry":{"type":"Point","coordinates":[104.59489,-2.00832]}},{"id":"27","type":"Feature","properties":{"rate_time":0.386},"geometry":{"type":"Point","coordinates":[104.59412,-2.00824]}},{"id":"28","type":"Feature","properties":{"rate_time":0.375},"geometry":{"type":"Point","coordinates":[104.59438,-2.00824]}},{"id":"29","type":"Feature","properties":{"rate_time":0.633},"geometry":{"type":"Point","coordinates":[104.59465,-2.00823]}},{"id":"30","type":"Feature","properties":{"rate_time":0.07},"geometry":{"type":"Point","coordinates":[104.59561,-2.0082]}},{"id":"31","type":"Feature","properties":{"rate_time":-0.597},"geometry":{"type":"Point","coordinates":[104.60284,-2.0082]}},{"id":"32","type":"Feature","properties":{"rate_time":4.347},"geometry":{"type":"Point","coordinates":[104.59958,-2.00819]}},{"id":"33","type":"Feature","properties":{"rate_time":1.743},"geometry":{"type":"Point","coordinates":[104.60016,-2.00818]}},{"id":"34","type":"Feature","properties":{"rate_time":0.378},"geometry":{"type":"Point","coordinates":[104.59588,-2.00817]}},{"id":"35","type":"Feature","properties":{"rate_time":0.4},"geometry":{"type":"Point","coordinates":[104.59615,-2.00815]}},{"id":"36","type":"Feature","properties":{"rate_time":0.723},"geometry":{"type":"Point","coordinates":[104.59642,-2.00814]}},{"id":"37","type":"Feature","properties":{"rate_time":0.925},"geometry":{"type":"Point","coordinates":[104.59669,-2.00813]}},{"id":"38","type":"Feature","properties":{"rate_time":4.007},"geometry":{"type":"Point","coordinates":[104.59932,-2.00813]}},{"id":"39","type":"Feature","properties":{"rate_time":0.969},"geometry":{"type":"Point","coordinates":[104.59695,-2.00812]}},{"id":"40","type":"Feature","properties":{"rate_time":0.642},"geometry":{"type":"Point","coordinates":[104.59385,-2.0082]}},{"id":"41","type":"Feature","properties":{"rate_time":-0.416},"geometry":{"type":"Point","coordinates":[104.5925,-2.00817]}},{"id":"42","type":"Feature","properties":{"rate_time":0.149},"geometry":{"type":"Point","coordinates":[104.59277,-2.00817]}},{"id":"43","type":"Feature","properties":{"rate_time":0.402},"geometry":{"type":"Point","coordinates":[104.59358,-2.00817]}},{"id":"44","type":"Feature","properties":{"rate_time":2.357},"geometry":{"type":"Point","coordinates":[104.59223,-2.00816]}},{"id":"45","type":"Feature","properties":{"rate_time":0.085},"geometry":{"type":"Point","coordinates":[104.59304,-2.00815]}},{"id":"46","type":"Feature","properties":{"rate_time":0.615},"geometry":{"type":"Point","coordinates":[104.59331,-2.00815]}},{"id":"47","type":"Feature","properties":{"rate_time":1.476},"geometry":{"type":"Point","coordinates":[104.59197,-2.00814]}},{"id":"48","type":"Feature","properties":{"rate_time":1.774},"geometry":{"type":"Point","coordinates":[104.5917,-2.00811]}},{"id":"49","type":"Feature","properties":{"rate_time":0.357},"geometry":{"type":"Point","coordinates":[104.59143,-2.00809]}},{"id":"50","type":"Feature","properties":{"rate_time":0.002},"geometry":{"type":"Point","coordinates":[104.59852,-2.00811]}},{"id":"51","type":"Feature","properties":{"rate_time":-3.732},"geometry":{"type":"Point","coordinates":[104.59879,-2.00811]}},{"id":"52","type":"Feature","properties":{"rate_time":0.21},"geometry":{"type":"Point","coordinates":[104.59722,-2.00811]}},{"id":"53","type":"Feature","properties":{"rate_time":0.297},"geometry":{"type":"Point","coordinates":[104.59825,-2.0081]}},{"id":"54","type":"Feature","properties":{"rate_time":3.645},"geometry":{"type":"Point","coordinates":[104.59905,-2.0081]}},{"id":"55","type":"Feature","properties":{"rate_time":0.551},"geometry":{"type":"Point","coordinates":[104.59798,-2.00808]}},{"id":"56","type":"Feature","properties":{"rate_time":0.708},"geometry":{"type":"Point","coordinates":[104.59771,-2.00808]}},{"id":"57","type":"Feature","properties":{"rate_time":-0.639},"geometry":{"type":"Point","coordinates":[104.60307,-2.00805]}},{"id":"58","type":"Feature","properties":{"rate_time":0.727},"geometry":{"type":"Point","coordinates":[104.59744,-2.00802]}},{"id":"59","type":"Feature","properties":{"rate_time":0.7},"geometry":{"type":"Point","coordinates":[104.59749,-2.008]}},{"id":"60","type":"Feature","properties":{"rate_time":0.194},"geometry":{"type":"Point","coordinates":[104.59116,-2.00808]}},{"id":"61","type":"Feature","properties":{"rate_time":0.604},"geometry":{"type":"Point","coordinates":[104.59089,-2.00807]}},{"id":"62","type":"Feature","properties":{"rate_time":0.961},"geometry":{"type":"Point","coordinates":[104.59063,-2.00802]}},{"id":"63","type":"Feature","properties":{"rate_time":0.996},"geometry":{"type":"Point","coordinates":[104.58984,-2.00795]}},{"id":"64","type":"Feature","properties":{"rate_time":0.398},"geometry":{"type":"Point","coordinates":[104.58957,-2.00794]}},{"id":"65","type":"Feature","properties":{"rate_time":0.998},"geometry":{"type":"Point","coordinates":[104.59037,-2.00794]}},{"id":"66","type":"Feature","properties":{"rate_time":0.993},"geometry":{"type":"Point","coordinates":[104.5901,-2.00792]}},{"id":"67","type":"Feature","properties":{"rate_time":0.295},"geometry":{"type":"Point","coordinates":[104.58931,-2.00786]}},{"id":"68","type":"Feature","properties":{"rate_time":0.179},"geometry":{"type":"Point","coordinates":[104.58905,-2.00779]}},{"id":"69","type":"Feature","properties":{"rate_time":0.404},"geometry":{"type":"Point","coordinates":[104.58881,-2.00767]}},{"id":"70","type":"Feature","properties":{"rate_time":2.053},"geometry":{"type":"Point","coordinates":[104.58144,-2.00849]}},{"id":"71","type":"Feature","properties":{"rate_time":-0.405},"geometry":{"type":"Point","coordinates":[104.58149,-2.00822]}},{"id":"72","type":"Feature","properties":{"rate_time":26.934},"geometry":{"type":"Point","coordinates":[104.5785,-2.0081]}},{"id":"73","type":"Feature","properties":{"rate_time":-0.325},"geometry":{"type":"Point","coordinates":[104.58155,-2.00796]}},{"id":"74","type":"Feature","properties":{"rate_time":25.15},"geometry":{"type":"Point","coordinates":[104.57851,-2.00783]}},{"id":"75","type":"Feature","properties":{"rate_time":-0.447},"geometry":{"type":"Point","coordinates":[104.58159,-2.00769]}},{"id":"76","type":"Feature","properties":{"rate_time":22.63},"geometry":{"type":"Point","coordinates":[104.57852,-2.00756]}},{"id":"77","type":"Feature","properties":{"rate_time":1.813},"geometry":{"type":"Point","coordinates":[104.58162,-2.00742]}},{"id":"78","type":"Feature","properties":{"rate_time":24.917},"geometry":{"type":"Point","coordinates":[104.57853,-2.00729]}},{"id":"79","type":"Feature","properties":{"rate_time":-0.727},"geometry":{"type":"Point","coordinates":[104.58164,-2.00715]}},{"id":"80","type":"Feature","properties":{"rate_time":-0.238},"geometry":{"type":"Point","coordinates":[104.60332,-2.00797]}},{"id":"81","type":"Feature","properties":{"rate_time":0.214},"geometry":{"type":"Point","coordinates":[104.60359,-2.00795]}},{"id":"82","type":"Feature","properties":{"rate_time":-0.067},"geometry":{"type":"Point","coordinates":[104.60386,-2.00794]}},{"id":"83","type":"Feature","properties":{"rate_time":0.25},"geometry":{"type":"Point","coordinates":[104.60413,-2.00792]}},{"id":"84","type":"Feature","properties":{"rate_time":1.826},"geometry":{"type":"Point","coordinates":[104.59723,-2.00785]}},{"id":"85","type":"Feature","properties":{"rate_time":1.001},"geometry":{"type":"Point","coordinates":[104.59753,-2.00774]}},{"id":"86","type":"Feature","properties":{"rate_time":0.761},"geometry":{"type":"Point","coordinates":[104.59716,-2.00761]}},{"id":"87","type":"Feature","properties":{"rate_time":1.108},"geometry":{"type":"Point","coordinates":[104.59772,-2.00755]}},{"id":"88","type":"Feature","properties":{"rate_time":0.902},"geometry":{"type":"Point","coordinates":[104.59728,-2.00738]}},{"id":"89","type":"Feature","properties":{"rate_time":1.382},"geometry":{"type":"Point","coordinates":[104.59792,-2.00736]}},{"id":"90","type":"Feature","properties":{"rate_time":0.596},"geometry":{"type":"Point","coordinates":[104.58855,-2.00759]}},{"id":"91","type":"Feature","properties":{"rate_time":0.74},"geometry":{"type":"Point","coordinates":[104.58829,-2.00755]}},{"id":"92","type":"Feature","properties":{"rate_time":1.321},"geometry":{"type":"Point","coordinates":[104.58806,-2.00742]}},{"id":"93","type":"Feature","properties":{"rate_time":2.942},"geometry":{"type":"Point","coordinates":[104.5878,-2.00735]}},{"id":"94","type":"Feature","properties":{"rate_time":4.287},"geometry":{"type":"Point","coordinates":[104.58755,-2.00724]}},{"id":"95","type":"Feature","properties":{"rate_time":4.012},"geometry":{"type":"Point","coordinates":[104.58733,-2.0071]}},{"id":"96","type":"Feature","properties":{"rate_time":3.169},"geometry":{"type":"Point","coordinates":[104.58709,-2.00698]}},{"id":"97","type":"Feature","properties":{"rate_time":6.684},"geometry":{"type":"Point","coordinates":[104.58686,-2.00685]}},{"id":"98","type":"Feature","properties":{"rate_time":5.517},"geometry":{"type":"Point","coordinates":[104.5866,-2.00677]}},{"id":"99","type":"Feature","properties":{"rate_time":14.004},"geometry":{"type":"Point","coordinates":[104.58635,-2.00667]}},{"id":"100","type":"Feature","properties":{"rate_time":0.814},"geometry":{"type":"Point","coordinates":[104.59812,-2.00718]}},{"id":"101","type":"Feature","properties":{"rate_time":1.017},"geometry":{"type":"Point","coordinates":[104.59742,-2.00716]}},{"id":"102","type":"Feature","properties":{"rate_time":-0.123},"geometry":{"type":"Point","coordinates":[104.59831,-2.00699]}},{"id":"103","type":"Feature","properties":{"rate_time":0.092},"geometry":{"type":"Point","coordinates":[104.59746,-2.00689]}},{"id":"104","type":"Feature","properties":{"rate_time":-0.092},"geometry":{"type":"Point","coordinates":[104.5985,-2.0068]}},{"id":"105","type":"Feature","properties":{"rate_time":0.054},"geometry":{"type":"Point","coordinates":[104.59761,-2.00668]}},{"id":"106","type":"Feature","properties":{"rate_time":-0.066},"geometry":{"type":"Point","coordinates":[104.59823,-2.00662]}},{"id":"107","type":"Feature","properties":{"rate_time":-0.069},"geometry":{"type":"Point","coordinates":[104.5985,-2.00661]}},{"id":"108","type":"Feature","properties":{"rate_time":-0.018},"geometry":{"type":"Point","coordinates":[104.59797,-2.0066]}},{"id":"109","type":"Feature","properties":{"rate_time":0.043},"geometry":{"type":"Point","coordinates":[104.59774,-2.00645]}},{"id":"110","type":"Feature","properties":{"rate_time":23.382},"geometry":{"type":"Point","coordinates":[104.57857,-2.00702]}},{"id":"111","type":"Feature","properties":{"rate_time":-1.068},"geometry":{"type":"Point","coordinates":[104.58172,-2.00689]}},{"id":"112","type":"Feature","properties":{"rate_time":14.179},"geometry":{"type":"Point","coordinates":[104.57869,-2.00678]}},{"id":"113","type":"Feature","properties":{"rate_time":-1.811},"geometry":{"type":"Point","coordinates":[104.58184,-2.00665]}},{"id":"114","type":"Feature","properties":{"rate_time":12.823},"geometry":{"type":"Point","coordinates":[104.57882,-2.00655]}},{"id":"115","type":"Feature","properties":{"rate_time":-1.958},"geometry":{"type":"Point","coordinates":[104.58189,-2.00638]}},{"id":"116","type":"Feature","properties":{"rate_time":12.622},"geometry":{"type":"Point","coordinates":[104.57894,-2.00631]}},{"id":"117","type":"Feature","properties":{"rate_time":13.501},"geometry":{"type":"Point","coordinates":[104.579,-2.00605]}},{"id":"118","type":"Feature","properties":{"rate_time":9.737},"geometry":{"type":"Point","coordinates":[104.57895,-2.00579]}},{"id":"119","type":"Feature","properties":{"rate_time":4.138},"geometry":{"type":"Point","coordinates":[104.57878,-2.00559]}},{"id":"120","type":"Feature","properties":{"rate_time":5.891},"geometry":{"type":"Point","coordinates":[104.58611,-2.00654]}},{"id":"121","type":"Feature","properties":{"rate_time":19.983},"geometry":{"type":"Point","coordinates":[104.58585,-2.00646]}},{"id":"122","type":"Feature","properties":{"rate_time":7.285},"geometry":{"type":"Point","coordinates":[104.58562,-2.00632]}},{"id":"123","type":"Feature","properties":{"rate_time":15.701},"geometry":{"type":"Point","coordinates":[104.58536,-2.00626]}},{"id":"124","type":"Feature","properties":{"rate_time":20.274},"geometry":{"type":"Point","coordinates":[104.5851,-2.00619]}},{"id":"125","type":"Feature","properties":{"rate_time":2.968},"geometry":{"type":"Point","coordinates":[104.58197,-2.00612]}},{"id":"126","type":"Feature","properties":{"rate_time":20.383},"geometry":{"type":"Point","coordinates":[104.58487,-2.00606]}},{"id":"127","type":"Feature","properties":{"rate_time":17.763},"geometry":{"type":"Point","coordinates":[104.58463,-2.00594]}},{"id":"128","type":"Feature","properties":{"rate_time":0.265},"geometry":{"type":"Point","coordinates":[104.58213,-2.00591]}},{"id":"129","type":"Feature","properties":{"rate_time":10.78},"geometry":{"type":"Point","coordinates":[104.58438,-2.00583]}},{"id":"130","type":"Feature","properties":{"rate_time":4.406},"geometry":{"type":"Point","coordinates":[104.57854,-2.00548]}},{"id":"131","type":"Feature","properties":{"rate_time":4.14},"geometry":{"type":"Point","coordinates":[104.57827,-2.00545]}},{"id":"132","type":"Feature","properties":{"rate_time":3.126},"geometry":{"type":"Point","coordinates":[104.57801,-2.00539]}},{"id":"133","type":"Feature","properties":{"rate_time":2.63},"geometry":{"type":"Point","coordinates":[104.57775,-2.0053]}},{"id":"134","type":"Feature","properties":{"rate_time":1.291},"geometry":{"type":"Point","coordinates":[104.57751,-2.00519]}},{"id":"135","type":"Feature","properties":{"rate_time":0.388},"geometry":{"type":"Point","coordinates":[104.57724,-2.00513]}},{"id":"136","type":"Feature","properties":{"rate_time":0.447},"geometry":{"type":"Point","coordinates":[104.57699,-2.00505]}},{"id":"137","type":"Feature","properties":{"rate_time":0.846},"geometry":{"type":"Point","coordinates":[104.57674,-2.00494]}},{"id":"138","type":"Feature","properties":{"rate_time":0.42},"geometry":{"type":"Point","coordinates":[104.57648,-2.00487]}},{"id":"139","type":"Feature","properties":{"rate_time":0.392},"geometry":{"type":"Point","coordinates":[104.57624,-2.00475]}},{"id":"140","type":"Feature","properties":{"rate_time":7.764},"geometry":{"type":"Point","coordinates":[104.58413,-2.00575]}},{"id":"141","type":"Feature","properties":{"rate_time":0.253},"geometry":{"type":"Point","coordinates":[104.58232,-2.00572]}},{"id":"142","type":"Feature","properties":{"rate_time":3.826},"geometry":{"type":"Point","coordinates":[104.58386,-2.00571]}},{"id":"143","type":"Feature","properties":{"rate_time":2.55},"geometry":{"type":"Point","coordinates":[104.5836,-2.00566]}},{"id":"144","type":"Feature","properties":{"rate_time":0.126},"geometry":{"type":"Point","coordinates":[104.58257,-2.00561]}},{"id":"145","type":"Feature","properties":{"rate_time":2.639},"geometry":{"type":"Point","coordinates":[104.58334,-2.00558]}},{"id":"146","type":"Feature","properties":{"rate_time":9.826},"geometry":{"type":"Point","coordinates":[104.58282,-2.00552]}},{"id":"147","type":"Feature","properties":{"rate_time":8.196},"geometry":{"type":"Point","coordinates":[104.58309,-2.0055]}},{"id":"148","type":"Feature","properties":{"rate_time":7.929},"geometry":{"type":"Point","coordinates":[104.59,-2.00226]}},{"id":"149","type":"Feature","properties":{"rate_time":0.744},"geometry":{"type":"Point","coordinates":[104.59108,-2.00224]}},{"id":"150","type":"Feature","properties":{"rate_time":0.186},"geometry":{"type":"Point","coordinates":[104.576,-2.00464]}},{"id":"151","type":"Feature","properties":{"rate_time":-0.007},"geometry":{"type":"Point","coordinates":[104.57575,-2.00453]}},{"id":"152","type":"Feature","properties":{"rate_time":0.06},"geometry":{"type":"Point","coordinates":[104.57555,-2.00436]}},{"id":"153","type":"Feature","properties":{"rate_time":0.306},"geometry":{"type":"Point","coordinates":[104.57534,-2.00419]}},{"id":"154","type":"Feature","properties":{"rate_time":-0.197},"geometry":{"type":"Point","coordinates":[104.57511,-2.00405]}},{"id":"155","type":"Feature","properties":{"rate_time":-0.058},"geometry":{"type":"Point","coordinates":[104.5749,-2.00387]}},{"id":"156","type":"Feature","properties":{"rate_time":0.048},"geometry":{"type":"Point","coordinates":[104.5747,-2.0037]}},{"id":"157","type":"Feature","properties":{"rate_time":0.1},"geometry":{"type":"Point","coordinates":[104.57449,-2.00353]}},{"id":"158","type":"Feature","properties":{"rate_time":0.271},"geometry":{"type":"Point","coordinates":[104.57424,-2.00344]}},{"id":"159","type":"Feature","properties":{"rate_time":0.377},"geometry":{"type":"Point","coordinates":[104.57404,-2.00326]}},{"id":"160","type":"Feature","properties":{"rate_time":0.014},"geometry":{"type":"Point","coordinates":[104.57384,-2.00307]}},{"id":"161","type":"Feature","properties":{"rate_time":1.491},"geometry":{"type":"Point","coordinates":[104.57363,-2.0029]}},{"id":"162","type":"Feature","properties":{"rate_time":1.425},"geometry":{"type":"Point","coordinates":[104.57342,-2.00274]}},{"id":"163","type":"Feature","properties":{"rate_time":0.878},"geometry":{"type":"Point","coordinates":[104.57318,-2.00262]}},{"id":"164","type":"Feature","properties":{"rate_time":0.22},"geometry":{"type":"Point","coordinates":[104.57297,-2.00245]}},{"id":"165","type":"Feature","properties":{"rate_time":-0.001},"geometry":{"type":"Point","coordinates":[104.57273,-2.00233]}},{"id":"166","type":"Feature","properties":{"rate_time":-0.08},"geometry":{"type":"Point","coordinates":[104.57251,-2.00217]}},{"id":"167","type":"Feature","properties":{"rate_time":0.186},"geometry":{"type":"Point","coordinates":[104.57228,-2.00203]}},{"id":"168","type":"Feature","properties":{"rate_time":0.294},"geometry":{"type":"Point","coordinates":[104.57205,-2.0019]}},{"id":"169","type":"Feature","properties":{"rate_time":0.606},"geometry":{"type":"Point","coordinates":[104.5718,-2.00179]}},{"id":"170","type":"Feature","properties":{"rate_time":2.308},"geometry":{"type":"Point","coordinates":[104.59081,-2.00224]}},{"id":"171","type":"Feature","properties":{"rate_time":1.338},"geometry":{"type":"Point","coordinates":[104.58974,-2.00224]}},{"id":"172","type":"Feature","properties":{"rate_time":7.417},"geometry":{"type":"Point","coordinates":[104.59027,-2.00224]}},{"id":"173","type":"Feature","properties":{"rate_time":0.959},"geometry":{"type":"Point","coordinates":[104.59054,-2.00224]}},{"id":"174","type":"Feature","properties":{"rate_time":0.283},"geometry":{"type":"Point","coordinates":[104.59216,-2.00223]}},{"id":"175","type":"Feature","properties":{"rate_time":0.12},"geometry":{"type":"Point","coordinates":[104.59243,-2.00223]}},{"id":"176","type":"Feature","properties":{"rate_time":0.237},"geometry":{"type":"Point","coordinates":[104.59189,-2.00223]}},{"id":"177","type":"Feature","properties":{"rate_time":-1.42},"geometry":{"type":"Point","coordinates":[104.59135,-2.00222]}},{"id":"178","type":"Feature","properties":{"rate_time":0.295},"geometry":{"type":"Point","coordinates":[104.59162,-2.00222]}},{"id":"179","type":"Feature","properties":{"rate_time":0.888},"geometry":{"type":"Point","coordinates":[104.58947,-2.0022]}},{"id":"180","type":"Feature","properties":{"rate_time":1.081},"geometry":{"type":"Point","coordinates":[104.59429,-2.00224]}},{"id":"181","type":"Feature","properties":{"rate_time":3.25},"geometry":{"type":"Point","coordinates":[104.59456,-2.00222]}},{"id":"182","type":"Feature","properties":{"rate_time":-0.376},"geometry":{"type":"Point","coordinates":[104.59589,-2.00222]}},{"id":"183","type":"Feature","properties":{"rate_time":0.436},"geometry":{"type":"Point","coordinates":[104.59616,-2.00222]}},{"id":"184","type":"Feature","properties":{"rate_time":0.391},"geometry":{"type":"Point","coordinates":[104.59535,-2.00221]}},{"id":"185","type":"Feature","properties":{"rate_time":-0.677},"geometry":{"type":"Point","coordinates":[104.59562,-2.00221]}},{"id":"186","type":"Feature","properties":{"rate_time":0.366},"geometry":{"type":"Point","coordinates":[104.59403,-2.00219]}},{"id":"187","type":"Feature","properties":{"rate_time":2.897},"geometry":{"type":"Point","coordinates":[104.59509,-2.00217]}},{"id":"188","type":"Feature","properties":{"rate_time":2.029},"geometry":{"type":"Point","coordinates":[104.59696,-2.00217]}},{"id":"189","type":"Feature","properties":{"rate_time":0.125},"geometry":{"type":"Point","coordinates":[104.59669,-2.00217]}},{"id":"190","type":"Feature","properties":{"rate_time":9.1},"geometry":{"type":"Point","coordinates":[104.5892,-2.00219]}},{"id":"191","type":"Feature","properties":{"rate_time":0.515},"geometry":{"type":"Point","coordinates":[104.59322,-2.00219]}},{"id":"192","type":"Feature","properties":{"rate_time":9.503},"geometry":{"type":"Point","coordinates":[104.58893,-2.00219]}},{"id":"193","type":"Feature","properties":{"rate_time":0.478},"geometry":{"type":"Point","coordinates":[104.59349,-2.00218]}},{"id":"194","type":"Feature","properties":{"rate_time":1.244},"geometry":{"type":"Point","coordinates":[104.59376,-2.00218]}},{"id":"195","type":"Feature","properties":{"rate_time":-0.11},"geometry":{"type":"Point","coordinates":[104.59269,-2.00218]}},{"id":"196","type":"Feature","properties":{"rate_time":0.14},"geometry":{"type":"Point","coordinates":[104.59296,-2.00216]}},{"id":"197","type":"Feature","properties":{"rate_time":4.833},"geometry":{"type":"Point","coordinates":[104.58867,-2.00213]}},{"id":"198","type":"Feature","properties":{"rate_time":1.75},"geometry":{"type":"Point","coordinates":[104.58841,-2.00206]}},{"id":"199","type":"Feature","properties":{"rate_time":5.199},"geometry":{"type":"Point","coordinates":[104.58814,-2.00202]}},{"id":"200","type":"Feature","properties":{"rate_time":-0.066},"geometry":{"type":"Point","coordinates":[104.6044,-2.0079]}},{"id":"201","type":"Feature","properties":{"rate_time":0.22},"geometry":{"type":"Point","coordinates":[104.60466,-2.00787]}},{"id":"202","type":"Feature","properties":{"rate_time":0.457},"geometry":{"type":"Point","coordinates":[104.60493,-2.00784]}},{"id":"203","type":"Feature","properties":{"rate_time":0.603},"geometry":{"type":"Point","coordinates":[104.6052,-2.00784]}},{"id":"204","type":"Feature","properties":{"rate_time":0.002},"geometry":{"type":"Point","coordinates":[104.60547,-2.00783]}},{"id":"205","type":"Feature","properties":{"rate_time":-0.697},"geometry":{"type":"Point","coordinates":[104.60574,-2.0078]}},{"id":"206","type":"Feature","properties":{"rate_time":-0.478},"geometry":{"type":"Point","coordinates":[104.60601,-2.00776]}},{"id":"207","type":"Feature","properties":{"rate_time":-0.442},"geometry":{"type":"Point","coordinates":[104.60627,-2.00774]}},{"id":"208","type":"Feature","properties":{"rate_time":-0.388},"geometry":{"type":"Point","coordinates":[104.60654,-2.00773]}},{"id":"209","type":"Feature","properties":{"rate_time":-0.34},"geometry":{"type":"Point","coordinates":[104.60681,-2.00769]}},{"id":"210","type":"Feature","properties":{"rate_time":-0.287},"geometry":{"type":"Point","coordinates":[104.60707,-2.00763]}},{"id":"211","type":"Feature","properties":{"rate_time":-0.185},"geometry":{"type":"Point","coordinates":[104.60732,-2.00753]}},{"id":"212","type":"Feature","properties":{"rate_time":-0.277},"geometry":{"type":"Point","coordinates":[104.60755,-2.0074]}},{"id":"213","type":"Feature","properties":{"rate_time":-0.381},"geometry":{"type":"Point","coordinates":[104.60781,-2.00731]}},{"id":"214","type":"Feature","properties":{"rate_time":-0.612},"geometry":{"type":"Point","coordinates":[104.60807,-2.00725]}},{"id":"215","type":"Feature","properties":{"rate_time":0.011},"geometry":{"type":"Point","coordinates":[104.60833,-2.00717]}},{"id":"216","type":"Feature","properties":{"rate_time":-0.231},"geometry":{"type":"Point","coordinates":[104.60856,-2.00704]}},{"id":"217","type":"Feature","properties":{"rate_time":-0.711},"geometry":{"type":"Point","coordinates":[104.60878,-2.00689]}},{"id":"218","type":"Feature","properties":{"rate_time":-0.997},"geometry":{"type":"Point","coordinates":[104.60904,-2.00682]}},{"id":"219","type":"Feature","properties":{"rate_time":-1.277},"geometry":{"type":"Point","coordinates":[104.6093,-2.00673]}},{"id":"220","type":"Feature","properties":{"rate_time":-1.0},"geometry":{"type":"Point","coordinates":[104.61147,-2.00567]}},{"id":"221","type":"Feature","properties":{"rate_time":-1.049},"geometry":{"type":"Point","coordinates":[104.61168,-2.00551]}},{"id":"222","type":"Feature","properties":{"rate_time":-1.357},"geometry":{"type":"Point","coordinates":[104.61191,-2.00536]}},{"id":"223","type":"Feature","properties":{"rate_time":-1.159},"geometry":{"type":"Point","coordinates":[104.61215,-2.00525]}},{"id":"224","type":"Feature","properties":{"rate_time":-1.97},"geometry":{"type":"Point","coordinates":[104.61241,-2.00517]}},{"id":"225","type":"Feature","properties":{"rate_time":-1.912},"geometry":{"type":"Point","coordinates":[104.61264,-2.00505]}},{"id":"226","type":"Feature","properties":{"rate_time":-3.583},"geometry":{"type":"Point","coordinates":[104.61278,-2.00482]}},{"id":"227","type":"Feature","properties":{"rate_time":-4.615},"geometry":{"type":"Point","coordinates":[104.61292,-2.00459]}},{"id":"228","type":"Feature","properties":{"rate_time":0.457},"geometry":{"type":"Point","coordinates":[104.61306,-2.00435]}},{"id":"229","type":"Feature","properties":{"rate_time":-3.65},"geometry":{"type":"Point","coordinates":[104.61318,-2.00412]}},{"id":"230","type":"Feature","properties":{"rate_time":-0.04},"geometry":{"type":"Point","coordinates":[104.60952,-2.00658]}},{"id":"231","type":"Feature","properties":{"rate_time":-0.751},"geometry":{"type":"Point","coordinates":[104.60976,-2.00647]}},{"id":"232","type":"Feature","properties":{"rate_time":-0.789},"geometry":{"type":"Point","coordinates":[104.61001,-2.00636]}},{"id":"233","type":"Feature","properties":{"rate_time":-1.369},"geometry":{"type":"Point","coordinates":[104.61026,-2.00626]}},{"id":"234","type":"Feature","properties":{"rate_time":-1.486},"geometry":{"type":"Point","coordinates":[104.61052,-2.00618]}},{"id":"235","type":"Feature","properties":{"rate_time":-0.913},"geometry":{"type":"Point","coordinates":[104.61076,-2.00606]}},{"id":"236","type":"Feature","properties":{"rate_time":-0.916},"geometry":{"type":"Point","coordinates":[104.61099,-2.00592]}},{"id":"237","type":"Feature","properties":{"rate_time":-0.782},"geometry":{"type":"Point","coordinates":[104.61122,-2.00578]}},{"id":"238","type":"Feature","properties":{"rate_time":-0.236},"geometry":{"type":"Point","coordinates":[104.60428,-2.0008]}},{"id":"239","type":"Feature","properties":{"rate_time":0.22},"geometry":{"type":"Point","coordinates":[104.60452,-2.00069]}},{"id":"240","type":"Feature","properties":{"rate_time":-13.376},"geometry":{"type":"Point","coordinates":[104.61328,-2.00386]}},{"id":"241","type":"Feature","properties":{"rate_time":-7.624},"geometry":{"type":"Point","coordinates":[104.61339,-2.00362]}},{"id":"242","type":"Feature","properties":{"rate_time":-12.843},"geometry":{"type":"Point","coordinates":[104.61359,-2.00343]}},{"id":"243","type":"Feature","properties":{"rate_time":-10.055},"geometry":{"type":"Point","coordinates":[104.61383,-2.00332]}},{"id":"244","type":"Feature","properties":{"rate_time":-5.497},"geometry":{"type":"Point","coordinates":[104.61408,-2.00323]}},{"id":"245","type":"Feature","properties":{"rate_time":-3.253},"geometry":{"type":"Point","coordinates":[104.61432,-2.00311]}},{"id":"246","type":"Feature","properties":{"rate_time":0.251},"geometry":{"type":"Point","coordinates":[104.61455,-2.00297]}},{"id":"247","type":"Feature","properties":{"rate_time":-2.938},"geometry":{"type":"Point","coordinates":[104.61476,-2.0028]}},{"id":"248","type":"Feature","properties":{"rate_time":-2.435},"geometry":{"type":"Point","coordinates":[104.61494,-2.0026]}},{"id":"249","type":"Feature","properties":{"rate_time":-0.54},"geometry":{"type":"Point","coordinates":[104.61509,-2.00237]}},{"id":"250","type":"Feature","properties":{"rate_time":-1.291},"geometry":{"type":"Point","coordinates":[104.61648,-2.00113]}},{"id":"251","type":"Feature","properties":{"rate_time":-1.593},"geometry":{"type":"Point","coordinates":[104.61669,-2.00097]}},{"id":"252","type":"Feature","properties":{"rate_time":-1.127},"geometry":{"type":"Point","coordinates":[104.6169,-2.0008]}},{"id":"253","type":"Feature","properties":{"rate_time":-0.944},"geometry":{"type":"Point","coordinates":[104.61714,-2.00068]}},{"id":"254","type":"Feature","properties":{"rate_time":-0.992},"geometry":{"type":"Point","coordinates":[104.61739,-2.00058]}},{"id":"255","type":"Feature","properties":{"rate_time":-1.085},"geometry":{"type":"Point","coordinates":[104.61759,-2.00039]}},{"id":"256","type":"Feature","properties":{"rate_time":-2.03},"geometry":{"type":"Point","coordinates":[104.61776,-2.00019]}},{"id":"257","type":"Feature","properties":{"rate_time":-2.097},"geometry":{"type":"Point","coordinates":[104.61797,-2.00001]}},{"id":"258","type":"Feature","properties":{"rate_time":-1.082},"geometry":{"type":"Point","coordinates":[104.61808,-1.99978]}},{"id":"259","type":"Feature","properties":{"rate_time":-0.805},"geometry":{"type":"Point","coordinates":[104.61815,-1.99951]}},{"id":"260","type":"Feature","properties":{"rate_time":0.336},"geometry":{"type":"Point","coordinates":[104.60477,-2.00058]}},{"id":"261","type":"Feature","properties":{"rate_time":0.605},"geometry":{"type":"Point","coordinates":[104.60498,-2.00042]}},{"id":"262","type":"Feature","properties":{"rate_time":0.654},"geometry":{"type":"Point","coordinates":[104.60524,-2.00033]}},{"id":"263","type":"Feature","properties":{"rate_time":0.344},"geometry":{"type":"Point","coordinates":[104.60547,-2.0002]}},{"id":"264","type":"Feature","properties":{"rate_time":0.447},"geometry":{"type":"Point","coordinates":[104.6057,-2.00006]}},{"id":"265","type":"Feature","properties":{"rate_time":0.48},"geometry":{"type":"Point","coordinates":[104.60592,-1.99991]}},{"id":"266","type":"Feature","properties":{"rate_time":1.34},"geometry":{"type":"Point","coordinates":[104.60613,-1.99975]}},{"id":"267","type":"Feature","properties":{"rate_time":2.167},"geometry":{"type":"Point","coordinates":[104.60634,-1.99957]}},{"id":"268","type":"Feature","properties":{"rate_time":1.16},"geometry":{"type":"Point","coordinates":[104.60653,-1.99938]}},{"id":"269","type":"Feature","properties":{"rate_time":0.934},"geometry":{"type":"Point","coordinates":[104.60673,-1.9992]}},{"id":"270","type":"Feature","properties":{"rate_time":-2.473},"geometry":{"type":"Point","coordinates":[104.61826,-1.99927]}},{"id":"271","type":"Feature","properties":{"rate_time":-0.996},"geometry":{"type":"Point","coordinates":[104.61843,-1.99906]}},{"id":"272","type":"Feature","properties":{"rate_time":-1.744},"geometry":{"type":"Point","coordinates":[104.61862,-1.99886]}},{"id":"273","type":"Feature","properties":{"rate_time":-1.441},"geometry":{"type":"Point","coordinates":[104.61871,-1.99862]}},{"id":"274","type":"Feature","properties":{"rate_time":-1.111},"geometry":{"type":"Point","coordinates":[104.61884,-1.99838]}},{"id":"275","type":"Feature","properties":{"rate_time":-0.988},"geometry":{"type":"Point","coordinates":[104.61899,-1.99816]}},{"id":"276","type":"Feature","properties":{"rate_time":-0.766},"geometry":{"type":"Point","coordinates":[104.61916,-1.99794]}},{"id":"277","type":"Feature","properties":{"rate_time":-1.769},"geometry":{"type":"Point","coordinates":[104.61934,-1.99774]}},{"id":"278","type":"Feature","properties":{"rate_time":-0.818},"geometry":{"type":"Point","coordinates":[104.61954,-1.99756]}},{"id":"279","type":"Feature","properties":{"rate_time":-0.67},"geometry":{"type":"Point","coordinates":[104.61972,-1.99736]}},{"id":"280","type":"Feature","properties":{"rate_time":0.857},"geometry":{"type":"Point","coordinates":[104.60693,-1.99901]}},{"id":"281","type":"Feature","properties":{"rate_time":1.068},"geometry":{"type":"Point","coordinates":[104.60712,-1.99882]}},{"id":"282","type":"Feature","properties":{"rate_time":1.423},"geometry":{"type":"Point","coordinates":[104.60731,-1.99863]}},{"id":"283","type":"Feature","properties":{"rate_time":3.756},"geometry":{"type":"Point","coordinates":[104.6075,-1.99843]}},{"id":"284","type":"Feature","properties":{"rate_time":7.81},"geometry":{"type":"Point","coordinates":[104.60768,-1.99823]}},{"id":"285","type":"Feature","properties":{"rate_time":8.167},"geometry":{"type":"Point","coordinates":[104.60787,-1.99804]}},{"id":"286","type":"Feature","properties":{"rate_time":7.526},"geometry":{"type":"Point","coordinates":[104.60805,-1.99784]}},{"id":"287","type":"Feature","properties":{"rate_time":4.312},"geometry":{"type":"Point","coordinates":[104.60823,-1.99764]}},{"id":"288","type":"Feature","properties":{"rate_time":3.476},"geometry":{"type":"Point","coordinates":[104.60842,-1.99744]}},{"id":"289","type":"Feature","properties":{"rate_time":1.824},"geometry":{"type":"Point","coordinates":[104.6086,-1.99724]}},{"id":"290","type":"Feature","properties":{"rate_time":-1.907},"geometry":{"type":"Point","coordinates":[104.61528,-2.00218]}},{"id":"291","type":"Feature","properties":{"rate_time":-1.599},"geometry":{"type":"Point","coordinates":[104.61547,-2.00199]}},{"id":"292","type":"Feature","properties":{"rate_time":-1.317},"geometry":{"type":"Point","coordinates":[104.61569,-2.00182]}},{"id":"293","type":"Feature","properties":{"rate_time":-0.762},"geometry":{"type":"Point","coordinates":[104.6159,-2.00167]}},{"id":"294","type":"Feature","properties":{"rate_time":-0.359},"geometry":{"type":"Point","coordinates":[104.61614,-2.00155]}},{"id":"295","type":"Feature","properties":{"rate_time":-0.492},"geometry":{"type":"Point","coordinates":[104.61629,-2.00133]}},{"id":"296","type":"Feature","properties":{"rate_time":3.792},"geometry":{"type":"Point","coordinates":[104.61157,-1.99219]}},{"id":"297","type":"Feature","properties":{"rate_time":-0.319},"geometry":{"type":"Point","coordinates":[104.61181,-1.99209]}},{"id":"298","type":"Feature","properties":{"rate_time":0.22},"geometry":{"type":"Point","coordinates":[104.61199,-1.99189]}},{"id":"299","type":"Feature","properties":{"rate_time":-0.397},"geometry":{"type":"Point","coordinates":[104.61213,-1.99166]}},{"id":"300","type":"Feature","properties":{"rate_time":-1.823},"geometry":{"type":"Point","coordinates":[104.62162,-1.99547]}},{"id":"301","type":"Feature","properties":{"rate_time":-1.855},"geometry":{"type":"Point","coordinates":[104.62182,-1.99529]}},{"id":"302","type":"Feature","properties":{"rate_time":-1.903},"geometry":{"type":"Point","coordinates":[104.62202,-1.99511]}},{"id":"303","type":"Feature","properties":{"rate_time":-1.757},"geometry":{"type":"Point","coordinates":[104.62224,-1.99494]}},{"id":"304","type":"Feature","properties":{"rate_time":-0.996},"geometry":{"type":"Point","coordinates":[104.62244,-1.99476]}},{"id":"305","type":"Feature","properties":{"rate_time":-0.974},"geometry":{"type":"Point","coordinates":[104.62262,-1.99456]}},{"id":"306","type":"Feature","properties":{"rate_time":-1.452},"geometry":{"type":"Point","coordinates":[104.6228,-1.99436]}},{"id":"307","type":"Feature","properties":{"rate_time":-1.652},"geometry":{"type":"Point","coordinates":[104.62292,-1.99412]}},{"id":"308","type":"Feature","properties":{"rate_time":-1.87},"geometry":{"type":"Point","coordinates":[104.623,-1.99387]}},{"id":"309","type":"Feature","properties":{"rate_time":-1.286},"geometry":{"type":"Point","coordinates":[104.62316,-1.99365]}},{"id":"310","type":"Feature","properties":{"rate_time":-1.551},"geometry":{"type":"Point","coordinates":[104.62338,-1.99349]}},{"id":"311","type":"Feature","properties":{"rate_time":-1.692},"geometry":{"type":"Point","coordinates":[104.62356,-1.9933]}},{"id":"312","type":"Feature","properties":{"rate_time":-0.868},"geometry":{"type":"Point","coordinates":[104.62373,-1.99308]}},{"id":"313","type":"Feature","properties":{"rate_time":-0.897},"geometry":{"type":"Point","coordinates":[104.62392,-1.99289]}},{"id":"314","type":"Feature","properties":{"rate_time":-0.864},"geometry":{"type":"Point","coordinates":[104.62412,-1.9927]}},{"id":"315","type":"Feature","properties":{"rate_time":-0.935},"geometry":{"type":"Point","coordinates":[104.62429,-1.9925]}},{"id":"316","type":"Feature","properties":{"rate_time":-0.838},"geometry":{"type":"Point","coordinates":[104.62447,-1.99229]}},{"id":"317","type":"Feature","properties":{"rate_time":-0.87},"geometry":{"type":"Point","coordinates":[104.62463,-1.99208]}},{"id":"318","type":"Feature","properties":{"rate_time":-0.947},"geometry":{"type":"Point","coordinates":[104.62473,-1.99183]}},{"id":"319","type":"Feature","properties":{"rate_time":-0.944},"geometry":{"type":"Point","coordinates":[104.6248,-1.99157]}},{"id":"320","type":"Feature","properties":{"rate_time":-0.285},"geometry":{"type":"Point","coordinates":[104.62489,-1.99131]}},{"id":"321","type":"Feature","properties":{"rate_time":-0.719},"geometry":{"type":"Point","coordinates":[104.625,-1.99107]}},{"id":"322","type":"Feature","properties":{"rate_time":-0.788},"geometry":{"type":"Point","coordinates":[104.62514,-1.99083]}},{"id":"323","type":"Feature","properties":{"rate_time":-0.473},"geometry":{"type":"Point","coordinates":[104.62529,-1.99061]}},{"id":"324","type":"Feature","properties":{"rate_time":-0.542},"geometry":{"type":"Point","coordinates":[104.62542,-1.99037]}},{"id":"325","type":"Feature","properties":{"rate_time":-0.704},"geometry":{"type":"Point","coordinates":[104.62554,-1.99013]}},{"id":"326","type":"Feature","properties":{"rate_time":-0.611},"geometry":{"type":"Point","coordinates":[104.62566,-1.98989]}},{"id":"327","type":"Feature","properties":{"rate_time":-0.684},"geometry":{"type":"Point","coordinates":[104.62579,-1.98965]}},{"id":"328","type":"Feature","properties":{"rate_time":-0.915},"geometry":{"type":"Point","coordinates":[104.6259,-1.9894]}},{"id":"329","type":"Feature","properties":{"rate_time":-1.054},"geometry":{"type":"Point","coordinates":[104.62603,-1.98917]}},{"id":"330","type":"Feature","properties":{"rate_time":-1.175},"geometry":{"type":"Point","coordinates":[104.62612,-1.98891]}},{"id":"331","type":"Feature","properties":{"rate_time":-0.717},"geometry":{"type":"Point","coordinates":[104.62619,-1.98865]}},{"id":"332","type":"Feature","properties":{"rate_time":-0.596},"geometry":{"type":"Point","coordinates":[104.62629,-1.9884]}},{"id":"333","type":"Feature","properties":{"rate_time":-0.391},"geometry":{"type":"Point","coordinates":[104.62638,-1.98815]}},{"id":"334","type":"Feature","properties":{"rate_time":-0.12},"geometry":{"type":"Point","coordinates":[104.62643,-1.98789]}},{"id":"335","type":"Feature","properties":{"rate_time":-0.163},"geometry":{"type":"Point","coordinates":[104.62658,-1.98766]}},{"id":"336","type":"Feature","properties":{"rate_time":-0.647},"geometry":{"type":"Point","coordinates":[104.62669,-1.98742]}},{"id":"337","type":"Feature","properties":{"rate_time":-0.183},"geometry":{"type":"Point","coordinates":[104.6268,-1.98717]}},{"id":"338","type":"Feature","properties":{"rate_time":-0.159},"geometry":{"type":"Point","coordinates":[104.62692,-1.98693]}},{"id":"339","type":"Feature","properties":{"rate_time":-0.768},"geometry":{"type":"Point","coordinates":[104.62704,-1.98668]}},{"id":"340","type":"Feature","properties":{"rate_time":-0.682},"geometry":{"type":"Point","coordinates":[104.62718,-1.98645]}},{"id":"341","type":"Feature","properties":{"rate_time":-0.698},"geometry":{"type":"Point","coordinates":[104.62728,-1.9862]}},{"id":"342","type":"Feature","properties":{"rate_time":-0.675},"geometry":{"type":"Point","coordinates":[104.62742,-1.98597]}},{"id":"343","type":"Feature","properties":{"rate_time":-0.716},"geometry":{"type":"Point","coordinates":[104.62758,-1.98576]}},{"id":"344","type":"Feature","properties":{"rate_time":-0.929},"geometry":{"type":"Point","coordinates":[104.6277,-1.98551]}},{"id":"345","type":"Feature","properties":{"rate_time":-0.959},"geometry":{"type":"Point","coordinates":[104.62777,-1.98525]}},{"id":"346","type":"Feature","properties":{"rate_time":-0.604},"geometry":{"type":"Point","coordinates":[104.62777,-1.98498]}},{"id":"347","type":"Feature","properties":{"rate_time":-0.455},"geometry":{"type":"Point","coordinates":[104.62781,-1.98471]}},{"id":"348","type":"Feature","properties":{"rate_time":-0.65},"geometry":{"type":"Point","coordinates":[104.62791,-1.98446]}},{"id":"349","type":"Feature","properties":{"rate_time":-2.566},"geometry":{"type":"Point","coordinates":[104.62807,-1.98424]}},{"id":"350","type":"Feature","properties":{"rate_time":-0.758},"geometry":{"type":"Point","coordinates":[104.63064,-1.98426]}},{"id":"351","type":"Feature","properties":{"rate_time":-0.118},"geometry":{"type":"Point","coordinates":[104.63041,-1.98412]}},{"id":"352","type":"Feature","properties":{"rate_time":-0.382},"geometry":{"type":"Point","coordinates":[104.63016,-1.98401]}},{"id":"353","type":"Feature","properties":{"rate_time":-0.9},"geometry":{"type":"Point","coordinates":[104.62994,-1.98386]}},{"id":"354","type":"Feature","properties":{"rate_time":-0.465},"geometry":{"type":"Point","coordinates":[104.62972,-1.98371]}},{"id":"355","type":"Feature","properties":{"rate_time":-0.112},"geometry":{"type":"Point","coordinates":[104.62949,-1.98356]}},{"id":"356","type":"Feature","properties":{"rate_time":-1.265},"geometry":{"type":"Point","coordinates":[104.62925,-1.98343]}},{"id":"357","type":"Feature","properties":{"rate_time":1.26},"geometry":{"type":"Point","coordinates":[104.62903,-1.98328]}},{"id":"358","type":"Feature","properties":{"rate_time":0.249},"geometry":{"type":"Point","coordinates":[104.63101,-1.98304]}},{"id":"359","type":"Feature","properties":{"rate_time":0.207},"geometry":{"type":"Point","coordinates":[104.63082,-1.98285]}},{"id":"360","type":"Feature","properties":{"rate_time":0.173},"geometry":{"type":"Point","coordinates":[104.63063,-1.98266]}},{"id":"361","type":"Feature","properties":{"rate_time":0.655},"geometry":{"type":"Point","coordinates":[104.63045,-1.98246]}},{"id":"362","type":"Feature","properties":{"rate_time":0.169},"geometry":{"type":"Point","coordinates":[104.63028,-1.98225]}},{"id":"363","type":"Feature","properties":{"rate_time":-0.215},"geometry":{"type":"Point","coordinates":[104.63016,-1.98201]}},{"id":"364","type":"Feature","properties":{"rate_time":0.814},"geometry":{"type":"Point","coordinates":[104.63002,-1.98178]}},{"id":"365","type":"Feature","properties":{"rate_time":0.603},"geometry":{"type":"Point","coordinates":[104.62987,-1.98155]}},{"id":"366","type":"Feature","properties":{"rate_time":0.43},"geometry":{"type":"Point","coordinates":[104.62975,-1.98131]}},{"id":"367","type":"Feature","properties":{"rate_time":0.243},"geometry":{"type":"Point","coordinates":[104.62965,-1.98106]}},{"id":"368","type":"Feature","properties":{"rate_time":0.251},"geometry":{"type":"Point","coordinates":[104.62956,-1.9808]}},{"id":"369","type":"Feature","properties":{"rate_time":-0.099},"geometry":{"type":"Point","coordinates":[104.62954,-1.98053]}},{"id":"370","type":"Feature","properties":{"rate_time":0.035},"geometry":{"type":"Point","coordinates":[104.62959,-1.98027]}},{"id":"371","type":"Feature","properties":{"rate_time":-0.313},"geometry":{"type":"Point","coordinates":[104.62967,-1.98001]}},{"id":"372","type":"Feature","properties":{"rate_time":-0.247},"geometry":{"type":"Point","coordinates":[104.62975,-1.97976]}},{"id":"373","type":"Feature","properties":{"rate_time":-0.366},"geometry":{"type":"Point","coordinates":[104.62991,-1.97954]}},{"id":"374","type":"Feature","properties":{"rate_time":-0.386},"geometry":{"type":"Point","coordinates":[104.63007,-1.97932]}},{"id":"375","type":"Feature","properties":{"rate_time":-0.407},"geometry":{"type":"Point","coordinates":[104.63024,-1.97911]}},{"id":"376","type":"Feature","properties":{"rate_time":-0.668},"geometry":{"type":"Point","coordinates":[104.63042,-1.9789]}},{"id":"377","type":"Feature","properties":{"rate_time":-0.531},"geometry":{"type":"Point","coordinates":[104.63059,-1.9787]}},{"id":"378","type":"Feature","properties":{"rate_time":-0.618},"geometry":{"type":"Point","coordinates":[104.63079,-1.97851]}},{"id":"379","type":"Feature","properties":{"rate_time":-0.389},"geometry":{"type":"Point","coordinates":[104.63098,-1.97832]}},{"id":"380","type":"Feature","properties":{"rate_time":-0.62},"geometry":{"type":"Point","coordinates":[104.63116,-1.97812]}},{"id":"381","type":"Feature","properties":{"rate_time":-0.705},"geometry":{"type":"Point","coordinates":[104.63135,-1.97793]}},{"id":"382","type":"Feature","properties":{"rate_time":-1.131},"geometry":{"type":"Point","coordinates":[104.63152,-1.97771]}},{"id":"383","type":"Feature","properties":{"rate_time":-1.43},"geometry":{"type":"Point","coordinates":[104.63171,-1.97753]}},{"id":"384","type":"Feature","properties":{"rate_time":-1.782},"geometry":{"type":"Point","coordinates":[104.63191,-1.97734]}},{"id":"385","type":"Feature","properties":{"rate_time":-0.828},"geometry":{"type":"Point","coordinates":[104.6321,-1.97715]}},{"id":"386","type":"Feature","properties":{"rate_time":-0.757},"geometry":{"type":"Point","coordinates":[104.63229,-1.97696]}},{"id":"387","type":"Feature","properties":{"rate_time":-0.288},"geometry":{"type":"Point","coordinates":[104.63248,-1.97676]}},{"id":"388","type":"Feature","properties":{"rate_time":-0.171},"geometry":{"type":"Point","coordinates":[104.63267,-1.97657]}},{"id":"389","type":"Feature","properties":{"rate_time":-2.768},"geometry":{"type":"Point","coordinates":[104.63284,-1.97636]}},{"id":"390","type":"Feature","properties":{"rate_time":-4.066},"geometry":{"type":"Point","coordinates":[104.63302,-1.97615]}},{"id":"391","type":"Feature","properties":{"rate_time":-2.197},"geometry":{"type":"Point","coordinates":[104.63321,-1.97596]}},{"id":"392","type":"Feature","properties":{"rate_time":2.205},"geometry":{"type":"Point","coordinates":[104.63341,-1.97578]}},{"id":"393","type":"Feature","properties":{"rate_time":4.64},"geometry":{"type":"Point","coordinates":[104.63361,-1.9756]}},{"id":"394","type":"Feature","properties":{"rate_time":0.528},"geometry":{"type":"Point","coordinates":[104.6338,-1.97541]}},{"id":"395","type":"Feature","properties":{"rate_time":0.733},"geometry":{"type":"Point","coordinates":[104.63398,-1.9752]}},{"id":"396","type":"Feature","properties":{"rate_time":0.004},"geometry":{"type":"Point","coordinates":[104.63417,-1.97502]}},{"id":"397","type":"Feature","properties":{"rate_time":0.301},"geometry":{"type":"Point","coordinates":[104.63438,-1.97485]}},{"id":"398","type":"Feature","properties":{"rate_time":-0.142},"geometry":{"type":"Point","coordinates":[104.63458,-1.97466]}},{"id":"399","type":"Feature","properties":{"rate_time":0.742},"geometry":{"type":"Point","coordinates":[104.63476,-1.97446]}},{"id":"400","type":"Feature","properties":{"rate_time":1.561},"geometry":{"type":"Point","coordinates":[104.60878,-1.99704]}},{"id":"401","type":"Feature","properties":{"rate_time":1.23},"geometry":{"type":"Point","coordinates":[104.60894,-1.99682]}},{"id":"402","type":"Feature","properties":{"rate_time":0.857},"geometry":{"type":"Point","coordinates":[104.60909,-1.99659]}},{"id":"403","type":"Feature","properties":{"rate_time":0.62},"geometry":{"type":"Point","coordinates":[104.60923,-1.99636]}},{"id":"404","type":"Feature","properties":{"rate_time":0.398},"geometry":{"type":"Point","coordinates":[104.60936,-1.99613]}},{"id":"405","type":"Feature","properties":{"rate_time":0.522},"geometry":{"type":"Point","coordinates":[104.60954,-1.99592]}},{"id":"406","type":"Feature","properties":{"rate_time":1.067},"geometry":{"type":"Point","coordinates":[104.6097,-1.99571]}},{"id":"407","type":"Feature","properties":{"rate_time":2.512},"geometry":{"type":"Point","coordinates":[104.60984,-1.99547]}},{"id":"408","type":"Feature","properties":{"rate_time":2.459},"geometry":{"type":"Point","coordinates":[104.60994,-1.99522]}},{"id":"409","type":"Feature","properties":{"rate_time":2.072},"geometry":{"type":"Point","coordinates":[104.61006,-1.99498]}},{"id":"410","type":"Feature","properties":{"rate_time":0.756},"geometry":{"type":"Point","coordinates":[104.61023,-1.99477]}},{"id":"411","type":"Feature","properties":{"rate_time":0.724},"geometry":{"type":"Point","coordinates":[104.61036,-1.99453]}},{"id":"412","type":"Feature","properties":{"rate_time":2.661},"geometry":{"type":"Point","coordinates":[104.6105,-1.9943]}},{"id":"413","type":"Feature","properties":{"rate_time":3.623},"geometry":{"type":"Point","coordinates":[104.61063,-1.99407]}},{"id":"414","type":"Feature","properties":{"rate_time":3.86},"geometry":{"type":"Point","coordinates":[104.61075,-1.99383]}},{"id":"415","type":"Feature","properties":{"rate_time":2.959},"geometry":{"type":"Point","coordinates":[104.61086,-1.99358]}},{"id":"416","type":"Feature","properties":{"rate_time":2.018},"geometry":{"type":"Point","coordinates":[104.61095,-1.99332]}},{"id":"417","type":"Feature","properties":{"rate_time":2.063},"geometry":{"type":"Point","coordinates":[104.61108,-1.99309]}},{"id":"418","type":"Feature","properties":{"rate_time":0.549},"geometry":{"type":"Point","coordinates":[104.61117,-1.99283]}},{"id":"419","type":"Feature","properties":{"rate_time":1.193},"geometry":{"type":"Point","coordinates":[104.61134,-1.99263]}},{"id":"420","type":"Feature","properties":{"rate_time":-1.354},"geometry":{"type":"Point","coordinates":[104.61992,-1.99719]}},{"id":"421","type":"Feature","properties":{"rate_time":-0.526},"geometry":{"type":"Point","coordinates":[104.62016,-1.99705]}},{"id":"422","type":"Feature","properties":{"rate_time":-0.661},"geometry":{"type":"Point","coordinates":[104.62038,-1.99689]}},{"id":"423","type":"Feature","properties":{"rate_time":-1.496},"geometry":{"type":"Point","coordinates":[104.62054,-1.99667]}},{"id":"424","type":"Feature","properties":{"rate_time":-1.338},"geometry":{"type":"Point","coordinates":[104.62072,-1.99647]}},{"id":"425","type":"Feature","properties":{"rate_time":-1.19},"geometry":{"type":"Point","coordinates":[104.62091,-1.99628]}},{"id":"426","type":"Feature","properties":{"rate_time":-1.075},"geometry":{"type":"Point","coordinates":[104.62111,-1.9961]}},{"id":"427","type":"Feature","properties":{"rate_time":-1.043},"geometry":{"type":"Point","coordinates":[104.62128,-1.99589]}},{"id":"428","type":"Feature","properties":{"rate_time":-1.152},"geometry":{"type":"Point","coordinates":[104.62144,-1.99567]}},{"id":"429","type":"Feature","properties":{"rate_time":1.548},"geometry":{"type":"Point","coordinates":[104.61642,-1.98568]}},{"id":"430","type":"Feature","properties":{"rate_time":-0.025},"geometry":{"type":"Point","coordinates":[104.61228,-1.99144]}},{"id":"431","type":"Feature","properties":{"rate_time":-0.122},"geometry":{"type":"Point","coordinates":[104.61242,-1.99121]}},{"id":"432","type":"Feature","properties":{"rate_time":0.276},"geometry":{"type":"Point","coordinates":[104.61256,-1.99097]}},{"id":"433","type":"Feature","properties":{"rate_time":-0.761},"geometry":{"type":"Point","coordinates":[104.61266,-1.99072]}},{"id":"434","type":"Feature","properties":{"rate_time":-0.552},"geometry":{"type":"Point","coordinates":[104.61283,-1.99049]}},{"id":"435","type":"Feature","properties":{"rate_time":-0.802},"geometry":{"type":"Point","coordinates":[104.61292,-1.99024]}},{"id":"436","type":"Feature","properties":{"rate_time":0.668},"geometry":{"type":"Point","coordinates":[104.61296,-1.98997]}},{"id":"437","type":"Feature","properties":{"rate_time":-0.319},"geometry":{"type":"Point","coordinates":[104.61296,-1.9897]}},{"id":"438","type":"Feature","properties":{"rate_time":0.084},"geometry":{"type":"Point","coordinates":[104.61281,-1.9893]}},{"id":"439","type":"Feature","properties":{"rate_time":0.089},"geometry":{"type":"Point","coordinates":[104.61266,-1.98908]}},{"id":"440","type":"Feature","properties":{"rate_time":0.269},"geometry":{"type":"Point","coordinates":[104.61248,-1.98888]}},{"id":"441","type":"Feature","properties":{"rate_time":0.223},"geometry":{"type":"Point","coordinates":[104.6123,-1.98868]}},{"id":"442","type":"Feature","properties":{"rate_time":0.048},"geometry":{"type":"Point","coordinates":[104.6121,-1.98849]}},{"id":"443","type":"Feature","properties":{"rate_time":-0.051},"geometry":{"type":"Point","coordinates":[104.61188,-1.98834]}},{"id":"444","type":"Feature","properties":{"rate_time":0.463},"geometry":{"type":"Point","coordinates":[104.61166,-1.98818]}},{"id":"445","type":"Feature","properties":{"rate_time":0.966},"geometry":{"type":"Point","coordinates":[104.61439,-1.98731]}},{"id":"446","type":"Feature","properties":{"rate_time":1.065},"geometry":{"type":"Point","coordinates":[104.61413,-1.98729]}},{"id":"447","type":"Feature","properties":{"rate_time":1.022},"geometry":{"type":"Point","coordinates":[104.61466,-1.98725]}},{"id":"448","type":"Feature","properties":{"rate_time":0.74},"geometry":{"type":"Point","coordinates":[104.61388,-1.98719]}},{"id":"449","type":"Feature","properties":{"rate_time":1.022},"geometry":{"type":"Point","coordinates":[104.6149,-1.98714]}},{"id":"450","type":"Feature","properties":{"rate_time":0.302},"geometry":{"type":"Point","coordinates":[104.61364,-1.98707]}},{"id":"451","type":"Feature","properties":{"rate_time":1.114},"geometry":{"type":"Point","coordinates":[104.61515,-1.98704]}},{"id":"452","type":"Feature","properties":{"rate_time":0.377},"geometry":{"type":"Point","coordinates":[104.61338,-1.98698]}},{"id":"453","type":"Feature","properties":{"rate_time":0.684},"geometry":{"type":"Point","coordinates":[104.61312,-1.98691]}},{"id":"454","type":"Feature","properties":{"rate_time":1.534},"geometry":{"type":"Point","coordinates":[104.61539,-1.98691]}},{"id":"455","type":"Feature","properties":{"rate_time":0.434},"geometry":{"type":"Point","coordinates":[104.61288,-1.9868]}},{"id":"456","type":"Feature","properties":{"rate_time":1.089},"geometry":{"type":"Point","coordinates":[104.6156,-1.98675]}},{"id":"457","type":"Feature","properties":{"rate_time":0.416},"geometry":{"type":"Point","coordinates":[104.61262,-1.98671]}},{"id":"458","type":"Feature","properties":{"rate_time":1.394},"geometry":{"type":"Point","coordinates":[104.61579,-1.98656]}},{"id":"459","type":"Feature","properties":{"rate_time":0.695},"geometry":{"type":"Point","coordinates":[104.6124,-1.98656]}},{"id":"460","type":"Feature","properties":{"rate_time":1.429},"geometry":{"type":"Point","coordinates":[104.61652,-1.98543]}},{"id":"461","type":"Feature","properties":{"rate_time":1.405},"geometry":{"type":"Point","coordinates":[104.61658,-1.98517]}},{"id":"462","type":"Feature","properties":{"rate_time":1.476},"geometry":{"type":"Point","coordinates":[104.6167,-1.98493]}},{"id":"463","type":"Feature","properties":{"rate_time":1.062},"geometry":{"type":"Point","coordinates":[104.61676,-1.98467]}},{"id":"464","type":"Feature","properties":{"rate_time":1.104},"geometry":{"type":"Point","coordinates":[104.61682,-1.9844]}},{"id":"465","type":"Feature","properties":{"rate_time":1.206},"geometry":{"type":"Point","coordinates":[104.61687,-1.98414]}},{"id":"466","type":"Feature","properties":{"rate_time":1.557},"geometry":{"type":"Point","coordinates":[104.61694,-1.98387]}},{"id":"467","type":"Feature","properties":{"rate_time":0.867},"geometry":{"type":"Point","coordinates":[104.61698,-1.98361]}},{"id":"468","type":"Feature","properties":{"rate_time":1.428},"geometry":{"type":"Point","coordinates":[104.61703,-1.98334]}},{"id":"469","type":"Feature","properties":{"rate_time":1.853},"geometry":{"type":"Point","coordinates":[104.61714,-1.98309]}},{"id":"470","type":"Feature","properties":{"rate_time":1.554},"geometry":{"type":"Point","coordinates":[104.61714,-1.98282]}},{"id":"471","type":"Feature","properties":{"rate_time":1.296},"geometry":{"type":"Point","coordinates":[104.61714,-1.98255]}},{"id":"472","type":"Feature","properties":{"rate_time":0.639},"geometry":{"type":"Point","coordinates":[104.61715,-1.98228]}},{"id":"473","type":"Feature","properties":{"rate_time":0.284},"geometry":{"type":"Point","coordinates":[104.61712,-1.98201]}},{"id":"474","type":"Feature","properties":{"rate_time":0.152},"geometry":{"type":"Point","coordinates":[104.61711,-1.98174]}},{"id":"475","type":"Feature","properties":{"rate_time":0.996},"geometry":{"type":"Point","coordinates":[104.61713,-1.98147]}},{"id":"476","type":"Feature","properties":{"rate_time":0.52},"geometry":{"type":"Point","coordinates":[104.61712,-1.9812]}},{"id":"477","type":"Feature","properties":{"rate_time":-0.211},"geometry":{"type":"Point","coordinates":[104.6171,-1.98093]}},{"id":"478","type":"Feature","properties":{"rate_time":-0.236},"geometry":{"type":"Point","coordinates":[104.61708,-1.98066]}},{"id":"479","type":"Feature","properties":{"rate_time":0.075},"geometry":{"type":"Point","coordinates":[104.61706,-1.98039]}},{"id":"480","type":"Feature","properties":{"rate_time":-0.113},"geometry":{"type":"Point","coordinates":[104.61704,-1.98012]}},{"id":"481","type":"Feature","properties":{"rate_time":-0.105},"geometry":{"type":"Point","coordinates":[104.61702,-1.97985]}},{"id":"482","type":"Feature","properties":{"rate_time":-0.319},"geometry":{"type":"Point","coordinates":[104.61702,-1.97957]}},{"id":"483","type":"Feature","properties":{"rate_time":-0.268},"geometry":{"type":"Point","coordinates":[104.61701,-1.9793]}},{"id":"484","type":"Feature","properties":{"rate_time":0.048},"geometry":{"type":"Point","coordinates":[104.61699,-1.97903]}},{"id":"485","type":"Feature","properties":{"rate_time":0.353},"geometry":{"type":"Point","coordinates":[104.61699,-1.97876]}},{"id":"486","type":"Feature","properties":{"rate_time":0.305},"geometry":{"type":"Point","coordinates":[104.61697,-1.97849]}},{"id":"487","type":"Feature","properties":{"rate_time":0.25},"geometry":{"type":"Point","coordinates":[104.61702,-1.97823]}},{"id":"488","type":"Feature","properties":{"rate_time":0.23},"geometry":{"type":"Point","coordinates":[104.61702,-1.97796]}},{"id":"489","type":"Feature","properties":{"rate_time":0.043},"geometry":{"type":"Point","coordinates":[104.61697,-1.97769]}},{"id":"490","type":"Feature","properties":{"rate_time":3.853},"geometry":{"type":"Point","coordinates":[104.61143,-1.99239]}},{"id":"491","type":"Feature","properties":{"rate_time":0.355},"geometry":{"type":"Point","coordinates":[104.61145,-1.98801]}},{"id":"492","type":"Feature","properties":{"rate_time":0.188},"geometry":{"type":"Point","coordinates":[104.61124,-1.98784]}},{"id":"493","type":"Feature","properties":{"rate_time":0.074},"geometry":{"type":"Point","coordinates":[104.61101,-1.9877]}},{"id":"494","type":"Feature","properties":{"rate_time":3.217},"geometry":{"type":"Point","coordinates":[104.61131,-1.96561]}},{"id":"495","type":"Feature","properties":{"rate_time":2.998},"geometry":{"type":"Point","coordinates":[104.61109,-1.96546]}},{"id":"496","type":"Feature","properties":{"rate_time":3.04},"geometry":{"type":"Point","coordinates":[104.6109,-1.96526]}},{"id":"497","type":"Feature","properties":{"rate_time":2.853},"geometry":{"type":"Point","coordinates":[104.61073,-1.96506]}},{"id":"498","type":"Feature","properties":{"rate_time":-0.049},"geometry":{"type":"Point","coordinates":[104.60726,-1.96499]}},{"id":"499","type":"Feature","properties":{"rate_time":-0.043},"geometry":{"type":"Point","coordinates":[104.60751,-1.9649]}},{"id":"500","type":"Feature","properties":{"rate_time":0.573},"geometry":{"type":"Point","coordinates":[104.61217,-1.98642]}},{"id":"501","type":"Feature","properties":{"rate_time":1.491},"geometry":{"type":"Point","coordinates":[104.61597,-1.98636]}},{"id":"502","type":"Feature","properties":{"rate_time":0.358},"geometry":{"type":"Point","coordinates":[104.61194,-1.98629]}},{"id":"503","type":"Feature","properties":{"rate_time":1.56},"geometry":{"type":"Point","coordinates":[104.61614,-1.98614]}},{"id":"504","type":"Feature","properties":{"rate_time":1.579},"geometry":{"type":"Point","coordinates":[104.61629,-1.98592]}},{"id":"505","type":"Feature","properties":{"rate_time":0.884},"geometry":{"type":"Point","coordinates":[104.61621,-1.97057]}},{"id":"506","type":"Feature","properties":{"rate_time":0.46},"geometry":{"type":"Point","coordinates":[104.61596,-1.97048]}},{"id":"507","type":"Feature","properties":{"rate_time":-0.391},"geometry":{"type":"Point","coordinates":[104.61572,-1.97038]}},{"id":"508","type":"Feature","properties":{"rate_time":-0.303},"geometry":{"type":"Point","coordinates":[104.6156,-1.97016]}},{"id":"509","type":"Feature","properties":{"rate_time":-0.192},"geometry":{"type":"Point","coordinates":[104.61529,-1.97016]}},{"id":"510","type":"Feature","properties":{"rate_time":-0.111},"geometry":{"type":"Point","coordinates":[104.61699,-1.97742]}},{"id":"511","type":"Feature","properties":{"rate_time":0.182},"geometry":{"type":"Point","coordinates":[104.61702,-1.97715]}},{"id":"512","type":"Feature","properties":{"rate_time":0.062},"geometry":{"type":"Point","coordinates":[104.617,-1.97688]}},{"id":"513","type":"Feature","properties":{"rate_time":0.233},"geometry":{"type":"Point","coordinates":[104.61697,-1.97661]}},{"id":"514","type":"Feature","properties":{"rate_time":0.453},"geometry":{"type":"Point","coordinates":[104.61698,-1.97634]}},{"id":"515","type":"Feature","properties":{"rate_time":0.658},"geometry":{"type":"Point","coordinates":[104.61696,-1.97607]}},{"id":"516","type":"Feature","properties":{"rate_time":1.231},"geometry":{"type":"Point","coordinates":[104.61696,-1.9758]}},{"id":"517","type":"Feature","properties":{"rate_time":0.848},"geometry":{"type":"Point","coordinates":[104.61693,-1.97553]}},{"id":"518","type":"Feature","properties":{"rate_time":0.042},"geometry":{"type":"Point","coordinates":[104.61688,-1.97527]}},{"id":"519","type":"Feature","properties":{"rate_time":0.066},"geometry":{"type":"Point","coordinates":[104.61687,-1.975]}},{"id":"520","type":"Feature","properties":{"rate_time":0.086},"geometry":{"type":"Point","coordinates":[104.61689,-1.97473]}},{"id":"521","type":"Feature","properties":{"rate_time":-0.155},"geometry":{"type":"Point","coordinates":[104.61693,-1.97446]}},{"id":"522","type":"Feature","properties":{"rate_time":-0.129},"geometry":{"type":"Point","coordinates":[104.61697,-1.97419]}},{"id":"523","type":"Feature","properties":{"rate_time":-0.26},"geometry":{"type":"Point","coordinates":[104.61698,-1.97392]}},{"id":"524","type":"Feature","properties":{"rate_time":-0.38},"geometry":{"type":"Point","coordinates":[104.61703,-1.97365]}},{"id":"525","type":"Feature","properties":{"rate_time":-0.423},"geometry":{"type":"Point","coordinates":[104.61701,-1.97339]}},{"id":"526","type":"Feature","properties":{"rate_time":-0.02},"geometry":{"type":"Point","coordinates":[104.61699,-1.97312]}},{"id":"527","type":"Feature","properties":{"rate_time":-0.669},"geometry":{"type":"Point","coordinates":[104.61696,-1.97285]}},{"id":"528","type":"Feature","properties":{"rate_time":1.116},"geometry":{"type":"Point","coordinates":[104.61696,-1.97258]}},{"id":"529","type":"Feature","properties":{"rate_time":2.387},"geometry":{"type":"Point","coordinates":[104.61699,-1.97231]}},{"id":"530","type":"Feature","properties":{"rate_time":2.357},"geometry":{"type":"Point","coordinates":[104.61694,-1.97206]}},{"id":"531","type":"Feature","properties":{"rate_time":2.065},"geometry":{"type":"Point","coordinates":[104.61687,-1.9718]}},{"id":"532","type":"Feature","properties":{"rate_time":1.872},"geometry":{"type":"Point","coordinates":[104.6169,-1.97154]}},{"id":"533","type":"Feature","properties":{"rate_time":1.025},"geometry":{"type":"Point","coordinates":[104.61682,-1.97133]}},{"id":"534","type":"Feature","properties":{"rate_time":1.153},"geometry":{"type":"Point","coordinates":[104.61658,-1.97121]}},{"id":"535","type":"Feature","properties":{"rate_time":1.136},"geometry":{"type":"Point","coordinates":[104.61651,-1.97097]}},{"id":"536","type":"Feature","properties":{"rate_time":1.111},"geometry":{"type":"Point","coordinates":[104.61642,-1.97074]}},{"id":"537","type":"Feature","properties":{"rate_time":1.239},"geometry":{"type":"Point","coordinates":[104.61678,-1.97046]}},{"id":"538","type":"Feature","properties":{"rate_time":0.98},"geometry":{"type":"Point","coordinates":[104.61654,-1.97039]}},{"id":"539","type":"Feature","properties":{"rate_time":1.344},"geometry":{"type":"Point","coordinates":[104.61693,-1.97029]}},{"id":"540","type":"Feature","properties":{"rate_time":0.714},"geometry":{"type":"Point","coordinates":[104.61638,-1.97017]}},{"id":"541","type":"Feature","properties":{"rate_time":1.496},"geometry":{"type":"Point","coordinates":[104.61698,-1.97002]}},{"id":"542","type":"Feature","properties":{"rate_time":0.84},"geometry":{"type":"Point","coordinates":[104.61643,-1.96993]}},{"id":"543","type":"Feature","properties":{"rate_time":1.799},"geometry":{"type":"Point","coordinates":[104.61695,-1.96975]}},{"id":"544","type":"Feature","properties":{"rate_time":1.38},"geometry":{"type":"Point","coordinates":[104.61656,-1.9697]}},{"id":"545","type":"Feature","properties":{"rate_time":1.459},"geometry":{"type":"Point","coordinates":[104.61695,-1.96948]}},{"id":"546","type":"Feature","properties":{"rate_time":1.013},"geometry":{"type":"Point","coordinates":[104.6166,-1.96944]}},{"id":"547","type":"Feature","properties":{"rate_time":-1.099},"geometry":{"type":"Point","coordinates":[104.61691,-1.96921]}},{"id":"548","type":"Feature","properties":{"rate_time":1.001},"geometry":{"type":"Point","coordinates":[104.6166,-1.96917]}},{"id":"549","type":"Feature","properties":{"rate_time":-1.305},"geometry":{"type":"Point","coordinates":[104.61673,-1.96902]}},{"id":"550","type":"Feature","properties":{"rate_time":0.276},"geometry":{"type":"Point","coordinates":[104.61503,-1.97009]}},{"id":"551","type":"Feature","properties":{"rate_time":-0.316},"geometry":{"type":"Point","coordinates":[104.61551,-1.97002]}},{"id":"552","type":"Feature","properties":{"rate_time":-0.54},"geometry":{"type":"Point","coordinates":[104.61483,-1.96991]}},{"id":"553","type":"Feature","properties":{"rate_time":-0.278},"geometry":{"type":"Point","coordinates":[104.61465,-1.96971]}},{"id":"554","type":"Feature","properties":{"rate_time":-0.861},"geometry":{"type":"Point","coordinates":[104.61446,-1.96952]}},{"id":"555","type":"Feature","properties":{"rate_time":-0.815},"geometry":{"type":"Point","coordinates":[104.61434,-1.96928]}},{"id":"556","type":"Feature","properties":{"rate_time":-0.48},"geometry":{"type":"Point","coordinates":[104.61421,-1.96904]}},{"id":"557","type":"Feature","properties":{"rate_time":-0.527},"geometry":{"type":"Point","coordinates":[104.6141,-1.96881]}},{"id":"558","type":"Feature","properties":{"rate_time":-0.137},"geometry":{"type":"Point","coordinates":[104.61422,-1.96864]}},{"id":"559","type":"Feature","properties":{"rate_time":-0.079},"geometry":{"type":"Point","coordinates":[104.61448,-1.96858]}},{"id":"560","type":"Feature","properties":{"rate_time":-0.018},"geometry":{"type":"Point","coordinates":[104.61475,-1.96855]}},{"id":"561","type":"Feature","properties":{"rate_time":0.039},"geometry":{"type":"Point","coordinates":[104.61502,-1.96854]}},{"id":"562","type":"Feature","properties":{"rate_time":0.211},"geometry":{"type":"Point","coordinates":[104.61529,-1.96852]}},{"id":"563","type":"Feature","properties":{"rate_time":-1.606},"geometry":{"type":"Point","coordinates":[104.6161,-1.96851]}},{"id":"564","type":"Feature","properties":{"rate_time":0.37},"geometry":{"type":"Point","coordinates":[104.61556,-1.9685]}},{"id":"565","type":"Feature","properties":{"rate_time":-1.571},"geometry":{"type":"Point","coordinates":[104.61583,-1.96849]}},{"id":"566","type":"Feature","properties":{"rate_time":-1.261},"geometry":{"type":"Point","coordinates":[104.61614,-1.9671]}},{"id":"567","type":"Feature","properties":{"rate_time":-1.033},"geometry":{"type":"Point","coordinates":[104.61597,-1.96689]}},{"id":"568","type":"Feature","properties":{"rate_time":-0.765},"geometry":{"type":"Point","coordinates":[104.61579,-1.96669]}},{"id":"569","type":"Feature","properties":{"rate_time":1.486},"geometry":{"type":"Point","coordinates":[104.61532,-1.96652]}},{"id":"570","type":"Feature","properties":{"rate_time":0.307},"geometry":{"type":"Point","coordinates":[104.61558,-1.96652]}},{"id":"571","type":"Feature","properties":{"rate_time":1.886},"geometry":{"type":"Point","coordinates":[104.6151,-1.96643]}},{"id":"572","type":"Feature","properties":{"rate_time":3.273},"geometry":{"type":"Point","coordinates":[104.61458,-1.96643]}},{"id":"573","type":"Feature","properties":{"rate_time":2.464},"geometry":{"type":"Point","coordinates":[104.61484,-1.96638]}},{"id":"574","type":"Feature","properties":{"rate_time":5.055},"geometry":{"type":"Point","coordinates":[104.61439,-1.96633]}},{"id":"575","type":"Feature","properties":{"rate_time":5.938},"geometry":{"type":"Point","coordinates":[104.61426,-1.96609]}},{"id":"576","type":"Feature","properties":{"rate_time":6.102},"geometry":{"type":"Point","coordinates":[104.61406,-1.96595]}},{"id":"577","type":"Feature","properties":{"rate_time":6.173},"geometry":{"type":"Point","coordinates":[104.61385,-1.96581]}},{"id":"578","type":"Feature","properties":{"rate_time":4.957},"geometry":{"type":"Point","coordinates":[104.61179,-1.9658]}},{"id":"579","type":"Feature","properties":{"rate_time":3.565},"geometry":{"type":"Point","coordinates":[104.61154,-1.96575]}},{"id":"580","type":"Feature","properties":{"rate_time":2.583},"geometry":{"type":"Point","coordinates":[104.61055,-1.96486]}},{"id":"581","type":"Feature","properties":{"rate_time":-0.166},"geometry":{"type":"Point","coordinates":[104.60775,-1.96477]}},{"id":"582","type":"Feature","properties":{"rate_time":-0.13},"geometry":{"type":"Point","coordinates":[104.608,-1.96467]}},{"id":"583","type":"Feature","properties":{"rate_time":2.682},"geometry":{"type":"Point","coordinates":[104.61036,-1.96466]}},{"id":"584","type":"Feature","properties":{"rate_time":-0.138},"geometry":{"type":"Point","coordinates":[104.60823,-1.96454]}},{"id":"585","type":"Feature","properties":{"rate_time":1.081},"geometry":{"type":"Point","coordinates":[104.61013,-1.96452]}},{"id":"586","type":"Feature","properties":{"rate_time":-0.599},"geometry":{"type":"Point","coordinates":[104.60848,-1.96443]}},{"id":"587","type":"Feature","properties":{"rate_time":0.283},"geometry":{"type":"Point","coordinates":[104.60991,-1.96437]}},{"id":"588","type":"Feature","properties":{"rate_time":-0.689},"geometry":{"type":"Point","coordinates":[104.6087,-1.96427]}},{"id":"589","type":"Feature","properties":{"rate_time":-0.066},"geometry":{"type":"Point","coordinates":[104.60966,-1.96427]}},{"id":"590","type":"Feature","properties":{"rate_time":-0.435},"geometry":{"type":"Point","coordinates":[104.60892,-1.96413]}},{"id":"591","type":"Feature","properties":{"rate_time":-0.667},"geometry":{"type":"Point","coordinates":[104.60943,-1.96412]}},{"id":"592","type":"Feature","properties":{"rate_time":-0.852},"geometry":{"type":"Point","coordinates":[104.60918,-1.96406]}},{"id":"593","type":"Feature","properties":{"rate_time":0.302},"geometry":{"type":"Point","coordinates":[104.60643,-1.96322]}},{"id":"594","type":"Feature","properties":{"rate_time":0.105},"geometry":{"type":"Point","coordinates":[104.60667,-1.96311]}},{"id":"595","type":"Feature","properties":{"rate_time":0.058},"geometry":{"type":"Point","coordinates":[104.60691,-1.96299]}},{"id":"596","type":"Feature","properties":{"rate_time":0.252},"geometry":{"type":"Point","coordinates":[104.60717,-1.96291]}},{"id":"597","type":"Feature","properties":{"rate_time":0.174},"geometry":{"type":"Point","coordinates":[104.60739,-1.96275]}},{"id":"598","type":"Feature","properties":{"rate_time":0.235},"geometry":{"type":"Point","coordinates":[104.60762,-1.96261]}},{"id":"599","type":"Feature","properties":{"rate_time":0.291},"geometry":{"type":"Point","coordinates":[104.60784,-1.96246]}},{"id":"600","type":"Feature","properties":{"rate_time":1.495},"geometry":{"type":"Point","coordinates":[104.63493,-1.97425]}},{"id":"601","type":"Feature","properties":{"rate_time":2.395},"geometry":{"type":"Point","coordinates":[104.63511,-1.97406]}},{"id":"602","type":"Feature","properties":{"rate_time":2.127},"geometry":{"type":"Point","coordinates":[104.63532,-1.97388]}},{"id":"603","type":"Feature","properties":{"rate_time":0.792},"geometry":{"type":"Point","coordinates":[104.63551,-1.97369]}},{"id":"604","type":"Feature","properties":{"rate_time":1.368},"geometry":{"type":"Point","coordinates":[104.63569,-1.97348]}},{"id":"605","type":"Feature","properties":{"rate_time":1.832},"geometry":{"type":"Point","coordinates":[104.63588,-1.9733]}},{"id":"606","type":"Feature","properties":{"rate_time":-0.349},"geometry":{"type":"Point","coordinates":[104.6361,-1.97313]}},{"id":"607","type":"Feature","properties":{"rate_time":0.782},"geometry":{"type":"Point","coordinates":[104.6368,-1.97308]}},{"id":"608","type":"Feature","properties":{"rate_time":0.122},"geometry":{"type":"Point","coordinates":[104.63695,-1.97299]}},{"id":"609","type":"Feature","properties":{"rate_time":-0.069},"geometry":{"type":"Point","coordinates":[104.63631,-1.97296]}},{"id":"610","type":"Feature","properties":{"rate_time":1.051},"geometry":{"type":"Point","coordinates":[104.63657,-1.97294]}},{"id":"611","type":"Feature","properties":{"rate_time":-0.282},"geometry":{"type":"Point","coordinates":[104.63702,-1.97273]}},{"id":"612","type":"Feature","properties":{"rate_time":-0.166},"geometry":{"type":"Point","coordinates":[104.638,-1.97257]}},{"id":"613","type":"Feature","properties":{"rate_time":-0.307},"geometry":{"type":"Point","coordinates":[104.63721,-1.97254]}},{"id":"614","type":"Feature","properties":{"rate_time":-0.126},"geometry":{"type":"Point","coordinates":[104.63779,-1.97246]}},{"id":"615","type":"Feature","properties":{"rate_time":-0.209},"geometry":{"type":"Point","coordinates":[104.63744,-1.9724]}},{"id":"616","type":"Feature","properties":{"rate_time":-0.203},"geometry":{"type":"Point","coordinates":[104.63816,-1.97237]}},{"id":"617","type":"Feature","properties":{"rate_time":0.102},"geometry":{"type":"Point","coordinates":[104.63766,-1.97224]}},{"id":"618","type":"Feature","properties":{"rate_time":-0.37},"geometry":{"type":"Point","coordinates":[104.63823,-1.97211]}},{"id":"619","type":"Feature","properties":{"rate_time":-0.38},"geometry":{"type":"Point","coordinates":[104.6383,-1.97185]}},{"id":"620","type":"Feature","properties":{"rate_time":-0.492},"geometry":{"type":"Point","coordinates":[104.63849,-1.97135]}},{"id":"621","type":"Feature","properties":{"rate_time":0.207},"geometry":{"type":"Point","coordinates":[104.63867,-1.97114]}},{"id":"622","type":"Feature","properties":{"rate_time":0.4},"geometry":{"type":"Point","coordinates":[104.6389,-1.97102]}},{"id":"623","type":"Feature","properties":{"rate_time":0.389},"geometry":{"type":"Point","coordinates":[104.63913,-1.9709]}},{"id":"624","type":"Feature","properties":{"rate_time":0.122},"geometry":{"type":"Point","coordinates":[104.63936,-1.97075]}},{"id":"625","type":"Feature","properties":{"rate_time":0.205},"geometry":{"type":"Point","coordinates":[104.63958,-1.9706]}},{"id":"626","type":"Feature","properties":{"rate_time":0.049},"geometry":{"type":"Point","coordinates":[104.63982,-1.97047]}},{"id":"627","type":"Feature","properties":{"rate_time":-0.054},"geometry":{"type":"Point","coordinates":[104.64008,-1.9704]}},{"id":"628","type":"Feature","properties":{"rate_time":-0.247},"geometry":{"type":"Point","coordinates":[104.64032,-1.97028]}},{"id":"629","type":"Feature","properties":{"rate_time":-0.37},"geometry":{"type":"Point","coordinates":[104.64056,-1.97015]}},{"id":"630","type":"Feature","properties":{"rate_time":-0.479},"geometry":{"type":"Point","coordinates":[104.64079,-1.97001]}},{"id":"631","type":"Feature","properties":{"rate_time":-0.357},"geometry":{"type":"Point","coordinates":[104.64102,-1.96988]}},{"id":"632","type":"Feature","properties":{"rate_time":-0.346},"geometry":{"type":"Point","coordinates":[104.64127,-1.96976]}},{"id":"633","type":"Feature","properties":{"rate_time":-0.361},"geometry":{"type":"Point","coordinates":[104.64151,-1.96964]}},{"id":"634","type":"Feature","properties":{"rate_time":-0.569},"geometry":{"type":"Point","coordinates":[104.64175,-1.96953]}},{"id":"635","type":"Feature","properties":{"rate_time":-0.87},"geometry":{"type":"Point","coordinates":[104.64198,-1.96938]}},{"id":"636","type":"Feature","properties":{"rate_time":-0.342},"geometry":{"type":"Point","coordinates":[104.64222,-1.96925]}},{"id":"637","type":"Feature","properties":{"rate_time":-0.3},"geometry":{"type":"Point","coordinates":[104.64247,-1.96916]}},{"id":"638","type":"Feature","properties":{"rate_time":-0.603},"geometry":{"type":"Point","coordinates":[104.64272,-1.96906]}},{"id":"639","type":"Feature","properties":{"rate_time":-0.502},"geometry":{"type":"Point","coordinates":[104.64298,-1.96897]}},{"id":"640","type":"Feature","properties":{"rate_time":-0.451},"geometry":{"type":"Point","coordinates":[104.64323,-1.96891]}},{"id":"641","type":"Feature","properties":{"rate_time":-0.465},"geometry":{"type":"Point","coordinates":[104.6435,-1.96887]}},{"id":"642","type":"Feature","properties":{"rate_time":-0.817},"geometry":{"type":"Point","coordinates":[104.64377,-1.96883]}},{"id":"643","type":"Feature","properties":{"rate_time":-1.112},"geometry":{"type":"Point","coordinates":[104.64403,-1.96877]}},{"id":"644","type":"Feature","properties":{"rate_time":-1.276},"geometry":{"type":"Point","coordinates":[104.64428,-1.96867]}},{"id":"645","type":"Feature","properties":{"rate_time":-0.511},"geometry":{"type":"Point","coordinates":[104.64452,-1.96854]}},{"id":"646","type":"Feature","properties":{"rate_time":1.053},"geometry":{"type":"Point","coordinates":[104.64476,-1.96843]}},{"id":"647","type":"Feature","properties":{"rate_time":0.284},"geometry":{"type":"Point","coordinates":[104.64499,-1.96829]}},{"id":"648","type":"Feature","properties":{"rate_time":0.103},"geometry":{"type":"Point","coordinates":[104.64524,-1.96818]}},{"id":"649","type":"Feature","properties":{"rate_time":-0.302},"geometry":{"type":"Point","coordinates":[104.64545,-1.96801]}},{"id":"650","type":"Feature","properties":{"rate_time":-0.268},"geometry":{"type":"Point","coordinates":[104.64561,-1.9678]}},{"id":"651","type":"Feature","properties":{"rate_time":-0.229},"geometry":{"type":"Point","coordinates":[104.64576,-1.96757]}},{"id":"652","type":"Feature","properties":{"rate_time":-0.036},"geometry":{"type":"Point","coordinates":[104.64597,-1.9674]}},{"id":"653","type":"Feature","properties":{"rate_time":0.428},"geometry":{"type":"Point","coordinates":[104.64621,-1.96729]}},{"id":"654","type":"Feature","properties":{"rate_time":0.048},"geometry":{"type":"Point","coordinates":[104.64646,-1.9672]}},{"id":"655","type":"Feature","properties":{"rate_time":-0.681},"geometry":{"type":"Point","coordinates":[104.6467,-1.96707]}},{"id":"656","type":"Feature","properties":{"rate_time":-0.837},"geometry":{"type":"Point","coordinates":[104.64693,-1.96694]}},{"id":"657","type":"Feature","properties":{"rate_time":-0.482},"geometry":{"type":"Point","coordinates":[104.64719,-1.96685]}},{"id":"658","type":"Feature","properties":{"rate_time":-0.639},"geometry":{"type":"Point","coordinates":[104.64744,-1.96676]}},{"id":"659","type":"Feature","properties":{"rate_time":-0.662},"geometry":{"type":"Point","coordinates":[104.6477,-1.96669]}},{"id":"660","type":"Feature","properties":{"rate_time":-5.722},"geometry":{"type":"Point","coordinates":[104.62815,-1.98399]}},{"id":"661","type":"Feature","properties":{"rate_time":-5.206},"geometry":{"type":"Point","coordinates":[104.62826,-1.98374]}},{"id":"662","type":"Feature","properties":{"rate_time":-4.698},"geometry":{"type":"Point","coordinates":[104.62838,-1.9835]}},{"id":"663","type":"Feature","properties":{"rate_time":-4.227},"geometry":{"type":"Point","coordinates":[104.62853,-1.98329]}},{"id":"664","type":"Feature","properties":{"rate_time":-2.968},"geometry":{"type":"Point","coordinates":[104.62878,-1.98319]}},{"id":"665","type":"Feature","properties":{"rate_time":-0.938},"geometry":{"type":"Point","coordinates":[104.6215,-1.94968]}},{"id":"666","type":"Feature","properties":{"rate_time":-1.054},"geometry":{"type":"Point","coordinates":[104.62162,-1.94944]}},{"id":"667","type":"Feature","properties":{"rate_time":-1.031},"geometry":{"type":"Point","coordinates":[104.62175,-1.9492]}},{"id":"668","type":"Feature","properties":{"rate_time":-1.128},"geometry":{"type":"Point","coordinates":[104.62173,-1.94894]}},{"id":"669","type":"Feature","properties":{"rate_time":-1.237},"geometry":{"type":"Point","coordinates":[104.62172,-1.94867]}},{"id":"670","type":"Feature","properties":{"rate_time":-0.802},"geometry":{"type":"Point","coordinates":[104.64796,-1.96663]}},{"id":"671","type":"Feature","properties":{"rate_time":-0.93},"geometry":{"type":"Point","coordinates":[104.64822,-1.96656]}},{"id":"672","type":"Feature","properties":{"rate_time":-0.988},"geometry":{"type":"Point","coordinates":[104.64847,-1.96646]}},{"id":"673","type":"Feature","properties":{"rate_time":-1.154},"geometry":{"type":"Point","coordinates":[104.64872,-1.96634]}},{"id":"674","type":"Feature","properties":{"rate_time":-1.045},"geometry":{"type":"Point","coordinates":[104.64896,-1.96624]}},{"id":"675","type":"Feature","properties":{"rate_time":-0.983},"geometry":{"type":"Point","coordinates":[104.64919,-1.96609]}},{"id":"676","type":"Feature","properties":{"rate_time":-0.737},"geometry":{"type":"Point","coordinates":[104.64938,-1.9659]}},{"id":"677","type":"Feature","properties":{"rate_time":0.185},"geometry":{"type":"Point","coordinates":[104.64956,-1.9657]}},{"id":"678","type":"Feature","properties":{"rate_time":0.188},"geometry":{"type":"Point","coordinates":[104.65007,-1.96562]}},{"id":"679","type":"Feature","properties":{"rate_time":0.108},"geometry":{"type":"Point","coordinates":[104.64981,-1.9656]}},{"id":"680","type":"Feature","properties":{"rate_time":0.699},"geometry":{"type":"Point","coordinates":[104.65026,-1.96543]}},{"id":"681","type":"Feature","properties":{"rate_time":0.746},"geometry":{"type":"Point","coordinates":[104.65044,-1.96523]}},{"id":"682","type":"Feature","properties":{"rate_time":1.187},"geometry":{"type":"Point","coordinates":[104.65064,-1.96505]}},{"id":"683","type":"Feature","properties":{"rate_time":1.119},"geometry":{"type":"Point","coordinates":[104.65088,-1.96492]}},{"id":"684","type":"Feature","properties":{"rate_time":0.895},"geometry":{"type":"Point","coordinates":[104.65108,-1.96473]}},{"id":"685","type":"Feature","properties":{"rate_time":0.63},"geometry":{"type":"Point","coordinates":[104.6513,-1.96459]}},{"id":"686","type":"Feature","properties":{"rate_time":0.664},"geometry":{"type":"Point","coordinates":[104.65156,-1.96451]}},{"id":"687","type":"Feature","properties":{"rate_time":0.584},"geometry":{"type":"Point","coordinates":[104.65182,-1.96447]}},{"id":"688","type":"Feature","properties":{"rate_time":0.189},"geometry":{"type":"Point","coordinates":[104.65209,-1.96445]}},{"id":"689","type":"Feature","properties":{"rate_time":-0.071},"geometry":{"type":"Point","coordinates":[104.65234,-1.96436]}},{"id":"690","type":"Feature","properties":{"rate_time":-0.784},"geometry":{"type":"Point","coordinates":[104.63838,-1.97159]}},{"id":"691","type":"Feature","properties":{"rate_time":-0.432},"geometry":{"type":"Point","coordinates":[104.62902,-1.93832]}},{"id":"692","type":"Feature","properties":{"rate_time":-0.536},"geometry":{"type":"Point","coordinates":[104.62911,-1.93807]}},{"id":"693","type":"Feature","properties":{"rate_time":-0.71},"geometry":{"type":"Point","coordinates":[104.62917,-1.9378]}},{"id":"694","type":"Feature","properties":{"rate_time":-1.046},"geometry":{"type":"Point","coordinates":[104.62912,-1.93754]}},{"id":"695","type":"Feature","properties":{"rate_time":-0.987},"geometry":{"type":"Point","coordinates":[104.62926,-1.93735]}},{"id":"696","type":"Feature","properties":{"rate_time":-0.939},"geometry":{"type":"Point","coordinates":[104.62947,-1.93719]}},{"id":"697","type":"Feature","properties":{"rate_time":-0.675},"geometry":{"type":"Point","coordinates":[104.62998,-1.93718]}},{"id":"698","type":"Feature","properties":{"rate_time":-0.745},"geometry":{"type":"Point","coordinates":[104.62972,-1.93717]}},{"id":"699","type":"Feature","properties":{"rate_time":-0.803},"geometry":{"type":"Point","coordinates":[104.63022,-1.93706]}},{"id":"700","type":"Feature","properties":{"rate_time":0.335},"geometry":{"type":"Point","coordinates":[104.6526,-1.96428]}},{"id":"701","type":"Feature","properties":{"rate_time":-0.177},"geometry":{"type":"Point","coordinates":[104.65286,-1.96422]}},{"id":"702","type":"Feature","properties":{"rate_time":-0.65},"geometry":{"type":"Point","coordinates":[104.65313,-1.96421]}},{"id":"703","type":"Feature","properties":{"rate_time":-1.153},"geometry":{"type":"Point","coordinates":[104.65339,-1.96419]}},{"id":"704","type":"Feature","properties":{"rate_time":-1.376},"geometry":{"type":"Point","coordinates":[104.65366,-1.96415]}},{"id":"705","type":"Feature","properties":{"rate_time":2.799},"geometry":{"type":"Point","coordinates":[104.64012,-1.93715]}},{"id":"706","type":"Feature","properties":{"rate_time":2.658},"geometry":{"type":"Point","coordinates":[104.63985,-1.93714]}},{"id":"707","type":"Feature","properties":{"rate_time":2.563},"geometry":{"type":"Point","coordinates":[104.63958,-1.9371]}},{"id":"708","type":"Feature","properties":{"rate_time":2.87},"geometry":{"type":"Point","coordinates":[104.64038,-1.93708]}},{"id":"709","type":"Feature","properties":{"rate_time":2.902},"geometry":{"type":"Point","coordinates":[104.64064,-1.93702]}},{"id":"710","type":"Feature","properties":{"rate_time":-1.122},"geometry":{"type":"Point","coordinates":[104.62183,-1.94843]}},{"id":"711","type":"Feature","properties":{"rate_time":-1.043},"geometry":{"type":"Point","coordinates":[104.62193,-1.94818]}},{"id":"712","type":"Feature","properties":{"rate_time":-0.831},"geometry":{"type":"Point","coordinates":[104.62205,-1.94794]}},{"id":"713","type":"Feature","properties":{"rate_time":-0.468},"geometry":{"type":"Point","coordinates":[104.6222,-1.94771]}},{"id":"714","type":"Feature","properties":{"rate_time":-0.152},"geometry":{"type":"Point","coordinates":[104.62232,-1.94747]}},{"id":"715","type":"Feature","properties":{"rate_time":0.173},"geometry":{"type":"Point","coordinates":[104.62243,-1.94722]}},{"id":"716","type":"Feature","properties":{"rate_time":0.317},"geometry":{"type":"Point","coordinates":[104.62251,-1.94696]}},{"id":"717","type":"Feature","properties":{"rate_time":0.086},"geometry":{"type":"Point","coordinates":[104.62257,-1.9467]}},{"id":"718","type":"Feature","properties":{"rate_time":-0.672},"geometry":{"type":"Point","coordinates":[104.62244,-1.94646]}},{"id":"719","type":"Feature","properties":{"rate_time":-1.234},"geometry":{"type":"Point","coordinates":[104.62227,-1.94625]}},{"id":"720","type":"Feature","properties":{"rate_time":-1.547},"geometry":{"type":"Point","coordinates":[104.62229,-1.94601]}},{"id":"721","type":"Feature","properties":{"rate_time":-1.516},"geometry":{"type":"Point","coordinates":[104.62248,-1.94581]}},{"id":"722","type":"Feature","properties":{"rate_time":-1.314},"geometry":{"type":"Point","coordinates":[104.6227,-1.94566]}},{"id":"723","type":"Feature","properties":{"rate_time":-1.142},"geometry":{"type":"Point","coordinates":[104.6229,-1.94549]}},{"id":"724","type":"Feature","properties":{"rate_time":-1.126},"geometry":{"type":"Point","coordinates":[104.62305,-1.94527]}},{"id":"725","type":"Feature","properties":{"rate_time":-1.172},"geometry":{"type":"Point","coordinates":[104.62283,-1.94522]}},{"id":"726","type":"Feature","properties":{"rate_time":-1.108},"geometry":{"type":"Point","coordinates":[104.62305,-1.94511]}},{"id":"727","type":"Feature","properties":{"rate_time":-1.289},"geometry":{"type":"Point","coordinates":[104.62279,-1.94496]}},{"id":"728","type":"Feature","properties":{"rate_time":-1.457},"geometry":{"type":"Point","coordinates":[104.62281,-1.94469]}},{"id":"729","type":"Feature","properties":{"rate_time":-1.496},"geometry":{"type":"Point","coordinates":[104.62287,-1.94443]}},{"id":"730","type":"Feature","properties":{"rate_time":-1.459},"geometry":{"type":"Point","coordinates":[104.62304,-1.94422]}},{"id":"731","type":"Feature","properties":{"rate_time":-1.512},"geometry":{"type":"Point","coordinates":[104.62309,-1.94396]}},{"id":"732","type":"Feature","properties":{"rate_time":-2.201},"geometry":{"type":"Point","coordinates":[104.62312,-1.94369]}},{"id":"733","type":"Feature","properties":{"rate_time":-2.166},"geometry":{"type":"Point","coordinates":[104.62323,-1.94344]}},{"id":"734","type":"Feature","properties":{"rate_time":-2.129},"geometry":{"type":"Point","coordinates":[104.62335,-1.9432]}},{"id":"735","type":"Feature","properties":{"rate_time":-2.193},"geometry":{"type":"Point","coordinates":[104.62345,-1.94294]}},{"id":"736","type":"Feature","properties":{"rate_time":-2.321},"geometry":{"type":"Point","coordinates":[104.62354,-1.94269]}},{"id":"737","type":"Feature","properties":{"rate_time":-2.37},"geometry":{"type":"Point","coordinates":[104.62363,-1.94243]}},{"id":"738","type":"Feature","properties":{"rate_time":-2.055},"geometry":{"type":"Point","coordinates":[104.62382,-1.94226]}},{"id":"739","type":"Feature","properties":{"rate_time":-1.704},"geometry":{"type":"Point","coordinates":[104.62406,-1.94215]}},{"id":"740","type":"Feature","properties":{"rate_time":-1.799},"geometry":{"type":"Point","coordinates":[104.6242,-1.94197]}},{"id":"741","type":"Feature","properties":{"rate_time":-1.976},"geometry":{"type":"Point","coordinates":[104.62425,-1.9417]}},{"id":"742","type":"Feature","properties":{"rate_time":-1.956},"geometry":{"type":"Point","coordinates":[104.62434,-1.94145]}},{"id":"743","type":"Feature","properties":{"rate_time":-2.002},"geometry":{"type":"Point","coordinates":[104.62445,-1.9412]}},{"id":"744","type":"Feature","properties":{"rate_time":-2.057},"geometry":{"type":"Point","coordinates":[104.62461,-1.94098]}},{"id":"745","type":"Feature","properties":{"rate_time":-1.594},"geometry":{"type":"Point","coordinates":[104.62524,-1.94081]}},{"id":"746","type":"Feature","properties":{"rate_time":-2.031},"geometry":{"type":"Point","coordinates":[104.62482,-1.94081]}},{"id":"747","type":"Feature","properties":{"rate_time":-1.34},"geometry":{"type":"Point","coordinates":[104.6255,-1.94079]}},{"id":"748","type":"Feature","properties":{"rate_time":-1.832},"geometry":{"type":"Point","coordinates":[104.62502,-1.94066]}},{"id":"749","type":"Feature","properties":{"rate_time":-1.249},"geometry":{"type":"Point","coordinates":[104.62564,-1.94058]}},{"id":"750","type":"Feature","properties":{"rate_time":-1.289},"geometry":{"type":"Point","coordinates":[104.62562,-1.94032]}},{"id":"751","type":"Feature","properties":{"rate_time":-1.152},"geometry":{"type":"Point","coordinates":[104.62571,-1.94015]}},{"id":"752","type":"Feature","properties":{"rate_time":1.29},"geometry":{"type":"Point","coordinates":[104.62805,-1.93999]}},{"id":"753","type":"Feature","properties":{"rate_time":-1.028},"geometry":{"type":"Point","coordinates":[104.6259,-1.93998]}},{"id":"754","type":"Feature","properties":{"rate_time":1.471},"geometry":{"type":"Point","coordinates":[104.62779,-1.93994]}},{"id":"755","type":"Feature","properties":{"rate_time":1.108},"geometry":{"type":"Point","coordinates":[104.62831,-1.93994]}},{"id":"756","type":"Feature","properties":{"rate_time":1.226},"geometry":{"type":"Point","coordinates":[104.62685,-1.93986]}},{"id":"757","type":"Feature","properties":{"rate_time":0.572},"geometry":{"type":"Point","coordinates":[104.62658,-1.93981]}},{"id":"758","type":"Feature","properties":{"rate_time":2.422},"geometry":{"type":"Point","coordinates":[104.62711,-1.9398]}},{"id":"759","type":"Feature","properties":{"rate_time":-1.162},"geometry":{"type":"Point","coordinates":[104.62607,-1.93977]}},{"id":"760","type":"Feature","properties":{"rate_time":0.757},"geometry":{"type":"Point","coordinates":[104.62849,-1.93974]}},{"id":"761","type":"Feature","properties":{"rate_time":1.179},"geometry":{"type":"Point","coordinates":[104.62767,-1.93972]}},{"id":"762","type":"Feature","properties":{"rate_time":-0.283},"geometry":{"type":"Point","coordinates":[104.62634,-1.93971]}},{"id":"763","type":"Feature","properties":{"rate_time":2.037},"geometry":{"type":"Point","coordinates":[104.62729,-1.93962]}},{"id":"764","type":"Feature","properties":{"rate_time":0.306},"geometry":{"type":"Point","coordinates":[104.62854,-1.93948]}},{"id":"765","type":"Feature","properties":{"rate_time":0.8},"geometry":{"type":"Point","coordinates":[104.62762,-1.93946]}},{"id":"766","type":"Feature","properties":{"rate_time":1.009},"geometry":{"type":"Point","coordinates":[104.62733,-1.93935]}},{"id":"767","type":"Feature","properties":{"rate_time":0.18},"geometry":{"type":"Point","coordinates":[104.62854,-1.93921]}},{"id":"768","type":"Feature","properties":{"rate_time":0.167},"geometry":{"type":"Point","coordinates":[104.62755,-1.93919]}},{"id":"769","type":"Feature","properties":{"rate_time":0.096},"geometry":{"type":"Point","coordinates":[104.62738,-1.93909]}},{"id":"770","type":"Feature","properties":{"rate_time":-1.218},"geometry":{"type":"Point","coordinates":[104.63045,-1.93693]}},{"id":"771","type":"Feature","properties":{"rate_time":-1.74},"geometry":{"type":"Point","coordinates":[104.63071,-1.93685]}},{"id":"772","type":"Feature","properties":{"rate_time":-1.993},"geometry":{"type":"Point","coordinates":[104.63095,-1.93673]}},{"id":"773","type":"Feature","properties":{"rate_time":-1.586},"geometry":{"type":"Point","coordinates":[104.63122,-1.9367]}},{"id":"774","type":"Feature","properties":{"rate_time":-1.009},"geometry":{"type":"Point","coordinates":[104.63148,-1.93664]}},{"id":"775","type":"Feature","properties":{"rate_time":-0.41},"geometry":{"type":"Point","coordinates":[104.63172,-1.93652]}},{"id":"776","type":"Feature","properties":{"rate_time":0.053},"geometry":{"type":"Point","coordinates":[104.63198,-1.93647]}},{"id":"777","type":"Feature","properties":{"rate_time":0.56},"geometry":{"type":"Point","coordinates":[104.63225,-1.93645]}},{"id":"778","type":"Feature","properties":{"rate_time":0.539},"geometry":{"type":"Point","coordinates":[104.6325,-1.93636]}},{"id":"779","type":"Feature","properties":{"rate_time":-0.055},"geometry":{"type":"Point","coordinates":[104.63272,-1.9362]}},{"id":"780","type":"Feature","properties":{"rate_time":2.457},"geometry":{"type":"Point","coordinates":[104.63934,-1.93698]}},{"id":"781","type":"Feature","properties":{"rate_time":2.9},"geometry":{"type":"Point","coordinates":[104.64088,-1.93689]}},{"id":"782","type":"Feature","properties":{"rate_time":2.104},"geometry":{"type":"Point","coordinates":[104.63915,-1.93679]}},{"id":"783","type":"Feature","properties":{"rate_time":2.445},"geometry":{"type":"Point","coordinates":[104.64112,-1.93677]}},{"id":"784","type":"Feature","properties":{"rate_time":2.328},"geometry":{"type":"Point","coordinates":[104.64134,-1.93662]}},{"id":"785","type":"Feature","properties":{"rate_time":1.702},"geometry":{"type":"Point","coordinates":[104.63897,-1.93659]}},{"id":"786","type":"Feature","properties":{"rate_time":2.098},"geometry":{"type":"Point","coordinates":[104.64154,-1.93643]}},{"id":"787","type":"Feature","properties":{"rate_time":1.299},"geometry":{"type":"Point","coordinates":[104.63878,-1.93639]}},{"id":"788","type":"Feature","properties":{"rate_time":1.831},"geometry":{"type":"Point","coordinates":[104.64172,-1.93624]}},{"id":"789","type":"Feature","properties":{"rate_time":1.022},"geometry":{"type":"Point","coordinates":[104.63874,-1.93612]}},{"id":"790","type":"Feature","properties":{"rate_time":-0.606},"geometry":{"type":"Point","coordinates":[104.63348,-1.93609]}},{"id":"791","type":"Feature","properties":{"rate_time":-0.823},"geometry":{"type":"Point","coordinates":[104.63321,-1.93609]}},{"id":"792","type":"Feature","properties":{"rate_time":-0.85},"geometry":{"type":"Point","coordinates":[104.63295,-1.93609]}},{"id":"793","type":"Feature","properties":{"rate_time":-0.69},"geometry":{"type":"Point","coordinates":[104.63371,-1.93598]}},{"id":"794","type":"Feature","properties":{"rate_time":-0.655},"geometry":{"type":"Point","coordinates":[104.63383,-1.93575]}},{"id":"795","type":"Feature","properties":{"rate_time":0.091},"geometry":{"type":"Point","coordinates":[104.63473,-1.93568]}},{"id":"796","type":"Feature","properties":{"rate_time":-0.094},"geometry":{"type":"Point","coordinates":[104.63447,-1.93566]}},{"id":"797","type":"Feature","properties":{"rate_time":0.152},"geometry":{"type":"Point","coordinates":[104.635,-1.93563]}},{"id":"798","type":"Feature","properties":{"rate_time":-0.223},"geometry":{"type":"Point","coordinates":[104.6342,-1.93562]}},{"id":"799","type":"Feature","properties":{"rate_time":0.387},"geometry":{"type":"Point","coordinates":[104.63527,-1.93559]}},{"id":"800","type":"Feature","properties":{"rate_time":3.497},"geometry":{"type":"Point","coordinates":[104.59482,-2.00216]}},{"id":"801","type":"Feature","properties":{"rate_time":0.15},"geometry":{"type":"Point","coordinates":[104.59642,-2.00216]}},{"id":"802","type":"Feature","properties":{"rate_time":1.499},"geometry":{"type":"Point","coordinates":[104.59722,-2.00212]}},{"id":"803","type":"Feature","properties":{"rate_time":1.016},"geometry":{"type":"Point","coordinates":[104.59749,-2.00211]}},{"id":"804","type":"Feature","properties":{"rate_time":0.64},"geometry":{"type":"Point","coordinates":[104.59776,-2.00207]}},{"id":"805","type":"Feature","properties":{"rate_time":0.425},"geometry":{"type":"Point","coordinates":[104.59802,-2.00202]}},{"id":"806","type":"Feature","properties":{"rate_time":1.69},"geometry":{"type":"Point","coordinates":[104.59829,-2.00201]}},{"id":"807","type":"Feature","properties":{"rate_time":2.114},"geometry":{"type":"Point","coordinates":[104.59856,-2.00198]}},{"id":"808","type":"Feature","properties":{"rate_time":1.331},"geometry":{"type":"Point","coordinates":[104.5991,-2.00198]}},{"id":"809","type":"Feature","properties":{"rate_time":1.226},"geometry":{"type":"Point","coordinates":[104.59883,-2.00197]}},{"id":"810","type":"Feature","properties":{"rate_time":-1.013},"geometry":{"type":"Point","coordinates":[104.59937,-2.00195]}},{"id":"811","type":"Feature","properties":{"rate_time":0.039},"geometry":{"type":"Point","coordinates":[104.59964,-2.00192]}},{"id":"812","type":"Feature","properties":{"rate_time":0.09},"geometry":{"type":"Point","coordinates":[104.60015,-2.00183]}},{"id":"813","type":"Feature","properties":{"rate_time":0.249},"geometry":{"type":"Point","coordinates":[104.60041,-2.00181]}},{"id":"814","type":"Feature","properties":{"rate_time":-0.068},"geometry":{"type":"Point","coordinates":[104.59988,-2.0018]}},{"id":"815","type":"Feature","properties":{"rate_time":-0.087},"geometry":{"type":"Point","coordinates":[104.60068,-2.00177]}},{"id":"816","type":"Feature","properties":{"rate_time":0.181},"geometry":{"type":"Point","coordinates":[104.60094,-2.00171]}},{"id":"817","type":"Feature","properties":{"rate_time":2.41},"geometry":{"type":"Point","coordinates":[104.60121,-2.00168]}},{"id":"818","type":"Feature","properties":{"rate_time":-4.102},"geometry":{"type":"Point","coordinates":[104.60148,-2.00167]}},{"id":"819","type":"Feature","properties":{"rate_time":-4.005},"geometry":{"type":"Point","coordinates":[104.60175,-2.00162]}},{"id":"820","type":"Feature","properties":{"rate_time":14.805},"geometry":{"type":"Point","coordinates":[104.58788,-2.002]}},{"id":"821","type":"Feature","properties":{"rate_time":13.88},"geometry":{"type":"Point","coordinates":[104.58761,-2.00196]}},{"id":"822","type":"Feature","properties":{"rate_time":18.965},"geometry":{"type":"Point","coordinates":[104.58734,-2.00192]}},{"id":"823","type":"Feature","properties":{"rate_time":8.483},"geometry":{"type":"Point","coordinates":[104.58709,-2.00186]}},{"id":"824","type":"Feature","properties":{"rate_time":1.61},"geometry":{"type":"Point","coordinates":[104.58683,-2.00177]}},{"id":"825","type":"Feature","properties":{"rate_time":-2.105},"geometry":{"type":"Point","coordinates":[104.58657,-2.00173]}},{"id":"826","type":"Feature","properties":{"rate_time":2.868},"geometry":{"type":"Point","coordinates":[104.5863,-2.0017]}},{"id":"827","type":"Feature","properties":{"rate_time":3.934},"geometry":{"type":"Point","coordinates":[104.58604,-2.00165]}},{"id":"828","type":"Feature","properties":{"rate_time":-8.74},"geometry":{"type":"Point","coordinates":[104.58578,-2.00155]}},{"id":"829","type":"Feature","properties":{"rate_time":-0.444},"geometry":{"type":"Point","coordinates":[104.58553,-2.00147]}},{"id":"830","type":"Feature","properties":{"rate_time":-4.651},"geometry":{"type":"Point","coordinates":[104.58526,-2.00141]}},{"id":"831","type":"Feature","properties":{"rate_time":1.029},"geometry":{"type":"Point","coordinates":[104.585,-2.00139]}},{"id":"832","type":"Feature","properties":{"rate_time":-4.93},"geometry":{"type":"Point","coordinates":[104.58473,-2.00133]}},{"id":"833","type":"Feature","properties":{"rate_time":-4.722},"geometry":{"type":"Point","coordinates":[104.58449,-2.00122]}},{"id":"834","type":"Feature","properties":{"rate_time":-1.737},"geometry":{"type":"Point","coordinates":[104.58422,-2.00117]}},{"id":"835","type":"Feature","properties":{"rate_time":2.315},"geometry":{"type":"Point","coordinates":[104.58395,-2.00115]}},{"id":"836","type":"Feature","properties":{"rate_time":1.684},"geometry":{"type":"Point","coordinates":[104.58369,-2.00112]}},{"id":"837","type":"Feature","properties":{"rate_time":-1.317},"geometry":{"type":"Point","coordinates":[104.58342,-2.00108]}},{"id":"838","type":"Feature","properties":{"rate_time":-3.008},"geometry":{"type":"Point","coordinates":[104.58318,-2.00095]}},{"id":"839","type":"Feature","properties":{"rate_time":-2.671},"geometry":{"type":"Point","coordinates":[104.58292,-2.00089]}},{"id":"840","type":"Feature","properties":{"rate_time":0.203},"geometry":{"type":"Point","coordinates":[104.57157,-2.00166]}},{"id":"841","type":"Feature","properties":{"rate_time":0.729},"geometry":{"type":"Point","coordinates":[104.5713,-2.00162]}},{"id":"842","type":"Feature","properties":{"rate_time":0.485},"geometry":{"type":"Point","coordinates":[104.57103,-2.00159]}},{"id":"843","type":"Feature","properties":{"rate_time":-3.314},"geometry":{"type":"Point","coordinates":[104.58187,-2.00069]}},{"id":"844","type":"Feature","properties":{"rate_time":-3.454},"geometry":{"type":"Point","coordinates":[104.58161,-2.00064]}},{"id":"845","type":"Feature","properties":{"rate_time":-7.672},"geometry":{"type":"Point","coordinates":[104.58134,-2.00061]}},{"id":"846","type":"Feature","properties":{"rate_time":-7.652},"geometry":{"type":"Point","coordinates":[104.58107,-2.00058]}},{"id":"847","type":"Feature","properties":{"rate_time":-7.021},"geometry":{"type":"Point","coordinates":[104.58081,-2.00051]}},{"id":"848","type":"Feature","properties":{"rate_time":-7.088},"geometry":{"type":"Point","coordinates":[104.58057,-2.00041]}},{"id":"849","type":"Feature","properties":{"rate_time":-3.816},"geometry":{"type":"Point","coordinates":[104.5803,-2.00036]}},{"id":"850","type":"Feature","properties":{"rate_time":-8.075},"geometry":{"type":"Point","coordinates":[104.58004,-2.00031]}},{"id":"851","type":"Feature","properties":{"rate_time":-4.522},"geometry":{"type":"Point","coordinates":[104.57978,-2.00022]}},{"id":"852","type":"Feature","properties":{"rate_time":-3.729},"geometry":{"type":"Point","coordinates":[104.57953,-2.00014]}},{"id":"853","type":"Feature","properties":{"rate_time":-7.429},"geometry":{"type":"Point","coordinates":[104.57926,-2.00011]}},{"id":"854","type":"Feature","properties":{"rate_time":0.227},"geometry":{"type":"Point","coordinates":[104.579,-2.00005]}},{"id":"855","type":"Feature","properties":{"rate_time":-6.283},"geometry":{"type":"Point","coordinates":[104.57876,-1.99993]}},{"id":"856","type":"Feature","properties":{"rate_time":-6.025},"geometry":{"type":"Point","coordinates":[104.5785,-1.99986]}},{"id":"857","type":"Feature","properties":{"rate_time":-3.705},"geometry":{"type":"Point","coordinates":[104.57823,-1.99983]}},{"id":"858","type":"Feature","properties":{"rate_time":0.669},"geometry":{"type":"Point","coordinates":[104.57796,-1.99981]}},{"id":"859","type":"Feature","properties":{"rate_time":10.655},"geometry":{"type":"Point","coordinates":[104.5777,-1.99976]}},{"id":"860","type":"Feature","properties":{"rate_time":-5.457},"geometry":{"type":"Point","coordinates":[104.57744,-1.99969]}},{"id":"861","type":"Feature","properties":{"rate_time":-0.773},"geometry":{"type":"Point","coordinates":[104.57719,-1.99959]}},{"id":"862","type":"Feature","properties":{"rate_time":-2.038},"geometry":{"type":"Point","coordinates":[104.57692,-1.99956]}},{"id":"863","type":"Feature","properties":{"rate_time":1.458},"geometry":{"type":"Point","coordinates":[104.57666,-1.99951]}},{"id":"864","type":"Feature","properties":{"rate_time":-0.486},"geometry":{"type":"Point","coordinates":[104.57641,-1.99941]}},{"id":"865","type":"Feature","properties":{"rate_time":-0.832},"geometry":{"type":"Point","coordinates":[104.57615,-1.99935]}},{"id":"866","type":"Feature","properties":{"rate_time":-1.11},"geometry":{"type":"Point","coordinates":[104.57588,-1.9993]}},{"id":"867","type":"Feature","properties":{"rate_time":-0.581},"geometry":{"type":"Point","coordinates":[104.57561,-1.99929]}},{"id":"868","type":"Feature","properties":{"rate_time":-0.309},"geometry":{"type":"Point","coordinates":[104.57534,-1.99926]}},{"id":"869","type":"Feature","properties":{"rate_time":-0.193},"geometry":{"type":"Point","coordinates":[104.57514,-1.99909]}},{"id":"870","type":"Feature","properties":{"rate_time":-0.172},"geometry":{"type":"Point","coordinates":[104.57487,-1.99904]}},{"id":"871","type":"Feature","properties":{"rate_time":-0.155},"geometry":{"type":"Point","coordinates":[104.57461,-1.99902]}},{"id":"872","type":"Feature","properties":{"rate_time":-0.32},"geometry":{"type":"Point","coordinates":[104.57434,-1.99897]}},{"id":"873","type":"Feature","properties":{"rate_time":-0.197},"geometry":{"type":"Point","coordinates":[104.57407,-1.99892]}},{"id":"874","type":"Feature","properties":{"rate_time":-0.414},"geometry":{"type":"Point","coordinates":[104.57384,-1.99881]}},{"id":"875","type":"Feature","properties":{"rate_time":-0.241},"geometry":{"type":"Point","coordinates":[104.57357,-1.99875]}},{"id":"876","type":"Feature","properties":{"rate_time":-0.466},"geometry":{"type":"Point","coordinates":[104.5733,-1.99873]}},{"id":"877","type":"Feature","properties":{"rate_time":-0.393},"geometry":{"type":"Point","coordinates":[104.57304,-1.9987]}},{"id":"878","type":"Feature","properties":{"rate_time":-0.769},"geometry":{"type":"Point","coordinates":[104.57279,-1.99859]}},{"id":"879","type":"Feature","properties":{"rate_time":-1.18},"geometry":{"type":"Point","coordinates":[104.57255,-1.99849]}},{"id":"880","type":"Feature","properties":{"rate_time":-3.002},"geometry":{"type":"Point","coordinates":[104.602,-2.00152]}},{"id":"881","type":"Feature","properties":{"rate_time":-2.886},"geometry":{"type":"Point","coordinates":[104.60226,-2.00145]}},{"id":"882","type":"Feature","properties":{"rate_time":-3.423},"geometry":{"type":"Point","coordinates":[104.60252,-2.00141]}},{"id":"883","type":"Feature","properties":{"rate_time":-0.479},"geometry":{"type":"Point","coordinates":[104.60279,-2.00137]}},{"id":"884","type":"Feature","properties":{"rate_time":-2.013},"geometry":{"type":"Point","coordinates":[104.60302,-2.00125]}},{"id":"885","type":"Feature","properties":{"rate_time":-1.629},"geometry":{"type":"Point","coordinates":[104.60328,-2.00117]}},{"id":"886","type":"Feature","properties":{"rate_time":-1.276},"geometry":{"type":"Point","coordinates":[104.60354,-2.00112]}},{"id":"887","type":"Feature","properties":{"rate_time":0.551},"geometry":{"type":"Point","coordinates":[104.60378,-2.001]}},{"id":"888","type":"Feature","properties":{"rate_time":-0.435},"geometry":{"type":"Point","coordinates":[104.60402,-2.00089]}},{"id":"889","type":"Feature","properties":{"rate_time":-5.921},"geometry":{"type":"Point","coordinates":[104.60427,-1.88273]}},{"id":"890","type":"Feature","properties":{"rate_time":-0.144},"geometry":{"type":"Point","coordinates":[104.58265,-2.00089]}},{"id":"891","type":"Feature","properties":{"rate_time":-0.133},"geometry":{"type":"Point","coordinates":[104.58238,-2.00085]}},{"id":"892","type":"Feature","properties":{"rate_time":-2.464},"geometry":{"type":"Point","coordinates":[104.58213,-2.00078]}},{"id":"893","type":"Feature","properties":{"rate_time":-1.299},"geometry":{"type":"Point","coordinates":[104.59384,-1.87274]}},{"id":"894","type":"Feature","properties":{"rate_time":-1.666},"geometry":{"type":"Point","coordinates":[104.59362,-1.87259]}},{"id":"895","type":"Feature","properties":{"rate_time":-2.019},"geometry":{"type":"Point","coordinates":[104.59337,-1.87249]}},{"id":"896","type":"Feature","properties":{"rate_time":-2.288},"geometry":{"type":"Point","coordinates":[104.59313,-1.87237]}},{"id":"897","type":"Feature","properties":{"rate_time":-4.067},"geometry":{"type":"Point","coordinates":[104.59294,-1.87219]}},{"id":"898","type":"Feature","properties":{"rate_time":-4.012},"geometry":{"type":"Point","coordinates":[104.59277,-1.87199]}},{"id":"899","type":"Feature","properties":{"rate_time":-3.985},"geometry":{"type":"Point","coordinates":[104.59254,-1.87185]}},{"id":"900","type":"Feature","properties":{"rate_time":-1.41},"geometry":{"type":"Point","coordinates":[104.61663,-1.9689]}},{"id":"901","type":"Feature","properties":{"rate_time":-0.891},"geometry":{"type":"Point","coordinates":[104.61635,-1.96858]}},{"id":"902","type":"Feature","properties":{"rate_time":-1.492},"geometry":{"type":"Point","coordinates":[104.61662,-1.96852]}},{"id":"903","type":"Feature","properties":{"rate_time":-1.358},"geometry":{"type":"Point","coordinates":[104.61688,-1.96849]}},{"id":"904","type":"Feature","properties":{"rate_time":-1.388},"geometry":{"type":"Point","coordinates":[104.61683,-1.96825]}},{"id":"905","type":"Feature","properties":{"rate_time":-1.715},"geometry":{"type":"Point","coordinates":[104.61672,-1.968]}},{"id":"906","type":"Feature","properties":{"rate_time":-1.592},"geometry":{"type":"Point","coordinates":[104.61662,-1.96775]}},{"id":"907","type":"Feature","properties":{"rate_time":-1.395},"geometry":{"type":"Point","coordinates":[104.61647,-1.96752]}},{"id":"908","type":"Feature","properties":{"rate_time":-1.289},"geometry":{"type":"Point","coordinates":[104.61633,-1.96729]}},{"id":"909","type":"Feature","properties":{"rate_time":0.197},"geometry":{"type":"Point","coordinates":[104.61648,-1.95499]}},{"id":"910","type":"Feature","properties":{"rate_time":6.259},"geometry":{"type":"Point","coordinates":[104.61364,-1.96565]}},{"id":"911","type":"Feature","properties":{"rate_time":5.359},"geometry":{"type":"Point","coordinates":[104.61198,-1.96561]}},{"id":"912","type":"Feature","properties":{"rate_time":6.29},"geometry":{"type":"Point","coordinates":[104.61339,-1.96554]}},{"id":"913","type":"Feature","properties":{"rate_time":6.685},"geometry":{"type":"Point","coordinates":[104.61315,-1.96543]}},{"id":"914","type":"Feature","properties":{"rate_time":5.002},"geometry":{"type":"Point","coordinates":[104.61218,-1.96542]}},{"id":"915","type":"Feature","properties":{"rate_time":6.334},"geometry":{"type":"Point","coordinates":[104.61289,-1.96536]}},{"id":"916","type":"Feature","properties":{"rate_time":5.753},"geometry":{"type":"Point","coordinates":[104.61263,-1.96527]}},{"id":"917","type":"Feature","properties":{"rate_time":4.975},"geometry":{"type":"Point","coordinates":[104.61237,-1.96525]}},{"id":"918","type":"Feature","properties":{"rate_time":0.201},"geometry":{"type":"Point","coordinates":[104.6117,-1.958]}},{"id":"919","type":"Feature","properties":{"rate_time":0.204},"geometry":{"type":"Point","coordinates":[104.61194,-1.95788]}},{"id":"920","type":"Feature","properties":{"rate_time":0.551},"geometry":{"type":"Point","coordinates":[104.60804,-1.96228]}},{"id":"921","type":"Feature","properties":{"rate_time":1.017},"geometry":{"type":"Point","coordinates":[104.60825,-1.96211]}},{"id":"922","type":"Feature","properties":{"rate_time":1.453},"geometry":{"type":"Point","coordinates":[104.60846,-1.96194]}},{"id":"923","type":"Feature","properties":{"rate_time":1.952},"geometry":{"type":"Point","coordinates":[104.60862,-1.96172]}},{"id":"924","type":"Feature","properties":{"rate_time":1.786},"geometry":{"type":"Point","coordinates":[104.60875,-1.96148]}},{"id":"925","type":"Feature","properties":{"rate_time":1.68},"geometry":{"type":"Point","coordinates":[104.60878,-1.96123]}},{"id":"926","type":"Feature","properties":{"rate_time":0.728},"geometry":{"type":"Point","coordinates":[104.60875,-1.96096]}},{"id":"927","type":"Feature","properties":{"rate_time":0.278},"geometry":{"type":"Point","coordinates":[104.60881,-1.96071]}},{"id":"928","type":"Feature","properties":{"rate_time":0.201},"geometry":{"type":"Point","coordinates":[104.60895,-1.96047]}},{"id":"929","type":"Feature","properties":{"rate_time":0.143},"geometry":{"type":"Point","coordinates":[104.60909,-1.96024]}},{"id":"930","type":"Feature","properties":{"rate_time":0.185},"geometry":{"type":"Point","coordinates":[104.60922,-1.96]}},{"id":"931","type":"Feature","properties":{"rate_time":0.268},"geometry":{"type":"Point","coordinates":[104.60938,-1.95979]}},{"id":"932","type":"Feature","properties":{"rate_time":0.257},"geometry":{"type":"Point","coordinates":[104.6096,-1.95963]}},{"id":"933","type":"Feature","properties":{"rate_time":0.09},"geometry":{"type":"Point","coordinates":[104.60977,-1.95942]}},{"id":"934","type":"Feature","properties":{"rate_time":-0.023},"geometry":{"type":"Point","coordinates":[104.60993,-1.9592]}},{"id":"935","type":"Feature","properties":{"rate_time":-0.161},"geometry":{"type":"Point","coordinates":[104.61011,-1.959]}},{"id":"936","type":"Feature","properties":{"rate_time":-0.028},"geometry":{"type":"Point","coordinates":[104.61032,-1.95884]}},{"id":"937","type":"Feature","properties":{"rate_time":0.172},"geometry":{"type":"Point","coordinates":[104.61054,-1.95867]}},{"id":"938","type":"Feature","properties":{"rate_time":0.17},"geometry":{"type":"Point","coordinates":[104.61075,-1.95851]}},{"id":"939","type":"Feature","properties":{"rate_time":0.186},"geometry":{"type":"Point","coordinates":[104.61098,-1.95836]}},{"id":"940","type":"Feature","properties":{"rate_time":0.007},"geometry":{"type":"Point","coordinates":[104.61214,-1.95771]}},{"id":"941","type":"Feature","properties":{"rate_time":-0.231},"geometry":{"type":"Point","coordinates":[104.61229,-1.95749]}},{"id":"942","type":"Feature","properties":{"rate_time":0.574},"geometry":{"type":"Point","coordinates":[104.61328,-1.95743]}},{"id":"943","type":"Feature","properties":{"rate_time":0.587},"geometry":{"type":"Point","coordinates":[104.61304,-1.9574]}},{"id":"944","type":"Feature","properties":{"rate_time":0.434},"geometry":{"type":"Point","coordinates":[104.61352,-1.95731]}},{"id":"945","type":"Feature","properties":{"rate_time":-0.313},"geometry":{"type":"Point","coordinates":[104.61237,-1.95723]}},{"id":"946","type":"Feature","properties":{"rate_time":0.643},"geometry":{"type":"Point","coordinates":[104.61284,-1.95722]}},{"id":"947","type":"Feature","properties":{"rate_time":-0.056},"geometry":{"type":"Point","coordinates":[104.61369,-1.95711]}},{"id":"948","type":"Feature","properties":{"rate_time":0.162},"geometry":{"type":"Point","coordinates":[104.61277,-1.95696]}},{"id":"949","type":"Feature","properties":{"rate_time":-0.281},"geometry":{"type":"Point","coordinates":[104.6124,-1.95696]}},{"id":"950","type":"Feature","properties":{"rate_time":-0.137},"geometry":{"type":"Point","coordinates":[104.61387,-1.9569]}},{"id":"951","type":"Feature","properties":{"rate_time":-0.074},"geometry":{"type":"Point","coordinates":[104.61407,-1.95673]}},{"id":"952","type":"Feature","properties":{"rate_time":-0.258},"geometry":{"type":"Point","coordinates":[104.61272,-1.9567]}},{"id":"953","type":"Feature","properties":{"rate_time":-0.32},"geometry":{"type":"Point","coordinates":[104.61247,-1.9567]}},{"id":"954","type":"Feature","properties":{"rate_time":0.019},"geometry":{"type":"Point","coordinates":[104.6143,-1.95659]}},{"id":"955","type":"Feature","properties":{"rate_time":-0.539},"geometry":{"type":"Point","coordinates":[104.61259,-1.95646]}},{"id":"956","type":"Feature","properties":{"rate_time":0.015},"geometry":{"type":"Point","coordinates":[104.61454,-1.95645]}},{"id":"957","type":"Feature","properties":{"rate_time":-0.044},"geometry":{"type":"Point","coordinates":[104.61475,-1.95629]}},{"id":"958","type":"Feature","properties":{"rate_time":-0.074},"geometry":{"type":"Point","coordinates":[104.61497,-1.95613]}},{"id":"959","type":"Feature","properties":{"rate_time":-0.032},"geometry":{"type":"Point","coordinates":[104.61519,-1.95598]}},{"id":"960","type":"Feature","properties":{"rate_time":0.133},"geometry":{"type":"Point","coordinates":[104.61668,-1.95482]}},{"id":"961","type":"Feature","properties":{"rate_time":0.126},"geometry":{"type":"Point","coordinates":[104.61693,-1.9547]}},{"id":"962","type":"Feature","properties":{"rate_time":0.055},"geometry":{"type":"Point","coordinates":[104.61714,-1.95455]}},{"id":"963","type":"Feature","properties":{"rate_time":0.004},"geometry":{"type":"Point","coordinates":[104.61737,-1.9544]}},{"id":"964","type":"Feature","properties":{"rate_time":-0.018},"geometry":{"type":"Point","coordinates":[104.6176,-1.95426]}},{"id":"965","type":"Feature","properties":{"rate_time":-0.002},"geometry":{"type":"Point","coordinates":[104.61784,-1.95413]}},{"id":"966","type":"Feature","properties":{"rate_time":0.036},"geometry":{"type":"Point","coordinates":[104.61806,-1.95397]}},{"id":"967","type":"Feature","properties":{"rate_time":-0.178},"geometry":{"type":"Point","coordinates":[104.61827,-1.95381]}},{"id":"968","type":"Feature","properties":{"rate_time":-0.324},"geometry":{"type":"Point","coordinates":[104.61851,-1.95369]}},{"id":"969","type":"Feature","properties":{"rate_time":-0.514},"geometry":{"type":"Point","coordinates":[104.61873,-1.95352]}},{"id":"970","type":"Feature","properties":{"rate_time":-0.605},"geometry":{"type":"Point","coordinates":[104.61892,-1.95333]}},{"id":"971","type":"Feature","properties":{"rate_time":-0.994},"geometry":{"type":"Point","coordinates":[104.61912,-1.95315]}},{"id":"972","type":"Feature","properties":{"rate_time":-1.16},"geometry":{"type":"Point","coordinates":[104.61933,-1.95298]}},{"id":"973","type":"Feature","properties":{"rate_time":-1.312},"geometry":{"type":"Point","coordinates":[104.6195,-1.95277]}},{"id":"974","type":"Feature","properties":{"rate_time":-1.576},"geometry":{"type":"Point","coordinates":[104.61967,-1.95256]}},{"id":"975","type":"Feature","properties":{"rate_time":-1.478},"geometry":{"type":"Point","coordinates":[104.61983,-1.95234]}},{"id":"976","type":"Feature","properties":{"rate_time":-1.302},"geometry":{"type":"Point","coordinates":[104.62001,-1.95214]}},{"id":"977","type":"Feature","properties":{"rate_time":-1.246},"geometry":{"type":"Point","coordinates":[104.62014,-1.9519]}},{"id":"978","type":"Feature","properties":{"rate_time":-1.165},"geometry":{"type":"Point","coordinates":[104.62033,-1.95171]}},{"id":"979","type":"Feature","properties":{"rate_time":-0.94},"geometry":{"type":"Point","coordinates":[104.62054,-1.95153]}},{"id":"980","type":"Feature","properties":{"rate_time":-0.538},"geometry":{"type":"Point","coordinates":[104.62074,-1.95135]}},{"id":"981","type":"Feature","properties":{"rate_time":-0.374},"geometry":{"type":"Point","coordinates":[104.62094,-1.95106]}},{"id":"982","type":"Feature","properties":{"rate_time":-0.438},"geometry":{"type":"Point","coordinates":[104.62106,-1.95082]}},{"id":"983","type":"Feature","properties":{"rate_time":-0.524},"geometry":{"type":"Point","coordinates":[104.62129,-1.95046]}},{"id":"984","type":"Feature","properties":{"rate_time":-0.652},"geometry":{"type":"Point","coordinates":[104.62136,-1.9502]}},{"id":"985","type":"Feature","properties":{"rate_time":-0.8},"geometry":{"type":"Point","coordinates":[104.62141,-1.94994]}},{"id":"986","type":"Feature","properties":{"rate_time":-5.225},"geometry":{"type":"Point","coordinates":[104.62149,-1.89893]}},{"id":"987","type":"Feature","properties":{"rate_time":-5.279},"geometry":{"type":"Point","coordinates":[104.62131,-1.89877]}},{"id":"988","type":"Feature","properties":{"rate_time":-5.277},"geometry":{"type":"Point","coordinates":[104.6211,-1.8986]}},{"id":"989","type":"Feature","properties":{"rate_time":-5.151},"geometry":{"type":"Point","coordinates":[104.62089,-1.89843]}},{"id":"990","type":"Feature","properties":{"rate_time":-0.003},"geometry":{"type":"Point","coordinates":[104.61541,-1.95581]}},{"id":"991","type":"Feature","properties":{"rate_time":0.719},"geometry":{"type":"Point","coordinates":[104.61561,-1.95564]}},{"id":"992","type":"Feature","properties":{"rate_time":0.402},"geometry":{"type":"Point","coordinates":[104.61581,-1.95545]}},{"id":"993","type":"Feature","properties":{"rate_time":0.205},"geometry":{"type":"Point","coordinates":[104.61604,-1.95531]}},{"id":"994","type":"Feature","properties":{"rate_time":0.26},"geometry":{"type":"Point","coordinates":[104.61627,-1.95516]}},{"id":"995","type":"Feature","properties":{"rate_time":-6.719},"geometry":{"type":"Point","coordinates":[104.61625,-1.8949]}},{"id":"996","type":"Feature","properties":{"rate_time":-6.62},"geometry":{"type":"Point","coordinates":[104.61608,-1.89472]}},{"id":"997","type":"Feature","properties":{"rate_time":-6.425},"geometry":{"type":"Point","coordinates":[104.61613,-1.89448]}},{"id":"998","type":"Feature","properties":{"rate_time":-6.4},"geometry":{"type":"Point","coordinates":[104.61627,-1.89424]}},{"id":"999","type":"Feature","properties":{"rate_time":-6.654},"geometry":{"type":"Point","coordinates":[104.61626,-1.89386]}},{"id":"1000","type":"Feature","properties":{"rate_time":-1.16},"geometry":{"type":"Point","coordinates":[104.57228,-1.99845]}},{"id":"1001","type":"Feature","properties":{"rate_time":-0.779},"geometry":{"type":"Point","coordinates":[104.57202,-1.99842]}},{"id":"1002","type":"Feature","properties":{"rate_time":-2.265},"geometry":{"type":"Point","coordinates":[104.58184,-1.86217]}},{"id":"1003","type":"Feature","properties":{"rate_time":-0.232},"geometry":{"type":"Point","coordinates":[104.58083,-1.86213]}},{"id":"1004","type":"Feature","properties":{"rate_time":-2.281},"geometry":{"type":"Point","coordinates":[104.58158,-1.86207]}},{"id":"1005","type":"Feature","properties":{"rate_time":-0.074},"geometry":{"type":"Point","coordinates":[104.58108,-1.86204]}},{"id":"1006","type":"Feature","properties":{"rate_time":-2.338},"geometry":{"type":"Point","coordinates":[104.5806,-1.86202]}},{"id":"1007","type":"Feature","properties":{"rate_time":0.061},"geometry":{"type":"Point","coordinates":[104.58134,-1.86197]}},{"id":"1008","type":"Feature","properties":{"rate_time":-2.13},"geometry":{"type":"Point","coordinates":[104.58036,-1.86191]}},{"id":"1009","type":"Feature","properties":{"rate_time":-2.002},"geometry":{"type":"Point","coordinates":[104.5801,-1.86184]}},{"id":"1010","type":"Feature","properties":{"rate_time":-6.063},"geometry":{"type":"Point","coordinates":[104.60415,-1.88249]}},{"id":"1011","type":"Feature","properties":{"rate_time":-6.007},"geometry":{"type":"Point","coordinates":[104.60402,-1.88225]}},{"id":"1012","type":"Feature","properties":{"rate_time":-4.823},"geometry":{"type":"Point","coordinates":[104.60388,-1.88203]}},{"id":"1013","type":"Feature","properties":{"rate_time":-4.783},"geometry":{"type":"Point","coordinates":[104.6037,-1.88182]}},{"id":"1014","type":"Feature","properties":{"rate_time":-4.846},"geometry":{"type":"Point","coordinates":[104.60357,-1.88159]}},{"id":"1015","type":"Feature","properties":{"rate_time":-5.008},"geometry":{"type":"Point","coordinates":[104.60338,-1.8814]}},{"id":"1016","type":"Feature","properties":{"rate_time":-4.951},"geometry":{"type":"Point","coordinates":[104.60317,-1.88123]}},{"id":"1017","type":"Feature","properties":{"rate_time":-5.166},"geometry":{"type":"Point","coordinates":[104.60291,-1.88115]}},{"id":"1018","type":"Feature","properties":{"rate_time":-5.01},"geometry":{"type":"Point","coordinates":[104.60264,-1.88115]}},{"id":"1019","type":"Feature","properties":{"rate_time":-5.024},"geometry":{"type":"Point","coordinates":[104.60237,-1.88112]}},{"id":"1020","type":"Feature","properties":{"rate_time":-5.046},"geometry":{"type":"Point","coordinates":[104.60215,-1.88096]}},{"id":"1021","type":"Feature","properties":{"rate_time":-5.148},"geometry":{"type":"Point","coordinates":[104.60192,-1.88082]}},{"id":"1022","type":"Feature","properties":{"rate_time":-5.217},"geometry":{"type":"Point","coordinates":[104.60171,-1.88066]}},{"id":"1023","type":"Feature","properties":{"rate_time":-5.153},"geometry":{"type":"Point","coordinates":[104.6015,-1.88048]}},{"id":"1024","type":"Feature","properties":{"rate_time":-5.261},"geometry":{"type":"Point","coordinates":[104.60133,-1.88028]}},{"id":"1025","type":"Feature","properties":{"rate_time":-5.366},"geometry":{"type":"Point","coordinates":[104.60114,-1.88008]}},{"id":"1026","type":"Feature","properties":{"rate_time":-5.308},"geometry":{"type":"Point","coordinates":[104.60095,-1.87989]}},{"id":"1027","type":"Feature","properties":{"rate_time":-5.385},"geometry":{"type":"Point","coordinates":[104.60077,-1.87969]}},{"id":"1028","type":"Feature","properties":{"rate_time":-5.39},"geometry":{"type":"Point","coordinates":[104.60057,-1.87951]}},{"id":"1029","type":"Feature","properties":{"rate_time":-5.492},"geometry":{"type":"Point","coordinates":[104.60033,-1.8794]}},{"id":"1030","type":"Feature","properties":{"rate_time":-5.59},"geometry":{"type":"Point","coordinates":[104.60019,-1.87918]}},{"id":"1031","type":"Feature","properties":{"rate_time":-5.624},"geometry":{"type":"Point","coordinates":[104.60005,-1.87896]}},{"id":"1032","type":"Feature","properties":{"rate_time":-5.676},"geometry":{"type":"Point","coordinates":[104.59987,-1.87876]}},{"id":"1033","type":"Feature","properties":{"rate_time":-5.696},"geometry":{"type":"Point","coordinates":[104.59967,-1.87858]}},{"id":"1034","type":"Feature","properties":{"rate_time":-5.674},"geometry":{"type":"Point","coordinates":[104.5995,-1.87837]}},{"id":"1035","type":"Feature","properties":{"rate_time":-6.183},"geometry":{"type":"Point","coordinates":[104.5993,-1.87819]}},{"id":"1036","type":"Feature","properties":{"rate_time":-4.63},"geometry":{"type":"Point","coordinates":[104.59909,-1.87803]}},{"id":"1037","type":"Feature","properties":{"rate_time":-3.89},"geometry":{"type":"Point","coordinates":[104.59888,-1.87786]}},{"id":"1038","type":"Feature","properties":{"rate_time":-4.13},"geometry":{"type":"Point","coordinates":[104.59867,-1.87768]}},{"id":"1039","type":"Feature","properties":{"rate_time":-4.271},"geometry":{"type":"Point","coordinates":[104.59846,-1.87751]}},{"id":"1040","type":"Feature","properties":{"rate_time":-4.407},"geometry":{"type":"Point","coordinates":[104.59825,-1.87734]}},{"id":"1041","type":"Feature","properties":{"rate_time":-4.687},"geometry":{"type":"Point","coordinates":[104.59805,-1.87716]}},{"id":"1042","type":"Feature","properties":{"rate_time":-3.603},"geometry":{"type":"Point","coordinates":[104.59786,-1.87697]}},{"id":"1043","type":"Feature","properties":{"rate_time":-4.603},"geometry":{"type":"Point","coordinates":[104.59767,-1.87678]}},{"id":"1044","type":"Feature","properties":{"rate_time":-2.911},"geometry":{"type":"Point","coordinates":[104.59749,-1.87657]}},{"id":"1045","type":"Feature","properties":{"rate_time":-3.932},"geometry":{"type":"Point","coordinates":[104.5973,-1.87638]}},{"id":"1046","type":"Feature","properties":{"rate_time":-4.286},"geometry":{"type":"Point","coordinates":[104.5971,-1.8762]}},{"id":"1047","type":"Feature","properties":{"rate_time":-4.485},"geometry":{"type":"Point","coordinates":[104.59693,-1.87599]}},{"id":"1048","type":"Feature","properties":{"rate_time":-4.233},"geometry":{"type":"Point","coordinates":[104.59676,-1.87579]}},{"id":"1049","type":"Feature","properties":{"rate_time":-4.127},"geometry":{"type":"Point","coordinates":[104.59656,-1.87561]}},{"id":"1050","type":"Feature","properties":{"rate_time":-4.264},"geometry":{"type":"Point","coordinates":[104.59636,-1.87544]}},{"id":"1051","type":"Feature","properties":{"rate_time":-4.195},"geometry":{"type":"Point","coordinates":[104.59618,-1.87523]}},{"id":"1052","type":"Feature","properties":{"rate_time":-4.053},"geometry":{"type":"Point","coordinates":[104.59598,-1.87505]}},{"id":"1053","type":"Feature","properties":{"rate_time":-3.784},"geometry":{"type":"Point","coordinates":[104.59575,-1.87491]}},{"id":"1054","type":"Feature","properties":{"rate_time":-3.524},"geometry":{"type":"Point","coordinates":[104.59552,-1.87478]}},{"id":"1055","type":"Feature","properties":{"rate_time":-3.213},"geometry":{"type":"Point","coordinates":[104.59542,-1.87453]}},{"id":"1056","type":"Feature","properties":{"rate_time":-2.413},"geometry":{"type":"Point","coordinates":[104.59528,-1.8743]}},{"id":"1057","type":"Feature","properties":{"rate_time":-2.202},"geometry":{"type":"Point","coordinates":[104.59508,-1.87411]}},{"id":"1058","type":"Feature","properties":{"rate_time":-2.176},"geometry":{"type":"Point","coordinates":[104.59488,-1.87393]}},{"id":"1059","type":"Feature","properties":{"rate_time":-2.055},"geometry":{"type":"Point","coordinates":[104.59469,-1.87375]}},{"id":"1060","type":"Feature","properties":{"rate_time":-1.823},"geometry":{"type":"Point","coordinates":[104.59455,-1.87352]}},{"id":"1061","type":"Feature","properties":{"rate_time":-1.584},"geometry":{"type":"Point","coordinates":[104.59438,-1.87331]}},{"id":"1062","type":"Feature","properties":{"rate_time":-1.386},"geometry":{"type":"Point","coordinates":[104.59418,-1.87313]}},{"id":"1063","type":"Feature","properties":{"rate_time":-1.275},"geometry":{"type":"Point","coordinates":[104.59406,-1.87289]}},{"id":"1064","type":"Feature","properties":{"rate_time":-3.886},"geometry":{"type":"Point","coordinates":[104.59242,-1.87166]}},{"id":"1065","type":"Feature","properties":{"rate_time":-3.669},"geometry":{"type":"Point","coordinates":[104.59234,-1.87142]}},{"id":"1066","type":"Feature","properties":{"rate_time":-3.767},"geometry":{"type":"Point","coordinates":[104.59214,-1.87123]}},{"id":"1067","type":"Feature","properties":{"rate_time":-3.689},"geometry":{"type":"Point","coordinates":[104.59189,-1.87115]}},{"id":"1068","type":"Feature","properties":{"rate_time":-3.53},"geometry":{"type":"Point","coordinates":[104.59169,-1.87098]}},{"id":"1069","type":"Feature","properties":{"rate_time":-3.477},"geometry":{"type":"Point","coordinates":[104.59148,-1.87082]}},{"id":"1070","type":"Feature","properties":{"rate_time":-3.165},"geometry":{"type":"Point","coordinates":[104.59125,-1.87069]}},{"id":"1071","type":"Feature","properties":{"rate_time":-2.841},"geometry":{"type":"Point","coordinates":[104.59104,-1.87052]}},{"id":"1072","type":"Feature","properties":{"rate_time":-2.493},"geometry":{"type":"Point","coordinates":[104.59084,-1.87034]}},{"id":"1073","type":"Feature","properties":{"rate_time":-2.108},"geometry":{"type":"Point","coordinates":[104.59061,-1.8702]}},{"id":"1074","type":"Feature","properties":{"rate_time":-1.797},"geometry":{"type":"Point","coordinates":[104.5904,-1.87003]}},{"id":"1075","type":"Feature","properties":{"rate_time":-1.747},"geometry":{"type":"Point","coordinates":[104.59028,-1.86994]}},{"id":"1076","type":"Feature","properties":{"rate_time":-1.7},"geometry":{"type":"Point","coordinates":[104.59008,-1.86976]}},{"id":"1077","type":"Feature","properties":{"rate_time":-1.952},"geometry":{"type":"Point","coordinates":[104.5899,-1.86956]}},{"id":"1078","type":"Feature","properties":{"rate_time":-2.023},"geometry":{"type":"Point","coordinates":[104.58975,-1.86934]}},{"id":"1079","type":"Feature","properties":{"rate_time":-2.055},"geometry":{"type":"Point","coordinates":[104.58965,-1.86909]}},{"id":"1080","type":"Feature","properties":{"rate_time":-2.216},"geometry":{"type":"Point","coordinates":[104.58938,-1.86895]}},{"id":"1081","type":"Feature","properties":{"rate_time":-2.002},"geometry":{"type":"Point","coordinates":[104.58957,-1.86886]}},{"id":"1082","type":"Feature","properties":{"rate_time":-1.875},"geometry":{"type":"Point","coordinates":[104.58971,-1.86884]}},{"id":"1083","type":"Feature","properties":{"rate_time":-2.123},"geometry":{"type":"Point","coordinates":[104.5893,-1.86869]}},{"id":"1084","type":"Feature","properties":{"rate_time":-2.09},"geometry":{"type":"Point","coordinates":[104.58921,-1.86844]}},{"id":"1085","type":"Feature","properties":{"rate_time":-2.153},"geometry":{"type":"Point","coordinates":[104.58899,-1.86831]}},{"id":"1086","type":"Feature","properties":{"rate_time":-3.594},"geometry":{"type":"Point","coordinates":[104.5889,-1.86816]}},{"id":"1087","type":"Feature","properties":{"rate_time":-3.347},"geometry":{"type":"Point","coordinates":[104.58893,-1.86791]}},{"id":"1088","type":"Feature","properties":{"rate_time":-3.148},"geometry":{"type":"Point","coordinates":[104.58877,-1.8677]}},{"id":"1089","type":"Feature","properties":{"rate_time":-3.001},"geometry":{"type":"Point","coordinates":[104.58853,-1.86759]}},{"id":"1090","type":"Feature","properties":{"rate_time":-2.953},"geometry":{"type":"Point","coordinates":[104.58828,-1.86752]}},{"id":"1091","type":"Feature","properties":{"rate_time":-1.65},"geometry":{"type":"Point","coordinates":[104.58808,-1.86735]}},{"id":"1092","type":"Feature","properties":{"rate_time":-1.498},"geometry":{"type":"Point","coordinates":[104.58795,-1.86715]}},{"id":"1093","type":"Feature","properties":{"rate_time":-2.704},"geometry":{"type":"Point","coordinates":[104.58819,-1.86704]}},{"id":"1094","type":"Feature","properties":{"rate_time":-0.617},"geometry":{"type":"Point","coordinates":[104.63394,-1.93556]}},{"id":"1095","type":"Feature","properties":{"rate_time":0.802},"geometry":{"type":"Point","coordinates":[104.63551,-1.93549]}},{"id":"1096","type":"Feature","properties":{"rate_time":0.671},"geometry":{"type":"Point","coordinates":[104.63831,-1.93547]}},{"id":"1097","type":"Feature","properties":{"rate_time":0.894},"geometry":{"type":"Point","coordinates":[104.63578,-1.93545]}},{"id":"1098","type":"Feature","properties":{"rate_time":1.383},"geometry":{"type":"Point","coordinates":[104.63703,-1.93543]}},{"id":"1099","type":"Feature","properties":{"rate_time":1.296},"geometry":{"type":"Point","coordinates":[104.63677,-1.93542]}},{"id":"1100","type":"Feature","properties":{"rate_time":0.914},"geometry":{"type":"Point","coordinates":[104.63605,-1.93541]}},{"id":"1101","type":"Feature","properties":{"rate_time":1.19},"geometry":{"type":"Point","coordinates":[104.6373,-1.93538]}},{"id":"1102","type":"Feature","properties":{"rate_time":0.696},"geometry":{"type":"Point","coordinates":[104.63807,-1.93534]}},{"id":"1103","type":"Feature","properties":{"rate_time":1.049},"geometry":{"type":"Point","coordinates":[104.63651,-1.93533]}},{"id":"1104","type":"Feature","properties":{"rate_time":1.723},"geometry":{"type":"Point","coordinates":[104.6419,-1.93603]}},{"id":"1105","type":"Feature","properties":{"rate_time":0.852},"geometry":{"type":"Point","coordinates":[104.63865,-1.93587]}},{"id":"1106","type":"Feature","properties":{"rate_time":1.523},"geometry":{"type":"Point","coordinates":[104.64208,-1.93583]}},{"id":"1107","type":"Feature","properties":{"rate_time":0.574},"geometry":{"type":"Point","coordinates":[104.63852,-1.93563]}},{"id":"1108","type":"Feature","properties":{"rate_time":1.377},"geometry":{"type":"Point","coordinates":[104.64223,-1.93561]}},{"id":"1109","type":"Feature","properties":{"rate_time":0.791},"geometry":{"type":"Point","coordinates":[104.64236,-1.93537]}},{"id":"1110","type":"Feature","properties":{"rate_time":0.816},"geometry":{"type":"Point","coordinates":[104.64245,-1.93511]}},{"id":"1111","type":"Feature","properties":{"rate_time":-0.334},"geometry":{"type":"Point","coordinates":[104.64239,-1.93487]}},{"id":"1112","type":"Feature","properties":{"rate_time":-0.6},"geometry":{"type":"Point","coordinates":[104.64224,-1.93465]}},{"id":"1113","type":"Feature","properties":{"rate_time":-0.664},"geometry":{"type":"Point","coordinates":[104.64217,-1.9344]}},{"id":"1114","type":"Feature","properties":{"rate_time":-1.224},"geometry":{"type":"Point","coordinates":[104.64219,-1.93414]}},{"id":"1115","type":"Feature","properties":{"rate_time":-1.267},"geometry":{"type":"Point","coordinates":[104.64214,-1.93387]}},{"id":"1116","type":"Feature","properties":{"rate_time":-1.605},"geometry":{"type":"Point","coordinates":[104.64213,-1.9336]}},{"id":"1117","type":"Feature","properties":{"rate_time":-1.781},"geometry":{"type":"Point","coordinates":[104.64213,-1.93333]}},{"id":"1118","type":"Feature","properties":{"rate_time":-1.755},"geometry":{"type":"Point","coordinates":[104.64212,-1.93306]}},{"id":"1119","type":"Feature","properties":{"rate_time":-1.705},"geometry":{"type":"Point","coordinates":[104.64209,-1.93279]}},{"id":"1120","type":"Feature","properties":{"rate_time":-1.672},"geometry":{"type":"Point","coordinates":[104.64208,-1.93252]}},{"id":"1121","type":"Feature","properties":{"rate_time":-1.854},"geometry":{"type":"Point","coordinates":[104.64202,-1.93226]}},{"id":"1122","type":"Feature","properties":{"rate_time":-2.082},"geometry":{"type":"Point","coordinates":[104.64206,-1.93199]}},{"id":"1123","type":"Feature","properties":{"rate_time":-2.316},"geometry":{"type":"Point","coordinates":[104.64207,-1.93172]}},{"id":"1124","type":"Feature","properties":{"rate_time":-2.412},"geometry":{"type":"Point","coordinates":[104.64208,-1.93145]}},{"id":"1125","type":"Feature","properties":{"rate_time":-2.543},"geometry":{"type":"Point","coordinates":[104.6421,-1.93118]}},{"id":"1126","type":"Feature","properties":{"rate_time":-2.688},"geometry":{"type":"Point","coordinates":[104.6421,-1.93091]}},{"id":"1127","type":"Feature","properties":{"rate_time":-2.717},"geometry":{"type":"Point","coordinates":[104.64211,-1.93064]}},{"id":"1128","type":"Feature","properties":{"rate_time":-2.731},"geometry":{"type":"Point","coordinates":[104.64211,-1.93036]}},{"id":"1129","type":"Feature","properties":{"rate_time":-2.818},"geometry":{"type":"Point","coordinates":[104.64209,-1.93009]}},{"id":"1130","type":"Feature","properties":{"rate_time":-3.007},"geometry":{"type":"Point","coordinates":[104.64208,-1.92982]}},{"id":"1131","type":"Feature","properties":{"rate_time":-3.148},"geometry":{"type":"Point","coordinates":[104.64208,-1.92955]}},{"id":"1132","type":"Feature","properties":{"rate_time":-3.471},"geometry":{"type":"Point","coordinates":[104.6421,-1.92928]}},{"id":"1133","type":"Feature","properties":{"rate_time":-3.692},"geometry":{"type":"Point","coordinates":[104.64212,-1.92901]}},{"id":"1134","type":"Feature","properties":{"rate_time":-3.543},"geometry":{"type":"Point","coordinates":[104.64214,-1.92874]}},{"id":"1135","type":"Feature","properties":{"rate_time":-3.592},"geometry":{"type":"Point","coordinates":[104.64218,-1.92847]}},{"id":"1136","type":"Feature","properties":{"rate_time":-3.606},"geometry":{"type":"Point","coordinates":[104.64235,-1.9283]}},{"id":"1137","type":"Feature","properties":{"rate_time":-3.341},"geometry":{"type":"Point","coordinates":[104.64254,-1.92819]}},{"id":"1138","type":"Feature","properties":{"rate_time":-3.565},"geometry":{"type":"Point","coordinates":[104.64252,-1.92792]}},{"id":"1139","type":"Feature","properties":{"rate_time":-3.793},"geometry":{"type":"Point","coordinates":[104.64247,-1.92765]}},{"id":"1140","type":"Feature","properties":{"rate_time":-3.929},"geometry":{"type":"Point","coordinates":[104.64246,-1.92738]}},{"id":"1141","type":"Feature","properties":{"rate_time":-4.011},"geometry":{"type":"Point","coordinates":[104.64252,-1.92712]}},{"id":"1142","type":"Feature","properties":{"rate_time":-4.132},"geometry":{"type":"Point","coordinates":[104.64267,-1.92689]}},{"id":"1143","type":"Feature","properties":{"rate_time":-4.279},"geometry":{"type":"Point","coordinates":[104.64276,-1.92664]}},{"id":"1144","type":"Feature","properties":{"rate_time":0.898},"geometry":{"type":"Point","coordinates":[104.63755,-1.9353]}},{"id":"1145","type":"Feature","properties":{"rate_time":0.878},"geometry":{"type":"Point","coordinates":[104.63628,-1.93528]}},{"id":"1146","type":"Feature","properties":{"rate_time":0.777},"geometry":{"type":"Point","coordinates":[104.63782,-1.93527]}},{"id":"1147","type":"Feature","properties":{"rate_time":-7.458},"geometry":{"type":"Point","coordinates":[104.63838,-1.91696]}},{"id":"1148","type":"Feature","properties":{"rate_time":-7.654},"geometry":{"type":"Point","coordinates":[104.63816,-1.91681]}},{"id":"1149","type":"Feature","properties":{"rate_time":-7.734},"geometry":{"type":"Point","coordinates":[104.63794,-1.91664]}},{"id":"1150","type":"Feature","properties":{"rate_time":-7.657},"geometry":{"type":"Point","coordinates":[104.63776,-1.91645]}},{"id":"1151","type":"Feature","properties":{"rate_time":-7.648},"geometry":{"type":"Point","coordinates":[104.63757,-1.91626]}},{"id":"1152","type":"Feature","properties":{"rate_time":-7.658},"geometry":{"type":"Point","coordinates":[104.63737,-1.91607]}},{"id":"1153","type":"Feature","properties":{"rate_time":-7.524},"geometry":{"type":"Point","coordinates":[104.63719,-1.91587]}},{"id":"1154","type":"Feature","properties":{"rate_time":-4.509},"geometry":{"type":"Point","coordinates":[104.64285,-1.92638]}},{"id":"1155","type":"Feature","properties":{"rate_time":-4.694},"geometry":{"type":"Point","coordinates":[104.64297,-1.92614]}},{"id":"1156","type":"Feature","properties":{"rate_time":-4.896},"geometry":{"type":"Point","coordinates":[104.64305,-1.92588]}},{"id":"1157","type":"Feature","properties":{"rate_time":-5.012},"geometry":{"type":"Point","coordinates":[104.64316,-1.92563]}},{"id":"1158","type":"Feature","properties":{"rate_time":-4.573},"geometry":{"type":"Point","coordinates":[104.64325,-1.92538]}},{"id":"1159","type":"Feature","properties":{"rate_time":-4.097},"geometry":{"type":"Point","coordinates":[104.64334,-1.92512]}},{"id":"1160","type":"Feature","properties":{"rate_time":-4.12},"geometry":{"type":"Point","coordinates":[104.64339,-1.92486]}},{"id":"1161","type":"Feature","properties":{"rate_time":-5.178},"geometry":{"type":"Point","coordinates":[104.64339,-1.92459]}},{"id":"1162","type":"Feature","properties":{"rate_time":-4.944},"geometry":{"type":"Point","coordinates":[104.6434,-1.92432]}},{"id":"1163","type":"Feature","properties":{"rate_time":-4.756},"geometry":{"type":"Point","coordinates":[104.64339,-1.92404]}},{"id":"1164","type":"Feature","properties":{"rate_time":-4.602},"geometry":{"type":"Point","coordinates":[104.64338,-1.92377]}},{"id":"1165","type":"Feature","properties":{"rate_time":-4.464},"geometry":{"type":"Point","coordinates":[104.64336,-1.9235]}},{"id":"1166","type":"Feature","properties":{"rate_time":-4.431},"geometry":{"type":"Point","coordinates":[104.64335,-1.92323]}},{"id":"1167","type":"Feature","properties":{"rate_time":-4.431},"geometry":{"type":"Point","coordinates":[104.6433,-1.92298]}},{"id":"1168","type":"Feature","properties":{"rate_time":-4.565},"geometry":{"type":"Point","coordinates":[104.64319,-1.92273]}},{"id":"1169","type":"Feature","properties":{"rate_time":-4.861},"geometry":{"type":"Point","coordinates":[104.64308,-1.92248]}},{"id":"1170","type":"Feature","properties":{"rate_time":-5.208},"geometry":{"type":"Point","coordinates":[104.64293,-1.92225]}},{"id":"1171","type":"Feature","properties":{"rate_time":-5.47},"geometry":{"type":"Point","coordinates":[104.6428,-1.92202]}},{"id":"1172","type":"Feature","properties":{"rate_time":-5.689},"geometry":{"type":"Point","coordinates":[104.64261,-1.92183]}},{"id":"1173","type":"Feature","properties":{"rate_time":-5.985},"geometry":{"type":"Point","coordinates":[104.6424,-1.92166]}},{"id":"1174","type":"Feature","properties":{"rate_time":0.09},"geometry":{"type":"Point","coordinates":[104.62854,-1.93894]}},{"id":"1175","type":"Feature","properties":{"rate_time":0.004},"geometry":{"type":"Point","coordinates":[104.62866,-1.93871]}},{"id":"1176","type":"Feature","properties":{"rate_time":-0.231},"geometry":{"type":"Point","coordinates":[104.62884,-1.93852]}},{"id":"1177","type":"Feature","properties":{"rate_time":-6.914},"geometry":{"type":"Point","coordinates":[104.62884,-1.90716]}},{"id":"1178","type":"Feature","properties":{"rate_time":-6.89},"geometry":{"type":"Point","coordinates":[104.62867,-1.90695]}},{"id":"1179","type":"Feature","properties":{"rate_time":-6.93},"geometry":{"type":"Point","coordinates":[104.62849,-1.90675]}},{"id":"1180","type":"Feature","properties":{"rate_time":-6.857},"geometry":{"type":"Point","coordinates":[104.62831,-1.90655]}},{"id":"1181","type":"Feature","properties":{"rate_time":-6.738},"geometry":{"type":"Point","coordinates":[104.62814,-1.90634]}},{"id":"1182","type":"Feature","properties":{"rate_time":-6.515},"geometry":{"type":"Point","coordinates":[104.62797,-1.90612]}},{"id":"1183","type":"Feature","properties":{"rate_time":-6.213},"geometry":{"type":"Point","coordinates":[104.62779,-1.90592]}},{"id":"1184","type":"Feature","properties":{"rate_time":-6.275},"geometry":{"type":"Point","coordinates":[104.6422,-1.92148]}},{"id":"1185","type":"Feature","properties":{"rate_time":-6.532},"geometry":{"type":"Point","coordinates":[104.64202,-1.92128]}},{"id":"1186","type":"Feature","properties":{"rate_time":-6.797},"geometry":{"type":"Point","coordinates":[104.64184,-1.92107]}},{"id":"1187","type":"Feature","properties":{"rate_time":-6.999},"geometry":{"type":"Point","coordinates":[104.64166,-1.92087]}},{"id":"1188","type":"Feature","properties":{"rate_time":-7.207},"geometry":{"type":"Point","coordinates":[104.64146,-1.92069]}},{"id":"1189","type":"Feature","properties":{"rate_time":-7.441},"geometry":{"type":"Point","coordinates":[104.64129,-1.92048]}},{"id":"1190","type":"Feature","properties":{"rate_time":-7.578},"geometry":{"type":"Point","coordinates":[104.64112,-1.92027]}},{"id":"1191","type":"Feature","properties":{"rate_time":-7.657},"geometry":{"type":"Point","coordinates":[104.64094,-1.92007]}},{"id":"1192","type":"Feature","properties":{"rate_time":-7.767},"geometry":{"type":"Point","coordinates":[104.64078,-1.91985]}},{"id":"1193","type":"Feature","properties":{"rate_time":-7.909},"geometry":{"type":"Point","coordinates":[104.64059,-1.91966]}},{"id":"1194","type":"Feature","properties":{"rate_time":0.186},"geometry":{"type":"Point","coordinates":[104.6112,-1.95822]}},{"id":"1195","type":"Feature","properties":{"rate_time":0.201},"geometry":{"type":"Point","coordinates":[104.61145,-1.9581]}},{"id":"1196","type":"Feature","properties":{"rate_time":-6.444},"geometry":{"type":"Point","coordinates":[104.61136,-1.89]}},{"id":"1197","type":"Feature","properties":{"rate_time":-7.085},"geometry":{"type":"Point","coordinates":[104.61117,-1.8898]}},{"id":"1198","type":"Feature","properties":{"rate_time":-7.112},"geometry":{"type":"Point","coordinates":[104.61099,-1.8896]}},{"id":"1199","type":"Feature","properties":{"rate_time":-7.164},"geometry":{"type":"Point","coordinates":[104.61081,-1.8894]}},{"id":"1200","type":"Feature","properties":{"rate_time":-7.162},"geometry":{"type":"Point","coordinates":[104.61062,-1.88922]}},{"id":"1201","type":"Feature","properties":{"rate_time":-7.071},"geometry":{"type":"Point","coordinates":[104.61042,-1.88903]}},{"id":"1202","type":"Feature","properties":{"rate_time":-6.959},"geometry":{"type":"Point","coordinates":[104.61022,-1.88885]}},{"id":"1203","type":"Feature","properties":{"rate_time":-6.72},"geometry":{"type":"Point","coordinates":[104.61009,-1.88862]}},{"id":"1204","type":"Feature","properties":{"rate_time":-6.069},"geometry":{"type":"Point","coordinates":[104.62071,-1.89823]}},{"id":"1205","type":"Feature","properties":{"rate_time":-6.093},"geometry":{"type":"Point","coordinates":[104.62054,-1.89802]}},{"id":"1206","type":"Feature","properties":{"rate_time":-6.234},"geometry":{"type":"Point","coordinates":[104.62037,-1.89781]}},{"id":"1207","type":"Feature","properties":{"rate_time":-6.283},"geometry":{"type":"Point","coordinates":[104.62017,-1.89763]}},{"id":"1208","type":"Feature","properties":{"rate_time":-6.243},"geometry":{"type":"Point","coordinates":[104.61999,-1.89743]}},{"id":"1209","type":"Feature","properties":{"rate_time":-6.837},"geometry":{"type":"Point","coordinates":[104.6187,-1.89735]}},{"id":"1210","type":"Feature","properties":{"rate_time":-6.634},"geometry":{"type":"Point","coordinates":[104.61893,-1.89729]}},{"id":"1211","type":"Feature","properties":{"rate_time":-6.196},"geometry":{"type":"Point","coordinates":[104.61979,-1.89725]}},{"id":"1212","type":"Feature","properties":{"rate_time":-6.908},"geometry":{"type":"Point","coordinates":[104.61849,-1.89719]}},{"id":"1213","type":"Feature","properties":{"rate_time":-6.386},"geometry":{"type":"Point","coordinates":[104.61914,-1.89713]}},{"id":"1214","type":"Feature","properties":{"rate_time":-6.224},"geometry":{"type":"Point","coordinates":[104.61957,-1.89709]}},{"id":"1215","type":"Feature","properties":{"rate_time":-7.008},"geometry":{"type":"Point","coordinates":[104.61829,-1.89701]}},{"id":"1216","type":"Feature","properties":{"rate_time":-6.346},"geometry":{"type":"Point","coordinates":[104.61934,-1.89695]}},{"id":"1217","type":"Feature","properties":{"rate_time":-7.017},"geometry":{"type":"Point","coordinates":[104.6181,-1.89681]}},{"id":"1218","type":"Feature","properties":{"rate_time":-7.019},"geometry":{"type":"Point","coordinates":[104.61792,-1.89662]}},{"id":"1219","type":"Feature","properties":{"rate_time":-6.95},"geometry":{"type":"Point","coordinates":[104.61772,-1.89643]}},{"id":"1220","type":"Feature","properties":{"rate_time":-6.872},"geometry":{"type":"Point","coordinates":[104.61751,-1.89626]}},{"id":"1221","type":"Feature","properties":{"rate_time":-6.776},"geometry":{"type":"Point","coordinates":[104.61731,-1.89608]}},{"id":"1222","type":"Feature","properties":{"rate_time":-6.697},"geometry":{"type":"Point","coordinates":[104.61714,-1.89588]}},{"id":"1223","type":"Feature","properties":{"rate_time":-6.66},"geometry":{"type":"Point","coordinates":[104.61699,-1.89565]}},{"id":"1224","type":"Feature","properties":{"rate_time":-6.723},"geometry":{"type":"Point","coordinates":[104.6168,-1.89546]}},{"id":"1225","type":"Feature","properties":{"rate_time":-6.777},"geometry":{"type":"Point","coordinates":[104.61661,-1.89527]}},{"id":"1226","type":"Feature","properties":{"rate_time":-6.765},"geometry":{"type":"Point","coordinates":[104.61643,-1.89507]}},{"id":"1227","type":"Feature","properties":{"rate_time":-6.576},"geometry":{"type":"Point","coordinates":[104.61645,-1.89405]}},{"id":"1228","type":"Feature","properties":{"rate_time":-6.821},"geometry":{"type":"Point","coordinates":[104.61608,-1.89367]}},{"id":"1229","type":"Feature","properties":{"rate_time":-6.936},"geometry":{"type":"Point","coordinates":[104.61589,-1.89347]}},{"id":"1230","type":"Feature","properties":{"rate_time":-7.05},"geometry":{"type":"Point","coordinates":[104.6157,-1.89328]}},{"id":"1231","type":"Feature","properties":{"rate_time":-7.252},"geometry":{"type":"Point","coordinates":[104.61551,-1.89309]}},{"id":"1232","type":"Feature","properties":{"rate_time":-7.437},"geometry":{"type":"Point","coordinates":[104.61531,-1.89291]}},{"id":"1233","type":"Feature","properties":{"rate_time":-7.551},"geometry":{"type":"Point","coordinates":[104.61512,-1.89272]}},{"id":"1234","type":"Feature","properties":{"rate_time":-7.649},"geometry":{"type":"Point","coordinates":[104.61496,-1.89249]}},{"id":"1235","type":"Feature","properties":{"rate_time":-7.013},"geometry":{"type":"Point","coordinates":[104.61488,-1.89224]}},{"id":"1236","type":"Feature","properties":{"rate_time":-6.981},"geometry":{"type":"Point","coordinates":[104.61476,-1.89201]}},{"id":"1237","type":"Feature","properties":{"rate_time":-7.02},"geometry":{"type":"Point","coordinates":[104.61455,-1.89183]}},{"id":"1238","type":"Feature","properties":{"rate_time":-5.782},"geometry":{"type":"Point","coordinates":[104.61435,-1.89165]}},{"id":"1239","type":"Feature","properties":{"rate_time":-5.866},"geometry":{"type":"Point","coordinates":[104.61412,-1.89154]}},{"id":"1240","type":"Feature","properties":{"rate_time":-6.072},"geometry":{"type":"Point","coordinates":[104.61388,-1.89146]}},{"id":"1241","type":"Feature","properties":{"rate_time":-6.113},"geometry":{"type":"Point","coordinates":[104.61369,-1.89127]}},{"id":"1242","type":"Feature","properties":{"rate_time":-6.173},"geometry":{"type":"Point","coordinates":[104.6135,-1.89108]}},{"id":"1243","type":"Feature","properties":{"rate_time":-6.134},"geometry":{"type":"Point","coordinates":[104.6133,-1.8909]}},{"id":"1244","type":"Feature","properties":{"rate_time":-6.01},"geometry":{"type":"Point","coordinates":[104.61315,-1.89068]}},{"id":"1245","type":"Feature","properties":{"rate_time":-6.792},"geometry":{"type":"Point","coordinates":[104.61222,-1.89061]}},{"id":"1246","type":"Feature","properties":{"rate_time":-6.554},"geometry":{"type":"Point","coordinates":[104.61248,-1.89058]}},{"id":"1247","type":"Feature","properties":{"rate_time":-6.849},"geometry":{"type":"Point","coordinates":[104.61197,-1.89053]}},{"id":"1248","type":"Feature","properties":{"rate_time":-5.908},"geometry":{"type":"Point","coordinates":[104.61298,-1.89048]}},{"id":"1249","type":"Feature","properties":{"rate_time":-6.058},"geometry":{"type":"Point","coordinates":[104.61273,-1.89048]}},{"id":"1250","type":"Feature","properties":{"rate_time":-6.726},"geometry":{"type":"Point","coordinates":[104.61179,-1.89032]}},{"id":"1251","type":"Feature","properties":{"rate_time":-6.607},"geometry":{"type":"Point","coordinates":[104.61157,-1.89017]}},{"id":"1252","type":"Feature","properties":{"rate_time":-6.476},"geometry":{"type":"Point","coordinates":[104.6099,-1.88843]}},{"id":"1253","type":"Feature","properties":{"rate_time":-6.293},"geometry":{"type":"Point","coordinates":[104.6098,-1.88819]}},{"id":"1254","type":"Feature","properties":{"rate_time":-6.176},"geometry":{"type":"Point","coordinates":[104.60976,-1.88792]}},{"id":"1255","type":"Feature","properties":{"rate_time":-6.168},"geometry":{"type":"Point","coordinates":[104.60964,-1.88769]}},{"id":"1256","type":"Feature","properties":{"rate_time":-6.141},"geometry":{"type":"Point","coordinates":[104.60952,-1.88749]}},{"id":"1257","type":"Feature","properties":{"rate_time":-5.987},"geometry":{"type":"Point","coordinates":[104.60961,-1.88725]}},{"id":"1258","type":"Feature","properties":{"rate_time":-6.059},"geometry":{"type":"Point","coordinates":[104.60837,-1.88719]}},{"id":"1259","type":"Feature","properties":{"rate_time":-6.033},"geometry":{"type":"Point","coordinates":[104.60819,-1.88709]}},{"id":"1260","type":"Feature","properties":{"rate_time":-5.78},"geometry":{"type":"Point","coordinates":[104.6086,-1.88705]}},{"id":"1261","type":"Feature","properties":{"rate_time":-5.95},"geometry":{"type":"Point","coordinates":[104.60944,-1.88704]}},{"id":"1262","type":"Feature","properties":{"rate_time":-5.546},"geometry":{"type":"Point","coordinates":[104.60882,-1.88688]}},{"id":"1263","type":"Feature","properties":{"rate_time":-5.662},"geometry":{"type":"Point","coordinates":[104.60805,-1.88686]}},{"id":"1264","type":"Feature","properties":{"rate_time":-5.675},"geometry":{"type":"Point","coordinates":[104.60925,-1.88684]}},{"id":"1265","type":"Feature","properties":{"rate_time":-5.449},"geometry":{"type":"Point","coordinates":[104.60904,-1.88673]}},{"id":"1266","type":"Feature","properties":{"rate_time":-5.459},"geometry":{"type":"Point","coordinates":[104.60786,-1.88666]}},{"id":"1267","type":"Feature","properties":{"rate_time":-5.425},"geometry":{"type":"Point","coordinates":[104.60766,-1.88649]}},{"id":"1268","type":"Feature","properties":{"rate_time":-5.41},"geometry":{"type":"Point","coordinates":[104.60746,-1.8863]}},{"id":"1269","type":"Feature","properties":{"rate_time":-5.505},"geometry":{"type":"Point","coordinates":[104.60728,-1.8861]}},{"id":"1270","type":"Feature","properties":{"rate_time":-5.537},"geometry":{"type":"Point","coordinates":[104.60711,-1.88589]}},{"id":"1271","type":"Feature","properties":{"rate_time":-5.426},"geometry":{"type":"Point","coordinates":[104.60692,-1.8857]}},{"id":"1272","type":"Feature","properties":{"rate_time":-5.982},"geometry":{"type":"Point","coordinates":[104.60674,-1.88551]}},{"id":"1273","type":"Feature","properties":{"rate_time":-5.965},"geometry":{"type":"Point","coordinates":[104.60657,-1.88529]}},{"id":"1274","type":"Feature","properties":{"rate_time":-5.884},"geometry":{"type":"Point","coordinates":[104.60638,-1.88511]}},{"id":"1275","type":"Feature","properties":{"rate_time":-5.829},"geometry":{"type":"Point","coordinates":[104.60618,-1.88492]}},{"id":"1276","type":"Feature","properties":{"rate_time":-5.875},"geometry":{"type":"Point","coordinates":[104.60598,-1.88474]}},{"id":"1277","type":"Feature","properties":{"rate_time":-5.918},"geometry":{"type":"Point","coordinates":[104.60579,-1.88455]}},{"id":"1278","type":"Feature","properties":{"rate_time":-6.028},"geometry":{"type":"Point","coordinates":[104.60559,-1.88436]}},{"id":"1279","type":"Feature","properties":{"rate_time":-5.909},"geometry":{"type":"Point","coordinates":[104.6054,-1.88418]}},{"id":"1280","type":"Feature","properties":{"rate_time":-6.027},"geometry":{"type":"Point","coordinates":[104.6052,-1.88399]}},{"id":"1281","type":"Feature","properties":{"rate_time":-5.654},"geometry":{"type":"Point","coordinates":[104.605,-1.88381]}},{"id":"1282","type":"Feature","properties":{"rate_time":-7.97},"geometry":{"type":"Point","coordinates":[104.64042,-1.91945]}},{"id":"1283","type":"Feature","properties":{"rate_time":-7.898},"geometry":{"type":"Point","coordinates":[104.64028,-1.91922]}},{"id":"1284","type":"Feature","properties":{"rate_time":-7.822},"geometry":{"type":"Point","coordinates":[104.64012,-1.919]}},{"id":"1285","type":"Feature","properties":{"rate_time":-7.72},"geometry":{"type":"Point","coordinates":[104.63995,-1.91879]}},{"id":"1286","type":"Feature","properties":{"rate_time":-7.577},"geometry":{"type":"Point","coordinates":[104.63979,-1.91857]}},{"id":"1287","type":"Feature","properties":{"rate_time":-7.404},"geometry":{"type":"Point","coordinates":[104.63965,-1.91835]}},{"id":"1288","type":"Feature","properties":{"rate_time":-7.341},"geometry":{"type":"Point","coordinates":[104.6395,-1.91812]}},{"id":"1289","type":"Feature","properties":{"rate_time":-7.204},"geometry":{"type":"Point","coordinates":[104.63935,-1.91789]}},{"id":"1290","type":"Feature","properties":{"rate_time":-7.068},"geometry":{"type":"Point","coordinates":[104.63918,-1.91768]}},{"id":"1291","type":"Feature","properties":{"rate_time":-7.033},"geometry":{"type":"Point","coordinates":[104.63901,-1.91747]}},{"id":"1292","type":"Feature","properties":{"rate_time":-7.108},"geometry":{"type":"Point","coordinates":[104.63881,-1.91729]}},{"id":"1293","type":"Feature","properties":{"rate_time":-7.254},"geometry":{"type":"Point","coordinates":[104.63859,-1.91713]}},{"id":"1294","type":"Feature","properties":{"rate_time":-7.354},"geometry":{"type":"Point","coordinates":[104.63701,-1.91567]}},{"id":"1295","type":"Feature","properties":{"rate_time":-7.212},"geometry":{"type":"Point","coordinates":[104.63683,-1.91546]}},{"id":"1296","type":"Feature","properties":{"rate_time":-7.075},"geometry":{"type":"Point","coordinates":[104.63668,-1.91524]}},{"id":"1297","type":"Feature","properties":{"rate_time":-7.222},"geometry":{"type":"Point","coordinates":[104.63646,-1.91509]}},{"id":"1298","type":"Feature","properties":{"rate_time":-7.627},"geometry":{"type":"Point","coordinates":[104.63622,-1.91497]}},{"id":"1299","type":"Feature","properties":{"rate_time":-7.799},"geometry":{"type":"Point","coordinates":[104.63599,-1.91482]}},{"id":"1300","type":"Feature","properties":{"rate_time":-7.78},"geometry":{"type":"Point","coordinates":[104.63578,-1.91465]}},{"id":"1301","type":"Feature","properties":{"rate_time":-7.793},"geometry":{"type":"Point","coordinates":[104.63557,-1.91448]}},{"id":"1302","type":"Feature","properties":{"rate_time":-7.915},"geometry":{"type":"Point","coordinates":[104.63537,-1.91431]}},{"id":"1303","type":"Feature","properties":{"rate_time":-8.21},"geometry":{"type":"Point","coordinates":[104.63514,-1.91416]}},{"id":"1304","type":"Feature","properties":{"rate_time":-8.367},"geometry":{"type":"Point","coordinates":[104.63494,-1.91397]}},{"id":"1305","type":"Feature","properties":{"rate_time":-8.393},"geometry":{"type":"Point","coordinates":[104.63475,-1.91378]}},{"id":"1306","type":"Feature","properties":{"rate_time":-8.384},"geometry":{"type":"Point","coordinates":[104.63456,-1.9136]}},{"id":"1307","type":"Feature","properties":{"rate_time":-8.356},"geometry":{"type":"Point","coordinates":[104.63436,-1.91341]}},{"id":"1308","type":"Feature","properties":{"rate_time":-8.277},"geometry":{"type":"Point","coordinates":[104.63416,-1.91322]}},{"id":"1309","type":"Feature","properties":{"rate_time":-8.191},"geometry":{"type":"Point","coordinates":[104.63395,-1.91306]}},{"id":"1310","type":"Feature","properties":{"rate_time":-8.2},"geometry":{"type":"Point","coordinates":[104.63376,-1.91287]}},{"id":"1311","type":"Feature","properties":{"rate_time":-8.264},"geometry":{"type":"Point","coordinates":[104.63358,-1.91266]}},{"id":"1312","type":"Feature","properties":{"rate_time":-8.338},"geometry":{"type":"Point","coordinates":[104.6334,-1.91246]}},{"id":"1313","type":"Feature","properties":{"rate_time":-8.41},"geometry":{"type":"Point","coordinates":[104.63322,-1.91226]}},{"id":"1314","type":"Feature","properties":{"rate_time":-8.466},"geometry":{"type":"Point","coordinates":[104.63305,-1.91205]}},{"id":"1315","type":"Feature","properties":{"rate_time":-8.479},"geometry":{"type":"Point","coordinates":[104.63286,-1.91186]}},{"id":"1316","type":"Feature","properties":{"rate_time":-8.343},"geometry":{"type":"Point","coordinates":[104.63269,-1.91165]}},{"id":"1317","type":"Feature","properties":{"rate_time":-8.144},"geometry":{"type":"Point","coordinates":[104.63253,-1.91143]}},{"id":"1318","type":"Feature","properties":{"rate_time":-7.981},"geometry":{"type":"Point","coordinates":[104.63233,-1.91125]}},{"id":"1319","type":"Feature","properties":{"rate_time":-7.673},"geometry":{"type":"Point","coordinates":[104.63213,-1.91106]}},{"id":"1320","type":"Feature","properties":{"rate_time":-7.293},"geometry":{"type":"Point","coordinates":[104.63194,-1.91088]}},{"id":"1321","type":"Feature","properties":{"rate_time":-6.997},"geometry":{"type":"Point","coordinates":[104.63178,-1.91066]}},{"id":"1322","type":"Feature","properties":{"rate_time":-6.636},"geometry":{"type":"Point","coordinates":[104.6316,-1.91046]}},{"id":"1323","type":"Feature","properties":{"rate_time":-6.378},"geometry":{"type":"Point","coordinates":[104.63141,-1.91026]}},{"id":"1324","type":"Feature","properties":{"rate_time":-6.172},"geometry":{"type":"Point","coordinates":[104.63123,-1.91006]}},{"id":"1325","type":"Feature","properties":{"rate_time":-6.062},"geometry":{"type":"Point","coordinates":[104.63105,-1.90986]}},{"id":"1326","type":"Feature","properties":{"rate_time":-6.008},"geometry":{"type":"Point","coordinates":[104.63087,-1.90965]}},{"id":"1327","type":"Feature","properties":{"rate_time":-5.973},"geometry":{"type":"Point","coordinates":[104.63069,-1.90945]}},{"id":"1328","type":"Feature","properties":{"rate_time":-6.149},"geometry":{"type":"Point","coordinates":[104.63048,-1.90928]}},{"id":"1329","type":"Feature","properties":{"rate_time":-6.346},"geometry":{"type":"Point","coordinates":[104.63028,-1.90911]}},{"id":"1330","type":"Feature","properties":{"rate_time":-6.769},"geometry":{"type":"Point","coordinates":[104.6301,-1.90891]}},{"id":"1331","type":"Feature","properties":{"rate_time":-6.91},"geometry":{"type":"Point","coordinates":[104.62995,-1.90868]}},{"id":"1332","type":"Feature","properties":{"rate_time":-6.887},"geometry":{"type":"Point","coordinates":[104.62978,-1.90848]}},{"id":"1333","type":"Feature","properties":{"rate_time":-6.749},"geometry":{"type":"Point","coordinates":[104.62963,-1.90825]}},{"id":"1334","type":"Feature","properties":{"rate_time":-6.598},"geometry":{"type":"Point","coordinates":[104.6295,-1.90801]}},{"id":"1335","type":"Feature","properties":{"rate_time":-6.979},"geometry":{"type":"Point","coordinates":[104.62934,-1.90779]}},{"id":"1336","type":"Feature","properties":{"rate_time":-7.022},"geometry":{"type":"Point","coordinates":[104.62917,-1.90759]}},{"id":"1337","type":"Feature","properties":{"rate_time":-6.998},"geometry":{"type":"Point","coordinates":[104.62899,-1.90739]}},{"id":"1338","type":"Feature","properties":{"rate_time":-6.173},"geometry":{"type":"Point","coordinates":[104.62761,-1.90572]}},{"id":"1339","type":"Feature","properties":{"rate_time":-6.262},"geometry":{"type":"Point","coordinates":[104.62746,-1.9055]}},{"id":"1340","type":"Feature","properties":{"rate_time":-6.295},"geometry":{"type":"Point","coordinates":[104.62729,-1.90529]}},{"id":"1341","type":"Feature","properties":{"rate_time":-6.194},"geometry":{"type":"Point","coordinates":[104.62712,-1.90508]}},{"id":"1342","type":"Feature","properties":{"rate_time":-6.095},"geometry":{"type":"Point","coordinates":[104.62694,-1.90487]}},{"id":"1343","type":"Feature","properties":{"rate_time":-6.104},"geometry":{"type":"Point","coordinates":[104.62676,-1.90467]}},{"id":"1344","type":"Feature","properties":{"rate_time":-6.027},"geometry":{"type":"Point","coordinates":[104.62659,-1.90446]}},{"id":"1345","type":"Feature","properties":{"rate_time":-6.01},"geometry":{"type":"Point","coordinates":[104.62642,-1.90425]}},{"id":"1346","type":"Feature","properties":{"rate_time":-6.166},"geometry":{"type":"Point","coordinates":[104.62625,-1.90404]}},{"id":"1347","type":"Feature","properties":{"rate_time":-6.342},"geometry":{"type":"Point","coordinates":[104.62609,-1.90382]}},{"id":"1348","type":"Feature","properties":{"rate_time":-6.359},"geometry":{"type":"Point","coordinates":[104.6259,-1.90362]}},{"id":"1349","type":"Feature","properties":{"rate_time":-6.219},"geometry":{"type":"Point","coordinates":[104.62573,-1.90342]}},{"id":"1350","type":"Feature","properties":{"rate_time":-6.077},"geometry":{"type":"Point","coordinates":[104.62555,-1.90321]}},{"id":"1351","type":"Feature","properties":{"rate_time":-6.496},"geometry":{"type":"Point","coordinates":[104.62537,-1.90301]}},{"id":"1352","type":"Feature","properties":{"rate_time":-6.121},"geometry":{"type":"Point","coordinates":[104.62519,-1.90281]}},{"id":"1353","type":"Feature","properties":{"rate_time":-6.167},"geometry":{"type":"Point","coordinates":[104.62501,-1.90261]}},{"id":"1354","type":"Feature","properties":{"rate_time":-6.174},"geometry":{"type":"Point","coordinates":[104.62498,-1.90258]}},{"id":"1355","type":"Feature","properties":{"rate_time":-7.153},"geometry":{"type":"Point","coordinates":[104.6247,-1.90229]}},{"id":"1356","type":"Feature","properties":{"rate_time":-7.26},"geometry":{"type":"Point","coordinates":[104.62451,-1.90209]}},{"id":"1357","type":"Feature","properties":{"rate_time":-7.125},"geometry":{"type":"Point","coordinates":[104.62431,-1.90192]}},{"id":"1358","type":"Feature","properties":{"rate_time":-6.258},"geometry":{"type":"Point","coordinates":[104.62415,-1.9017]}},{"id":"1359","type":"Feature","properties":{"rate_time":-6.185},"geometry":{"type":"Point","coordinates":[104.62396,-1.9015]}},{"id":"1360","type":"Feature","properties":{"rate_time":-6.157},"geometry":{"type":"Point","coordinates":[104.62375,-1.90133]}},{"id":"1361","type":"Feature","properties":{"rate_time":-6.113},"geometry":{"type":"Point","coordinates":[104.62354,-1.90116]}},{"id":"1362","type":"Feature","properties":{"rate_time":-5.963},"geometry":{"type":"Point","coordinates":[104.62337,-1.90095]}},{"id":"1363","type":"Feature","properties":{"rate_time":-5.79},"geometry":{"type":"Point","coordinates":[104.6232,-1.90074]}},{"id":"1364","type":"Feature","properties":{"rate_time":-5.69},"geometry":{"type":"Point","coordinates":[104.62305,-1.90052]}},{"id":"1365","type":"Feature","properties":{"rate_time":-5.357},"geometry":{"type":"Point","coordinates":[104.62287,-1.90032]}},{"id":"1366","type":"Feature","properties":{"rate_time":-5.336},"geometry":{"type":"Point","coordinates":[104.62262,-1.90008]}},{"id":"1367","type":"Feature","properties":{"rate_time":-5.636},"geometry":{"type":"Point","coordinates":[104.62241,-1.89991]}},{"id":"1368","type":"Feature","properties":{"rate_time":-5.512},"geometry":{"type":"Point","coordinates":[104.62221,-1.89973]}},{"id":"1369","type":"Feature","properties":{"rate_time":-5.533},"geometry":{"type":"Point","coordinates":[104.62202,-1.89954]}},{"id":"1370","type":"Feature","properties":{"rate_time":-5.59},"geometry":{"type":"Point","coordinates":[104.62183,-1.89935]}},{"id":"1371","type":"Feature","properties":{"rate_time":-5.738},"geometry":{"type":"Point","coordinates":[104.62165,-1.89914]}},{"id":"1372","type":"Feature","properties":{"rate_time":-5.958},"geometry":{"type":"Point","coordinates":[104.60481,-1.88362]}},{"id":"1373","type":"Feature","properties":{"rate_time":-5.995},"geometry":{"type":"Point","coordinates":[104.60462,-1.88343]}},{"id":"1374","type":"Feature","properties":{"rate_time":-6.013},"geometry":{"type":"Point","coordinates":[104.60442,-1.88324]}},{"id":"1375","type":"Feature","properties":{"rate_time":-5.983},"geometry":{"type":"Point","coordinates":[104.60434,-1.88299]}},{"id":"1376","type":"Feature","properties":{"rate_time":-2.632},"geometry":{"type":"Point","coordinates":[104.58843,-1.86694]}},{"id":"1377","type":"Feature","properties":{"rate_time":-2.561},"geometry":{"type":"Point","coordinates":[104.58831,-1.86677]}},{"id":"1378","type":"Feature","properties":{"rate_time":-2.687},"geometry":{"type":"Point","coordinates":[104.58811,-1.8666]}},{"id":"1379","type":"Feature","properties":{"rate_time":-2.741},"geometry":{"type":"Point","coordinates":[104.58793,-1.86639]}},{"id":"1380","type":"Feature","properties":{"rate_time":-1.328},"geometry":{"type":"Point","coordinates":[104.58772,-1.86623]}},{"id":"1381","type":"Feature","properties":{"rate_time":-1.194},"geometry":{"type":"Point","coordinates":[104.58752,-1.86605]}},{"id":"1382","type":"Feature","properties":{"rate_time":-1.059},"geometry":{"type":"Point","coordinates":[104.58733,-1.86585]}},{"id":"1383","type":"Feature","properties":{"rate_time":-0.973},"geometry":{"type":"Point","coordinates":[104.58713,-1.86567]}},{"id":"1384","type":"Feature","properties":{"rate_time":-0.651},"geometry":{"type":"Point","coordinates":[104.58693,-1.8655]}},{"id":"1385","type":"Feature","properties":{"rate_time":-0.637},"geometry":{"type":"Point","coordinates":[104.58646,-1.86542]}},{"id":"1386","type":"Feature","properties":{"rate_time":-0.736},"geometry":{"type":"Point","coordinates":[104.5862,-1.86534]}},{"id":"1387","type":"Feature","properties":{"rate_time":-0.567},"geometry":{"type":"Point","coordinates":[104.58671,-1.86533]}},{"id":"1388","type":"Feature","properties":{"rate_time":-0.717},"geometry":{"type":"Point","coordinates":[104.58598,-1.86519]}},{"id":"1389","type":"Feature","properties":{"rate_time":-0.698},"geometry":{"type":"Point","coordinates":[104.58579,-1.865]}},{"id":"1390","type":"Feature","properties":{"rate_time":-0.701},"geometry":{"type":"Point","coordinates":[104.58559,-1.86482]}},{"id":"1391","type":"Feature","properties":{"rate_time":-0.784},"geometry":{"type":"Point","coordinates":[104.58538,-1.86465]}},{"id":"1392","type":"Feature","properties":{"rate_time":-0.812},"geometry":{"type":"Point","coordinates":[104.58516,-1.86449]}},{"id":"1393","type":"Feature","properties":{"rate_time":-0.678},"geometry":{"type":"Point","coordinates":[104.5852,-1.86427]}},{"id":"1394","type":"Feature","properties":{"rate_time":-0.487},"geometry":{"type":"Point","coordinates":[104.58535,-1.86405]}},{"id":"1395","type":"Feature","properties":{"rate_time":-0.394},"geometry":{"type":"Point","coordinates":[104.58534,-1.8638]}},{"id":"1396","type":"Feature","properties":{"rate_time":-0.386},"geometry":{"type":"Point","coordinates":[104.58516,-1.8636]}},{"id":"1397","type":"Feature","properties":{"rate_time":-0.387},"geometry":{"type":"Point","coordinates":[104.58496,-1.86343]}},{"id":"1398","type":"Feature","properties":{"rate_time":-0.406},"geometry":{"type":"Point","coordinates":[104.58472,-1.8633]}},{"id":"1399","type":"Feature","properties":{"rate_time":-0.443},"geometry":{"type":"Point","coordinates":[104.58447,-1.86319]}},{"id":"1400","type":"Feature","properties":{"rate_time":-0.514},"geometry":{"type":"Point","coordinates":[104.58422,-1.86309]}},{"id":"1401","type":"Feature","properties":{"rate_time":-0.51},"geometry":{"type":"Point","coordinates":[104.58401,-1.86293]}},{"id":"1402","type":"Feature","properties":{"rate_time":-0.602},"geometry":{"type":"Point","coordinates":[104.58374,-1.8629]}},{"id":"1403","type":"Feature","properties":{"rate_time":1.26},"geometry":{"type":"Point","coordinates":[104.58348,-1.86283]}},{"id":"1404","type":"Feature","properties":{"rate_time":0.988},"geometry":{"type":"Point","coordinates":[104.58321,-1.86277]}},{"id":"1405","type":"Feature","properties":{"rate_time":0.805},"geometry":{"type":"Point","coordinates":[104.58296,-1.86269]}},{"id":"1406","type":"Feature","properties":{"rate_time":0.653},"geometry":{"type":"Point","coordinates":[104.58275,-1.86252]}},{"id":"1407","type":"Feature","properties":{"rate_time":0.538},"geometry":{"type":"Point","coordinates":[104.58251,-1.8624]}},{"id":"1408","type":"Feature","properties":{"rate_time":0.485},"geometry":{"type":"Point","coordinates":[104.58229,-1.86225]}},{"id":"1409","type":"Feature","properties":{"rate_time":0.503},"geometry":{"type":"Point","coordinates":[104.58209,-1.8621]}},{"id":"1410","type":"Feature","properties":{"rate_time":-1.788},"geometry":{"type":"Point","coordinates":[104.57984,-1.86176]}},{"id":"1411","type":"Feature","properties":{"rate_time":0.765},"geometry":{"type":"Point","coordinates":[104.57933,-1.86167]}},{"id":"1412","type":"Feature","properties":{"rate_time":-1.611},"geometry":{"type":"Point","coordinates":[104.5796,-1.86167]}},{"id":"1413","type":"Feature","properties":{"rate_time":0.846},"geometry":{"type":"Point","coordinates":[104.57908,-1.86161]}},{"id":"1414","type":"Feature","properties":{"rate_time":1.13},"geometry":{"type":"Point","coordinates":[104.57885,-1.86147]}},{"id":"1415","type":"Feature","properties":{"rate_time":1.158},"geometry":{"type":"Point","coordinates":[104.57859,-1.8614]}},{"id":"1416","type":"Feature","properties":{"rate_time":1.171},"geometry":{"type":"Point","coordinates":[104.57837,-1.86125]}},{"id":"1417","type":"Feature","properties":{"rate_time":1.312},"geometry":{"type":"Point","coordinates":[104.57819,-1.86105]}},{"id":"1418","type":"Feature","properties":{"rate_time":1.299},"geometry":{"type":"Point","coordinates":[104.57697,-1.861]}},{"id":"1419","type":"Feature","properties":{"rate_time":1.302},"geometry":{"type":"Point","coordinates":[104.57723,-1.86098]}},{"id":"1420","type":"Feature","properties":{"rate_time":1.352},"geometry":{"type":"Point","coordinates":[104.57799,-1.86088]}},{"id":"1421","type":"Feature","properties":{"rate_time":1.518},"geometry":{"type":"Point","coordinates":[104.57673,-1.86087]}},{"id":"1422","type":"Feature","properties":{"rate_time":1.412},"geometry":{"type":"Point","coordinates":[104.57747,-1.86087]}},{"id":"1423","type":"Feature","properties":{"rate_time":1.355},"geometry":{"type":"Point","coordinates":[104.57773,-1.86082]}},{"id":"1424","type":"Feature","properties":{"rate_time":1.771},"geometry":{"type":"Point","coordinates":[104.57651,-1.86072]}},{"id":"1425","type":"Feature","properties":{"rate_time":1.994},"geometry":{"type":"Point","coordinates":[104.57627,-1.86059]}},{"id":"1426","type":"Feature","properties":{"rate_time":2.187},"geometry":{"type":"Point","coordinates":[104.57602,-1.86051]}},{"id":"1427","type":"Feature","properties":{"rate_time":2.426},"geometry":{"type":"Point","coordinates":[104.57578,-1.86039]}},{"id":"1428","type":"Feature","properties":{"rate_time":2.595},"geometry":{"type":"Point","coordinates":[104.57552,-1.86031]}},{"id":"1429","type":"Feature","properties":{"rate_time":2.011},"geometry":{"type":"Point","coordinates":[104.57526,-1.86027]}},{"id":"1430","type":"Feature","properties":{"rate_time":2.017},"geometry":{"type":"Point","coordinates":[104.57499,-1.86026]}},{"id":"1431","type":"Feature","properties":{"rate_time":2.006},"geometry":{"type":"Point","coordinates":[104.57474,-1.86018]}},{"id":"1432","type":"Feature","properties":{"rate_time":1.616},"geometry":{"type":"Point","coordinates":[104.57429,-1.86003]}},{"id":"1433","type":"Feature","properties":{"rate_time":2.024},"geometry":{"type":"Point","coordinates":[104.57456,-1.85999]}},{"id":"1434","type":"Feature","properties":{"rate_time":1.676},"geometry":{"type":"Point","coordinates":[104.57409,-1.85985]}},{"id":"1435","type":"Feature","properties":{"rate_time":3.599},"geometry":{"type":"Point","coordinates":[104.57259,-1.85984]}},{"id":"1436","type":"Feature","properties":{"rate_time":2.901},"geometry":{"type":"Point","coordinates":[104.57371,-1.85976]}},{"id":"1437","type":"Feature","properties":{"rate_time":3.615},"geometry":{"type":"Point","coordinates":[104.57279,-1.85975]}},{"id":"1438","type":"Feature","properties":{"rate_time":3.466},"geometry":{"type":"Point","coordinates":[104.57236,-1.85971]}},{"id":"1439","type":"Feature","properties":{"rate_time":2.862},"geometry":{"type":"Point","coordinates":[104.5736,-1.85967]}},{"id":"1440","type":"Feature","properties":{"rate_time":3.57},"geometry":{"type":"Point","coordinates":[104.5721,-1.85964]}},{"id":"1441","type":"Feature","properties":{"rate_time":3.665},"geometry":{"type":"Point","coordinates":[104.57184,-1.85958]}},{"id":"1442","type":"Feature","properties":{"rate_time":3.622},"geometry":{"type":"Point","coordinates":[104.57284,-1.85952]}},{"id":"1443","type":"Feature","properties":{"rate_time":2.86},"geometry":{"type":"Point","coordinates":[104.57339,-1.85949]}},{"id":"1444","type":"Feature","properties":{"rate_time":3.748},"geometry":{"type":"Point","coordinates":[104.5716,-1.85946]}},{"id":"1445","type":"Feature","properties":{"rate_time":3.84},"geometry":{"type":"Point","coordinates":[104.57134,-1.85941]}},{"id":"1446","type":"Feature","properties":{"rate_time":3.919},"geometry":{"type":"Point","coordinates":[104.56991,-1.85937]}},{"id":"1447","type":"Feature","properties":{"rate_time":2.717},"geometry":{"type":"Point","coordinates":[104.57317,-1.85934]}},{"id":"1448","type":"Feature","properties":{"rate_time":3.55},"geometry":{"type":"Point","coordinates":[104.57268,-1.8593]}},{"id":"1449","type":"Feature","properties":{"rate_time":2.534},"geometry":{"type":"Point","coordinates":[104.57291,-1.85928]}},{"id":"1450","type":"Feature","properties":{"rate_time":4.13},"geometry":{"type":"Point","coordinates":[104.57011,-1.85928]}},{"id":"1451","type":"Feature","properties":{"rate_time":3.844},"geometry":{"type":"Point","coordinates":[104.56966,-1.85926]}},{"id":"1452","type":"Feature","properties":{"rate_time":3.858},"geometry":{"type":"Point","coordinates":[104.57111,-1.85926]}},{"id":"1453","type":"Feature","properties":{"rate_time":4.089},"geometry":{"type":"Point","coordinates":[104.5694,-1.85919]}},{"id":"1454","type":"Feature","properties":{"rate_time":4.1},"geometry":{"type":"Point","coordinates":[104.57086,-1.85916]}},{"id":"1455","type":"Feature","properties":{"rate_time":4.113},"geometry":{"type":"Point","coordinates":[104.56914,-1.85911]}},{"id":"1456","type":"Feature","properties":{"rate_time":4.371},"geometry":{"type":"Point","coordinates":[104.57019,-1.85902]}},{"id":"1457","type":"Feature","properties":{"rate_time":4.474},"geometry":{"type":"Point","coordinates":[104.57063,-1.85901]}},{"id":"1458","type":"Feature","properties":{"rate_time":4.169},"geometry":{"type":"Point","coordinates":[104.56889,-1.85901]}},{"id":"1459","type":"Feature","properties":{"rate_time":4.427},"geometry":{"type":"Point","coordinates":[104.56863,-1.85894]}},{"id":"1460","type":"Feature","properties":{"rate_time":4.511},"geometry":{"type":"Point","coordinates":[104.57038,-1.85892]}},{"id":"1461","type":"Feature","properties":{"rate_time":4.641},"geometry":{"type":"Point","coordinates":[104.56837,-1.85886]}},{"id":"1462","type":"Feature","properties":{"rate_time":4.452},"geometry":{"type":"Point","coordinates":[104.56814,-1.85873]}},{"id":"1463","type":"Feature","properties":{"rate_time":4.383},"geometry":{"type":"Point","coordinates":[104.56788,-1.85865]}},{"id":"1464","type":"Feature","properties":{"rate_time":4.182},"geometry":{"type":"Point","coordinates":[104.56765,-1.85851]}},{"id":"1465","type":"Feature","properties":{"rate_time":3.974},"geometry":{"type":"Point","coordinates":[104.56746,-1.85833]}},{"id":"1466","type":"Feature","properties":{"rate_time":5.14},"geometry":{"type":"Point","coordinates":[104.56722,-1.8582]}},{"id":"1467","type":"Feature","properties":{"rate_time":5.079},"geometry":{"type":"Point","coordinates":[104.56697,-1.85809]}},{"id":"1468","type":"Feature","properties":{"rate_time":4.939},"geometry":{"type":"Point","coordinates":[104.56673,-1.85797]}},{"id":"1469","type":"Feature","properties":{"rate_time":2.127},"geometry":{"type":"Point","coordinates":[104.56649,-1.85786]}},{"id":"1470","type":"Feature","properties":{"rate_time":4.915},"geometry":{"type":"Point","coordinates":[104.56625,-1.85774]}},{"id":"1471","type":"Feature","properties":{"rate_time":4.896},"geometry":{"type":"Point","coordinates":[104.56602,-1.85693]}},{"id":"1472","type":"Feature","properties":{"rate_time":5.139},"geometry":{"type":"Point","coordinates":[104.56628,-1.85686]}},{"id":"1473","type":"Feature","properties":{"rate_time":4.928},"geometry":{"type":"Point","coordinates":[104.5661,-1.85667]}},{"id":"1474","type":"Feature","properties":{"rate_time":0.585},"geometry":{"type":"Point","coordinates":[104.49699,-1.94777]}},{"id":"1475","type":"Feature","properties":{"rate_time":0.261},"geometry":{"type":"Point","coordinates":[104.49686,-1.94754]}},{"id":"1476","type":"Feature","properties":{"rate_time":0.21},"geometry":{"type":"Point","coordinates":[104.49682,-1.94727]}},{"id":"1477","type":"Feature","properties":{"rate_time":0.31},"geometry":{"type":"Point","coordinates":[104.50073,-1.94714]}},{"id":"1478","type":"Feature","properties":{"rate_time":0.275},"geometry":{"type":"Point","coordinates":[104.49681,-1.947]}},{"id":"1479","type":"Feature","properties":{"rate_time":0.742},"geometry":{"type":"Point","coordinates":[104.5007,-1.94687]}},{"id":"1480","type":"Feature","properties":{"rate_time":0.093},"geometry":{"type":"Point","coordinates":[104.49678,-1.94673]}},{"id":"1481","type":"Feature","properties":{"rate_time":0.591},"geometry":{"type":"Point","coordinates":[104.50069,-1.9466]}},{"id":"1482","type":"Feature","properties":{"rate_time":0.017},"geometry":{"type":"Point","coordinates":[104.49671,-1.94647]}},{"id":"1483","type":"Feature","properties":{"rate_time":0.506},"geometry":{"type":"Point","coordinates":[104.50067,-1.94633]}},{"id":"1484","type":"Feature","properties":{"rate_time":0.021},"geometry":{"type":"Point","coordinates":[104.49659,-1.94623]}},{"id":"1485","type":"Feature","properties":{"rate_time":0.318},"geometry":{"type":"Point","coordinates":[104.50066,-1.94605]}},{"id":"1486","type":"Feature","properties":{"rate_time":-0.168},"geometry":{"type":"Point","coordinates":[104.49653,-1.94597]}},{"id":"1487","type":"Feature","properties":{"rate_time":0.029},"geometry":{"type":"Point","coordinates":[104.50065,-1.94578]}},{"id":"1488","type":"Feature","properties":{"rate_time":-0.194},"geometry":{"type":"Point","coordinates":[104.4965,-1.9457]}},{"id":"1489","type":"Feature","properties":{"rate_time":0.057},"geometry":{"type":"Point","coordinates":[104.50056,-1.94553]}},{"id":"1490","type":"Feature","properties":{"rate_time":-0.237},"geometry":{"type":"Point","coordinates":[104.4965,-1.94543]}},{"id":"1491","type":"Feature","properties":{"rate_time":-0.105},"geometry":{"type":"Point","coordinates":[104.50055,-1.94526]}},{"id":"1492","type":"Feature","properties":{"rate_time":-0.263},"geometry":{"type":"Point","coordinates":[104.4965,-1.94516]}},{"id":"1493","type":"Feature","properties":{"rate_time":-0.326},"geometry":{"type":"Point","coordinates":[104.50061,-1.945]}},{"id":"1494","type":"Feature","properties":{"rate_time":0.046},"geometry":{"type":"Point","coordinates":[104.49648,-1.94489]}},{"id":"1495","type":"Feature","properties":{"rate_time":-0.154},"geometry":{"type":"Point","coordinates":[104.50059,-1.94473]}},{"id":"1496","type":"Feature","properties":{"rate_time":0.075},"geometry":{"type":"Point","coordinates":[104.49647,-1.94462]}},{"id":"1497","type":"Feature","properties":{"rate_time":-0.042},"geometry":{"type":"Point","coordinates":[104.50059,-1.94446]}},{"id":"1498","type":"Feature","properties":{"rate_time":0.006},"geometry":{"type":"Point","coordinates":[104.49646,-1.94435]}},{"id":"1499","type":"Feature","properties":{"rate_time":-0.175},"geometry":{"type":"Point","coordinates":[104.5006,-1.94419]}},{"id":"1500","type":"Feature","properties":{"rate_time":0.04},"geometry":{"type":"Point","coordinates":[104.4964,-1.94408]}},{"id":"1501","type":"Feature","properties":{"rate_time":-0.216},"geometry":{"type":"Point","coordinates":[104.5006,-1.94392]}},{"id":"1502","type":"Feature","properties":{"rate_time":0.002},"geometry":{"type":"Point","coordinates":[104.49639,-1.94382]}},{"id":"1503","type":"Feature","properties":{"rate_time":-0.316},"geometry":{"type":"Point","coordinates":[104.50065,-1.94365]}},{"id":"1504","type":"Feature","properties":{"rate_time":-0.085},"geometry":{"type":"Point","coordinates":[104.49634,-1.94356]}},{"id":"1505","type":"Feature","properties":{"rate_time":-0.45},"geometry":{"type":"Point","coordinates":[104.50066,-1.94338]}},{"id":"1506","type":"Feature","properties":{"rate_time":-0.071},"geometry":{"type":"Point","coordinates":[104.4963,-1.94329]}},{"id":"1507","type":"Feature","properties":{"rate_time":-0.267},"geometry":{"type":"Point","coordinates":[104.50066,-1.94311]}},{"id":"1508","type":"Feature","properties":{"rate_time":-0.09},"geometry":{"type":"Point","coordinates":[104.49628,-1.94302]}},{"id":"1509","type":"Feature","properties":{"rate_time":-0.32},"geometry":{"type":"Point","coordinates":[104.50066,-1.94284]}},{"id":"1510","type":"Feature","properties":{"rate_time":-0.149},"geometry":{"type":"Point","coordinates":[104.49625,-1.94275]}},{"id":"1511","type":"Feature","properties":{"rate_time":-0.714},"geometry":{"type":"Point","coordinates":[104.50068,-1.94257]}},{"id":"1512","type":"Feature","properties":{"rate_time":-0.68},"geometry":{"type":"Point","coordinates":[104.50071,-1.9423]}},{"id":"1513","type":"Feature","properties":{"rate_time":-0.536},"geometry":{"type":"Point","coordinates":[104.50075,-1.94203]}},{"id":"1514","type":"Feature","properties":{"rate_time":-0.233},"geometry":{"type":"Point","coordinates":[104.49621,-1.94249]}},{"id":"1515","type":"Feature","properties":{"rate_time":-0.107},"geometry":{"type":"Point","coordinates":[104.49616,-1.94222]}},{"id":"1516","type":"Feature","properties":{"rate_time":-0.199},"geometry":{"type":"Point","coordinates":[104.49612,-1.94195]}},{"id":"1517","type":"Feature","properties":{"rate_time":-0.485},"geometry":{"type":"Point","coordinates":[104.49611,-1.94169]}},{"id":"1518","type":"Feature","properties":{"rate_time":-0.19},"geometry":{"type":"Point","coordinates":[104.49614,-1.94142]}},{"id":"1519","type":"Feature","properties":{"rate_time":0.058},"geometry":{"type":"Point","coordinates":[104.49613,-1.94115]}},{"id":"1520","type":"Feature","properties":{"rate_time":-0.186},"geometry":{"type":"Point","coordinates":[104.49613,-1.94088]}},{"id":"1521","type":"Feature","properties":{"rate_time":-0.03},"geometry":{"type":"Point","coordinates":[104.49617,-1.94062]}},{"id":"1522","type":"Feature","properties":{"rate_time":0.056},"geometry":{"type":"Point","coordinates":[104.49613,-1.94035]}},{"id":"1523","type":"Feature","properties":{"rate_time":-0.028},"geometry":{"type":"Point","coordinates":[104.49614,-1.94008]}},{"id":"1524","type":"Feature","properties":{"rate_time":-0.185},"geometry":{"type":"Point","coordinates":[104.50079,-1.94176]}},{"id":"1525","type":"Feature","properties":{"rate_time":-0.214},"geometry":{"type":"Point","coordinates":[104.50083,-1.94149]}},{"id":"1526","type":"Feature","properties":{"rate_time":-0.399},"geometry":{"type":"Point","coordinates":[104.50088,-1.94123]}},{"id":"1527","type":"Feature","properties":{"rate_time":-0.626},"geometry":{"type":"Point","coordinates":[104.50093,-1.94096]}},{"id":"1528","type":"Feature","properties":{"rate_time":-0.509},"geometry":{"type":"Point","coordinates":[104.50094,-1.94069]}},{"id":"1529","type":"Feature","properties":{"rate_time":-0.35},"geometry":{"type":"Point","coordinates":[104.50097,-1.94042]}},{"id":"1530","type":"Feature","properties":{"rate_time":-0.235},"geometry":{"type":"Point","coordinates":[104.50105,-1.94016]}},{"id":"1531","type":"Feature","properties":{"rate_time":-0.3},"geometry":{"type":"Point","coordinates":[104.50112,-1.9399]}},{"id":"1532","type":"Feature","properties":{"rate_time":-0.255},"geometry":{"type":"Point","coordinates":[104.50121,-1.93964]}},{"id":"1533","type":"Feature","properties":{"rate_time":-0.116},"geometry":{"type":"Point","coordinates":[104.50126,-1.93938]}},{"id":"1534","type":"Feature","properties":{"rate_time":0.045},"geometry":{"type":"Point","coordinates":[104.50131,-1.93911]}},{"id":"1535","type":"Feature","properties":{"rate_time":-0.452},"geometry":{"type":"Point","coordinates":[104.50144,-1.93888]}},{"id":"1536","type":"Feature","properties":{"rate_time":-0.552},"geometry":{"type":"Point","coordinates":[104.50154,-1.93862]}},{"id":"1537","type":"Feature","properties":{"rate_time":-0.729},"geometry":{"type":"Point","coordinates":[104.50169,-1.9384]}},{"id":"1538","type":"Feature","properties":{"rate_time":-0.8},"geometry":{"type":"Point","coordinates":[104.50186,-1.9382]}},{"id":"1539","type":"Feature","properties":{"rate_time":-0.697},"geometry":{"type":"Point","coordinates":[104.50205,-1.938]}},{"id":"1540","type":"Feature","properties":{"rate_time":-0.363},"geometry":{"type":"Point","coordinates":[104.49627,-1.93792]}},{"id":"1541","type":"Feature","properties":{"rate_time":-0.722},"geometry":{"type":"Point","coordinates":[104.50226,-1.93783]}},{"id":"1542","type":"Feature","properties":{"rate_time":-0.053},"geometry":{"type":"Point","coordinates":[104.49632,-1.93765]}},{"id":"1543","type":"Feature","properties":{"rate_time":-0.776},"geometry":{"type":"Point","coordinates":[104.5024,-1.9376]}},{"id":"1544","type":"Feature","properties":{"rate_time":0.031},"geometry":{"type":"Point","coordinates":[104.49635,-1.93739]}},{"id":"1545","type":"Feature","properties":{"rate_time":-0.438},"geometry":{"type":"Point","coordinates":[104.50256,-1.93738]}},{"id":"1546","type":"Feature","properties":{"rate_time":-0.524},"geometry":{"type":"Point","coordinates":[104.5028,-1.93727]}},{"id":"1547","type":"Feature","properties":{"rate_time":0.018},"geometry":{"type":"Point","coordinates":[104.49646,-1.93714]}},{"id":"1548","type":"Feature","properties":{"rate_time":-0.388},"geometry":{"type":"Point","coordinates":[104.50299,-1.93708]}},{"id":"1549","type":"Feature","properties":{"rate_time":-0.122},"geometry":{"type":"Point","coordinates":[104.49648,-1.93687]}},{"id":"1550","type":"Feature","properties":{"rate_time":-0.295},"geometry":{"type":"Point","coordinates":[104.50315,-1.93686]}},{"id":"1551","type":"Feature","properties":{"rate_time":-0.511},"geometry":{"type":"Point","coordinates":[104.50334,-1.93667]}},{"id":"1552","type":"Feature","properties":{"rate_time":-0.093},"geometry":{"type":"Point","coordinates":[104.4965,-1.9366]}},{"id":"1553","type":"Feature","properties":{"rate_time":-0.84},"geometry":{"type":"Point","coordinates":[104.50349,-1.93645]}},{"id":"1554","type":"Feature","properties":{"rate_time":0.22},"geometry":{"type":"Point","coordinates":[104.49653,-1.93633]}},{"id":"1555","type":"Feature","properties":{"rate_time":-0.744},"geometry":{"type":"Point","coordinates":[104.50361,-1.9362]}},{"id":"1556","type":"Feature","properties":{"rate_time":-0.322},"geometry":{"type":"Point","coordinates":[104.49655,-1.93606]}},{"id":"1557","type":"Feature","properties":{"rate_time":-0.499},"geometry":{"type":"Point","coordinates":[104.50377,-1.936]}},{"id":"1558","type":"Feature","properties":{"rate_time":-0.473},"geometry":{"type":"Point","coordinates":[104.50398,-1.93582]}},{"id":"1559","type":"Feature","properties":{"rate_time":-0.169},"geometry":{"type":"Point","coordinates":[104.49663,-1.9358]}},{"id":"1560","type":"Feature","properties":{"rate_time":-0.381},"geometry":{"type":"Point","coordinates":[104.50416,-1.93562]}},{"id":"1561","type":"Feature","properties":{"rate_time":-0.031},"geometry":{"type":"Point","coordinates":[104.49665,-1.93553]}},{"id":"1562","type":"Feature","properties":{"rate_time":-0.615},"geometry":{"type":"Point","coordinates":[104.50434,-1.93542]}},{"id":"1563","type":"Feature","properties":{"rate_time":0.048},"geometry":{"type":"Point","coordinates":[104.49671,-1.93527]}},{"id":"1564","type":"Feature","properties":{"rate_time":0.162},"geometry":{"type":"Point","coordinates":[104.49617,-1.93981]}},{"id":"1565","type":"Feature","properties":{"rate_time":0.117},"geometry":{"type":"Point","coordinates":[104.49618,-1.93954]}},{"id":"1566","type":"Feature","properties":{"rate_time":-0.01},"geometry":{"type":"Point","coordinates":[104.4962,-1.93927]}},{"id":"1567","type":"Feature","properties":{"rate_time":-0.107},"geometry":{"type":"Point","coordinates":[104.49623,-1.939]}},{"id":"1568","type":"Feature","properties":{"rate_time":0.034},"geometry":{"type":"Point","coordinates":[104.49622,-1.93873]}},{"id":"1569","type":"Feature","properties":{"rate_time":0.245},"geometry":{"type":"Point","coordinates":[104.49622,-1.93846]}},{"id":"1570","type":"Feature","properties":{"rate_time":-0.502},"geometry":{"type":"Point","coordinates":[104.49624,-1.93819]}},{"id":"1571","type":"Feature","properties":{"rate_time":-0.548},"geometry":{"type":"Point","coordinates":[104.49622,-1.93075]}},{"id":"1572","type":"Feature","properties":{"rate_time":-0.573},"geometry":{"type":"Point","coordinates":[104.49615,-1.93049]}},{"id":"1573","type":"Feature","properties":{"rate_time":-0.62},"geometry":{"type":"Point","coordinates":[104.49606,-1.93024]}},{"id":"1574","type":"Feature","properties":{"rate_time":-0.718},"geometry":{"type":"Point","coordinates":[104.50453,-1.93523]}},{"id":"1575","type":"Feature","properties":{"rate_time":-0.718},"geometry":{"type":"Point","coordinates":[104.50474,-1.93506]}},{"id":"1576","type":"Feature","properties":{"rate_time":0.06},"geometry":{"type":"Point","coordinates":[104.49676,-1.935]}},{"id":"1577","type":"Feature","properties":{"rate_time":-0.712},"geometry":{"type":"Point","coordinates":[104.50495,-1.93489]}},{"id":"1578","type":"Feature","properties":{"rate_time":-0.13},"geometry":{"type":"Point","coordinates":[104.49675,-1.93473]}},{"id":"1579","type":"Feature","properties":{"rate_time":-0.652},"geometry":{"type":"Point","coordinates":[104.50509,-1.93467]}},{"id":"1580","type":"Feature","properties":{"rate_time":-0.215},"geometry":{"type":"Point","coordinates":[104.49675,-1.93446]}},{"id":"1581","type":"Feature","properties":{"rate_time":-0.63},"geometry":{"type":"Point","coordinates":[104.50522,-1.93442]}},{"id":"1582","type":"Feature","properties":{"rate_time":-0.276},"geometry":{"type":"Point","coordinates":[104.49677,-1.93419]}},{"id":"1583","type":"Feature","properties":{"rate_time":-0.435},"geometry":{"type":"Point","coordinates":[104.50529,-1.93416]}},{"id":"1584","type":"Feature","properties":{"rate_time":-0.171},"geometry":{"type":"Point","coordinates":[104.49678,-1.93392]}},{"id":"1585","type":"Feature","properties":{"rate_time":-0.408},"geometry":{"type":"Point","coordinates":[104.50539,-1.93391]}},{"id":"1586","type":"Feature","properties":{"rate_time":-0.721},"geometry":{"type":"Point","coordinates":[104.50553,-1.93368]}},{"id":"1587","type":"Feature","properties":{"rate_time":-0.316},"geometry":{"type":"Point","coordinates":[104.49675,-1.93365]}},{"id":"1588","type":"Feature","properties":{"rate_time":-0.836},"geometry":{"type":"Point","coordinates":[104.50558,-1.93342]}},{"id":"1589","type":"Feature","properties":{"rate_time":-0.435},"geometry":{"type":"Point","coordinates":[104.49672,-1.93338]}},{"id":"1590","type":"Feature","properties":{"rate_time":-0.74},"geometry":{"type":"Point","coordinates":[104.50563,-1.93315]}},{"id":"1591","type":"Feature","properties":{"rate_time":-0.543},"geometry":{"type":"Point","coordinates":[104.49662,-1.93312]}},{"id":"1592","type":"Feature","properties":{"rate_time":-0.584},"geometry":{"type":"Point","coordinates":[104.50571,-1.93289]}},{"id":"1593","type":"Feature","properties":{"rate_time":-0.893},"geometry":{"type":"Point","coordinates":[104.49663,-1.93286]}},{"id":"1594","type":"Feature","properties":{"rate_time":-0.38},"geometry":{"type":"Point","coordinates":[104.50568,-1.93263]}},{"id":"1595","type":"Feature","properties":{"rate_time":-1.047},"geometry":{"type":"Point","coordinates":[104.49663,-1.93258]}},{"id":"1596","type":"Feature","properties":{"rate_time":-0.378},"geometry":{"type":"Point","coordinates":[104.50569,-1.93236]}},{"id":"1597","type":"Feature","properties":{"rate_time":-0.551},"geometry":{"type":"Point","coordinates":[104.49665,-1.93231]}},{"id":"1598","type":"Feature","properties":{"rate_time":-0.634},"geometry":{"type":"Point","coordinates":[104.50578,-1.9321]}},{"id":"1599","type":"Feature","properties":{"rate_time":-0.871},"geometry":{"type":"Point","coordinates":[104.49658,-1.93205]}},{"id":"1600","type":"Feature","properties":{"rate_time":-0.678},"geometry":{"type":"Point","coordinates":[104.50585,-1.93184]}},{"id":"1601","type":"Feature","properties":{"rate_time":-0.54},"geometry":{"type":"Point","coordinates":[104.49647,-1.93181]}},{"id":"1602","type":"Feature","properties":{"rate_time":-0.818},"geometry":{"type":"Point","coordinates":[104.50592,-1.93158]}},{"id":"1603","type":"Feature","properties":{"rate_time":-0.533},"geometry":{"type":"Point","coordinates":[104.49639,-1.93155]}},{"id":"1604","type":"Feature","properties":{"rate_time":-0.632},"geometry":{"type":"Point","coordinates":[104.49598,-1.92998]}},{"id":"1605","type":"Feature","properties":{"rate_time":-0.596},"geometry":{"type":"Point","coordinates":[104.4959,-1.92972]}},{"id":"1606","type":"Feature","properties":{"rate_time":-1.278},"geometry":{"type":"Point","coordinates":[104.49578,-1.92948]}},{"id":"1607","type":"Feature","properties":{"rate_time":-1.034},"geometry":{"type":"Point","coordinates":[104.49567,-1.92923]}},{"id":"1608","type":"Feature","properties":{"rate_time":-0.553},"geometry":{"type":"Point","coordinates":[104.49558,-1.92897]}},{"id":"1609","type":"Feature","properties":{"rate_time":-0.253},"geometry":{"type":"Point","coordinates":[104.49553,-1.92871]}},{"id":"1610","type":"Feature","properties":{"rate_time":-0.142},"geometry":{"type":"Point","coordinates":[104.49542,-1.92846]}},{"id":"1611","type":"Feature","properties":{"rate_time":-0.167},"geometry":{"type":"Point","coordinates":[104.49535,-1.9282]}},{"id":"1612","type":"Feature","properties":{"rate_time":-0.112},"geometry":{"type":"Point","coordinates":[104.49525,-1.92795]}},{"id":"1613","type":"Feature","properties":{"rate_time":-0.013},"geometry":{"type":"Point","coordinates":[104.49517,-1.92769]}},{"id":"1614","type":"Feature","properties":{"rate_time":-0.316},"geometry":{"type":"Point","coordinates":[104.49506,-1.92744]}},{"id":"1615","type":"Feature","properties":{"rate_time":-0.402},"geometry":{"type":"Point","coordinates":[104.49493,-1.92721]}},{"id":"1616","type":"Feature","properties":{"rate_time":-0.419},"geometry":{"type":"Point","coordinates":[104.49485,-1.92695]}},{"id":"1617","type":"Feature","properties":{"rate_time":-0.806},"geometry":{"type":"Point","coordinates":[104.49472,-1.92671]}},{"id":"1618","type":"Feature","properties":{"rate_time":-0.721},"geometry":{"type":"Point","coordinates":[104.49464,-1.92646]}},{"id":"1619","type":"Feature","properties":{"rate_time":-0.553},"geometry":{"type":"Point","coordinates":[104.49453,-1.92621]}},{"id":"1620","type":"Feature","properties":{"rate_time":-0.299},"geometry":{"type":"Point","coordinates":[104.4944,-1.92598]}},{"id":"1621","type":"Feature","properties":{"rate_time":-0.158},"geometry":{"type":"Point","coordinates":[104.49432,-1.92572]}},{"id":"1622","type":"Feature","properties":{"rate_time":-0.259},"geometry":{"type":"Point","coordinates":[104.49416,-1.92551]}},{"id":"1623","type":"Feature","properties":{"rate_time":-0.186},"geometry":{"type":"Point","coordinates":[104.49408,-1.92525]}},{"id":"1624","type":"Feature","properties":{"rate_time":-0.244},"geometry":{"type":"Point","coordinates":[104.49405,-1.92498]}},{"id":"1625","type":"Feature","properties":{"rate_time":-0.464},"geometry":{"type":"Point","coordinates":[104.49395,-1.92472]}},{"id":"1626","type":"Feature","properties":{"rate_time":-0.293},"geometry":{"type":"Point","coordinates":[104.4939,-1.92446]}},{"id":"1627","type":"Feature","properties":{"rate_time":-0.17},"geometry":{"type":"Point","coordinates":[104.4938,-1.92421]}},{"id":"1628","type":"Feature","properties":{"rate_time":-0.149},"geometry":{"type":"Point","coordinates":[104.49366,-1.92397]}},{"id":"1629","type":"Feature","properties":{"rate_time":-0.257},"geometry":{"type":"Point","coordinates":[104.49352,-1.92374]}},{"id":"1630","type":"Feature","properties":{"rate_time":-0.328},"geometry":{"type":"Point","coordinates":[104.49337,-1.92352]}},{"id":"1631","type":"Feature","properties":{"rate_time":-0.175},"geometry":{"type":"Point","coordinates":[104.49326,-1.92327]}},{"id":"1632","type":"Feature","properties":{"rate_time":-0.559},"geometry":{"type":"Point","coordinates":[104.49312,-1.92304]}},{"id":"1633","type":"Feature","properties":{"rate_time":-0.246},"geometry":{"type":"Point","coordinates":[104.49295,-1.92283]}},{"id":"1634","type":"Feature","properties":{"rate_time":-0.152},"geometry":{"type":"Point","coordinates":[104.4928,-1.9226]}},{"id":"1635","type":"Feature","properties":{"rate_time":0.131},"geometry":{"type":"Point","coordinates":[104.49265,-1.92238]}},{"id":"1636","type":"Feature","properties":{"rate_time":0.374},"geometry":{"type":"Point","coordinates":[104.49243,-1.92225]}},{"id":"1637","type":"Feature","properties":{"rate_time":0.608},"geometry":{"type":"Point","coordinates":[104.4924,-1.92199]}},{"id":"1638","type":"Feature","properties":{"rate_time":0.728},"geometry":{"type":"Point","coordinates":[104.49235,-1.92172]}},{"id":"1639","type":"Feature","properties":{"rate_time":-0.255},"geometry":{"type":"Point","coordinates":[104.49225,-1.92148]}},{"id":"1640","type":"Feature","properties":{"rate_time":-1.45},"geometry":{"type":"Point","coordinates":[104.49205,-1.9213]}},{"id":"1641","type":"Feature","properties":{"rate_time":-1.715},"geometry":{"type":"Point","coordinates":[104.49188,-1.9211]}},{"id":"1642","type":"Feature","properties":{"rate_time":-0.667},"geometry":{"type":"Point","coordinates":[104.49179,-1.92085]}},{"id":"1643","type":"Feature","properties":{"rate_time":-0.406},"geometry":{"type":"Point","coordinates":[104.49168,-1.9206]}},{"id":"1644","type":"Feature","properties":{"rate_time":-0.387},"geometry":{"type":"Point","coordinates":[104.49154,-1.92037]}},{"id":"1645","type":"Feature","properties":{"rate_time":-0.276},"geometry":{"type":"Point","coordinates":[104.49141,-1.92014]}},{"id":"1646","type":"Feature","properties":{"rate_time":-0.259},"geometry":{"type":"Point","coordinates":[104.49124,-1.91993]}},{"id":"1647","type":"Feature","properties":{"rate_time":-0.353},"geometry":{"type":"Point","coordinates":[104.49107,-1.91972]}},{"id":"1648","type":"Feature","properties":{"rate_time":-0.584},"geometry":{"type":"Point","coordinates":[104.4909,-1.91951]}},{"id":"1649","type":"Feature","properties":{"rate_time":-0.625},"geometry":{"type":"Point","coordinates":[104.4908,-1.91926]}},{"id":"1650","type":"Feature","properties":{"rate_time":-0.619},"geometry":{"type":"Point","coordinates":[104.49063,-1.91905]}},{"id":"1651","type":"Feature","properties":{"rate_time":-0.57},"geometry":{"type":"Point","coordinates":[104.4905,-1.91881]}},{"id":"1652","type":"Feature","properties":{"rate_time":-0.56},"geometry":{"type":"Point","coordinates":[104.49032,-1.91862]}},{"id":"1653","type":"Feature","properties":{"rate_time":-0.729},"geometry":{"type":"Point","coordinates":[104.4901,-1.91847]}},{"id":"1654","type":"Feature","properties":{"rate_time":-0.805},"geometry":{"type":"Point","coordinates":[104.48991,-1.91827]}},{"id":"1655","type":"Feature","properties":{"rate_time":-0.868},"geometry":{"type":"Point","coordinates":[104.48972,-1.91809]}},{"id":"1656","type":"Feature","properties":{"rate_time":-0.918},"geometry":{"type":"Point","coordinates":[104.48952,-1.9179]}},{"id":"1657","type":"Feature","properties":{"rate_time":-0.737},"geometry":{"type":"Point","coordinates":[104.48945,-1.91764]}},{"id":"1658","type":"Feature","properties":{"rate_time":-0.351},"geometry":{"type":"Point","coordinates":[104.48947,-1.91737]}},{"id":"1659","type":"Feature","properties":{"rate_time":-0.305},"geometry":{"type":"Point","coordinates":[104.48867,-1.91715]}},{"id":"1660","type":"Feature","properties":{"rate_time":-0.021},"geometry":{"type":"Point","coordinates":[104.48932,-1.91715]}},{"id":"1661","type":"Feature","properties":{"rate_time":-0.105},"geometry":{"type":"Point","coordinates":[104.48889,-1.91714]}},{"id":"1662","type":"Feature","properties":{"rate_time":-0.327},"geometry":{"type":"Point","coordinates":[104.48847,-1.91697]}},{"id":"1663","type":"Feature","properties":{"rate_time":-0.174},"geometry":{"type":"Point","coordinates":[104.48918,-1.91692]}},{"id":"1664","type":"Feature","properties":{"rate_time":0.237},"geometry":{"type":"Point","coordinates":[104.48899,-1.91691]}},{"id":"1665","type":"Feature","properties":{"rate_time":-0.345},"geometry":{"type":"Point","coordinates":[104.48832,-1.91675]}},{"id":"1666","type":"Feature","properties":{"rate_time":0.049},"geometry":{"type":"Point","coordinates":[104.4891,-1.91666]}},{"id":"1667","type":"Feature","properties":{"rate_time":0.206},"geometry":{"type":"Point","coordinates":[104.48901,-1.91664]}},{"id":"1668","type":"Feature","properties":{"rate_time":-0.555},"geometry":{"type":"Point","coordinates":[104.48822,-1.91649]}},{"id":"1669","type":"Feature","properties":{"rate_time":-0.831},"geometry":{"type":"Point","coordinates":[104.48813,-1.91624]}},{"id":"1670","type":"Feature","properties":{"rate_time":-1.088},"geometry":{"type":"Point","coordinates":[104.48797,-1.91603]}},{"id":"1671","type":"Feature","properties":{"rate_time":-0.386},"geometry":{"type":"Point","coordinates":[104.48857,-1.91586]}},{"id":"1672","type":"Feature","properties":{"rate_time":-1.12},"geometry":{"type":"Point","coordinates":[104.48791,-1.91576]}},{"id":"1673","type":"Feature","properties":{"rate_time":-0.426},"geometry":{"type":"Point","coordinates":[104.48837,-1.91575]}},{"id":"1674","type":"Feature","properties":{"rate_time":-0.898},"geometry":{"type":"Point","coordinates":[104.50665,-1.92999]}},{"id":"1675","type":"Feature","properties":{"rate_time":-1.509},"geometry":{"type":"Point","coordinates":[104.50681,-1.92977]}},{"id":"1676","type":"Feature","properties":{"rate_time":-1.641},"geometry":{"type":"Point","coordinates":[104.50706,-1.92968]}},{"id":"1677","type":"Feature","properties":{"rate_time":-1.904},"geometry":{"type":"Point","coordinates":[104.50732,-1.92961]}},{"id":"1678","type":"Feature","properties":{"rate_time":-2.263},"geometry":{"type":"Point","coordinates":[104.50757,-1.92952]}},{"id":"1679","type":"Feature","properties":{"rate_time":-2.749},"geometry":{"type":"Point","coordinates":[104.50782,-1.92943]}},{"id":"1680","type":"Feature","properties":{"rate_time":-3.13},"geometry":{"type":"Point","coordinates":[104.50806,-1.92929]}},{"id":"1681","type":"Feature","properties":{"rate_time":-2.893},"geometry":{"type":"Point","coordinates":[104.50824,-1.92909]}},{"id":"1682","type":"Feature","properties":{"rate_time":-2.994},"geometry":{"type":"Point","coordinates":[104.50841,-1.92889]}},{"id":"1683","type":"Feature","properties":{"rate_time":-3.056},"geometry":{"type":"Point","coordinates":[104.50861,-1.92871]}},{"id":"1684","type":"Feature","properties":{"rate_time":-3.171},"geometry":{"type":"Point","coordinates":[104.50885,-1.92859]}},{"id":"1685","type":"Feature","properties":{"rate_time":-3.769},"geometry":{"type":"Point","coordinates":[104.5091,-1.92848]}},{"id":"1686","type":"Feature","properties":{"rate_time":-2.1},"geometry":{"type":"Point","coordinates":[104.50933,-1.92835]}},{"id":"1687","type":"Feature","properties":{"rate_time":-3.149},"geometry":{"type":"Point","coordinates":[104.50959,-1.92827]}},{"id":"1688","type":"Feature","properties":{"rate_time":-2.876},"geometry":{"type":"Point","coordinates":[104.50985,-1.92821]}},{"id":"1689","type":"Feature","properties":{"rate_time":-2.09},"geometry":{"type":"Point","coordinates":[104.51009,-1.92808]}},{"id":"1690","type":"Feature","properties":{"rate_time":-1.801},"geometry":{"type":"Point","coordinates":[104.51035,-1.92804]}},{"id":"1691","type":"Feature","properties":{"rate_time":-1.607},"geometry":{"type":"Point","coordinates":[104.51062,-1.928]}},{"id":"1692","type":"Feature","properties":{"rate_time":-1.376},"geometry":{"type":"Point","coordinates":[104.51088,-1.92794]}},{"id":"1693","type":"Feature","properties":{"rate_time":-1.314},"geometry":{"type":"Point","coordinates":[104.51113,-1.92784]}},{"id":"1694","type":"Feature","properties":{"rate_time":-1.538},"geometry":{"type":"Point","coordinates":[104.51139,-1.92776]}},{"id":"1695","type":"Feature","properties":{"rate_time":-1.678},"geometry":{"type":"Point","coordinates":[104.51162,-1.92762]}},{"id":"1696","type":"Feature","properties":{"rate_time":-0.98},"geometry":{"type":"Point","coordinates":[104.51185,-1.92748]}},{"id":"1697","type":"Feature","properties":{"rate_time":-0.952},"geometry":{"type":"Point","coordinates":[104.51207,-1.92733]}},{"id":"1698","type":"Feature","properties":{"rate_time":-0.988},"geometry":{"type":"Point","coordinates":[104.51225,-1.92714]}},{"id":"1699","type":"Feature","properties":{"rate_time":-0.62},"geometry":{"type":"Point","coordinates":[104.51231,-1.92687]}},{"id":"1700","type":"Feature","properties":{"rate_time":-0.436},"geometry":{"type":"Point","coordinates":[104.51236,-1.9266]}},{"id":"1701","type":"Feature","properties":{"rate_time":-0.818},"geometry":{"type":"Point","coordinates":[104.52167,-1.92654]}},{"id":"1702","type":"Feature","properties":{"rate_time":-0.846},"geometry":{"type":"Point","coordinates":[104.52144,-1.9264]}},{"id":"1703","type":"Feature","properties":{"rate_time":-0.537},"geometry":{"type":"Point","coordinates":[104.51251,-1.92638]}},{"id":"1704","type":"Feature","properties":{"rate_time":-0.017},"geometry":{"type":"Point","coordinates":[104.52067,-1.9263]}},{"id":"1705","type":"Feature","properties":{"rate_time":-0.611},"geometry":{"type":"Point","coordinates":[104.5212,-1.92629]}},{"id":"1706","type":"Feature","properties":{"rate_time":0.032},"geometry":{"type":"Point","coordinates":[104.52094,-1.92628]}},{"id":"1707","type":"Feature","properties":{"rate_time":-0.307},"geometry":{"type":"Point","coordinates":[104.5126,-1.92613]}},{"id":"1708","type":"Feature","properties":{"rate_time":-0.036},"geometry":{"type":"Point","coordinates":[104.52051,-1.92612]}},{"id":"1709","type":"Feature","properties":{"rate_time":-0.231},"geometry":{"type":"Point","coordinates":[104.51903,-1.92608]}},{"id":"1710","type":"Feature","properties":{"rate_time":-0.281},"geometry":{"type":"Point","coordinates":[104.52003,-1.926]}},{"id":"1711","type":"Feature","properties":{"rate_time":-0.012},"geometry":{"type":"Point","coordinates":[104.51879,-1.92599]}},{"id":"1712","type":"Feature","properties":{"rate_time":0.059},"geometry":{"type":"Point","coordinates":[104.5203,-1.92599]}},{"id":"1713","type":"Feature","properties":{"rate_time":0.033},"geometry":{"type":"Point","coordinates":[104.51926,-1.92594]}},{"id":"1714","type":"Feature","properties":{"rate_time":-0.174},"geometry":{"type":"Point","coordinates":[104.51978,-1.92591]}},{"id":"1715","type":"Feature","properties":{"rate_time":-0.014},"geometry":{"type":"Point","coordinates":[104.51855,-1.92587]}},{"id":"1716","type":"Feature","properties":{"rate_time":-0.256},"geometry":{"type":"Point","coordinates":[104.51266,-1.92586]}},{"id":"1717","type":"Feature","properties":{"rate_time":0.3},"geometry":{"type":"Point","coordinates":[104.51952,-1.92586]}},{"id":"1718","type":"Feature","properties":{"rate_time":0.112},"geometry":{"type":"Point","coordinates":[104.51832,-1.92574]}},{"id":"1719","type":"Feature","properties":{"rate_time":-0.38},"geometry":{"type":"Point","coordinates":[104.51281,-1.92565]}},{"id":"1720","type":"Feature","properties":{"rate_time":0.18},"geometry":{"type":"Point","coordinates":[104.51807,-1.92564]}},{"id":"1721","type":"Feature","properties":{"rate_time":0.138},"geometry":{"type":"Point","coordinates":[104.5178,-1.92559]}},{"id":"1722","type":"Feature","properties":{"rate_time":0.011},"geometry":{"type":"Point","coordinates":[104.51753,-1.92557]}},{"id":"1723","type":"Feature","properties":{"rate_time":0.339},"geometry":{"type":"Point","coordinates":[104.51728,-1.92549]}},{"id":"1724","type":"Feature","properties":{"rate_time":0.283},"geometry":{"type":"Point","coordinates":[104.5221,-1.92548]}},{"id":"1725","type":"Feature","properties":{"rate_time":-0.457},"geometry":{"type":"Point","coordinates":[104.51297,-1.92543]}},{"id":"1726","type":"Feature","properties":{"rate_time":-0.433},"geometry":{"type":"Point","coordinates":[104.51576,-1.9254]}},{"id":"1727","type":"Feature","properties":{"rate_time":-0.298},"geometry":{"type":"Point","coordinates":[104.51549,-1.92537]}},{"id":"1728","type":"Feature","properties":{"rate_time":-1.139},"geometry":{"type":"Point","coordinates":[104.51469,-1.92537]}},{"id":"1729","type":"Feature","properties":{"rate_time":0.24},"geometry":{"type":"Point","coordinates":[104.51705,-1.92537]}},{"id":"1730","type":"Feature","properties":{"rate_time":-0.796},"geometry":{"type":"Point","coordinates":[104.51496,-1.92537]}},{"id":"1731","type":"Feature","properties":{"rate_time":0.137},"geometry":{"type":"Point","coordinates":[104.51678,-1.92536]}},{"id":"1732","type":"Feature","properties":{"rate_time":-1.421},"geometry":{"type":"Point","coordinates":[104.51442,-1.92536]}},{"id":"1733","type":"Feature","properties":{"rate_time":-1.797},"geometry":{"type":"Point","coordinates":[104.51415,-1.92535]}},{"id":"1734","type":"Feature","properties":{"rate_time":-0.575},"geometry":{"type":"Point","coordinates":[104.51523,-1.92535]}},{"id":"1735","type":"Feature","properties":{"rate_time":0.271},"geometry":{"type":"Point","coordinates":[104.52189,-1.92531]}},{"id":"1736","type":"Feature","properties":{"rate_time":-0.003},"geometry":{"type":"Point","coordinates":[104.51652,-1.9253]}},{"id":"1737","type":"Feature","properties":{"rate_time":-0.14},"geometry":{"type":"Point","coordinates":[104.516,-1.92527]}},{"id":"1738","type":"Feature","properties":{"rate_time":-1.207},"geometry":{"type":"Point","coordinates":[104.5139,-1.92524]}},{"id":"1739","type":"Feature","properties":{"rate_time":-1.502},"geometry":{"type":"Point","coordinates":[104.51364,-1.92524]}},{"id":"1740","type":"Feature","properties":{"rate_time":-0.034},"geometry":{"type":"Point","coordinates":[104.51626,-1.92523]}},{"id":"1741","type":"Feature","properties":{"rate_time":-0.412},"geometry":{"type":"Point","coordinates":[104.51312,-1.92522]}},{"id":"1742","type":"Feature","properties":{"rate_time":-0.483},"geometry":{"type":"Point","coordinates":[104.51338,-1.92518]}},{"id":"1743","type":"Feature","properties":{"rate_time":-0.153},"geometry":{"type":"Point","coordinates":[104.52176,-1.92507]}},{"id":"1744","type":"Feature","properties":{"rate_time":-0.078},"geometry":{"type":"Point","coordinates":[104.5216,-1.92486]}},{"id":"1745","type":"Feature","properties":{"rate_time":0.438},"geometry":{"type":"Point","coordinates":[104.5214,-1.92468]}},{"id":"1746","type":"Feature","properties":{"rate_time":0.218},"geometry":{"type":"Point","coordinates":[104.52122,-1.92448]}},{"id":"1747","type":"Feature","properties":{"rate_time":-0.288},"geometry":{"type":"Point","coordinates":[104.52105,-1.92427]}},{"id":"1748","type":"Feature","properties":{"rate_time":0.226},"geometry":{"type":"Point","coordinates":[104.52089,-1.92405]}},{"id":"1749","type":"Feature","properties":{"rate_time":0.254},"geometry":{"type":"Point","coordinates":[104.52074,-1.92383]}},{"id":"1750","type":"Feature","properties":{"rate_time":0.091},"geometry":{"type":"Point","coordinates":[104.52067,-1.92357]}},{"id":"1751","type":"Feature","properties":{"rate_time":-0.073},"geometry":{"type":"Point","coordinates":[104.52065,-1.9233]}},{"id":"1752","type":"Feature","properties":{"rate_time":-0.242},"geometry":{"type":"Point","coordinates":[104.52066,-1.92302]}},{"id":"1753","type":"Feature","properties":{"rate_time":-0.586},"geometry":{"type":"Point","coordinates":[104.52069,-1.92275]}},{"id":"1754","type":"Feature","properties":{"rate_time":-0.189},"geometry":{"type":"Point","coordinates":[104.52073,-1.92249]}},{"id":"1755","type":"Feature","properties":{"rate_time":-0.32},"geometry":{"type":"Point","coordinates":[104.52082,-1.92223]}},{"id":"1756","type":"Feature","properties":{"rate_time":-1.286},"geometry":{"type":"Point","coordinates":[104.52091,-1.92197]}},{"id":"1757","type":"Feature","properties":{"rate_time":-0.823},"geometry":{"type":"Point","coordinates":[104.52096,-1.92171]}},{"id":"1758","type":"Feature","properties":{"rate_time":-0.591},"geometry":{"type":"Point","coordinates":[104.52098,-1.92144]}},{"id":"1759","type":"Feature","properties":{"rate_time":-0.257},"geometry":{"type":"Point","coordinates":[104.52101,-1.92117]}},{"id":"1760","type":"Feature","properties":{"rate_time":-0.497},"geometry":{"type":"Point","coordinates":[104.52111,-1.92091]}},{"id":"1761","type":"Feature","properties":{"rate_time":-0.391},"geometry":{"type":"Point","coordinates":[104.52121,-1.92066]}},{"id":"1762","type":"Feature","properties":{"rate_time":-0.262},"geometry":{"type":"Point","coordinates":[104.52127,-1.9204]}},{"id":"1763","type":"Feature","properties":{"rate_time":-0.428},"geometry":{"type":"Point","coordinates":[104.52139,-1.92016]}},{"id":"1764","type":"Feature","properties":{"rate_time":-0.419},"geometry":{"type":"Point","coordinates":[104.52153,-1.91992]}},{"id":"1765","type":"Feature","properties":{"rate_time":-0.37},"geometry":{"type":"Point","coordinates":[104.52165,-1.91968]}},{"id":"1766","type":"Feature","properties":{"rate_time":-0.409},"geometry":{"type":"Point","coordinates":[104.52172,-1.91942]}},{"id":"1767","type":"Feature","properties":{"rate_time":-0.313},"geometry":{"type":"Point","coordinates":[104.52175,-1.91915]}},{"id":"1768","type":"Feature","properties":{"rate_time":-0.193},"geometry":{"type":"Point","coordinates":[104.5218,-1.91889]}},{"id":"1769","type":"Feature","properties":{"rate_time":-0.197},"geometry":{"type":"Point","coordinates":[104.52194,-1.91866]}},{"id":"1770","type":"Feature","properties":{"rate_time":-0.34},"geometry":{"type":"Point","coordinates":[104.52211,-1.91845]}},{"id":"1771","type":"Feature","properties":{"rate_time":-0.575},"geometry":{"type":"Point","coordinates":[104.52226,-1.91823]}},{"id":"1772","type":"Feature","properties":{"rate_time":-0.481},"geometry":{"type":"Point","coordinates":[104.52229,-1.91796]}},{"id":"1773","type":"Feature","properties":{"rate_time":-0.115},"geometry":{"type":"Point","coordinates":[104.52233,-1.91769]}},{"id":"1774","type":"Feature","properties":{"rate_time":9.503},"geometry":{"type":"Point","coordinates":[104.46559,-1.92609]}},{"id":"1775","type":"Feature","properties":{"rate_time":5.725},"geometry":{"type":"Point","coordinates":[104.46594,-1.92605]}},{"id":"1776","type":"Feature","properties":{"rate_time":9.104},"geometry":{"type":"Point","coordinates":[104.46574,-1.92587]}},{"id":"1777","type":"Feature","properties":{"rate_time":5.589},"geometry":{"type":"Point","coordinates":[104.46606,-1.92581]}},{"id":"1778","type":"Feature","properties":{"rate_time":8.713},"geometry":{"type":"Point","coordinates":[104.4657,-1.92563]}},{"id":"1779","type":"Feature","properties":{"rate_time":3.372},"geometry":{"type":"Point","coordinates":[104.46607,-1.92555]}},{"id":"1780","type":"Feature","properties":{"rate_time":8.331},"geometry":{"type":"Point","coordinates":[104.46563,-1.92538]}},{"id":"1781","type":"Feature","properties":{"rate_time":5.677},"geometry":{"type":"Point","coordinates":[104.46622,-1.92534]}},{"id":"1782","type":"Feature","properties":{"rate_time":5.802},"geometry":{"type":"Point","coordinates":[104.46632,-1.92512]}},{"id":"1783","type":"Feature","properties":{"rate_time":7.971},"geometry":{"type":"Point","coordinates":[104.46564,-1.92511]}},{"id":"1784","type":"Feature","properties":{"rate_time":3.787},"geometry":{"type":"Point","coordinates":[104.46735,-1.92501]}},{"id":"1785","type":"Feature","properties":{"rate_time":4.707},"geometry":{"type":"Point","coordinates":[104.46708,-1.92495]}},{"id":"1786","type":"Feature","properties":{"rate_time":1.332},"geometry":{"type":"Point","coordinates":[104.46757,-1.92494]}},{"id":"1787","type":"Feature","properties":{"rate_time":5.652},"geometry":{"type":"Point","coordinates":[104.46624,-1.92487]}},{"id":"1788","type":"Feature","properties":{"rate_time":6.896},"geometry":{"type":"Point","coordinates":[104.46567,-1.92484]}},{"id":"1789","type":"Feature","properties":{"rate_time":2.083},"geometry":{"type":"Point","coordinates":[104.46778,-1.92478]}},{"id":"1790","type":"Feature","properties":{"rate_time":6.881},"geometry":{"type":"Point","coordinates":[104.46568,-1.92475]}},{"id":"1791","type":"Feature","properties":{"rate_time":2.41},"geometry":{"type":"Point","coordinates":[104.46804,-1.92474]}},{"id":"1792","type":"Feature","properties":{"rate_time":13.497},"geometry":{"type":"Point","coordinates":[104.46699,-1.9247]}},{"id":"1793","type":"Feature","properties":{"rate_time":2.334},"geometry":{"type":"Point","coordinates":[104.46829,-1.92468]}},{"id":"1794","type":"Feature","properties":{"rate_time":7.22},"geometry":{"type":"Point","coordinates":[104.46608,-1.92465]}},{"id":"1795","type":"Feature","properties":{"rate_time":13.865},"geometry":{"type":"Point","coordinates":[104.46636,-1.92457]}},{"id":"1796","type":"Feature","properties":{"rate_time":0.021},"geometry":{"type":"Point","coordinates":[104.46478,-1.92452]}},{"id":"1797","type":"Feature","properties":{"rate_time":10.983},"geometry":{"type":"Point","coordinates":[104.46717,-1.92451]}},{"id":"1798","type":"Feature","properties":{"rate_time":5.147},"geometry":{"type":"Point","coordinates":[104.46587,-1.92448]}},{"id":"1799","type":"Feature","properties":{"rate_time":5.745},"geometry":{"type":"Point","coordinates":[104.46538,-1.92443]}},{"id":"1800","type":"Feature","properties":{"rate_time":14.139},"geometry":{"type":"Point","coordinates":[104.46655,-1.92443]}},{"id":"1801","type":"Feature","properties":{"rate_time":1.999},"geometry":{"type":"Point","coordinates":[104.46832,-1.92441]}},{"id":"1802","type":"Feature","properties":{"rate_time":8.651},"geometry":{"type":"Point","coordinates":[104.46616,-1.9244]}},{"id":"1803","type":"Feature","properties":{"rate_time":7.221},"geometry":{"type":"Point","coordinates":[104.46519,-1.92437]}},{"id":"1804","type":"Feature","properties":{"rate_time":5.179},"geometry":{"type":"Point","coordinates":[104.4659,-1.92436]}},{"id":"1805","type":"Feature","properties":{"rate_time":2.115},"geometry":{"type":"Point","coordinates":[104.46497,-1.92433]}},{"id":"1806","type":"Feature","properties":{"rate_time":4.514},"geometry":{"type":"Point","coordinates":[104.46561,-1.9243]}},{"id":"1807","type":"Feature","properties":{"rate_time":6.543},"geometry":{"type":"Point","coordinates":[104.46471,-1.92428]}},{"id":"1808","type":"Feature","properties":{"rate_time":7.587},"geometry":{"type":"Point","coordinates":[104.46723,-1.92426]}},{"id":"1809","type":"Feature","properties":{"rate_time":11.997},"geometry":{"type":"Point","coordinates":[104.46673,-1.92424]}},{"id":"1810","type":"Feature","properties":{"rate_time":0.529},"geometry":{"type":"Point","coordinates":[104.46833,-1.92414]}},{"id":"1811","type":"Feature","properties":{"rate_time":11.455},"geometry":{"type":"Point","coordinates":[104.46697,-1.92412]}},{"id":"1812","type":"Feature","properties":{"rate_time":6.824},"geometry":{"type":"Point","coordinates":[104.46469,-1.92402]}},{"id":"1813","type":"Feature","properties":{"rate_time":5.533},"geometry":{"type":"Point","coordinates":[104.46725,-1.92399]}},{"id":"1814","type":"Feature","properties":{"rate_time":9.574},"geometry":{"type":"Point","coordinates":[104.46715,-1.92392]}},{"id":"1815","type":"Feature","properties":{"rate_time":-0.707},"geometry":{"type":"Point","coordinates":[104.46839,-1.92387]}},{"id":"1816","type":"Feature","properties":{"rate_time":6.489},"geometry":{"type":"Point","coordinates":[104.4647,-1.92374]}},{"id":"1817","type":"Feature","properties":{"rate_time":-0.168},"geometry":{"type":"Point","coordinates":[104.46848,-1.92362]}},{"id":"1818","type":"Feature","properties":{"rate_time":6.997},"geometry":{"type":"Point","coordinates":[104.46469,-1.92347]}},{"id":"1819","type":"Feature","properties":{"rate_time":0.454},"geometry":{"type":"Point","coordinates":[104.46855,-1.92335]}},{"id":"1820","type":"Feature","properties":{"rate_time":7.187},"geometry":{"type":"Point","coordinates":[104.46467,-1.9232]}},{"id":"1821","type":"Feature","properties":{"rate_time":1.061},"geometry":{"type":"Point","coordinates":[104.46866,-1.92311]}},{"id":"1822","type":"Feature","properties":{"rate_time":1.134},"geometry":{"type":"Point","coordinates":[104.46464,-1.92293]}},{"id":"1823","type":"Feature","properties":{"rate_time":4.824},"geometry":{"type":"Point","coordinates":[104.46875,-1.92286]}},{"id":"1824","type":"Feature","properties":{"rate_time":-0.339},"geometry":{"type":"Point","coordinates":[104.4646,-1.92267]}},{"id":"1825","type":"Feature","properties":{"rate_time":5.189},"geometry":{"type":"Point","coordinates":[104.46884,-1.9226]}},{"id":"1826","type":"Feature","properties":{"rate_time":-0.288},"geometry":{"type":"Point","coordinates":[104.46449,-1.92243]}},{"id":"1827","type":"Feature","properties":{"rate_time":6.748},"geometry":{"type":"Point","coordinates":[104.46887,-1.92233]}},{"id":"1828","type":"Feature","properties":{"rate_time":4.492},"geometry":{"type":"Point","coordinates":[104.46444,-1.92216]}},{"id":"1829","type":"Feature","properties":{"rate_time":5.751},"geometry":{"type":"Point","coordinates":[104.46887,-1.92206]}},{"id":"1830","type":"Feature","properties":{"rate_time":0.606},"geometry":{"type":"Point","coordinates":[104.46438,-1.9219]}},{"id":"1831","type":"Feature","properties":{"rate_time":1.523},"geometry":{"type":"Point","coordinates":[104.46888,-1.92179]}},{"id":"1832","type":"Feature","properties":{"rate_time":0.851},"geometry":{"type":"Point","coordinates":[104.4643,-1.92164]}},{"id":"1833","type":"Feature","properties":{"rate_time":1.658},"geometry":{"type":"Point","coordinates":[104.46893,-1.92153]}},{"id":"1834","type":"Feature","properties":{"rate_time":0.214},"geometry":{"type":"Point","coordinates":[104.46424,-1.92138]}},{"id":"1835","type":"Feature","properties":{"rate_time":1.762},"geometry":{"type":"Point","coordinates":[104.46904,-1.92129]}},{"id":"1836","type":"Feature","properties":{"rate_time":-0.319},"geometry":{"type":"Point","coordinates":[104.46418,-1.92112]}},{"id":"1837","type":"Feature","properties":{"rate_time":-1.033},"geometry":{"type":"Point","coordinates":[104.46413,-1.92085]}},{"id":"1838","type":"Feature","properties":{"rate_time":-0.221},"geometry":{"type":"Point","coordinates":[104.4641,-1.92058]}},{"id":"1839","type":"Feature","properties":{"rate_time":-0.059},"geometry":{"type":"Point","coordinates":[104.46408,-1.92031]}},{"id":"1840","type":"Feature","properties":{"rate_time":0.031},"geometry":{"type":"Point","coordinates":[104.46404,-1.92005]}},{"id":"1841","type":"Feature","properties":{"rate_time":0.024},"geometry":{"type":"Point","coordinates":[104.46387,-1.91984]}},{"id":"1842","type":"Feature","properties":{"rate_time":0.103},"geometry":{"type":"Point","coordinates":[104.4638,-1.91958]}},{"id":"1843","type":"Feature","properties":{"rate_time":0.383},"geometry":{"type":"Point","coordinates":[104.46378,-1.91931]}},{"id":"1844","type":"Feature","properties":{"rate_time":0.291},"geometry":{"type":"Point","coordinates":[104.46911,-1.92103]}},{"id":"1845","type":"Feature","properties":{"rate_time":0.158},"geometry":{"type":"Point","coordinates":[104.46912,-1.92076]}},{"id":"1846","type":"Feature","properties":{"rate_time":0.163},"geometry":{"type":"Point","coordinates":[104.46913,-1.92049]}},{"id":"1847","type":"Feature","properties":{"rate_time":-0.175},"geometry":{"type":"Point","coordinates":[104.4692,-1.92024]}},{"id":"1848","type":"Feature","properties":{"rate_time":-0.222},"geometry":{"type":"Point","coordinates":[104.46936,-1.92003]}},{"id":"1849","type":"Feature","properties":{"rate_time":0.183},"geometry":{"type":"Point","coordinates":[104.46939,-1.91976]}},{"id":"1850","type":"Feature","properties":{"rate_time":0.607},"geometry":{"type":"Point","coordinates":[104.46939,-1.91949]}},{"id":"1851","type":"Feature","properties":{"rate_time":1.892},"geometry":{"type":"Point","coordinates":[104.46943,-1.91923]}},{"id":"1852","type":"Feature","properties":{"rate_time":3.373},"geometry":{"type":"Point","coordinates":[104.46948,-1.91896]}},{"id":"1853","type":"Feature","properties":{"rate_time":2.139},"geometry":{"type":"Point","coordinates":[104.46963,-1.91875]}},{"id":"1854","type":"Feature","properties":{"rate_time":0.213},"geometry":{"type":"Point","coordinates":[104.46371,-1.91903]}},{"id":"1855","type":"Feature","properties":{"rate_time":0.156},"geometry":{"type":"Point","coordinates":[104.46366,-1.91877]}},{"id":"1856","type":"Feature","properties":{"rate_time":0.183},"geometry":{"type":"Point","coordinates":[104.46364,-1.91849]}},{"id":"1857","type":"Feature","properties":{"rate_time":0.254},"geometry":{"type":"Point","coordinates":[104.46361,-1.91823]}},{"id":"1858","type":"Feature","properties":{"rate_time":1.134},"geometry":{"type":"Point","coordinates":[104.46358,-1.91796]}},{"id":"1859","type":"Feature","properties":{"rate_time":2.531},"geometry":{"type":"Point","coordinates":[104.46362,-1.91769]}},{"id":"1860","type":"Feature","properties":{"rate_time":2.817},"geometry":{"type":"Point","coordinates":[104.46365,-1.91742]}},{"id":"1861","type":"Feature","properties":{"rate_time":3.1},"geometry":{"type":"Point","coordinates":[104.46367,-1.91715]}},{"id":"1862","type":"Feature","properties":{"rate_time":1.008},"geometry":{"type":"Point","coordinates":[104.46368,-1.91688]}},{"id":"1863","type":"Feature","properties":{"rate_time":0.523},"geometry":{"type":"Point","coordinates":[104.46366,-1.91661]}},{"id":"1864","type":"Feature","properties":{"rate_time":6.768},"geometry":{"type":"Point","coordinates":[104.46968,-1.91848]}},{"id":"1865","type":"Feature","properties":{"rate_time":2.559},"geometry":{"type":"Point","coordinates":[104.46968,-1.91821]}},{"id":"1866","type":"Feature","properties":{"rate_time":6.008},"geometry":{"type":"Point","coordinates":[104.46972,-1.91794]}},{"id":"1867","type":"Feature","properties":{"rate_time":5.768},"geometry":{"type":"Point","coordinates":[104.46987,-1.91772]}},{"id":"1868","type":"Feature","properties":{"rate_time":5.19},"geometry":{"type":"Point","coordinates":[104.46995,-1.91747]}},{"id":"1869","type":"Feature","properties":{"rate_time":4.931},"geometry":{"type":"Point","coordinates":[104.47004,-1.91721]}},{"id":"1870","type":"Feature","properties":{"rate_time":4.42},"geometry":{"type":"Point","coordinates":[104.47017,-1.91698]}},{"id":"1871","type":"Feature","properties":{"rate_time":2.575},"geometry":{"type":"Point","coordinates":[104.47023,-1.91672]}},{"id":"1872","type":"Feature","properties":{"rate_time":-0.05},"geometry":{"type":"Point","coordinates":[104.4703,-1.91646]}},{"id":"1873","type":"Feature","properties":{"rate_time":0.476},"geometry":{"type":"Point","coordinates":[104.47039,-1.9163]}},{"id":"1874","type":"Feature","properties":{"rate_time":0.348},"geometry":{"type":"Point","coordinates":[104.46372,-1.91635]}},{"id":"1875","type":"Feature","properties":{"rate_time":0.363},"geometry":{"type":"Point","coordinates":[104.46381,-1.9161]}},{"id":"1876","type":"Feature","properties":{"rate_time":0.445},"geometry":{"type":"Point","coordinates":[104.46386,-1.91583]}},{"id":"1877","type":"Feature","properties":{"rate_time":0.294},"geometry":{"type":"Point","coordinates":[104.46393,-1.91557]}},{"id":"1878","type":"Feature","properties":{"rate_time":0.404},"geometry":{"type":"Point","coordinates":[104.46404,-1.91532]}},{"id":"1879","type":"Feature","properties":{"rate_time":0.384},"geometry":{"type":"Point","coordinates":[104.4641,-1.91506]}},{"id":"1880","type":"Feature","properties":{"rate_time":0.152},"geometry":{"type":"Point","coordinates":[104.46413,-1.91479]}},{"id":"1881","type":"Feature","properties":{"rate_time":0.337},"geometry":{"type":"Point","coordinates":[104.46417,-1.91452]}},{"id":"1882","type":"Feature","properties":{"rate_time":0.151},"geometry":{"type":"Point","coordinates":[104.46423,-1.91426]}},{"id":"1883","type":"Feature","properties":{"rate_time":0.25},"geometry":{"type":"Point","coordinates":[104.46431,-1.914]}},{"id":"1884","type":"Feature","properties":{"rate_time":-0.167},"geometry":{"type":"Point","coordinates":[104.47049,-1.91606]}},{"id":"1885","type":"Feature","properties":{"rate_time":0.467},"geometry":{"type":"Point","coordinates":[104.47055,-1.9158]}},{"id":"1886","type":"Feature","properties":{"rate_time":0.501},"geometry":{"type":"Point","coordinates":[104.47066,-1.91556]}},{"id":"1887","type":"Feature","properties":{"rate_time":0.657},"geometry":{"type":"Point","coordinates":[104.47075,-1.9153]}},{"id":"1888","type":"Feature","properties":{"rate_time":0.962},"geometry":{"type":"Point","coordinates":[104.47084,-1.91498]}},{"id":"1889","type":"Feature","properties":{"rate_time":0.66},"geometry":{"type":"Point","coordinates":[104.47098,-1.91474]}},{"id":"1890","type":"Feature","properties":{"rate_time":0.618},"geometry":{"type":"Point","coordinates":[104.47107,-1.91449]}},{"id":"1891","type":"Feature","properties":{"rate_time":0.56},"geometry":{"type":"Point","coordinates":[104.47112,-1.91434]}},{"id":"1892","type":"Feature","properties":{"rate_time":0.348},"geometry":{"type":"Point","coordinates":[104.47129,-1.91413]}},{"id":"1893","type":"Feature","properties":{"rate_time":0.377},"geometry":{"type":"Point","coordinates":[104.47138,-1.91387]}},{"id":"1894","type":"Feature","properties":{"rate_time":0.05},"geometry":{"type":"Point","coordinates":[104.47152,-1.91364]}},{"id":"1895","type":"Feature","properties":{"rate_time":0.041},"geometry":{"type":"Point","coordinates":[104.47171,-1.91345]}},{"id":"1896","type":"Feature","properties":{"rate_time":-0.32},"geometry":{"type":"Point","coordinates":[104.47192,-1.91328]}},{"id":"1897","type":"Feature","properties":{"rate_time":-0.979},"geometry":{"type":"Point","coordinates":[104.47216,-1.91317]}},{"id":"1898","type":"Feature","properties":{"rate_time":-1.266},"geometry":{"type":"Point","coordinates":[104.47242,-1.9131]}},{"id":"1899","type":"Feature","properties":{"rate_time":-1.871},"geometry":{"type":"Point","coordinates":[104.47267,-1.91301]}},{"id":"1900","type":"Feature","properties":{"rate_time":-1.337},"geometry":{"type":"Point","coordinates":[104.47293,-1.91292]}},{"id":"1901","type":"Feature","properties":{"rate_time":-0.851},"geometry":{"type":"Point","coordinates":[104.47346,-1.91291]}},{"id":"1902","type":"Feature","properties":{"rate_time":-0.877},"geometry":{"type":"Point","coordinates":[104.4732,-1.91291]}},{"id":"1903","type":"Feature","properties":{"rate_time":-1.016},"geometry":{"type":"Point","coordinates":[104.47373,-1.91289]}},{"id":"1904","type":"Feature","properties":{"rate_time":0.055},"geometry":{"type":"Point","coordinates":[104.47587,-1.91349]}},{"id":"1905","type":"Feature","properties":{"rate_time":-0.717},"geometry":{"type":"Point","coordinates":[104.47614,-1.91347]}},{"id":"1906","type":"Feature","properties":{"rate_time":0.581},"geometry":{"type":"Point","coordinates":[104.47537,-1.91339]}},{"id":"1907","type":"Feature","properties":{"rate_time":-0.889},"geometry":{"type":"Point","coordinates":[104.4764,-1.91339]}},{"id":"1908","type":"Feature","properties":{"rate_time":0.389},"geometry":{"type":"Point","coordinates":[104.47563,-1.91338]}},{"id":"1909","type":"Feature","properties":{"rate_time":-1.221},"geometry":{"type":"Point","coordinates":[104.47665,-1.91331]}},{"id":"1910","type":"Feature","properties":{"rate_time":0.202},"geometry":{"type":"Point","coordinates":[104.47519,-1.91325]}},{"id":"1911","type":"Feature","properties":{"rate_time":-0.898},"geometry":{"type":"Point","coordinates":[104.47689,-1.91318]}},{"id":"1912","type":"Feature","properties":{"rate_time":-0.136},"geometry":{"type":"Point","coordinates":[104.47502,-1.91304]}},{"id":"1913","type":"Feature","properties":{"rate_time":-0.623},"geometry":{"type":"Point","coordinates":[104.47707,-1.91298]}},{"id":"1914","type":"Feature","properties":{"rate_time":0.212},"geometry":{"type":"Point","coordinates":[104.4644,-1.91374]}},{"id":"1915","type":"Feature","properties":{"rate_time":-0.169},"geometry":{"type":"Point","coordinates":[104.46447,-1.91348]}},{"id":"1916","type":"Feature","properties":{"rate_time":1.023},"geometry":{"type":"Point","coordinates":[104.46454,-1.91322]}},{"id":"1917","type":"Feature","properties":{"rate_time":0.894},"geometry":{"type":"Point","coordinates":[104.46458,-1.91295]}},{"id":"1918","type":"Feature","properties":{"rate_time":0.324},"geometry":{"type":"Point","coordinates":[104.46465,-1.91269]}},{"id":"1919","type":"Feature","properties":{"rate_time":-0.119},"geometry":{"type":"Point","coordinates":[104.46469,-1.91242]}},{"id":"1920","type":"Feature","properties":{"rate_time":-0.413},"geometry":{"type":"Point","coordinates":[104.46472,-1.91215]}},{"id":"1921","type":"Feature","properties":{"rate_time":0.075},"geometry":{"type":"Point","coordinates":[104.46486,-1.91192]}},{"id":"1922","type":"Feature","properties":{"rate_time":0.438},"geometry":{"type":"Point","coordinates":[104.46489,-1.91165]}},{"id":"1923","type":"Feature","properties":{"rate_time":0.308},"geometry":{"type":"Point","coordinates":[104.46495,-1.91139]}},{"id":"1924","type":"Feature","properties":{"rate_time":-0.036},"geometry":{"type":"Point","coordinates":[104.46504,-1.91113]}},{"id":"1925","type":"Feature","properties":{"rate_time":-0.481},"geometry":{"type":"Point","coordinates":[104.46509,-1.91087]}},{"id":"1926","type":"Feature","properties":{"rate_time":-0.893},"geometry":{"type":"Point","coordinates":[104.46515,-1.9106]}},{"id":"1927","type":"Feature","properties":{"rate_time":0.153},"geometry":{"type":"Point","coordinates":[104.46523,-1.91034]}},{"id":"1928","type":"Feature","properties":{"rate_time":0.703},"geometry":{"type":"Point","coordinates":[104.46524,-1.91008]}},{"id":"1929","type":"Feature","properties":{"rate_time":0.433},"geometry":{"type":"Point","coordinates":[104.46525,-1.90981]}},{"id":"1930","type":"Feature","properties":{"rate_time":0.402},"geometry":{"type":"Point","coordinates":[104.46529,-1.90954]}},{"id":"1931","type":"Feature","properties":{"rate_time":1.464},"geometry":{"type":"Point","coordinates":[104.46294,-1.90951]}},{"id":"1932","type":"Feature","properties":{"rate_time":0.323},"geometry":{"type":"Point","coordinates":[104.46513,-1.90934]}},{"id":"1933","type":"Feature","properties":{"rate_time":2.32},"geometry":{"type":"Point","coordinates":[104.46313,-1.90932]}},{"id":"1934","type":"Feature","properties":{"rate_time":-0.807},"geometry":{"type":"Point","coordinates":[104.474,-1.91284]}},{"id":"1935","type":"Feature","properties":{"rate_time":-0.091},"geometry":{"type":"Point","coordinates":[104.47427,-1.91282]}},{"id":"1936","type":"Feature","properties":{"rate_time":1.276},"geometry":{"type":"Point","coordinates":[104.47324,-1.91145]}},{"id":"1937","type":"Feature","properties":{"rate_time":1.558},"geometry":{"type":"Point","coordinates":[104.47299,-1.91141]}},{"id":"1938","type":"Feature","properties":{"rate_time":1.151},"geometry":{"type":"Point","coordinates":[104.47344,-1.91118]}},{"id":"1939","type":"Feature","properties":{"rate_time":1.673},"geometry":{"type":"Point","coordinates":[104.47288,-1.91118]}},{"id":"1940","type":"Feature","properties":{"rate_time":0.232},"geometry":{"type":"Point","coordinates":[104.47304,-1.91102]}},{"id":"1941","type":"Feature","properties":{"rate_time":-0.059},"geometry":{"type":"Point","coordinates":[104.47329,-1.91101]}},{"id":"1942","type":"Feature","properties":{"rate_time":0.193},"geometry":{"type":"Point","coordinates":[104.46915,-1.90585]}},{"id":"1943","type":"Feature","properties":{"rate_time":0.274},"geometry":{"type":"Point","coordinates":[104.4694,-1.90579]}},{"id":"1944","type":"Feature","properties":{"rate_time":1.657},"geometry":{"type":"Point","coordinates":[104.46339,-1.90925]}},{"id":"1945","type":"Feature","properties":{"rate_time":0.399},"geometry":{"type":"Point","coordinates":[104.46489,-1.90924]}},{"id":"1946","type":"Feature","properties":{"rate_time":1.152},"geometry":{"type":"Point","coordinates":[104.46363,-1.90915]}},{"id":"1947","type":"Feature","properties":{"rate_time":0.519},"geometry":{"type":"Point","coordinates":[104.46465,-1.90914]}},{"id":"1948","type":"Feature","properties":{"rate_time":0.264},"geometry":{"type":"Point","coordinates":[104.4644,-1.90905]}},{"id":"1949","type":"Feature","properties":{"rate_time":0.679},"geometry":{"type":"Point","coordinates":[104.46387,-1.90904]}},{"id":"1950","type":"Feature","properties":{"rate_time":0.283},"geometry":{"type":"Point","coordinates":[104.46414,-1.90902]}},{"id":"1951","type":"Feature","properties":{"rate_time":1.119},"geometry":{"type":"Point","coordinates":[104.4637,-1.9081]}},{"id":"1952","type":"Feature","properties":{"rate_time":2.078},"geometry":{"type":"Point","coordinates":[104.46349,-1.90795]}},{"id":"1953","type":"Feature","properties":{"rate_time":1.47},"geometry":{"type":"Point","coordinates":[104.46373,-1.90784]}},{"id":"1954","type":"Feature","properties":{"rate_time":-0.153},"geometry":{"type":"Point","coordinates":[104.4748,-1.91289]}},{"id":"1955","type":"Feature","properties":{"rate_time":-0.176},"geometry":{"type":"Point","coordinates":[104.47453,-1.91285]}},{"id":"1956","type":"Feature","properties":{"rate_time":-0.702},"geometry":{"type":"Point","coordinates":[104.47728,-1.91281]}},{"id":"1957","type":"Feature","properties":{"rate_time":-0.551},"geometry":{"type":"Point","coordinates":[104.47752,-1.9127]}},{"id":"1958","type":"Feature","properties":{"rate_time":-0.81},"geometry":{"type":"Point","coordinates":[104.47778,-1.91266]}},{"id":"1959","type":"Feature","properties":{"rate_time":-0.895},"geometry":{"type":"Point","coordinates":[104.47805,-1.91263]}},{"id":"1960","type":"Feature","properties":{"rate_time":-0.722},"geometry":{"type":"Point","coordinates":[104.4783,-1.91254]}},{"id":"1961","type":"Feature","properties":{"rate_time":-0.508},"geometry":{"type":"Point","coordinates":[104.47857,-1.91252]}},{"id":"1962","type":"Feature","properties":{"rate_time":0.465},"geometry":{"type":"Point","coordinates":[104.47428,-1.90299]}},{"id":"1963","type":"Feature","properties":{"rate_time":0.185},"geometry":{"type":"Point","coordinates":[104.47447,-1.90281]}},{"id":"1964","type":"Feature","properties":{"rate_time":1.943},"geometry":{"type":"Point","coordinates":[104.4633,-1.90776]}},{"id":"1965","type":"Feature","properties":{"rate_time":1.862},"geometry":{"type":"Point","coordinates":[104.46354,-1.90764]}},{"id":"1966","type":"Feature","properties":{"rate_time":1.855},"geometry":{"type":"Point","coordinates":[104.4631,-1.90758]}},{"id":"1967","type":"Feature","properties":{"rate_time":1.872},"geometry":{"type":"Point","coordinates":[104.46283,-1.90753]}},{"id":"1968","type":"Feature","properties":{"rate_time":1.222},"geometry":{"type":"Point","coordinates":[104.46335,-1.90752]}},{"id":"1969","type":"Feature","properties":{"rate_time":1.133},"geometry":{"type":"Point","coordinates":[104.46312,-1.9075]}},{"id":"1970","type":"Feature","properties":{"rate_time":0.923},"geometry":{"type":"Point","coordinates":[104.46306,-1.9073]}},{"id":"1971","type":"Feature","properties":{"rate_time":1.045},"geometry":{"type":"Point","coordinates":[104.46333,-1.90727]}},{"id":"1972","type":"Feature","properties":{"rate_time":0.397},"geometry":{"type":"Point","coordinates":[104.46353,-1.90713]}},{"id":"1973","type":"Feature","properties":{"rate_time":0.045},"geometry":{"type":"Point","coordinates":[104.46374,-1.90698]}},{"id":"1974","type":"Feature","properties":{"rate_time":-0.065},"geometry":{"type":"Point","coordinates":[104.52248,-1.91747]}},{"id":"1975","type":"Feature","properties":{"rate_time":-0.311},"geometry":{"type":"Point","coordinates":[104.52261,-1.91724]}},{"id":"1976","type":"Feature","properties":{"rate_time":-0.125},"geometry":{"type":"Point","coordinates":[104.5227,-1.91699]}},{"id":"1977","type":"Feature","properties":{"rate_time":0.001},"geometry":{"type":"Point","coordinates":[104.52283,-1.91675]}},{"id":"1978","type":"Feature","properties":{"rate_time":0.028},"geometry":{"type":"Point","coordinates":[104.52297,-1.91652]}},{"id":"1979","type":"Feature","properties":{"rate_time":0.044},"geometry":{"type":"Point","coordinates":[104.52315,-1.91632]}},{"id":"1980","type":"Feature","properties":{"rate_time":0.157},"geometry":{"type":"Point","coordinates":[104.52332,-1.91611]}},{"id":"1981","type":"Feature","properties":{"rate_time":0.36},"geometry":{"type":"Point","coordinates":[104.52343,-1.91587]}},{"id":"1982","type":"Feature","properties":{"rate_time":0.102},"geometry":{"type":"Point","coordinates":[104.52353,-1.91562]}},{"id":"1983","type":"Feature","properties":{"rate_time":0.25},"geometry":{"type":"Point","coordinates":[104.5237,-1.9154]}},{"id":"1984","type":"Feature","properties":{"rate_time":0.067},"geometry":{"type":"Point","coordinates":[104.5239,-1.91522]}},{"id":"1985","type":"Feature","properties":{"rate_time":0.018},"geometry":{"type":"Point","coordinates":[104.52401,-1.91498]}},{"id":"1986","type":"Feature","properties":{"rate_time":0.017},"geometry":{"type":"Point","coordinates":[104.5242,-1.91479]}},{"id":"1987","type":"Feature","properties":{"rate_time":0.151},"geometry":{"type":"Point","coordinates":[104.52442,-1.91464]}},{"id":"1988","type":"Feature","properties":{"rate_time":0.295},"geometry":{"type":"Point","coordinates":[104.52324,-1.91454]}},{"id":"1989","type":"Feature","properties":{"rate_time":0.065},"geometry":{"type":"Point","coordinates":[104.52351,-1.91452]}},{"id":"1990","type":"Feature","properties":{"rate_time":0.104},"geometry":{"type":"Point","coordinates":[104.52463,-1.91447]}},{"id":"1991","type":"Feature","properties":{"rate_time":-0.069},"geometry":{"type":"Point","coordinates":[104.52299,-1.91445]}},{"id":"1992","type":"Feature","properties":{"rate_time":0.208},"geometry":{"type":"Point","coordinates":[104.52375,-1.91441]}},{"id":"1993","type":"Feature","properties":{"rate_time":0.36},"geometry":{"type":"Point","coordinates":[104.524,-1.91431]}},{"id":"1994","type":"Feature","properties":{"rate_time":0.027},"geometry":{"type":"Point","coordinates":[104.52485,-1.9143]}},{"id":"1995","type":"Feature","properties":{"rate_time":-0.612},"geometry":{"type":"Point","coordinates":[104.52287,-1.91423]}},{"id":"1996","type":"Feature","properties":{"rate_time":0.269},"geometry":{"type":"Point","coordinates":[104.52424,-1.91418]}},{"id":"1997","type":"Feature","properties":{"rate_time":0.135},"geometry":{"type":"Point","coordinates":[104.52506,-1.91414]}},{"id":"1998","type":"Feature","properties":{"rate_time":0.17},"geometry":{"type":"Point","coordinates":[104.52446,-1.91404]}},{"id":"1999","type":"Feature","properties":{"rate_time":-0.827},"geometry":{"type":"Point","coordinates":[104.52284,-1.91396]}},{"id":"2000","type":"Feature","properties":{"rate_time":0.067},"geometry":{"type":"Point","coordinates":[104.52524,-1.91394]}},{"id":"2001","type":"Feature","properties":{"rate_time":0.302},"geometry":{"type":"Point","coordinates":[104.52469,-1.9139]}},{"id":"2002","type":"Feature","properties":{"rate_time":0.295},"geometry":{"type":"Point","coordinates":[104.5249,-1.91373]}},{"id":"2003","type":"Feature","properties":{"rate_time":-0.041},"geometry":{"type":"Point","coordinates":[104.5254,-1.91372]}},{"id":"2004","type":"Feature","properties":{"rate_time":-0.7},"geometry":{"type":"Point","coordinates":[104.52286,-1.91369]}},{"id":"2005","type":"Feature","properties":{"rate_time":0.292},"geometry":{"type":"Point","coordinates":[104.52509,-1.91354]}},{"id":"2006","type":"Feature","properties":{"rate_time":-0.015},"geometry":{"type":"Point","coordinates":[104.52555,-1.91349]}},{"id":"2007","type":"Feature","properties":{"rate_time":-0.506},"geometry":{"type":"Point","coordinates":[104.52297,-1.91345]}},{"id":"2008","type":"Feature","properties":{"rate_time":0.219},"geometry":{"type":"Point","coordinates":[104.52527,-1.91334]}},{"id":"2009","type":"Feature","properties":{"rate_time":0.065},"geometry":{"type":"Point","coordinates":[104.52565,-1.91327]}},{"id":"2010","type":"Feature","properties":{"rate_time":-0.538},"geometry":{"type":"Point","coordinates":[104.5231,-1.91321]}},{"id":"2011","type":"Feature","properties":{"rate_time":0.12},"geometry":{"type":"Point","coordinates":[104.52545,-1.91313]}},{"id":"2012","type":"Feature","properties":{"rate_time":-0.844},"geometry":{"type":"Point","coordinates":[104.52322,-1.91297]}},{"id":"2013","type":"Feature","properties":{"rate_time":-0.846},"geometry":{"type":"Point","coordinates":[104.52339,-1.91276]}},{"id":"2014","type":"Feature","properties":{"rate_time":-0.399},"geometry":{"type":"Point","coordinates":[104.52356,-1.91255]}},{"id":"2015","type":"Feature","properties":{"rate_time":-0.244},"geometry":{"type":"Point","coordinates":[104.52371,-1.91233]}},{"id":"2016","type":"Feature","properties":{"rate_time":-0.631},"geometry":{"type":"Point","coordinates":[104.52386,-1.9121]}},{"id":"2017","type":"Feature","properties":{"rate_time":-0.29},"geometry":{"type":"Point","coordinates":[104.52396,-1.91185]}},{"id":"2018","type":"Feature","properties":{"rate_time":-0.238},"geometry":{"type":"Point","coordinates":[104.52406,-1.9116]}},{"id":"2019","type":"Feature","properties":{"rate_time":-0.347},"geometry":{"type":"Point","coordinates":[104.52419,-1.91136]}},{"id":"2020","type":"Feature","properties":{"rate_time":-0.149},"geometry":{"type":"Point","coordinates":[104.52429,-1.91111]}},{"id":"2021","type":"Feature","properties":{"rate_time":-0.335},"geometry":{"type":"Point","coordinates":[104.52442,-1.91087]}},{"id":"2022","type":"Feature","properties":{"rate_time":-0.525},"geometry":{"type":"Point","coordinates":[104.52462,-1.91068]}},{"id":"2023","type":"Feature","properties":{"rate_time":-0.668},"geometry":{"type":"Point","coordinates":[104.52476,-1.91046]}},{"id":"2024","type":"Feature","properties":{"rate_time":-0.69},"geometry":{"type":"Point","coordinates":[104.52488,-1.91021]}},{"id":"2025","type":"Feature","properties":{"rate_time":-0.697},"geometry":{"type":"Point","coordinates":[104.52498,-1.90997]}},{"id":"2026","type":"Feature","properties":{"rate_time":-0.487},"geometry":{"type":"Point","coordinates":[104.52506,-1.9097]}},{"id":"2027","type":"Feature","properties":{"rate_time":-0.605},"geometry":{"type":"Point","coordinates":[104.52515,-1.90945]}},{"id":"2028","type":"Feature","properties":{"rate_time":-0.762},"geometry":{"type":"Point","coordinates":[104.52529,-1.90922]}},{"id":"2029","type":"Feature","properties":{"rate_time":-1.357},"geometry":{"type":"Point","coordinates":[104.52548,-1.90902]}},{"id":"2030","type":"Feature","properties":{"rate_time":-1.349},"geometry":{"type":"Point","coordinates":[104.52559,-1.90878]}},{"id":"2031","type":"Feature","properties":{"rate_time":-0.876},"geometry":{"type":"Point","coordinates":[104.52573,-1.90855]}},{"id":"2032","type":"Feature","properties":{"rate_time":-0.636},"geometry":{"type":"Point","coordinates":[104.52586,-1.90831]}},{"id":"2033","type":"Feature","properties":{"rate_time":-0.653},"geometry":{"type":"Point","coordinates":[104.52598,-1.90807]}},{"id":"2034","type":"Feature","properties":{"rate_time":-1.012},"geometry":{"type":"Point","coordinates":[104.5261,-1.90783]}},{"id":"2035","type":"Feature","properties":{"rate_time":-1.025},"geometry":{"type":"Point","coordinates":[104.52618,-1.90757]}},{"id":"2036","type":"Feature","properties":{"rate_time":-0.788},"geometry":{"type":"Point","coordinates":[104.5263,-1.90733]}},{"id":"2037","type":"Feature","properties":{"rate_time":-0.531},"geometry":{"type":"Point","coordinates":[104.52637,-1.90707]}},{"id":"2038","type":"Feature","properties":{"rate_time":-0.557},"geometry":{"type":"Point","coordinates":[104.52641,-1.9068]}},{"id":"2039","type":"Feature","properties":{"rate_time":-1.062},"geometry":{"type":"Point","coordinates":[104.52645,-1.90653]}},{"id":"2040","type":"Feature","properties":{"rate_time":-1.173},"geometry":{"type":"Point","coordinates":[104.5265,-1.90626]}},{"id":"2041","type":"Feature","properties":{"rate_time":-0.832},"geometry":{"type":"Point","coordinates":[104.52657,-1.906]}},{"id":"2042","type":"Feature","properties":{"rate_time":-0.725},"geometry":{"type":"Point","coordinates":[104.52662,-1.90573]}},{"id":"2043","type":"Feature","properties":{"rate_time":-0.827},"geometry":{"type":"Point","coordinates":[104.52661,-1.90546]}},{"id":"2044","type":"Feature","properties":{"rate_time":-0.221},"geometry":{"type":"Point","coordinates":[104.52662,-1.90519]}},{"id":"2045","type":"Feature","properties":{"rate_time":-0.3},"geometry":{"type":"Point","coordinates":[104.52665,-1.90492]}},{"id":"2046","type":"Feature","properties":{"rate_time":-0.432},"geometry":{"type":"Point","coordinates":[104.52666,-1.90465]}},{"id":"2047","type":"Feature","properties":{"rate_time":-0.623},"geometry":{"type":"Point","coordinates":[104.5267,-1.90438]}},{"id":"2048","type":"Feature","properties":{"rate_time":-0.829},"geometry":{"type":"Point","coordinates":[104.52672,-1.90411]}},{"id":"2049","type":"Feature","properties":{"rate_time":-0.718},"geometry":{"type":"Point","coordinates":[104.52674,-1.90384]}},{"id":"2050","type":"Feature","properties":{"rate_time":-0.875},"geometry":{"type":"Point","coordinates":[104.52682,-1.90358]}},{"id":"2051","type":"Feature","properties":{"rate_time":-1.046},"geometry":{"type":"Point","coordinates":[104.52692,-1.90333]}},{"id":"2052","type":"Feature","properties":{"rate_time":-0.996},"geometry":{"type":"Point","coordinates":[104.52705,-1.9031]}},{"id":"2053","type":"Feature","properties":{"rate_time":-1.041},"geometry":{"type":"Point","coordinates":[104.52715,-1.90285]}},{"id":"2054","type":"Feature","properties":{"rate_time":-0.224},"geometry":{"type":"Point","coordinates":[104.52722,-1.90258]}},{"id":"2055","type":"Feature","properties":{"rate_time":-0.593},"geometry":{"type":"Point","coordinates":[104.52729,-1.90232]}},{"id":"2056","type":"Feature","properties":{"rate_time":-0.728},"geometry":{"type":"Point","coordinates":[104.52739,-1.90207]}},{"id":"2057","type":"Feature","properties":{"rate_time":-0.876},"geometry":{"type":"Point","coordinates":[104.52752,-1.90183]}},{"id":"2058","type":"Feature","properties":{"rate_time":-0.99},"geometry":{"type":"Point","coordinates":[104.52764,-1.90159]}},{"id":"2059","type":"Feature","properties":{"rate_time":-1.02},"geometry":{"type":"Point","coordinates":[104.52771,-1.90133]}},{"id":"2060","type":"Feature","properties":{"rate_time":-1.322},"geometry":{"type":"Point","coordinates":[104.52781,-1.90108]}},{"id":"2061","type":"Feature","properties":{"rate_time":-1.245},"geometry":{"type":"Point","coordinates":[104.52796,-1.90086]}},{"id":"2062","type":"Feature","properties":{"rate_time":-1.09},"geometry":{"type":"Point","coordinates":[104.52802,-1.9006]}},{"id":"2063","type":"Feature","properties":{"rate_time":-0.927},"geometry":{"type":"Point","coordinates":[104.5281,-1.90034]}},{"id":"2064","type":"Feature","properties":{"rate_time":-0.855},"geometry":{"type":"Point","coordinates":[104.52821,-1.90009]}},{"id":"2065","type":"Feature","properties":{"rate_time":-0.798},"geometry":{"type":"Point","coordinates":[104.52827,-1.89983]}},{"id":"2066","type":"Feature","properties":{"rate_time":-0.995},"geometry":{"type":"Point","coordinates":[104.52833,-1.89957]}},{"id":"2067","type":"Feature","properties":{"rate_time":-1.429},"geometry":{"type":"Point","coordinates":[104.52846,-1.89933]}},{"id":"2068","type":"Feature","properties":{"rate_time":0.145},"geometry":{"type":"Point","coordinates":[104.464,-1.90693]}},{"id":"2069","type":"Feature","properties":{"rate_time":0.043},"geometry":{"type":"Point","coordinates":[104.46425,-1.90683]}},{"id":"2070","type":"Feature","properties":{"rate_time":0.267},"geometry":{"type":"Point","coordinates":[104.46449,-1.90673]}},{"id":"2071","type":"Feature","properties":{"rate_time":0.242},"geometry":{"type":"Point","coordinates":[104.46476,-1.90671]}},{"id":"2072","type":"Feature","properties":{"rate_time":0.115},"geometry":{"type":"Point","coordinates":[104.46502,-1.90665]}},{"id":"2073","type":"Feature","properties":{"rate_time":-0.255},"geometry":{"type":"Point","coordinates":[104.46523,-1.90649]}},{"id":"2074","type":"Feature","properties":{"rate_time":-0.464},"geometry":{"type":"Point","coordinates":[104.46549,-1.90644]}},{"id":"2075","type":"Feature","properties":{"rate_time":0.256},"geometry":{"type":"Point","coordinates":[104.46603,-1.90642]}},{"id":"2076","type":"Feature","properties":{"rate_time":0.006},"geometry":{"type":"Point","coordinates":[104.46576,-1.90642]}},{"id":"2077","type":"Feature","properties":{"rate_time":0.392},"geometry":{"type":"Point","coordinates":[104.4663,-1.90641]}},{"id":"2078","type":"Feature","properties":{"rate_time":0.254},"geometry":{"type":"Point","coordinates":[104.46656,-1.90635]}},{"id":"2079","type":"Feature","properties":{"rate_time":0.171},"geometry":{"type":"Point","coordinates":[104.46682,-1.90631]}},{"id":"2080","type":"Feature","properties":{"rate_time":0.032},"geometry":{"type":"Point","coordinates":[104.46708,-1.90623]}},{"id":"2081","type":"Feature","properties":{"rate_time":0.602},"geometry":{"type":"Point","coordinates":[104.4676,-1.90622]}},{"id":"2082","type":"Feature","properties":{"rate_time":0.155},"geometry":{"type":"Point","coordinates":[104.46735,-1.90622]}},{"id":"2083","type":"Feature","properties":{"rate_time":0.485},"geometry":{"type":"Point","coordinates":[104.46787,-1.9062]}},{"id":"2084","type":"Feature","properties":{"rate_time":0.29},"geometry":{"type":"Point","coordinates":[104.46814,-1.90617]}},{"id":"2085","type":"Feature","properties":{"rate_time":0.313},"geometry":{"type":"Point","coordinates":[104.46841,-1.90615]}},{"id":"2086","type":"Feature","properties":{"rate_time":0.366},"geometry":{"type":"Point","coordinates":[104.46866,-1.90605]}},{"id":"2087","type":"Feature","properties":{"rate_time":0.35},"geometry":{"type":"Point","coordinates":[104.46889,-1.90592]}},{"id":"2088","type":"Feature","properties":{"rate_time":0.159},"geometry":{"type":"Point","coordinates":[104.46963,-1.90564]}},{"id":"2089","type":"Feature","properties":{"rate_time":0.169},"geometry":{"type":"Point","coordinates":[104.46989,-1.90557]}},{"id":"2090","type":"Feature","properties":{"rate_time":0.089},"geometry":{"type":"Point","coordinates":[104.47014,-1.90546]}},{"id":"2091","type":"Feature","properties":{"rate_time":0.078},"geometry":{"type":"Point","coordinates":[104.47037,-1.90533]}},{"id":"2092","type":"Feature","properties":{"rate_time":0.231},"geometry":{"type":"Point","coordinates":[104.47062,-1.90523]}},{"id":"2093","type":"Feature","properties":{"rate_time":0.507},"geometry":{"type":"Point","coordinates":[104.47085,-1.9051]}},{"id":"2094","type":"Feature","properties":{"rate_time":-0.327},"geometry":{"type":"Point","coordinates":[104.4711,-1.90498]}},{"id":"2095","type":"Feature","properties":{"rate_time":-0.14},"geometry":{"type":"Point","coordinates":[104.47133,-1.90485]}},{"id":"2096","type":"Feature","properties":{"rate_time":-0.182},"geometry":{"type":"Point","coordinates":[104.47157,-1.90473]}},{"id":"2097","type":"Feature","properties":{"rate_time":0.356},"geometry":{"type":"Point","coordinates":[104.47183,-1.90464]}},{"id":"2098","type":"Feature","properties":{"rate_time":0.166},"geometry":{"type":"Point","coordinates":[104.47206,-1.90451]}},{"id":"2099","type":"Feature","properties":{"rate_time":0.234},"geometry":{"type":"Point","coordinates":[104.47231,-1.90441]}},{"id":"2100","type":"Feature","properties":{"rate_time":0.144},"geometry":{"type":"Point","coordinates":[104.47253,-1.90425]}},{"id":"2101","type":"Feature","properties":{"rate_time":0.115},"geometry":{"type":"Point","coordinates":[104.47275,-1.9041]}},{"id":"2102","type":"Feature","properties":{"rate_time":0.119},"geometry":{"type":"Point","coordinates":[104.47298,-1.90395]}},{"id":"2103","type":"Feature","properties":{"rate_time":0.165},"geometry":{"type":"Point","coordinates":[104.47321,-1.90381]}},{"id":"2104","type":"Feature","properties":{"rate_time":0.892},"geometry":{"type":"Point","coordinates":[104.47343,-1.90366]}},{"id":"2105","type":"Feature","properties":{"rate_time":0.644},"geometry":{"type":"Point","coordinates":[104.47364,-1.90348]}},{"id":"2106","type":"Feature","properties":{"rate_time":0.431},"geometry":{"type":"Point","coordinates":[104.47384,-1.9033]}},{"id":"2107","type":"Feature","properties":{"rate_time":0.377},"geometry":{"type":"Point","coordinates":[104.47406,-1.90315]}},{"id":"2108","type":"Feature","properties":{"rate_time":0.212},"geometry":{"type":"Point","coordinates":[104.47466,-1.90262]}},{"id":"2109","type":"Feature","properties":{"rate_time":0.233},"geometry":{"type":"Point","coordinates":[104.47486,-1.90243]}},{"id":"2110","type":"Feature","properties":{"rate_time":0.149},"geometry":{"type":"Point","coordinates":[104.47505,-1.90224]}},{"id":"2111","type":"Feature","properties":{"rate_time":0.099},"geometry":{"type":"Point","coordinates":[104.47524,-1.90205]}},{"id":"2112","type":"Feature","properties":{"rate_time":0.061},"geometry":{"type":"Point","coordinates":[104.47541,-1.90184]}},{"id":"2113","type":"Feature","properties":{"rate_time":-0.017},"geometry":{"type":"Point","coordinates":[104.47559,-1.90163]}},{"id":"2114","type":"Feature","properties":{"rate_time":-0.168},"geometry":{"type":"Point","coordinates":[104.4758,-1.90146]}},{"id":"2115","type":"Feature","properties":{"rate_time":-0.058},"geometry":{"type":"Point","coordinates":[104.47598,-1.90126]}},{"id":"2116","type":"Feature","properties":{"rate_time":-0.163},"geometry":{"type":"Point","coordinates":[104.47615,-1.90105]}},{"id":"2117","type":"Feature","properties":{"rate_time":0.188},"geometry":{"type":"Point","coordinates":[104.47629,-1.90082]}},{"id":"2118","type":"Feature","properties":{"rate_time":0.204},"geometry":{"type":"Point","coordinates":[104.47645,-1.9006]}},{"id":"2119","type":"Feature","properties":{"rate_time":0.101},"geometry":{"type":"Point","coordinates":[104.47658,-1.90036]}},{"id":"2120","type":"Feature","properties":{"rate_time":0.105},"geometry":{"type":"Point","coordinates":[104.4767,-1.90012]}},{"id":"2121","type":"Feature","properties":{"rate_time":0.06},"geometry":{"type":"Point","coordinates":[104.47682,-1.89988]}},{"id":"2122","type":"Feature","properties":{"rate_time":-0.005},"geometry":{"type":"Point","coordinates":[104.47693,-1.89963]}},{"id":"2123","type":"Feature","properties":{"rate_time":0.092},"geometry":{"type":"Point","coordinates":[104.47704,-1.89938]}},{"id":"2124","type":"Feature","properties":{"rate_time":0.021},"geometry":{"type":"Point","coordinates":[104.47713,-1.89913]}},{"id":"2125","type":"Feature","properties":{"rate_time":0.139},"geometry":{"type":"Point","coordinates":[104.47725,-1.89888]}},{"id":"2126","type":"Feature","properties":{"rate_time":-0.041},"geometry":{"type":"Point","coordinates":[104.47732,-1.89862]}},{"id":"2127","type":"Feature","properties":{"rate_time":-0.041},"geometry":{"type":"Point","coordinates":[104.47741,-1.89837]}},{"id":"2128","type":"Feature","properties":{"rate_time":-0.108},"geometry":{"type":"Point","coordinates":[104.4775,-1.89811]}},{"id":"2129","type":"Feature","properties":{"rate_time":0.112},"geometry":{"type":"Point","coordinates":[104.47758,-1.89785]}},{"id":"2130","type":"Feature","properties":{"rate_time":0.022},"geometry":{"type":"Point","coordinates":[104.47765,-1.89759]}},{"id":"2131","type":"Feature","properties":{"rate_time":-0.087},"geometry":{"type":"Point","coordinates":[104.47774,-1.89733]}},{"id":"2132","type":"Feature","properties":{"rate_time":0.066},"geometry":{"type":"Point","coordinates":[104.47781,-1.89707]}},{"id":"2133","type":"Feature","properties":{"rate_time":0.322},"geometry":{"type":"Point","coordinates":[104.47786,-1.8968]}},{"id":"2134","type":"Feature","properties":{"rate_time":0.396},"geometry":{"type":"Point","coordinates":[104.4779,-1.89654]}},{"id":"2135","type":"Feature","properties":{"rate_time":0.504},"geometry":{"type":"Point","coordinates":[104.47793,-1.89627]}},{"id":"2136","type":"Feature","properties":{"rate_time":0.467},"geometry":{"type":"Point","coordinates":[104.47796,-1.896]}},{"id":"2137","type":"Feature","properties":{"rate_time":0.493},"geometry":{"type":"Point","coordinates":[104.47803,-1.89573]}},{"id":"2138","type":"Feature","properties":{"rate_time":0.495},"geometry":{"type":"Point","coordinates":[104.47808,-1.89547]}},{"id":"2139","type":"Feature","properties":{"rate_time":0.419},"geometry":{"type":"Point","coordinates":[104.47814,-1.8952]}},{"id":"2140","type":"Feature","properties":{"rate_time":0.335},"geometry":{"type":"Point","coordinates":[104.47818,-1.89494]}},{"id":"2141","type":"Feature","properties":{"rate_time":0.242},"geometry":{"type":"Point","coordinates":[104.47822,-1.89467]}},{"id":"2142","type":"Feature","properties":{"rate_time":0.029},"geometry":{"type":"Point","coordinates":[104.47831,-1.89441]}},{"id":"2143","type":"Feature","properties":{"rate_time":0.088},"geometry":{"type":"Point","coordinates":[104.4784,-1.89416]}},{"id":"2144","type":"Feature","properties":{"rate_time":0.179},"geometry":{"type":"Point","coordinates":[104.47849,-1.89391]}},{"id":"2145","type":"Feature","properties":{"rate_time":-0.217},"geometry":{"type":"Point","coordinates":[104.4786,-1.89366]}},{"id":"2146","type":"Feature","properties":{"rate_time":-0.496},"geometry":{"type":"Point","coordinates":[104.47867,-1.8934]}},{"id":"2147","type":"Feature","properties":{"rate_time":-0.451},"geometry":{"type":"Point","coordinates":[104.4787,-1.89313]}},{"id":"2148","type":"Feature","properties":{"rate_time":-0.325},"geometry":{"type":"Point","coordinates":[104.47872,-1.89286]}},{"id":"2149","type":"Feature","properties":{"rate_time":-0.309},"geometry":{"type":"Point","coordinates":[104.47874,-1.89259]}},{"id":"2150","type":"Feature","properties":{"rate_time":-0.116},"geometry":{"type":"Point","coordinates":[104.47873,-1.89232]}},{"id":"2151","type":"Feature","properties":{"rate_time":-0.107},"geometry":{"type":"Point","coordinates":[104.47872,-1.89205]}},{"id":"2152","type":"Feature","properties":{"rate_time":-0.026},"geometry":{"type":"Point","coordinates":[104.4787,-1.89178]}},{"id":"2153","type":"Feature","properties":{"rate_time":0.082},"geometry":{"type":"Point","coordinates":[104.47867,-1.89151]}},{"id":"2154","type":"Feature","properties":{"rate_time":0.068},"geometry":{"type":"Point","coordinates":[104.47859,-1.89125]}},{"id":"2155","type":"Feature","properties":{"rate_time":-0.006},"geometry":{"type":"Point","coordinates":[104.47846,-1.89101]}},{"id":"2156","type":"Feature","properties":{"rate_time":0.099},"geometry":{"type":"Point","coordinates":[104.47841,-1.89074]}},{"id":"2157","type":"Feature","properties":{"rate_time":0.288},"geometry":{"type":"Point","coordinates":[104.47832,-1.89049]}},{"id":"2158","type":"Feature","properties":{"rate_time":0.283},"geometry":{"type":"Point","coordinates":[104.4782,-1.89025]}},{"id":"2159","type":"Feature","properties":{"rate_time":0.374},"geometry":{"type":"Point","coordinates":[104.47806,-1.89001]}},{"id":"2160","type":"Feature","properties":{"rate_time":0.497},"geometry":{"type":"Point","coordinates":[104.47792,-1.88978]}},{"id":"2161","type":"Feature","properties":{"rate_time":0.507},"geometry":{"type":"Point","coordinates":[104.47776,-1.88957]}},{"id":"2162","type":"Feature","properties":{"rate_time":0.478},"geometry":{"type":"Point","coordinates":[104.47756,-1.88938]}},{"id":"2163","type":"Feature","properties":{"rate_time":0.491},"geometry":{"type":"Point","coordinates":[104.47735,-1.88922]}},{"id":"2164","type":"Feature","properties":{"rate_time":0.442},"geometry":{"type":"Point","coordinates":[104.47712,-1.88907]}},{"id":"2165","type":"Feature","properties":{"rate_time":0.385},"geometry":{"type":"Point","coordinates":[104.47689,-1.88894]}},{"id":"2166","type":"Feature","properties":{"rate_time":0.436},"geometry":{"type":"Point","coordinates":[104.47665,-1.8888]}},{"id":"2167","type":"Feature","properties":{"rate_time":0.356},"geometry":{"type":"Point","coordinates":[104.47642,-1.88867]}},{"id":"2168","type":"Feature","properties":{"rate_time":-0.884},"geometry":{"type":"Point","coordinates":[104.52858,-1.89909]}},{"id":"2169","type":"Feature","properties":{"rate_time":-0.601},"geometry":{"type":"Point","coordinates":[104.52871,-1.89885]}},{"id":"2170","type":"Feature","properties":{"rate_time":-0.599},"geometry":{"type":"Point","coordinates":[104.52882,-1.89861]}},{"id":"2171","type":"Feature","properties":{"rate_time":-0.556},"geometry":{"type":"Point","coordinates":[104.52894,-1.89836]}},{"id":"2172","type":"Feature","properties":{"rate_time":-0.594},"geometry":{"type":"Point","coordinates":[104.52905,-1.89812]}},{"id":"2173","type":"Feature","properties":{"rate_time":-0.771},"geometry":{"type":"Point","coordinates":[104.52914,-1.89786]}},{"id":"2174","type":"Feature","properties":{"rate_time":-0.837},"geometry":{"type":"Point","coordinates":[104.52924,-1.89761]}},{"id":"2175","type":"Feature","properties":{"rate_time":-1.094},"geometry":{"type":"Point","coordinates":[104.52931,-1.89735]}},{"id":"2176","type":"Feature","properties":{"rate_time":-0.823},"geometry":{"type":"Point","coordinates":[104.52937,-1.89708]}},{"id":"2177","type":"Feature","properties":{"rate_time":-0.511},"geometry":{"type":"Point","coordinates":[104.52949,-1.89685]}},{"id":"2178","type":"Feature","properties":{"rate_time":-0.609},"geometry":{"type":"Point","coordinates":[104.52959,-1.89659]}},{"id":"2179","type":"Feature","properties":{"rate_time":-1.286},"geometry":{"type":"Point","coordinates":[104.52964,-1.89633]}},{"id":"2180","type":"Feature","properties":{"rate_time":-0.93},"geometry":{"type":"Point","coordinates":[104.52969,-1.89606]}},{"id":"2181","type":"Feature","properties":{"rate_time":-0.878},"geometry":{"type":"Point","coordinates":[104.52972,-1.89579]}},{"id":"2182","type":"Feature","properties":{"rate_time":-0.936},"geometry":{"type":"Point","coordinates":[104.52978,-1.89553]}},{"id":"2183","type":"Feature","properties":{"rate_time":-1.361},"geometry":{"type":"Point","coordinates":[104.52987,-1.89528]}},{"id":"2184","type":"Feature","properties":{"rate_time":-1.24},"geometry":{"type":"Point","coordinates":[104.52999,-1.89504]}},{"id":"2185","type":"Feature","properties":{"rate_time":-0.958},"geometry":{"type":"Point","coordinates":[104.53014,-1.89482]}},{"id":"2186","type":"Feature","properties":{"rate_time":-0.787},"geometry":{"type":"Point","coordinates":[104.5303,-1.89459]}},{"id":"2187","type":"Feature","properties":{"rate_time":-0.751},"geometry":{"type":"Point","coordinates":[104.53049,-1.8944]}},{"id":"2188","type":"Feature","properties":{"rate_time":-0.765},"geometry":{"type":"Point","coordinates":[104.53068,-1.89421]}},{"id":"2189","type":"Feature","properties":{"rate_time":-0.93},"geometry":{"type":"Point","coordinates":[104.53086,-1.89401]}},{"id":"2190","type":"Feature","properties":{"rate_time":-1.065},"geometry":{"type":"Point","coordinates":[104.53098,-1.89376]}},{"id":"2191","type":"Feature","properties":{"rate_time":-1.212},"geometry":{"type":"Point","coordinates":[104.53113,-1.89354]}},{"id":"2192","type":"Feature","properties":{"rate_time":-1.473},"geometry":{"type":"Point","coordinates":[104.53126,-1.8933]}},{"id":"2193","type":"Feature","properties":{"rate_time":-1.028},"geometry":{"type":"Point","coordinates":[104.5314,-1.89307]}},{"id":"2194","type":"Feature","properties":{"rate_time":-1.589},"geometry":{"type":"Point","coordinates":[104.53153,-1.89283]}},{"id":"2195","type":"Feature","properties":{"rate_time":-0.989},"geometry":{"type":"Point","coordinates":[104.53167,-1.89261]}},{"id":"2196","type":"Feature","properties":{"rate_time":-1.117},"geometry":{"type":"Point","coordinates":[104.53179,-1.89236]}},{"id":"2197","type":"Feature","properties":{"rate_time":-1.106},"geometry":{"type":"Point","coordinates":[104.53191,-1.89212]}},{"id":"2198","type":"Feature","properties":{"rate_time":-0.755},"geometry":{"type":"Point","coordinates":[104.53204,-1.89188]}},{"id":"2199","type":"Feature","properties":{"rate_time":-0.629},"geometry":{"type":"Point","coordinates":[104.53213,-1.89163]}},{"id":"2200","type":"Feature","properties":{"rate_time":-0.965},"geometry":{"type":"Point","coordinates":[104.53225,-1.89139]}},{"id":"2201","type":"Feature","properties":{"rate_time":-0.805},"geometry":{"type":"Point","coordinates":[104.53233,-1.89113]}},{"id":"2202","type":"Feature","properties":{"rate_time":-0.717},"geometry":{"type":"Point","coordinates":[104.53241,-1.89087]}},{"id":"2203","type":"Feature","properties":{"rate_time":-0.767},"geometry":{"type":"Point","coordinates":[104.53252,-1.89062]}},{"id":"2204","type":"Feature","properties":{"rate_time":-0.671},"geometry":{"type":"Point","coordinates":[104.53261,-1.89036]}},{"id":"2205","type":"Feature","properties":{"rate_time":-0.825},"geometry":{"type":"Point","coordinates":[104.53269,-1.89011]}},{"id":"2206","type":"Feature","properties":{"rate_time":-0.909},"geometry":{"type":"Point","coordinates":[104.5328,-1.88986]}},{"id":"2207","type":"Feature","properties":{"rate_time":-1.349},"geometry":{"type":"Point","coordinates":[104.53294,-1.88963]}},{"id":"2208","type":"Feature","properties":{"rate_time":-1.789},"geometry":{"type":"Point","coordinates":[104.53308,-1.8894]}},{"id":"2209","type":"Feature","properties":{"rate_time":-1.728},"geometry":{"type":"Point","coordinates":[104.53318,-1.88914]}},{"id":"2210","type":"Feature","properties":{"rate_time":-1.521},"geometry":{"type":"Point","coordinates":[104.53321,-1.88888]}},{"id":"2211","type":"Feature","properties":{"rate_time":-1.12},"geometry":{"type":"Point","coordinates":[104.53327,-1.88861]}},{"id":"2212","type":"Feature","properties":{"rate_time":-0.968},"geometry":{"type":"Point","coordinates":[104.53334,-1.88835]}},{"id":"2213","type":"Feature","properties":{"rate_time":-0.915},"geometry":{"type":"Point","coordinates":[104.53339,-1.88808]}},{"id":"2214","type":"Feature","properties":{"rate_time":-0.857},"geometry":{"type":"Point","coordinates":[104.53343,-1.88781]}},{"id":"2215","type":"Feature","properties":{"rate_time":-0.964},"geometry":{"type":"Point","coordinates":[104.53344,-1.88754]}},{"id":"2216","type":"Feature","properties":{"rate_time":-0.752},"geometry":{"type":"Point","coordinates":[104.53348,-1.88727]}},{"id":"2217","type":"Feature","properties":{"rate_time":-0.746},"geometry":{"type":"Point","coordinates":[104.53356,-1.88701]}},{"id":"2218","type":"Feature","properties":{"rate_time":-0.882},"geometry":{"type":"Point","coordinates":[104.53362,-1.88675]}},{"id":"2219","type":"Feature","properties":{"rate_time":-0.974},"geometry":{"type":"Point","coordinates":[104.53363,-1.88648]}},{"id":"2220","type":"Feature","properties":{"rate_time":-1.081},"geometry":{"type":"Point","coordinates":[104.53363,-1.88621]}},{"id":"2221","type":"Feature","properties":{"rate_time":-0.805},"geometry":{"type":"Point","coordinates":[104.53359,-1.88594]}},{"id":"2222","type":"Feature","properties":{"rate_time":-0.716},"geometry":{"type":"Point","coordinates":[104.5335,-1.88568]}},{"id":"2223","type":"Feature","properties":{"rate_time":-0.986},"geometry":{"type":"Point","coordinates":[104.53345,-1.88542]}},{"id":"2224","type":"Feature","properties":{"rate_time":-0.989},"geometry":{"type":"Point","coordinates":[104.53336,-1.88516]}},{"id":"2225","type":"Feature","properties":{"rate_time":-0.835},"geometry":{"type":"Point","coordinates":[104.5332,-1.88495]}},{"id":"2226","type":"Feature","properties":{"rate_time":-0.695},"geometry":{"type":"Point","coordinates":[104.53404,-1.88482]}},{"id":"2227","type":"Feature","properties":{"rate_time":-0.834},"geometry":{"type":"Point","coordinates":[104.53302,-1.88477]}},{"id":"2228","type":"Feature","properties":{"rate_time":-0.936},"geometry":{"type":"Point","coordinates":[104.53425,-1.88477]}},{"id":"2229","type":"Feature","properties":{"rate_time":-0.275},"geometry":{"type":"Point","coordinates":[104.53383,-1.88466]}},{"id":"2230","type":"Feature","properties":{"rate_time":-0.229},"geometry":{"type":"Point","coordinates":[104.53358,-1.88455]}},{"id":"2231","type":"Feature","properties":{"rate_time":-0.331},"geometry":{"type":"Point","coordinates":[104.53305,-1.88452]}},{"id":"2232","type":"Feature","properties":{"rate_time":-0.373},"geometry":{"type":"Point","coordinates":[104.53423,-1.8845]}},{"id":"2233","type":"Feature","properties":{"rate_time":-0.351},"geometry":{"type":"Point","coordinates":[104.53332,-1.8845]}},{"id":"2234","type":"Feature","properties":{"rate_time":-0.416},"geometry":{"type":"Point","coordinates":[104.53412,-1.88425]}},{"id":"2235","type":"Feature","properties":{"rate_time":-0.592},"geometry":{"type":"Point","coordinates":[104.53407,-1.88399]}},{"id":"2236","type":"Feature","properties":{"rate_time":-1.007},"geometry":{"type":"Point","coordinates":[104.53417,-1.88374]}},{"id":"2237","type":"Feature","properties":{"rate_time":-1.11},"geometry":{"type":"Point","coordinates":[104.53432,-1.88351]}},{"id":"2238","type":"Feature","properties":{"rate_time":-1.069},"geometry":{"type":"Point","coordinates":[104.53449,-1.88331]}},{"id":"2239","type":"Feature","properties":{"rate_time":-1.326},"geometry":{"type":"Point","coordinates":[104.53468,-1.88311]}},{"id":"2240","type":"Feature","properties":{"rate_time":-1.265},"geometry":{"type":"Point","coordinates":[104.53487,-1.88292]}},{"id":"2241","type":"Feature","properties":{"rate_time":-1.306},"geometry":{"type":"Point","coordinates":[104.53504,-1.88271]}},{"id":"2242","type":"Feature","properties":{"rate_time":-1.404},"geometry":{"type":"Point","coordinates":[104.53521,-1.8825]}},{"id":"2243","type":"Feature","properties":{"rate_time":-1.772},"geometry":{"type":"Point","coordinates":[104.53538,-1.88228]}},{"id":"2244","type":"Feature","properties":{"rate_time":-1.411},"geometry":{"type":"Point","coordinates":[104.53553,-1.88206]}},{"id":"2245","type":"Feature","properties":{"rate_time":-1.131},"geometry":{"type":"Point","coordinates":[104.53566,-1.88182]}},{"id":"2246","type":"Feature","properties":{"rate_time":-1.181},"geometry":{"type":"Point","coordinates":[104.53584,-1.88163]}},{"id":"2247","type":"Feature","properties":{"rate_time":-1.36},"geometry":{"type":"Point","coordinates":[104.536,-1.88141]}},{"id":"2248","type":"Feature","properties":{"rate_time":-1.295},"geometry":{"type":"Point","coordinates":[104.53611,-1.88116]}},{"id":"2249","type":"Feature","properties":{"rate_time":-1.16},"geometry":{"type":"Point","coordinates":[104.53616,-1.8809]}},{"id":"2250","type":"Feature","properties":{"rate_time":-1.035},"geometry":{"type":"Point","coordinates":[104.53617,-1.88062]}},{"id":"2251","type":"Feature","properties":{"rate_time":-0.974},"geometry":{"type":"Point","coordinates":[104.53618,-1.88035]}},{"id":"2252","type":"Feature","properties":{"rate_time":-0.492},"geometry":{"type":"Point","coordinates":[104.53619,-1.88008]}},{"id":"2253","type":"Feature","properties":{"rate_time":-0.341},"geometry":{"type":"Point","coordinates":[104.53621,-1.87992]}},{"id":"2254","type":"Feature","properties":{"rate_time":-0.315},"geometry":{"type":"Point","coordinates":[104.53616,-1.87965]}},{"id":"2255","type":"Feature","properties":{"rate_time":-0.41},"geometry":{"type":"Point","coordinates":[104.53616,-1.87938]}},{"id":"2256","type":"Feature","properties":{"rate_time":-0.341},"geometry":{"type":"Point","coordinates":[104.53636,-1.87923]}},{"id":"2257","type":"Feature","properties":{"rate_time":-0.424},"geometry":{"type":"Point","coordinates":[104.5366,-1.87912]}},{"id":"2258","type":"Feature","properties":{"rate_time":-0.38},"geometry":{"type":"Point","coordinates":[104.53671,-1.87871]}},{"id":"2259","type":"Feature","properties":{"rate_time":-0.205},"geometry":{"type":"Point","coordinates":[104.53671,-1.87844]}},{"id":"2260","type":"Feature","properties":{"rate_time":-0.067},"geometry":{"type":"Point","coordinates":[104.5368,-1.87821]}},{"id":"2261","type":"Feature","properties":{"rate_time":-0.252},"geometry":{"type":"Point","coordinates":[104.53707,-1.87817]}},{"id":"2262","type":"Feature","properties":{"rate_time":-0.348},"geometry":{"type":"Point","coordinates":[104.53731,-1.87804]}},{"id":"2263","type":"Feature","properties":{"rate_time":-0.304},"geometry":{"type":"Point","coordinates":[104.53746,-1.87782]}},{"id":"2264","type":"Feature","properties":{"rate_time":-0.478},"geometry":{"type":"Point","coordinates":[104.53759,-1.87758]}},{"id":"2265","type":"Feature","properties":{"rate_time":-0.581},"geometry":{"type":"Point","coordinates":[104.5377,-1.87734]}},{"id":"2266","type":"Feature","properties":{"rate_time":-0.575},"geometry":{"type":"Point","coordinates":[104.53779,-1.87708]}},{"id":"2267","type":"Feature","properties":{"rate_time":-0.561},"geometry":{"type":"Point","coordinates":[104.53786,-1.87682]}},{"id":"2268","type":"Feature","properties":{"rate_time":0.451},"geometry":{"type":"Point","coordinates":[104.47619,-1.88852]}},{"id":"2269","type":"Feature","properties":{"rate_time":0.415},"geometry":{"type":"Point","coordinates":[104.47595,-1.88841]}},{"id":"2270","type":"Feature","properties":{"rate_time":0.377},"geometry":{"type":"Point","coordinates":[104.47571,-1.88827]}},{"id":"2271","type":"Feature","properties":{"rate_time":0.709},"geometry":{"type":"Point","coordinates":[104.47551,-1.88809]}},{"id":"2272","type":"Feature","properties":{"rate_time":0.491},"geometry":{"type":"Point","coordinates":[104.4745,-1.88797]}},{"id":"2273","type":"Feature","properties":{"rate_time":0.622},"geometry":{"type":"Point","coordinates":[104.47477,-1.88795]}},{"id":"2274","type":"Feature","properties":{"rate_time":1.042},"geometry":{"type":"Point","coordinates":[104.4753,-1.88792]}},{"id":"2275","type":"Feature","properties":{"rate_time":0.851},"geometry":{"type":"Point","coordinates":[104.47503,-1.88792]}},{"id":"2276","type":"Feature","properties":{"rate_time":-0.033},"geometry":{"type":"Point","coordinates":[104.47445,-1.88736]}},{"id":"2277","type":"Feature","properties":{"rate_time":-0.021},"geometry":{"type":"Point","coordinates":[104.47471,-1.88727]}},{"id":"2278","type":"Feature","properties":{"rate_time":-0.059},"geometry":{"type":"Point","coordinates":[104.47496,-1.88717]}},{"id":"2279","type":"Feature","properties":{"rate_time":-0.119},"geometry":{"type":"Point","coordinates":[104.47522,-1.88709]}},{"id":"2280","type":"Feature","properties":{"rate_time":-0.217},"geometry":{"type":"Point","coordinates":[104.47546,-1.88698]}},{"id":"2281","type":"Feature","properties":{"rate_time":0.084},"geometry":{"type":"Point","coordinates":[104.4757,-1.88687]}},{"id":"2282","type":"Feature","properties":{"rate_time":0.076},"geometry":{"type":"Point","coordinates":[104.47594,-1.88674]}},{"id":"2283","type":"Feature","properties":{"rate_time":0.039},"geometry":{"type":"Point","coordinates":[104.47618,-1.88661]}},{"id":"2284","type":"Feature","properties":{"rate_time":0.056},"geometry":{"type":"Point","coordinates":[104.47642,-1.88649]}},{"id":"2285","type":"Feature","properties":{"rate_time":-0.016},"geometry":{"type":"Point","coordinates":[104.47662,-1.88631]}},{"id":"2286","type":"Feature","properties":{"rate_time":0.012},"geometry":{"type":"Point","coordinates":[104.47684,-1.88615]}},{"id":"2287","type":"Feature","properties":{"rate_time":0.155},"geometry":{"type":"Point","coordinates":[104.47706,-1.88599]}},{"id":"2288","type":"Feature","properties":{"rate_time":0.368},"geometry":{"type":"Point","coordinates":[104.47727,-1.88582]}},{"id":"2289","type":"Feature","properties":{"rate_time":0.812},"geometry":{"type":"Point","coordinates":[104.47745,-1.88563]}},{"id":"2290","type":"Feature","properties":{"rate_time":0.848},"geometry":{"type":"Point","coordinates":[104.47757,-1.88538]}},{"id":"2291","type":"Feature","properties":{"rate_time":1.008},"geometry":{"type":"Point","coordinates":[104.47766,-1.88513]}},{"id":"2292","type":"Feature","properties":{"rate_time":1.582},"geometry":{"type":"Point","coordinates":[104.47778,-1.88489]}},{"id":"2293","type":"Feature","properties":{"rate_time":1.627},"geometry":{"type":"Point","coordinates":[104.47789,-1.88465]}},{"id":"2294","type":"Feature","properties":{"rate_time":1.648},"geometry":{"type":"Point","coordinates":[104.47798,-1.88439]}},{"id":"2295","type":"Feature","properties":{"rate_time":1.632},"geometry":{"type":"Point","coordinates":[104.47807,-1.88413]}},{"id":"2296","type":"Feature","properties":{"rate_time":1.679},"geometry":{"type":"Point","coordinates":[104.47813,-1.88387]}},{"id":"2297","type":"Feature","properties":{"rate_time":1.687},"geometry":{"type":"Point","coordinates":[104.4782,-1.88361]}},{"id":"2298","type":"Feature","properties":{"rate_time":1.801},"geometry":{"type":"Point","coordinates":[104.47829,-1.88335]}},{"id":"2299","type":"Feature","properties":{"rate_time":1.67},"geometry":{"type":"Point","coordinates":[104.47837,-1.88309]}},{"id":"2300","type":"Feature","properties":{"rate_time":1.667},"geometry":{"type":"Point","coordinates":[104.47842,-1.88283]}},{"id":"2301","type":"Feature","properties":{"rate_time":1.661},"geometry":{"type":"Point","coordinates":[104.47846,-1.88256]}},{"id":"2302","type":"Feature","properties":{"rate_time":1.731},"geometry":{"type":"Point","coordinates":[104.47853,-1.8823]}},{"id":"2303","type":"Feature","properties":{"rate_time":1.986},"geometry":{"type":"Point","coordinates":[104.47865,-1.88206]}},{"id":"2304","type":"Feature","properties":{"rate_time":2.013},"geometry":{"type":"Point","coordinates":[104.47871,-1.88179]}},{"id":"2305","type":"Feature","properties":{"rate_time":1.824},"geometry":{"type":"Point","coordinates":[104.47874,-1.88152]}},{"id":"2306","type":"Feature","properties":{"rate_time":1.85},"geometry":{"type":"Point","coordinates":[104.47881,-1.88126]}},{"id":"2307","type":"Feature","properties":{"rate_time":3.296},"geometry":{"type":"Point","coordinates":[104.47874,-1.87329]}},{"id":"2308","type":"Feature","properties":{"rate_time":3.207},"geometry":{"type":"Point","coordinates":[104.47863,-1.87304]}},{"id":"2309","type":"Feature","properties":{"rate_time":2.991},"geometry":{"type":"Point","coordinates":[104.47851,-1.8728]}},{"id":"2310","type":"Feature","properties":{"rate_time":2.855},"geometry":{"type":"Point","coordinates":[104.47838,-1.87256]}},{"id":"2311","type":"Feature","properties":{"rate_time":2.711},"geometry":{"type":"Point","coordinates":[104.47825,-1.87232]}},{"id":"2312","type":"Feature","properties":{"rate_time":2.44},"geometry":{"type":"Point","coordinates":[104.47809,-1.8721]}},{"id":"2313","type":"Feature","properties":{"rate_time":2.246},"geometry":{"type":"Point","coordinates":[104.47793,-1.87189]}},{"id":"2314","type":"Feature","properties":{"rate_time":2.035},"geometry":{"type":"Point","coordinates":[104.47777,-1.87167]}},{"id":"2315","type":"Feature","properties":{"rate_time":1.318},"geometry":{"type":"Point","coordinates":[104.47759,-1.87146]}},{"id":"2316","type":"Feature","properties":{"rate_time":1.218},"geometry":{"type":"Point","coordinates":[104.4774,-1.87127]}},{"id":"2317","type":"Feature","properties":{"rate_time":1.196},"geometry":{"type":"Point","coordinates":[104.47718,-1.87112]}},{"id":"2318","type":"Feature","properties":{"rate_time":1.01},"geometry":{"type":"Point","coordinates":[104.47699,-1.87093]}},{"id":"2319","type":"Feature","properties":{"rate_time":1.639},"geometry":{"type":"Point","coordinates":[104.47679,-1.87075]}},{"id":"2320","type":"Feature","properties":{"rate_time":1.732},"geometry":{"type":"Point","coordinates":[104.47659,-1.87057]}},{"id":"2321","type":"Feature","properties":{"rate_time":1.882},"geometry":{"type":"Point","coordinates":[104.47639,-1.87038]}},{"id":"2322","type":"Feature","properties":{"rate_time":1.941},"geometry":{"type":"Point","coordinates":[104.47618,-1.87021]}},{"id":"2323","type":"Feature","properties":{"rate_time":1.997},"geometry":{"type":"Point","coordinates":[104.47436,-1.87008]}},{"id":"2324","type":"Feature","properties":{"rate_time":1.845},"geometry":{"type":"Point","coordinates":[104.47595,-1.87008]}},{"id":"2325","type":"Feature","properties":{"rate_time":1.454},"geometry":{"type":"Point","coordinates":[104.47569,-1.87002]}},{"id":"2326","type":"Feature","properties":{"rate_time":1.695},"geometry":{"type":"Point","coordinates":[104.47461,-1.87001]}},{"id":"2327","type":"Feature","properties":{"rate_time":1.236},"geometry":{"type":"Point","coordinates":[104.47542,-1.87]}},{"id":"2328","type":"Feature","properties":{"rate_time":0.763},"geometry":{"type":"Point","coordinates":[104.4733,-1.8709]}},{"id":"2329","type":"Feature","properties":{"rate_time":0.889},"geometry":{"type":"Point","coordinates":[104.47348,-1.8707]}},{"id":"2330","type":"Feature","properties":{"rate_time":1.128},"geometry":{"type":"Point","coordinates":[104.47367,-1.87051]}},{"id":"2331","type":"Feature","properties":{"rate_time":1.381},"geometry":{"type":"Point","coordinates":[104.47389,-1.87035]}},{"id":"2332","type":"Feature","properties":{"rate_time":0.547},"geometry":{"type":"Point","coordinates":[104.47272,-1.87024]}},{"id":"2333","type":"Feature","properties":{"rate_time":1.871},"geometry":{"type":"Point","coordinates":[104.47412,-1.87021]}},{"id":"2334","type":"Feature","properties":{"rate_time":0.627},"geometry":{"type":"Point","coordinates":[104.47289,-1.87003]}},{"id":"2335","type":"Feature","properties":{"rate_time":0.277},"geometry":{"type":"Point","coordinates":[104.47307,-1.86983]}},{"id":"2336","type":"Feature","properties":{"rate_time":0.317},"geometry":{"type":"Point","coordinates":[104.47326,-1.86964]}},{"id":"2337","type":"Feature","properties":{"rate_time":0.441},"geometry":{"type":"Point","coordinates":[104.47344,-1.86944]}},{"id":"2338","type":"Feature","properties":{"rate_time":0.553},"geometry":{"type":"Point","coordinates":[104.47359,-1.86921]}},{"id":"2339","type":"Feature","properties":{"rate_time":0.671},"geometry":{"type":"Point","coordinates":[104.47375,-1.86899]}},{"id":"2340","type":"Feature","properties":{"rate_time":0.706},"geometry":{"type":"Point","coordinates":[104.47389,-1.86876]}},{"id":"2341","type":"Feature","properties":{"rate_time":0.963},"geometry":{"type":"Point","coordinates":[104.47405,-1.86854]}},{"id":"2342","type":"Feature","properties":{"rate_time":1.367},"geometry":{"type":"Point","coordinates":[104.47419,-1.86831]}},{"id":"2343","type":"Feature","properties":{"rate_time":3.764},"geometry":{"type":"Point","coordinates":[104.47419,-1.8669]}},{"id":"2344","type":"Feature","properties":{"rate_time":5.607},"geometry":{"type":"Point","coordinates":[104.47404,-1.86667]}},{"id":"2345","type":"Feature","properties":{"rate_time":5.879},"geometry":{"type":"Point","coordinates":[104.47385,-1.86649]}},{"id":"2346","type":"Feature","properties":{"rate_time":5.465},"geometry":{"type":"Point","coordinates":[104.47363,-1.86633]}},{"id":"2347","type":"Feature","properties":{"rate_time":5.491},"geometry":{"type":"Point","coordinates":[104.47346,-1.86612]}},{"id":"2348","type":"Feature","properties":{"rate_time":5.636},"geometry":{"type":"Point","coordinates":[104.47329,-1.8659]}},{"id":"2349","type":"Feature","properties":{"rate_time":5.505},"geometry":{"type":"Point","coordinates":[104.47311,-1.86571]}},{"id":"2350","type":"Feature","properties":{"rate_time":5.28},"geometry":{"type":"Point","coordinates":[104.47288,-1.86557]}},{"id":"2351","type":"Feature","properties":{"rate_time":5.634},"geometry":{"type":"Point","coordinates":[104.47275,-1.86534]}},{"id":"2352","type":"Feature","properties":{"rate_time":5.861},"geometry":{"type":"Point","coordinates":[104.4726,-1.86512]}},{"id":"2353","type":"Feature","properties":{"rate_time":0.426},"geometry":{"type":"Point","coordinates":[104.46937,-1.865]}},{"id":"2354","type":"Feature","properties":{"rate_time":5.739},"geometry":{"type":"Point","coordinates":[104.47241,-1.86492]}},{"id":"2355","type":"Feature","properties":{"rate_time":0.496},"geometry":{"type":"Point","coordinates":[104.46962,-1.86492]}},{"id":"2356","type":"Feature","properties":{"rate_time":0.574},"geometry":{"type":"Point","coordinates":[104.46989,-1.86489]}},{"id":"2357","type":"Feature","properties":{"rate_time":0.697},"geometry":{"type":"Point","coordinates":[104.47016,-1.86484]}},{"id":"2358","type":"Feature","properties":{"rate_time":0.595},"geometry":{"type":"Point","coordinates":[104.46806,-1.86525]}},{"id":"2359","type":"Feature","properties":{"rate_time":0.673},"geometry":{"type":"Point","coordinates":[104.4683,-1.86512]}},{"id":"2360","type":"Feature","properties":{"rate_time":0.697},"geometry":{"type":"Point","coordinates":[104.46857,-1.8651]}},{"id":"2361","type":"Feature","properties":{"rate_time":0.601},"geometry":{"type":"Point","coordinates":[104.46883,-1.86506]}},{"id":"2362","type":"Feature","properties":{"rate_time":0.376},"geometry":{"type":"Point","coordinates":[104.4691,-1.86505]}},{"id":"2363","type":"Feature","properties":{"rate_time":0.717},"geometry":{"type":"Point","coordinates":[104.46727,-1.86347]}},{"id":"2364","type":"Feature","properties":{"rate_time":0.624},"geometry":{"type":"Point","coordinates":[104.46752,-1.86338]}},{"id":"2365","type":"Feature","properties":{"rate_time":0.667},"geometry":{"type":"Point","coordinates":[104.46775,-1.86325]}},{"id":"2366","type":"Feature","properties":{"rate_time":1.099},"geometry":{"type":"Point","coordinates":[104.468,-1.86315]}},{"id":"2367","type":"Feature","properties":{"rate_time":1.076},"geometry":{"type":"Point","coordinates":[104.46823,-1.863]}},{"id":"2368","type":"Feature","properties":{"rate_time":-0.047},"geometry":{"type":"Point","coordinates":[104.48885,-1.91566]}},{"id":"2369","type":"Feature","properties":{"rate_time":-1.203},"geometry":{"type":"Point","coordinates":[104.48775,-1.91555]}},{"id":"2370","type":"Feature","properties":{"rate_time":-0.423},"geometry":{"type":"Point","coordinates":[104.48836,-1.91549]}},{"id":"2371","type":"Feature","properties":{"rate_time":0.171},"geometry":{"type":"Point","coordinates":[104.48902,-1.91545]}},{"id":"2372","type":"Feature","properties":{"rate_time":-1.248},"geometry":{"type":"Point","coordinates":[104.48757,-1.91535]}},{"id":"2373","type":"Feature","properties":{"rate_time":0.115},"geometry":{"type":"Point","coordinates":[104.48887,-1.91522]}},{"id":"2374","type":"Feature","properties":{"rate_time":-0.363},"geometry":{"type":"Point","coordinates":[104.48837,-1.91522]}},{"id":"2375","type":"Feature","properties":{"rate_time":-1.173},"geometry":{"type":"Point","coordinates":[104.48741,-1.91514]}},{"id":"2376","type":"Feature","properties":{"rate_time":-0.397},"geometry":{"type":"Point","coordinates":[104.48818,-1.91503]}},{"id":"2377","type":"Feature","properties":{"rate_time":0.059},"geometry":{"type":"Point","coordinates":[104.48873,-1.915]}},{"id":"2378","type":"Feature","properties":{"rate_time":-1.174},"geometry":{"type":"Point","coordinates":[104.4873,-1.91491]}},{"id":"2379","type":"Feature","properties":{"rate_time":-1.395},"geometry":{"type":"Point","coordinates":[104.48705,-1.91482]}},{"id":"2380","type":"Feature","properties":{"rate_time":-1.516},"geometry":{"type":"Point","coordinates":[104.48682,-1.91468]}},{"id":"2381","type":"Feature","properties":{"rate_time":-2.14},"geometry":{"type":"Point","coordinates":[104.48662,-1.9145]}},{"id":"2382","type":"Feature","properties":{"rate_time":-1.975},"geometry":{"type":"Point","coordinates":[104.48641,-1.91432]}},{"id":"2383","type":"Feature","properties":{"rate_time":-1.84},"geometry":{"type":"Point","coordinates":[104.48618,-1.91419]}},{"id":"2384","type":"Feature","properties":{"rate_time":-1.664},"geometry":{"type":"Point","coordinates":[104.48596,-1.91404]}},{"id":"2385","type":"Feature","properties":{"rate_time":-1.527},"geometry":{"type":"Point","coordinates":[104.48576,-1.91385]}},{"id":"2386","type":"Feature","properties":{"rate_time":-1.283},"geometry":{"type":"Point","coordinates":[104.48558,-1.91366]}},{"id":"2387","type":"Feature","properties":{"rate_time":-1.215},"geometry":{"type":"Point","coordinates":[104.48535,-1.91351]}},{"id":"2388","type":"Feature","properties":{"rate_time":-1.166},"geometry":{"type":"Point","coordinates":[104.48513,-1.91336]}},{"id":"2389","type":"Feature","properties":{"rate_time":-1.031},"geometry":{"type":"Point","coordinates":[104.48491,-1.9132]}},{"id":"2390","type":"Feature","properties":{"rate_time":-0.917},"geometry":{"type":"Point","coordinates":[104.4847,-1.91304]}},{"id":"2391","type":"Feature","properties":{"rate_time":-1.108},"geometry":{"type":"Point","coordinates":[104.48412,-1.91282]}},{"id":"2392","type":"Feature","properties":{"rate_time":-0.828},"geometry":{"type":"Point","coordinates":[104.48458,-1.9128]}},{"id":"2393","type":"Feature","properties":{"rate_time":-1.563},"geometry":{"type":"Point","coordinates":[104.48386,-1.91276]}},{"id":"2394","type":"Feature","properties":{"rate_time":-0.969},"geometry":{"type":"Point","coordinates":[104.48436,-1.91274]}},{"id":"2395","type":"Feature","properties":{"rate_time":-1.51},"geometry":{"type":"Point","coordinates":[104.48362,-1.91264]}},{"id":"2396","type":"Feature","properties":{"rate_time":-1.028},"geometry":{"type":"Point","coordinates":[104.48335,-1.91263]}},{"id":"2397","type":"Feature","properties":{"rate_time":-0.839},"geometry":{"type":"Point","coordinates":[104.47938,-1.91256]}},{"id":"2398","type":"Feature","properties":{"rate_time":-0.543},"geometry":{"type":"Point","coordinates":[104.47911,-1.91256]}},{"id":"2399","type":"Feature","properties":{"rate_time":-0.621},"geometry":{"type":"Point","coordinates":[104.47965,-1.91256]}},{"id":"2400","type":"Feature","properties":{"rate_time":-0.97},"geometry":{"type":"Point","coordinates":[104.48309,-1.91256]}},{"id":"2401","type":"Feature","properties":{"rate_time":-0.523},"geometry":{"type":"Point","coordinates":[104.47884,-1.91254]}},{"id":"2402","type":"Feature","properties":{"rate_time":-0.949},"geometry":{"type":"Point","coordinates":[104.48284,-1.91248]}},{"id":"2403","type":"Feature","properties":{"rate_time":-0.511},"geometry":{"type":"Point","coordinates":[104.4799,-1.91246]}},{"id":"2404","type":"Feature","properties":{"rate_time":-1.245},"geometry":{"type":"Point","coordinates":[104.48257,-1.91245]}},{"id":"2405","type":"Feature","properties":{"rate_time":-1.164},"geometry":{"type":"Point","coordinates":[104.4823,-1.91241]}},{"id":"2406","type":"Feature","properties":{"rate_time":-1.256},"geometry":{"type":"Point","coordinates":[104.48203,-1.91239]}},{"id":"2407","type":"Feature","properties":{"rate_time":-1.108},"geometry":{"type":"Point","coordinates":[104.48042,-1.91238]}},{"id":"2408","type":"Feature","properties":{"rate_time":-0.591},"geometry":{"type":"Point","coordinates":[104.48015,-1.91237]}},{"id":"2409","type":"Feature","properties":{"rate_time":-1.512},"geometry":{"type":"Point","coordinates":[104.48069,-1.91236]}},{"id":"2410","type":"Feature","properties":{"rate_time":-0.955},"geometry":{"type":"Point","coordinates":[104.48177,-1.91235]}},{"id":"2411","type":"Feature","properties":{"rate_time":-1.186},"geometry":{"type":"Point","coordinates":[104.48096,-1.91233]}},{"id":"2412","type":"Feature","properties":{"rate_time":-0.812},"geometry":{"type":"Point","coordinates":[104.4815,-1.91232]}},{"id":"2413","type":"Feature","properties":{"rate_time":-0.968},"geometry":{"type":"Point","coordinates":[104.48123,-1.91231]}},{"id":"2414","type":"Feature","properties":{"rate_time":1.684},"geometry":{"type":"Point","coordinates":[104.4789,-1.881]}},{"id":"2415","type":"Feature","properties":{"rate_time":1.539},"geometry":{"type":"Point","coordinates":[104.47895,-1.88074]}},{"id":"2416","type":"Feature","properties":{"rate_time":1.212},"geometry":{"type":"Point","coordinates":[104.47896,-1.88047]}},{"id":"2417","type":"Feature","properties":{"rate_time":1.225},"geometry":{"type":"Point","coordinates":[104.47899,-1.8802]}},{"id":"2418","type":"Feature","properties":{"rate_time":1.65},"geometry":{"type":"Point","coordinates":[104.47901,-1.87992]}},{"id":"2419","type":"Feature","properties":{"rate_time":1.704},"geometry":{"type":"Point","coordinates":[104.47908,-1.87966]}},{"id":"2420","type":"Feature","properties":{"rate_time":1.79},"geometry":{"type":"Point","coordinates":[104.47913,-1.8794]}},{"id":"2421","type":"Feature","properties":{"rate_time":1.911},"geometry":{"type":"Point","coordinates":[104.47914,-1.87913]}},{"id":"2422","type":"Feature","properties":{"rate_time":2.033},"geometry":{"type":"Point","coordinates":[104.47914,-1.87885]}},{"id":"2423","type":"Feature","properties":{"rate_time":2.161},"geometry":{"type":"Point","coordinates":[104.47916,-1.87858]}},{"id":"2424","type":"Feature","properties":{"rate_time":2.411},"geometry":{"type":"Point","coordinates":[104.4792,-1.87832]}},{"id":"2425","type":"Feature","properties":{"rate_time":2.71},"geometry":{"type":"Point","coordinates":[104.47926,-1.87805]}},{"id":"2426","type":"Feature","properties":{"rate_time":3.12},"geometry":{"type":"Point","coordinates":[104.47932,-1.87778]}},{"id":"2427","type":"Feature","properties":{"rate_time":3.615},"geometry":{"type":"Point","coordinates":[104.47938,-1.87752]}},{"id":"2428","type":"Feature","properties":{"rate_time":3.986},"geometry":{"type":"Point","coordinates":[104.47943,-1.87725]}},{"id":"2429","type":"Feature","properties":{"rate_time":4.227},"geometry":{"type":"Point","coordinates":[104.47948,-1.87699]}},{"id":"2430","type":"Feature","properties":{"rate_time":4.342},"geometry":{"type":"Point","coordinates":[104.47949,-1.87672]}},{"id":"2431","type":"Feature","properties":{"rate_time":4.369},"geometry":{"type":"Point","coordinates":[104.47947,-1.87645]}},{"id":"2432","type":"Feature","properties":{"rate_time":4.335},"geometry":{"type":"Point","coordinates":[104.47943,-1.87618]}},{"id":"2433","type":"Feature","properties":{"rate_time":4.227},"geometry":{"type":"Point","coordinates":[104.4794,-1.87591]}},{"id":"2434","type":"Feature","properties":{"rate_time":4.151},"geometry":{"type":"Point","coordinates":[104.47935,-1.87564]}},{"id":"2435","type":"Feature","properties":{"rate_time":4.053},"geometry":{"type":"Point","coordinates":[104.47929,-1.87538]}},{"id":"2436","type":"Feature","properties":{"rate_time":4.136},"geometry":{"type":"Point","coordinates":[104.47925,-1.87511]}},{"id":"2437","type":"Feature","properties":{"rate_time":3.804},"geometry":{"type":"Point","coordinates":[104.47921,-1.87484]}},{"id":"2438","type":"Feature","properties":{"rate_time":-0.999},"geometry":{"type":"Point","coordinates":[104.50604,-1.93134]}},{"id":"2439","type":"Feature","properties":{"rate_time":-0.55},"geometry":{"type":"Point","coordinates":[104.49632,-1.93129]}},{"id":"2440","type":"Feature","properties":{"rate_time":-0.929},"geometry":{"type":"Point","coordinates":[104.50621,-1.93113]}},{"id":"2441","type":"Feature","properties":{"rate_time":-0.575},"geometry":{"type":"Point","coordinates":[104.49626,-1.93102]}},{"id":"2442","type":"Feature","properties":{"rate_time":-1.018},"geometry":{"type":"Point","coordinates":[104.50634,-1.9309]}},{"id":"2443","type":"Feature","properties":{"rate_time":-0.464},"geometry":{"type":"Point","coordinates":[104.5063,-1.93063]}},{"id":"2444","type":"Feature","properties":{"rate_time":-0.651},"geometry":{"type":"Point","coordinates":[104.50629,-1.93037]}},{"id":"2445","type":"Feature","properties":{"rate_time":-0.923},"geometry":{"type":"Point","coordinates":[104.50649,-1.9302]}},{"id":"2446","type":"Feature","properties":{"rate_time":-0.673},"geometry":{"type":"Point","coordinates":[104.49639,-1.81846]}},{"id":"2447","type":"Feature","properties":{"rate_time":-0.635},"geometry":{"type":"Point","coordinates":[104.49652,-1.81823]}},{"id":"2448","type":"Feature","properties":{"rate_time":-0.054},"geometry":{"type":"Point","coordinates":[104.48851,-1.91486]}},{"id":"2449","type":"Feature","properties":{"rate_time":-0.45},"geometry":{"type":"Point","coordinates":[104.48799,-1.91484]}},{"id":"2450","type":"Feature","properties":{"rate_time":-0.197},"geometry":{"type":"Point","coordinates":[104.48826,-1.91476]}},{"id":"2451","type":"Feature","properties":{"rate_time":-0.486},"geometry":{"type":"Point","coordinates":[104.48784,-1.91463]}},{"id":"2452","type":"Feature","properties":{"rate_time":-0.213},"geometry":{"type":"Point","coordinates":[104.48805,-1.91458]}},{"id":"2453","type":"Feature","properties":{"rate_time":-0.664},"geometry":{"type":"Point","coordinates":[104.48735,-1.83106]}},{"id":"2454","type":"Feature","properties":{"rate_time":-0.712},"geometry":{"type":"Point","coordinates":[104.48759,-1.83094]}},{"id":"2455","type":"Feature","properties":{"rate_time":-0.477},"geometry":{"type":"Point","coordinates":[104.48785,-1.8309]}},{"id":"2456","type":"Feature","properties":{"rate_time":-0.491},"geometry":{"type":"Point","coordinates":[104.4881,-1.83082]}},{"id":"2457","type":"Feature","properties":{"rate_time":-0.727},"geometry":{"type":"Point","coordinates":[104.48829,-1.83063]}},{"id":"2458","type":"Feature","properties":{"rate_time":3.62},"geometry":{"type":"Point","coordinates":[104.47914,-1.87458]}},{"id":"2459","type":"Feature","properties":{"rate_time":3.514},"geometry":{"type":"Point","coordinates":[104.47906,-1.87432]}},{"id":"2460","type":"Feature","properties":{"rate_time":3.748},"geometry":{"type":"Point","coordinates":[104.47899,-1.87406]}},{"id":"2461","type":"Feature","properties":{"rate_time":3.643},"geometry":{"type":"Point","coordinates":[104.47892,-1.8738]}},{"id":"2462","type":"Feature","properties":{"rate_time":3.468},"geometry":{"type":"Point","coordinates":[104.47884,-1.87354]}},{"id":"2463","type":"Feature","properties":{"rate_time":0.396},"geometry":{"type":"Point","coordinates":[104.47886,-1.85179]}},{"id":"2464","type":"Feature","properties":{"rate_time":0.194},"geometry":{"type":"Point","coordinates":[104.4791,-1.85166]}},{"id":"2465","type":"Feature","properties":{"rate_time":-0.039},"geometry":{"type":"Point","coordinates":[104.47932,-1.8515]}},{"id":"2466","type":"Feature","properties":{"rate_time":-0.15},"geometry":{"type":"Point","coordinates":[104.47952,-1.85133]}},{"id":"2467","type":"Feature","properties":{"rate_time":-0.352},"geometry":{"type":"Point","coordinates":[104.47972,-1.85115]}},{"id":"2468","type":"Feature","properties":{"rate_time":-0.692},"geometry":{"type":"Point","coordinates":[104.53792,-1.87656]}},{"id":"2469","type":"Feature","properties":{"rate_time":-0.789},"geometry":{"type":"Point","coordinates":[104.53799,-1.8763]}},{"id":"2470","type":"Feature","properties":{"rate_time":-0.932},"geometry":{"type":"Point","coordinates":[104.53811,-1.87606]}},{"id":"2471","type":"Feature","properties":{"rate_time":-0.735},"geometry":{"type":"Point","coordinates":[104.53826,-1.87583]}},{"id":"2472","type":"Feature","properties":{"rate_time":-0.737},"geometry":{"type":"Point","coordinates":[104.53839,-1.87559]}},{"id":"2473","type":"Feature","properties":{"rate_time":-0.582},"geometry":{"type":"Point","coordinates":[104.53854,-1.87537]}},{"id":"2474","type":"Feature","properties":{"rate_time":-0.526},"geometry":{"type":"Point","coordinates":[104.5387,-1.87515]}},{"id":"2475","type":"Feature","properties":{"rate_time":-0.535},"geometry":{"type":"Point","coordinates":[104.53886,-1.87493]}},{"id":"2476","type":"Feature","properties":{"rate_time":-0.619},"geometry":{"type":"Point","coordinates":[104.53899,-1.8747]}},{"id":"2477","type":"Feature","properties":{"rate_time":-0.568},"geometry":{"type":"Point","coordinates":[104.53908,-1.87444]}},{"id":"2478","type":"Feature","properties":{"rate_time":-0.454},"geometry":{"type":"Point","coordinates":[104.53913,-1.87417]}},{"id":"2479","type":"Feature","properties":{"rate_time":-0.377},"geometry":{"type":"Point","coordinates":[104.53923,-1.87392]}},{"id":"2480","type":"Feature","properties":{"rate_time":-0.966},"geometry":{"type":"Point","coordinates":[104.53935,-1.87368]}},{"id":"2481","type":"Feature","properties":{"rate_time":-0.966},"geometry":{"type":"Point","coordinates":[104.5394,-1.87341]}},{"id":"2482","type":"Feature","properties":{"rate_time":-0.604},"geometry":{"type":"Point","coordinates":[104.53943,-1.87314]}},{"id":"2483","type":"Feature","properties":{"rate_time":-0.686},"geometry":{"type":"Point","coordinates":[104.53955,-1.8729]}},{"id":"2484","type":"Feature","properties":{"rate_time":-0.565},"geometry":{"type":"Point","coordinates":[104.53965,-1.87265]}},{"id":"2485","type":"Feature","properties":{"rate_time":-0.704},"geometry":{"type":"Point","coordinates":[104.53978,-1.87241]}},{"id":"2486","type":"Feature","properties":{"rate_time":-0.646},"geometry":{"type":"Point","coordinates":[104.53986,-1.87215]}},{"id":"2487","type":"Feature","properties":{"rate_time":-0.435},"geometry":{"type":"Point","coordinates":[104.5399,-1.87189]}},{"id":"2488","type":"Feature","properties":{"rate_time":-0.635},"geometry":{"type":"Point","coordinates":[104.54002,-1.87136]}},{"id":"2489","type":"Feature","properties":{"rate_time":-0.753},"geometry":{"type":"Point","coordinates":[104.5401,-1.87111]}},{"id":"2490","type":"Feature","properties":{"rate_time":-0.684},"geometry":{"type":"Point","coordinates":[104.54011,-1.87084]}},{"id":"2491","type":"Feature","properties":{"rate_time":-0.501},"geometry":{"type":"Point","coordinates":[104.54008,-1.87057]}},{"id":"2492","type":"Feature","properties":{"rate_time":-0.452},"geometry":{"type":"Point","coordinates":[104.54017,-1.87035]}},{"id":"2493","type":"Feature","properties":{"rate_time":-0.689},"geometry":{"type":"Point","coordinates":[104.54037,-1.87017]}},{"id":"2494","type":"Feature","properties":{"rate_time":-0.609},"geometry":{"type":"Point","coordinates":[104.54043,-1.86991]}},{"id":"2495","type":"Feature","properties":{"rate_time":-0.368},"geometry":{"type":"Point","coordinates":[104.54043,-1.86964]}},{"id":"2496","type":"Feature","properties":{"rate_time":-0.603},"geometry":{"type":"Point","coordinates":[104.54051,-1.86939]}},{"id":"2497","type":"Feature","properties":{"rate_time":-0.286},"geometry":{"type":"Point","coordinates":[104.54062,-1.86914]}},{"id":"2498","type":"Feature","properties":{"rate_time":-0.54},"geometry":{"type":"Point","coordinates":[104.54066,-1.86887]}},{"id":"2499","type":"Feature","properties":{"rate_time":-1.136},"geometry":{"type":"Point","coordinates":[104.54068,-1.8686]}},{"id":"2500","type":"Feature","properties":{"rate_time":-0.592},"geometry":{"type":"Point","coordinates":[104.5407,-1.86833]}},{"id":"2501","type":"Feature","properties":{"rate_time":-0.764},"geometry":{"type":"Point","coordinates":[104.54072,-1.86806]}},{"id":"2502","type":"Feature","properties":{"rate_time":-0.83},"geometry":{"type":"Point","coordinates":[104.54073,-1.86779]}},{"id":"2503","type":"Feature","properties":{"rate_time":-0.966},"geometry":{"type":"Point","coordinates":[104.54074,-1.86752]}},{"id":"2504","type":"Feature","properties":{"rate_time":-1.081},"geometry":{"type":"Point","coordinates":[104.54084,-1.86727]}},{"id":"2505","type":"Feature","properties":{"rate_time":-0.63},"geometry":{"type":"Point","coordinates":[104.54096,-1.86703]}},{"id":"2506","type":"Feature","properties":{"rate_time":-0.75},"geometry":{"type":"Point","coordinates":[104.54111,-1.8668]}},{"id":"2507","type":"Feature","properties":{"rate_time":-2.13},"geometry":{"type":"Point","coordinates":[104.54137,-1.86677]}},{"id":"2508","type":"Feature","properties":{"rate_time":-0.452},"geometry":{"type":"Point","coordinates":[104.53994,-1.87162]}},{"id":"2509","type":"Feature","properties":{"rate_time":-0.522},"geometry":{"type":"Point","coordinates":[104.53994,-1.86437]}},{"id":"2510","type":"Feature","properties":{"rate_time":-0.47},"geometry":{"type":"Point","coordinates":[104.53992,-1.8641]}},{"id":"2511","type":"Feature","properties":{"rate_time":-0.482},"geometry":{"type":"Point","coordinates":[104.53994,-1.86383]}},{"id":"2512","type":"Feature","properties":{"rate_time":-0.227},"geometry":{"type":"Point","coordinates":[104.54,-1.86358]}},{"id":"2513","type":"Feature","properties":{"rate_time":-0.307},"geometry":{"type":"Point","coordinates":[104.53999,-1.86331]}},{"id":"2514","type":"Feature","properties":{"rate_time":-0.092},"geometry":{"type":"Point","coordinates":[104.53988,-1.86281]}},{"id":"2515","type":"Feature","properties":{"rate_time":-0.009},"geometry":{"type":"Point","coordinates":[104.53983,-1.86255]}},{"id":"2516","type":"Feature","properties":{"rate_time":-0.015},"geometry":{"type":"Point","coordinates":[104.53984,-1.86228]}},{"id":"2517","type":"Feature","properties":{"rate_time":-0.367},"geometry":{"type":"Point","coordinates":[104.53985,-1.86201]}},{"id":"2518","type":"Feature","properties":{"rate_time":-2.852},"geometry":{"type":"Point","coordinates":[104.54161,-1.86665]}},{"id":"2519","type":"Feature","properties":{"rate_time":-2.507},"geometry":{"type":"Point","coordinates":[104.54152,-1.86646]}},{"id":"2520","type":"Feature","properties":{"rate_time":-1.337},"geometry":{"type":"Point","coordinates":[104.54132,-1.86628]}},{"id":"2521","type":"Feature","properties":{"rate_time":-0.893},"geometry":{"type":"Point","coordinates":[104.5411,-1.86614]}},{"id":"2522","type":"Feature","properties":{"rate_time":-0.916},"geometry":{"type":"Point","coordinates":[104.54097,-1.8659]}},{"id":"2523","type":"Feature","properties":{"rate_time":-1.072},"geometry":{"type":"Point","coordinates":[104.54081,-1.86569]}},{"id":"2524","type":"Feature","properties":{"rate_time":-0.921},"geometry":{"type":"Point","coordinates":[104.5406,-1.86552]}},{"id":"2525","type":"Feature","properties":{"rate_time":-1.163},"geometry":{"type":"Point","coordinates":[104.5404,-1.86533]}},{"id":"2526","type":"Feature","properties":{"rate_time":-0.547},"geometry":{"type":"Point","coordinates":[104.54024,-1.86512]}},{"id":"2527","type":"Feature","properties":{"rate_time":-0.401},"geometry":{"type":"Point","coordinates":[104.54011,-1.86488]}},{"id":"2528","type":"Feature","properties":{"rate_time":-0.578},"geometry":{"type":"Point","coordinates":[104.54002,-1.86463]}},{"id":"2529","type":"Feature","properties":{"rate_time":0.071},"geometry":{"type":"Point","coordinates":[104.54002,-1.86305]}},{"id":"2530","type":"Feature","properties":{"rate_time":-0.516},"geometry":{"type":"Point","coordinates":[104.5401,-1.86068]}},{"id":"2531","type":"Feature","properties":{"rate_time":-0.495},"geometry":{"type":"Point","coordinates":[104.54019,-1.86043]}},{"id":"2532","type":"Feature","properties":{"rate_time":-0.387},"geometry":{"type":"Point","coordinates":[104.54031,-1.86019]}},{"id":"2533","type":"Feature","properties":{"rate_time":-0.507},"geometry":{"type":"Point","coordinates":[104.54046,-1.85996]}},{"id":"2534","type":"Feature","properties":{"rate_time":-0.346},"geometry":{"type":"Point","coordinates":[104.54061,-1.85974]}},{"id":"2535","type":"Feature","properties":{"rate_time":-0.336},"geometry":{"type":"Point","coordinates":[104.54075,-1.85951]}},{"id":"2536","type":"Feature","properties":{"rate_time":-0.384},"geometry":{"type":"Point","coordinates":[104.54083,-1.85935]}},{"id":"2537","type":"Feature","properties":{"rate_time":-0.51},"geometry":{"type":"Point","coordinates":[104.54097,-1.85912]}},{"id":"2538","type":"Feature","properties":{"rate_time":-0.303},"geometry":{"type":"Point","coordinates":[104.53984,-1.86173]}},{"id":"2539","type":"Feature","properties":{"rate_time":-0.26},"geometry":{"type":"Point","coordinates":[104.53988,-1.86147]}},{"id":"2540","type":"Feature","properties":{"rate_time":-0.171},"geometry":{"type":"Point","coordinates":[104.53994,-1.8612]}},{"id":"2541","type":"Feature","properties":{"rate_time":-0.406},"geometry":{"type":"Point","coordinates":[104.54,-1.86094]}},{"id":"2542","type":"Feature","properties":{"rate_time":-0.635},"geometry":{"type":"Point","coordinates":[104.54111,-1.85889]}},{"id":"2543","type":"Feature","properties":{"rate_time":-0.43},"geometry":{"type":"Point","coordinates":[104.54126,-1.85867]}},{"id":"2544","type":"Feature","properties":{"rate_time":0.024},"geometry":{"type":"Point","coordinates":[104.5414,-1.85843]}},{"id":"2545","type":"Feature","properties":{"rate_time":0.038},"geometry":{"type":"Point","coordinates":[104.54155,-1.85821]}},{"id":"2546","type":"Feature","properties":{"rate_time":-0.075},"geometry":{"type":"Point","coordinates":[104.54173,-1.858]}},{"id":"2547","type":"Feature","properties":{"rate_time":-0.255},"geometry":{"type":"Point","coordinates":[104.5419,-1.8578]}},{"id":"2548","type":"Feature","properties":{"rate_time":-0.63},"geometry":{"type":"Point","coordinates":[104.54215,-1.85772]}},{"id":"2549","type":"Feature","properties":{"rate_time":4.811},"geometry":{"type":"Point","coordinates":[104.56601,-1.85762]}},{"id":"2550","type":"Feature","properties":{"rate_time":4.56},"geometry":{"type":"Point","coordinates":[104.56575,-1.85755]}},{"id":"2551","type":"Feature","properties":{"rate_time":-0.667},"geometry":{"type":"Point","coordinates":[104.54222,-1.85753]}},{"id":"2552","type":"Feature","properties":{"rate_time":4.414},"geometry":{"type":"Point","coordinates":[104.56548,-1.85752]}},{"id":"2553","type":"Feature","properties":{"rate_time":4.377},"geometry":{"type":"Point","coordinates":[104.56521,-1.85746]}},{"id":"2554","type":"Feature","properties":{"rate_time":-1.17},"geometry":{"type":"Point","coordinates":[104.54253,-1.85745]}},{"id":"2555","type":"Feature","properties":{"rate_time":-0.707},"geometry":{"type":"Point","coordinates":[104.54228,-1.85739]}},{"id":"2556","type":"Feature","properties":{"rate_time":4.154},"geometry":{"type":"Point","coordinates":[104.56496,-1.85739]}},{"id":"2557","type":"Feature","properties":{"rate_time":-0.842},"geometry":{"type":"Point","coordinates":[104.54304,-1.85737]}},{"id":"2558","type":"Feature","properties":{"rate_time":-0.76},"geometry":{"type":"Point","coordinates":[104.54278,-1.85735]}},{"id":"2559","type":"Feature","properties":{"rate_time":4.513},"geometry":{"type":"Point","coordinates":[104.56565,-1.85726]}},{"id":"2560","type":"Feature","properties":{"rate_time":-0.149},"geometry":{"type":"Point","coordinates":[104.54325,-1.8572]}},{"id":"2561","type":"Feature","properties":{"rate_time":2.001},"geometry":{"type":"Point","coordinates":[104.56481,-1.85718]}},{"id":"2562","type":"Feature","properties":{"rate_time":1.041},"geometry":{"type":"Point","coordinates":[104.47042,-1.86481]}},{"id":"2563","type":"Feature","properties":{"rate_time":1.285},"geometry":{"type":"Point","coordinates":[104.47069,-1.86478]}},{"id":"2564","type":"Feature","properties":{"rate_time":5.433},"geometry":{"type":"Point","coordinates":[104.47224,-1.86471]}},{"id":"2565","type":"Feature","properties":{"rate_time":0.77},"geometry":{"type":"Point","coordinates":[104.47094,-1.86467]}},{"id":"2566","type":"Feature","properties":{"rate_time":4.912},"geometry":{"type":"Point","coordinates":[104.472,-1.8646]}},{"id":"2567","type":"Feature","properties":{"rate_time":1.297},"geometry":{"type":"Point","coordinates":[104.47119,-1.86459]}},{"id":"2568","type":"Feature","properties":{"rate_time":4.194},"geometry":{"type":"Point","coordinates":[104.47173,-1.86457]}},{"id":"2569","type":"Feature","properties":{"rate_time":3.438},"geometry":{"type":"Point","coordinates":[104.47146,-1.86456]}},{"id":"2570","type":"Feature","properties":{"rate_time":1.322},"geometry":{"type":"Point","coordinates":[104.46921,-1.86208]}},{"id":"2571","type":"Feature","properties":{"rate_time":1.727},"geometry":{"type":"Point","coordinates":[104.46939,-1.86188]}},{"id":"2572","type":"Feature","properties":{"rate_time":0.724},"geometry":{"type":"Point","coordinates":[104.46845,-1.86285]}},{"id":"2573","type":"Feature","properties":{"rate_time":0.812},"geometry":{"type":"Point","coordinates":[104.46865,-1.86267]}},{"id":"2574","type":"Feature","properties":{"rate_time":0.83},"geometry":{"type":"Point","coordinates":[104.46883,-1.86246]}},{"id":"2575","type":"Feature","properties":{"rate_time":1.097},"geometry":{"type":"Point","coordinates":[104.46902,-1.86228]}},{"id":"2576","type":"Feature","properties":{"rate_time":1.446},"geometry":{"type":"Point","coordinates":[104.47488,-1.86999]}},{"id":"2577","type":"Feature","properties":{"rate_time":1.288},"geometry":{"type":"Point","coordinates":[104.47515,-1.86999]}},{"id":"2578","type":"Feature","properties":{"rate_time":1.478},"geometry":{"type":"Point","coordinates":[104.47433,-1.86808]}},{"id":"2579","type":"Feature","properties":{"rate_time":1.907},"geometry":{"type":"Point","coordinates":[104.47445,-1.86784]}},{"id":"2580","type":"Feature","properties":{"rate_time":2.277},"geometry":{"type":"Point","coordinates":[104.47453,-1.86758]}},{"id":"2581","type":"Feature","properties":{"rate_time":3.109},"geometry":{"type":"Point","coordinates":[104.47452,-1.86732]}},{"id":"2582","type":"Feature","properties":{"rate_time":3.436},"geometry":{"type":"Point","coordinates":[104.47438,-1.86709]}},{"id":"2583","type":"Feature","properties":{"rate_time":0.623},"geometry":{"type":"Point","coordinates":[104.47757,-1.85209]}},{"id":"2584","type":"Feature","properties":{"rate_time":0.672},"geometry":{"type":"Point","coordinates":[104.47784,-1.85209]}},{"id":"2585","type":"Feature","properties":{"rate_time":0.635},"geometry":{"type":"Point","coordinates":[104.4773,-1.85208]}},{"id":"2586","type":"Feature","properties":{"rate_time":1.787},"geometry":{"type":"Point","coordinates":[104.46958,-1.86169]}},{"id":"2587","type":"Feature","properties":{"rate_time":1.744},"geometry":{"type":"Point","coordinates":[104.46976,-1.86149]}},{"id":"2588","type":"Feature","properties":{"rate_time":1.684},"geometry":{"type":"Point","coordinates":[104.46995,-1.86129]}},{"id":"2589","type":"Feature","properties":{"rate_time":1.741},"geometry":{"type":"Point","coordinates":[104.47011,-1.86107]}},{"id":"2590","type":"Feature","properties":{"rate_time":1.541},"geometry":{"type":"Point","coordinates":[104.47028,-1.86086]}},{"id":"2591","type":"Feature","properties":{"rate_time":1.266},"geometry":{"type":"Point","coordinates":[104.47043,-1.86064]}},{"id":"2592","type":"Feature","properties":{"rate_time":1.355},"geometry":{"type":"Point","coordinates":[104.47062,-1.86045]}},{"id":"2593","type":"Feature","properties":{"rate_time":1.459},"geometry":{"type":"Point","coordinates":[104.47081,-1.86026]}},{"id":"2594","type":"Feature","properties":{"rate_time":0.932},"geometry":{"type":"Point","coordinates":[104.471,-1.86006]}},{"id":"2595","type":"Feature","properties":{"rate_time":0.933},"geometry":{"type":"Point","coordinates":[104.47118,-1.85986]}},{"id":"2596","type":"Feature","properties":{"rate_time":0.808},"geometry":{"type":"Point","coordinates":[104.47136,-1.85966]}},{"id":"2597","type":"Feature","properties":{"rate_time":0.766},"geometry":{"type":"Point","coordinates":[104.47155,-1.85946]}},{"id":"2598","type":"Feature","properties":{"rate_time":0.871},"geometry":{"type":"Point","coordinates":[104.47174,-1.85927]}},{"id":"2599","type":"Feature","properties":{"rate_time":0.91},"geometry":{"type":"Point","coordinates":[104.47193,-1.85908]}},{"id":"2600","type":"Feature","properties":{"rate_time":0.31},"geometry":{"type":"Point","coordinates":[104.47211,-1.85887]}},{"id":"2601","type":"Feature","properties":{"rate_time":0.331},"geometry":{"type":"Point","coordinates":[104.47226,-1.85865]}},{"id":"2602","type":"Feature","properties":{"rate_time":0.601},"geometry":{"type":"Point","coordinates":[104.47237,-1.85841]}},{"id":"2603","type":"Feature","properties":{"rate_time":1.192},"geometry":{"type":"Point","coordinates":[104.47239,-1.85814]}},{"id":"2604","type":"Feature","properties":{"rate_time":0.958},"geometry":{"type":"Point","coordinates":[104.47235,-1.85787]}},{"id":"2605","type":"Feature","properties":{"rate_time":1.48},"geometry":{"type":"Point","coordinates":[104.47231,-1.8576]}},{"id":"2606","type":"Feature","properties":{"rate_time":1.206},"geometry":{"type":"Point","coordinates":[104.47227,-1.85733]}},{"id":"2607","type":"Feature","properties":{"rate_time":0.803},"geometry":{"type":"Point","coordinates":[104.47225,-1.85706]}},{"id":"2608","type":"Feature","properties":{"rate_time":0.497},"geometry":{"type":"Point","coordinates":[104.47228,-1.85679]}},{"id":"2609","type":"Feature","properties":{"rate_time":0.09},"geometry":{"type":"Point","coordinates":[104.47238,-1.85654]}},{"id":"2610","type":"Feature","properties":{"rate_time":0.086},"geometry":{"type":"Point","coordinates":[104.47255,-1.85634]}},{"id":"2611","type":"Feature","properties":{"rate_time":0.124},"geometry":{"type":"Point","coordinates":[104.4727,-1.85611]}},{"id":"2612","type":"Feature","properties":{"rate_time":0.237},"geometry":{"type":"Point","coordinates":[104.47273,-1.85586]}},{"id":"2613","type":"Feature","properties":{"rate_time":0.759},"geometry":{"type":"Point","coordinates":[104.47265,-1.8556]}},{"id":"2614","type":"Feature","properties":{"rate_time":0.947},"geometry":{"type":"Point","coordinates":[104.47268,-1.85544]}},{"id":"2615","type":"Feature","properties":{"rate_time":1.273},"geometry":{"type":"Point","coordinates":[104.47293,-1.85534]}},{"id":"2616","type":"Feature","properties":{"rate_time":1.528},"geometry":{"type":"Point","coordinates":[104.47316,-1.8552]}},{"id":"2617","type":"Feature","properties":{"rate_time":0.822},"geometry":{"type":"Point","coordinates":[104.47326,-1.85495]}},{"id":"2618","type":"Feature","properties":{"rate_time":1.378},"geometry":{"type":"Point","coordinates":[104.47329,-1.85468]}},{"id":"2619","type":"Feature","properties":{"rate_time":1.376},"geometry":{"type":"Point","coordinates":[104.47327,-1.85441]}},{"id":"2620","type":"Feature","properties":{"rate_time":1.005},"geometry":{"type":"Point","coordinates":[104.47324,-1.85414]}},{"id":"2621","type":"Feature","properties":{"rate_time":0.608},"geometry":{"type":"Point","coordinates":[104.47324,-1.85387]}},{"id":"2622","type":"Feature","properties":{"rate_time":0.39},"geometry":{"type":"Point","coordinates":[104.4733,-1.8536]}},{"id":"2623","type":"Feature","properties":{"rate_time":0.233},"geometry":{"type":"Point","coordinates":[104.47331,-1.85333]}},{"id":"2624","type":"Feature","properties":{"rate_time":0.014},"geometry":{"type":"Point","coordinates":[104.47329,-1.85306]}},{"id":"2625","type":"Feature","properties":{"rate_time":-0.066},"geometry":{"type":"Point","coordinates":[104.47329,-1.85279]}},{"id":"2626","type":"Feature","properties":{"rate_time":0.769},"geometry":{"type":"Point","coordinates":[104.47811,-1.85208]}},{"id":"2627","type":"Feature","properties":{"rate_time":0.591},"geometry":{"type":"Point","coordinates":[104.47704,-1.85204]}},{"id":"2628","type":"Feature","properties":{"rate_time":0.684},"geometry":{"type":"Point","coordinates":[104.47837,-1.85202]}},{"id":"2629","type":"Feature","properties":{"rate_time":0.532},"geometry":{"type":"Point","coordinates":[104.47678,-1.85197]}},{"id":"2630","type":"Feature","properties":{"rate_time":0.488},"geometry":{"type":"Point","coordinates":[104.47651,-1.85192]}},{"id":"2631","type":"Feature","properties":{"rate_time":0.489},"geometry":{"type":"Point","coordinates":[104.47862,-1.85192]}},{"id":"2632","type":"Feature","properties":{"rate_time":0.474},"geometry":{"type":"Point","coordinates":[104.47624,-1.85189]}},{"id":"2633","type":"Feature","properties":{"rate_time":0.559},"geometry":{"type":"Point","coordinates":[104.47598,-1.85186]}},{"id":"2634","type":"Feature","properties":{"rate_time":0.711},"geometry":{"type":"Point","coordinates":[104.47571,-1.85181]}},{"id":"2635","type":"Feature","properties":{"rate_time":0.655},"geometry":{"type":"Point","coordinates":[104.47546,-1.85171]}},{"id":"2636","type":"Feature","properties":{"rate_time":-0.111},"geometry":{"type":"Point","coordinates":[104.47321,-1.85254]}},{"id":"2637","type":"Feature","properties":{"rate_time":-0.242},"geometry":{"type":"Point","coordinates":[104.47308,-1.8523]}},{"id":"2638","type":"Feature","properties":{"rate_time":-0.101},"geometry":{"type":"Point","coordinates":[104.47291,-1.85209]}},{"id":"2639","type":"Feature","properties":{"rate_time":-0.129},"geometry":{"type":"Point","coordinates":[104.47266,-1.852]}},{"id":"2640","type":"Feature","properties":{"rate_time":-0.013},"geometry":{"type":"Point","coordinates":[104.47244,-1.85184]}},{"id":"2641","type":"Feature","properties":{"rate_time":-0.025},"geometry":{"type":"Point","coordinates":[104.47221,-1.85169]}},{"id":"2642","type":"Feature","properties":{"rate_time":0.03},"geometry":{"type":"Point","coordinates":[104.472,-1.85153]}},{"id":"2643","type":"Feature","properties":{"rate_time":0.519},"geometry":{"type":"Point","coordinates":[104.47422,-1.85129]}},{"id":"2644","type":"Feature","properties":{"rate_time":0.462},"geometry":{"type":"Point","coordinates":[104.47398,-1.85116]}},{"id":"2645","type":"Feature","properties":{"rate_time":0.456},"geometry":{"type":"Point","coordinates":[104.47373,-1.85106]}},{"id":"2646","type":"Feature","properties":{"rate_time":0.458},"geometry":{"type":"Point","coordinates":[104.47522,-1.8516]}},{"id":"2647","type":"Feature","properties":{"rate_time":0.535},"geometry":{"type":"Point","coordinates":[104.47498,-1.85148]}},{"id":"2648","type":"Feature","properties":{"rate_time":0.379},"geometry":{"type":"Point","coordinates":[104.47475,-1.85135]}},{"id":"2649","type":"Feature","properties":{"rate_time":0.388},"geometry":{"type":"Point","coordinates":[104.47448,-1.85134]}},{"id":"2650","type":"Feature","properties":{"rate_time":4.657},"geometry":{"type":"Point","coordinates":[104.56582,-1.85709]}},{"id":"2651","type":"Feature","properties":{"rate_time":4.46},"geometry":{"type":"Point","coordinates":[104.56547,-1.85706]}},{"id":"2652","type":"Feature","properties":{"rate_time":-0.195},"geometry":{"type":"Point","coordinates":[104.54347,-1.85704]}},{"id":"2653","type":"Feature","properties":{"rate_time":2.1},"geometry":{"type":"Point","coordinates":[104.56496,-1.85702]}},{"id":"2654","type":"Feature","properties":{"rate_time":4.229},"geometry":{"type":"Point","coordinates":[104.56523,-1.857]}},{"id":"2655","type":"Feature","properties":{"rate_time":-1.189},"geometry":{"type":"Point","coordinates":[104.54371,-1.85692]}},{"id":"2656","type":"Feature","properties":{"rate_time":-2.248},"geometry":{"type":"Point","coordinates":[104.54396,-1.85682]}},{"id":"2657","type":"Feature","properties":{"rate_time":-1.79},"geometry":{"type":"Point","coordinates":[104.54421,-1.85674]}},{"id":"2658","type":"Feature","properties":{"rate_time":-1.902},"geometry":{"type":"Point","coordinates":[104.54446,-1.85664]}},{"id":"2659","type":"Feature","properties":{"rate_time":2.516},"geometry":{"type":"Point","coordinates":[104.5656,-1.85656]}},{"id":"2660","type":"Feature","properties":{"rate_time":2.638},"geometry":{"type":"Point","coordinates":[104.56587,-1.85655]}},{"id":"2661","type":"Feature","properties":{"rate_time":0.068},"geometry":{"type":"Point","coordinates":[104.56284,-1.85654]}},{"id":"2662","type":"Feature","properties":{"rate_time":0.225},"geometry":{"type":"Point","coordinates":[104.56309,-1.85653]}},{"id":"2663","type":"Feature","properties":{"rate_time":-2.062},"geometry":{"type":"Point","coordinates":[104.5447,-1.85651]}},{"id":"2664","type":"Feature","properties":{"rate_time":2.411},"geometry":{"type":"Point","coordinates":[104.56536,-1.85651]}},{"id":"2665","type":"Feature","properties":{"rate_time":0.865},"geometry":{"type":"Point","coordinates":[104.56352,-1.85643]}},{"id":"2666","type":"Feature","properties":{"rate_time":0.146},"geometry":{"type":"Point","coordinates":[104.5626,-1.85643]}},{"id":"2667","type":"Feature","properties":{"rate_time":-2.21},"geometry":{"type":"Point","coordinates":[104.54494,-1.85638]}},{"id":"2668","type":"Feature","properties":{"rate_time":2.448},"geometry":{"type":"Point","coordinates":[104.56519,-1.8563]}},{"id":"2669","type":"Feature","properties":{"rate_time":2.021},"geometry":{"type":"Point","coordinates":[104.56468,-1.85629]}},{"id":"2670","type":"Feature","properties":{"rate_time":1.086},"geometry":{"type":"Point","coordinates":[104.56374,-1.85627]}},{"id":"2671","type":"Feature","properties":{"rate_time":0.128},"geometry":{"type":"Point","coordinates":[104.56238,-1.85627]}},{"id":"2672","type":"Feature","properties":{"rate_time":2.295},"geometry":{"type":"Point","coordinates":[104.56493,-1.85623]}},{"id":"2673","type":"Feature","properties":{"rate_time":1.792},"geometry":{"type":"Point","coordinates":[104.56444,-1.85622]}},{"id":"2674","type":"Feature","properties":{"rate_time":-2.207},"geometry":{"type":"Point","coordinates":[104.54511,-1.85618]}},{"id":"2675","type":"Feature","properties":{"rate_time":1.433},"geometry":{"type":"Point","coordinates":[104.56396,-1.85612]}},{"id":"2676","type":"Feature","properties":{"rate_time":0.086},"geometry":{"type":"Point","coordinates":[104.56216,-1.85611]}},{"id":"2677","type":"Feature","properties":{"rate_time":1.646},"geometry":{"type":"Point","coordinates":[104.5642,-1.8561]}},{"id":"2678","type":"Feature","properties":{"rate_time":-2.172},"geometry":{"type":"Point","coordinates":[104.54529,-1.85602]}},{"id":"2679","type":"Feature","properties":{"rate_time":-2.265},"geometry":{"type":"Point","coordinates":[104.54555,-1.85596]}},{"id":"2680","type":"Feature","properties":{"rate_time":0.112},"geometry":{"type":"Point","coordinates":[104.56194,-1.85596]}},{"id":"2681","type":"Feature","properties":{"rate_time":-2.981},"geometry":{"type":"Point","coordinates":[104.54581,-1.8559]}},{"id":"2682","type":"Feature","properties":{"rate_time":0.162},"geometry":{"type":"Point","coordinates":[104.56188,-1.85589]}},{"id":"2683","type":"Feature","properties":{"rate_time":-2.823},"geometry":{"type":"Point","coordinates":[104.54607,-1.85583]}},{"id":"2684","type":"Feature","properties":{"rate_time":-2.629},"geometry":{"type":"Point","coordinates":[104.54631,-1.85571]}},{"id":"2685","type":"Feature","properties":{"rate_time":0.241},"geometry":{"type":"Point","coordinates":[104.56175,-1.85566]}},{"id":"2686","type":"Feature","properties":{"rate_time":-2.431},"geometry":{"type":"Point","coordinates":[104.54656,-1.85562]}},{"id":"2687","type":"Feature","properties":{"rate_time":-2.477},"geometry":{"type":"Point","coordinates":[104.54681,-1.85552]}},{"id":"2688","type":"Feature","properties":{"rate_time":0.207},"geometry":{"type":"Point","coordinates":[104.5616,-1.85543]}},{"id":"2689","type":"Feature","properties":{"rate_time":-2.473},"geometry":{"type":"Point","coordinates":[104.54705,-1.85539]}},{"id":"2690","type":"Feature","properties":{"rate_time":-2.396},"geometry":{"type":"Point","coordinates":[104.54729,-1.85526]}},{"id":"2691","type":"Feature","properties":{"rate_time":0.07},"geometry":{"type":"Point","coordinates":[104.56141,-1.85524]}},{"id":"2692","type":"Feature","properties":{"rate_time":-1.692},"geometry":{"type":"Point","coordinates":[104.54753,-1.85514]}},{"id":"2693","type":"Feature","properties":{"rate_time":0.671},"geometry":{"type":"Point","coordinates":[104.56118,-1.85513]}},{"id":"2694","type":"Feature","properties":{"rate_time":0.58},"geometry":{"type":"Point","coordinates":[104.56092,-1.85506]}},{"id":"2695","type":"Feature","properties":{"rate_time":-1.56},"geometry":{"type":"Point","coordinates":[104.54775,-1.85499]}},{"id":"2696","type":"Feature","properties":{"rate_time":0.276},"geometry":{"type":"Point","coordinates":[104.56066,-1.85498]}},{"id":"2697","type":"Feature","properties":{"rate_time":0.13},"geometry":{"type":"Point","coordinates":[104.56039,-1.85492]}},{"id":"2698","type":"Feature","properties":{"rate_time":-1.366},"geometry":{"type":"Point","coordinates":[104.54791,-1.85479]}},{"id":"2699","type":"Feature","properties":{"rate_time":0.023},"geometry":{"type":"Point","coordinates":[104.56017,-1.85479]}},{"id":"2700","type":"Feature","properties":{"rate_time":-1.198},"geometry":{"type":"Point","coordinates":[104.54818,-1.85473]}},{"id":"2701","type":"Feature","properties":{"rate_time":-1.003},"geometry":{"type":"Point","coordinates":[104.54843,-1.85464]}},{"id":"2702","type":"Feature","properties":{"rate_time":0.028},"geometry":{"type":"Point","coordinates":[104.56,-1.85458]}},{"id":"2703","type":"Feature","properties":{"rate_time":-0.728},"geometry":{"type":"Point","coordinates":[104.54866,-1.85451]}},{"id":"2704","type":"Feature","properties":{"rate_time":-0.525},"geometry":{"type":"Point","coordinates":[104.54893,-1.85449]}},{"id":"2705","type":"Feature","properties":{"rate_time":-0.202},"geometry":{"type":"Point","coordinates":[104.54917,-1.85439]}},{"id":"2706","type":"Feature","properties":{"rate_time":0.165},"geometry":{"type":"Point","coordinates":[104.55994,-1.85433]}},{"id":"2707","type":"Feature","properties":{"rate_time":0.227},"geometry":{"type":"Point","coordinates":[104.54942,-1.85428]}},{"id":"2708","type":"Feature","properties":{"rate_time":0.294},"geometry":{"type":"Point","coordinates":[104.54967,-1.85417]}},{"id":"2709","type":"Feature","properties":{"rate_time":0.367},"geometry":{"type":"Point","coordinates":[104.55994,-1.85406]}},{"id":"2710","type":"Feature","properties":{"rate_time":0.473},"geometry":{"type":"Point","coordinates":[104.54986,-1.85399]}},{"id":"2711","type":"Feature","properties":{"rate_time":-1.542},"geometry":{"type":"Point","coordinates":[104.55997,-1.8538]}},{"id":"2712","type":"Feature","properties":{"rate_time":-0.473},"geometry":{"type":"Point","coordinates":[104.55001,-1.85377]}},{"id":"2713","type":"Feature","properties":{"rate_time":0.774},"geometry":{"type":"Point","coordinates":[104.55072,-1.85365]}},{"id":"2714","type":"Feature","properties":{"rate_time":1.576},"geometry":{"type":"Point","coordinates":[104.55115,-1.8536]}},{"id":"2715","type":"Feature","properties":{"rate_time":0.069},"geometry":{"type":"Point","coordinates":[104.55046,-1.85359]}},{"id":"2716","type":"Feature","properties":{"rate_time":-0.072},"geometry":{"type":"Point","coordinates":[104.55019,-1.85359]}},{"id":"2717","type":"Feature","properties":{"rate_time":-1.388},"geometry":{"type":"Point","coordinates":[104.56004,-1.85354]}},{"id":"2718","type":"Feature","properties":{"rate_time":2.321},"geometry":{"type":"Point","coordinates":[104.55141,-1.85351]}},{"id":"2719","type":"Feature","properties":{"rate_time":2.763},"geometry":{"type":"Point","coordinates":[104.55166,-1.85343]}},{"id":"2720","type":"Feature","properties":{"rate_time":1.797},"geometry":{"type":"Point","coordinates":[104.5519,-1.85331]}},{"id":"2721","type":"Feature","properties":{"rate_time":-1.487},"geometry":{"type":"Point","coordinates":[104.55993,-1.85331]}},{"id":"2722","type":"Feature","properties":{"rate_time":1.93},"geometry":{"type":"Point","coordinates":[104.55217,-1.85328]}},{"id":"2723","type":"Feature","properties":{"rate_time":-1.645},"geometry":{"type":"Point","coordinates":[104.5597,-1.85319]}},{"id":"2724","type":"Feature","properties":{"rate_time":2.27},"geometry":{"type":"Point","coordinates":[104.55242,-1.85318]}},{"id":"2725","type":"Feature","properties":{"rate_time":2.702},"geometry":{"type":"Point","coordinates":[104.5526,-1.85309]}},{"id":"2726","type":"Feature","properties":{"rate_time":1.8},"geometry":{"type":"Point","coordinates":[104.55286,-1.853]}},{"id":"2727","type":"Feature","properties":{"rate_time":-1.613},"geometry":{"type":"Point","coordinates":[104.55951,-1.853]}},{"id":"2728","type":"Feature","properties":{"rate_time":2.375},"geometry":{"type":"Point","coordinates":[104.55312,-1.85293]}},{"id":"2729","type":"Feature","properties":{"rate_time":-1.541},"geometry":{"type":"Point","coordinates":[104.55927,-1.85286]}},{"id":"2730","type":"Feature","properties":{"rate_time":2.948},"geometry":{"type":"Point","coordinates":[104.55337,-1.85285]}},{"id":"2731","type":"Feature","properties":{"rate_time":-1.272},"geometry":{"type":"Point","coordinates":[104.55902,-1.85276]}},{"id":"2732","type":"Feature","properties":{"rate_time":-1.484},"geometry":{"type":"Point","coordinates":[104.55822,-1.85275]}},{"id":"2733","type":"Feature","properties":{"rate_time":3.611},"geometry":{"type":"Point","coordinates":[104.55362,-1.85274]}},{"id":"2734","type":"Feature","properties":{"rate_time":-1.284},"geometry":{"type":"Point","coordinates":[104.55876,-1.85273]}},{"id":"2735","type":"Feature","properties":{"rate_time":-2.01},"geometry":{"type":"Point","coordinates":[104.55849,-1.85273]}},{"id":"2736","type":"Feature","properties":{"rate_time":-0.421},"geometry":{"type":"Point","coordinates":[104.55796,-1.8527]}},{"id":"2737","type":"Feature","properties":{"rate_time":-0.414},"geometry":{"type":"Point","coordinates":[104.5577,-1.85265]}},{"id":"2738","type":"Feature","properties":{"rate_time":1.291},"geometry":{"type":"Point","coordinates":[104.55384,-1.85259]}},{"id":"2739","type":"Feature","properties":{"rate_time":-0.412},"geometry":{"type":"Point","coordinates":[104.55746,-1.85256]}},{"id":"2740","type":"Feature","properties":{"rate_time":-0.524},"geometry":{"type":"Point","coordinates":[104.55631,-1.85238]}},{"id":"2741","type":"Feature","properties":{"rate_time":1.577},"geometry":{"type":"Point","coordinates":[104.554,-1.85237]}},{"id":"2742","type":"Feature","properties":{"rate_time":-0.608},"geometry":{"type":"Point","coordinates":[104.55658,-1.85236]}},{"id":"2743","type":"Feature","properties":{"rate_time":-0.104},"geometry":{"type":"Point","coordinates":[104.55685,-1.85233]}},{"id":"2744","type":"Feature","properties":{"rate_time":-0.37},"geometry":{"type":"Point","coordinates":[104.55605,-1.85233]}},{"id":"2745","type":"Feature","properties":{"rate_time":-0.228},"geometry":{"type":"Point","coordinates":[104.55734,-1.85232]}},{"id":"2746","type":"Feature","properties":{"rate_time":-0.126},"geometry":{"type":"Point","coordinates":[104.55711,-1.85229]}},{"id":"2747","type":"Feature","properties":{"rate_time":-0.155},"geometry":{"type":"Point","coordinates":[104.5558,-1.85224]}},{"id":"2748","type":"Feature","properties":{"rate_time":2.432},"geometry":{"type":"Point","coordinates":[104.55419,-1.85222]}},{"id":"2749","type":"Feature","properties":{"rate_time":1.622},"geometry":{"type":"Point","coordinates":[104.55553,-1.85219]}},{"id":"2750","type":"Feature","properties":{"rate_time":2.328},"geometry":{"type":"Point","coordinates":[104.55446,-1.85218]}},{"id":"2751","type":"Feature","properties":{"rate_time":1.895},"geometry":{"type":"Point","coordinates":[104.55526,-1.85216]}},{"id":"2752","type":"Feature","properties":{"rate_time":2.188},"geometry":{"type":"Point","coordinates":[104.55472,-1.85215]}},{"id":"2753","type":"Feature","properties":{"rate_time":2.083},"geometry":{"type":"Point","coordinates":[104.55499,-1.85214]}},{"id":"2754","type":"Feature","properties":{"rate_time":0.396},"geometry":{"type":"Point","coordinates":[104.47351,-1.85091]}},{"id":"2755","type":"Feature","properties":{"rate_time":0.284},"geometry":{"type":"Point","coordinates":[104.47326,-1.85081]}},{"id":"2756","type":"Feature","properties":{"rate_time":0.313},"geometry":{"type":"Point","coordinates":[104.47301,-1.85073]}},{"id":"2757","type":"Feature","properties":{"rate_time":0.275},"geometry":{"type":"Point","coordinates":[104.47278,-1.8506]}},{"id":"2758","type":"Feature","properties":{"rate_time":-0.525},"geometry":{"type":"Point","coordinates":[104.47993,-1.85097]}},{"id":"2759","type":"Feature","properties":{"rate_time":-0.638},"geometry":{"type":"Point","coordinates":[104.48014,-1.8508]}},{"id":"2760","type":"Feature","properties":{"rate_time":-0.742},"geometry":{"type":"Point","coordinates":[104.48031,-1.85059]}},{"id":"2761","type":"Feature","properties":{"rate_time":-0.735},"geometry":{"type":"Point","coordinates":[104.48047,-1.85038]}},{"id":"2762","type":"Feature","properties":{"rate_time":-0.725},"geometry":{"type":"Point","coordinates":[104.48062,-1.85015]}},{"id":"2763","type":"Feature","properties":{"rate_time":-0.757},"geometry":{"type":"Point","coordinates":[104.48075,-1.84991]}},{"id":"2764","type":"Feature","properties":{"rate_time":-0.821},"geometry":{"type":"Point","coordinates":[104.48087,-1.84967]}},{"id":"2765","type":"Feature","properties":{"rate_time":-0.871},"geometry":{"type":"Point","coordinates":[104.481,-1.84943]}},{"id":"2766","type":"Feature","properties":{"rate_time":-0.846},"geometry":{"type":"Point","coordinates":[104.4811,-1.84918]}},{"id":"2767","type":"Feature","properties":{"rate_time":-0.974},"geometry":{"type":"Point","coordinates":[104.48117,-1.84892]}},{"id":"2768","type":"Feature","properties":{"rate_time":-0.97},"geometry":{"type":"Point","coordinates":[104.48124,-1.84866]}},{"id":"2769","type":"Feature","properties":{"rate_time":-0.988},"geometry":{"type":"Point","coordinates":[104.48135,-1.84841]}},{"id":"2770","type":"Feature","properties":{"rate_time":-1.224},"geometry":{"type":"Point","coordinates":[104.48142,-1.84815]}},{"id":"2771","type":"Feature","properties":{"rate_time":-1.389},"geometry":{"type":"Point","coordinates":[104.48149,-1.84788]}},{"id":"2772","type":"Feature","properties":{"rate_time":-1.431},"geometry":{"type":"Point","coordinates":[104.48159,-1.84763]}},{"id":"2773","type":"Feature","properties":{"rate_time":-1.33},"geometry":{"type":"Point","coordinates":[104.48169,-1.84738]}},{"id":"2774","type":"Feature","properties":{"rate_time":-0.931},"geometry":{"type":"Point","coordinates":[104.48184,-1.84715]}},{"id":"2775","type":"Feature","properties":{"rate_time":-0.761},"geometry":{"type":"Point","coordinates":[104.48192,-1.8469]}},{"id":"2776","type":"Feature","properties":{"rate_time":-0.79},"geometry":{"type":"Point","coordinates":[104.48196,-1.84663]}},{"id":"2777","type":"Feature","properties":{"rate_time":-0.832},"geometry":{"type":"Point","coordinates":[104.482,-1.84636]}},{"id":"2778","type":"Feature","properties":{"rate_time":-0.971},"geometry":{"type":"Point","coordinates":[104.48205,-1.84609]}},{"id":"2779","type":"Feature","properties":{"rate_time":-1.003},"geometry":{"type":"Point","coordinates":[104.48211,-1.84583]}},{"id":"2780","type":"Feature","properties":{"rate_time":-1.072},"geometry":{"type":"Point","coordinates":[104.48216,-1.84556]}},{"id":"2781","type":"Feature","properties":{"rate_time":-1.22},"geometry":{"type":"Point","coordinates":[104.48222,-1.8453]}},{"id":"2782","type":"Feature","properties":{"rate_time":-1.345},"geometry":{"type":"Point","coordinates":[104.48229,-1.84504]}},{"id":"2783","type":"Feature","properties":{"rate_time":-1.401},"geometry":{"type":"Point","coordinates":[104.48236,-1.84478]}},{"id":"2784","type":"Feature","properties":{"rate_time":-1.322},"geometry":{"type":"Point","coordinates":[104.4824,-1.84451]}},{"id":"2785","type":"Feature","properties":{"rate_time":-1.266},"geometry":{"type":"Point","coordinates":[104.4824,-1.84424]}},{"id":"2786","type":"Feature","properties":{"rate_time":-1.3},"geometry":{"type":"Point","coordinates":[104.48243,-1.84397]}},{"id":"2787","type":"Feature","properties":{"rate_time":-1.318},"geometry":{"type":"Point","coordinates":[104.48245,-1.8437]}},{"id":"2788","type":"Feature","properties":{"rate_time":-1.406},"geometry":{"type":"Point","coordinates":[104.48247,-1.84343]}},{"id":"2789","type":"Feature","properties":{"rate_time":-1.31},"geometry":{"type":"Point","coordinates":[104.4825,-1.84316]}},{"id":"2790","type":"Feature","properties":{"rate_time":-1.176},"geometry":{"type":"Point","coordinates":[104.48251,-1.84289]}},{"id":"2791","type":"Feature","properties":{"rate_time":-1.066},"geometry":{"type":"Point","coordinates":[104.48251,-1.84261]}},{"id":"2792","type":"Feature","properties":{"rate_time":-1.056},"geometry":{"type":"Point","coordinates":[104.48252,-1.84234]}},{"id":"2793","type":"Feature","properties":{"rate_time":-1.051},"geometry":{"type":"Point","coordinates":[104.48253,-1.84207]}},{"id":"2794","type":"Feature","properties":{"rate_time":-0.994},"geometry":{"type":"Point","coordinates":[104.48252,-1.8418]}},{"id":"2795","type":"Feature","properties":{"rate_time":-1.122},"geometry":{"type":"Point","coordinates":[104.48255,-1.84153]}},{"id":"2796","type":"Feature","properties":{"rate_time":-1.161},"geometry":{"type":"Point","coordinates":[104.48258,-1.84126]}},{"id":"2797","type":"Feature","properties":{"rate_time":-1.211},"geometry":{"type":"Point","coordinates":[104.48264,-1.841]}},{"id":"2798","type":"Feature","properties":{"rate_time":-1.216},"geometry":{"type":"Point","coordinates":[104.48276,-1.84076]}},{"id":"2799","type":"Feature","properties":{"rate_time":-1.198},"geometry":{"type":"Point","coordinates":[104.48282,-1.8405]}},{"id":"2800","type":"Feature","properties":{"rate_time":-1.206},"geometry":{"type":"Point","coordinates":[104.48286,-1.84024]}},{"id":"2801","type":"Feature","properties":{"rate_time":-0.995},"geometry":{"type":"Point","coordinates":[104.48305,-1.84005]}},{"id":"2802","type":"Feature","properties":{"rate_time":-0.68},"geometry":{"type":"Point","coordinates":[104.48314,-1.8398]}},{"id":"2803","type":"Feature","properties":{"rate_time":0.098},"geometry":{"type":"Point","coordinates":[104.48327,-1.83957]}},{"id":"2804","type":"Feature","properties":{"rate_time":1.311},"geometry":{"type":"Point","coordinates":[104.48347,-1.8394]}},{"id":"2805","type":"Feature","properties":{"rate_time":2.039},"geometry":{"type":"Point","coordinates":[104.48373,-1.83931]}},{"id":"2806","type":"Feature","properties":{"rate_time":2.865},"geometry":{"type":"Point","coordinates":[104.48398,-1.83924]}},{"id":"2807","type":"Feature","properties":{"rate_time":2.353},"geometry":{"type":"Point","coordinates":[104.48415,-1.83903]}},{"id":"2808","type":"Feature","properties":{"rate_time":2.181},"geometry":{"type":"Point","coordinates":[104.48426,-1.83879]}},{"id":"2809","type":"Feature","properties":{"rate_time":2.218},"geometry":{"type":"Point","coordinates":[104.48429,-1.83852]}},{"id":"2810","type":"Feature","properties":{"rate_time":1.996},"geometry":{"type":"Point","coordinates":[104.48428,-1.83825]}},{"id":"2811","type":"Feature","properties":{"rate_time":1.837},"geometry":{"type":"Point","coordinates":[104.48431,-1.83799]}},{"id":"2812","type":"Feature","properties":{"rate_time":1.629},"geometry":{"type":"Point","coordinates":[104.48437,-1.83772]}},{"id":"2813","type":"Feature","properties":{"rate_time":1.907},"geometry":{"type":"Point","coordinates":[104.48441,-1.83746]}},{"id":"2814","type":"Feature","properties":{"rate_time":1.795},"geometry":{"type":"Point","coordinates":[104.48444,-1.83719]}},{"id":"2815","type":"Feature","properties":{"rate_time":1.706},"geometry":{"type":"Point","coordinates":[104.48449,-1.83692]}},{"id":"2816","type":"Feature","properties":{"rate_time":1.511},"geometry":{"type":"Point","coordinates":[104.48452,-1.83665]}},{"id":"2817","type":"Feature","properties":{"rate_time":1.479},"geometry":{"type":"Point","coordinates":[104.48457,-1.83639]}},{"id":"2818","type":"Feature","properties":{"rate_time":1.438},"geometry":{"type":"Point","coordinates":[104.48459,-1.83611]}},{"id":"2819","type":"Feature","properties":{"rate_time":1.442},"geometry":{"type":"Point","coordinates":[104.48459,-1.83584]}},{"id":"2820","type":"Feature","properties":{"rate_time":1.341},"geometry":{"type":"Point","coordinates":[104.48456,-1.83557]}},{"id":"2821","type":"Feature","properties":{"rate_time":0.523},"geometry":{"type":"Point","coordinates":[104.48454,-1.8353]}},{"id":"2822","type":"Feature","properties":{"rate_time":-0.167},"geometry":{"type":"Point","coordinates":[104.48453,-1.83503]}},{"id":"2823","type":"Feature","properties":{"rate_time":-0.71},"geometry":{"type":"Point","coordinates":[104.4845,-1.83477]}},{"id":"2824","type":"Feature","properties":{"rate_time":-0.777},"geometry":{"type":"Point","coordinates":[104.48445,-1.8345]}},{"id":"2825","type":"Feature","properties":{"rate_time":-0.637},"geometry":{"type":"Point","coordinates":[104.48443,-1.83423]}},{"id":"2826","type":"Feature","properties":{"rate_time":-0.438},"geometry":{"type":"Point","coordinates":[104.48434,-1.83398]}},{"id":"2827","type":"Feature","properties":{"rate_time":-0.222},"geometry":{"type":"Point","coordinates":[104.48419,-1.83376]}},{"id":"2828","type":"Feature","properties":{"rate_time":-0.012},"geometry":{"type":"Point","coordinates":[104.48401,-1.83355]}},{"id":"2829","type":"Feature","properties":{"rate_time":0.098},"geometry":{"type":"Point","coordinates":[104.48382,-1.83336]}},{"id":"2830","type":"Feature","properties":{"rate_time":0.151},"geometry":{"type":"Point","coordinates":[104.48362,-1.83318]}},{"id":"2831","type":"Feature","properties":{"rate_time":-0.219},"geometry":{"type":"Point","coordinates":[104.48504,-1.83315]}},{"id":"2832","type":"Feature","properties":{"rate_time":-0.433},"geometry":{"type":"Point","coordinates":[104.48531,-1.83315]}},{"id":"2833","type":"Feature","properties":{"rate_time":-0.022},"geometry":{"type":"Point","coordinates":[104.48478,-1.83306]}},{"id":"2834","type":"Feature","properties":{"rate_time":0.165},"geometry":{"type":"Point","coordinates":[104.48341,-1.83301]}},{"id":"2835","type":"Feature","properties":{"rate_time":-0.638},"geometry":{"type":"Point","coordinates":[104.48553,-1.83299]}},{"id":"2836","type":"Feature","properties":{"rate_time":-0.112},"geometry":{"type":"Point","coordinates":[104.48456,-1.83291]}},{"id":"2837","type":"Feature","properties":{"rate_time":0.184},"geometry":{"type":"Point","coordinates":[104.48321,-1.83283]}},{"id":"2838","type":"Feature","properties":{"rate_time":-0.577},"geometry":{"type":"Point","coordinates":[104.48573,-1.83281]}},{"id":"2839","type":"Feature","properties":{"rate_time":-0.098},"geometry":{"type":"Point","coordinates":[104.48433,-1.83276]}},{"id":"2840","type":"Feature","properties":{"rate_time":-0.565},"geometry":{"type":"Point","coordinates":[104.48594,-1.83265]}},{"id":"2841","type":"Feature","properties":{"rate_time":-0.085},"geometry":{"type":"Point","coordinates":[104.48411,-1.83261]}},{"id":"2842","type":"Feature","properties":{"rate_time":-0.544},"geometry":{"type":"Point","coordinates":[104.48616,-1.83249]}},{"id":"2843","type":"Feature","properties":{"rate_time":-0.1},"geometry":{"type":"Point","coordinates":[104.48389,-1.83245]}},{"id":"2844","type":"Feature","properties":{"rate_time":-0.503},"geometry":{"type":"Point","coordinates":[104.48636,-1.8323]}},{"id":"2845","type":"Feature","properties":{"rate_time":0.008},"geometry":{"type":"Point","coordinates":[104.48367,-1.83229]}},{"id":"2846","type":"Feature","properties":{"rate_time":0.15},"geometry":{"type":"Point","coordinates":[104.48345,-1.83214]}},{"id":"2847","type":"Feature","properties":{"rate_time":-0.482},"geometry":{"type":"Point","coordinates":[104.48656,-1.83212]}},{"id":"2848","type":"Feature","properties":{"rate_time":-0.447},"geometry":{"type":"Point","coordinates":[104.48675,-1.83192]}},{"id":"2849","type":"Feature","properties":{"rate_time":-0.527},"geometry":{"type":"Point","coordinates":[104.48691,-1.83171]}},{"id":"2850","type":"Feature","properties":{"rate_time":-0.64},"geometry":{"type":"Point","coordinates":[104.48703,-1.83148]}},{"id":"2851","type":"Feature","properties":{"rate_time":-0.632},"geometry":{"type":"Point","coordinates":[104.48715,-1.83124]}},{"id":"2852","type":"Feature","properties":{"rate_time":-0.819},"geometry":{"type":"Point","coordinates":[104.48836,-1.83038]}},{"id":"2853","type":"Feature","properties":{"rate_time":-0.919},"geometry":{"type":"Point","coordinates":[104.48842,-1.83012]}},{"id":"2854","type":"Feature","properties":{"rate_time":-1.015},"geometry":{"type":"Point","coordinates":[104.48854,-1.82988]}},{"id":"2855","type":"Feature","properties":{"rate_time":-1.21},"geometry":{"type":"Point","coordinates":[104.48864,-1.82963]}},{"id":"2856","type":"Feature","properties":{"rate_time":-1.436},"geometry":{"type":"Point","coordinates":[104.48871,-1.82937]}},{"id":"2857","type":"Feature","properties":{"rate_time":-1.786},"geometry":{"type":"Point","coordinates":[104.48883,-1.82913]}},{"id":"2858","type":"Feature","properties":{"rate_time":-1.681},"geometry":{"type":"Point","coordinates":[104.48893,-1.82887]}},{"id":"2859","type":"Feature","properties":{"rate_time":-1.474},"geometry":{"type":"Point","coordinates":[104.48903,-1.82862]}},{"id":"2860","type":"Feature","properties":{"rate_time":-1.348},"geometry":{"type":"Point","coordinates":[104.48916,-1.82838]}},{"id":"2861","type":"Feature","properties":{"rate_time":-1.396},"geometry":{"type":"Point","coordinates":[104.48927,-1.82814]}},{"id":"2862","type":"Feature","properties":{"rate_time":-1.34},"geometry":{"type":"Point","coordinates":[104.48941,-1.8279]}},{"id":"2863","type":"Feature","properties":{"rate_time":-1.232},"geometry":{"type":"Point","coordinates":[104.48958,-1.82769]}},{"id":"2864","type":"Feature","properties":{"rate_time":-1.212},"geometry":{"type":"Point","coordinates":[104.48975,-1.82748]}},{"id":"2865","type":"Feature","properties":{"rate_time":-1.331},"geometry":{"type":"Point","coordinates":[104.48989,-1.82725]}},{"id":"2866","type":"Feature","properties":{"rate_time":-1.195},"geometry":{"type":"Point","coordinates":[104.49001,-1.82701]}},{"id":"2867","type":"Feature","properties":{"rate_time":-1.12},"geometry":{"type":"Point","coordinates":[104.49017,-1.82679]}},{"id":"2868","type":"Feature","properties":{"rate_time":-1.005},"geometry":{"type":"Point","coordinates":[104.49032,-1.82657]}},{"id":"2869","type":"Feature","properties":{"rate_time":-0.876},"geometry":{"type":"Point","coordinates":[104.49047,-1.82634]}},{"id":"2870","type":"Feature","properties":{"rate_time":-1.043},"geometry":{"type":"Point","coordinates":[104.49058,-1.8261]}},{"id":"2871","type":"Feature","properties":{"rate_time":-1.149},"geometry":{"type":"Point","coordinates":[104.49071,-1.82586]}},{"id":"2872","type":"Feature","properties":{"rate_time":-1.312},"geometry":{"type":"Point","coordinates":[104.49084,-1.82562]}},{"id":"2873","type":"Feature","properties":{"rate_time":-1.35},"geometry":{"type":"Point","coordinates":[104.4909,-1.82535]}},{"id":"2874","type":"Feature","properties":{"rate_time":-1.468},"geometry":{"type":"Point","coordinates":[104.49102,-1.82511]}},{"id":"2875","type":"Feature","properties":{"rate_time":-1.551},"geometry":{"type":"Point","coordinates":[104.49112,-1.82486]}},{"id":"2876","type":"Feature","properties":{"rate_time":-1.605},"geometry":{"type":"Point","coordinates":[104.49125,-1.82462]}},{"id":"2877","type":"Feature","properties":{"rate_time":-1.652},"geometry":{"type":"Point","coordinates":[104.49137,-1.82438]}},{"id":"2878","type":"Feature","properties":{"rate_time":-1.904},"geometry":{"type":"Point","coordinates":[104.4915,-1.82414]}},{"id":"2879","type":"Feature","properties":{"rate_time":-2.023},"geometry":{"type":"Point","coordinates":[104.49165,-1.82392]}},{"id":"2880","type":"Feature","properties":{"rate_time":-1.972},"geometry":{"type":"Point","coordinates":[104.4918,-1.82369]}},{"id":"2881","type":"Feature","properties":{"rate_time":-2.021},"geometry":{"type":"Point","coordinates":[104.49195,-1.82346]}},{"id":"2882","type":"Feature","properties":{"rate_time":-2.013},"geometry":{"type":"Point","coordinates":[104.49214,-1.82327]}},{"id":"2883","type":"Feature","properties":{"rate_time":-2.028},"geometry":{"type":"Point","coordinates":[104.49233,-1.82308]}},{"id":"2884","type":"Feature","properties":{"rate_time":-2.001},"geometry":{"type":"Point","coordinates":[104.4925,-1.82287]}},{"id":"2885","type":"Feature","properties":{"rate_time":-1.956},"geometry":{"type":"Point","coordinates":[104.49269,-1.82268]}},{"id":"2886","type":"Feature","properties":{"rate_time":-1.987},"geometry":{"type":"Point","coordinates":[104.49287,-1.82248]}},{"id":"2887","type":"Feature","properties":{"rate_time":-1.917},"geometry":{"type":"Point","coordinates":[104.49306,-1.82228]}},{"id":"2888","type":"Feature","properties":{"rate_time":-1.811},"geometry":{"type":"Point","coordinates":[104.49325,-1.82209]}},{"id":"2889","type":"Feature","properties":{"rate_time":-1.612},"geometry":{"type":"Point","coordinates":[104.49345,-1.82191]}},{"id":"2890","type":"Feature","properties":{"rate_time":-1.545},"geometry":{"type":"Point","coordinates":[104.49364,-1.82171]}},{"id":"2891","type":"Feature","properties":{"rate_time":-1.514},"geometry":{"type":"Point","coordinates":[104.49384,-1.82154]}},{"id":"2892","type":"Feature","properties":{"rate_time":-1.32},"geometry":{"type":"Point","coordinates":[104.49406,-1.82137]}},{"id":"2893","type":"Feature","properties":{"rate_time":-1.108},"geometry":{"type":"Point","coordinates":[104.49427,-1.82121]}},{"id":"2894","type":"Feature","properties":{"rate_time":-1.005},"geometry":{"type":"Point","coordinates":[104.49447,-1.82103]}},{"id":"2895","type":"Feature","properties":{"rate_time":-1.005},"geometry":{"type":"Point","coordinates":[104.49465,-1.82082]}},{"id":"2896","type":"Feature","properties":{"rate_time":-0.828},"geometry":{"type":"Point","coordinates":[104.49484,-1.82064]}},{"id":"2897","type":"Feature","properties":{"rate_time":-0.735},"geometry":{"type":"Point","coordinates":[104.49505,-1.82046]}},{"id":"2898","type":"Feature","properties":{"rate_time":-0.772},"geometry":{"type":"Point","coordinates":[104.4952,-1.82024]}},{"id":"2899","type":"Feature","properties":{"rate_time":-0.56},"geometry":{"type":"Point","coordinates":[104.49539,-1.82004]}},{"id":"2900","type":"Feature","properties":{"rate_time":-0.463},"geometry":{"type":"Point","coordinates":[104.49558,-1.81985]}},{"id":"2901","type":"Feature","properties":{"rate_time":-0.636},"geometry":{"type":"Point","coordinates":[104.49573,-1.81963]}},{"id":"2902","type":"Feature","properties":{"rate_time":-0.474},"geometry":{"type":"Point","coordinates":[104.4959,-1.81941]}},{"id":"2903","type":"Feature","properties":{"rate_time":-0.572},"geometry":{"type":"Point","coordinates":[104.49598,-1.81916]}},{"id":"2904","type":"Feature","properties":{"rate_time":-0.574},"geometry":{"type":"Point","coordinates":[104.49607,-1.8189]}},{"id":"2905","type":"Feature","properties":{"rate_time":-0.613},"geometry":{"type":"Point","coordinates":[104.49622,-1.81868]}},{"id":"2906","type":"Feature","properties":{"rate_time":-0.67},"geometry":{"type":"Point","coordinates":[104.49664,-1.81799]}},{"id":"2907","type":"Feature","properties":{"rate_time":-0.783},"geometry":{"type":"Point","coordinates":[104.49669,-1.81773]}},{"id":"2908","type":"Feature","properties":{"rate_time":-0.699},"geometry":{"type":"Point","coordinates":[104.49688,-1.81754]}},{"id":"2909","type":"Feature","properties":{"rate_time":-0.798},"geometry":{"type":"Point","coordinates":[104.49709,-1.81736]}},{"id":"2910","type":"Feature","properties":{"rate_time":-0.78},"geometry":{"type":"Point","coordinates":[104.49728,-1.81718]}},{"id":"2911","type":"Feature","properties":{"rate_time":-1.045},"geometry":{"type":"Point","coordinates":[104.49747,-1.81699]}},{"id":"2912","type":"Feature","properties":{"rate_time":-1.134},"geometry":{"type":"Point","coordinates":[104.49767,-1.8168]}},{"id":"2913","type":"Feature","properties":{"rate_time":-1.23},"geometry":{"type":"Point","coordinates":[104.49788,-1.81664]}},{"id":"2914","type":"Feature","properties":{"rate_time":-1.39},"geometry":{"type":"Point","coordinates":[104.4981,-1.81648]}},{"id":"2915","type":"Feature","properties":{"rate_time":-1.501},"geometry":{"type":"Point","coordinates":[104.49831,-1.8163]}},{"id":"2916","type":"Feature","properties":{"rate_time":-1.47},"geometry":{"type":"Point","coordinates":[104.49853,-1.81615]}},{"id":"2917","type":"Feature","properties":{"rate_time":-1.352},"geometry":{"type":"Point","coordinates":[104.49875,-1.81599]}},{"id":"2918","type":"Feature","properties":{"rate_time":-1.359},"geometry":{"type":"Point","coordinates":[104.49895,-1.81582]}},{"id":"2919","type":"Feature","properties":{"rate_time":-1.496},"geometry":{"type":"Point","coordinates":[104.49918,-1.81566]}},{"id":"2920","type":"Feature","properties":{"rate_time":-1.542},"geometry":{"type":"Point","coordinates":[104.49939,-1.8155]}},{"id":"2921","type":"Feature","properties":{"rate_time":-1.494},"geometry":{"type":"Point","coordinates":[104.49959,-1.81532]}},{"id":"2922","type":"Feature","properties":{"rate_time":-1.434},"geometry":{"type":"Point","coordinates":[104.49981,-1.81516]}},{"id":"2923","type":"Feature","properties":{"rate_time":-1.35},"geometry":{"type":"Point","coordinates":[104.50003,-1.815]}},{"id":"2924","type":"Feature","properties":{"rate_time":-1.267},"geometry":{"type":"Point","coordinates":[104.50024,-1.81483]}},{"id":"2925","type":"Feature","properties":{"rate_time":-1.218},"geometry":{"type":"Point","coordinates":[104.50044,-1.81465]}},{"id":"2926","type":"Feature","properties":{"rate_time":-1.201},"geometry":{"type":"Point","coordinates":[104.50063,-1.81445]}},{"id":"2927","type":"Feature","properties":{"rate_time":-1.112},"geometry":{"type":"Point","coordinates":[104.50079,-1.81424]}},{"id":"2928","type":"Feature","properties":{"rate_time":-0.971},"geometry":{"type":"Point","coordinates":[104.50097,-1.81403]}},{"id":"2929","type":"Feature","properties":{"rate_time":-0.966},"geometry":{"type":"Point","coordinates":[104.50114,-1.81382]}},{"id":"2930","type":"Feature","properties":{"rate_time":-0.981},"geometry":{"type":"Point","coordinates":[104.50131,-1.81361]}},{"id":"2931","type":"Feature","properties":{"rate_time":-1.057},"geometry":{"type":"Point","coordinates":[104.50148,-1.81341]}},{"id":"2932","type":"Feature","properties":{"rate_time":-1.125},"geometry":{"type":"Point","coordinates":[104.50165,-1.81319]}},{"id":"2933","type":"Feature","properties":{"rate_time":-1.232},"geometry":{"type":"Point","coordinates":[104.50182,-1.81298]}},{"id":"2934","type":"Feature","properties":{"rate_time":-1.199},"geometry":{"type":"Point","coordinates":[104.50197,-1.81275]}},{"id":"2935","type":"Feature","properties":{"rate_time":-1.204},"geometry":{"type":"Point","coordinates":[104.50212,-1.81253]}},{"id":"2936","type":"Feature","properties":{"rate_time":-1.174},"geometry":{"type":"Point","coordinates":[104.50227,-1.81231]}},{"id":"2937","type":"Feature","properties":{"rate_time":-1.437},"geometry":{"type":"Point","coordinates":[104.50243,-1.81209]}},{"id":"2938","type":"Feature","properties":{"rate_time":-1.243},"geometry":{"type":"Point","coordinates":[104.50259,-1.81187]}},{"id":"2939","type":"Feature","properties":{"rate_time":-1.268},"geometry":{"type":"Point","coordinates":[104.50273,-1.81164]}},{"id":"2940","type":"Feature","properties":{"rate_time":-1.283},"geometry":{"type":"Point","coordinates":[104.50286,-1.8114]}},{"id":"2941","type":"Feature","properties":{"rate_time":-1.283},"geometry":{"type":"Point","coordinates":[104.50299,-1.81116]}},{"id":"2942","type":"Feature","properties":{"rate_time":-1.199},"geometry":{"type":"Point","coordinates":[104.50309,-1.81092]}},{"id":"2943","type":"Feature","properties":{"rate_time":-0.847},"geometry":{"type":"Point","coordinates":[104.50324,-1.81069]}},{"id":"2944","type":"Feature","properties":{"rate_time":-0.79},"geometry":{"type":"Point","coordinates":[104.50334,-1.81043]}},{"id":"2945","type":"Feature","properties":{"rate_time":-0.745},"geometry":{"type":"Point","coordinates":[104.50344,-1.81018]}},{"id":"2946","type":"Feature","properties":{"rate_time":-0.701},"geometry":{"type":"Point","coordinates":[104.50352,-1.80992]}},{"id":"2947","type":"Feature","properties":{"rate_time":-0.731},"geometry":{"type":"Point","coordinates":[104.50359,-1.80966]}},{"id":"2948","type":"Feature","properties":{"rate_time":-0.624},"geometry":{"type":"Point","coordinates":[104.5037,-1.80941]}},{"id":"2949","type":"Feature","properties":{"rate_time":-0.517},"geometry":{"type":"Point","coordinates":[104.50379,-1.80916]}}]}