{"type":"FeatureCollection","features":[{"id":"2950","type":"Feature","properties":{"rate_time":-0.344},"geometry":{"type":"Point","coordinates":[104.50379,-1.80896]}},{"id":"2951","type":"Feature","properties":{"rate_time":-0.301},"geometry":{"type":"Point","coordinates":[104.50385,-1.8087]}},{"id":"2952","type":"Feature","properties":{"rate_time":-0.286},"geometry":{"type":"Point","coordinates":[104.50391,-1.80843]}},{"id":"2953","type":"Feature","properties":{"rate_time":-0.268},"geometry":{"type":"Point","coordinates":[104.50396,-1.80816]}},{"id":"2954","type":"Feature","properties":{"rate_time":-0.273},"geometry":{"type":"Point","coordinates":[104.504,-1.8079]}},{"id":"2955","type":"Feature","properties":{"rate_time":-0.243},"geometry":{"type":"Point","coordinates":[104.50406,-1.80763]}},{"id":"2956","type":"Feature","properties":{"rate_time":-0.189},"geometry":{"type":"Point","coordinates":[104.50411,-1.80737]}},{"id":"2957","type":"Feature","properties":{"rate_time":-0.197},"geometry":{"type":"Point","coordinates":[104.50412,-1.80709]}},{"id":"2958","type":"Feature","properties":{"rate_time":-0.272},"geometry":{"type":"Point","coordinates":[104.50413,-1.80682]}},{"id":"2959","type":"Feature","properties":{"rate_time":-0.234},"geometry":{"type":"Point","coordinates":[104.50412,-1.80655]}},{"id":"2960","type":"Feature","properties":{"rate_time":-0.959},"geometry":{"type":"Point","coordinates":[104.51049,-1.80672]}},{"id":"2961","type":"Feature","properties":{"rate_time":-0.736},"geometry":{"type":"Point","coordinates":[104.51022,-1.80671]}},{"id":"2962","type":"Feature","properties":{"rate_time":-0.977},"geometry":{"type":"Point","coordinates":[104.51076,-1.80668]}},{"id":"2963","type":"Feature","properties":{"rate_time":-0.617},"geometry":{"type":"Point","coordinates":[104.50996,-1.80665]}},{"id":"2964","type":"Feature","properties":{"rate_time":-1.008},"geometry":{"type":"Point","coordinates":[104.51102,-1.80662]}},{"id":"2965","type":"Feature","properties":{"rate_time":-0.61},"geometry":{"type":"Point","coordinates":[104.5097,-1.80659]}},{"id":"2966","type":"Feature","properties":{"rate_time":-1.147},"geometry":{"type":"Point","coordinates":[104.51129,-1.80659]}},{"id":"2967","type":"Feature","properties":{"rate_time":-1.396},"geometry":{"type":"Point","coordinates":[104.51155,-1.80656]}},{"id":"2968","type":"Feature","properties":{"rate_time":-0.706},"geometry":{"type":"Point","coordinates":[104.50944,-1.80652]}},{"id":"2969","type":"Feature","properties":{"rate_time":-1.514},"geometry":{"type":"Point","coordinates":[104.5118,-1.80646]}},{"id":"2970","type":"Feature","properties":{"rate_time":-0.592},"geometry":{"type":"Point","coordinates":[104.50919,-1.80641]}},{"id":"2971","type":"Feature","properties":{"rate_time":-1.673},"geometry":{"type":"Point","coordinates":[104.51203,-1.80632]}},{"id":"2972","type":"Feature","properties":{"rate_time":-0.484},"geometry":{"type":"Point","coordinates":[104.50896,-1.80628]}},{"id":"2973","type":"Feature","properties":{"rate_time":-1.706},"geometry":{"type":"Point","coordinates":[104.51228,-1.8062]}},{"id":"2974","type":"Feature","properties":{"rate_time":-0.424},"geometry":{"type":"Point","coordinates":[104.50872,-1.80616]}},{"id":"2975","type":"Feature","properties":{"rate_time":-1.842},"geometry":{"type":"Point","coordinates":[104.5125,-1.80605]}},{"id":"2976","type":"Feature","properties":{"rate_time":-0.401},"geometry":{"type":"Point","coordinates":[104.50848,-1.80603]}},{"id":"2977","type":"Feature","properties":{"rate_time":-2.167},"geometry":{"type":"Point","coordinates":[104.51275,-1.80594]}},{"id":"2978","type":"Feature","properties":{"rate_time":-0.319},"geometry":{"type":"Point","coordinates":[104.50824,-1.80591]}},{"id":"2979","type":"Feature","properties":{"rate_time":-1.843},"geometry":{"type":"Point","coordinates":[104.513,-1.80586]}},{"id":"2980","type":"Feature","properties":{"rate_time":-0.171},"geometry":{"type":"Point","coordinates":[104.50801,-1.80577]}},{"id":"2981","type":"Feature","properties":{"rate_time":-1.537},"geometry":{"type":"Point","coordinates":[104.51325,-1.80576]}},{"id":"2982","type":"Feature","properties":{"rate_time":-1.383},"geometry":{"type":"Point","coordinates":[104.51351,-1.80566]}},{"id":"2983","type":"Feature","properties":{"rate_time":-0.243},"geometry":{"type":"Point","coordinates":[104.5078,-1.80559]}},{"id":"2984","type":"Feature","properties":{"rate_time":-1.287},"geometry":{"type":"Point","coordinates":[104.51375,-1.80555]}},{"id":"2985","type":"Feature","properties":{"rate_time":-1.276},"geometry":{"type":"Point","coordinates":[104.514,-1.80544]}},{"id":"2986","type":"Feature","properties":{"rate_time":-0.309},"geometry":{"type":"Point","coordinates":[104.50761,-1.80541]}},{"id":"2987","type":"Feature","properties":{"rate_time":-1.402},"geometry":{"type":"Point","coordinates":[104.51424,-1.80534]}},{"id":"2988","type":"Feature","properties":{"rate_time":-0.347},"geometry":{"type":"Point","coordinates":[104.5074,-1.80523]}},{"id":"2989","type":"Feature","properties":{"rate_time":-1.441},"geometry":{"type":"Point","coordinates":[104.51447,-1.80519]}},{"id":"2990","type":"Feature","properties":{"rate_time":-0.28},"geometry":{"type":"Point","coordinates":[104.50717,-1.80509]}},{"id":"2991","type":"Feature","properties":{"rate_time":-1.587},"geometry":{"type":"Point","coordinates":[104.51471,-1.80506]}},{"id":"2992","type":"Feature","properties":{"rate_time":-0.36},"geometry":{"type":"Point","coordinates":[104.50697,-1.80491]}},{"id":"2993","type":"Feature","properties":{"rate_time":-1.84},"geometry":{"type":"Point","coordinates":[104.5149,-1.80487]}},{"id":"2994","type":"Feature","properties":{"rate_time":-0.425},"geometry":{"type":"Point","coordinates":[104.50676,-1.80474]}},{"id":"2995","type":"Feature","properties":{"rate_time":-2.214},"geometry":{"type":"Point","coordinates":[104.51507,-1.80466]}},{"id":"2996","type":"Feature","properties":{"rate_time":-0.37},"geometry":{"type":"Point","coordinates":[104.50654,-1.80458]}},{"id":"2997","type":"Feature","properties":{"rate_time":-0.406},"geometry":{"type":"Point","coordinates":[104.50631,-1.80444]}},{"id":"2998","type":"Feature","properties":{"rate_time":-2.762},"geometry":{"type":"Point","coordinates":[104.5152,-1.80443]}},{"id":"2999","type":"Feature","properties":{"rate_time":-0.234},"geometry":{"type":"Point","coordinates":[104.50608,-1.8043]}},{"id":"3000","type":"Feature","properties":{"rate_time":-3.462},"geometry":{"type":"Point","coordinates":[104.51536,-1.80421]}},{"id":"3001","type":"Feature","properties":{"rate_time":-0.221},"geometry":{"type":"Point","coordinates":[104.50588,-1.80412]}},{"id":"3002","type":"Feature","properties":{"rate_time":-4.161},"geometry":{"type":"Point","coordinates":[104.51553,-1.804]}},{"id":"3003","type":"Feature","properties":{"rate_time":-0.211},"geometry":{"type":"Point","coordinates":[104.50568,-1.80394]}},{"id":"3004","type":"Feature","properties":{"rate_time":-4.309},"geometry":{"type":"Point","coordinates":[104.51571,-1.8038]}},{"id":"3005","type":"Feature","properties":{"rate_time":-0.181},"geometry":{"type":"Point","coordinates":[104.50546,-1.80377]}},{"id":"3006","type":"Feature","properties":{"rate_time":-0.174},"geometry":{"type":"Point","coordinates":[104.50524,-1.80362]}},{"id":"3007","type":"Feature","properties":{"rate_time":-4.249},"geometry":{"type":"Point","coordinates":[104.5159,-1.8036]}},{"id":"3008","type":"Feature","properties":{"rate_time":-0.178},"geometry":{"type":"Point","coordinates":[104.50503,-1.80345]}},{"id":"3009","type":"Feature","properties":{"rate_time":-3.727},"geometry":{"type":"Point","coordinates":[104.51609,-1.80341]}},{"id":"3010","type":"Feature","properties":{"rate_time":-0.126},"geometry":{"type":"Point","coordinates":[104.50482,-1.80329]}},{"id":"3011","type":"Feature","properties":{"rate_time":-4.054},"geometry":{"type":"Point","coordinates":[104.51628,-1.80322]}},{"id":"3012","type":"Feature","properties":{"rate_time":-4.172},"geometry":{"type":"Point","coordinates":[104.51648,-1.80303]}},{"id":"3013","type":"Feature","properties":{"rate_time":-4.409},"geometry":{"type":"Point","coordinates":[104.51668,-1.80285]}},{"id":"3014","type":"Feature","properties":{"rate_time":-2.7},"geometry":{"type":"Point","coordinates":[104.51851,-1.80274]}},{"id":"3015","type":"Feature","properties":{"rate_time":-2.904},"geometry":{"type":"Point","coordinates":[104.51824,-1.80274]}},{"id":"3016","type":"Feature","properties":{"rate_time":-3.369},"geometry":{"type":"Point","coordinates":[104.51797,-1.80273]}},{"id":"3017","type":"Feature","properties":{"rate_time":-2.736},"geometry":{"type":"Point","coordinates":[104.51878,-1.80272]}},{"id":"3018","type":"Feature","properties":{"rate_time":-4.059},"geometry":{"type":"Point","coordinates":[104.5177,-1.8027]}},{"id":"3019","type":"Feature","properties":{"rate_time":-4.667},"geometry":{"type":"Point","coordinates":[104.5169,-1.8027]}},{"id":"3020","type":"Feature","properties":{"rate_time":-4.95},"geometry":{"type":"Point","coordinates":[104.51944,-1.80231]}},{"id":"3021","type":"Feature","properties":{"rate_time":-4.904},"geometry":{"type":"Point","coordinates":[104.51967,-1.80217]}},{"id":"3022","type":"Feature","properties":{"rate_time":-4.642},"geometry":{"type":"Point","coordinates":[104.51993,-1.80208]}},{"id":"3023","type":"Feature","properties":{"rate_time":-4.24},"geometry":{"type":"Point","coordinates":[104.52018,-1.802]}},{"id":"3024","type":"Feature","properties":{"rate_time":-3.835},"geometry":{"type":"Point","coordinates":[104.52045,-1.80195]}},{"id":"3025","type":"Feature","properties":{"rate_time":-3.717},"geometry":{"type":"Point","coordinates":[104.52071,-1.8019]}},{"id":"3026","type":"Feature","properties":{"rate_time":-4.16},"geometry":{"type":"Point","coordinates":[104.52094,-1.80176]}},{"id":"3027","type":"Feature","properties":{"rate_time":-4.483},"geometry":{"type":"Point","coordinates":[104.52109,-1.80154]}},{"id":"3028","type":"Feature","properties":{"rate_time":-4.553},"geometry":{"type":"Point","coordinates":[104.52126,-1.80132]}},{"id":"3029","type":"Feature","properties":{"rate_time":-4.685},"geometry":{"type":"Point","coordinates":[104.52142,-1.80111]}},{"id":"3030","type":"Feature","properties":{"rate_time":-4.64},"geometry":{"type":"Point","coordinates":[104.52164,-1.80095]}},{"id":"3031","type":"Feature","properties":{"rate_time":-4.469},"geometry":{"type":"Point","coordinates":[104.52189,-1.80088]}},{"id":"3032","type":"Feature","properties":{"rate_time":-4.226},"geometry":{"type":"Point","coordinates":[104.52216,-1.80084]}},{"id":"3033","type":"Feature","properties":{"rate_time":-3.459},"geometry":{"type":"Point","coordinates":[104.52243,-1.8008]}},{"id":"3034","type":"Feature","properties":{"rate_time":-3.253},"geometry":{"type":"Point","coordinates":[104.52269,-1.80077]}},{"id":"3035","type":"Feature","properties":{"rate_time":-3.188},"geometry":{"type":"Point","coordinates":[104.52296,-1.80073]}},{"id":"3036","type":"Feature","properties":{"rate_time":-3.322},"geometry":{"type":"Point","coordinates":[104.52322,-1.80066]}},{"id":"3037","type":"Feature","properties":{"rate_time":-3.702},"geometry":{"type":"Point","coordinates":[104.52343,-1.80051]}},{"id":"3038","type":"Feature","properties":{"rate_time":-4.472},"geometry":{"type":"Point","coordinates":[104.52362,-1.80031]}},{"id":"3039","type":"Feature","properties":{"rate_time":-5.008},"geometry":{"type":"Point","coordinates":[104.52384,-1.80015]}},{"id":"3040","type":"Feature","properties":{"rate_time":-4.859},"geometry":{"type":"Point","coordinates":[104.52408,-1.80005]}},{"id":"3041","type":"Feature","properties":{"rate_time":-4.558},"geometry":{"type":"Point","coordinates":[104.52431,-1.79991]}},{"id":"3042","type":"Feature","properties":{"rate_time":-4.548},"geometry":{"type":"Point","coordinates":[104.5245,-1.79972]}},{"id":"3043","type":"Feature","properties":{"rate_time":-4.722},"geometry":{"type":"Point","coordinates":[104.52467,-1.79951]}},{"id":"3044","type":"Feature","properties":{"rate_time":-4.951},"geometry":{"type":"Point","coordinates":[104.52484,-1.7993]}},{"id":"3045","type":"Feature","properties":{"rate_time":-5.132},"geometry":{"type":"Point","coordinates":[104.52503,-1.7991]}},{"id":"3046","type":"Feature","properties":{"rate_time":-4.017},"geometry":{"type":"Point","coordinates":[104.52762,-1.79909]}},{"id":"3047","type":"Feature","properties":{"rate_time":-4.195},"geometry":{"type":"Point","coordinates":[104.52737,-1.79899]}},{"id":"3048","type":"Feature","properties":{"rate_time":-5.206},"geometry":{"type":"Point","coordinates":[104.52523,-1.79893]}},{"id":"3049","type":"Feature","properties":{"rate_time":-4.333},"geometry":{"type":"Point","coordinates":[104.52711,-1.79891]}},{"id":"3050","type":"Feature","properties":{"rate_time":-6.767},"geometry":{"type":"Point","coordinates":[104.52997,-1.79834]}},{"id":"3051","type":"Feature","properties":{"rate_time":-7.478},"geometry":{"type":"Point","coordinates":[104.53006,-1.79809]}},{"id":"3052","type":"Feature","properties":{"rate_time":-8.089},"geometry":{"type":"Point","coordinates":[104.53019,-1.79785]}},{"id":"3053","type":"Feature","properties":{"rate_time":-8.418},"geometry":{"type":"Point","coordinates":[104.53032,-1.79761]}},{"id":"3054","type":"Feature","properties":{"rate_time":-8.715},"geometry":{"type":"Point","coordinates":[104.53046,-1.79738]}},{"id":"3055","type":"Feature","properties":{"rate_time":-9.066},"geometry":{"type":"Point","coordinates":[104.53053,-1.79712]}},{"id":"3056","type":"Feature","properties":{"rate_time":-9.402},"geometry":{"type":"Point","coordinates":[104.53061,-1.79686]}},{"id":"3057","type":"Feature","properties":{"rate_time":-9.75},"geometry":{"type":"Point","coordinates":[104.53074,-1.79663]}},{"id":"3058","type":"Feature","properties":{"rate_time":-10.109},"geometry":{"type":"Point","coordinates":[104.53086,-1.79638]}},{"id":"3059","type":"Feature","properties":{"rate_time":-10.571},"geometry":{"type":"Point","coordinates":[104.53098,-1.79614]}},{"id":"3060","type":"Feature","properties":{"rate_time":-11.161},"geometry":{"type":"Point","coordinates":[104.53106,-1.79588]}},{"id":"3061","type":"Feature","properties":{"rate_time":-11.743},"geometry":{"type":"Point","coordinates":[104.53116,-1.79563]}},{"id":"3062","type":"Feature","properties":{"rate_time":-12.202},"geometry":{"type":"Point","coordinates":[104.53129,-1.7954]}},{"id":"3063","type":"Feature","properties":{"rate_time":-12.654},"geometry":{"type":"Point","coordinates":[104.5314,-1.79515]}},{"id":"3064","type":"Feature","properties":{"rate_time":-13.147},"geometry":{"type":"Point","coordinates":[104.53154,-1.79492]}},{"id":"3065","type":"Feature","properties":{"rate_time":-13.715},"geometry":{"type":"Point","coordinates":[104.53164,-1.79467]}},{"id":"3066","type":"Feature","properties":{"rate_time":-14.233},"geometry":{"type":"Point","coordinates":[104.5318,-1.79446]}},{"id":"3067","type":"Feature","properties":{"rate_time":-14.714},"geometry":{"type":"Point","coordinates":[104.53194,-1.79423]}},{"id":"3068","type":"Feature","properties":{"rate_time":-14.997},"geometry":{"type":"Point","coordinates":[104.53209,-1.794]}},{"id":"3069","type":"Feature","properties":{"rate_time":-15.036},"geometry":{"type":"Point","coordinates":[104.53225,-1.79378]}},{"id":"3070","type":"Feature","properties":{"rate_time":-14.532},"geometry":{"type":"Point","coordinates":[104.533,-1.793]}},{"id":"3071","type":"Feature","properties":{"rate_time":-14.247},"geometry":{"type":"Point","coordinates":[104.53321,-1.79284]}},{"id":"3072","type":"Feature","properties":{"rate_time":-13.988},"geometry":{"type":"Point","coordinates":[104.53341,-1.79266]}},{"id":"3073","type":"Feature","properties":{"rate_time":-13.806},"geometry":{"type":"Point","coordinates":[104.53356,-1.79246]}},{"id":"3074","type":"Feature","properties":{"rate_time":-13.763},"geometry":{"type":"Point","coordinates":[104.53362,-1.79222]}},{"id":"3075","type":"Feature","properties":{"rate_time":-13.545},"geometry":{"type":"Point","coordinates":[104.53388,-1.79217]}},{"id":"3076","type":"Feature","properties":{"rate_time":-13.428},"geometry":{"type":"Point","coordinates":[104.53405,-1.79196]}},{"id":"3077","type":"Feature","properties":{"rate_time":-13.391},"geometry":{"type":"Point","coordinates":[104.53416,-1.79172]}},{"id":"3078","type":"Feature","properties":{"rate_time":-13.515},"geometry":{"type":"Point","coordinates":[104.53418,-1.79145]}},{"id":"3079","type":"Feature","properties":{"rate_time":-13.596},"geometry":{"type":"Point","coordinates":[104.53428,-1.7912]}},{"id":"3080","type":"Feature","properties":{"rate_time":-13.707},"geometry":{"type":"Point","coordinates":[104.53436,-1.79094]}},{"id":"3081","type":"Feature","properties":{"rate_time":-13.738},"geometry":{"type":"Point","coordinates":[104.5345,-1.79071]}},{"id":"3082","type":"Feature","properties":{"rate_time":-13.808},"geometry":{"type":"Point","coordinates":[104.53462,-1.79047]}},{"id":"3083","type":"Feature","properties":{"rate_time":-13.759},"geometry":{"type":"Point","coordinates":[104.53476,-1.79024]}},{"id":"3084","type":"Feature","properties":{"rate_time":-13.709},"geometry":{"type":"Point","coordinates":[104.53492,-1.79001]}},{"id":"3085","type":"Feature","properties":{"rate_time":-13.695},"geometry":{"type":"Point","coordinates":[104.53507,-1.78979]}},{"id":"3086","type":"Feature","properties":{"rate_time":-13.7},"geometry":{"type":"Point","coordinates":[104.53524,-1.78958]}},{"id":"3087","type":"Feature","properties":{"rate_time":-12.19},"geometry":{"type":"Point","coordinates":[104.53537,-1.78934]}},{"id":"3088","type":"Feature","properties":{"rate_time":-12.241},"geometry":{"type":"Point","coordinates":[104.53548,-1.78909]}},{"id":"3089","type":"Feature","properties":{"rate_time":-12.2},"geometry":{"type":"Point","coordinates":[104.53563,-1.78887]}},{"id":"3090","type":"Feature","properties":{"rate_time":-12.102},"geometry":{"type":"Point","coordinates":[104.53579,-1.78865]}},{"id":"3091","type":"Feature","properties":{"rate_time":-11.969},"geometry":{"type":"Point","coordinates":[104.53595,-1.78843]}},{"id":"3092","type":"Feature","properties":{"rate_time":-11.88},"geometry":{"type":"Point","coordinates":[104.5361,-1.78821]}},{"id":"3093","type":"Feature","properties":{"rate_time":-11.845},"geometry":{"type":"Point","coordinates":[104.5362,-1.78796]}},{"id":"3094","type":"Feature","properties":{"rate_time":-11.984},"geometry":{"type":"Point","coordinates":[104.53628,-1.7877]}},{"id":"3095","type":"Feature","properties":{"rate_time":-11.901},"geometry":{"type":"Point","coordinates":[104.53643,-1.78748]}},{"id":"3096","type":"Feature","properties":{"rate_time":-11.949},"geometry":{"type":"Point","coordinates":[104.53657,-1.78725]}},{"id":"3097","type":"Feature","properties":{"rate_time":-11.682},"geometry":{"type":"Point","coordinates":[104.53672,-1.78702]}},{"id":"3098","type":"Feature","properties":{"rate_time":-11.478},"geometry":{"type":"Point","coordinates":[104.53682,-1.78677]}},{"id":"3099","type":"Feature","properties":{"rate_time":-11.144},"geometry":{"type":"Point","coordinates":[104.53697,-1.78655]}},{"id":"3100","type":"Feature","properties":{"rate_time":-10.945},"geometry":{"type":"Point","coordinates":[104.53709,-1.7863]}},{"id":"3101","type":"Feature","properties":{"rate_time":-10.619},"geometry":{"type":"Point","coordinates":[104.53725,-1.78608]}},{"id":"3102","type":"Feature","properties":{"rate_time":-10.305},"geometry":{"type":"Point","coordinates":[104.53742,-1.78587]}},{"id":"3103","type":"Feature","properties":{"rate_time":-11.572},"geometry":{"type":"Point","coordinates":[104.53759,-1.78566]}},{"id":"3104","type":"Feature","properties":{"rate_time":-11.084},"geometry":{"type":"Point","coordinates":[104.53776,-1.78546]}},{"id":"3105","type":"Feature","properties":{"rate_time":-10.554},"geometry":{"type":"Point","coordinates":[104.53796,-1.78528]}},{"id":"3106","type":"Feature","properties":{"rate_time":-10.025},"geometry":{"type":"Point","coordinates":[104.53817,-1.7851]}},{"id":"3107","type":"Feature","properties":{"rate_time":-9.485},"geometry":{"type":"Point","coordinates":[104.53838,-1.78493]}},{"id":"3108","type":"Feature","properties":{"rate_time":-9.007},"geometry":{"type":"Point","coordinates":[104.53857,-1.78473]}},{"id":"3109","type":"Feature","properties":{"rate_time":-5.535},"geometry":{"type":"Point","coordinates":[104.53986,-1.78468]}},{"id":"3110","type":"Feature","properties":{"rate_time":2.198},"geometry":{"type":"Point","coordinates":[104.54355,-1.7853]}},{"id":"3111","type":"Feature","properties":{"rate_time":1.971},"geometry":{"type":"Point","coordinates":[104.54381,-1.78527]}},{"id":"3112","type":"Feature","properties":{"rate_time":2.027},"geometry":{"type":"Point","coordinates":[104.54356,-1.78513]}},{"id":"3113","type":"Feature","properties":{"rate_time":-0.038},"geometry":{"type":"Point","coordinates":[104.54412,-1.78507]}},{"id":"3114","type":"Feature","properties":{"rate_time":0.458},"geometry":{"type":"Point","coordinates":[104.54376,-1.78494]}},{"id":"3115","type":"Feature","properties":{"rate_time":2.912},"geometry":{"type":"Point","coordinates":[104.54436,-1.78493]}},{"id":"3116","type":"Feature","properties":{"rate_time":0.375},"geometry":{"type":"Point","coordinates":[104.54397,-1.78477]}},{"id":"3117","type":"Feature","properties":{"rate_time":0.892},"geometry":{"type":"Point","coordinates":[104.54455,-1.78475]}},{"id":"3118","type":"Feature","properties":{"rate_time":-0.484},"geometry":{"type":"Point","coordinates":[104.54418,-1.7846]}},{"id":"3119","type":"Feature","properties":{"rate_time":-1.564},"geometry":{"type":"Point","coordinates":[104.54471,-1.78453]}},{"id":"3120","type":"Feature","properties":{"rate_time":-1.94},"geometry":{"type":"Point","coordinates":[104.54101,-1.78443]}},{"id":"3121","type":"Feature","properties":{"rate_time":-1.244},"geometry":{"type":"Point","coordinates":[104.54438,-1.78442]}},{"id":"3122","type":"Feature","properties":{"rate_time":-1.066},"geometry":{"type":"Point","coordinates":[104.54127,-1.78438]}},{"id":"3123","type":"Feature","properties":{"rate_time":-1.314},"geometry":{"type":"Point","coordinates":[104.54472,-1.78429]}},{"id":"3124","type":"Feature","properties":{"rate_time":0.065},"geometry":{"type":"Point","coordinates":[104.54149,-1.78423]}},{"id":"3125","type":"Feature","properties":{"rate_time":-0.928},"geometry":{"type":"Point","coordinates":[104.54457,-1.78423]}},{"id":"3126","type":"Feature","properties":{"rate_time":0.625},"geometry":{"type":"Point","coordinates":[104.54175,-1.78414]}},{"id":"3127","type":"Feature","properties":{"rate_time":1.471},"geometry":{"type":"Point","coordinates":[104.54201,-1.78407]}},{"id":"3128","type":"Feature","properties":{"rate_time":1.702},"geometry":{"type":"Point","coordinates":[104.54227,-1.78402]}},{"id":"3129","type":"Feature","properties":{"rate_time":1.652},"geometry":{"type":"Point","coordinates":[104.54254,-1.78397]}},{"id":"3130","type":"Feature","properties":{"rate_time":1.472},"geometry":{"type":"Point","coordinates":[104.5428,-1.78391]}},{"id":"3131","type":"Feature","properties":{"rate_time":1.241},"geometry":{"type":"Point","coordinates":[104.54304,-1.78379]}},{"id":"3132","type":"Feature","properties":{"rate_time":1.01},"geometry":{"type":"Point","coordinates":[104.54329,-1.78369]}},{"id":"3133","type":"Feature","properties":{"rate_time":1.56},"geometry":{"type":"Point","coordinates":[104.54355,-1.78361]}},{"id":"3134","type":"Feature","properties":{"rate_time":1.703},"geometry":{"type":"Point","coordinates":[104.54378,-1.78348]}},{"id":"3135","type":"Feature","properties":{"rate_time":1.285},"geometry":{"type":"Point","coordinates":[104.54403,-1.7834]}},{"id":"3136","type":"Feature","properties":{"rate_time":1.213},"geometry":{"type":"Point","coordinates":[104.54429,-1.78331]}},{"id":"3137","type":"Feature","properties":{"rate_time":0.488},"geometry":{"type":"Point","coordinates":[104.54451,-1.78316]}},{"id":"3138","type":"Feature","properties":{"rate_time":0.688},"geometry":{"type":"Point","coordinates":[104.54471,-1.78298]}},{"id":"3139","type":"Feature","properties":{"rate_time":1.204},"geometry":{"type":"Point","coordinates":[104.54477,-1.78272]}},{"id":"3140","type":"Feature","properties":{"rate_time":1.026},"geometry":{"type":"Point","coordinates":[104.54471,-1.78246]}},{"id":"3141","type":"Feature","properties":{"rate_time":0.853},"geometry":{"type":"Point","coordinates":[104.54453,-1.78226]}},{"id":"3142","type":"Feature","properties":{"rate_time":0.656},"geometry":{"type":"Point","coordinates":[104.54441,-1.78202]}},{"id":"3143","type":"Feature","properties":{"rate_time":1.791},"geometry":{"type":"Point","coordinates":[104.54418,-1.78191]}},{"id":"3144","type":"Feature","properties":{"rate_time":2.235},"geometry":{"type":"Point","coordinates":[104.54401,-1.78172]}},{"id":"3145","type":"Feature","properties":{"rate_time":2.319},"geometry":{"type":"Point","coordinates":[104.54393,-1.78146]}},{"id":"3146","type":"Feature","properties":{"rate_time":0.174},"geometry":{"type":"Point","coordinates":[104.54387,-1.7812]}},{"id":"3147","type":"Feature","properties":{"rate_time":-0.084},"geometry":{"type":"Point","coordinates":[104.54378,-1.78095]}},{"id":"3148","type":"Feature","properties":{"rate_time":-0.21},"geometry":{"type":"Point","coordinates":[104.5437,-1.78069]}},{"id":"3149","type":"Feature","properties":{"rate_time":-1.66},"geometry":{"type":"Point","coordinates":[104.54367,-1.78042]}},{"id":"3150","type":"Feature","properties":{"rate_time":-1.758},"geometry":{"type":"Point","coordinates":[104.54371,-1.78016]}},{"id":"3151","type":"Feature","properties":{"rate_time":-1.992},"geometry":{"type":"Point","coordinates":[104.54385,-1.77994]}},{"id":"3152","type":"Feature","properties":{"rate_time":-2.344},"geometry":{"type":"Point","coordinates":[104.5439,-1.77967]}},{"id":"3153","type":"Feature","properties":{"rate_time":-1.785},"geometry":{"type":"Point","coordinates":[104.54392,-1.7794]}},{"id":"3154","type":"Feature","properties":{"rate_time":-1.741},"geometry":{"type":"Point","coordinates":[104.54391,-1.77913]}},{"id":"3155","type":"Feature","properties":{"rate_time":-2.511},"geometry":{"type":"Point","coordinates":[104.54396,-1.77889]}},{"id":"3156","type":"Feature","properties":{"rate_time":-2.586},"geometry":{"type":"Point","coordinates":[104.54414,-1.77868]}},{"id":"3157","type":"Feature","properties":{"rate_time":-2.484},"geometry":{"type":"Point","coordinates":[104.54404,-1.77844]}},{"id":"3158","type":"Feature","properties":{"rate_time":-2.523},"geometry":{"type":"Point","coordinates":[104.54413,-1.77821]}},{"id":"3159","type":"Feature","properties":{"rate_time":-2.557},"geometry":{"type":"Point","coordinates":[104.54416,-1.77794]}},{"id":"3160","type":"Feature","properties":{"rate_time":-2.613},"geometry":{"type":"Point","coordinates":[104.54421,-1.77768]}},{"id":"3161","type":"Feature","properties":{"rate_time":-2.859},"geometry":{"type":"Point","coordinates":[104.54423,-1.77741]}},{"id":"3162","type":"Feature","properties":{"rate_time":-3.212},"geometry":{"type":"Point","coordinates":[104.54424,-1.77714]}},{"id":"3163","type":"Feature","properties":{"rate_time":-3.369},"geometry":{"type":"Point","coordinates":[104.54418,-1.77687]}},{"id":"3164","type":"Feature","properties":{"rate_time":-3.627},"geometry":{"type":"Point","coordinates":[104.54416,-1.77661]}},{"id":"3165","type":"Feature","properties":{"rate_time":-3.768},"geometry":{"type":"Point","coordinates":[104.54414,-1.77634]}},{"id":"3166","type":"Feature","properties":{"rate_time":-4.297},"geometry":{"type":"Point","coordinates":[104.54402,-1.7761]}},{"id":"3167","type":"Feature","properties":{"rate_time":-4.134},"geometry":{"type":"Point","coordinates":[104.54389,-1.77588]}},{"id":"3168","type":"Feature","properties":{"rate_time":-4.228},"geometry":{"type":"Point","coordinates":[104.54386,-1.77561]}},{"id":"3169","type":"Feature","properties":{"rate_time":-4.295},"geometry":{"type":"Point","coordinates":[104.5438,-1.77537]}},{"id":"3170","type":"Feature","properties":{"rate_time":-4.378},"geometry":{"type":"Point","coordinates":[104.54357,-1.77524]}},{"id":"3171","type":"Feature","properties":{"rate_time":-4.182},"geometry":{"type":"Point","coordinates":[104.54358,-1.77499]}},{"id":"3172","type":"Feature","properties":{"rate_time":-4.22},"geometry":{"type":"Point","coordinates":[104.54356,-1.77472]}},{"id":"3173","type":"Feature","properties":{"rate_time":-4.239},"geometry":{"type":"Point","coordinates":[104.54347,-1.77447]}},{"id":"3174","type":"Feature","properties":{"rate_time":-4.064},"geometry":{"type":"Point","coordinates":[104.54339,-1.77421]}},{"id":"3175","type":"Feature","properties":{"rate_time":-3.955},"geometry":{"type":"Point","coordinates":[104.54333,-1.77395]}},{"id":"3176","type":"Feature","properties":{"rate_time":-3.971},"geometry":{"type":"Point","coordinates":[104.54326,-1.77369]}},{"id":"3177","type":"Feature","properties":{"rate_time":-3.898},"geometry":{"type":"Point","coordinates":[104.5433,-1.77344]}},{"id":"3178","type":"Feature","properties":{"rate_time":-3.818},"geometry":{"type":"Point","coordinates":[104.54346,-1.77323]}},{"id":"3179","type":"Feature","properties":{"rate_time":-3.584},"geometry":{"type":"Point","coordinates":[104.54349,-1.77296]}},{"id":"3180","type":"Feature","properties":{"rate_time":-3.365},"geometry":{"type":"Point","coordinates":[104.54356,-1.77271]}},{"id":"3181","type":"Feature","properties":{"rate_time":-3.253},"geometry":{"type":"Point","coordinates":[104.54333,-1.77255]}},{"id":"3182","type":"Feature","properties":{"rate_time":-3.096},"geometry":{"type":"Point","coordinates":[104.54322,-1.77233]}},{"id":"3183","type":"Feature","properties":{"rate_time":-2.902},"geometry":{"type":"Point","coordinates":[104.54329,-1.77208]}},{"id":"3184","type":"Feature","properties":{"rate_time":-2.787},"geometry":{"type":"Point","coordinates":[104.54354,-1.77205]}},{"id":"3185","type":"Feature","properties":{"rate_time":-2.552},"geometry":{"type":"Point","coordinates":[104.54364,-1.77182]}},{"id":"3186","type":"Feature","properties":{"rate_time":-2.438},"geometry":{"type":"Point","coordinates":[104.54368,-1.77156]}},{"id":"3187","type":"Feature","properties":{"rate_time":-2.767},"geometry":{"type":"Point","coordinates":[104.54365,-1.77129]}},{"id":"3188","type":"Feature","properties":{"rate_time":-2.879},"geometry":{"type":"Point","coordinates":[104.54363,-1.77102]}},{"id":"3189","type":"Feature","properties":{"rate_time":-2.94},"geometry":{"type":"Point","coordinates":[104.54363,-1.77075]}},{"id":"3190","type":"Feature","properties":{"rate_time":-6.147},"geometry":{"type":"Point","coordinates":[104.53963,-1.78459]}},{"id":"3191","type":"Feature","properties":{"rate_time":-5.366},"geometry":{"type":"Point","coordinates":[104.54011,-1.78458]}},{"id":"3192","type":"Feature","properties":{"rate_time":-8.61},"geometry":{"type":"Point","coordinates":[104.53876,-1.78455]}},{"id":"3193","type":"Feature","properties":{"rate_time":-8.132},"geometry":{"type":"Point","coordinates":[104.53899,-1.78441]}},{"id":"3194","type":"Feature","properties":{"rate_time":-5.23},"geometry":{"type":"Point","coordinates":[104.54031,-1.78441]}},{"id":"3195","type":"Feature","properties":{"rate_time":-7.495},"geometry":{"type":"Point","coordinates":[104.53944,-1.7844]}},{"id":"3196","type":"Feature","properties":{"rate_time":-3.303},"geometry":{"type":"Point","coordinates":[104.54076,-1.78437]}},{"id":"3197","type":"Feature","properties":{"rate_time":-7.637},"geometry":{"type":"Point","coordinates":[104.53922,-1.78428]}},{"id":"3198","type":"Feature","properties":{"rate_time":-3.085},"geometry":{"type":"Point","coordinates":[104.54054,-1.78427]}},{"id":"3199","type":"Feature","properties":{"rate_time":-1.108},"geometry":{"type":"Point","coordinates":[104.541,-1.75525]}},{"id":"3200","type":"Feature","properties":{"rate_time":-2.539},"geometry":{"type":"Point","coordinates":[104.54361,-1.77048]}},{"id":"3201","type":"Feature","properties":{"rate_time":-2.556},"geometry":{"type":"Point","coordinates":[104.54349,-1.77024]}},{"id":"3202","type":"Feature","properties":{"rate_time":-2.739},"geometry":{"type":"Point","coordinates":[104.54335,-1.77001]}},{"id":"3203","type":"Feature","properties":{"rate_time":-2.822},"geometry":{"type":"Point","coordinates":[104.5432,-1.76979]}},{"id":"3204","type":"Feature","properties":{"rate_time":-3.017},"geometry":{"type":"Point","coordinates":[104.54309,-1.76955]}},{"id":"3205","type":"Feature","properties":{"rate_time":-3.032},"geometry":{"type":"Point","coordinates":[104.54297,-1.76931]}},{"id":"3206","type":"Feature","properties":{"rate_time":-3.121},"geometry":{"type":"Point","coordinates":[104.54286,-1.76907]}},{"id":"3207","type":"Feature","properties":{"rate_time":-2.7},"geometry":{"type":"Point","coordinates":[104.54325,-1.76886]}},{"id":"3208","type":"Feature","properties":{"rate_time":-3.219},"geometry":{"type":"Point","coordinates":[104.54288,-1.76883]}},{"id":"3209","type":"Feature","properties":{"rate_time":-2.816},"geometry":{"type":"Point","coordinates":[104.54324,-1.76879]}},{"id":"3210","type":"Feature","properties":{"rate_time":-3.11},"geometry":{"type":"Point","coordinates":[104.54306,-1.76868]}},{"id":"3211","type":"Feature","properties":{"rate_time":-3.101},"geometry":{"type":"Point","coordinates":[104.54315,-1.76854]}},{"id":"3212","type":"Feature","properties":{"rate_time":-3.282},"geometry":{"type":"Point","coordinates":[104.54314,-1.76827]}},{"id":"3213","type":"Feature","properties":{"rate_time":-3.534},"geometry":{"type":"Point","coordinates":[104.54307,-1.76801]}},{"id":"3214","type":"Feature","properties":{"rate_time":-3.38},"geometry":{"type":"Point","coordinates":[104.54298,-1.76775]}},{"id":"3215","type":"Feature","properties":{"rate_time":-3.276},"geometry":{"type":"Point","coordinates":[104.54288,-1.7675]}},{"id":"3216","type":"Feature","properties":{"rate_time":-3.176},"geometry":{"type":"Point","coordinates":[104.54282,-1.76724]}},{"id":"3217","type":"Feature","properties":{"rate_time":-3.202},"geometry":{"type":"Point","coordinates":[104.5428,-1.76697]}},{"id":"3218","type":"Feature","properties":{"rate_time":-3.173},"geometry":{"type":"Point","coordinates":[104.54277,-1.7667]}},{"id":"3219","type":"Feature","properties":{"rate_time":-3.382},"geometry":{"type":"Point","coordinates":[104.54263,-1.76647]}},{"id":"3220","type":"Feature","properties":{"rate_time":-3.297},"geometry":{"type":"Point","coordinates":[104.54258,-1.7662]}},{"id":"3221","type":"Feature","properties":{"rate_time":-3.298},"geometry":{"type":"Point","coordinates":[104.54254,-1.76593]}},{"id":"3222","type":"Feature","properties":{"rate_time":-3.329},"geometry":{"type":"Point","coordinates":[104.54244,-1.76568]}},{"id":"3223","type":"Feature","properties":{"rate_time":-3.312},"geometry":{"type":"Point","coordinates":[104.54239,-1.76541]}},{"id":"3224","type":"Feature","properties":{"rate_time":-3.194},"geometry":{"type":"Point","coordinates":[104.5424,-1.76514]}},{"id":"3225","type":"Feature","properties":{"rate_time":-3.064},"geometry":{"type":"Point","coordinates":[104.54237,-1.76488]}},{"id":"3226","type":"Feature","properties":{"rate_time":-2.92},"geometry":{"type":"Point","coordinates":[104.54233,-1.76461]}},{"id":"3227","type":"Feature","properties":{"rate_time":-2.87},"geometry":{"type":"Point","coordinates":[104.54229,-1.76434]}},{"id":"3228","type":"Feature","properties":{"rate_time":-2.75},"geometry":{"type":"Point","coordinates":[104.54229,-1.76407]}},{"id":"3229","type":"Feature","properties":{"rate_time":-2.732},"geometry":{"type":"Point","coordinates":[104.54228,-1.7638]}},{"id":"3230","type":"Feature","properties":{"rate_time":-2.514},"geometry":{"type":"Point","coordinates":[104.54225,-1.76353]}},{"id":"3231","type":"Feature","properties":{"rate_time":-2.604},"geometry":{"type":"Point","coordinates":[104.54217,-1.76327]}},{"id":"3232","type":"Feature","properties":{"rate_time":-2.624},"geometry":{"type":"Point","coordinates":[104.54209,-1.76301]}},{"id":"3233","type":"Feature","properties":{"rate_time":-2.609},"geometry":{"type":"Point","coordinates":[104.54206,-1.76274]}},{"id":"3234","type":"Feature","properties":{"rate_time":-2.571},"geometry":{"type":"Point","coordinates":[104.54203,-1.76247]}},{"id":"3235","type":"Feature","properties":{"rate_time":-2.448},"geometry":{"type":"Point","coordinates":[104.54199,-1.7622]}},{"id":"3236","type":"Feature","properties":{"rate_time":-2.392},"geometry":{"type":"Point","coordinates":[104.54201,-1.76194]}},{"id":"3237","type":"Feature","properties":{"rate_time":-2.238},"geometry":{"type":"Point","coordinates":[104.54202,-1.76167]}},{"id":"3238","type":"Feature","properties":{"rate_time":-2.112},"geometry":{"type":"Point","coordinates":[104.542,-1.7614]}},{"id":"3239","type":"Feature","properties":{"rate_time":-1.981},"geometry":{"type":"Point","coordinates":[104.54192,-1.76114]}},{"id":"3240","type":"Feature","properties":{"rate_time":-14.967},"geometry":{"type":"Point","coordinates":[104.53243,-1.79358]}},{"id":"3241","type":"Feature","properties":{"rate_time":-14.857},"geometry":{"type":"Point","coordinates":[104.53261,-1.79338]}},{"id":"3242","type":"Feature","properties":{"rate_time":-14.72},"geometry":{"type":"Point","coordinates":[104.5328,-1.79318]}},{"id":"3243","type":"Feature","properties":{"rate_time":-3.181},"geometry":{"type":"Point","coordinates":[104.53291,-1.7317]}},{"id":"3244","type":"Feature","properties":{"rate_time":-3.162},"geometry":{"type":"Point","coordinates":[104.53284,-1.73144]}},{"id":"3245","type":"Feature","properties":{"rate_time":-3.291},"geometry":{"type":"Point","coordinates":[104.5327,-1.73121]}},{"id":"3246","type":"Feature","properties":{"rate_time":-3.32},"geometry":{"type":"Point","coordinates":[104.53261,-1.73095]}},{"id":"3247","type":"Feature","properties":{"rate_time":-3.342},"geometry":{"type":"Point","coordinates":[104.53249,-1.73071]}},{"id":"3248","type":"Feature","properties":{"rate_time":-3.302},"geometry":{"type":"Point","coordinates":[104.53238,-1.73046]}},{"id":"3249","type":"Feature","properties":{"rate_time":-3.386},"geometry":{"type":"Point","coordinates":[104.53229,-1.73021]}},{"id":"3250","type":"Feature","properties":{"rate_time":-1.751},"geometry":{"type":"Point","coordinates":[104.54186,-1.76087]}},{"id":"3251","type":"Feature","properties":{"rate_time":-1.586},"geometry":{"type":"Point","coordinates":[104.5418,-1.76061]}},{"id":"3252","type":"Feature","properties":{"rate_time":-1.509},"geometry":{"type":"Point","coordinates":[104.54174,-1.76034]}},{"id":"3253","type":"Feature","properties":{"rate_time":-1.401},"geometry":{"type":"Point","coordinates":[104.54173,-1.76007]}},{"id":"3254","type":"Feature","properties":{"rate_time":-1.503},"geometry":{"type":"Point","coordinates":[104.54167,-1.75982]}},{"id":"3255","type":"Feature","properties":{"rate_time":-1.35},"geometry":{"type":"Point","coordinates":[104.54157,-1.75956]}},{"id":"3256","type":"Feature","properties":{"rate_time":-1.287},"geometry":{"type":"Point","coordinates":[104.54152,-1.7593]}},{"id":"3257","type":"Feature","properties":{"rate_time":-1.244},"geometry":{"type":"Point","coordinates":[104.54152,-1.75903]}},{"id":"3258","type":"Feature","properties":{"rate_time":-1.228},"geometry":{"type":"Point","coordinates":[104.54154,-1.75876]}},{"id":"3259","type":"Feature","properties":{"rate_time":-1.204},"geometry":{"type":"Point","coordinates":[104.54154,-1.75849]}},{"id":"3260","type":"Feature","properties":{"rate_time":-1.257},"geometry":{"type":"Point","coordinates":[104.54152,-1.75822]}},{"id":"3261","type":"Feature","properties":{"rate_time":-1.298},"geometry":{"type":"Point","coordinates":[104.5415,-1.75794]}},{"id":"3262","type":"Feature","properties":{"rate_time":-1.194},"geometry":{"type":"Point","coordinates":[104.54146,-1.75768]}},{"id":"3263","type":"Feature","properties":{"rate_time":-1.04},"geometry":{"type":"Point","coordinates":[104.5414,-1.75741]}},{"id":"3264","type":"Feature","properties":{"rate_time":-1.079},"geometry":{"type":"Point","coordinates":[104.5413,-1.75717]}},{"id":"3265","type":"Feature","properties":{"rate_time":-0.996},"geometry":{"type":"Point","coordinates":[104.54129,-1.7569]}},{"id":"3266","type":"Feature","properties":{"rate_time":-1.095},"geometry":{"type":"Point","coordinates":[104.54126,-1.75663]}},{"id":"3267","type":"Feature","properties":{"rate_time":-1.022},"geometry":{"type":"Point","coordinates":[104.54122,-1.75636]}},{"id":"3268","type":"Feature","properties":{"rate_time":-0.909},"geometry":{"type":"Point","coordinates":[104.54122,-1.75609]}},{"id":"3269","type":"Feature","properties":{"rate_time":-0.853},"geometry":{"type":"Point","coordinates":[104.54129,-1.75584]}},{"id":"3270","type":"Feature","properties":{"rate_time":-0.79},"geometry":{"type":"Point","coordinates":[104.54145,-1.75563]}},{"id":"3271","type":"Feature","properties":{"rate_time":-0.848},"geometry":{"type":"Point","coordinates":[104.54145,-1.75536]}},{"id":"3272","type":"Feature","properties":{"rate_time":-1.006},"geometry":{"type":"Point","coordinates":[104.54126,-1.75526]}},{"id":"3273","type":"Feature","properties":{"rate_time":-1.04},"geometry":{"type":"Point","coordinates":[104.54076,-1.75514]}},{"id":"3274","type":"Feature","properties":{"rate_time":-1.198},"geometry":{"type":"Point","coordinates":[104.54061,-1.75493]}},{"id":"3275","type":"Feature","properties":{"rate_time":-1.171},"geometry":{"type":"Point","coordinates":[104.54054,-1.75467]}},{"id":"3276","type":"Feature","properties":{"rate_time":-1.153},"geometry":{"type":"Point","coordinates":[104.54051,-1.7544]}},{"id":"3277","type":"Feature","properties":{"rate_time":-0.957},"geometry":{"type":"Point","coordinates":[104.54043,-1.75415]}},{"id":"3278","type":"Feature","properties":{"rate_time":-0.883},"geometry":{"type":"Point","coordinates":[104.54029,-1.75391]}},{"id":"3279","type":"Feature","properties":{"rate_time":-0.759},"geometry":{"type":"Point","coordinates":[104.54016,-1.75368]}},{"id":"3280","type":"Feature","properties":{"rate_time":-1.044},"geometry":{"type":"Point","coordinates":[104.5406,-1.75352]}},{"id":"3281","type":"Feature","properties":{"rate_time":-0.665},"geometry":{"type":"Point","coordinates":[104.54015,-1.75343]}},{"id":"3282","type":"Feature","properties":{"rate_time":-0.422},"geometry":{"type":"Point","coordinates":[104.5408,-1.75341]}},{"id":"3283","type":"Feature","properties":{"rate_time":-0.438},"geometry":{"type":"Point","coordinates":[104.54038,-1.75336]}},{"id":"3284","type":"Feature","properties":{"rate_time":-0.283},"geometry":{"type":"Point","coordinates":[104.54068,-1.75317]}},{"id":"3285","type":"Feature","properties":{"rate_time":-0.587},"geometry":{"type":"Point","coordinates":[104.54049,-1.75299]}},{"id":"3286","type":"Feature","properties":{"rate_time":-0.591},"geometry":{"type":"Point","coordinates":[104.54029,-1.75282]}},{"id":"3287","type":"Feature","properties":{"rate_time":-0.463},"geometry":{"type":"Point","coordinates":[104.54017,-1.75258]}},{"id":"3288","type":"Feature","properties":{"rate_time":-0.393},"geometry":{"type":"Point","coordinates":[104.54004,-1.75235]}},{"id":"3289","type":"Feature","properties":{"rate_time":-0.117},"geometry":{"type":"Point","coordinates":[104.53995,-1.7521]}},{"id":"3290","type":"Feature","properties":{"rate_time":0.045},"geometry":{"type":"Point","coordinates":[104.53991,-1.75183]}},{"id":"3291","type":"Feature","properties":{"rate_time":0.069},"geometry":{"type":"Point","coordinates":[104.53983,-1.75157]}},{"id":"3292","type":"Feature","properties":{"rate_time":0.147},"geometry":{"type":"Point","coordinates":[104.53972,-1.75133]}},{"id":"3293","type":"Feature","properties":{"rate_time":0.006},"geometry":{"type":"Point","coordinates":[104.5396,-1.75108]}},{"id":"3294","type":"Feature","properties":{"rate_time":-0.061},"geometry":{"type":"Point","coordinates":[104.53948,-1.75084]}},{"id":"3295","type":"Feature","properties":{"rate_time":0.037},"geometry":{"type":"Point","coordinates":[104.53941,-1.75058]}},{"id":"3296","type":"Feature","properties":{"rate_time":0.108},"geometry":{"type":"Point","coordinates":[104.53935,-1.75031]}},{"id":"3297","type":"Feature","properties":{"rate_time":0.263},"geometry":{"type":"Point","coordinates":[104.53926,-1.75006]}},{"id":"3298","type":"Feature","properties":{"rate_time":0.328},"geometry":{"type":"Point","coordinates":[104.53916,-1.74981]}},{"id":"3299","type":"Feature","properties":{"rate_time":0.216},"geometry":{"type":"Point","coordinates":[104.53907,-1.74955]}},{"id":"3300","type":"Feature","properties":{"rate_time":0.217},"geometry":{"type":"Point","coordinates":[104.53897,-1.7493]}},{"id":"3301","type":"Feature","properties":{"rate_time":0.167},"geometry":{"type":"Point","coordinates":[104.53885,-1.74906]}},{"id":"3302","type":"Feature","properties":{"rate_time":0.265},"geometry":{"type":"Point","coordinates":[104.53879,-1.74879]}},{"id":"3303","type":"Feature","properties":{"rate_time":0.291},"geometry":{"type":"Point","coordinates":[104.53869,-1.74854]}},{"id":"3304","type":"Feature","properties":{"rate_time":0.326},"geometry":{"type":"Point","coordinates":[104.53859,-1.74829]}},{"id":"3305","type":"Feature","properties":{"rate_time":0.35},"geometry":{"type":"Point","coordinates":[104.53851,-1.74803]}},{"id":"3306","type":"Feature","properties":{"rate_time":0.24},"geometry":{"type":"Point","coordinates":[104.53841,-1.74778]}},{"id":"3307","type":"Feature","properties":{"rate_time":0.426},"geometry":{"type":"Point","coordinates":[104.5383,-1.74753]}},{"id":"3308","type":"Feature","properties":{"rate_time":0.365},"geometry":{"type":"Point","coordinates":[104.53822,-1.74727]}},{"id":"3309","type":"Feature","properties":{"rate_time":0.138},"geometry":{"type":"Point","coordinates":[104.53811,-1.74703]}},{"id":"3310","type":"Feature","properties":{"rate_time":-0.058},"geometry":{"type":"Point","coordinates":[104.53802,-1.74677]}},{"id":"3311","type":"Feature","properties":{"rate_time":-0.069},"geometry":{"type":"Point","coordinates":[104.53795,-1.74651]}},{"id":"3312","type":"Feature","properties":{"rate_time":-0.176},"geometry":{"type":"Point","coordinates":[104.53784,-1.74626]}},{"id":"3313","type":"Feature","properties":{"rate_time":-0.395},"geometry":{"type":"Point","coordinates":[104.53776,-1.74601]}},{"id":"3314","type":"Feature","properties":{"rate_time":-0.471},"geometry":{"type":"Point","coordinates":[104.5377,-1.74574]}},{"id":"3315","type":"Feature","properties":{"rate_time":-0.603},"geometry":{"type":"Point","coordinates":[104.53762,-1.74548]}},{"id":"3316","type":"Feature","properties":{"rate_time":-0.797},"geometry":{"type":"Point","coordinates":[104.53751,-1.74524]}},{"id":"3317","type":"Feature","properties":{"rate_time":-0.762},"geometry":{"type":"Point","coordinates":[104.53743,-1.74498]}},{"id":"3318","type":"Feature","properties":{"rate_time":-0.879},"geometry":{"type":"Point","coordinates":[104.53733,-1.74473]}},{"id":"3319","type":"Feature","properties":{"rate_time":-1.119},"geometry":{"type":"Point","coordinates":[104.5372,-1.74449]}},{"id":"3320","type":"Feature","properties":{"rate_time":-1.122},"geometry":{"type":"Point","coordinates":[104.53716,-1.74422]}},{"id":"3321","type":"Feature","properties":{"rate_time":-1.336},"geometry":{"type":"Point","coordinates":[104.53706,-1.74397]}},{"id":"3322","type":"Feature","properties":{"rate_time":-1.5},"geometry":{"type":"Point","coordinates":[104.53697,-1.74371]}},{"id":"3323","type":"Feature","properties":{"rate_time":-1.616},"geometry":{"type":"Point","coordinates":[104.53691,-1.74345]}},{"id":"3324","type":"Feature","properties":{"rate_time":-1.647},"geometry":{"type":"Point","coordinates":[104.5368,-1.7432]}},{"id":"3325","type":"Feature","properties":{"rate_time":-1.691},"geometry":{"type":"Point","coordinates":[104.53671,-1.74295]}},{"id":"3326","type":"Feature","properties":{"rate_time":-1.757},"geometry":{"type":"Point","coordinates":[104.53666,-1.74268]}},{"id":"3327","type":"Feature","properties":{"rate_time":-1.897},"geometry":{"type":"Point","coordinates":[104.53659,-1.74242]}},{"id":"3328","type":"Feature","properties":{"rate_time":-1.666},"geometry":{"type":"Point","coordinates":[104.53647,-1.74218]}},{"id":"3329","type":"Feature","properties":{"rate_time":-2.235},"geometry":{"type":"Point","coordinates":[104.53638,-1.74193]}},{"id":"3330","type":"Feature","properties":{"rate_time":-2.296},"geometry":{"type":"Point","coordinates":[104.53631,-1.74166]}},{"id":"3331","type":"Feature","properties":{"rate_time":-2.253},"geometry":{"type":"Point","coordinates":[104.53621,-1.74141]}},{"id":"3332","type":"Feature","properties":{"rate_time":-2.438},"geometry":{"type":"Point","coordinates":[104.53613,-1.74115]}},{"id":"3333","type":"Feature","properties":{"rate_time":-2.511},"geometry":{"type":"Point","coordinates":[104.53606,-1.74089]}},{"id":"3334","type":"Feature","properties":{"rate_time":-2.602},"geometry":{"type":"Point","coordinates":[104.53596,-1.74064]}},{"id":"3335","type":"Feature","properties":{"rate_time":-2.638},"geometry":{"type":"Point","coordinates":[104.53586,-1.74039]}},{"id":"3336","type":"Feature","properties":{"rate_time":-2.753},"geometry":{"type":"Point","coordinates":[104.53578,-1.74013]}},{"id":"3337","type":"Feature","properties":{"rate_time":-2.748},"geometry":{"type":"Point","coordinates":[104.53568,-1.73988]}},{"id":"3338","type":"Feature","properties":{"rate_time":-2.723},"geometry":{"type":"Point","coordinates":[104.53561,-1.73962]}},{"id":"3339","type":"Feature","properties":{"rate_time":-2.765},"geometry":{"type":"Point","coordinates":[104.53555,-1.73935]}},{"id":"3340","type":"Feature","properties":{"rate_time":-2.588},"geometry":{"type":"Point","coordinates":[104.53544,-1.7391]}},{"id":"3341","type":"Feature","properties":{"rate_time":-2.568},"geometry":{"type":"Point","coordinates":[104.53535,-1.73885]}},{"id":"3342","type":"Feature","properties":{"rate_time":-3.398},"geometry":{"type":"Point","coordinates":[104.53526,-1.73859]}},{"id":"3343","type":"Feature","properties":{"rate_time":-3.363},"geometry":{"type":"Point","coordinates":[104.52892,-1.79944]}},{"id":"3344","type":"Feature","properties":{"rate_time":-3.379},"geometry":{"type":"Point","coordinates":[104.52917,-1.79939]}},{"id":"3345","type":"Feature","properties":{"rate_time":-3.68},"geometry":{"type":"Point","coordinates":[104.52866,-1.79936]}},{"id":"3346","type":"Feature","properties":{"rate_time":-4.033},"geometry":{"type":"Point","coordinates":[104.52841,-1.79925]}},{"id":"3347","type":"Feature","properties":{"rate_time":-4.221},"geometry":{"type":"Point","coordinates":[104.52938,-1.79923]}},{"id":"3348","type":"Feature","properties":{"rate_time":-4.362},"geometry":{"type":"Point","coordinates":[104.52815,-1.79919]}},{"id":"3349","type":"Feature","properties":{"rate_time":-4.68},"geometry":{"type":"Point","coordinates":[104.52789,-1.79913]}},{"id":"3350","type":"Feature","properties":{"rate_time":-4.975},"geometry":{"type":"Point","coordinates":[104.52956,-1.79903]}},{"id":"3351","type":"Feature","properties":{"rate_time":-5.561},"geometry":{"type":"Point","coordinates":[104.52974,-1.79882]}},{"id":"3352","type":"Feature","properties":{"rate_time":-6.061},"geometry":{"type":"Point","coordinates":[104.52988,-1.7986]}},{"id":"3353","type":"Feature","properties":{"rate_time":-4.257},"geometry":{"type":"Point","coordinates":[104.52658,-1.79888]}},{"id":"3354","type":"Feature","properties":{"rate_time":-4.961},"geometry":{"type":"Point","coordinates":[104.5255,-1.79888]}},{"id":"3355","type":"Feature","properties":{"rate_time":-4.271},"geometry":{"type":"Point","coordinates":[104.52685,-1.79888]}},{"id":"3356","type":"Feature","properties":{"rate_time":-4.709},"geometry":{"type":"Point","coordinates":[104.52577,-1.79887]}},{"id":"3357","type":"Feature","properties":{"rate_time":-4.378},"geometry":{"type":"Point","coordinates":[104.52631,-1.79886]}},{"id":"3358","type":"Feature","properties":{"rate_time":-4.52},"geometry":{"type":"Point","coordinates":[104.52604,-1.79885]}},{"id":"3359","type":"Feature","properties":{"rate_time":-3.052},"geometry":{"type":"Point","coordinates":[104.52775,-1.72108]}},{"id":"3360","type":"Feature","properties":{"rate_time":-2.723},"geometry":{"type":"Point","coordinates":[104.52767,-1.72083]}},{"id":"3361","type":"Feature","properties":{"rate_time":-2.673},"geometry":{"type":"Point","coordinates":[104.52736,-1.7204]}},{"id":"3362","type":"Feature","properties":{"rate_time":-2.472},"geometry":{"type":"Point","coordinates":[104.52755,-1.72032]}},{"id":"3363","type":"Feature","properties":{"rate_time":-4.524},"geometry":{"type":"Point","coordinates":[104.51743,-1.80267]}},{"id":"3364","type":"Feature","properties":{"rate_time":-3.504},"geometry":{"type":"Point","coordinates":[104.51904,-1.80266]}},{"id":"3365","type":"Feature","properties":{"rate_time":-4.721},"geometry":{"type":"Point","coordinates":[104.51716,-1.80266]}},{"id":"3366","type":"Feature","properties":{"rate_time":-4.167},"geometry":{"type":"Point","coordinates":[104.51924,-1.80248]}},{"id":"3367","type":"Feature","properties":{"rate_time":-4.354},"geometry":{"type":"Point","coordinates":[104.51932,-1.70127]}},{"id":"3368","type":"Feature","properties":{"rate_time":-4.609},"geometry":{"type":"Point","coordinates":[104.51915,-1.70106]}},{"id":"3369","type":"Feature","properties":{"rate_time":-4.671},"geometry":{"type":"Point","coordinates":[104.51898,-1.70085]}},{"id":"3370","type":"Feature","properties":{"rate_time":-4.769},"geometry":{"type":"Point","coordinates":[104.5188,-1.70064]}},{"id":"3371","type":"Feature","properties":{"rate_time":-4.83},"geometry":{"type":"Point","coordinates":[104.51864,-1.70043]}},{"id":"3372","type":"Feature","properties":{"rate_time":-4.882},"geometry":{"type":"Point","coordinates":[104.51847,-1.70022]}},{"id":"3373","type":"Feature","properties":{"rate_time":-0.244},"geometry":{"type":"Point","coordinates":[104.50412,-1.80628]}},{"id":"3374","type":"Feature","properties":{"rate_time":-0.198},"geometry":{"type":"Point","coordinates":[104.50413,-1.80601]}},{"id":"3375","type":"Feature","properties":{"rate_time":-0.07},"geometry":{"type":"Point","coordinates":[104.50408,-1.80574]}},{"id":"3376","type":"Feature","properties":{"rate_time":0.016},"geometry":{"type":"Point","coordinates":[104.504,-1.80549]}},{"id":"3377","type":"Feature","properties":{"rate_time":-0.026},"geometry":{"type":"Point","coordinates":[104.50384,-1.80527]}},{"id":"3378","type":"Feature","properties":{"rate_time":0.005},"geometry":{"type":"Point","coordinates":[104.50366,-1.80506]}},{"id":"3379","type":"Feature","properties":{"rate_time":0.036},"geometry":{"type":"Point","coordinates":[104.50347,-1.80488]}},{"id":"3380","type":"Feature","properties":{"rate_time":0.037},"geometry":{"type":"Point","coordinates":[104.50327,-1.80469]}},{"id":"3381","type":"Feature","properties":{"rate_time":-5.135},"geometry":{"type":"Point","coordinates":[104.50441,-1.68326]}},{"id":"3382","type":"Feature","properties":{"rate_time":-4.919},"geometry":{"type":"Point","coordinates":[104.50425,-1.68305]}},{"id":"3383","type":"Feature","properties":{"rate_time":-3.965},"geometry":{"type":"Point","coordinates":[104.52908,-1.72401]}},{"id":"3384","type":"Feature","properties":{"rate_time":-3.786},"geometry":{"type":"Point","coordinates":[104.52894,-1.72377]}},{"id":"3385","type":"Feature","properties":{"rate_time":-3.77},"geometry":{"type":"Point","coordinates":[104.52883,-1.72353]}},{"id":"3386","type":"Feature","properties":{"rate_time":-3.738},"geometry":{"type":"Point","coordinates":[104.52872,-1.72328]}},{"id":"3387","type":"Feature","properties":{"rate_time":-3.612},"geometry":{"type":"Point","coordinates":[104.52861,-1.72303]}},{"id":"3388","type":"Feature","properties":{"rate_time":-3.39},"geometry":{"type":"Point","coordinates":[104.5286,-1.72276]}},{"id":"3389","type":"Feature","properties":{"rate_time":-3.232},"geometry":{"type":"Point","coordinates":[104.52854,-1.72249]}},{"id":"3390","type":"Feature","properties":{"rate_time":-3.146},"geometry":{"type":"Point","coordinates":[104.52852,-1.72222]}},{"id":"3391","type":"Feature","properties":{"rate_time":-3.221},"geometry":{"type":"Point","coordinates":[104.52825,-1.72208]}},{"id":"3392","type":"Feature","properties":{"rate_time":-3.098},"geometry":{"type":"Point","coordinates":[104.52848,-1.72196]}},{"id":"3393","type":"Feature","properties":{"rate_time":-3.377},"geometry":{"type":"Point","coordinates":[104.52812,-1.72189]}},{"id":"3394","type":"Feature","properties":{"rate_time":-3.25},"geometry":{"type":"Point","coordinates":[104.52807,-1.72164]}},{"id":"3395","type":"Feature","properties":{"rate_time":-3.252},"geometry":{"type":"Point","coordinates":[104.52795,-1.72158]}},{"id":"3396","type":"Feature","properties":{"rate_time":-2.795},"geometry":{"type":"Point","coordinates":[104.52817,-1.72143]}},{"id":"3397","type":"Feature","properties":{"rate_time":-2.776},"geometry":{"type":"Point","coordinates":[104.52822,-1.72141]}},{"id":"3398","type":"Feature","properties":{"rate_time":-3.184},"geometry":{"type":"Point","coordinates":[104.52782,-1.72135]}},{"id":"3399","type":"Feature","properties":{"rate_time":-2.765},"geometry":{"type":"Point","coordinates":[104.52813,-1.72118]}},{"id":"3400","type":"Feature","properties":{"rate_time":-2.72},"geometry":{"type":"Point","coordinates":[104.52826,-1.72114]}},{"id":"3401","type":"Feature","properties":{"rate_time":-2.485},"geometry":{"type":"Point","coordinates":[104.5282,-1.72093]}},{"id":"3402","type":"Feature","properties":{"rate_time":-2.512},"geometry":{"type":"Point","coordinates":[104.52791,-1.72071]}},{"id":"3403","type":"Feature","properties":{"rate_time":-3.09},"geometry":{"type":"Point","coordinates":[104.52988,-1.72064]}},{"id":"3404","type":"Feature","properties":{"rate_time":-3.072},"geometry":{"type":"Point","coordinates":[104.52969,-1.72059]}},{"id":"3405","type":"Feature","properties":{"rate_time":-3.022},"geometry":{"type":"Point","coordinates":[104.52992,-1.72053]}},{"id":"3406","type":"Feature","properties":{"rate_time":-2.383},"geometry":{"type":"Point","coordinates":[104.52791,-1.72052]}},{"id":"3407","type":"Feature","properties":{"rate_time":-2.949},"geometry":{"type":"Point","coordinates":[104.52955,-1.72036]}},{"id":"3408","type":"Feature","properties":{"rate_time":-2.873},"geometry":{"type":"Point","coordinates":[104.53,-1.72027]}},{"id":"3409","type":"Feature","properties":{"rate_time":-2.799},"geometry":{"type":"Point","coordinates":[104.52946,-1.7201]}},{"id":"3410","type":"Feature","properties":{"rate_time":-2.747},"geometry":{"type":"Point","coordinates":[104.53005,-1.72001]}},{"id":"3411","type":"Feature","properties":{"rate_time":-2.599},"geometry":{"type":"Point","coordinates":[104.52936,-1.71985]}},{"id":"3412","type":"Feature","properties":{"rate_time":-2.643},"geometry":{"type":"Point","coordinates":[104.53003,-1.71974]}},{"id":"3413","type":"Feature","properties":{"rate_time":-2.329},"geometry":{"type":"Point","coordinates":[104.52774,-1.72032]}},{"id":"3414","type":"Feature","properties":{"rate_time":-2.827},"geometry":{"type":"Point","coordinates":[104.52715,-1.72023]}},{"id":"3415","type":"Feature","properties":{"rate_time":-2.749},"geometry":{"type":"Point","coordinates":[104.52704,-1.71998]}},{"id":"3416","type":"Feature","properties":{"rate_time":-2.676},"geometry":{"type":"Point","coordinates":[104.52691,-1.71974]}},{"id":"3417","type":"Feature","properties":{"rate_time":-2.561},"geometry":{"type":"Point","coordinates":[104.52676,-1.71953]}},{"id":"3418","type":"Feature","properties":{"rate_time":-2.538},"geometry":{"type":"Point","coordinates":[104.52667,-1.71927]}},{"id":"3419","type":"Feature","properties":{"rate_time":-2.617},"geometry":{"type":"Point","coordinates":[104.52652,-1.71905]}},{"id":"3420","type":"Feature","properties":{"rate_time":-2.755},"geometry":{"type":"Point","coordinates":[104.52633,-1.71885]}},{"id":"3421","type":"Feature","properties":{"rate_time":-2.724},"geometry":{"type":"Point","coordinates":[104.52617,-1.71864]}},{"id":"3422","type":"Feature","properties":{"rate_time":-2.83},"geometry":{"type":"Point","coordinates":[104.526,-1.71842]}},{"id":"3423","type":"Feature","properties":{"rate_time":-2.755},"geometry":{"type":"Point","coordinates":[104.52889,-1.7183]}},{"id":"3424","type":"Feature","properties":{"rate_time":-2.824},"geometry":{"type":"Point","coordinates":[104.5297,-1.71816]}},{"id":"3425","type":"Feature","properties":{"rate_time":-2.674},"geometry":{"type":"Point","coordinates":[104.5288,-1.71805]}},{"id":"3426","type":"Feature","properties":{"rate_time":-2.794},"geometry":{"type":"Point","coordinates":[104.52965,-1.71789]}},{"id":"3427","type":"Feature","properties":{"rate_time":-2.622},"geometry":{"type":"Point","coordinates":[104.5287,-1.7178]}},{"id":"3428","type":"Feature","properties":{"rate_time":-2.749},"geometry":{"type":"Point","coordinates":[104.5296,-1.71762]}},{"id":"3429","type":"Feature","properties":{"rate_time":-1.362},"geometry":{"type":"Point","coordinates":[104.5286,-1.71755]}},{"id":"3430","type":"Feature","properties":{"rate_time":-2.679},"geometry":{"type":"Point","coordinates":[104.52948,-1.71738]}},{"id":"3431","type":"Feature","properties":{"rate_time":-1.51},"geometry":{"type":"Point","coordinates":[104.5285,-1.71731]}},{"id":"3432","type":"Feature","properties":{"rate_time":-2.646},"geometry":{"type":"Point","coordinates":[104.52936,-1.71714]}},{"id":"3433","type":"Feature","properties":{"rate_time":-2.849},"geometry":{"type":"Point","coordinates":[104.52583,-1.71821]}},{"id":"3434","type":"Feature","properties":{"rate_time":-2.926},"geometry":{"type":"Point","coordinates":[104.52563,-1.71804]}},{"id":"3435","type":"Feature","properties":{"rate_time":-2.952},"geometry":{"type":"Point","coordinates":[104.52542,-1.71786]}},{"id":"3436","type":"Feature","properties":{"rate_time":-3.114},"geometry":{"type":"Point","coordinates":[104.5252,-1.71771]}},{"id":"3437","type":"Feature","properties":{"rate_time":-3.335},"geometry":{"type":"Point","coordinates":[104.52497,-1.71756]}},{"id":"3438","type":"Feature","properties":{"rate_time":-3.491},"geometry":{"type":"Point","coordinates":[104.52477,-1.71738]}},{"id":"3439","type":"Feature","properties":{"rate_time":-3.695},"geometry":{"type":"Point","coordinates":[104.52454,-1.71725]}},{"id":"3440","type":"Feature","properties":{"rate_time":-3.889},"geometry":{"type":"Point","coordinates":[104.52432,-1.71709]}},{"id":"3441","type":"Feature","properties":{"rate_time":-4.16},"geometry":{"type":"Point","coordinates":[104.52411,-1.71692]}},{"id":"3442","type":"Feature","properties":{"rate_time":-4.428},"geometry":{"type":"Point","coordinates":[104.52389,-1.71677]}},{"id":"3443","type":"Feature","properties":{"rate_time":-3.303},"geometry":{"type":"Point","coordinates":[104.53516,-1.73834]}},{"id":"3444","type":"Feature","properties":{"rate_time":-3.074},"geometry":{"type":"Point","coordinates":[104.53509,-1.73808]}},{"id":"3445","type":"Feature","properties":{"rate_time":-2.862},"geometry":{"type":"Point","coordinates":[104.53504,-1.73781]}},{"id":"3446","type":"Feature","properties":{"rate_time":-2.807},"geometry":{"type":"Point","coordinates":[104.535,-1.73755]}},{"id":"3447","type":"Feature","properties":{"rate_time":-2.795},"geometry":{"type":"Point","coordinates":[104.53496,-1.73728]}},{"id":"3448","type":"Feature","properties":{"rate_time":-2.95},"geometry":{"type":"Point","coordinates":[104.53486,-1.73702]}},{"id":"3449","type":"Feature","properties":{"rate_time":-2.919},"geometry":{"type":"Point","coordinates":[104.53476,-1.73677]}},{"id":"3450","type":"Feature","properties":{"rate_time":-2.841},"geometry":{"type":"Point","coordinates":[104.53465,-1.73652]}},{"id":"3451","type":"Feature","properties":{"rate_time":-2.785},"geometry":{"type":"Point","coordinates":[104.53455,-1.73627]}},{"id":"3452","type":"Feature","properties":{"rate_time":-2.84},"geometry":{"type":"Point","coordinates":[104.53446,-1.73602]}},{"id":"3453","type":"Feature","properties":{"rate_time":-3.039},"geometry":{"type":"Point","coordinates":[104.53434,-1.73578]}},{"id":"3454","type":"Feature","properties":{"rate_time":-3.1},"geometry":{"type":"Point","coordinates":[104.53425,-1.73552]}},{"id":"3455","type":"Feature","properties":{"rate_time":-3.231},"geometry":{"type":"Point","coordinates":[104.53417,-1.73526]}},{"id":"3456","type":"Feature","properties":{"rate_time":-3.306},"geometry":{"type":"Point","coordinates":[104.53407,-1.73501]}},{"id":"3457","type":"Feature","properties":{"rate_time":-3.266},"geometry":{"type":"Point","coordinates":[104.534,-1.73475]}},{"id":"3458","type":"Feature","properties":{"rate_time":-3.318},"geometry":{"type":"Point","coordinates":[104.53394,-1.73448]}},{"id":"3459","type":"Feature","properties":{"rate_time":-3.266},"geometry":{"type":"Point","coordinates":[104.53386,-1.73423]}},{"id":"3460","type":"Feature","properties":{"rate_time":-3.237},"geometry":{"type":"Point","coordinates":[104.5338,-1.73396]}},{"id":"3461","type":"Feature","properties":{"rate_time":-3.176},"geometry":{"type":"Point","coordinates":[104.53371,-1.73371]}},{"id":"3462","type":"Feature","properties":{"rate_time":-3.211},"geometry":{"type":"Point","coordinates":[104.53358,-1.73347]}},{"id":"3463","type":"Feature","properties":{"rate_time":-3.191},"geometry":{"type":"Point","coordinates":[104.53349,-1.73322]}},{"id":"3464","type":"Feature","properties":{"rate_time":-3.134},"geometry":{"type":"Point","coordinates":[104.53342,-1.73295]}},{"id":"3465","type":"Feature","properties":{"rate_time":-3.116},"geometry":{"type":"Point","coordinates":[104.53335,-1.73269]}},{"id":"3466","type":"Feature","properties":{"rate_time":-3.162},"geometry":{"type":"Point","coordinates":[104.53324,-1.73244]}},{"id":"3467","type":"Feature","properties":{"rate_time":-3.099},"geometry":{"type":"Point","coordinates":[104.53314,-1.73219]}},{"id":"3468","type":"Feature","properties":{"rate_time":-3.162},"geometry":{"type":"Point","coordinates":[104.53304,-1.73194]}},{"id":"3469","type":"Feature","properties":{"rate_time":-1.86},"geometry":{"type":"Point","coordinates":[104.53336,-1.72761]}},{"id":"3470","type":"Feature","properties":{"rate_time":-2.103},"geometry":{"type":"Point","coordinates":[104.53317,-1.72757]}},{"id":"3471","type":"Feature","properties":{"rate_time":-1.854},"geometry":{"type":"Point","coordinates":[104.53338,-1.72734]}},{"id":"3472","type":"Feature","properties":{"rate_time":-1.971},"geometry":{"type":"Point","coordinates":[104.53339,-1.72707]}},{"id":"3473","type":"Feature","properties":{"rate_time":-3.406},"geometry":{"type":"Point","coordinates":[104.53218,-1.72996]}},{"id":"3474","type":"Feature","properties":{"rate_time":-3.352},"geometry":{"type":"Point","coordinates":[104.53209,-1.72971]}},{"id":"3475","type":"Feature","properties":{"rate_time":-3.358},"geometry":{"type":"Point","coordinates":[104.53203,-1.72944]}},{"id":"3476","type":"Feature","properties":{"rate_time":-3.341},"geometry":{"type":"Point","coordinates":[104.53198,-1.72917]}},{"id":"3477","type":"Feature","properties":{"rate_time":-3.401},"geometry":{"type":"Point","coordinates":[104.53196,-1.72891]}},{"id":"3478","type":"Feature","properties":{"rate_time":-3.496},"geometry":{"type":"Point","coordinates":[104.53192,-1.72864]}},{"id":"3479","type":"Feature","properties":{"rate_time":-3.099},"geometry":{"type":"Point","coordinates":[104.53181,-1.7284]}},{"id":"3480","type":"Feature","properties":{"rate_time":-3.278},"geometry":{"type":"Point","coordinates":[104.53169,-1.72815]}},{"id":"3481","type":"Feature","properties":{"rate_time":-3.323},"geometry":{"type":"Point","coordinates":[104.53152,-1.72795]}},{"id":"3482","type":"Feature","properties":{"rate_time":-3.461},"geometry":{"type":"Point","coordinates":[104.53136,-1.72773]}},{"id":"3483","type":"Feature","properties":{"rate_time":-3.597},"geometry":{"type":"Point","coordinates":[104.5312,-1.72751]}},{"id":"3484","type":"Feature","properties":{"rate_time":-3.846},"geometry":{"type":"Point","coordinates":[104.53292,-1.72747]}},{"id":"3485","type":"Feature","properties":{"rate_time":-4.569},"geometry":{"type":"Point","coordinates":[104.53267,-1.72739]}},{"id":"3486","type":"Feature","properties":{"rate_time":-3.69},"geometry":{"type":"Point","coordinates":[104.53105,-1.72729]}},{"id":"3487","type":"Feature","properties":{"rate_time":-2.384},"geometry":{"type":"Point","coordinates":[104.53252,-1.72717]}},{"id":"3488","type":"Feature","properties":{"rate_time":-3.551},"geometry":{"type":"Point","coordinates":[104.53225,-1.72717]}},{"id":"3489","type":"Feature","properties":{"rate_time":-3.857},"geometry":{"type":"Point","coordinates":[104.53091,-1.72706]}},{"id":"3490","type":"Feature","properties":{"rate_time":-3.564},"geometry":{"type":"Point","coordinates":[104.53206,-1.72698]}},{"id":"3491","type":"Feature","properties":{"rate_time":-2.998},"geometry":{"type":"Point","coordinates":[104.53277,-1.72695]}},{"id":"3492","type":"Feature","properties":{"rate_time":-3.071},"geometry":{"type":"Point","coordinates":[104.53251,-1.72688]}},{"id":"3493","type":"Feature","properties":{"rate_time":-3.024},"geometry":{"type":"Point","coordinates":[104.53298,-1.72682]}},{"id":"3494","type":"Feature","properties":{"rate_time":-3.975},"geometry":{"type":"Point","coordinates":[104.53079,-1.72681]}},{"id":"3495","type":"Feature","properties":{"rate_time":-3.412},"geometry":{"type":"Point","coordinates":[104.53186,-1.7268]}},{"id":"3496","type":"Feature","properties":{"rate_time":-3.186},"geometry":{"type":"Point","coordinates":[104.53227,-1.72677]}},{"id":"3497","type":"Feature","properties":{"rate_time":-3.504},"geometry":{"type":"Point","coordinates":[104.53166,-1.72662]}},{"id":"3498","type":"Feature","properties":{"rate_time":-3.292},"geometry":{"type":"Point","coordinates":[104.53209,-1.72658]}},{"id":"3499","type":"Feature","properties":{"rate_time":-4.129},"geometry":{"type":"Point","coordinates":[104.53067,-1.72657]}},{"id":"3500","type":"Feature","properties":{"rate_time":-3.111},"geometry":{"type":"Point","coordinates":[104.53296,-1.72655]}},{"id":"3501","type":"Feature","properties":{"rate_time":-3.73},"geometry":{"type":"Point","coordinates":[104.53147,-1.72643]}},{"id":"3502","type":"Feature","properties":{"rate_time":-4.225},"geometry":{"type":"Point","coordinates":[104.53053,-1.72634]}},{"id":"3503","type":"Feature","properties":{"rate_time":-2.847},"geometry":{"type":"Point","coordinates":[104.53339,-1.7268]}},{"id":"3504","type":"Feature","properties":{"rate_time":-2.921},"geometry":{"type":"Point","coordinates":[104.53337,-1.72653]}},{"id":"3505","type":"Feature","properties":{"rate_time":-2.931},"geometry":{"type":"Point","coordinates":[104.53322,-1.72632]}},{"id":"3506","type":"Feature","properties":{"rate_time":-3.168},"geometry":{"type":"Point","coordinates":[104.53299,-1.72629]}},{"id":"3507","type":"Feature","properties":{"rate_time":-3.402},"geometry":{"type":"Point","coordinates":[104.53204,-1.72631]}},{"id":"3508","type":"Feature","properties":{"rate_time":-3.935},"geometry":{"type":"Point","coordinates":[104.53127,-1.72624]}},{"id":"3509","type":"Feature","properties":{"rate_time":-3.926},"geometry":{"type":"Point","coordinates":[104.53046,-1.72608]}},{"id":"3510","type":"Feature","properties":{"rate_time":-4.11},"geometry":{"type":"Point","coordinates":[104.53106,-1.72607]}},{"id":"3511","type":"Feature","properties":{"rate_time":-2.696},"geometry":{"type":"Point","coordinates":[104.53206,-1.72604]}},{"id":"3512","type":"Feature","properties":{"rate_time":-3.902},"geometry":{"type":"Point","coordinates":[104.53085,-1.72591]}},{"id":"3513","type":"Feature","properties":{"rate_time":-3.791},"geometry":{"type":"Point","coordinates":[104.53061,-1.72588]}},{"id":"3514","type":"Feature","properties":{"rate_time":-2.989},"geometry":{"type":"Point","coordinates":[104.53193,-1.72581]}},{"id":"3515","type":"Feature","properties":{"rate_time":-3.585},"geometry":{"type":"Point","coordinates":[104.53172,-1.72563]}},{"id":"3516","type":"Feature","properties":{"rate_time":-3.707},"geometry":{"type":"Point","coordinates":[104.53147,-1.72554]}},{"id":"3517","type":"Feature","properties":{"rate_time":-3.677},"geometry":{"type":"Point","coordinates":[104.5313,-1.72535]}},{"id":"3518","type":"Feature","properties":{"rate_time":-3.366},"geometry":{"type":"Point","coordinates":[104.53112,-1.72516]}},{"id":"3519","type":"Feature","properties":{"rate_time":-3.033},"geometry":{"type":"Point","coordinates":[104.53088,-1.72504]}},{"id":"3520","type":"Feature","properties":{"rate_time":-2.931},"geometry":{"type":"Point","coordinates":[104.53064,-1.72492]}},{"id":"3521","type":"Feature","properties":{"rate_time":-3.006},"geometry":{"type":"Point","coordinates":[104.53038,-1.72487]}},{"id":"3522","type":"Feature","properties":{"rate_time":-3.363},"geometry":{"type":"Point","coordinates":[104.53011,-1.72482]}},{"id":"3523","type":"Feature","properties":{"rate_time":-3.564},"geometry":{"type":"Point","coordinates":[104.52986,-1.72474]}},{"id":"3524","type":"Feature","properties":{"rate_time":-3.799},"geometry":{"type":"Point","coordinates":[104.52963,-1.7246]}},{"id":"3525","type":"Feature","properties":{"rate_time":-3.938},"geometry":{"type":"Point","coordinates":[104.52942,-1.72442]}},{"id":"3526","type":"Feature","properties":{"rate_time":-3.968},"geometry":{"type":"Point","coordinates":[104.52924,-1.72422]}},{"id":"3527","type":"Feature","properties":{"rate_time":-2.744},"geometry":{"type":"Point","coordinates":[104.52925,-1.7196]}},{"id":"3528","type":"Feature","properties":{"rate_time":-2.491},"geometry":{"type":"Point","coordinates":[104.53001,-1.71947]}},{"id":"3529","type":"Feature","properties":{"rate_time":-2.694},"geometry":{"type":"Point","coordinates":[104.52916,-1.71935]}},{"id":"3530","type":"Feature","properties":{"rate_time":-3.2},"geometry":{"type":"Point","coordinates":[104.52995,-1.7192]}},{"id":"3531","type":"Feature","properties":{"rate_time":-3.101},"geometry":{"type":"Point","coordinates":[104.52906,-1.71909]}},{"id":"3532","type":"Feature","properties":{"rate_time":-3.183},"geometry":{"type":"Point","coordinates":[104.52991,-1.71894]}},{"id":"3533","type":"Feature","properties":{"rate_time":-2.866},"geometry":{"type":"Point","coordinates":[104.52898,-1.71884]}},{"id":"3534","type":"Feature","properties":{"rate_time":-2.835},"geometry":{"type":"Point","coordinates":[104.52987,-1.71867]}},{"id":"3535","type":"Feature","properties":{"rate_time":-2.891},"geometry":{"type":"Point","coordinates":[104.52894,-1.71857]}},{"id":"3536","type":"Feature","properties":{"rate_time":-2.852},"geometry":{"type":"Point","coordinates":[104.52978,-1.71842]}},{"id":"3537","type":"Feature","properties":{"rate_time":-4.683},"geometry":{"type":"Point","coordinates":[104.52372,-1.71656]}},{"id":"3538","type":"Feature","properties":{"rate_time":-4.779},"geometry":{"type":"Point","coordinates":[104.52353,-1.71637]}},{"id":"3539","type":"Feature","properties":{"rate_time":-4.181},"geometry":{"type":"Point","coordinates":[104.52331,-1.71622]}},{"id":"3540","type":"Feature","properties":{"rate_time":-3.542},"geometry":{"type":"Point","coordinates":[104.5231,-1.71605]}},{"id":"3541","type":"Feature","properties":{"rate_time":-2.837},"geometry":{"type":"Point","coordinates":[104.52286,-1.71592]}},{"id":"3542","type":"Feature","properties":{"rate_time":-2.165},"geometry":{"type":"Point","coordinates":[104.52266,-1.71575]}},{"id":"3543","type":"Feature","properties":{"rate_time":-1.408},"geometry":{"type":"Point","coordinates":[104.52244,-1.71559]}},{"id":"3544","type":"Feature","properties":{"rate_time":-0.635},"geometry":{"type":"Point","coordinates":[104.5222,-1.71547]}},{"id":"3545","type":"Feature","properties":{"rate_time":-0.132},"geometry":{"type":"Point","coordinates":[104.52194,-1.7154]}},{"id":"3546","type":"Feature","properties":{"rate_time":-0.226},"geometry":{"type":"Point","coordinates":[104.52147,-1.71477]}},{"id":"3547","type":"Feature","properties":{"rate_time":-1.489},"geometry":{"type":"Point","coordinates":[104.52861,-1.71707]}},{"id":"3548","type":"Feature","properties":{"rate_time":-2.666},"geometry":{"type":"Point","coordinates":[104.52914,-1.71703]}},{"id":"3549","type":"Feature","properties":{"rate_time":-2.694},"geometry":{"type":"Point","coordinates":[104.52887,-1.71702]}},{"id":"3550","type":"Feature","properties":{"rate_time":6.201},"geometry":{"type":"Point","coordinates":[104.52837,-1.71459]}},{"id":"3551","type":"Feature","properties":{"rate_time":6.341},"geometry":{"type":"Point","coordinates":[104.52864,-1.71457]}},{"id":"3552","type":"Feature","properties":{"rate_time":6.276},"geometry":{"type":"Point","coordinates":[104.52812,-1.71451]}},{"id":"3553","type":"Feature","properties":{"rate_time":6.83},"geometry":{"type":"Point","coordinates":[104.5289,-1.7145]}},{"id":"3554","type":"Feature","properties":{"rate_time":6.499},"geometry":{"type":"Point","coordinates":[104.52788,-1.71439]}},{"id":"3555","type":"Feature","properties":{"rate_time":6.16},"geometry":{"type":"Point","coordinates":[104.52911,-1.71436]}},{"id":"3556","type":"Feature","properties":{"rate_time":6.323},"geometry":{"type":"Point","coordinates":[104.52893,-1.71417]}},{"id":"3557","type":"Feature","properties":{"rate_time":-0.196},"geometry":{"type":"Point","coordinates":[104.52174,-1.71471]}},{"id":"3558","type":"Feature","properties":{"rate_time":-0.372},"geometry":{"type":"Point","coordinates":[104.52199,-1.71461]}},{"id":"3559","type":"Feature","properties":{"rate_time":-0.501},"geometry":{"type":"Point","coordinates":[104.52224,-1.71451]}},{"id":"3560","type":"Feature","properties":{"rate_time":-0.391},"geometry":{"type":"Point","coordinates":[104.5225,-1.71446]}},{"id":"3561","type":"Feature","properties":{"rate_time":-0.529},"geometry":{"type":"Point","coordinates":[104.52277,-1.7144]}},{"id":"3562","type":"Feature","properties":{"rate_time":-0.59},"geometry":{"type":"Point","coordinates":[104.52303,-1.71434]}},{"id":"3563","type":"Feature","properties":{"rate_time":-0.444},"geometry":{"type":"Point","coordinates":[104.5233,-1.71431]}},{"id":"3564","type":"Feature","properties":{"rate_time":1.034},"geometry":{"type":"Point","coordinates":[104.52437,-1.7143]}},{"id":"3565","type":"Feature","properties":{"rate_time":0.386},"geometry":{"type":"Point","coordinates":[104.5241,-1.7143]}},{"id":"3566","type":"Feature","properties":{"rate_time":-0.337},"geometry":{"type":"Point","coordinates":[104.52357,-1.71429]}},{"id":"3567","type":"Feature","properties":{"rate_time":-0.088},"geometry":{"type":"Point","coordinates":[104.52384,-1.71429]}},{"id":"3568","type":"Feature","properties":{"rate_time":1.865},"geometry":{"type":"Point","coordinates":[104.52464,-1.71428]}},{"id":"3569","type":"Feature","properties":{"rate_time":2.694},"geometry":{"type":"Point","coordinates":[104.52491,-1.71422]}},{"id":"3570","type":"Feature","properties":{"rate_time":6.227},"geometry":{"type":"Point","coordinates":[104.52771,-1.71418]}},{"id":"3571","type":"Feature","properties":{"rate_time":3.47},"geometry":{"type":"Point","coordinates":[104.52516,-1.71412]}},{"id":"3572","type":"Feature","properties":{"rate_time":4.265},"geometry":{"type":"Point","coordinates":[104.5254,-1.71402]}},{"id":"3573","type":"Feature","properties":{"rate_time":6.214},"geometry":{"type":"Point","coordinates":[104.52751,-1.714]}},{"id":"3574","type":"Feature","properties":{"rate_time":4.868},"geometry":{"type":"Point","coordinates":[104.52566,-1.71392]}},{"id":"3575","type":"Feature","properties":{"rate_time":5.597},"geometry":{"type":"Point","coordinates":[104.52591,-1.71384]}},{"id":"3576","type":"Feature","properties":{"rate_time":6.097},"geometry":{"type":"Point","coordinates":[104.52734,-1.71379]}},{"id":"3577","type":"Feature","properties":{"rate_time":6.337},"geometry":{"type":"Point","coordinates":[104.52872,-1.71401]}},{"id":"3578","type":"Feature","properties":{"rate_time":5.56},"geometry":{"type":"Point","coordinates":[104.52853,-1.71381]}},{"id":"3579","type":"Feature","properties":{"rate_time":6.34},"geometry":{"type":"Point","coordinates":[104.52833,-1.71365]}},{"id":"3580","type":"Feature","properties":{"rate_time":6.449},"geometry":{"type":"Point","coordinates":[104.52808,-1.71362]}},{"id":"3581","type":"Feature","properties":{"rate_time":5.792},"geometry":{"type":"Point","coordinates":[104.52616,-1.71372]}},{"id":"3582","type":"Feature","properties":{"rate_time":6.558},"geometry":{"type":"Point","coordinates":[104.52782,-1.71368]}},{"id":"3583","type":"Feature","properties":{"rate_time":5.788},"geometry":{"type":"Point","coordinates":[104.52639,-1.7136]}},{"id":"3584","type":"Feature","properties":{"rate_time":6.564},"geometry":{"type":"Point","coordinates":[104.52716,-1.71359]}},{"id":"3585","type":"Feature","properties":{"rate_time":5.991},"geometry":{"type":"Point","coordinates":[104.52764,-1.71358]}},{"id":"3586","type":"Feature","properties":{"rate_time":5.593},"geometry":{"type":"Point","coordinates":[104.52666,-1.71355]}},{"id":"3587","type":"Feature","properties":{"rate_time":6.086},"geometry":{"type":"Point","coordinates":[104.52715,-1.71352]}},{"id":"3588","type":"Feature","properties":{"rate_time":6.011},"geometry":{"type":"Point","coordinates":[104.52691,-1.7135]}},{"id":"3589","type":"Feature","properties":{"rate_time":4.781},"geometry":{"type":"Point","coordinates":[104.52735,-1.71333]}},{"id":"3590","type":"Feature","properties":{"rate_time":5.043},"geometry":{"type":"Point","coordinates":[104.52755,-1.71332]}},{"id":"3591","type":"Feature","properties":{"rate_time":5.038},"geometry":{"type":"Point","coordinates":[104.527,-1.71332]}},{"id":"3592","type":"Feature","properties":{"rate_time":4.625},"geometry":{"type":"Point","coordinates":[104.5268,-1.71314]}},{"id":"3593","type":"Feature","properties":{"rate_time":4.166},"geometry":{"type":"Point","coordinates":[104.52659,-1.71296]}},{"id":"3594","type":"Feature","properties":{"rate_time":4.025},"geometry":{"type":"Point","coordinates":[104.52634,-1.71287]}},{"id":"3595","type":"Feature","properties":{"rate_time":2.026},"geometry":{"type":"Point","coordinates":[104.5261,-1.71274]}},{"id":"3596","type":"Feature","properties":{"rate_time":1.657},"geometry":{"type":"Point","coordinates":[104.52585,-1.71265]}},{"id":"3597","type":"Feature","properties":{"rate_time":3.209},"geometry":{"type":"Point","coordinates":[104.52562,-1.71251]}},{"id":"3598","type":"Feature","properties":{"rate_time":2.791},"geometry":{"type":"Point","coordinates":[104.52546,-1.71231]}},{"id":"3599","type":"Feature","properties":{"rate_time":1.654},"geometry":{"type":"Point","coordinates":[104.52538,-1.71205]}},{"id":"3600","type":"Feature","properties":{"rate_time":0.283},"geometry":{"type":"Point","coordinates":[104.5253,-1.71179]}},{"id":"3601","type":"Feature","properties":{"rate_time":-0.489},"geometry":{"type":"Point","coordinates":[104.5252,-1.71154]}},{"id":"3602","type":"Feature","properties":{"rate_time":-1.28},"geometry":{"type":"Point","coordinates":[104.52511,-1.71129]}},{"id":"3603","type":"Feature","properties":{"rate_time":-1.995},"geometry":{"type":"Point","coordinates":[104.52498,-1.71105]}},{"id":"3604","type":"Feature","properties":{"rate_time":-2.724},"geometry":{"type":"Point","coordinates":[104.52486,-1.71081]}},{"id":"3605","type":"Feature","properties":{"rate_time":-2.243},"geometry":{"type":"Point","coordinates":[104.5247,-1.71058]}},{"id":"3606","type":"Feature","properties":{"rate_time":-3.048},"geometry":{"type":"Point","coordinates":[104.52461,-1.71033]}},{"id":"3607","type":"Feature","properties":{"rate_time":-2.821},"geometry":{"type":"Point","coordinates":[104.52447,-1.7101]}},{"id":"3608","type":"Feature","properties":{"rate_time":-2.817},"geometry":{"type":"Point","coordinates":[104.52432,-1.70988]}},{"id":"3609","type":"Feature","properties":{"rate_time":-2.91},"geometry":{"type":"Point","coordinates":[104.52416,-1.70965]}},{"id":"3610","type":"Feature","properties":{"rate_time":-2.83},"geometry":{"type":"Point","coordinates":[104.52404,-1.70941]}},{"id":"3611","type":"Feature","properties":{"rate_time":-2.751},"geometry":{"type":"Point","coordinates":[104.5239,-1.70918]}},{"id":"3612","type":"Feature","properties":{"rate_time":-2.778},"geometry":{"type":"Point","coordinates":[104.52379,-1.70894]}},{"id":"3613","type":"Feature","properties":{"rate_time":-2.69},"geometry":{"type":"Point","coordinates":[104.52366,-1.7087]}},{"id":"3614","type":"Feature","properties":{"rate_time":-2.474},"geometry":{"type":"Point","coordinates":[104.52359,-1.70844]}},{"id":"3615","type":"Feature","properties":{"rate_time":-2.307},"geometry":{"type":"Point","coordinates":[104.52352,-1.70818]}},{"id":"3616","type":"Feature","properties":{"rate_time":-2.325},"geometry":{"type":"Point","coordinates":[104.52341,-1.70793]}},{"id":"3617","type":"Feature","properties":{"rate_time":-2.406},"geometry":{"type":"Point","coordinates":[104.52328,-1.70769]}},{"id":"3618","type":"Feature","properties":{"rate_time":-2.167},"geometry":{"type":"Point","coordinates":[104.52313,-1.70746]}},{"id":"3619","type":"Feature","properties":{"rate_time":-2.314},"geometry":{"type":"Point","coordinates":[104.52302,-1.70722]}},{"id":"3620","type":"Feature","properties":{"rate_time":-2.365},"geometry":{"type":"Point","coordinates":[104.5229,-1.70697]}},{"id":"3621","type":"Feature","properties":{"rate_time":-2.319},"geometry":{"type":"Point","coordinates":[104.52277,-1.70674]}},{"id":"3622","type":"Feature","properties":{"rate_time":-2.218},"geometry":{"type":"Point","coordinates":[104.52267,-1.70649]}},{"id":"3623","type":"Feature","properties":{"rate_time":-2.212},"geometry":{"type":"Point","coordinates":[104.52258,-1.70623]}},{"id":"3624","type":"Feature","properties":{"rate_time":-2.479},"geometry":{"type":"Point","coordinates":[104.52246,-1.70599]}},{"id":"3625","type":"Feature","properties":{"rate_time":-2.505},"geometry":{"type":"Point","coordinates":[104.52227,-1.7058]}},{"id":"3626","type":"Feature","properties":{"rate_time":-2.545},"geometry":{"type":"Point","coordinates":[104.52212,-1.70558]}},{"id":"3627","type":"Feature","properties":{"rate_time":-2.572},"geometry":{"type":"Point","coordinates":[104.52197,-1.70535]}},{"id":"3628","type":"Feature","properties":{"rate_time":-2.521},"geometry":{"type":"Point","coordinates":[104.52184,-1.70511]}},{"id":"3629","type":"Feature","properties":{"rate_time":-2.518},"geometry":{"type":"Point","coordinates":[104.5217,-1.70488]}},{"id":"3630","type":"Feature","properties":{"rate_time":-2.415},"geometry":{"type":"Point","coordinates":[104.52156,-1.70465]}},{"id":"3631","type":"Feature","properties":{"rate_time":-2.389},"geometry":{"type":"Point","coordinates":[104.52142,-1.70442]}},{"id":"3632","type":"Feature","properties":{"rate_time":-2.451},"geometry":{"type":"Point","coordinates":[104.52128,-1.70419]}},{"id":"3633","type":"Feature","properties":{"rate_time":-2.574},"geometry":{"type":"Point","coordinates":[104.52114,-1.70395]}},{"id":"3634","type":"Feature","properties":{"rate_time":-2.637},"geometry":{"type":"Point","coordinates":[104.52101,-1.70371]}},{"id":"3635","type":"Feature","properties":{"rate_time":-2.8},"geometry":{"type":"Point","coordinates":[104.52087,-1.70348]}},{"id":"3636","type":"Feature","properties":{"rate_time":-2.974},"geometry":{"type":"Point","coordinates":[104.5207,-1.70328]}},{"id":"3637","type":"Feature","properties":{"rate_time":-3.121},"geometry":{"type":"Point","coordinates":[104.52054,-1.70305]}},{"id":"3638","type":"Feature","properties":{"rate_time":-3.269},"geometry":{"type":"Point","coordinates":[104.5204,-1.70282]}},{"id":"3639","type":"Feature","properties":{"rate_time":-3.381},"geometry":{"type":"Point","coordinates":[104.52027,-1.70259]}},{"id":"3640","type":"Feature","properties":{"rate_time":-3.388},"geometry":{"type":"Point","coordinates":[104.52014,-1.70235]}},{"id":"3641","type":"Feature","properties":{"rate_time":-3.531},"geometry":{"type":"Point","coordinates":[104.51998,-1.70213]}},{"id":"3642","type":"Feature","properties":{"rate_time":-3.935},"geometry":{"type":"Point","coordinates":[104.51981,-1.70192]}},{"id":"3643","type":"Feature","properties":{"rate_time":-4.063},"geometry":{"type":"Point","coordinates":[104.51965,-1.7017]}},{"id":"3644","type":"Feature","properties":{"rate_time":-4.154},"geometry":{"type":"Point","coordinates":[104.51949,-1.70148]}},{"id":"3645","type":"Feature","properties":{"rate_time":-4.932},"geometry":{"type":"Point","coordinates":[104.51832,-1.69999]}},{"id":"3646","type":"Feature","properties":{"rate_time":-5.182},"geometry":{"type":"Point","coordinates":[104.51815,-1.69978]}},{"id":"3647","type":"Feature","properties":{"rate_time":-5.265},"geometry":{"type":"Point","coordinates":[104.51799,-1.69957]}},{"id":"3648","type":"Feature","properties":{"rate_time":-5.33},"geometry":{"type":"Point","coordinates":[104.51779,-1.69938]}},{"id":"3649","type":"Feature","properties":{"rate_time":-5.328},"geometry":{"type":"Point","coordinates":[104.51763,-1.69916]}},{"id":"3650","type":"Feature","properties":{"rate_time":-5.346},"geometry":{"type":"Point","coordinates":[104.51746,-1.69895]}},{"id":"3651","type":"Feature","properties":{"rate_time":-5.274},"geometry":{"type":"Point","coordinates":[104.51729,-1.69874]}},{"id":"3652","type":"Feature","properties":{"rate_time":-5.186},"geometry":{"type":"Point","coordinates":[104.51713,-1.69852]}},{"id":"3653","type":"Feature","properties":{"rate_time":-5.207},"geometry":{"type":"Point","coordinates":[104.51697,-1.6983]}},{"id":"3654","type":"Feature","properties":{"rate_time":-5.33},"geometry":{"type":"Point","coordinates":[104.51679,-1.69811]}},{"id":"3655","type":"Feature","properties":{"rate_time":-5.437},"geometry":{"type":"Point","coordinates":[104.51661,-1.6979]}},{"id":"3656","type":"Feature","properties":{"rate_time":-5.463},"geometry":{"type":"Point","coordinates":[104.51645,-1.69768]}},{"id":"3657","type":"Feature","properties":{"rate_time":-5.489},"geometry":{"type":"Point","coordinates":[104.5163,-1.69746]}},{"id":"3658","type":"Feature","properties":{"rate_time":-5.532},"geometry":{"type":"Point","coordinates":[104.51614,-1.69724]}},{"id":"3659","type":"Feature","properties":{"rate_time":-5.605},"geometry":{"type":"Point","coordinates":[104.51596,-1.69704]}},{"id":"3660","type":"Feature","properties":{"rate_time":-5.667},"geometry":{"type":"Point","coordinates":[104.51579,-1.69683]}},{"id":"3661","type":"Feature","properties":{"rate_time":-5.714},"geometry":{"type":"Point","coordinates":[104.51561,-1.69663]}},{"id":"3662","type":"Feature","properties":{"rate_time":-5.798},"geometry":{"type":"Point","coordinates":[104.51544,-1.69642]}},{"id":"3663","type":"Feature","properties":{"rate_time":-6.015},"geometry":{"type":"Point","coordinates":[104.51526,-1.69621]}},{"id":"3664","type":"Feature","properties":{"rate_time":-6.161},"geometry":{"type":"Point","coordinates":[104.51509,-1.696]}},{"id":"3665","type":"Feature","properties":{"rate_time":-6.21},"geometry":{"type":"Point","coordinates":[104.51493,-1.69578]}},{"id":"3666","type":"Feature","properties":{"rate_time":-6.269},"geometry":{"type":"Point","coordinates":[104.51478,-1.69556]}},{"id":"3667","type":"Feature","properties":{"rate_time":-6.381},"geometry":{"type":"Point","coordinates":[104.51462,-1.69534]}},{"id":"3668","type":"Feature","properties":{"rate_time":-6.458},"geometry":{"type":"Point","coordinates":[104.51444,-1.69514]}},{"id":"3669","type":"Feature","properties":{"rate_time":-6.559},"geometry":{"type":"Point","coordinates":[104.51428,-1.69492]}},{"id":"3670","type":"Feature","properties":{"rate_time":-6.705},"geometry":{"type":"Point","coordinates":[104.51412,-1.6947]}},{"id":"3671","type":"Feature","properties":{"rate_time":-6.817},"geometry":{"type":"Point","coordinates":[104.51395,-1.69449]}},{"id":"3672","type":"Feature","properties":{"rate_time":-6.76},"geometry":{"type":"Point","coordinates":[104.51379,-1.69427]}},{"id":"3673","type":"Feature","properties":{"rate_time":-6.871},"geometry":{"type":"Point","coordinates":[104.51361,-1.69407]}},{"id":"3674","type":"Feature","properties":{"rate_time":-7.017},"geometry":{"type":"Point","coordinates":[104.51343,-1.69387]}},{"id":"3675","type":"Feature","properties":{"rate_time":-7.165},"geometry":{"type":"Point","coordinates":[104.51327,-1.69365]}},{"id":"3676","type":"Feature","properties":{"rate_time":-7.393},"geometry":{"type":"Point","coordinates":[104.5131,-1.69344]}},{"id":"3677","type":"Feature","properties":{"rate_time":-7.582},"geometry":{"type":"Point","coordinates":[104.51293,-1.69323]}},{"id":"3678","type":"Feature","properties":{"rate_time":-7.723},"geometry":{"type":"Point","coordinates":[104.51276,-1.69302]}},{"id":"3679","type":"Feature","properties":{"rate_time":-7.872},"geometry":{"type":"Point","coordinates":[104.51258,-1.69281]}},{"id":"3680","type":"Feature","properties":{"rate_time":-7.908},"geometry":{"type":"Point","coordinates":[104.5124,-1.69261]}},{"id":"3681","type":"Feature","properties":{"rate_time":-7.936},"geometry":{"type":"Point","coordinates":[104.51219,-1.69244]}},{"id":"3682","type":"Feature","properties":{"rate_time":-7.927},"geometry":{"type":"Point","coordinates":[104.51201,-1.69224]}},{"id":"3683","type":"Feature","properties":{"rate_time":-7.92},"geometry":{"type":"Point","coordinates":[104.51184,-1.69203]}},{"id":"3684","type":"Feature","properties":{"rate_time":-7.948},"geometry":{"type":"Point","coordinates":[104.51167,-1.69182]}},{"id":"3685","type":"Feature","properties":{"rate_time":-7.953},"geometry":{"type":"Point","coordinates":[104.51151,-1.6916]}},{"id":"3686","type":"Feature","properties":{"rate_time":-7.956},"geometry":{"type":"Point","coordinates":[104.51138,-1.69137]}},{"id":"3687","type":"Feature","properties":{"rate_time":-7.923},"geometry":{"type":"Point","coordinates":[104.51125,-1.69113]}},{"id":"3688","type":"Feature","properties":{"rate_time":-7.881},"geometry":{"type":"Point","coordinates":[104.51107,-1.69093]}},{"id":"3689","type":"Feature","properties":{"rate_time":-8.002},"geometry":{"type":"Point","coordinates":[104.51086,-1.69076]}},{"id":"3690","type":"Feature","properties":{"rate_time":-8.295},"geometry":{"type":"Point","coordinates":[104.51066,-1.69057]}},{"id":"3691","type":"Feature","properties":{"rate_time":-8.529},"geometry":{"type":"Point","coordinates":[104.51048,-1.69037]}},{"id":"3692","type":"Feature","properties":{"rate_time":-8.737},"geometry":{"type":"Point","coordinates":[104.51031,-1.69016]}},{"id":"3693","type":"Feature","properties":{"rate_time":-8.934},"geometry":{"type":"Point","coordinates":[104.51013,-1.68996]}},{"id":"3694","type":"Feature","properties":{"rate_time":-9.143},"geometry":{"type":"Point","coordinates":[104.50996,-1.68975]}},{"id":"3695","type":"Feature","properties":{"rate_time":-9.324},"geometry":{"type":"Point","coordinates":[104.50982,-1.68952]}},{"id":"3696","type":"Feature","properties":{"rate_time":-9.464},"geometry":{"type":"Point","coordinates":[104.50975,-1.68926]}},{"id":"3697","type":"Feature","properties":{"rate_time":-9.481},"geometry":{"type":"Point","coordinates":[104.50983,-1.68903]}},{"id":"3698","type":"Feature","properties":{"rate_time":-9.441},"geometry":{"type":"Point","coordinates":[104.50992,-1.68879]}},{"id":"3699","type":"Feature","properties":{"rate_time":-9.546},"geometry":{"type":"Point","coordinates":[104.5093,-1.68878]}},{"id":"3700","type":"Feature","properties":{"rate_time":-8.895},"geometry":{"type":"Point","coordinates":[104.5095,-1.68866]}},{"id":"3701","type":"Feature","properties":{"rate_time":-8.957},"geometry":{"type":"Point","coordinates":[104.50908,-1.68863]}},{"id":"3702","type":"Feature","properties":{"rate_time":-8.849},"geometry":{"type":"Point","coordinates":[104.50972,-1.68862]}},{"id":"3703","type":"Feature","properties":{"rate_time":-8.82},"geometry":{"type":"Point","coordinates":[104.50888,-1.68844]}},{"id":"3704","type":"Feature","properties":{"rate_time":-8.587},"geometry":{"type":"Point","coordinates":[104.50871,-1.68823]}},{"id":"3705","type":"Feature","properties":{"rate_time":-8.334},"geometry":{"type":"Point","coordinates":[104.50856,-1.68801]}},{"id":"3706","type":"Feature","properties":{"rate_time":-8.194},"geometry":{"type":"Point","coordinates":[104.50837,-1.68781]}},{"id":"3707","type":"Feature","properties":{"rate_time":-8.098},"geometry":{"type":"Point","coordinates":[104.50817,-1.68763]}},{"id":"3708","type":"Feature","properties":{"rate_time":-8.055},"geometry":{"type":"Point","coordinates":[104.50797,-1.68745]}},{"id":"3709","type":"Feature","properties":{"rate_time":-8.053},"geometry":{"type":"Point","coordinates":[104.50779,-1.68724]}},{"id":"3710","type":"Feature","properties":{"rate_time":-8.059},"geometry":{"type":"Point","coordinates":[104.50762,-1.68704]}},{"id":"3711","type":"Feature","properties":{"rate_time":-8.053},"geometry":{"type":"Point","coordinates":[104.50743,-1.68684]}},{"id":"3712","type":"Feature","properties":{"rate_time":-7.989},"geometry":{"type":"Point","coordinates":[104.50725,-1.68664]}},{"id":"3713","type":"Feature","properties":{"rate_time":-7.77},"geometry":{"type":"Point","coordinates":[104.50708,-1.68643]}},{"id":"3714","type":"Feature","properties":{"rate_time":-7.602},"geometry":{"type":"Point","coordinates":[104.50692,-1.68621]}},{"id":"3715","type":"Feature","properties":{"rate_time":-7.428},"geometry":{"type":"Point","coordinates":[104.50678,-1.68598]}},{"id":"3716","type":"Feature","properties":{"rate_time":-7.181},"geometry":{"type":"Point","coordinates":[104.50665,-1.68574]}},{"id":"3717","type":"Feature","properties":{"rate_time":-6.914},"geometry":{"type":"Point","coordinates":[104.50651,-1.68551]}},{"id":"3718","type":"Feature","properties":{"rate_time":-6.643},"geometry":{"type":"Point","coordinates":[104.50635,-1.68529]}},{"id":"3719","type":"Feature","properties":{"rate_time":-6.263},"geometry":{"type":"Point","coordinates":[104.50616,-1.6851]}},{"id":"3720","type":"Feature","properties":{"rate_time":-5.625},"geometry":{"type":"Point","coordinates":[104.50599,-1.68489]}},{"id":"3721","type":"Feature","properties":{"rate_time":-5.459},"geometry":{"type":"Point","coordinates":[104.50583,-1.68467]}},{"id":"3722","type":"Feature","properties":{"rate_time":-5.342},"geometry":{"type":"Point","coordinates":[104.5057,-1.68444]}},{"id":"3723","type":"Feature","properties":{"rate_time":-5.502},"geometry":{"type":"Point","coordinates":[104.50556,-1.6842]}},{"id":"3724","type":"Feature","properties":{"rate_time":-5.13},"geometry":{"type":"Point","coordinates":[104.50508,-1.68407]}},{"id":"3725","type":"Feature","properties":{"rate_time":-5.241},"geometry":{"type":"Point","coordinates":[104.50534,-1.68406]}},{"id":"3726","type":"Feature","properties":{"rate_time":-5.209},"geometry":{"type":"Point","coordinates":[104.50487,-1.68392]}},{"id":"3727","type":"Feature","properties":{"rate_time":-5.314},"geometry":{"type":"Point","coordinates":[104.50474,-1.68369]}},{"id":"3728","type":"Feature","properties":{"rate_time":-5.384},"geometry":{"type":"Point","coordinates":[104.50459,-1.68346]}},{"id":"3729","type":"Feature","properties":{"rate_time":-4.744},"geometry":{"type":"Point","coordinates":[104.50413,-1.68281]}},{"id":"3730","type":"Feature","properties":{"rate_time":-4.78},"geometry":{"type":"Point","coordinates":[104.50397,-1.68259]}},{"id":"3731","type":"Feature","properties":{"rate_time":-4.579},"geometry":{"type":"Point","coordinates":[104.50376,-1.68242]}},{"id":"3732","type":"Feature","properties":{"rate_time":-4.411},"geometry":{"type":"Point","coordinates":[104.50356,-1.68224]}},{"id":"3733","type":"Feature","properties":{"rate_time":-4.213},"geometry":{"type":"Point","coordinates":[104.50336,-1.68207]}},{"id":"3734","type":"Feature","properties":{"rate_time":-4.0},"geometry":{"type":"Point","coordinates":[104.50322,-1.68184]}},{"id":"3735","type":"Feature","properties":{"rate_time":-3.833},"geometry":{"type":"Point","coordinates":[104.50308,-1.6816]}},{"id":"3736","type":"Feature","properties":{"rate_time":-3.684},"geometry":{"type":"Point","coordinates":[104.50295,-1.68136]}},{"id":"3737","type":"Feature","properties":{"rate_time":-3.56},"geometry":{"type":"Point","coordinates":[104.50279,-1.68114]}},{"id":"3738","type":"Feature","properties":{"rate_time":-3.412},"geometry":{"type":"Point","coordinates":[104.50261,-1.68095]}},{"id":"3739","type":"Feature","properties":{"rate_time":-3.087},"geometry":{"type":"Point","coordinates":[104.50238,-1.68081]}},{"id":"3740","type":"Feature","properties":{"rate_time":-2.715},"geometry":{"type":"Point","coordinates":[104.50217,-1.68064]}},{"id":"3741","type":"Feature","properties":{"rate_time":-2.425},"geometry":{"type":"Point","coordinates":[104.502,-1.68043]}},{"id":"3742","type":"Feature","properties":{"rate_time":-1.875},"geometry":{"type":"Point","coordinates":[104.50184,-1.6802]}},{"id":"3743","type":"Feature","properties":{"rate_time":-1.506},"geometry":{"type":"Point","coordinates":[104.50166,-1.68001]}},{"id":"3744","type":"Feature","properties":{"rate_time":-0.986},"geometry":{"type":"Point","coordinates":[104.50147,-1.67982]}},{"id":"3745","type":"Feature","properties":{"rate_time":-0.361},"geometry":{"type":"Point","coordinates":[104.50128,-1.67962]}},{"id":"3746","type":"Feature","properties":{"rate_time":0.625},"geometry":{"type":"Point","coordinates":[104.50109,-1.67942]}},{"id":"3747","type":"Feature","properties":{"rate_time":0.952},"geometry":{"type":"Point","coordinates":[104.50092,-1.67922]}},{"id":"3748","type":"Feature","properties":{"rate_time":1.122},"geometry":{"type":"Point","coordinates":[104.50074,-1.67901]}},{"id":"3749","type":"Feature","properties":{"rate_time":0.761},"geometry":{"type":"Point","coordinates":[104.50058,-1.6788]}},{"id":"3750","type":"Feature","properties":{"rate_time":0.708},"geometry":{"type":"Point","coordinates":[104.50049,-1.67854]}},{"id":"3751","type":"Feature","properties":{"rate_time":0.732},"geometry":{"type":"Point","coordinates":[104.50038,-1.67829]}},{"id":"3752","type":"Feature","properties":{"rate_time":0.69},"geometry":{"type":"Point","coordinates":[104.50026,-1.67805]}},{"id":"3753","type":"Feature","properties":{"rate_time":0.752},"geometry":{"type":"Point","coordinates":[104.50012,-1.67782]}},{"id":"3754","type":"Feature","properties":{"rate_time":0.829},"geometry":{"type":"Point","coordinates":[104.49996,-1.6776]}},{"id":"3755","type":"Feature","properties":{"rate_time":0.804},"geometry":{"type":"Point","coordinates":[104.4998,-1.67738]}},{"id":"3756","type":"Feature","properties":{"rate_time":0.795},"geometry":{"type":"Point","coordinates":[104.49966,-1.67715]}},{"id":"3757","type":"Feature","properties":{"rate_time":0.721},"geometry":{"type":"Point","coordinates":[104.49952,-1.67692]}},{"id":"3758","type":"Feature","properties":{"rate_time":0.676},"geometry":{"type":"Point","coordinates":[104.49935,-1.67671]}},{"id":"3759","type":"Feature","properties":{"rate_time":0.695},"geometry":{"type":"Point","coordinates":[104.49917,-1.67651]}},{"id":"3760","type":"Feature","properties":{"rate_time":-0.35},"geometry":{"type":"Point","coordinates":[104.499,-1.6763]}},{"id":"3761","type":"Feature","properties":{"rate_time":-0.492},"geometry":{"type":"Point","coordinates":[104.49888,-1.67606]}},{"id":"3762","type":"Feature","properties":{"rate_time":-0.577},"geometry":{"type":"Point","coordinates":[104.49878,-1.67581]}},{"id":"3763","type":"Feature","properties":{"rate_time":-0.584},"geometry":{"type":"Point","coordinates":[104.49864,-1.67557]}},{"id":"3764","type":"Feature","properties":{"rate_time":-1.07},"geometry":{"type":"Point","coordinates":[104.49851,-1.67533]}},{"id":"3765","type":"Feature","properties":{"rate_time":-1.546},"geometry":{"type":"Point","coordinates":[104.49838,-1.67509]}},{"id":"3766","type":"Feature","properties":{"rate_time":-2.129},"geometry":{"type":"Point","coordinates":[104.49823,-1.67487]}},{"id":"3767","type":"Feature","properties":{"rate_time":-2.389},"geometry":{"type":"Point","coordinates":[104.49806,-1.67467]}},{"id":"3768","type":"Feature","properties":{"rate_time":-2.706},"geometry":{"type":"Point","coordinates":[104.49789,-1.67446]}},{"id":"3769","type":"Feature","properties":{"rate_time":-2.795},"geometry":{"type":"Point","coordinates":[104.49771,-1.67425]}},{"id":"3770","type":"Feature","properties":{"rate_time":-2.69},"geometry":{"type":"Point","coordinates":[104.49755,-1.67403]}},{"id":"3771","type":"Feature","properties":{"rate_time":-2.668},"geometry":{"type":"Point","coordinates":[104.49743,-1.67379]}},{"id":"3772","type":"Feature","properties":{"rate_time":-2.79},"geometry":{"type":"Point","coordinates":[104.49732,-1.67355]}},{"id":"3773","type":"Feature","properties":{"rate_time":-3.041},"geometry":{"type":"Point","coordinates":[104.49717,-1.67333]}},{"id":"3774","type":"Feature","properties":{"rate_time":-3.375},"geometry":{"type":"Point","coordinates":[104.497,-1.67312]}},{"id":"3775","type":"Feature","properties":{"rate_time":-3.663},"geometry":{"type":"Point","coordinates":[104.49689,-1.67287]}},{"id":"3776","type":"Feature","properties":{"rate_time":-5.003},"geometry":{"type":"Point","coordinates":[104.4968,-1.67261]}},{"id":"3777","type":"Feature","properties":{"rate_time":-5.14},"geometry":{"type":"Point","coordinates":[104.4967,-1.67236]}},{"id":"3778","type":"Feature","properties":{"rate_time":-5.138},"geometry":{"type":"Point","coordinates":[104.49661,-1.67211]}},{"id":"3779","type":"Feature","properties":{"rate_time":-5.056},"geometry":{"type":"Point","coordinates":[104.49651,-1.67186]}},{"id":"3780","type":"Feature","properties":{"rate_time":-5.116},"geometry":{"type":"Point","coordinates":[104.49636,-1.67166]}},{"id":"3781","type":"Feature","properties":{"rate_time":-5.306},"geometry":{"type":"Point","coordinates":[104.49609,-1.67164]}},{"id":"3782","type":"Feature","properties":{"rate_time":-5.524},"geometry":{"type":"Point","coordinates":[104.49586,-1.67151]}},{"id":"3783","type":"Feature","properties":{"rate_time":-5.695},"geometry":{"type":"Point","coordinates":[104.49564,-1.67136]}},{"id":"3784","type":"Feature","properties":{"rate_time":-5.805},"geometry":{"type":"Point","coordinates":[104.49544,-1.67118]}},{"id":"3785","type":"Feature","properties":{"rate_time":-5.914},"geometry":{"type":"Point","coordinates":[104.49541,-1.67091]}},{"id":"3786","type":"Feature","properties":{"rate_time":-6.036},"geometry":{"type":"Point","coordinates":[104.49536,-1.67065]}},{"id":"3787","type":"Feature","properties":{"rate_time":-6.143},"geometry":{"type":"Point","coordinates":[104.49528,-1.67056]}},{"id":"3788","type":"Feature","properties":{"rate_time":-5.53},"geometry":{"type":"Point","coordinates":[104.49557,-1.67048]}},{"id":"3789","type":"Feature","properties":{"rate_time":-5.244},"geometry":{"type":"Point","coordinates":[104.49543,-1.67043]}},{"id":"3790","type":"Feature","properties":{"rate_time":-6.02},"geometry":{"type":"Point","coordinates":[104.49508,-1.67038]}},{"id":"3791","type":"Feature","properties":{"rate_time":-4.982},"geometry":{"type":"Point","coordinates":[104.4957,-1.67032]}},{"id":"3792","type":"Feature","properties":{"rate_time":-5.269},"geometry":{"type":"Point","coordinates":[104.49556,-1.67019]}},{"id":"3793","type":"Feature","properties":{"rate_time":-6.408},"geometry":{"type":"Point","coordinates":[104.49489,-1.67019]}},{"id":"3794","type":"Feature","properties":{"rate_time":-6.943},"geometry":{"type":"Point","coordinates":[104.49467,-1.67005]}},{"id":"3795","type":"Feature","properties":{"rate_time":-7.112},"geometry":{"type":"Point","coordinates":[104.49442,-1.66995]}},{"id":"3796","type":"Feature","properties":{"rate_time":-7.409},"geometry":{"type":"Point","coordinates":[104.49396,-1.6699]}},{"id":"3797","type":"Feature","properties":{"rate_time":-7.193},"geometry":{"type":"Point","coordinates":[104.49422,-1.66984]}},{"id":"3798","type":"Feature","properties":{"rate_time":-7.781},"geometry":{"type":"Point","coordinates":[104.49372,-1.66978]}},{"id":"3799","type":"Feature","properties":{"rate_time":-8.14},"geometry":{"type":"Point","coordinates":[104.49348,-1.66964]}},{"id":"3800","type":"Feature","properties":{"rate_time":-8.612},"geometry":{"type":"Point","coordinates":[104.49324,-1.66952]}},{"id":"3801","type":"Feature","properties":{"rate_time":-8.89},"geometry":{"type":"Point","coordinates":[104.49298,-1.66945]}},{"id":"3802","type":"Feature","properties":{"rate_time":-10.044},"geometry":{"type":"Point","coordinates":[104.49272,-1.66938]}},{"id":"3803","type":"Feature","properties":{"rate_time":-9.952},"geometry":{"type":"Point","coordinates":[104.49252,-1.66922]}},{"id":"3804","type":"Feature","properties":{"rate_time":-9.765},"geometry":{"type":"Point","coordinates":[104.49245,-1.66898]}},{"id":"3805","type":"Feature","properties":{"rate_time":-9.354},"geometry":{"type":"Point","coordinates":[104.49256,-1.66875]}},{"id":"3806","type":"Feature","properties":{"rate_time":-9.976},"geometry":{"type":"Point","coordinates":[104.49232,-1.66864]}},{"id":"3807","type":"Feature","properties":{"rate_time":-10.532},"geometry":{"type":"Point","coordinates":[104.49216,-1.66842]}},{"id":"3808","type":"Feature","properties":{"rate_time":-11.097},"geometry":{"type":"Point","coordinates":[104.49202,-1.6682]}},{"id":"3809","type":"Feature","properties":{"rate_time":-11.679},"geometry":{"type":"Point","coordinates":[104.49183,-1.66801]}},{"id":"3810","type":"Feature","properties":{"rate_time":-14.344},"geometry":{"type":"Point","coordinates":[104.48997,-1.66796]}},{"id":"3811","type":"Feature","properties":{"rate_time":-14.762},"geometry":{"type":"Point","coordinates":[104.4897,-1.66795]}},{"id":"3812","type":"Feature","properties":{"rate_time":-13.899},"geometry":{"type":"Point","coordinates":[104.49024,-1.66794]}},{"id":"3813","type":"Feature","properties":{"rate_time":-15.007},"geometry":{"type":"Point","coordinates":[104.48943,-1.66794]}},{"id":"3814","type":"Feature","properties":{"rate_time":-11.826},"geometry":{"type":"Point","coordinates":[104.49157,-1.66792]}},{"id":"3815","type":"Feature","properties":{"rate_time":-13.466},"geometry":{"type":"Point","coordinates":[104.4905,-1.66789]}},{"id":"3816","type":"Feature","properties":{"rate_time":-12.155},"geometry":{"type":"Point","coordinates":[104.49131,-1.66788]}},{"id":"3817","type":"Feature","properties":{"rate_time":-12.977},"geometry":{"type":"Point","coordinates":[104.49077,-1.66786]}},{"id":"3818","type":"Feature","properties":{"rate_time":-12.577},"geometry":{"type":"Point","coordinates":[104.49104,-1.66785]}},{"id":"3819","type":"Feature","properties":{"rate_time":-14.655},"geometry":{"type":"Point","coordinates":[104.48949,-1.66767]}},{"id":"3820","type":"Feature","properties":{"rate_time":-14.203},"geometry":{"type":"Point","coordinates":[104.48945,-1.6674]}},{"id":"3821","type":"Feature","properties":{"rate_time":-13.886},"geometry":{"type":"Point","coordinates":[104.48942,-1.66713]}},{"id":"3822","type":"Feature","properties":{"rate_time":-13.688},"geometry":{"type":"Point","coordinates":[104.48938,-1.66687]}},{"id":"3823","type":"Feature","properties":{"rate_time":-13.528},"geometry":{"type":"Point","coordinates":[104.48923,-1.66664]}},{"id":"3824","type":"Feature","properties":{"rate_time":-13.475},"geometry":{"type":"Point","coordinates":[104.48913,-1.66639]}},{"id":"3825","type":"Feature","properties":{"rate_time":-13.482},"geometry":{"type":"Point","coordinates":[104.48905,-1.66613]}},{"id":"3826","type":"Feature","properties":{"rate_time":-13.462},"geometry":{"type":"Point","coordinates":[104.489,-1.66586]}},{"id":"3827","type":"Feature","properties":{"rate_time":-13.457},"geometry":{"type":"Point","coordinates":[104.48892,-1.66561]}},{"id":"3828","type":"Feature","properties":{"rate_time":-13.428},"geometry":{"type":"Point","coordinates":[104.48883,-1.66535]}},{"id":"3829","type":"Feature","properties":{"rate_time":-13.404},"geometry":{"type":"Point","coordinates":[104.48878,-1.66509]}},{"id":"3830","type":"Feature","properties":{"rate_time":-13.394},"geometry":{"type":"Point","coordinates":[104.48866,-1.66486]}},{"id":"3831","type":"Feature","properties":{"rate_time":-13.532},"geometry":{"type":"Point","coordinates":[104.48849,-1.66465]}},{"id":"3832","type":"Feature","properties":{"rate_time":-13.552},"geometry":{"type":"Point","coordinates":[104.48834,-1.66442]}},{"id":"3833","type":"Feature","properties":{"rate_time":-13.406},"geometry":{"type":"Point","coordinates":[104.48836,-1.66415]}},{"id":"3834","type":"Feature","properties":{"rate_time":-13.363},"geometry":{"type":"Point","coordinates":[104.48823,-1.66392]}},{"id":"3835","type":"Feature","properties":{"rate_time":-13.324},"geometry":{"type":"Point","coordinates":[104.48809,-1.66368]}},{"id":"3836","type":"Feature","properties":{"rate_time":-13.263},"geometry":{"type":"Point","coordinates":[104.48798,-1.66344]}},{"id":"3837","type":"Feature","properties":{"rate_time":-13.203},"geometry":{"type":"Point","coordinates":[104.48787,-1.66319]}},{"id":"3838","type":"Feature","properties":{"rate_time":-13.097},"geometry":{"type":"Point","coordinates":[104.48781,-1.66293]}},{"id":"3839","type":"Feature","properties":{"rate_time":-12.91},"geometry":{"type":"Point","coordinates":[104.48777,-1.66266]}},{"id":"3840","type":"Feature","properties":{"rate_time":-12.726},"geometry":{"type":"Point","coordinates":[104.48765,-1.66242]}},{"id":"3841","type":"Feature","properties":{"rate_time":-12.523},"geometry":{"type":"Point","coordinates":[104.48753,-1.66217]}},{"id":"3842","type":"Feature","properties":{"rate_time":-12.465},"geometry":{"type":"Point","coordinates":[104.48732,-1.66201]}},{"id":"3843","type":"Feature","properties":{"rate_time":-12.346},"geometry":{"type":"Point","coordinates":[104.48718,-1.66179]}},{"id":"3844","type":"Feature","properties":{"rate_time":-12.25},"geometry":{"type":"Point","coordinates":[104.48708,-1.66154]}},{"id":"3845","type":"Feature","properties":{"rate_time":-12.088},"geometry":{"type":"Point","coordinates":[104.48698,-1.66129]}},{"id":"3846","type":"Feature","properties":{"rate_time":-11.928},"geometry":{"type":"Point","coordinates":[104.48693,-1.66102]}},{"id":"3847","type":"Feature","properties":{"rate_time":-11.87},"geometry":{"type":"Point","coordinates":[104.48685,-1.66077]}},{"id":"3848","type":"Feature","properties":{"rate_time":-11.84},"geometry":{"type":"Point","coordinates":[104.48672,-1.66053]}},{"id":"3849","type":"Feature","properties":{"rate_time":-11.627},"geometry":{"type":"Point","coordinates":[104.48667,-1.66027]}},{"id":"3850","type":"Feature","properties":{"rate_time":-11.318},"geometry":{"type":"Point","coordinates":[104.48667,-1.66]}},{"id":"3851","type":"Feature","properties":{"rate_time":-10.949},"geometry":{"type":"Point","coordinates":[104.48667,-1.65973]}},{"id":"3852","type":"Feature","properties":{"rate_time":-10.512},"geometry":{"type":"Point","coordinates":[104.4867,-1.65946]}},{"id":"3853","type":"Feature","properties":{"rate_time":-10.355},"geometry":{"type":"Point","coordinates":[104.48671,-1.6592]}},{"id":"3854","type":"Feature","properties":{"rate_time":-10.386},"geometry":{"type":"Point","coordinates":[104.48662,-1.65894]}},{"id":"3855","type":"Feature","properties":{"rate_time":-10.263},"geometry":{"type":"Point","coordinates":[104.48655,-1.65868]}},{"id":"3856","type":"Feature","properties":{"rate_time":-10.083},"geometry":{"type":"Point","coordinates":[104.4864,-1.65845]}},{"id":"3857","type":"Feature","properties":{"rate_time":-9.912},"geometry":{"type":"Point","coordinates":[104.48632,-1.6582]}},{"id":"3858","type":"Feature","properties":{"rate_time":-9.956},"geometry":{"type":"Point","coordinates":[104.48621,-1.65795]}},{"id":"3859","type":"Feature","properties":{"rate_time":-9.971},"geometry":{"type":"Point","coordinates":[104.4861,-1.6577]}},{"id":"3860","type":"Feature","properties":{"rate_time":-9.962},"geometry":{"type":"Point","coordinates":[104.486,-1.65745]}},{"id":"3861","type":"Feature","properties":{"rate_time":-9.895},"geometry":{"type":"Point","coordinates":[104.48587,-1.65722]}},{"id":"3862","type":"Feature","properties":{"rate_time":-9.712},"geometry":{"type":"Point","coordinates":[104.48577,-1.65697]}},{"id":"3863","type":"Feature","properties":{"rate_time":-9.502},"geometry":{"type":"Point","coordinates":[104.48562,-1.65674]}},{"id":"3864","type":"Feature","properties":{"rate_time":-9.255},"geometry":{"type":"Point","coordinates":[104.4855,-1.6565]}},{"id":"3865","type":"Feature","properties":{"rate_time":-9.106},"geometry":{"type":"Point","coordinates":[104.48532,-1.6563]}},{"id":"3866","type":"Feature","properties":{"rate_time":-9.084},"geometry":{"type":"Point","coordinates":[104.48515,-1.65609]}},{"id":"3867","type":"Feature","properties":{"rate_time":-9.075},"geometry":{"type":"Point","coordinates":[104.485,-1.65587]}},{"id":"3868","type":"Feature","properties":{"rate_time":-8.967},"geometry":{"type":"Point","coordinates":[104.48491,-1.65562]}},{"id":"3869","type":"Feature","properties":{"rate_time":-8.776},"geometry":{"type":"Point","coordinates":[104.48484,-1.65536]}},{"id":"3870","type":"Feature","properties":{"rate_time":-8.677},"geometry":{"type":"Point","coordinates":[104.48474,-1.65511]}},{"id":"3871","type":"Feature","properties":{"rate_time":-8.672},"geometry":{"type":"Point","coordinates":[104.48463,-1.65487]}},{"id":"3872","type":"Feature","properties":{"rate_time":-8.666},"geometry":{"type":"Point","coordinates":[104.48449,-1.65464]}},{"id":"3873","type":"Feature","properties":{"rate_time":-8.75},"geometry":{"type":"Point","coordinates":[104.48439,-1.65438]}},{"id":"3874","type":"Feature","properties":{"rate_time":-8.831},"geometry":{"type":"Point","coordinates":[104.48424,-1.65416]}},{"id":"3875","type":"Feature","properties":{"rate_time":-8.788},"geometry":{"type":"Point","coordinates":[104.48411,-1.65392]}},{"id":"3876","type":"Feature","properties":{"rate_time":-8.714},"geometry":{"type":"Point","coordinates":[104.48396,-1.65369]}},{"id":"3877","type":"Feature","properties":{"rate_time":-8.79},"geometry":{"type":"Point","coordinates":[104.48382,-1.65346]}},{"id":"3878","type":"Feature","properties":{"rate_time":-8.637},"geometry":{"type":"Point","coordinates":[104.48368,-1.65323]}},{"id":"3879","type":"Feature","properties":{"rate_time":-8.447},"geometry":{"type":"Point","coordinates":[104.48359,-1.65298]}},{"id":"3880","type":"Feature","properties":{"rate_time":-8.39},"geometry":{"type":"Point","coordinates":[104.48345,-1.65274]}},{"id":"3881","type":"Feature","properties":{"rate_time":-8.354},"geometry":{"type":"Point","coordinates":[104.48336,-1.65249]}},{"id":"3882","type":"Feature","properties":{"rate_time":-8.329},"geometry":{"type":"Point","coordinates":[104.48322,-1.65226]}},{"id":"3883","type":"Feature","properties":{"rate_time":-8.131},"geometry":{"type":"Point","coordinates":[104.48314,-1.652]}},{"id":"3884","type":"Feature","properties":{"rate_time":-7.907},"geometry":{"type":"Point","coordinates":[104.48308,-1.65174]}},{"id":"3885","type":"Feature","properties":{"rate_time":-7.807},"geometry":{"type":"Point","coordinates":[104.48295,-1.6515]}},{"id":"3886","type":"Feature","properties":{"rate_time":-7.807},"geometry":{"type":"Point","coordinates":[104.4828,-1.65128]}},{"id":"3887","type":"Feature","properties":{"rate_time":-7.837},"geometry":{"type":"Point","coordinates":[104.48264,-1.65107]}},{"id":"3888","type":"Feature","properties":{"rate_time":-7.873},"geometry":{"type":"Point","coordinates":[104.48254,-1.65081]}},{"id":"3889","type":"Feature","properties":{"rate_time":-7.87},"geometry":{"type":"Point","coordinates":[104.4824,-1.65059]}},{"id":"3890","type":"Feature","properties":{"rate_time":-7.673},"geometry":{"type":"Point","coordinates":[104.48231,-1.65033]}},{"id":"3891","type":"Feature","properties":{"rate_time":-7.552},"geometry":{"type":"Point","coordinates":[104.48216,-1.6501]}},{"id":"3892","type":"Feature","properties":{"rate_time":-7.629},"geometry":{"type":"Point","coordinates":[104.48203,-1.64987]}},{"id":"3893","type":"Feature","properties":{"rate_time":-7.758},"geometry":{"type":"Point","coordinates":[104.48188,-1.64964]}},{"id":"3894","type":"Feature","properties":{"rate_time":-7.916},"geometry":{"type":"Point","coordinates":[104.48176,-1.6494]}},{"id":"3895","type":"Feature","properties":{"rate_time":-8.094},"geometry":{"type":"Point","coordinates":[104.48165,-1.64916]}},{"id":"3896","type":"Feature","properties":{"rate_time":-8.336},"geometry":{"type":"Point","coordinates":[104.48152,-1.64892]}},{"id":"3897","type":"Feature","properties":{"rate_time":-8.625},"geometry":{"type":"Point","coordinates":[104.48138,-1.64869]}},{"id":"3898","type":"Feature","properties":{"rate_time":-8.843},"geometry":{"type":"Point","coordinates":[104.48124,-1.64846]}},{"id":"3899","type":"Feature","properties":{"rate_time":-8.984},"geometry":{"type":"Point","coordinates":[104.48111,-1.64822]}},{"id":"3900","type":"Feature","properties":{"rate_time":-9.022},"geometry":{"type":"Point","coordinates":[104.48103,-1.64797]}},{"id":"3901","type":"Feature","properties":{"rate_time":-9.101},"geometry":{"type":"Point","coordinates":[104.48093,-1.64772]}},{"id":"3902","type":"Feature","properties":{"rate_time":-8.478},"geometry":{"type":"Point","coordinates":[104.4808,-1.64749]}},{"id":"3903","type":"Feature","properties":{"rate_time":-9.033},"geometry":{"type":"Point","coordinates":[104.48069,-1.64724]}},{"id":"3904","type":"Feature","properties":{"rate_time":-8.934},"geometry":{"type":"Point","coordinates":[104.48058,-1.64699]}},{"id":"3905","type":"Feature","properties":{"rate_time":-8.256},"geometry":{"type":"Point","coordinates":[104.48045,-1.64675]}},{"id":"3906","type":"Feature","properties":{"rate_time":-8.075},"geometry":{"type":"Point","coordinates":[104.48033,-1.64651]}},{"id":"3907","type":"Feature","properties":{"rate_time":-8.642},"geometry":{"type":"Point","coordinates":[104.48019,-1.64628]}},{"id":"3908","type":"Feature","properties":{"rate_time":-8.489},"geometry":{"type":"Point","coordinates":[104.48006,-1.64604]}},{"id":"3909","type":"Feature","properties":{"rate_time":-8.343},"geometry":{"type":"Point","coordinates":[104.47995,-1.64579]}},{"id":"3910","type":"Feature","properties":{"rate_time":-8.271},"geometry":{"type":"Point","coordinates":[104.47983,-1.64555]}},{"id":"3911","type":"Feature","properties":{"rate_time":-8.273},"geometry":{"type":"Point","coordinates":[104.47969,-1.64532]}},{"id":"3912","type":"Feature","properties":{"rate_time":-8.177},"geometry":{"type":"Point","coordinates":[104.47956,-1.64508]}},{"id":"3913","type":"Feature","properties":{"rate_time":-8.141},"geometry":{"type":"Point","coordinates":[104.47942,-1.64485]}},{"id":"3914","type":"Feature","properties":{"rate_time":-8.041},"geometry":{"type":"Point","coordinates":[104.47937,-1.64458]}},{"id":"3915","type":"Feature","properties":{"rate_time":-8.08},"geometry":{"type":"Point","coordinates":[104.47927,-1.64433]}},{"id":"3916","type":"Feature","properties":{"rate_time":-8.089},"geometry":{"type":"Point","coordinates":[104.47918,-1.64408]}},{"id":"3917","type":"Feature","properties":{"rate_time":-8.14},"geometry":{"type":"Point","coordinates":[104.47911,-1.64381]}},{"id":"3918","type":"Feature","properties":{"rate_time":-8.118},"geometry":{"type":"Point","coordinates":[104.47899,-1.64357]}},{"id":"3919","type":"Feature","properties":{"rate_time":-8.01},"geometry":{"type":"Point","coordinates":[104.47884,-1.64335]}},{"id":"3920","type":"Feature","properties":{"rate_time":-7.925},"geometry":{"type":"Point","coordinates":[104.47873,-1.6431]}},{"id":"3921","type":"Feature","properties":{"rate_time":-7.791},"geometry":{"type":"Point","coordinates":[104.47861,-1.64287]}},{"id":"3922","type":"Feature","properties":{"rate_time":-7.831},"geometry":{"type":"Point","coordinates":[104.47845,-1.64265]}},{"id":"3923","type":"Feature","properties":{"rate_time":-7.844},"geometry":{"type":"Point","coordinates":[104.47834,-1.64241]}},{"id":"3924","type":"Feature","properties":{"rate_time":-7.937},"geometry":{"type":"Point","coordinates":[104.47812,-1.64224]}},{"id":"3925","type":"Feature","properties":{"rate_time":-8.006},"geometry":{"type":"Point","coordinates":[104.47795,-1.64203]}},{"id":"3926","type":"Feature","properties":{"rate_time":-8.091},"geometry":{"type":"Point","coordinates":[104.47783,-1.6418]}},{"id":"3927","type":"Feature","properties":{"rate_time":-8.066},"geometry":{"type":"Point","coordinates":[104.4777,-1.64155]}},{"id":"3928","type":"Feature","properties":{"rate_time":-8.121},"geometry":{"type":"Point","coordinates":[104.4776,-1.6413]}},{"id":"3929","type":"Feature","properties":{"rate_time":-8.1},"geometry":{"type":"Point","coordinates":[104.47749,-1.64106]}},{"id":"3930","type":"Feature","properties":{"rate_time":-8.245},"geometry":{"type":"Point","coordinates":[104.47734,-1.64083]}},{"id":"3931","type":"Feature","properties":{"rate_time":-8.401},"geometry":{"type":"Point","coordinates":[104.4772,-1.6406]}},{"id":"3932","type":"Feature","properties":{"rate_time":-8.531},"geometry":{"type":"Point","coordinates":[104.47709,-1.64035]}},{"id":"3933","type":"Feature","properties":{"rate_time":-8.543},"geometry":{"type":"Point","coordinates":[104.477,-1.6401]}},{"id":"3934","type":"Feature","properties":{"rate_time":-8.402},"geometry":{"type":"Point","coordinates":[104.47687,-1.63986]}},{"id":"3935","type":"Feature","properties":{"rate_time":-8.386},"geometry":{"type":"Point","coordinates":[104.47676,-1.63961]}},{"id":"3936","type":"Feature","properties":{"rate_time":-8.358},"geometry":{"type":"Point","coordinates":[104.47664,-1.63937]}},{"id":"3937","type":"Feature","properties":{"rate_time":-8.456},"geometry":{"type":"Point","coordinates":[104.4765,-1.63914]}},{"id":"3938","type":"Feature","properties":{"rate_time":-8.509},"geometry":{"type":"Point","coordinates":[104.47637,-1.6389]}},{"id":"3939","type":"Feature","properties":{"rate_time":-8.57},"geometry":{"type":"Point","coordinates":[104.47627,-1.63865]}},{"id":"3940","type":"Feature","properties":{"rate_time":-8.562},"geometry":{"type":"Point","coordinates":[104.47619,-1.63839]}},{"id":"3941","type":"Feature","properties":{"rate_time":-8.484},"geometry":{"type":"Point","coordinates":[104.47607,-1.63815]}},{"id":"3942","type":"Feature","properties":{"rate_time":-8.389},"geometry":{"type":"Point","coordinates":[104.47596,-1.6379]}},{"id":"3943","type":"Feature","properties":{"rate_time":-8.308},"geometry":{"type":"Point","coordinates":[104.47583,-1.63766]}},{"id":"3944","type":"Feature","properties":{"rate_time":-8.274},"geometry":{"type":"Point","coordinates":[104.47572,-1.63742]}},{"id":"3945","type":"Feature","properties":{"rate_time":-8.31},"geometry":{"type":"Point","coordinates":[104.47565,-1.63716]}},{"id":"3946","type":"Feature","properties":{"rate_time":-8.231},"geometry":{"type":"Point","coordinates":[104.47552,-1.63693]}},{"id":"3947","type":"Feature","properties":{"rate_time":-8.273},"geometry":{"type":"Point","coordinates":[104.47532,-1.63674]}},{"id":"3948","type":"Feature","properties":{"rate_time":-8.321},"geometry":{"type":"Point","coordinates":[104.47523,-1.63648]}},{"id":"3949","type":"Feature","properties":{"rate_time":-8.406},"geometry":{"type":"Point","coordinates":[104.47512,-1.63623]}},{"id":"3950","type":"Feature","properties":{"rate_time":-8.575},"geometry":{"type":"Point","coordinates":[104.47498,-1.636]}},{"id":"3951","type":"Feature","properties":{"rate_time":-8.682},"geometry":{"type":"Point","coordinates":[104.47485,-1.63577]}},{"id":"3952","type":"Feature","properties":{"rate_time":-8.645},"geometry":{"type":"Point","coordinates":[104.47474,-1.63552]}},{"id":"3953","type":"Feature","properties":{"rate_time":-8.598},"geometry":{"type":"Point","coordinates":[104.47466,-1.63526]}},{"id":"3954","type":"Feature","properties":{"rate_time":-8.606},"geometry":{"type":"Point","coordinates":[104.47457,-1.63501]}},{"id":"3955","type":"Feature","properties":{"rate_time":-8.576},"geometry":{"type":"Point","coordinates":[104.47443,-1.63477]}},{"id":"3956","type":"Feature","properties":{"rate_time":-8.572},"geometry":{"type":"Point","coordinates":[104.47429,-1.63454]}},{"id":"3957","type":"Feature","properties":{"rate_time":-8.56},"geometry":{"type":"Point","coordinates":[104.47416,-1.63431]}},{"id":"3958","type":"Feature","properties":{"rate_time":-8.56},"geometry":{"type":"Point","coordinates":[104.47405,-1.63406]}},{"id":"3959","type":"Feature","properties":{"rate_time":-8.505},"geometry":{"type":"Point","coordinates":[104.47395,-1.63381]}},{"id":"3960","type":"Feature","properties":{"rate_time":-8.475},"geometry":{"type":"Point","coordinates":[104.47385,-1.63356]}},{"id":"3961","type":"Feature","properties":{"rate_time":-8.4},"geometry":{"type":"Point","coordinates":[104.47375,-1.63331]}},{"id":"3962","type":"Feature","properties":{"rate_time":-8.268},"geometry":{"type":"Point","coordinates":[104.47362,-1.63307]}},{"id":"3963","type":"Feature","properties":{"rate_time":-8.209},"geometry":{"type":"Point","coordinates":[104.4735,-1.63283]}},{"id":"3964","type":"Feature","properties":{"rate_time":-8.247},"geometry":{"type":"Point","coordinates":[104.47336,-1.63259]}},{"id":"3965","type":"Feature","properties":{"rate_time":-8.12},"geometry":{"type":"Point","coordinates":[104.47325,-1.63235]}},{"id":"3966","type":"Feature","properties":{"rate_time":-8.037},"geometry":{"type":"Point","coordinates":[104.47314,-1.6321]}},{"id":"3967","type":"Feature","properties":{"rate_time":-7.958},"geometry":{"type":"Point","coordinates":[104.47307,-1.63183]}},{"id":"3968","type":"Feature","properties":{"rate_time":-7.908},"geometry":{"type":"Point","coordinates":[104.47296,-1.63159]}},{"id":"3969","type":"Feature","properties":{"rate_time":-7.724},"geometry":{"type":"Point","coordinates":[104.47284,-1.63135]}},{"id":"3970","type":"Feature","properties":{"rate_time":-7.696},"geometry":{"type":"Point","coordinates":[104.4727,-1.63112]}},{"id":"3971","type":"Feature","properties":{"rate_time":-7.821},"geometry":{"type":"Point","coordinates":[104.47257,-1.63088]}},{"id":"3972","type":"Feature","properties":{"rate_time":-7.796},"geometry":{"type":"Point","coordinates":[104.47247,-1.63063]}},{"id":"3973","type":"Feature","properties":{"rate_time":-7.609},"geometry":{"type":"Point","coordinates":[104.47236,-1.63038]}},{"id":"3974","type":"Feature","properties":{"rate_time":-7.548},"geometry":{"type":"Point","coordinates":[104.47222,-1.63015]}},{"id":"3975","type":"Feature","properties":{"rate_time":-7.645},"geometry":{"type":"Point","coordinates":[104.47211,-1.6299]}},{"id":"3976","type":"Feature","properties":{"rate_time":-7.717},"geometry":{"type":"Point","coordinates":[104.472,-1.62966]}},{"id":"3977","type":"Feature","properties":{"rate_time":-7.802},"geometry":{"type":"Point","coordinates":[104.47188,-1.62941]}},{"id":"3978","type":"Feature","properties":{"rate_time":-7.888},"geometry":{"type":"Point","coordinates":[104.47173,-1.62918]}},{"id":"3979","type":"Feature","properties":{"rate_time":-8.051},"geometry":{"type":"Point","coordinates":[104.47161,-1.62894]}},{"id":"3980","type":"Feature","properties":{"rate_time":-8.202},"geometry":{"type":"Point","coordinates":[104.47147,-1.62871]}},{"id":"3981","type":"Feature","properties":{"rate_time":-8.191},"geometry":{"type":"Point","coordinates":[104.47139,-1.62847]}},{"id":"3982","type":"Feature","properties":{"rate_time":-8.002},"geometry":{"type":"Point","coordinates":[104.47137,-1.62821]}},{"id":"3983","type":"Feature","properties":{"rate_time":-7.917},"geometry":{"type":"Point","coordinates":[104.47129,-1.62797]}},{"id":"3984","type":"Feature","properties":{"rate_time":-7.808},"geometry":{"type":"Point","coordinates":[104.47134,-1.6277]}},{"id":"3985","type":"Feature","properties":{"rate_time":-7.562},"geometry":{"type":"Point","coordinates":[104.47134,-1.62743]}},{"id":"3986","type":"Feature","properties":{"rate_time":-7.29},"geometry":{"type":"Point","coordinates":[104.4712,-1.6272]}},{"id":"3987","type":"Feature","properties":{"rate_time":-7.517},"geometry":{"type":"Point","coordinates":[104.47107,-1.62696]}},{"id":"3988","type":"Feature","properties":{"rate_time":-7.73},"geometry":{"type":"Point","coordinates":[104.47086,-1.6268]}},{"id":"3989","type":"Feature","properties":{"rate_time":-7.806},"geometry":{"type":"Point","coordinates":[104.47073,-1.62658]}},{"id":"3990","type":"Feature","properties":{"rate_time":-7.819},"geometry":{"type":"Point","coordinates":[104.47067,-1.62633]}},{"id":"3991","type":"Feature","properties":{"rate_time":-7.787},"geometry":{"type":"Point","coordinates":[104.47071,-1.62607]}},{"id":"3992","type":"Feature","properties":{"rate_time":-7.919},"geometry":{"type":"Point","coordinates":[104.47061,-1.62583]}},{"id":"3993","type":"Feature","properties":{"rate_time":-8.105},"geometry":{"type":"Point","coordinates":[104.47041,-1.62565]}},{"id":"3994","type":"Feature","properties":{"rate_time":-8.181},"geometry":{"type":"Point","coordinates":[104.47028,-1.62542]}},{"id":"3995","type":"Feature","properties":{"rate_time":-8.33},"geometry":{"type":"Point","coordinates":[104.47008,-1.6253]}},{"id":"3996","type":"Feature","properties":{"rate_time":-8.494},"geometry":{"type":"Point","coordinates":[104.46993,-1.62512]}},{"id":"3997","type":"Feature","properties":{"rate_time":-8.617},"geometry":{"type":"Point","coordinates":[104.46978,-1.6249]}},{"id":"3998","type":"Feature","properties":{"rate_time":-8.93},"geometry":{"type":"Point","coordinates":[104.46964,-1.62467]}},{"id":"3999","type":"Feature","properties":{"rate_time":-9.017},"geometry":{"type":"Point","coordinates":[104.46956,-1.62441]}},{"id":"4000","type":"Feature","properties":{"rate_time":-9.029},"geometry":{"type":"Point","coordinates":[104.46955,-1.62414]}},{"id":"4001","type":"Feature","properties":{"rate_time":-7.923},"geometry":{"type":"Point","coordinates":[104.46957,-1.62388]}},{"id":"4002","type":"Feature","properties":{"rate_time":-7.862},"geometry":{"type":"Point","coordinates":[104.46967,-1.62363]}},{"id":"4003","type":"Feature","properties":{"rate_time":-7.802},"geometry":{"type":"Point","coordinates":[104.46976,-1.62339]}},{"id":"4004","type":"Feature","properties":{"rate_time":-7.777},"geometry":{"type":"Point","coordinates":[104.46961,-1.62318]}},{"id":"4005","type":"Feature","properties":{"rate_time":-7.832},"geometry":{"type":"Point","coordinates":[104.46937,-1.62309]}},{"id":"4006","type":"Feature","properties":{"rate_time":-7.887},"geometry":{"type":"Point","coordinates":[104.46913,-1.623]}},{"id":"4007","type":"Feature","properties":{"rate_time":-7.95},"geometry":{"type":"Point","coordinates":[104.46906,-1.62275]}},{"id":"4008","type":"Feature","properties":{"rate_time":-8.034},"geometry":{"type":"Point","coordinates":[104.46906,-1.62248]}},{"id":"4009","type":"Feature","properties":{"rate_time":-8.22},"geometry":{"type":"Point","coordinates":[104.46901,-1.62222]}},{"id":"4010","type":"Feature","properties":{"rate_time":-8.625},"geometry":{"type":"Point","coordinates":[104.46891,-1.62197]}},{"id":"4011","type":"Feature","properties":{"rate_time":-9.068},"geometry":{"type":"Point","coordinates":[104.46879,-1.62173]}},{"id":"4012","type":"Feature","properties":{"rate_time":-9.558},"geometry":{"type":"Point","coordinates":[104.46863,-1.62152]}},{"id":"4013","type":"Feature","properties":{"rate_time":-9.838},"geometry":{"type":"Point","coordinates":[104.46855,-1.62126]}},{"id":"4014","type":"Feature","properties":{"rate_time":-9.798},"geometry":{"type":"Point","coordinates":[104.46848,-1.621]}},{"id":"4015","type":"Feature","properties":{"rate_time":-9.698},"geometry":{"type":"Point","coordinates":[104.46832,-1.62078]}},{"id":"4016","type":"Feature","properties":{"rate_time":-9.594},"geometry":{"type":"Point","coordinates":[104.46829,-1.62057]}},{"id":"4017","type":"Feature","properties":{"rate_time":-9.496},"geometry":{"type":"Point","coordinates":[104.46822,-1.62042]}},{"id":"4018","type":"Feature","properties":{"rate_time":-9.365},"geometry":{"type":"Point","coordinates":[104.46799,-1.62031]}},{"id":"4019","type":"Feature","properties":{"rate_time":-9.17},"geometry":{"type":"Point","coordinates":[104.46782,-1.62011]}},{"id":"4020","type":"Feature","properties":{"rate_time":-8.917},"geometry":{"type":"Point","coordinates":[104.46781,-1.61984]}},{"id":"4021","type":"Feature","properties":{"rate_time":-8.692},"geometry":{"type":"Point","coordinates":[104.46793,-1.6196]}},{"id":"4022","type":"Feature","properties":{"rate_time":-8.442},"geometry":{"type":"Point","coordinates":[104.46797,-1.61934]}},{"id":"4023","type":"Feature","properties":{"rate_time":-8.147},"geometry":{"type":"Point","coordinates":[104.4676,-1.6191]}},{"id":"4024","type":"Feature","properties":{"rate_time":-8.109},"geometry":{"type":"Point","coordinates":[104.46785,-1.6191]}},{"id":"4025","type":"Feature","properties":{"rate_time":-9.221},"geometry":{"type":"Point","coordinates":[104.46752,-1.61888]}},{"id":"4026","type":"Feature","properties":{"rate_time":-7.6},"geometry":{"type":"Point","coordinates":[104.46757,-1.61862]}},{"id":"4027","type":"Feature","properties":{"rate_time":-7.463},"geometry":{"type":"Point","coordinates":[104.46755,-1.61835]}},{"id":"4028","type":"Feature","properties":{"rate_time":-8.486},"geometry":{"type":"Point","coordinates":[104.46743,-1.61811]}},{"id":"4029","type":"Feature","properties":{"rate_time":-8.223},"geometry":{"type":"Point","coordinates":[104.46731,-1.61787]}},{"id":"4030","type":"Feature","properties":{"rate_time":-8.075},"geometry":{"type":"Point","coordinates":[104.46706,-1.61782]}},{"id":"4031","type":"Feature","properties":{"rate_time":-8.002},"geometry":{"type":"Point","coordinates":[104.46681,-1.61772]}},{"id":"4032","type":"Feature","properties":{"rate_time":-7.933},"geometry":{"type":"Point","coordinates":[104.46678,-1.61745]}},{"id":"4033","type":"Feature","properties":{"rate_time":-7.554},"geometry":{"type":"Point","coordinates":[104.46677,-1.61718]}},{"id":"4034","type":"Feature","properties":{"rate_time":-7.279},"geometry":{"type":"Point","coordinates":[104.46668,-1.61692]}},{"id":"4035","type":"Feature","properties":{"rate_time":-7.065},"geometry":{"type":"Point","coordinates":[104.46665,-1.61665]}},{"id":"4036","type":"Feature","properties":{"rate_time":-6.893},"geometry":{"type":"Point","coordinates":[104.46663,-1.61638]}},{"id":"4037","type":"Feature","properties":{"rate_time":-6.833},"geometry":{"type":"Point","coordinates":[104.46661,-1.61611]}},{"id":"4038","type":"Feature","properties":{"rate_time":-6.616},"geometry":{"type":"Point","coordinates":[104.46663,-1.61584]}},{"id":"4039","type":"Feature","properties":{"rate_time":-6.573},"geometry":{"type":"Point","coordinates":[104.46644,-1.61567]}},{"id":"4040","type":"Feature","properties":{"rate_time":-6.553},"geometry":{"type":"Point","coordinates":[104.46638,-1.61541]}},{"id":"4041","type":"Feature","properties":{"rate_time":-6.574},"geometry":{"type":"Point","coordinates":[104.46639,-1.61514]}},{"id":"4042","type":"Feature","properties":{"rate_time":-6.711},"geometry":{"type":"Point","coordinates":[104.46633,-1.61488]}},{"id":"4043","type":"Feature","properties":{"rate_time":-7.011},"geometry":{"type":"Point","coordinates":[104.46623,-1.61463]}},{"id":"4044","type":"Feature","properties":{"rate_time":-7.212},"geometry":{"type":"Point","coordinates":[104.46602,-1.61453]}},{"id":"4045","type":"Feature","properties":{"rate_time":-7.367},"geometry":{"type":"Point","coordinates":[104.46575,-1.61447]}},{"id":"4046","type":"Feature","properties":{"rate_time":-7.231},"geometry":{"type":"Point","coordinates":[104.46576,-1.61423]}},{"id":"4047","type":"Feature","properties":{"rate_time":-6.992},"geometry":{"type":"Point","coordinates":[104.46583,-1.61396]}},{"id":"4048","type":"Feature","properties":{"rate_time":-6.796},"geometry":{"type":"Point","coordinates":[104.46593,-1.61371]}},{"id":"4049","type":"Feature","properties":{"rate_time":-6.647},"geometry":{"type":"Point","coordinates":[104.46599,-1.61345]}},{"id":"4050","type":"Feature","properties":{"rate_time":-6.582},"geometry":{"type":"Point","coordinates":[104.46593,-1.61319]}},{"id":"4051","type":"Feature","properties":{"rate_time":-6.826},"geometry":{"type":"Point","coordinates":[104.46577,-1.61297]}},{"id":"4052","type":"Feature","properties":{"rate_time":-7.165},"geometry":{"type":"Point","coordinates":[104.46562,-1.61274]}},{"id":"4053","type":"Feature","properties":{"rate_time":-7.582},"geometry":{"type":"Point","coordinates":[104.46551,-1.6125]}},{"id":"4054","type":"Feature","properties":{"rate_time":-7.768},"geometry":{"type":"Point","coordinates":[104.46551,-1.61223]}},{"id":"4055","type":"Feature","properties":{"rate_time":-7.888},"geometry":{"type":"Point","coordinates":[104.4655,-1.61196]}},{"id":"4056","type":"Feature","properties":{"rate_time":-7.112},"geometry":{"type":"Point","coordinates":[104.46542,-1.6117]}},{"id":"4057","type":"Feature","properties":{"rate_time":-7.04},"geometry":{"type":"Point","coordinates":[104.46536,-1.61144]}},{"id":"4058","type":"Feature","properties":{"rate_time":-8.222},"geometry":{"type":"Point","coordinates":[104.46521,-1.61122]}},{"id":"4059","type":"Feature","properties":{"rate_time":-7.435},"geometry":{"type":"Point","coordinates":[104.4652,-1.61095]}},{"id":"4060","type":"Feature","properties":{"rate_time":-7.521},"geometry":{"type":"Point","coordinates":[104.46499,-1.61079]}},{"id":"4061","type":"Feature","properties":{"rate_time":-7.639},"geometry":{"type":"Point","coordinates":[104.46475,-1.61068]}},{"id":"4062","type":"Feature","properties":{"rate_time":-7.591},"geometry":{"type":"Point","coordinates":[104.46469,-1.61044]}},{"id":"4063","type":"Feature","properties":{"rate_time":-7.394},"geometry":{"type":"Point","coordinates":[104.46483,-1.61021]}},{"id":"4064","type":"Feature","properties":{"rate_time":-7.32},"geometry":{"type":"Point","coordinates":[104.46486,-1.60996]}},{"id":"4065","type":"Feature","properties":{"rate_time":-7.21},"geometry":{"type":"Point","coordinates":[104.46473,-1.60972]}},{"id":"4066","type":"Feature","properties":{"rate_time":-6.747},"geometry":{"type":"Point","coordinates":[104.46461,-1.60948]}},{"id":"4067","type":"Feature","properties":{"rate_time":-6.747},"geometry":{"type":"Point","coordinates":[104.46443,-1.60929]}},{"id":"4068","type":"Feature","properties":{"rate_time":-6.69},"geometry":{"type":"Point","coordinates":[104.46447,-1.60902]}},{"id":"4069","type":"Feature","properties":{"rate_time":-6.535},"geometry":{"type":"Point","coordinates":[104.46445,-1.60876]}},{"id":"4070","type":"Feature","properties":{"rate_time":-6.556},"geometry":{"type":"Point","coordinates":[104.46427,-1.60856]}},{"id":"4071","type":"Feature","properties":{"rate_time":-6.527},"geometry":{"type":"Point","coordinates":[104.46418,-1.60831]}},{"id":"4072","type":"Feature","properties":{"rate_time":-4.74},"geometry":{"type":"Point","coordinates":[104.46412,-1.60804]}},{"id":"4073","type":"Feature","properties":{"rate_time":-7.518},"geometry":{"type":"Point","coordinates":[104.46401,-1.6078]}},{"id":"4074","type":"Feature","properties":{"rate_time":-7.435},"geometry":{"type":"Point","coordinates":[104.46393,-1.60754]}},{"id":"4075","type":"Feature","properties":{"rate_time":-7.806},"geometry":{"type":"Point","coordinates":[104.4639,-1.60727]}},{"id":"4076","type":"Feature","properties":{"rate_time":-7.702},"geometry":{"type":"Point","coordinates":[104.46383,-1.60702]}},{"id":"4077","type":"Feature","properties":{"rate_time":-7.752},"geometry":{"type":"Point","coordinates":[104.46369,-1.6068]}},{"id":"4078","type":"Feature","properties":{"rate_time":-7.662},"geometry":{"type":"Point","coordinates":[104.4636,-1.60654]}},{"id":"4079","type":"Feature","properties":{"rate_time":-5.684},"geometry":{"type":"Point","coordinates":[104.46352,-1.60628]}},{"id":"4080","type":"Feature","properties":{"rate_time":-7.298},"geometry":{"type":"Point","coordinates":[104.46355,-1.60601]}},{"id":"4081","type":"Feature","properties":{"rate_time":-7.186},"geometry":{"type":"Point","coordinates":[104.46359,-1.60576]}},{"id":"4082","type":"Feature","properties":{"rate_time":-6.651},"geometry":{"type":"Point","coordinates":[104.46341,-1.60556]}},{"id":"4083","type":"Feature","properties":{"rate_time":-6.854},"geometry":{"type":"Point","coordinates":[104.46324,-1.60536]}},{"id":"4084","type":"Feature","properties":{"rate_time":-7.022},"geometry":{"type":"Point","coordinates":[104.46317,-1.60512]}},{"id":"4085","type":"Feature","properties":{"rate_time":-6.194},"geometry":{"type":"Point","coordinates":[104.46325,-1.60486]}},{"id":"4086","type":"Feature","properties":{"rate_time":-6.149},"geometry":{"type":"Point","coordinates":[104.46329,-1.6046]}},{"id":"4087","type":"Feature","properties":{"rate_time":-6.204},"geometry":{"type":"Point","coordinates":[104.46326,-1.60433]}},{"id":"4088","type":"Feature","properties":{"rate_time":-6.286},"geometry":{"type":"Point","coordinates":[104.46322,-1.60408]}},{"id":"4089","type":"Feature","properties":{"rate_time":-7.004},"geometry":{"type":"Point","coordinates":[104.46299,-1.60393]}},{"id":"4090","type":"Feature","properties":{"rate_time":-6.977},"geometry":{"type":"Point","coordinates":[104.46298,-1.60378]}},{"id":"4091","type":"Feature","properties":{"rate_time":-6.922},"geometry":{"type":"Point","coordinates":[104.463,-1.60354]}},{"id":"4092","type":"Feature","properties":{"rate_time":-7.03},"geometry":{"type":"Point","coordinates":[104.46275,-1.60354]}},{"id":"4093","type":"Feature","properties":{"rate_time":-7.006},"geometry":{"type":"Point","coordinates":[104.46264,-1.60332]}},{"id":"4094","type":"Feature","properties":{"rate_time":-6.858},"geometry":{"type":"Point","coordinates":[104.46261,-1.60305]}},{"id":"4095","type":"Feature","properties":{"rate_time":-6.896},"geometry":{"type":"Point","coordinates":[104.46248,-1.60282]}},{"id":"4096","type":"Feature","properties":{"rate_time":-7.075},"geometry":{"type":"Point","coordinates":[104.46223,-1.60278]}},{"id":"4097","type":"Feature","properties":{"rate_time":-7.313},"geometry":{"type":"Point","coordinates":[104.46198,-1.6027]}},{"id":"4098","type":"Feature","properties":{"rate_time":-7.567},"geometry":{"type":"Point","coordinates":[104.46176,-1.60243]}},{"id":"4099","type":"Feature","properties":{"rate_time":-7.17},"geometry":{"type":"Point","coordinates":[104.46338,-1.60241]}},{"id":"4100","type":"Feature","properties":{"rate_time":-7.316},"geometry":{"type":"Point","coordinates":[104.46358,-1.60237]}},{"id":"4101","type":"Feature","properties":{"rate_time":-7.083},"geometry":{"type":"Point","coordinates":[104.46314,-1.60229]}},{"id":"4102","type":"Feature","properties":{"rate_time":-7.344},"geometry":{"type":"Point","coordinates":[104.46198,-1.60227]}},{"id":"4103","type":"Feature","properties":{"rate_time":-7.538},"geometry":{"type":"Point","coordinates":[104.46374,-1.60214]}},{"id":"4104","type":"Feature","properties":{"rate_time":-6.898},"geometry":{"type":"Point","coordinates":[104.46294,-1.60212]}},{"id":"4105","type":"Feature","properties":{"rate_time":-7.167},"geometry":{"type":"Point","coordinates":[104.46217,-1.60209]}},{"id":"4106","type":"Feature","properties":{"rate_time":-7.729},"geometry":{"type":"Point","coordinates":[104.46396,-1.60203]}},{"id":"4107","type":"Feature","properties":{"rate_time":-6.762},"geometry":{"type":"Point","coordinates":[104.46285,-1.60187]}},{"id":"4108","type":"Feature","properties":{"rate_time":-7.798},"geometry":{"type":"Point","coordinates":[104.46408,-1.60187]}},{"id":"4109","type":"Feature","properties":{"rate_time":-6.961},"geometry":{"type":"Point","coordinates":[104.46217,-1.60184]}},{"id":"4110","type":"Feature","properties":{"rate_time":-7.0},"geometry":{"type":"Point","coordinates":[104.46199,-1.60164]}},{"id":"4111","type":"Feature","properties":{"rate_time":-7.698},"geometry":{"type":"Point","coordinates":[104.46396,-1.60163]}},{"id":"4112","type":"Feature","properties":{"rate_time":-6.413},"geometry":{"type":"Point","coordinates":[104.46281,-1.60161]}},{"id":"4113","type":"Feature","properties":{"rate_time":-7.115},"geometry":{"type":"Point","coordinates":[104.4618,-1.60145]}},{"id":"4114","type":"Feature","properties":{"rate_time":-7.798},"geometry":{"type":"Point","coordinates":[104.46385,-1.60138]}},{"id":"4115","type":"Feature","properties":{"rate_time":-5.922},"geometry":{"type":"Point","coordinates":[104.46271,-1.60136]}},{"id":"4116","type":"Feature","properties":{"rate_time":-7.187},"geometry":{"type":"Point","coordinates":[104.46177,-1.60118]}},{"id":"4117","type":"Feature","properties":{"rate_time":-6.892},"geometry":{"type":"Point","coordinates":[104.46382,-1.60111]}},{"id":"4118","type":"Feature","properties":{"rate_time":-5.855},"geometry":{"type":"Point","coordinates":[104.46262,-1.6011]}},{"id":"4119","type":"Feature","properties":{"rate_time":-7.04},"geometry":{"type":"Point","coordinates":[104.46186,-1.60093]}},{"id":"4120","type":"Feature","properties":{"rate_time":-6.727},"geometry":{"type":"Point","coordinates":[104.46367,-1.60091]}},{"id":"4121","type":"Feature","properties":{"rate_time":-5.742},"geometry":{"type":"Point","coordinates":[104.46251,-1.60085]}},{"id":"4122","type":"Feature","properties":{"rate_time":-5.721},"geometry":{"type":"Point","coordinates":[104.46367,-1.60065]}},{"id":"4123","type":"Feature","properties":{"rate_time":-6.06},"geometry":{"type":"Point","coordinates":[104.46239,-1.60061]}},{"id":"4124","type":"Feature","properties":{"rate_time":-7.643},"geometry":{"type":"Point","coordinates":[104.46364,-1.60038]}},{"id":"4125","type":"Feature","properties":{"rate_time":-6.482},"geometry":{"type":"Point","coordinates":[104.46228,-1.60036]}},{"id":"4126","type":"Feature","properties":{"rate_time":-6.134},"geometry":{"type":"Point","coordinates":[104.46214,-1.60013]}},{"id":"4127","type":"Feature","properties":{"rate_time":-6.841},"geometry":{"type":"Point","coordinates":[104.46357,-1.60012]}},{"id":"4128","type":"Feature","properties":{"rate_time":-6.03},"geometry":{"type":"Point","coordinates":[104.46337,-1.60008]}},{"id":"4129","type":"Feature","properties":{"rate_time":-6.047},"geometry":{"type":"Point","coordinates":[104.46314,-1.60007]}},{"id":"4130","type":"Feature","properties":{"rate_time":-5.904},"geometry":{"type":"Point","coordinates":[104.46293,-1.59989]}},{"id":"4131","type":"Feature","properties":{"rate_time":-6.006},"geometry":{"type":"Point","coordinates":[104.46205,-1.59988]}},{"id":"4132","type":"Feature","properties":{"rate_time":-5.607},"geometry":{"type":"Point","coordinates":[104.46289,-1.59967]}},{"id":"4133","type":"Feature","properties":{"rate_time":-5.875},"geometry":{"type":"Point","coordinates":[104.46198,-1.59962]}},{"id":"4134","type":"Feature","properties":{"rate_time":-5.269},"geometry":{"type":"Point","coordinates":[104.46295,-1.59941]}},{"id":"4135","type":"Feature","properties":{"rate_time":-4.799},"geometry":{"type":"Point","coordinates":[104.46187,-1.59938]}},{"id":"4136","type":"Feature","properties":{"rate_time":-5.068},"geometry":{"type":"Point","coordinates":[104.46299,-1.59915]}},{"id":"4137","type":"Feature","properties":{"rate_time":-5.475},"geometry":{"type":"Point","coordinates":[104.46178,-1.59912]}},{"id":"4138","type":"Feature","properties":{"rate_time":-5.047},"geometry":{"type":"Point","coordinates":[104.463,-1.59888]}},{"id":"4139","type":"Feature","properties":{"rate_time":-5.0},"geometry":{"type":"Point","coordinates":[104.46292,-1.59863]}},{"id":"4140","type":"Feature","properties":{"rate_time":-4.788},"geometry":{"type":"Point","coordinates":[104.46277,-1.59841]}},{"id":"4141","type":"Feature","properties":{"rate_time":-4.609},"geometry":{"type":"Point","coordinates":[104.4627,-1.59815]}},{"id":"4142","type":"Feature","properties":{"rate_time":-4.642},"geometry":{"type":"Point","coordinates":[104.46256,-1.59792]}},{"id":"4143","type":"Feature","properties":{"rate_time":-4.597},"geometry":{"type":"Point","coordinates":[104.46263,-1.59766]}},{"id":"4144","type":"Feature","properties":{"rate_time":-4.396},"geometry":{"type":"Point","coordinates":[104.46264,-1.59739]}},{"id":"4145","type":"Feature","properties":{"rate_time":-4.465},"geometry":{"type":"Point","coordinates":[104.46255,-1.59713]}},{"id":"4146","type":"Feature","properties":{"rate_time":-4.496},"geometry":{"type":"Point","coordinates":[104.46248,-1.59687]}},{"id":"4147","type":"Feature","properties":{"rate_time":-4.445},"geometry":{"type":"Point","coordinates":[104.46242,-1.59661]}},{"id":"4148","type":"Feature","properties":{"rate_time":-4.245},"geometry":{"type":"Point","coordinates":[104.46252,-1.59638]}},{"id":"4149","type":"Feature","properties":{"rate_time":-4.026},"geometry":{"type":"Point","coordinates":[104.46261,-1.59613]}},{"id":"4150","type":"Feature","properties":{"rate_time":-3.909},"geometry":{"type":"Point","coordinates":[104.4626,-1.59587]}},{"id":"4151","type":"Feature","properties":{"rate_time":-3.712},"geometry":{"type":"Point","coordinates":[104.46254,-1.5956]}},{"id":"4152","type":"Feature","properties":{"rate_time":-3.426},"geometry":{"type":"Point","coordinates":[104.4625,-1.59534]}},{"id":"4153","type":"Feature","properties":{"rate_time":-3.049},"geometry":{"type":"Point","coordinates":[104.46239,-1.5951]}},{"id":"4154","type":"Feature","properties":{"rate_time":-2.87},"geometry":{"type":"Point","coordinates":[104.46193,-1.59491]}},{"id":"4155","type":"Feature","properties":{"rate_time":-2.827},"geometry":{"type":"Point","coordinates":[104.46219,-1.59491]}},{"id":"4156","type":"Feature","properties":{"rate_time":-4.437},"geometry":{"type":"Point","coordinates":[104.46217,-1.59303]}},{"id":"4157","type":"Feature","properties":{"rate_time":-3.08},"geometry":{"type":"Point","coordinates":[104.4624,-1.5929]}},{"id":"4158","type":"Feature","properties":{"rate_time":-4.312},"geometry":{"type":"Point","coordinates":[104.46209,-1.59277]}},{"id":"4159","type":"Feature","properties":{"rate_time":-3.059},"geometry":{"type":"Point","coordinates":[104.46246,-1.59266]}},{"id":"4160","type":"Feature","properties":{"rate_time":-4.128},"geometry":{"type":"Point","coordinates":[104.46195,-1.59255]}},{"id":"4161","type":"Feature","properties":{"rate_time":-3.228},"geometry":{"type":"Point","coordinates":[104.46229,-1.59252]}},{"id":"4162","type":"Feature","properties":{"rate_time":-4.087},"geometry":{"type":"Point","coordinates":[104.46202,-1.59248]}},{"id":"4163","type":"Feature","properties":{"rate_time":-4.424},"geometry":{"type":"Point","coordinates":[104.46189,-1.59229]}},{"id":"4164","type":"Feature","properties":{"rate_time":-3.203},"geometry":{"type":"Point","coordinates":[104.46194,-1.59228]}},{"id":"4165","type":"Feature","properties":{"rate_time":-2.928},"geometry":{"type":"Point","coordinates":[104.46205,-1.59205]}},{"id":"4166","type":"Feature","properties":{"rate_time":-2.948},"geometry":{"type":"Point","coordinates":[104.46208,-1.59181]}},{"id":"4167","type":"Feature","properties":{"rate_time":-7.596},"geometry":{"type":"Point","coordinates":[104.46174,-1.60258]}},{"id":"4168","type":"Feature","properties":{"rate_time":-6.939},"geometry":{"type":"Point","coordinates":[104.46175,-1.6007]}},{"id":"4169","type":"Feature","properties":{"rate_time":-7.172},"geometry":{"type":"Point","coordinates":[104.46168,-1.60045]}},{"id":"4170","type":"Feature","properties":{"rate_time":-6.803},"geometry":{"type":"Point","coordinates":[104.46167,-1.60018]}},{"id":"4171","type":"Feature","properties":{"rate_time":-6.113},"geometry":{"type":"Point","coordinates":[104.46158,-1.59993]}},{"id":"4172","type":"Feature","properties":{"rate_time":-5.981},"geometry":{"type":"Point","coordinates":[104.46141,-1.59972]}},{"id":"4173","type":"Feature","properties":{"rate_time":-5.877},"geometry":{"type":"Point","coordinates":[104.46122,-1.59953]}},{"id":"4174","type":"Feature","properties":{"rate_time":-5.794},"geometry":{"type":"Point","coordinates":[104.46101,-1.59936]}},{"id":"4175","type":"Feature","properties":{"rate_time":-5.779},"geometry":{"type":"Point","coordinates":[104.4609,-1.59914]}},{"id":"4176","type":"Feature","properties":{"rate_time":-5.543},"geometry":{"type":"Point","coordinates":[104.46099,-1.59891]}},{"id":"4177","type":"Feature","properties":{"rate_time":-5.109},"geometry":{"type":"Point","coordinates":[104.46175,-1.59885]}},{"id":"4178","type":"Feature","properties":{"rate_time":-5.311},"geometry":{"type":"Point","coordinates":[104.46114,-1.5987]}},{"id":"4179","type":"Feature","properties":{"rate_time":-4.667},"geometry":{"type":"Point","coordinates":[104.46173,-1.59858]}},{"id":"4180","type":"Feature","properties":{"rate_time":-5.396},"geometry":{"type":"Point","coordinates":[104.46099,-1.59848]}},{"id":"4181","type":"Feature","properties":{"rate_time":-4.171},"geometry":{"type":"Point","coordinates":[104.46165,-1.59833]}},{"id":"4182","type":"Feature","properties":{"rate_time":-5.549},"geometry":{"type":"Point","coordinates":[104.46078,-1.59831]}},{"id":"4183","type":"Feature","properties":{"rate_time":-5.823},"geometry":{"type":"Point","coordinates":[104.46053,-1.59822]}},{"id":"4184","type":"Feature","properties":{"rate_time":-5.07},"geometry":{"type":"Point","coordinates":[104.46147,-1.59814]}},{"id":"4185","type":"Feature","properties":{"rate_time":-5.539},"geometry":{"type":"Point","coordinates":[104.46104,-1.59814]}},{"id":"4186","type":"Feature","properties":{"rate_time":-4.918},"geometry":{"type":"Point","coordinates":[104.46128,-1.59805]}},{"id":"4187","type":"Feature","properties":{"rate_time":-5.355},"geometry":{"type":"Point","coordinates":[104.46079,-1.59804]}},{"id":"4188","type":"Feature","properties":{"rate_time":-5.893},"geometry":{"type":"Point","coordinates":[104.46042,-1.59798]}},{"id":"4189","type":"Feature","properties":{"rate_time":-6.502},"geometry":{"type":"Point","coordinates":[104.46057,-1.59787]}},{"id":"4190","type":"Feature","properties":{"rate_time":-3.64},"geometry":{"type":"Point","coordinates":[104.46145,-1.59506]}},{"id":"4191","type":"Feature","properties":{"rate_time":-3.298},"geometry":{"type":"Point","coordinates":[104.4617,-1.59504]}},{"id":"4192","type":"Feature","properties":{"rate_time":-3.689},"geometry":{"type":"Point","coordinates":[104.46128,-1.59489]}},{"id":"4193","type":"Feature","properties":{"rate_time":-3.349},"geometry":{"type":"Point","coordinates":[104.46133,-1.59462]}},{"id":"4194","type":"Feature","properties":{"rate_time":-3.182},"geometry":{"type":"Point","coordinates":[104.46137,-1.59436]}},{"id":"4195","type":"Feature","properties":{"rate_time":-3.184},"geometry":{"type":"Point","coordinates":[104.46126,-1.59411]}},{"id":"4196","type":"Feature","properties":{"rate_time":-3.504},"geometry":{"type":"Point","coordinates":[104.46117,-1.59386]}},{"id":"4197","type":"Feature","properties":{"rate_time":-3.599},"geometry":{"type":"Point","coordinates":[104.46103,-1.59362]}},{"id":"4198","type":"Feature","properties":{"rate_time":-3.615},"geometry":{"type":"Point","coordinates":[104.461,-1.59336]}},{"id":"4199","type":"Feature","properties":{"rate_time":-4.239},"geometry":{"type":"Point","coordinates":[104.46031,-1.59312]}},{"id":"4200","type":"Feature","properties":{"rate_time":-4.657},"geometry":{"type":"Point","coordinates":[104.461,-1.59309]}},{"id":"4201","type":"Feature","properties":{"rate_time":-4.572},"geometry":{"type":"Point","coordinates":[104.46017,-1.59301]}},{"id":"4202","type":"Feature","properties":{"rate_time":-4.636},"geometry":{"type":"Point","coordinates":[104.46082,-1.59295]}},{"id":"4203","type":"Feature","properties":{"rate_time":-3.975},"geometry":{"type":"Point","coordinates":[104.46045,-1.59288]}},{"id":"4204","type":"Feature","properties":{"rate_time":-4.512},"geometry":{"type":"Point","coordinates":[104.46061,-1.59278]}},{"id":"4205","type":"Feature","properties":{"rate_time":-3.812},"geometry":{"type":"Point","coordinates":[104.46012,-1.59274]}},{"id":"4206","type":"Feature","properties":{"rate_time":-3.956},"geometry":{"type":"Point","coordinates":[104.46007,-1.59247]}},{"id":"4207","type":"Feature","properties":{"rate_time":-3.951},"geometry":{"type":"Point","coordinates":[104.46004,-1.59221]}},{"id":"4208","type":"Feature","properties":{"rate_time":-3.066},"geometry":{"type":"Point","coordinates":[104.46176,-1.59207]}},{"id":"4209","type":"Feature","properties":{"rate_time":-3.808},"geometry":{"type":"Point","coordinates":[104.46002,-1.59193]}},{"id":"4210","type":"Feature","properties":{"rate_time":-5.0},"geometry":{"type":"Point","coordinates":[104.46156,-1.5919]}},{"id":"4211","type":"Feature","properties":{"rate_time":-5.079},"geometry":{"type":"Point","coordinates":[104.46134,-1.59175]}},{"id":"4212","type":"Feature","properties":{"rate_time":-4.983},"geometry":{"type":"Point","coordinates":[104.45996,-1.59167]}},{"id":"4213","type":"Feature","properties":{"rate_time":-5.088},"geometry":{"type":"Point","coordinates":[104.46125,-1.5915]}},{"id":"4214","type":"Feature","properties":{"rate_time":-4.945},"geometry":{"type":"Point","coordinates":[104.45993,-1.5914]}},{"id":"4215","type":"Feature","properties":{"rate_time":-2.493},"geometry":{"type":"Point","coordinates":[104.46116,-1.59124]}},{"id":"4216","type":"Feature","properties":{"rate_time":-5.851},"geometry":{"type":"Point","coordinates":[104.45998,-1.59113]}},{"id":"4217","type":"Feature","properties":{"rate_time":-3.065},"geometry":{"type":"Point","coordinates":[104.46194,-1.59158]}},{"id":"4218","type":"Feature","properties":{"rate_time":-3.123},"geometry":{"type":"Point","coordinates":[104.46179,-1.59137]}},{"id":"4219","type":"Feature","properties":{"rate_time":-2.85},"geometry":{"type":"Point","coordinates":[104.46188,-1.59111]}},{"id":"4220","type":"Feature","properties":{"rate_time":-2.798},"geometry":{"type":"Point","coordinates":[104.4618,-1.59085]}},{"id":"4221","type":"Feature","properties":{"rate_time":-4.035},"geometry":{"type":"Point","coordinates":[104.46105,-1.59099]}},{"id":"4222","type":"Feature","properties":{"rate_time":-4.815},"geometry":{"type":"Point","coordinates":[104.46007,-1.59088]}},{"id":"4223","type":"Feature","properties":{"rate_time":-4.826},"geometry":{"type":"Point","coordinates":[104.46092,-1.59076]}},{"id":"4224","type":"Feature","properties":{"rate_time":-2.047},"geometry":{"type":"Point","coordinates":[104.46008,-1.59061]}},{"id":"4225","type":"Feature","properties":{"rate_time":-2.49},"geometry":{"type":"Point","coordinates":[104.46168,-1.59061]}},{"id":"4226","type":"Feature","properties":{"rate_time":-2.256},"geometry":{"type":"Point","coordinates":[104.46077,-1.59054]}},{"id":"4227","type":"Feature","properties":{"rate_time":-1.506},"geometry":{"type":"Point","coordinates":[104.46003,-1.59034]}},{"id":"4228","type":"Feature","properties":{"rate_time":-2.221},"geometry":{"type":"Point","coordinates":[104.46165,-1.59034]}},{"id":"4229","type":"Feature","properties":{"rate_time":-1.884},"geometry":{"type":"Point","coordinates":[104.46068,-1.59028]}},{"id":"4230","type":"Feature","properties":{"rate_time":-2.071},"geometry":{"type":"Point","coordinates":[104.46149,-1.59014]}},{"id":"4231","type":"Feature","properties":{"rate_time":-1.004},"geometry":{"type":"Point","coordinates":[104.45993,-1.5901]}},{"id":"4232","type":"Feature","properties":{"rate_time":-1.581},"geometry":{"type":"Point","coordinates":[104.46059,-1.59002]}},{"id":"4233","type":"Feature","properties":{"rate_time":-2.018},"geometry":{"type":"Point","coordinates":[104.4614,-1.58991]}},{"id":"4234","type":"Feature","properties":{"rate_time":-1.767},"geometry":{"type":"Point","coordinates":[104.45989,-1.58983]}},{"id":"4235","type":"Feature","properties":{"rate_time":-1.743},"geometry":{"type":"Point","coordinates":[104.46051,-1.58976]}},{"id":"4236","type":"Feature","properties":{"rate_time":-2.062},"geometry":{"type":"Point","coordinates":[104.46141,-1.58964]}},{"id":"4237","type":"Feature","properties":{"rate_time":-3.053},"geometry":{"type":"Point","coordinates":[104.4599,-1.58956]}},{"id":"4238","type":"Feature","properties":{"rate_time":-2.126},"geometry":{"type":"Point","coordinates":[104.46046,-1.5895]}},{"id":"4239","type":"Feature","properties":{"rate_time":-2.235},"geometry":{"type":"Point","coordinates":[104.46134,-1.58939]}},{"id":"4240","type":"Feature","properties":{"rate_time":-3.022},"geometry":{"type":"Point","coordinates":[104.45991,-1.58929]}},{"id":"4241","type":"Feature","properties":{"rate_time":-2.6},"geometry":{"type":"Point","coordinates":[104.46043,-1.58923]}},{"id":"4242","type":"Feature","properties":{"rate_time":-2.409},"geometry":{"type":"Point","coordinates":[104.46115,-1.5892]}},{"id":"4243","type":"Feature","properties":{"rate_time":-2.973},"geometry":{"type":"Point","coordinates":[104.45986,-1.58902]}},{"id":"4244","type":"Feature","properties":{"rate_time":-2.718},"geometry":{"type":"Point","coordinates":[104.46035,-1.58897]}},{"id":"4245","type":"Feature","properties":{"rate_time":-2.326},"geometry":{"type":"Point","coordinates":[104.46119,-1.58894]}},{"id":"4246","type":"Feature","properties":{"rate_time":-3.707},"geometry":{"type":"Point","coordinates":[104.45954,-1.58877]}},{"id":"4247","type":"Feature","properties":{"rate_time":-3.128},"geometry":{"type":"Point","coordinates":[104.45976,-1.58877]}},{"id":"4248","type":"Feature","properties":{"rate_time":-2.74},"geometry":{"type":"Point","coordinates":[104.4602,-1.58875]}},{"id":"4249","type":"Feature","properties":{"rate_time":-2.218},"geometry":{"type":"Point","coordinates":[104.4612,-1.58866]}},{"id":"4250","type":"Feature","properties":{"rate_time":-3.027},"geometry":{"type":"Point","coordinates":[104.45943,-1.58859]}},{"id":"4251","type":"Feature","properties":{"rate_time":-3.023},"geometry":{"type":"Point","coordinates":[104.46013,-1.58849]}},{"id":"4252","type":"Feature","properties":{"rate_time":-2.134},"geometry":{"type":"Point","coordinates":[104.46119,-1.58839]}},{"id":"4253","type":"Feature","properties":{"rate_time":-3.033},"geometry":{"type":"Point","coordinates":[104.45936,-1.58833]}},{"id":"4254","type":"Feature","properties":{"rate_time":-2.91},"geometry":{"type":"Point","coordinates":[104.46012,-1.58822]}},{"id":"4255","type":"Feature","properties":{"rate_time":-2.302},"geometry":{"type":"Point","coordinates":[104.46116,-1.58812]}},{"id":"4256","type":"Feature","properties":{"rate_time":-1.749},"geometry":{"type":"Point","coordinates":[104.4593,-1.58806]}},{"id":"4257","type":"Feature","properties":{"rate_time":-2.825},"geometry":{"type":"Point","coordinates":[104.46003,-1.58797]}},{"id":"4258","type":"Feature","properties":{"rate_time":-2.419},"geometry":{"type":"Point","coordinates":[104.46114,-1.58785]}},{"id":"4259","type":"Feature","properties":{"rate_time":-1.624},"geometry":{"type":"Point","coordinates":[104.45927,-1.5878]}},{"id":"4260","type":"Feature","properties":{"rate_time":-2.653},"geometry":{"type":"Point","coordinates":[104.45995,-1.58772]}},{"id":"4261","type":"Feature","properties":{"rate_time":-2.523},"geometry":{"type":"Point","coordinates":[104.46107,-1.58759]}},{"id":"4262","type":"Feature","properties":{"rate_time":-1.311},"geometry":{"type":"Point","coordinates":[104.45922,-1.58754]}},{"id":"4263","type":"Feature","properties":{"rate_time":-2.635},"geometry":{"type":"Point","coordinates":[104.45991,-1.58746]}},{"id":"4264","type":"Feature","properties":{"rate_time":-2.365},"geometry":{"type":"Point","coordinates":[104.46096,-1.58735]}},{"id":"4265","type":"Feature","properties":{"rate_time":-1.429},"geometry":{"type":"Point","coordinates":[104.45907,-1.5873]}},{"id":"4266","type":"Feature","properties":{"rate_time":-2.77},"geometry":{"type":"Point","coordinates":[104.45982,-1.5872]}},{"id":"4267","type":"Feature","properties":{"rate_time":-2.25},"geometry":{"type":"Point","coordinates":[104.46089,-1.58708]}},{"id":"4268","type":"Feature","properties":{"rate_time":-1.43},"geometry":{"type":"Point","coordinates":[104.45901,-1.58704]}},{"id":"4269","type":"Feature","properties":{"rate_time":-1.848},"geometry":{"type":"Point","coordinates":[104.45972,-1.58695]}},{"id":"4270","type":"Feature","properties":{"rate_time":-2.16},"geometry":{"type":"Point","coordinates":[104.46083,-1.58682]}},{"id":"4271","type":"Feature","properties":{"rate_time":-2.975},"geometry":{"type":"Point","coordinates":[104.46057,-1.5868]}},{"id":"4272","type":"Feature","properties":{"rate_time":-1.396},"geometry":{"type":"Point","coordinates":[104.45895,-1.58678]}},{"id":"4273","type":"Feature","properties":{"rate_time":-2.759},"geometry":{"type":"Point","coordinates":[104.45966,-1.58669]}},{"id":"4274","type":"Feature","properties":{"rate_time":-3.075},"geometry":{"type":"Point","coordinates":[104.46049,-1.58656]}},{"id":"4275","type":"Feature","properties":{"rate_time":-2.322},"geometry":{"type":"Point","coordinates":[104.45962,-1.58642]}},{"id":"4276","type":"Feature","properties":{"rate_time":-3.334},"geometry":{"type":"Point","coordinates":[104.46053,-1.58629]}},{"id":"4277","type":"Feature","properties":{"rate_time":-2.365},"geometry":{"type":"Point","coordinates":[104.4596,-1.58615]}},{"id":"4278","type":"Feature","properties":{"rate_time":-3.618},"geometry":{"type":"Point","coordinates":[104.46057,-1.58603]}},{"id":"4279","type":"Feature","properties":{"rate_time":-2.346},"geometry":{"type":"Point","coordinates":[104.45954,-1.58589]}},{"id":"4280","type":"Feature","properties":{"rate_time":-2.371},"geometry":{"type":"Point","coordinates":[104.46056,-1.58576]}},{"id":"4281","type":"Feature","properties":{"rate_time":-1.466},"geometry":{"type":"Point","coordinates":[104.45884,-1.58653]}},{"id":"4282","type":"Feature","properties":{"rate_time":-1.567},"geometry":{"type":"Point","coordinates":[104.45869,-1.58631]}},{"id":"4283","type":"Feature","properties":{"rate_time":-2.62},"geometry":{"type":"Point","coordinates":[104.45844,-1.58626]}},{"id":"4284","type":"Feature","properties":{"rate_time":-2.704},"geometry":{"type":"Point","coordinates":[104.45831,-1.58605]}},{"id":"4285","type":"Feature","properties":{"rate_time":-2.684},"geometry":{"type":"Point","coordinates":[104.45843,-1.58586]}},{"id":"4286","type":"Feature","properties":{"rate_time":-1.839},"geometry":{"type":"Point","coordinates":[104.45864,-1.58569]}},{"id":"4287","type":"Feature","properties":{"rate_time":-1.367},"geometry":{"type":"Point","coordinates":[104.45852,-1.58545]}},{"id":"4288","type":"Feature","properties":{"rate_time":-1.155},"geometry":{"type":"Point","coordinates":[104.45841,-1.5852]}},{"id":"4289","type":"Feature","properties":{"rate_time":-1.391},"geometry":{"type":"Point","coordinates":[104.45843,-1.58494]}},{"id":"4290","type":"Feature","properties":{"rate_time":-1.402},"geometry":{"type":"Point","coordinates":[104.45858,-1.58472]}},{"id":"4291","type":"Feature","properties":{"rate_time":-1.742},"geometry":{"type":"Point","coordinates":[104.45938,-1.5857]}},{"id":"4292","type":"Feature","properties":{"rate_time":-0.946},"geometry":{"type":"Point","coordinates":[104.45919,-1.58551]}},{"id":"4293","type":"Feature","properties":{"rate_time":-1.17},"geometry":{"type":"Point","coordinates":[104.46051,-1.58549]}},{"id":"4294","type":"Feature","properties":{"rate_time":-1.829},"geometry":{"type":"Point","coordinates":[104.45924,-1.58526]}},{"id":"4295","type":"Feature","properties":{"rate_time":-0.651},"geometry":{"type":"Point","coordinates":[104.46045,-1.58523]}},{"id":"4296","type":"Feature","properties":{"rate_time":-1.931},"geometry":{"type":"Point","coordinates":[104.45927,-1.58501]}},{"id":"4297","type":"Feature","properties":{"rate_time":-0.877},"geometry":{"type":"Point","coordinates":[104.46035,-1.58497]}},{"id":"4298","type":"Feature","properties":{"rate_time":-2.299},"geometry":{"type":"Point","coordinates":[104.45986,-1.58487]}},{"id":"4299","type":"Feature","properties":{"rate_time":-1.242},"geometry":{"type":"Point","coordinates":[104.4601,-1.58482]}},{"id":"4300","type":"Feature","properties":{"rate_time":-1.136},"geometry":{"type":"Point","coordinates":[104.45899,-1.5848]}},{"id":"4301","type":"Feature","properties":{"rate_time":-0.835},"geometry":{"type":"Point","coordinates":[104.45921,-1.58475]}},{"id":"4302","type":"Feature","properties":{"rate_time":-1.412},"geometry":{"type":"Point","coordinates":[104.46029,-1.58471]}},{"id":"4303","type":"Feature","properties":{"rate_time":-2.051},"geometry":{"type":"Point","coordinates":[104.4597,-1.58471]}},{"id":"4304","type":"Feature","properties":{"rate_time":-1.413},"geometry":{"type":"Point","coordinates":[104.4598,-1.58452]}},{"id":"4305","type":"Feature","properties":{"rate_time":-1.462},"geometry":{"type":"Point","coordinates":[104.46006,-1.58447]}},{"id":"4306","type":"Feature","properties":{"rate_time":-1.432},"geometry":{"type":"Point","coordinates":[104.46027,-1.58431]}},{"id":"4307","type":"Feature","properties":{"rate_time":-1.703},"geometry":{"type":"Point","coordinates":[104.46027,-1.58404]}},{"id":"4308","type":"Feature","properties":{"rate_time":-1.848},"geometry":{"type":"Point","coordinates":[104.46012,-1.58382]}},{"id":"4309","type":"Feature","properties":{"rate_time":-1.949},"geometry":{"type":"Point","coordinates":[104.46006,-1.58356]}},{"id":"4310","type":"Feature","properties":{"rate_time":-1.756},"geometry":{"type":"Point","coordinates":[104.45993,-1.58336]}},{"id":"4311","type":"Feature","properties":{"rate_time":-1.781},"geometry":{"type":"Point","coordinates":[104.45968,-1.58329]}},{"id":"4312","type":"Feature","properties":{"rate_time":-1.725},"geometry":{"type":"Point","coordinates":[104.45974,-1.5831]}},{"id":"4313","type":"Feature","properties":{"rate_time":-1.731},"geometry":{"type":"Point","coordinates":[104.45947,-1.58302]}},{"id":"4314","type":"Feature","properties":{"rate_time":-1.69},"geometry":{"type":"Point","coordinates":[104.45968,-1.58294]}},{"id":"4315","type":"Feature","properties":{"rate_time":-1.668},"geometry":{"type":"Point","coordinates":[104.45933,-1.58279]}},{"id":"4316","type":"Feature","properties":{"rate_time":-1.676},"geometry":{"type":"Point","coordinates":[104.45919,-1.58256]}},{"id":"4317","type":"Feature","properties":{"rate_time":-1.606},"geometry":{"type":"Point","coordinates":[104.45918,-1.58231]}},{"id":"4318","type":"Feature","properties":{"rate_time":-2.013},"geometry":{"type":"Point","coordinates":[104.45936,-1.58211]}},{"id":"4319","type":"Feature","properties":{"rate_time":-1.74},"geometry":{"type":"Point","coordinates":[104.45951,-1.5819]}},{"id":"4320","type":"Feature","properties":{"rate_time":-1.371},"geometry":{"type":"Point","coordinates":[104.45953,-1.58163]}},{"id":"4321","type":"Feature","properties":{"rate_time":-1.356},"geometry":{"type":"Point","coordinates":[104.45877,-1.5847]}},{"id":"4322","type":"Feature","properties":{"rate_time":0.67},"geometry":{"type":"Point","coordinates":[104.45874,-1.57917]}},{"id":"4323","type":"Feature","properties":{"rate_time":1.097},"geometry":{"type":"Point","coordinates":[104.45886,-1.57893]}},{"id":"4324","type":"Feature","properties":{"rate_time":1.252},"geometry":{"type":"Point","coordinates":[104.45888,-1.57846]}},{"id":"4325","type":"Feature","properties":{"rate_time":1.306},"geometry":{"type":"Point","coordinates":[104.45871,-1.57825]}},{"id":"4326","type":"Feature","properties":{"rate_time":1.385},"geometry":{"type":"Point","coordinates":[104.45869,-1.578]}},{"id":"4327","type":"Feature","properties":{"rate_time":1.579},"geometry":{"type":"Point","coordinates":[104.4588,-1.57775]}},{"id":"4328","type":"Feature","properties":{"rate_time":1.685},"geometry":{"type":"Point","coordinates":[104.45887,-1.57749]}},{"id":"4329","type":"Feature","properties":{"rate_time":1.904},"geometry":{"type":"Point","coordinates":[104.45884,-1.57723]}},{"id":"4330","type":"Feature","properties":{"rate_time":3.463},"geometry":{"type":"Point","coordinates":[104.45864,-1.57655]}},{"id":"4331","type":"Feature","properties":{"rate_time":-1.065},"geometry":{"type":"Point","coordinates":[104.45949,-1.58136]}},{"id":"4332","type":"Feature","properties":{"rate_time":-0.752},"geometry":{"type":"Point","coordinates":[104.4594,-1.5811]}},{"id":"4333","type":"Feature","properties":{"rate_time":-0.349},"geometry":{"type":"Point","coordinates":[104.45936,-1.58084]}},{"id":"4334","type":"Feature","properties":{"rate_time":-0.038},"geometry":{"type":"Point","coordinates":[104.4592,-1.58063]}},{"id":"4335","type":"Feature","properties":{"rate_time":0.017},"geometry":{"type":"Point","coordinates":[104.4591,-1.58039]}},{"id":"4336","type":"Feature","properties":{"rate_time":0.419},"geometry":{"type":"Point","coordinates":[104.4592,-1.58017]}},{"id":"4337","type":"Feature","properties":{"rate_time":0.779},"geometry":{"type":"Point","coordinates":[104.45929,-1.57992]}},{"id":"4338","type":"Feature","properties":{"rate_time":0.992},"geometry":{"type":"Point","coordinates":[104.45925,-1.57966]}},{"id":"4339","type":"Feature","properties":{"rate_time":1.107},"geometry":{"type":"Point","coordinates":[104.45921,-1.57939]}},{"id":"4340","type":"Feature","properties":{"rate_time":0.856},"geometry":{"type":"Point","coordinates":[104.45897,-1.57928]}},{"id":"4341","type":"Feature","properties":{"rate_time":1.583},"geometry":{"type":"Point","coordinates":[104.45898,-1.57869]}},{"id":"4342","type":"Feature","properties":{"rate_time":2.21},"geometry":{"type":"Point","coordinates":[104.4589,-1.57696]}},{"id":"4343","type":"Feature","properties":{"rate_time":3.012},"geometry":{"type":"Point","coordinates":[104.45897,-1.5767]}},{"id":"4344","type":"Feature","properties":{"rate_time":3.145},"geometry":{"type":"Point","coordinates":[104.45895,-1.57643]}},{"id":"4345","type":"Feature","properties":{"rate_time":2.966},"geometry":{"type":"Point","coordinates":[104.4588,-1.57649]}},{"id":"4346","type":"Feature","properties":{"rate_time":3.669},"geometry":{"type":"Point","coordinates":[104.4586,-1.57629]}},{"id":"4347","type":"Feature","properties":{"rate_time":3.087},"geometry":{"type":"Point","coordinates":[104.45857,-1.57602]}},{"id":"4348","type":"Feature","properties":{"rate_time":3.046},"geometry":{"type":"Point","coordinates":[104.45846,-1.57578]}},{"id":"4349","type":"Feature","properties":{"rate_time":3.087},"geometry":{"type":"Point","coordinates":[104.4584,-1.57554]}},{"id":"4350","type":"Feature","properties":{"rate_time":3.379},"geometry":{"type":"Point","coordinates":[104.45853,-1.5753]}},{"id":"4351","type":"Feature","properties":{"rate_time":3.642},"geometry":{"type":"Point","coordinates":[104.45866,-1.57508]}},{"id":"4352","type":"Feature","properties":{"rate_time":3.62},"geometry":{"type":"Point","coordinates":[104.45858,-1.57482]}},{"id":"4353","type":"Feature","properties":{"rate_time":3.575},"geometry":{"type":"Point","coordinates":[104.45852,-1.57455]}},{"id":"4354","type":"Feature","properties":{"rate_time":3.674},"geometry":{"type":"Point","coordinates":[104.4585,-1.57428]}},{"id":"4355","type":"Feature","properties":{"rate_time":-2.192},"geometry":{"type":"Point","coordinates":[104.45493,-1.572]}},{"id":"4356","type":"Feature","properties":{"rate_time":-2.052},"geometry":{"type":"Point","coordinates":[104.45477,-1.57195]}},{"id":"4357","type":"Feature","properties":{"rate_time":-2.292},"geometry":{"type":"Point","coordinates":[104.45498,-1.57174]}},{"id":"4358","type":"Feature","properties":{"rate_time":-2.475},"geometry":{"type":"Point","coordinates":[104.45467,-1.57171]}},{"id":"4359","type":"Feature","properties":{"rate_time":-2.008},"geometry":{"type":"Point","coordinates":[104.45504,-1.57149]}},{"id":"4360","type":"Feature","properties":{"rate_time":-2.454},"geometry":{"type":"Point","coordinates":[104.45467,-1.57144]}},{"id":"4361","type":"Feature","properties":{"rate_time":-3.385},"geometry":{"type":"Point","coordinates":[104.45521,-1.57129]}},{"id":"4362","type":"Feature","properties":{"rate_time":-3.618},"geometry":{"type":"Point","coordinates":[104.45468,-1.57117]}},{"id":"4363","type":"Feature","properties":{"rate_time":-3.084},"geometry":{"type":"Point","coordinates":[104.45544,-1.57114]}},{"id":"4364","type":"Feature","properties":{"rate_time":-3.65},"geometry":{"type":"Point","coordinates":[104.45471,-1.5709]}},{"id":"4365","type":"Feature","properties":{"rate_time":-3.587},"geometry":{"type":"Point","coordinates":[104.45481,-1.57066]}},{"id":"4366","type":"Feature","properties":{"rate_time":-3.503},"geometry":{"type":"Point","coordinates":[104.4549,-1.57041]}},{"id":"4367","type":"Feature","properties":{"rate_time":-3.405},"geometry":{"type":"Point","coordinates":[104.45486,-1.57014]}},{"id":"4368","type":"Feature","properties":{"rate_time":-3.592},"geometry":{"type":"Point","coordinates":[104.4548,-1.56988]}},{"id":"4369","type":"Feature","properties":{"rate_time":-3.613},"geometry":{"type":"Point","coordinates":[104.45466,-1.56965]}},{"id":"4370","type":"Feature","properties":{"rate_time":-2.167},"geometry":{"type":"Point","coordinates":[104.45451,-1.56943]}},{"id":"4371","type":"Feature","properties":{"rate_time":-3.204},"geometry":{"type":"Point","coordinates":[104.4543,-1.56926]}},{"id":"4372","type":"Feature","properties":{"rate_time":-1.915},"geometry":{"type":"Point","coordinates":[104.45534,-1.56918]}},{"id":"4373","type":"Feature","properties":{"rate_time":-2.86},"geometry":{"type":"Point","coordinates":[104.4541,-1.56908]}},{"id":"4374","type":"Feature","properties":{"rate_time":-1.726},"geometry":{"type":"Point","coordinates":[104.45517,-1.56897]}},{"id":"4375","type":"Feature","properties":{"rate_time":-3.603},"geometry":{"type":"Point","coordinates":[104.45596,-1.5697]}},{"id":"4376","type":"Feature","properties":{"rate_time":-2.654},"geometry":{"type":"Point","coordinates":[104.45675,-1.56969]}},{"id":"4377","type":"Feature","properties":{"rate_time":-2.738},"geometry":{"type":"Point","coordinates":[104.45575,-1.56953]}},{"id":"4378","type":"Feature","properties":{"rate_time":-1.91},"geometry":{"type":"Point","coordinates":[104.4569,-1.56948]}},{"id":"4379","type":"Feature","properties":{"rate_time":-1.894},"geometry":{"type":"Point","coordinates":[104.45555,-1.56935]}},{"id":"4380","type":"Feature","properties":{"rate_time":-1.039},"geometry":{"type":"Point","coordinates":[104.45682,-1.56831]}},{"id":"4381","type":"Feature","properties":{"rate_time":-0.822},"geometry":{"type":"Point","coordinates":[104.45683,-1.56804]}},{"id":"4382","type":"Feature","properties":{"rate_time":-0.292},"geometry":{"type":"Point","coordinates":[104.45682,-1.56777]}},{"id":"4383","type":"Feature","properties":{"rate_time":-0.485},"geometry":{"type":"Point","coordinates":[104.45661,-1.56762]}},{"id":"4384","type":"Feature","properties":{"rate_time":-0.587},"geometry":{"type":"Point","coordinates":[104.45642,-1.56743]}},{"id":"4385","type":"Feature","properties":{"rate_time":-1.994},"geometry":{"type":"Point","coordinates":[104.45492,-1.56891]}},{"id":"4386","type":"Feature","properties":{"rate_time":-2.425},"geometry":{"type":"Point","coordinates":[104.45389,-1.5689]}},{"id":"4387","type":"Feature","properties":{"rate_time":-1.17},"geometry":{"type":"Point","coordinates":[104.45469,-1.56877]}},{"id":"4388","type":"Feature","properties":{"rate_time":-4.342},"geometry":{"type":"Point","coordinates":[104.4537,-1.56871]}},{"id":"4389","type":"Feature","properties":{"rate_time":-1.481},"geometry":{"type":"Point","coordinates":[104.45445,-1.56866]}},{"id":"4390","type":"Feature","properties":{"rate_time":-1.568},"geometry":{"type":"Point","coordinates":[104.45421,-1.56853]}},{"id":"4391","type":"Feature","properties":{"rate_time":-4.78},"geometry":{"type":"Point","coordinates":[104.45355,-1.56849]}},{"id":"4392","type":"Feature","properties":{"rate_time":-2.054},"geometry":{"type":"Point","coordinates":[104.454,-1.56837]}},{"id":"4393","type":"Feature","properties":{"rate_time":-4.978},"geometry":{"type":"Point","coordinates":[104.45342,-1.56826]}},{"id":"4394","type":"Feature","properties":{"rate_time":-2.761},"geometry":{"type":"Point","coordinates":[104.45382,-1.56816]}},{"id":"4395","type":"Feature","properties":{"rate_time":-4.638},"geometry":{"type":"Point","coordinates":[104.45337,-1.56799]}},{"id":"4396","type":"Feature","properties":{"rate_time":-3.794},"geometry":{"type":"Point","coordinates":[104.45371,-1.56792]}},{"id":"4397","type":"Feature","properties":{"rate_time":-4.91},"geometry":{"type":"Point","coordinates":[104.45335,-1.56772]}},{"id":"4398","type":"Feature","properties":{"rate_time":-3.934},"geometry":{"type":"Point","coordinates":[104.45366,-1.56766]}},{"id":"4399","type":"Feature","properties":{"rate_time":-4.601},"geometry":{"type":"Point","coordinates":[104.45333,-1.56745]}},{"id":"4400","type":"Feature","properties":{"rate_time":-4.348},"geometry":{"type":"Point","coordinates":[104.45366,-1.56739]}},{"id":"4401","type":"Feature","properties":{"rate_time":-5.109},"geometry":{"type":"Point","coordinates":[104.45334,-1.56718]}},{"id":"4402","type":"Feature","properties":{"rate_time":-3.73},"geometry":{"type":"Point","coordinates":[104.45364,-1.56712]}},{"id":"4403","type":"Feature","properties":{"rate_time":-4.921},"geometry":{"type":"Point","coordinates":[104.45336,-1.56694]}},{"id":"4404","type":"Feature","properties":{"rate_time":-3.484},"geometry":{"type":"Point","coordinates":[104.45356,-1.56686]}},{"id":"4405","type":"Feature","properties":{"rate_time":-0.74},"geometry":{"type":"Point","coordinates":[104.45541,-1.56666]}},{"id":"4406","type":"Feature","properties":{"rate_time":-0.491},"geometry":{"type":"Point","coordinates":[104.4554,-1.56639]}},{"id":"4407","type":"Feature","properties":{"rate_time":-0.246},"geometry":{"type":"Point","coordinates":[104.45538,-1.56612]}},{"id":"4408","type":"Feature","properties":{"rate_time":1.25},"geometry":{"type":"Point","coordinates":[104.45531,-1.56586]}},{"id":"4409","type":"Feature","properties":{"rate_time":-0.205},"geometry":{"type":"Point","coordinates":[104.45531,-1.56559]}},{"id":"4410","type":"Feature","properties":{"rate_time":0.105},"geometry":{"type":"Point","coordinates":[104.45534,-1.56489]}},{"id":"4411","type":"Feature","properties":{"rate_time":0.186},"geometry":{"type":"Point","coordinates":[104.45521,-1.56468]}},{"id":"4412","type":"Feature","properties":{"rate_time":-0.171},"geometry":{"type":"Point","coordinates":[104.45513,-1.56444]}},{"id":"4413","type":"Feature","properties":{"rate_time":0.185},"geometry":{"type":"Point","coordinates":[104.455,-1.56421]}},{"id":"4414","type":"Feature","properties":{"rate_time":0.531},"geometry":{"type":"Point","coordinates":[104.45478,-1.56406]}},{"id":"4415","type":"Feature","properties":{"rate_time":0.999},"geometry":{"type":"Point","coordinates":[104.4547,-1.56383]}},{"id":"4416","type":"Feature","properties":{"rate_time":1.044},"geometry":{"type":"Point","coordinates":[104.45477,-1.56357]}},{"id":"4417","type":"Feature","properties":{"rate_time":-0.383},"geometry":{"type":"Point","coordinates":[104.4548,-1.56331]}},{"id":"4418","type":"Feature","properties":{"rate_time":-0.813},"geometry":{"type":"Point","coordinates":[104.45476,-1.56304]}},{"id":"4419","type":"Feature","properties":{"rate_time":-1.17},"geometry":{"type":"Point","coordinates":[104.45468,-1.56278]}},{"id":"4420","type":"Feature","properties":{"rate_time":-1.406},"geometry":{"type":"Point","coordinates":[104.45451,-1.56259]}},{"id":"4421","type":"Feature","properties":{"rate_time":-1.539},"geometry":{"type":"Point","coordinates":[104.45437,-1.56235]}},{"id":"4422","type":"Feature","properties":{"rate_time":-1.743},"geometry":{"type":"Point","coordinates":[104.45416,-1.56219]}},{"id":"4423","type":"Feature","properties":{"rate_time":-0.84},"geometry":{"type":"Point","coordinates":[104.45359,-1.56217]}},{"id":"4424","type":"Feature","properties":{"rate_time":-1.178},"geometry":{"type":"Point","coordinates":[104.45335,-1.56212]}},{"id":"4425","type":"Feature","properties":{"rate_time":-1.64},"geometry":{"type":"Point","coordinates":[104.45395,-1.56202]}},{"id":"4426","type":"Feature","properties":{"rate_time":-1.872},"geometry":{"type":"Point","coordinates":[104.45377,-1.56197]}},{"id":"4427","type":"Feature","properties":{"rate_time":-2.429},"geometry":{"type":"Point","coordinates":[104.454,-1.56168]}},{"id":"4428","type":"Feature","properties":{"rate_time":-2.748},"geometry":{"type":"Point","coordinates":[104.45374,-1.56162]}},{"id":"4429","type":"Feature","properties":{"rate_time":-3.018},"geometry":{"type":"Point","coordinates":[104.45422,-1.56158]}},{"id":"4430","type":"Feature","properties":{"rate_time":-2.72},"geometry":{"type":"Point","coordinates":[104.45348,-1.56156]}},{"id":"4431","type":"Feature","properties":{"rate_time":-2.452},"geometry":{"type":"Point","coordinates":[104.45325,-1.56151]}},{"id":"4432","type":"Feature","properties":{"rate_time":-3.015},"geometry":{"type":"Point","coordinates":[104.4538,-1.56148]}},{"id":"4433","type":"Feature","properties":{"rate_time":-3.361},"geometry":{"type":"Point","coordinates":[104.45407,-1.56147]}},{"id":"4434","type":"Feature","properties":{"rate_time":-3.168},"geometry":{"type":"Point","coordinates":[104.45357,-1.56134]}},{"id":"4435","type":"Feature","properties":{"rate_time":-1.379},"geometry":{"type":"Point","coordinates":[104.45315,-1.56194]}},{"id":"4436","type":"Feature","properties":{"rate_time":-1.813},"geometry":{"type":"Point","coordinates":[104.45309,-1.56173]}},{"id":"4437","type":"Feature","properties":{"rate_time":-1.964},"geometry":{"type":"Point","coordinates":[104.45318,-1.56034]}},{"id":"4438","type":"Feature","properties":{"rate_time":-2.053},"geometry":{"type":"Point","coordinates":[104.45261,-1.56028]}},{"id":"4439","type":"Feature","properties":{"rate_time":-2.206},"geometry":{"type":"Point","coordinates":[104.45242,-1.56021]}},{"id":"4440","type":"Feature","properties":{"rate_time":-2.099},"geometry":{"type":"Point","coordinates":[104.45285,-1.56017]}},{"id":"4441","type":"Feature","properties":{"rate_time":-2.217},"geometry":{"type":"Point","coordinates":[104.45308,-1.56008]}},{"id":"4442","type":"Feature","properties":{"rate_time":-2.788},"geometry":{"type":"Point","coordinates":[104.45244,-1.55994]}},{"id":"4443","type":"Feature","properties":{"rate_time":-2.699},"geometry":{"type":"Point","coordinates":[104.45297,-1.55993]}},{"id":"4444","type":"Feature","properties":{"rate_time":-2.995},"geometry":{"type":"Point","coordinates":[104.45224,-1.55979]}},{"id":"4445","type":"Feature","properties":{"rate_time":-3.856},"geometry":{"type":"Point","coordinates":[104.45139,-1.55976]}},{"id":"4446","type":"Feature","properties":{"rate_time":-3.203},"geometry":{"type":"Point","coordinates":[104.45209,-1.55961]}},{"id":"4447","type":"Feature","properties":{"rate_time":-3.951},"geometry":{"type":"Point","coordinates":[104.45148,-1.55953]}},{"id":"4448","type":"Feature","properties":{"rate_time":-4.315},"geometry":{"type":"Point","coordinates":[104.45135,-1.55949]}},{"id":"4449","type":"Feature","properties":{"rate_time":-3.359},"geometry":{"type":"Point","coordinates":[104.45228,-1.55942]}},{"id":"4450","type":"Feature","properties":{"rate_time":-4.306},"geometry":{"type":"Point","coordinates":[104.45159,-1.55931]}},{"id":"4451","type":"Feature","properties":{"rate_time":-4.54},"geometry":{"type":"Point","coordinates":[104.45135,-1.55922]}},{"id":"4452","type":"Feature","properties":{"rate_time":-3.835},"geometry":{"type":"Point","coordinates":[104.45231,-1.55916]}},{"id":"4453","type":"Feature","properties":{"rate_time":-4.481},"geometry":{"type":"Point","coordinates":[104.45178,-1.55913]}},{"id":"4454","type":"Feature","properties":{"rate_time":-4.597},"geometry":{"type":"Point","coordinates":[104.45136,-1.55895]}},{"id":"4455","type":"Feature","properties":{"rate_time":-9.643},"geometry":{"type":"Point","coordinates":[104.44877,-1.54651]}},{"id":"4456","type":"Feature","properties":{"rate_time":-9.89},"geometry":{"type":"Point","coordinates":[104.44869,-1.54626]}},{"id":"4457","type":"Feature","properties":{"rate_time":-10.197},"geometry":{"type":"Point","coordinates":[104.44861,-1.546]}},{"id":"4458","type":"Feature","properties":{"rate_time":-10.554},"geometry":{"type":"Point","coordinates":[104.44851,-1.54575]}},{"id":"4459","type":"Feature","properties":{"rate_time":-10.881},"geometry":{"type":"Point","coordinates":[104.44844,-1.54548]}},{"id":"4460","type":"Feature","properties":{"rate_time":-11.766},"geometry":{"type":"Point","coordinates":[104.44839,-1.54522]}},{"id":"4461","type":"Feature","properties":{"rate_time":-11.994},"geometry":{"type":"Point","coordinates":[104.44832,-1.54496]}},{"id":"4462","type":"Feature","properties":{"rate_time":-12.24},"geometry":{"type":"Point","coordinates":[104.44819,-1.54472]}},{"id":"4463","type":"Feature","properties":{"rate_time":-12.376},"geometry":{"type":"Point","coordinates":[104.44812,-1.54446]}},{"id":"4464","type":"Feature","properties":{"rate_time":-12.442},"geometry":{"type":"Point","coordinates":[104.44809,-1.54419]}},{"id":"4465","type":"Feature","properties":{"rate_time":-12.334},"geometry":{"type":"Point","coordinates":[104.44807,-1.54392]}},{"id":"4466","type":"Feature","properties":{"rate_time":-12.092},"geometry":{"type":"Point","coordinates":[104.44805,-1.54365]}},{"id":"4467","type":"Feature","properties":{"rate_time":-11.9},"geometry":{"type":"Point","coordinates":[104.4479,-1.54342]}},{"id":"4468","type":"Feature","properties":{"rate_time":-11.811},"geometry":{"type":"Point","coordinates":[104.44778,-1.54318]}},{"id":"4469","type":"Feature","properties":{"rate_time":-11.773},"geometry":{"type":"Point","coordinates":[104.44764,-1.54295]}},{"id":"4470","type":"Feature","properties":{"rate_time":-11.7},"geometry":{"type":"Point","coordinates":[104.44755,-1.5427]}},{"id":"4471","type":"Feature","properties":{"rate_time":-11.589},"geometry":{"type":"Point","coordinates":[104.44749,-1.54243]}},{"id":"4472","type":"Feature","properties":{"rate_time":-11.433},"geometry":{"type":"Point","coordinates":[104.44744,-1.54217]}},{"id":"4473","type":"Feature","properties":{"rate_time":-11.271},"geometry":{"type":"Point","coordinates":[104.4474,-1.5419]}},{"id":"4474","type":"Feature","properties":{"rate_time":-11.068},"geometry":{"type":"Point","coordinates":[104.4474,-1.54163]}},{"id":"4475","type":"Feature","properties":{"rate_time":-10.828},"geometry":{"type":"Point","coordinates":[104.44744,-1.54136]}},{"id":"4476","type":"Feature","properties":{"rate_time":-10.547},"geometry":{"type":"Point","coordinates":[104.44745,-1.54109]}},{"id":"4477","type":"Feature","properties":{"rate_time":-10.323},"geometry":{"type":"Point","coordinates":[104.44738,-1.54083]}},{"id":"4478","type":"Feature","properties":{"rate_time":-10.128},"geometry":{"type":"Point","coordinates":[104.44728,-1.54058]}},{"id":"4479","type":"Feature","properties":{"rate_time":-9.944},"geometry":{"type":"Point","coordinates":[104.44721,-1.54032]}},{"id":"4480","type":"Feature","properties":{"rate_time":-9.664},"geometry":{"type":"Point","coordinates":[104.44718,-1.54005]}},{"id":"4481","type":"Feature","properties":{"rate_time":-9.231},"geometry":{"type":"Point","coordinates":[104.44719,-1.53978]}},{"id":"4482","type":"Feature","properties":{"rate_time":-8.902},"geometry":{"type":"Point","coordinates":[104.44716,-1.53951]}},{"id":"4483","type":"Feature","properties":{"rate_time":-8.895},"geometry":{"type":"Point","coordinates":[104.44703,-1.53928]}},{"id":"4484","type":"Feature","properties":{"rate_time":-9.104},"geometry":{"type":"Point","coordinates":[104.44684,-1.53909]}},{"id":"4485","type":"Feature","properties":{"rate_time":-9.262},"geometry":{"type":"Point","coordinates":[104.44671,-1.53885]}},{"id":"4486","type":"Feature","properties":{"rate_time":-9.409},"geometry":{"type":"Point","coordinates":[104.44658,-1.53861]}},{"id":"4487","type":"Feature","properties":{"rate_time":-9.601},"geometry":{"type":"Point","coordinates":[104.44643,-1.53839]}},{"id":"4488","type":"Feature","properties":{"rate_time":-10.018},"geometry":{"type":"Point","coordinates":[104.44623,-1.53822]}},{"id":"4489","type":"Feature","properties":{"rate_time":-11.179},"geometry":{"type":"Point","coordinates":[104.44571,-1.53818]}},{"id":"4490","type":"Feature","properties":{"rate_time":-10.673},"geometry":{"type":"Point","coordinates":[104.44598,-1.53813]}},{"id":"4491","type":"Feature","properties":{"rate_time":-11.632},"geometry":{"type":"Point","coordinates":[104.44545,-1.53811]}},{"id":"4492","type":"Feature","properties":{"rate_time":-11.958},"geometry":{"type":"Point","coordinates":[104.44526,-1.53792]}},{"id":"4493","type":"Feature","properties":{"rate_time":-12.035},"geometry":{"type":"Point","coordinates":[104.44514,-1.53768]}},{"id":"4494","type":"Feature","properties":{"rate_time":-11.971},"geometry":{"type":"Point","coordinates":[104.44505,-1.53742]}},{"id":"4495","type":"Feature","properties":{"rate_time":-11.897},"geometry":{"type":"Point","coordinates":[104.4449,-1.5372]}},{"id":"4496","type":"Feature","properties":{"rate_time":-11.787},"geometry":{"type":"Point","coordinates":[104.44481,-1.53695]}},{"id":"4497","type":"Feature","properties":{"rate_time":-11.77},"geometry":{"type":"Point","coordinates":[104.4447,-1.5367]}},{"id":"4498","type":"Feature","properties":{"rate_time":-11.79},"geometry":{"type":"Point","coordinates":[104.44458,-1.53646]}},{"id":"4499","type":"Feature","properties":{"rate_time":-11.758},"geometry":{"type":"Point","coordinates":[104.4445,-1.5362]}},{"id":"4500","type":"Feature","properties":{"rate_time":-11.784},"geometry":{"type":"Point","coordinates":[104.44443,-1.53594]}},{"id":"4501","type":"Feature","properties":{"rate_time":-11.816},"geometry":{"type":"Point","coordinates":[104.44435,-1.53568]}},{"id":"4502","type":"Feature","properties":{"rate_time":-11.804},"geometry":{"type":"Point","coordinates":[104.44427,-1.53542]}},{"id":"4503","type":"Feature","properties":{"rate_time":-11.77},"geometry":{"type":"Point","coordinates":[104.44418,-1.53517]}},{"id":"4504","type":"Feature","properties":{"rate_time":-11.787},"geometry":{"type":"Point","coordinates":[104.44405,-1.53493]}},{"id":"4505","type":"Feature","properties":{"rate_time":-11.848},"geometry":{"type":"Point","coordinates":[104.44386,-1.53442]}},{"id":"4506","type":"Feature","properties":{"rate_time":-11.848},"geometry":{"type":"Point","coordinates":[104.44379,-1.53416]}},{"id":"4507","type":"Feature","properties":{"rate_time":-11.778},"geometry":{"type":"Point","coordinates":[104.44373,-1.5339]}},{"id":"4508","type":"Feature","properties":{"rate_time":-11.647},"geometry":{"type":"Point","coordinates":[104.4437,-1.53363]}},{"id":"4509","type":"Feature","properties":{"rate_time":-11.527},"geometry":{"type":"Point","coordinates":[104.44366,-1.53336]}},{"id":"4510","type":"Feature","properties":{"rate_time":-11.489},"geometry":{"type":"Point","coordinates":[104.44357,-1.5331]}},{"id":"4511","type":"Feature","properties":{"rate_time":-11.452},"geometry":{"type":"Point","coordinates":[104.44351,-1.53284]}},{"id":"4512","type":"Feature","properties":{"rate_time":-11.398},"geometry":{"type":"Point","coordinates":[104.44346,-1.53257]}},{"id":"4513","type":"Feature","properties":{"rate_time":-11.209},"geometry":{"type":"Point","coordinates":[104.4434,-1.53231]}},{"id":"4514","type":"Feature","properties":{"rate_time":-10.91},"geometry":{"type":"Point","coordinates":[104.44333,-1.53205]}},{"id":"4515","type":"Feature","properties":{"rate_time":-11.264},"geometry":{"type":"Point","coordinates":[104.44327,-1.53178]}},{"id":"4516","type":"Feature","properties":{"rate_time":-11.072},"geometry":{"type":"Point","coordinates":[104.44321,-1.53152]}},{"id":"4517","type":"Feature","properties":{"rate_time":-10.878},"geometry":{"type":"Point","coordinates":[104.44316,-1.53125]}},{"id":"4518","type":"Feature","properties":{"rate_time":-10.682},"geometry":{"type":"Point","coordinates":[104.44309,-1.53099]}},{"id":"4519","type":"Feature","properties":{"rate_time":-10.499},"geometry":{"type":"Point","coordinates":[104.443,-1.53073]}},{"id":"4520","type":"Feature","properties":{"rate_time":-10.252},"geometry":{"type":"Point","coordinates":[104.44292,-1.53047]}},{"id":"4521","type":"Feature","properties":{"rate_time":-9.967},"geometry":{"type":"Point","coordinates":[104.44287,-1.53021]}},{"id":"4522","type":"Feature","properties":{"rate_time":-9.834},"geometry":{"type":"Point","coordinates":[104.44279,-1.52995]}},{"id":"4523","type":"Feature","properties":{"rate_time":-9.834},"geometry":{"type":"Point","coordinates":[104.4427,-1.52969]}},{"id":"4524","type":"Feature","properties":{"rate_time":-10.205},"geometry":{"type":"Point","coordinates":[104.44263,-1.52943]}},{"id":"4525","type":"Feature","properties":{"rate_time":-10.053},"geometry":{"type":"Point","coordinates":[104.44255,-1.52917]}},{"id":"4526","type":"Feature","properties":{"rate_time":-9.971},"geometry":{"type":"Point","coordinates":[104.44246,-1.52892]}},{"id":"4527","type":"Feature","properties":{"rate_time":-9.925},"geometry":{"type":"Point","coordinates":[104.44242,-1.52865]}},{"id":"4528","type":"Feature","properties":{"rate_time":-9.911},"geometry":{"type":"Point","coordinates":[104.4424,-1.52838]}},{"id":"4529","type":"Feature","properties":{"rate_time":-10.135},"geometry":{"type":"Point","coordinates":[104.44226,-1.52815]}},{"id":"4530","type":"Feature","properties":{"rate_time":-10.341},"geometry":{"type":"Point","coordinates":[104.44217,-1.52789]}},{"id":"4531","type":"Feature","properties":{"rate_time":-10.493},"geometry":{"type":"Point","coordinates":[104.44211,-1.52763]}},{"id":"4532","type":"Feature","properties":{"rate_time":-10.573},"geometry":{"type":"Point","coordinates":[104.44203,-1.52737]}},{"id":"4533","type":"Feature","properties":{"rate_time":-10.517},"geometry":{"type":"Point","coordinates":[104.44197,-1.52711]}},{"id":"4534","type":"Feature","properties":{"rate_time":-10.39},"geometry":{"type":"Point","coordinates":[104.44189,-1.52685]}},{"id":"4535","type":"Feature","properties":{"rate_time":-10.312},"geometry":{"type":"Point","coordinates":[104.44185,-1.52658]}},{"id":"4536","type":"Feature","properties":{"rate_time":-10.358},"geometry":{"type":"Point","coordinates":[104.4418,-1.52632]}},{"id":"4537","type":"Feature","properties":{"rate_time":-10.395},"geometry":{"type":"Point","coordinates":[104.4417,-1.52606]}},{"id":"4538","type":"Feature","properties":{"rate_time":-10.452},"geometry":{"type":"Point","coordinates":[104.44166,-1.5258]}},{"id":"4539","type":"Feature","properties":{"rate_time":-10.584},"geometry":{"type":"Point","coordinates":[104.44158,-1.52554]}},{"id":"4540","type":"Feature","properties":{"rate_time":-10.825},"geometry":{"type":"Point","coordinates":[104.44144,-1.52531]}},{"id":"4541","type":"Feature","properties":{"rate_time":-11.24},"geometry":{"type":"Point","coordinates":[104.4414,-1.52505]}},{"id":"4542","type":"Feature","properties":{"rate_time":-11.61},"geometry":{"type":"Point","coordinates":[104.44138,-1.52478]}},{"id":"4543","type":"Feature","properties":{"rate_time":-11.916},"geometry":{"type":"Point","coordinates":[104.44136,-1.52451]}},{"id":"4544","type":"Feature","properties":{"rate_time":-12.108},"geometry":{"type":"Point","coordinates":[104.44129,-1.52425]}},{"id":"4545","type":"Feature","properties":{"rate_time":-12.337},"geometry":{"type":"Point","coordinates":[104.44116,-1.52402]}},{"id":"4546","type":"Feature","properties":{"rate_time":-12.517},"geometry":{"type":"Point","coordinates":[104.44101,-1.52379]}},{"id":"4547","type":"Feature","properties":{"rate_time":-12.677},"geometry":{"type":"Point","coordinates":[104.44086,-1.52357]}},{"id":"4548","type":"Feature","properties":{"rate_time":-12.688},"geometry":{"type":"Point","coordinates":[104.44082,-1.5233]}},{"id":"4549","type":"Feature","properties":{"rate_time":-12.655},"geometry":{"type":"Point","coordinates":[104.44078,-1.52303]}},{"id":"4550","type":"Feature","properties":{"rate_time":-12.754},"geometry":{"type":"Point","coordinates":[104.44069,-1.52278]}},{"id":"4551","type":"Feature","properties":{"rate_time":-12.814},"geometry":{"type":"Point","coordinates":[104.44058,-1.52253]}},{"id":"4552","type":"Feature","properties":{"rate_time":-12.707},"geometry":{"type":"Point","coordinates":[104.44052,-1.52227]}},{"id":"4553","type":"Feature","properties":{"rate_time":-12.471},"geometry":{"type":"Point","coordinates":[104.44043,-1.52201]}},{"id":"4554","type":"Feature","properties":{"rate_time":-12.275},"geometry":{"type":"Point","coordinates":[104.44032,-1.52177]}},{"id":"4555","type":"Feature","properties":{"rate_time":-4.341},"geometry":{"type":"Point","coordinates":[104.4522,-1.55892]}},{"id":"4556","type":"Feature","properties":{"rate_time":-4.542},"geometry":{"type":"Point","coordinates":[104.45183,-1.55887]}},{"id":"4557","type":"Feature","properties":{"rate_time":-4.622},"geometry":{"type":"Point","coordinates":[104.45209,-1.5587]}},{"id":"4558","type":"Feature","properties":{"rate_time":-4.704},"geometry":{"type":"Point","coordinates":[104.45135,-1.55868]}},{"id":"4559","type":"Feature","properties":{"rate_time":-4.706},"geometry":{"type":"Point","coordinates":[104.45182,-1.5586]}},{"id":"4560","type":"Feature","properties":{"rate_time":-4.795},"geometry":{"type":"Point","coordinates":[104.45199,-1.55848]}},{"id":"4561","type":"Feature","properties":{"rate_time":-4.9},"geometry":{"type":"Point","coordinates":[104.45129,-1.55842]}},{"id":"4562","type":"Feature","properties":{"rate_time":-4.998},"geometry":{"type":"Point","coordinates":[104.45119,-1.55816]}},{"id":"4563","type":"Feature","properties":{"rate_time":-5.162},"geometry":{"type":"Point","coordinates":[104.45112,-1.55791]}},{"id":"4564","type":"Feature","properties":{"rate_time":-5.409},"geometry":{"type":"Point","coordinates":[104.45108,-1.55764]}},{"id":"4565","type":"Feature","properties":{"rate_time":-4.569},"geometry":{"type":"Point","coordinates":[104.45103,-1.55737]}},{"id":"4566","type":"Feature","properties":{"rate_time":-4.705},"geometry":{"type":"Point","coordinates":[104.45101,-1.5571]}},{"id":"4567","type":"Feature","properties":{"rate_time":-4.776},"geometry":{"type":"Point","coordinates":[104.45104,-1.55684]}},{"id":"4568","type":"Feature","properties":{"rate_time":-4.992},"geometry":{"type":"Point","coordinates":[104.45106,-1.55657]}},{"id":"4569","type":"Feature","properties":{"rate_time":-5.18},"geometry":{"type":"Point","coordinates":[104.45104,-1.5563]}},{"id":"4570","type":"Feature","properties":{"rate_time":-5.379},"geometry":{"type":"Point","coordinates":[104.451,-1.55603]}},{"id":"4571","type":"Feature","properties":{"rate_time":-5.668},"geometry":{"type":"Point","coordinates":[104.451,-1.55577]}},{"id":"4572","type":"Feature","properties":{"rate_time":-5.874},"geometry":{"type":"Point","coordinates":[104.45108,-1.55551]}},{"id":"4573","type":"Feature","properties":{"rate_time":-5.885},"geometry":{"type":"Point","coordinates":[104.45107,-1.55524]}},{"id":"4574","type":"Feature","properties":{"rate_time":-5.73},"geometry":{"type":"Point","coordinates":[104.45106,-1.55498]}},{"id":"4575","type":"Feature","properties":{"rate_time":-5.819},"geometry":{"type":"Point","coordinates":[104.45095,-1.55473]}},{"id":"4576","type":"Feature","properties":{"rate_time":-5.926},"geometry":{"type":"Point","coordinates":[104.45093,-1.55446]}},{"id":"4577","type":"Feature","properties":{"rate_time":-6.094},"geometry":{"type":"Point","coordinates":[104.45088,-1.55419]}},{"id":"4578","type":"Feature","properties":{"rate_time":-6.338},"geometry":{"type":"Point","coordinates":[104.45075,-1.55395]}},{"id":"4579","type":"Feature","properties":{"rate_time":-6.549},"geometry":{"type":"Point","coordinates":[104.45058,-1.55375]}},{"id":"4580","type":"Feature","properties":{"rate_time":-6.725},"geometry":{"type":"Point","coordinates":[104.45054,-1.55348]}},{"id":"4581","type":"Feature","properties":{"rate_time":-6.796},"geometry":{"type":"Point","coordinates":[104.45051,-1.55321]}},{"id":"4582","type":"Feature","properties":{"rate_time":-6.912},"geometry":{"type":"Point","coordinates":[104.45045,-1.55294]}},{"id":"4583","type":"Feature","properties":{"rate_time":-6.978},"geometry":{"type":"Point","coordinates":[104.4504,-1.55268]}},{"id":"4584","type":"Feature","properties":{"rate_time":-6.811},"geometry":{"type":"Point","coordinates":[104.45031,-1.55242]}},{"id":"4585","type":"Feature","properties":{"rate_time":-7.346},"geometry":{"type":"Point","coordinates":[104.45003,-1.55167]}},{"id":"4586","type":"Feature","properties":{"rate_time":-7.482},"geometry":{"type":"Point","coordinates":[104.44994,-1.55141]}},{"id":"4587","type":"Feature","properties":{"rate_time":-7.517},"geometry":{"type":"Point","coordinates":[104.44987,-1.55115]}},{"id":"4588","type":"Feature","properties":{"rate_time":-6.544},"geometry":{"type":"Point","coordinates":[104.44982,-1.55089]}},{"id":"4589","type":"Feature","properties":{"rate_time":-6.709},"geometry":{"type":"Point","coordinates":[104.44974,-1.55063]}},{"id":"4590","type":"Feature","properties":{"rate_time":-7.759},"geometry":{"type":"Point","coordinates":[104.44969,-1.55036]}},{"id":"4591","type":"Feature","properties":{"rate_time":-7.042},"geometry":{"type":"Point","coordinates":[104.44964,-1.5501]}},{"id":"4592","type":"Feature","properties":{"rate_time":-7.199},"geometry":{"type":"Point","coordinates":[104.44963,-1.54983]}},{"id":"4593","type":"Feature","properties":{"rate_time":-7.349},"geometry":{"type":"Point","coordinates":[104.44961,-1.54956]}},{"id":"4594","type":"Feature","properties":{"rate_time":-7.508},"geometry":{"type":"Point","coordinates":[104.44953,-1.5493]}},{"id":"4595","type":"Feature","properties":{"rate_time":-7.788},"geometry":{"type":"Point","coordinates":[104.44942,-1.54905]}},{"id":"4596","type":"Feature","properties":{"rate_time":-7.563},"geometry":{"type":"Point","coordinates":[104.44935,-1.54879]}},{"id":"4597","type":"Feature","properties":{"rate_time":-7.713},"geometry":{"type":"Point","coordinates":[104.44923,-1.54855]}},{"id":"4598","type":"Feature","properties":{"rate_time":-7.958},"geometry":{"type":"Point","coordinates":[104.44916,-1.54829]}},{"id":"4599","type":"Feature","properties":{"rate_time":-8.256},"geometry":{"type":"Point","coordinates":[104.4491,-1.54802]}},{"id":"4600","type":"Feature","properties":{"rate_time":-8.628},"geometry":{"type":"Point","coordinates":[104.44895,-1.5478]}},{"id":"4601","type":"Feature","properties":{"rate_time":-8.918},"geometry":{"type":"Point","coordinates":[104.44887,-1.54755]}},{"id":"4602","type":"Feature","properties":{"rate_time":-9.03},"geometry":{"type":"Point","coordinates":[104.4489,-1.54728]}},{"id":"4603","type":"Feature","properties":{"rate_time":-9.183},"geometry":{"type":"Point","coordinates":[104.44894,-1.54702]}},{"id":"4604","type":"Feature","properties":{"rate_time":-9.393},"geometry":{"type":"Point","coordinates":[104.44889,-1.54676]}},{"id":"4605","type":"Feature","properties":{"rate_time":-0.778},"geometry":{"type":"Point","coordinates":[104.45629,-1.56721]}},{"id":"4606","type":"Feature","properties":{"rate_time":-0.682},"geometry":{"type":"Point","coordinates":[104.4561,-1.56702]}},{"id":"4607","type":"Feature","properties":{"rate_time":-0.715},"geometry":{"type":"Point","coordinates":[104.4556,-1.56678]}},{"id":"4608","type":"Feature","properties":{"rate_time":-0.425},"geometry":{"type":"Point","coordinates":[104.45604,-1.56677]}},{"id":"4609","type":"Feature","properties":{"rate_time":-0.474},"geometry":{"type":"Point","coordinates":[104.45582,-1.56667]}},{"id":"4610","type":"Feature","properties":{"rate_time":-0.26},"geometry":{"type":"Point","coordinates":[104.45598,-1.56651]}},{"id":"4611","type":"Feature","properties":{"rate_time":-0.168},"geometry":{"type":"Point","coordinates":[104.45545,-1.56536]}},{"id":"4612","type":"Feature","properties":{"rate_time":-0.016},"geometry":{"type":"Point","coordinates":[104.4555,-1.5651]}},{"id":"4613","type":"Feature","properties":{"rate_time":12.894},"geometry":{"type":"Point","coordinates":[104.45547,-1.4406]}},{"id":"4614","type":"Feature","properties":{"rate_time":12.955},"geometry":{"type":"Point","coordinates":[104.45552,-1.44033]}},{"id":"4615","type":"Feature","properties":{"rate_time":-2.769},"geometry":{"type":"Point","coordinates":[104.45347,-1.56109]}},{"id":"4616","type":"Feature","properties":{"rate_time":-2.564},"geometry":{"type":"Point","coordinates":[104.45339,-1.56084]}},{"id":"4617","type":"Feature","properties":{"rate_time":-1.605},"geometry":{"type":"Point","coordinates":[104.45329,-1.56058]}},{"id":"4618","type":"Feature","properties":{"rate_time":9.803},"geometry":{"type":"Point","coordinates":[104.4534,-1.44438]}},{"id":"4619","type":"Feature","properties":{"rate_time":7.792},"geometry":{"type":"Point","coordinates":[104.4536,-1.44423]}},{"id":"4620","type":"Feature","properties":{"rate_time":10.722},"geometry":{"type":"Point","coordinates":[104.45364,-1.44397]}},{"id":"4621","type":"Feature","properties":{"rate_time":7.191},"geometry":{"type":"Point","coordinates":[104.45358,-1.4437]}},{"id":"4622","type":"Feature","properties":{"rate_time":6.457},"geometry":{"type":"Point","coordinates":[104.45345,-1.44347]}},{"id":"4623","type":"Feature","properties":{"rate_time":8.546},"geometry":{"type":"Point","coordinates":[104.45434,-1.44328]}},{"id":"4624","type":"Feature","properties":{"rate_time":8.905},"geometry":{"type":"Point","coordinates":[104.45343,-1.4432]}},{"id":"4625","type":"Feature","properties":{"rate_time":-6.948},"geometry":{"type":"Point","coordinates":[104.45024,-1.55216]}},{"id":"4626","type":"Feature","properties":{"rate_time":-7.092},"geometry":{"type":"Point","coordinates":[104.45015,-1.55191]}},{"id":"4627","type":"Feature","properties":{"rate_time":4.128},"geometry":{"type":"Point","coordinates":[104.45018,-1.44841]}},{"id":"4628","type":"Feature","properties":{"rate_time":4.065},"geometry":{"type":"Point","coordinates":[104.45034,-1.4482]}},{"id":"4629","type":"Feature","properties":{"rate_time":3.416},"geometry":{"type":"Point","coordinates":[104.45041,-1.44794]}},{"id":"4630","type":"Feature","properties":{"rate_time":3.934},"geometry":{"type":"Point","coordinates":[104.45036,-1.44771]}},{"id":"4631","type":"Feature","properties":{"rate_time":3.744},"geometry":{"type":"Point","coordinates":[104.4503,-1.44748]}},{"id":"4632","type":"Feature","properties":{"rate_time":3.465},"geometry":{"type":"Point","coordinates":[104.45052,-1.44733]}},{"id":"4633","type":"Feature","properties":{"rate_time":3.245},"geometry":{"type":"Point","coordinates":[104.4505,-1.44717]}},{"id":"4634","type":"Feature","properties":{"rate_time":3.18},"geometry":{"type":"Point","coordinates":[104.4503,-1.44699]}},{"id":"4635","type":"Feature","properties":{"rate_time":3.224},"geometry":{"type":"Point","coordinates":[104.44816,-1.45096]}},{"id":"4636","type":"Feature","properties":{"rate_time":3.355},"geometry":{"type":"Point","coordinates":[104.44826,-1.45071]}},{"id":"4637","type":"Feature","properties":{"rate_time":3.514},"geometry":{"type":"Point","coordinates":[104.44838,-1.45047]}},{"id":"4638","type":"Feature","properties":{"rate_time":3.66},"geometry":{"type":"Point","coordinates":[104.44846,-1.45021]}},{"id":"4639","type":"Feature","properties":{"rate_time":3.728},"geometry":{"type":"Point","coordinates":[104.44855,-1.44996]}},{"id":"4640","type":"Feature","properties":{"rate_time":3.686},"geometry":{"type":"Point","coordinates":[104.44861,-1.44969]}},{"id":"4641","type":"Feature","properties":{"rate_time":3.655},"geometry":{"type":"Point","coordinates":[104.44869,-1.44943]}},{"id":"4642","type":"Feature","properties":{"rate_time":3.462},"geometry":{"type":"Point","coordinates":[104.44881,-1.44919]}},{"id":"4643","type":"Feature","properties":{"rate_time":3.198},"geometry":{"type":"Point","coordinates":[104.44891,-1.44894]}},{"id":"4644","type":"Feature","properties":{"rate_time":3.08},"geometry":{"type":"Point","coordinates":[104.449,-1.44868]}},{"id":"4645","type":"Feature","properties":{"rate_time":4.178},"geometry":{"type":"Point","coordinates":[104.44993,-1.44848]}},{"id":"4646","type":"Feature","properties":{"rate_time":4.269},"geometry":{"type":"Point","coordinates":[104.44966,-1.44843]}},{"id":"4647","type":"Feature","properties":{"rate_time":2.949},"geometry":{"type":"Point","coordinates":[104.44909,-1.44843]}},{"id":"4648","type":"Feature","properties":{"rate_time":4.218},"geometry":{"type":"Point","coordinates":[104.44943,-1.4483]}},{"id":"4649","type":"Feature","properties":{"rate_time":2.708},"geometry":{"type":"Point","coordinates":[104.44923,-1.4482]}},{"id":"4650","type":"Feature","properties":{"rate_time":3.105},"geometry":{"type":"Point","coordinates":[104.45005,-1.4469]}},{"id":"4651","type":"Feature","properties":{"rate_time":3.32},"geometry":{"type":"Point","coordinates":[104.44989,-1.44669]}},{"id":"4652","type":"Feature","properties":{"rate_time":3.766},"geometry":{"type":"Point","coordinates":[104.44967,-1.44654]}},{"id":"4653","type":"Feature","properties":{"rate_time":3.799},"geometry":{"type":"Point","coordinates":[104.44954,-1.44637]}},{"id":"4654","type":"Feature","properties":{"rate_time":3.578},"geometry":{"type":"Point","coordinates":[104.44964,-1.44612]}},{"id":"4655","type":"Feature","properties":{"rate_time":-12.336},"geometry":{"type":"Point","coordinates":[104.44,-1.52021]}},{"id":"4656","type":"Feature","properties":{"rate_time":-11.933},"geometry":{"type":"Point","coordinates":[104.43997,-1.51996]}},{"id":"4657","type":"Feature","properties":{"rate_time":-11.792},"geometry":{"type":"Point","coordinates":[104.43978,-1.51977]}},{"id":"4658","type":"Feature","properties":{"rate_time":-11.581},"geometry":{"type":"Point","coordinates":[104.43973,-1.5195]}},{"id":"4659","type":"Feature","properties":{"rate_time":-11.197},"geometry":{"type":"Point","coordinates":[104.43969,-1.51923]}},{"id":"4660","type":"Feature","properties":{"rate_time":-10.803},"geometry":{"type":"Point","coordinates":[104.43964,-1.51897]}},{"id":"4661","type":"Feature","properties":{"rate_time":-10.376},"geometry":{"type":"Point","coordinates":[104.43954,-1.51872]}},{"id":"4662","type":"Feature","properties":{"rate_time":-10.026},"geometry":{"type":"Point","coordinates":[104.43947,-1.51845]}},{"id":"4663","type":"Feature","properties":{"rate_time":-9.61},"geometry":{"type":"Point","coordinates":[104.43941,-1.51819]}},{"id":"4664","type":"Feature","properties":{"rate_time":-9.209},"geometry":{"type":"Point","coordinates":[104.43937,-1.51792]}},{"id":"4665","type":"Feature","properties":{"rate_time":-8.762},"geometry":{"type":"Point","coordinates":[104.43929,-1.51766]}},{"id":"4666","type":"Feature","properties":{"rate_time":-8.261},"geometry":{"type":"Point","coordinates":[104.43923,-1.5174]}},{"id":"4667","type":"Feature","properties":{"rate_time":-7.86},"geometry":{"type":"Point","coordinates":[104.43919,-1.51713]}},{"id":"4668","type":"Feature","properties":{"rate_time":-7.521},"geometry":{"type":"Point","coordinates":[104.43916,-1.51686]}},{"id":"4669","type":"Feature","properties":{"rate_time":-7.212},"geometry":{"type":"Point","coordinates":[104.4391,-1.5166]}},{"id":"4670","type":"Feature","properties":{"rate_time":-6.998},"geometry":{"type":"Point","coordinates":[104.439,-1.51635]}},{"id":"4671","type":"Feature","properties":{"rate_time":-6.771},"geometry":{"type":"Point","coordinates":[104.43894,-1.51608]}},{"id":"4672","type":"Feature","properties":{"rate_time":-6.587},"geometry":{"type":"Point","coordinates":[104.43889,-1.51582]}},{"id":"4673","type":"Feature","properties":{"rate_time":-6.492},"geometry":{"type":"Point","coordinates":[104.4388,-1.51556]}},{"id":"4674","type":"Feature","properties":{"rate_time":-6.485},"geometry":{"type":"Point","coordinates":[104.43871,-1.51531]}},{"id":"4675","type":"Feature","properties":{"rate_time":-6.47},"geometry":{"type":"Point","coordinates":[104.43866,-1.51504]}},{"id":"4676","type":"Feature","properties":{"rate_time":-6.466},"geometry":{"type":"Point","coordinates":[104.43862,-1.51478]}},{"id":"4677","type":"Feature","properties":{"rate_time":-7.377},"geometry":{"type":"Point","coordinates":[104.43858,-1.51451]}},{"id":"4678","type":"Feature","properties":{"rate_time":-7.404},"geometry":{"type":"Point","coordinates":[104.43852,-1.51425]}},{"id":"4679","type":"Feature","properties":{"rate_time":-7.459},"geometry":{"type":"Point","coordinates":[104.43842,-1.51399]}},{"id":"4680","type":"Feature","properties":{"rate_time":-7.701},"geometry":{"type":"Point","coordinates":[104.43837,-1.51373]}},{"id":"4681","type":"Feature","properties":{"rate_time":-7.776},"geometry":{"type":"Point","coordinates":[104.43834,-1.51346]}},{"id":"4682","type":"Feature","properties":{"rate_time":-7.722},"geometry":{"type":"Point","coordinates":[104.43831,-1.51319]}},{"id":"4683","type":"Feature","properties":{"rate_time":-7.646},"geometry":{"type":"Point","coordinates":[104.43825,-1.51293]}},{"id":"4684","type":"Feature","properties":{"rate_time":-7.558},"geometry":{"type":"Point","coordinates":[104.43814,-1.51268]}},{"id":"4685","type":"Feature","properties":{"rate_time":-7.433},"geometry":{"type":"Point","coordinates":[104.43812,-1.51241]}},{"id":"4686","type":"Feature","properties":{"rate_time":-7.393},"geometry":{"type":"Point","coordinates":[104.43809,-1.51214]}},{"id":"4687","type":"Feature","properties":{"rate_time":-7.291},"geometry":{"type":"Point","coordinates":[104.43806,-1.51187]}},{"id":"4688","type":"Feature","properties":{"rate_time":-7.113},"geometry":{"type":"Point","coordinates":[104.43802,-1.5116]}},{"id":"4689","type":"Feature","properties":{"rate_time":-7.029},"geometry":{"type":"Point","coordinates":[104.43792,-1.51135]}},{"id":"4690","type":"Feature","properties":{"rate_time":-6.774},"geometry":{"type":"Point","coordinates":[104.43791,-1.51108]}},{"id":"4691","type":"Feature","properties":{"rate_time":-6.596},"geometry":{"type":"Point","coordinates":[104.4379,-1.51081]}},{"id":"4692","type":"Feature","properties":{"rate_time":-6.49},"geometry":{"type":"Point","coordinates":[104.43791,-1.51054]}},{"id":"4693","type":"Feature","properties":{"rate_time":-6.267},"geometry":{"type":"Point","coordinates":[104.43789,-1.51027]}},{"id":"4694","type":"Feature","properties":{"rate_time":-6.064},"geometry":{"type":"Point","coordinates":[104.43787,-1.51]}},{"id":"4695","type":"Feature","properties":{"rate_time":-5.95},"geometry":{"type":"Point","coordinates":[104.43787,-1.50972]}},{"id":"4696","type":"Feature","properties":{"rate_time":-5.925},"geometry":{"type":"Point","coordinates":[104.43785,-1.50945]}},{"id":"4697","type":"Feature","properties":{"rate_time":-5.91},"geometry":{"type":"Point","coordinates":[104.43783,-1.50918]}},{"id":"4698","type":"Feature","properties":{"rate_time":-5.933},"geometry":{"type":"Point","coordinates":[104.43771,-1.50894]}},{"id":"4699","type":"Feature","properties":{"rate_time":-5.814},"geometry":{"type":"Point","coordinates":[104.43769,-1.50868]}},{"id":"4700","type":"Feature","properties":{"rate_time":-5.759},"geometry":{"type":"Point","coordinates":[104.43768,-1.50841]}},{"id":"4701","type":"Feature","properties":{"rate_time":-5.817},"geometry":{"type":"Point","coordinates":[104.43761,-1.50815]}},{"id":"4702","type":"Feature","properties":{"rate_time":-5.925},"geometry":{"type":"Point","coordinates":[104.43756,-1.50789]}},{"id":"4703","type":"Feature","properties":{"rate_time":-5.999},"geometry":{"type":"Point","coordinates":[104.43753,-1.50762]}},{"id":"4704","type":"Feature","properties":{"rate_time":-6.051},"geometry":{"type":"Point","coordinates":[104.43752,-1.50735]}},{"id":"4705","type":"Feature","properties":{"rate_time":-6.241},"geometry":{"type":"Point","coordinates":[104.4375,-1.50708]}},{"id":"4706","type":"Feature","properties":{"rate_time":-6.3},"geometry":{"type":"Point","coordinates":[104.4375,-1.50681]}},{"id":"4707","type":"Feature","properties":{"rate_time":-6.232},"geometry":{"type":"Point","coordinates":[104.43747,-1.50654]}},{"id":"4708","type":"Feature","properties":{"rate_time":-6.05},"geometry":{"type":"Point","coordinates":[104.43744,-1.50627]}},{"id":"4709","type":"Feature","properties":{"rate_time":-5.877},"geometry":{"type":"Point","coordinates":[104.43736,-1.50602]}},{"id":"4710","type":"Feature","properties":{"rate_time":-5.715},"geometry":{"type":"Point","coordinates":[104.43735,-1.50575]}},{"id":"4711","type":"Feature","properties":{"rate_time":-5.701},"geometry":{"type":"Point","coordinates":[104.43732,-1.50549]}},{"id":"4712","type":"Feature","properties":{"rate_time":-7.369},"geometry":{"type":"Point","coordinates":[104.43725,-1.50522]}},{"id":"4713","type":"Feature","properties":{"rate_time":-7.35},"geometry":{"type":"Point","coordinates":[104.43726,-1.50496]}},{"id":"4714","type":"Feature","properties":{"rate_time":-7.301},"geometry":{"type":"Point","coordinates":[104.43734,-1.50471]}},{"id":"4715","type":"Feature","properties":{"rate_time":-12.195},"geometry":{"type":"Point","coordinates":[104.44031,-1.5215]}},{"id":"4716","type":"Feature","properties":{"rate_time":-12.348},"geometry":{"type":"Point","coordinates":[104.4403,-1.52123]}},{"id":"4717","type":"Feature","properties":{"rate_time":-12.624},"geometry":{"type":"Point","coordinates":[104.44023,-1.52097]}},{"id":"4718","type":"Feature","properties":{"rate_time":-12.827},"geometry":{"type":"Point","coordinates":[104.44012,-1.52073]}},{"id":"4719","type":"Feature","properties":{"rate_time":-12.74},"geometry":{"type":"Point","coordinates":[104.44002,-1.52048]}},{"id":"4720","type":"Feature","properties":{"rate_time":1.219},"geometry":{"type":"Point","coordinates":[104.44042,-1.49017]}},{"id":"4721","type":"Feature","properties":{"rate_time":1.156},"geometry":{"type":"Point","coordinates":[104.44024,-1.49014]}},{"id":"4722","type":"Feature","properties":{"rate_time":0.961},"geometry":{"type":"Point","coordinates":[104.44008,-1.48992]}},{"id":"4723","type":"Feature","properties":{"rate_time":1.202},"geometry":{"type":"Point","coordinates":[104.44043,-1.48991]}},{"id":"4724","type":"Feature","properties":{"rate_time":1.043},"geometry":{"type":"Point","coordinates":[104.44024,-1.48978]}},{"id":"4725","type":"Feature","properties":{"rate_time":-7.249},"geometry":{"type":"Point","coordinates":[104.43747,-1.50448]}},{"id":"4726","type":"Feature","properties":{"rate_time":-7.161},"geometry":{"type":"Point","coordinates":[104.43755,-1.50425]}},{"id":"4727","type":"Feature","properties":{"rate_time":-7.304},"geometry":{"type":"Point","coordinates":[104.43735,-1.50411]}},{"id":"4728","type":"Feature","properties":{"rate_time":-7.358},"geometry":{"type":"Point","coordinates":[104.43728,-1.50385]}},{"id":"4729","type":"Feature","properties":{"rate_time":-7.252},"geometry":{"type":"Point","coordinates":[104.43727,-1.50358]}},{"id":"4730","type":"Feature","properties":{"rate_time":-7.0},"geometry":{"type":"Point","coordinates":[104.43725,-1.50332]}},{"id":"4731","type":"Feature","properties":{"rate_time":-6.803},"geometry":{"type":"Point","coordinates":[104.43722,-1.50305]}},{"id":"4732","type":"Feature","properties":{"rate_time":-6.745},"geometry":{"type":"Point","coordinates":[104.43724,-1.50278]}},{"id":"4733","type":"Feature","properties":{"rate_time":-6.686},"geometry":{"type":"Point","coordinates":[104.43725,-1.50251]}},{"id":"4734","type":"Feature","properties":{"rate_time":-6.552},"geometry":{"type":"Point","coordinates":[104.43727,-1.50224]}},{"id":"4735","type":"Feature","properties":{"rate_time":-6.475},"geometry":{"type":"Point","coordinates":[104.43732,-1.50197]}},{"id":"4736","type":"Feature","properties":{"rate_time":-6.498},"geometry":{"type":"Point","coordinates":[104.43735,-1.50171]}},{"id":"4737","type":"Feature","properties":{"rate_time":-6.409},"geometry":{"type":"Point","coordinates":[104.43737,-1.50144]}},{"id":"4738","type":"Feature","properties":{"rate_time":-4.74},"geometry":{"type":"Point","coordinates":[104.43747,-1.50119]}},{"id":"4739","type":"Feature","properties":{"rate_time":-4.645},"geometry":{"type":"Point","coordinates":[104.43755,-1.50093]}},{"id":"4740","type":"Feature","properties":{"rate_time":-5.834},"geometry":{"type":"Point","coordinates":[104.43757,-1.50066]}},{"id":"4741","type":"Feature","properties":{"rate_time":-4.303},"geometry":{"type":"Point","coordinates":[104.43759,-1.50039]}},{"id":"4742","type":"Feature","properties":{"rate_time":-4.113},"geometry":{"type":"Point","coordinates":[104.43762,-1.50012]}},{"id":"4743","type":"Feature","properties":{"rate_time":-4.017},"geometry":{"type":"Point","coordinates":[104.43762,-1.49985]}},{"id":"4744","type":"Feature","properties":{"rate_time":-3.947},"geometry":{"type":"Point","coordinates":[104.43763,-1.49958]}},{"id":"4745","type":"Feature","properties":{"rate_time":-11.803},"geometry":{"type":"Point","coordinates":[104.44397,-1.53467]}},{"id":"4746","type":"Feature","properties":{"rate_time":2.02},"geometry":{"type":"Point","coordinates":[104.444,-1.47027]}},{"id":"4747","type":"Feature","properties":{"rate_time":1.893},"geometry":{"type":"Point","coordinates":[104.44405,-1.47001]}},{"id":"4748","type":"Feature","properties":{"rate_time":2.238},"geometry":{"type":"Point","coordinates":[104.44404,-1.46693]}},{"id":"4749","type":"Feature","properties":{"rate_time":3.583},"geometry":{"type":"Point","coordinates":[104.44399,-1.46399]}},{"id":"4750","type":"Feature","properties":{"rate_time":3.817},"geometry":{"type":"Point","coordinates":[104.44402,-1.46372]}},{"id":"4751","type":"Feature","properties":{"rate_time":4.029},"geometry":{"type":"Point","coordinates":[104.44408,-1.46346]}},{"id":"4752","type":"Feature","properties":{"rate_time":4.138},"geometry":{"type":"Point","coordinates":[104.44417,-1.4632]}},{"id":"4753","type":"Feature","properties":{"rate_time":4.249},"geometry":{"type":"Point","coordinates":[104.4443,-1.46296]}},{"id":"4754","type":"Feature","properties":{"rate_time":4.223},"geometry":{"type":"Point","coordinates":[104.44441,-1.46272]}},{"id":"4755","type":"Feature","properties":{"rate_time":3.653},"geometry":{"type":"Point","coordinates":[104.45847,-1.57401]}},{"id":"4756","type":"Feature","properties":{"rate_time":3.46},"geometry":{"type":"Point","coordinates":[104.45844,-1.57374]}},{"id":"4757","type":"Feature","properties":{"rate_time":3.442},"geometry":{"type":"Point","coordinates":[104.45829,-1.57353]}},{"id":"4758","type":"Feature","properties":{"rate_time":3.258},"geometry":{"type":"Point","coordinates":[104.4581,-1.57334]}},{"id":"4759","type":"Feature","properties":{"rate_time":2.816},"geometry":{"type":"Point","coordinates":[104.45802,-1.57308]}},{"id":"4760","type":"Feature","properties":{"rate_time":2.484},"geometry":{"type":"Point","coordinates":[104.458,-1.57281]}},{"id":"4761","type":"Feature","properties":{"rate_time":2.123},"geometry":{"type":"Point","coordinates":[104.45799,-1.57254]}},{"id":"4762","type":"Feature","properties":{"rate_time":1.829},"geometry":{"type":"Point","coordinates":[104.45794,-1.57228]}},{"id":"4763","type":"Feature","properties":{"rate_time":1.379},"geometry":{"type":"Point","coordinates":[104.45787,-1.57202]}},{"id":"4764","type":"Feature","properties":{"rate_time":1.115},"geometry":{"type":"Point","coordinates":[104.4578,-1.57176]}},{"id":"4765","type":"Feature","properties":{"rate_time":-3.552},"geometry":{"type":"Point","coordinates":[104.45566,-1.57099]}},{"id":"4766","type":"Feature","properties":{"rate_time":-2.797},"geometry":{"type":"Point","coordinates":[104.45616,-1.57087]}},{"id":"4767","type":"Feature","properties":{"rate_time":-3.084},"geometry":{"type":"Point","coordinates":[104.4559,-1.57086]}},{"id":"4768","type":"Feature","properties":{"rate_time":-3.708},"geometry":{"type":"Point","coordinates":[104.45638,-1.57077]}},{"id":"4769","type":"Feature","properties":{"rate_time":-1.623},"geometry":{"type":"Point","coordinates":[104.45682,-1.57076]}},{"id":"4770","type":"Feature","properties":{"rate_time":-2.251},"geometry":{"type":"Point","coordinates":[104.45665,-1.57066]}},{"id":"4771","type":"Feature","properties":{"rate_time":-3.389},"geometry":{"type":"Point","coordinates":[104.45625,-1.57053]}},{"id":"4772","type":"Feature","properties":{"rate_time":-3.025},"geometry":{"type":"Point","coordinates":[104.45643,-1.57052]}},{"id":"4773","type":"Feature","properties":{"rate_time":-4.029},"geometry":{"type":"Point","coordinates":[104.45622,-1.56977]}},{"id":"4774","type":"Feature","properties":{"rate_time":-2.654},"geometry":{"type":"Point","coordinates":[104.45649,-1.56972]}},{"id":"4775","type":"Feature","properties":{"rate_time":0.777},"geometry":{"type":"Point","coordinates":[104.45774,-1.57149]}},{"id":"4776","type":"Feature","properties":{"rate_time":0.768},"geometry":{"type":"Point","coordinates":[104.45768,-1.57123]}},{"id":"4777","type":"Feature","properties":{"rate_time":0.303},"geometry":{"type":"Point","coordinates":[104.45765,-1.57096]}},{"id":"4778","type":"Feature","properties":{"rate_time":1.086},"geometry":{"type":"Point","coordinates":[104.45731,-1.5709]}},{"id":"4779","type":"Feature","properties":{"rate_time":-0.05},"geometry":{"type":"Point","coordinates":[104.45754,-1.57078]}},{"id":"4780","type":"Feature","properties":{"rate_time":-1.158},"geometry":{"type":"Point","coordinates":[104.45709,-1.57075]}},{"id":"4781","type":"Feature","properties":{"rate_time":0.322},"geometry":{"type":"Point","coordinates":[104.45738,-1.56941]}},{"id":"4782","type":"Feature","properties":{"rate_time":-1.881},"geometry":{"type":"Point","coordinates":[104.45717,-1.56927]}},{"id":"4783","type":"Feature","properties":{"rate_time":-1.91},"geometry":{"type":"Point","coordinates":[104.45701,-1.56923]}},{"id":"4784","type":"Feature","properties":{"rate_time":-0.18},"geometry":{"type":"Point","coordinates":[104.4574,-1.56915]}},{"id":"4785","type":"Feature","properties":{"rate_time":-0.383},"geometry":{"type":"Point","coordinates":[104.45739,-1.56888]}},{"id":"4786","type":"Feature","properties":{"rate_time":-0.299},"geometry":{"type":"Point","coordinates":[104.45722,-1.56868]}},{"id":"4787","type":"Feature","properties":{"rate_time":-0.891},"geometry":{"type":"Point","coordinates":[104.45702,-1.5685]}},{"id":"4788","type":"Feature","properties":{"rate_time":10.217},"geometry":{"type":"Point","coordinates":[104.45702,-1.43134]}},{"id":"4789","type":"Feature","properties":{"rate_time":9.808},"geometry":{"type":"Point","coordinates":[104.45699,-1.43108]}},{"id":"4790","type":"Feature","properties":{"rate_time":7.539},"geometry":{"type":"Point","coordinates":[104.45697,-1.43054]}},{"id":"4791","type":"Feature","properties":{"rate_time":7.375},"geometry":{"type":"Point","coordinates":[104.45709,-1.43032]}},{"id":"4792","type":"Feature","properties":{"rate_time":6.641},"geometry":{"type":"Point","coordinates":[104.45723,-1.4301]}},{"id":"4793","type":"Feature","properties":{"rate_time":5.963},"geometry":{"type":"Point","coordinates":[104.45723,-1.42983]}},{"id":"4794","type":"Feature","properties":{"rate_time":5.319},"geometry":{"type":"Point","coordinates":[104.45724,-1.42956]}},{"id":"4795","type":"Feature","properties":{"rate_time":12.291},"geometry":{"type":"Point","coordinates":[104.45597,-1.43742]}},{"id":"4796","type":"Feature","properties":{"rate_time":14.435},"geometry":{"type":"Point","coordinates":[104.45599,-1.43715]}},{"id":"4797","type":"Feature","properties":{"rate_time":14.46},"geometry":{"type":"Point","coordinates":[104.45606,-1.43689]}},{"id":"4798","type":"Feature","properties":{"rate_time":14.511},"geometry":{"type":"Point","coordinates":[104.45613,-1.43663]}},{"id":"4799","type":"Feature","properties":{"rate_time":12.838},"geometry":{"type":"Point","coordinates":[104.45625,-1.43638]}},{"id":"4800","type":"Feature","properties":{"rate_time":13.148},"geometry":{"type":"Point","coordinates":[104.45637,-1.43614]}},{"id":"4801","type":"Feature","properties":{"rate_time":13.531},"geometry":{"type":"Point","coordinates":[104.45642,-1.43587]}},{"id":"4802","type":"Feature","properties":{"rate_time":13.919},"geometry":{"type":"Point","coordinates":[104.45651,-1.43562]}},{"id":"4803","type":"Feature","properties":{"rate_time":14.14},"geometry":{"type":"Point","coordinates":[104.45656,-1.43535]}},{"id":"4804","type":"Feature","properties":{"rate_time":14.207},"geometry":{"type":"Point","coordinates":[104.45659,-1.43508]}},{"id":"4805","type":"Feature","properties":{"rate_time":14.284},"geometry":{"type":"Point","coordinates":[104.45661,-1.43481]}},{"id":"4806","type":"Feature","properties":{"rate_time":15.296},"geometry":{"type":"Point","coordinates":[104.45662,-1.43454]}},{"id":"4807","type":"Feature","properties":{"rate_time":14.1},"geometry":{"type":"Point","coordinates":[104.45663,-1.43427]}},{"id":"4808","type":"Feature","properties":{"rate_time":14.882},"geometry":{"type":"Point","coordinates":[104.45663,-1.434]}},{"id":"4809","type":"Feature","properties":{"rate_time":14.751},"geometry":{"type":"Point","coordinates":[104.45666,-1.43373]}},{"id":"4810","type":"Feature","properties":{"rate_time":14.545},"geometry":{"type":"Point","coordinates":[104.45669,-1.43346]}},{"id":"4811","type":"Feature","properties":{"rate_time":14.082},"geometry":{"type":"Point","coordinates":[104.45672,-1.43319]}},{"id":"4812","type":"Feature","properties":{"rate_time":13.536},"geometry":{"type":"Point","coordinates":[104.45673,-1.43292]}},{"id":"4813","type":"Feature","properties":{"rate_time":13.064},"geometry":{"type":"Point","coordinates":[104.45673,-1.43265]}},{"id":"4814","type":"Feature","properties":{"rate_time":12.656},"geometry":{"type":"Point","coordinates":[104.45682,-1.4324]}},{"id":"4815","type":"Feature","properties":{"rate_time":4.618},"geometry":{"type":"Point","coordinates":[104.45726,-1.42929]}},{"id":"4816","type":"Feature","properties":{"rate_time":3.911},"geometry":{"type":"Point","coordinates":[104.45729,-1.42902]}},{"id":"4817","type":"Feature","properties":{"rate_time":3.437},"geometry":{"type":"Point","coordinates":[104.45727,-1.42875]}},{"id":"4818","type":"Feature","properties":{"rate_time":2.755},"geometry":{"type":"Point","coordinates":[104.45726,-1.42848]}},{"id":"4819","type":"Feature","properties":{"rate_time":2.039},"geometry":{"type":"Point","coordinates":[104.45725,-1.4282]}},{"id":"4820","type":"Feature","properties":{"rate_time":1.591},"geometry":{"type":"Point","coordinates":[104.45724,-1.42793]}},{"id":"4821","type":"Feature","properties":{"rate_time":1.337},"geometry":{"type":"Point","coordinates":[104.45722,-1.42766]}},{"id":"4822","type":"Feature","properties":{"rate_time":1.013},"geometry":{"type":"Point","coordinates":[104.45721,-1.42739]}},{"id":"4823","type":"Feature","properties":{"rate_time":0.684},"geometry":{"type":"Point","coordinates":[104.4572,-1.42712]}},{"id":"4824","type":"Feature","properties":{"rate_time":0.372},"geometry":{"type":"Point","coordinates":[104.45717,-1.42685]}},{"id":"4825","type":"Feature","properties":{"rate_time":11.365},"geometry":{"type":"Point","coordinates":[104.45686,-1.43213]}},{"id":"4826","type":"Feature","properties":{"rate_time":10.964},"geometry":{"type":"Point","coordinates":[104.45687,-1.43186]}},{"id":"4827","type":"Feature","properties":{"rate_time":10.643},"geometry":{"type":"Point","coordinates":[104.45694,-1.4316]}},{"id":"4828","type":"Feature","properties":{"rate_time":8.821},"geometry":{"type":"Point","coordinates":[104.45697,-1.43081]}},{"id":"4829","type":"Feature","properties":{"rate_time":-0.301},"geometry":{"type":"Point","coordinates":[104.45697,-1.42415]}},{"id":"4830","type":"Feature","properties":{"rate_time":-0.593},"geometry":{"type":"Point","coordinates":[104.45695,-1.42388]}},{"id":"4831","type":"Feature","properties":{"rate_time":-0.934},"geometry":{"type":"Point","coordinates":[104.45692,-1.42361]}},{"id":"4832","type":"Feature","properties":{"rate_time":-0.891},"geometry":{"type":"Point","coordinates":[104.4569,-1.42334]}},{"id":"4833","type":"Feature","properties":{"rate_time":-1.159},"geometry":{"type":"Point","coordinates":[104.45688,-1.42307]}},{"id":"4834","type":"Feature","properties":{"rate_time":-1.519},"geometry":{"type":"Point","coordinates":[104.45687,-1.4228]}},{"id":"4835","type":"Feature","properties":{"rate_time":-0.991},"geometry":{"type":"Point","coordinates":[104.45683,-1.42253]}},{"id":"4836","type":"Feature","properties":{"rate_time":-1.177},"geometry":{"type":"Point","coordinates":[104.45678,-1.42227]}},{"id":"4837","type":"Feature","properties":{"rate_time":-1.53},"geometry":{"type":"Point","coordinates":[104.45673,-1.422]}},{"id":"4838","type":"Feature","properties":{"rate_time":-1.849},"geometry":{"type":"Point","coordinates":[104.45669,-1.42173]}},{"id":"4839","type":"Feature","properties":{"rate_time":-2.009},"geometry":{"type":"Point","coordinates":[104.45668,-1.42146]}},{"id":"4840","type":"Feature","properties":{"rate_time":-2.196},"geometry":{"type":"Point","coordinates":[104.4567,-1.42119]}},{"id":"4841","type":"Feature","properties":{"rate_time":-2.303},"geometry":{"type":"Point","coordinates":[104.45678,-1.42093]}},{"id":"4842","type":"Feature","properties":{"rate_time":-2.584},"geometry":{"type":"Point","coordinates":[104.45675,-1.42066]}},{"id":"4843","type":"Feature","properties":{"rate_time":-2.827},"geometry":{"type":"Point","coordinates":[104.45669,-1.4204]}},{"id":"4844","type":"Feature","properties":{"rate_time":-3.064},"geometry":{"type":"Point","coordinates":[104.4567,-1.42013]}},{"id":"4845","type":"Feature","properties":{"rate_time":-3.259},"geometry":{"type":"Point","coordinates":[104.45669,-1.41986]}},{"id":"4846","type":"Feature","properties":{"rate_time":-3.55},"geometry":{"type":"Point","coordinates":[104.45667,-1.41958]}},{"id":"4847","type":"Feature","properties":{"rate_time":-3.676},"geometry":{"type":"Point","coordinates":[104.45666,-1.41931]}},{"id":"4848","type":"Feature","properties":{"rate_time":-4.007},"geometry":{"type":"Point","coordinates":[104.45664,-1.41904]}},{"id":"4849","type":"Feature","properties":{"rate_time":-4.21},"geometry":{"type":"Point","coordinates":[104.45662,-1.41877]}},{"id":"4850","type":"Feature","properties":{"rate_time":-4.545},"geometry":{"type":"Point","coordinates":[104.45662,-1.4185]}},{"id":"4851","type":"Feature","properties":{"rate_time":-4.946},"geometry":{"type":"Point","coordinates":[104.4566,-1.41823]}},{"id":"4852","type":"Feature","properties":{"rate_time":-5.127},"geometry":{"type":"Point","coordinates":[104.45661,-1.41796]}},{"id":"4853","type":"Feature","properties":{"rate_time":-5.32},"geometry":{"type":"Point","coordinates":[104.45658,-1.41769]}},{"id":"4854","type":"Feature","properties":{"rate_time":-5.601},"geometry":{"type":"Point","coordinates":[104.45651,-1.41743]}},{"id":"4855","type":"Feature","properties":{"rate_time":-3.733},"geometry":{"type":"Point","coordinates":[104.43768,-1.49932]}},{"id":"4856","type":"Feature","properties":{"rate_time":-3.569},"geometry":{"type":"Point","coordinates":[104.43772,-1.49905]}},{"id":"4857","type":"Feature","properties":{"rate_time":-3.557},"geometry":{"type":"Point","coordinates":[104.43769,-1.49878]}},{"id":"4858","type":"Feature","properties":{"rate_time":-3.527},"geometry":{"type":"Point","coordinates":[104.43764,-1.49852]}},{"id":"4859","type":"Feature","properties":{"rate_time":-3.431},"geometry":{"type":"Point","coordinates":[104.43764,-1.49825]}},{"id":"4860","type":"Feature","properties":{"rate_time":-3.143},"geometry":{"type":"Point","coordinates":[104.43773,-1.49799]}},{"id":"4861","type":"Feature","properties":{"rate_time":-2.83},"geometry":{"type":"Point","coordinates":[104.43788,-1.49777]}},{"id":"4862","type":"Feature","properties":{"rate_time":-2.641},"geometry":{"type":"Point","coordinates":[104.43792,-1.4975]}},{"id":"4863","type":"Feature","properties":{"rate_time":-2.538},"geometry":{"type":"Point","coordinates":[104.43794,-1.49723]}},{"id":"4864","type":"Feature","properties":{"rate_time":-2.431},"geometry":{"type":"Point","coordinates":[104.43806,-1.49699]}},{"id":"4865","type":"Feature","properties":{"rate_time":-2.261},"geometry":{"type":"Point","coordinates":[104.43854,-1.49684]}},{"id":"4866","type":"Feature","properties":{"rate_time":-2.676},"geometry":{"type":"Point","coordinates":[104.43877,-1.49676]}},{"id":"4867","type":"Feature","properties":{"rate_time":-1.486},"geometry":{"type":"Point","coordinates":[104.43811,-1.49673]}},{"id":"4868","type":"Feature","properties":{"rate_time":-2.228},"geometry":{"type":"Point","coordinates":[104.43831,-1.49672]}},{"id":"4869","type":"Feature","properties":{"rate_time":-2.459},"geometry":{"type":"Point","coordinates":[104.43872,-1.49655]}},{"id":"4870","type":"Feature","properties":{"rate_time":-1.389},"geometry":{"type":"Point","coordinates":[104.43819,-1.49649]}},{"id":"4871","type":"Feature","properties":{"rate_time":-1.938},"geometry":{"type":"Point","coordinates":[104.43854,-1.49635]}},{"id":"4872","type":"Feature","properties":{"rate_time":-1.343},"geometry":{"type":"Point","coordinates":[104.43817,-1.4963]}},{"id":"4873","type":"Feature","properties":{"rate_time":-1.921},"geometry":{"type":"Point","coordinates":[104.43838,-1.49625]}},{"id":"4874","type":"Feature","properties":{"rate_time":-1.329},"geometry":{"type":"Point","coordinates":[104.43809,-1.49605]}},{"id":"4875","type":"Feature","properties":{"rate_time":-1.24},"geometry":{"type":"Point","coordinates":[104.43814,-1.49578]}},{"id":"4876","type":"Feature","properties":{"rate_time":-0.982},"geometry":{"type":"Point","coordinates":[104.4385,-1.49563]}},{"id":"4877","type":"Feature","properties":{"rate_time":-1.024},"geometry":{"type":"Point","coordinates":[104.43837,-1.49562]}},{"id":"4878","type":"Feature","properties":{"rate_time":-1.24},"geometry":{"type":"Point","coordinates":[104.43818,-1.49552]}},{"id":"4879","type":"Feature","properties":{"rate_time":-1.18},"geometry":{"type":"Point","coordinates":[104.43837,-1.49542]}},{"id":"4880","type":"Feature","properties":{"rate_time":-1.213},"geometry":{"type":"Point","coordinates":[104.4383,-1.49518]}},{"id":"4881","type":"Feature","properties":{"rate_time":-1.092},"geometry":{"type":"Point","coordinates":[104.43833,-1.49491]}},{"id":"4882","type":"Feature","properties":{"rate_time":-0.527},"geometry":{"type":"Point","coordinates":[104.43834,-1.49464]}},{"id":"4883","type":"Feature","properties":{"rate_time":-0.397},"geometry":{"type":"Point","coordinates":[104.43836,-1.49437]}},{"id":"4884","type":"Feature","properties":{"rate_time":-0.345},"geometry":{"type":"Point","coordinates":[104.43839,-1.4941]}},{"id":"4885","type":"Feature","properties":{"rate_time":0.1},"geometry":{"type":"Point","coordinates":[104.43846,-1.49384]}},{"id":"4886","type":"Feature","properties":{"rate_time":0.313},"geometry":{"type":"Point","coordinates":[104.43861,-1.49361]}},{"id":"4887","type":"Feature","properties":{"rate_time":0.344},"geometry":{"type":"Point","coordinates":[104.4387,-1.49336]}},{"id":"4888","type":"Feature","properties":{"rate_time":0.485},"geometry":{"type":"Point","coordinates":[104.43865,-1.49311]}},{"id":"4889","type":"Feature","properties":{"rate_time":0.277},"geometry":{"type":"Point","coordinates":[104.43846,-1.49291]}},{"id":"4890","type":"Feature","properties":{"rate_time":0.194},"geometry":{"type":"Point","coordinates":[104.4384,-1.49265]}},{"id":"4891","type":"Feature","properties":{"rate_time":0.196},"geometry":{"type":"Point","coordinates":[104.4384,-1.49238]}},{"id":"4892","type":"Feature","properties":{"rate_time":0.05},"geometry":{"type":"Point","coordinates":[104.43842,-1.49211]}},{"id":"4893","type":"Feature","properties":{"rate_time":-0.136},"geometry":{"type":"Point","coordinates":[104.43844,-1.49184]}},{"id":"4894","type":"Feature","properties":{"rate_time":-0.241},"geometry":{"type":"Point","coordinates":[104.43846,-1.49157]}},{"id":"4895","type":"Feature","properties":{"rate_time":-0.284},"geometry":{"type":"Point","coordinates":[104.43852,-1.4913]}},{"id":"4896","type":"Feature","properties":{"rate_time":-0.21},"geometry":{"type":"Point","coordinates":[104.43859,-1.49104]}},{"id":"4897","type":"Feature","properties":{"rate_time":-0.073},"geometry":{"type":"Point","coordinates":[104.43858,-1.49077]}},{"id":"4898","type":"Feature","properties":{"rate_time":0.166},"geometry":{"type":"Point","coordinates":[104.439,-1.4906]}},{"id":"4899","type":"Feature","properties":{"rate_time":0.823},"geometry":{"type":"Point","coordinates":[104.43976,-1.49057]}},{"id":"4900","type":"Feature","properties":{"rate_time":0.247},"geometry":{"type":"Point","coordinates":[104.43927,-1.49056]}},{"id":"4901","type":"Feature","properties":{"rate_time":0.146},"geometry":{"type":"Point","coordinates":[104.43862,-1.49051]}},{"id":"4902","type":"Feature","properties":{"rate_time":0.581},"geometry":{"type":"Point","coordinates":[104.43952,-1.49046]}},{"id":"4903","type":"Feature","properties":{"rate_time":0.299},"geometry":{"type":"Point","coordinates":[104.4388,-1.49043]}},{"id":"4904","type":"Feature","properties":{"rate_time":0.819},"geometry":{"type":"Point","coordinates":[104.43986,-1.49041]}},{"id":"4905","type":"Feature","properties":{"rate_time":1.012},"geometry":{"type":"Point","coordinates":[104.44003,-1.48951]}},{"id":"4906","type":"Feature","properties":{"rate_time":1.295},"geometry":{"type":"Point","coordinates":[104.44015,-1.48927]}},{"id":"4907","type":"Feature","properties":{"rate_time":1.318},"geometry":{"type":"Point","coordinates":[104.44028,-1.48904]}},{"id":"4908","type":"Feature","properties":{"rate_time":1.441},"geometry":{"type":"Point","coordinates":[104.4403,-1.48877]}},{"id":"4909","type":"Feature","properties":{"rate_time":1.827},"geometry":{"type":"Point","coordinates":[104.44027,-1.4885]}},{"id":"4910","type":"Feature","properties":{"rate_time":2.111},"geometry":{"type":"Point","coordinates":[104.44031,-1.48823]}},{"id":"4911","type":"Feature","properties":{"rate_time":2.313},"geometry":{"type":"Point","coordinates":[104.44046,-1.48801]}},{"id":"4912","type":"Feature","properties":{"rate_time":2.173},"geometry":{"type":"Point","coordinates":[104.44054,-1.48775]}},{"id":"4913","type":"Feature","properties":{"rate_time":1.971},"geometry":{"type":"Point","coordinates":[104.44058,-1.48748]}},{"id":"4914","type":"Feature","properties":{"rate_time":1.947},"geometry":{"type":"Point","coordinates":[104.44047,-1.48724]}},{"id":"4915","type":"Feature","properties":{"rate_time":0.769},"geometry":{"type":"Point","coordinates":[104.43976,-1.49016]}},{"id":"4916","type":"Feature","properties":{"rate_time":0.686},"geometry":{"type":"Point","coordinates":[104.43982,-1.4899]}},{"id":"4917","type":"Feature","properties":{"rate_time":0.844},"geometry":{"type":"Point","coordinates":[104.44,-1.4897]}},{"id":"4918","type":"Feature","properties":{"rate_time":2.038},"geometry":{"type":"Point","coordinates":[104.43992,-1.48666]}},{"id":"4919","type":"Feature","properties":{"rate_time":2.012},"geometry":{"type":"Point","coordinates":[104.43971,-1.48652]}},{"id":"4920","type":"Feature","properties":{"rate_time":1.911},"geometry":{"type":"Point","coordinates":[104.43944,-1.48649]}},{"id":"4921","type":"Feature","properties":{"rate_time":1.885},"geometry":{"type":"Point","coordinates":[104.43921,-1.4864]}},{"id":"4922","type":"Feature","properties":{"rate_time":2.106},"geometry":{"type":"Point","coordinates":[104.43918,-1.48615]}},{"id":"4923","type":"Feature","properties":{"rate_time":2.411},"geometry":{"type":"Point","coordinates":[104.43919,-1.48588]}},{"id":"4924","type":"Feature","properties":{"rate_time":2.56},"geometry":{"type":"Point","coordinates":[104.43929,-1.48563]}},{"id":"4925","type":"Feature","properties":{"rate_time":2.663},"geometry":{"type":"Point","coordinates":[104.43939,-1.48539]}},{"id":"4926","type":"Feature","properties":{"rate_time":2.473},"geometry":{"type":"Point","coordinates":[104.43943,-1.48512]}},{"id":"4927","type":"Feature","properties":{"rate_time":2.727},"geometry":{"type":"Point","coordinates":[104.43945,-1.48485]}},{"id":"4928","type":"Feature","properties":{"rate_time":2.894},"geometry":{"type":"Point","coordinates":[104.43947,-1.48458]}},{"id":"4929","type":"Feature","properties":{"rate_time":3.172},"geometry":{"type":"Point","coordinates":[104.4395,-1.48431]}},{"id":"4930","type":"Feature","properties":{"rate_time":3.034},"geometry":{"type":"Point","coordinates":[104.43954,-1.48404]}},{"id":"4931","type":"Feature","properties":{"rate_time":2.902},"geometry":{"type":"Point","coordinates":[104.43967,-1.48381]}},{"id":"4932","type":"Feature","properties":{"rate_time":2.805},"geometry":{"type":"Point","coordinates":[104.43987,-1.48364]}},{"id":"4933","type":"Feature","properties":{"rate_time":2.938},"geometry":{"type":"Point","coordinates":[104.44002,-1.48341]}},{"id":"4934","type":"Feature","properties":{"rate_time":2.825},"geometry":{"type":"Point","coordinates":[104.43999,-1.48288]}},{"id":"4935","type":"Feature","properties":{"rate_time":1.961},"geometry":{"type":"Point","coordinates":[104.44029,-1.48705]}},{"id":"4936","type":"Feature","properties":{"rate_time":1.985},"geometry":{"type":"Point","coordinates":[104.44011,-1.48686]}},{"id":"4937","type":"Feature","properties":{"rate_time":2.762},"geometry":{"type":"Point","coordinates":[104.44003,-1.48315]}},{"id":"4938","type":"Feature","properties":{"rate_time":1.99},"geometry":{"type":"Point","coordinates":[104.44004,-1.48155]}},{"id":"4939","type":"Feature","properties":{"rate_time":1.43},"geometry":{"type":"Point","coordinates":[104.44012,-1.4813]}},{"id":"4940","type":"Feature","properties":{"rate_time":1.05},"geometry":{"type":"Point","coordinates":[104.44035,-1.48117]}},{"id":"4941","type":"Feature","properties":{"rate_time":1.237},"geometry":{"type":"Point","coordinates":[104.44049,-1.48094]}},{"id":"4942","type":"Feature","properties":{"rate_time":1.482},"geometry":{"type":"Point","coordinates":[104.44063,-1.4807]}},{"id":"4943","type":"Feature","properties":{"rate_time":1.596},"geometry":{"type":"Point","coordinates":[104.44075,-1.48046]}},{"id":"4944","type":"Feature","properties":{"rate_time":1.342},"geometry":{"type":"Point","coordinates":[104.4409,-1.48023]}},{"id":"4945","type":"Feature","properties":{"rate_time":2.82},"geometry":{"type":"Point","coordinates":[104.43993,-1.48262]}},{"id":"4946","type":"Feature","properties":{"rate_time":2.545},"geometry":{"type":"Point","coordinates":[104.43992,-1.48235]}},{"id":"4947","type":"Feature","properties":{"rate_time":2.39},"geometry":{"type":"Point","coordinates":[104.43996,-1.48208]}},{"id":"4948","type":"Feature","properties":{"rate_time":2.175},"geometry":{"type":"Point","coordinates":[104.44001,-1.48182]}},{"id":"4949","type":"Feature","properties":{"rate_time":1.723},"geometry":{"type":"Point","coordinates":[104.44091,-1.47997]}},{"id":"4950","type":"Feature","properties":{"rate_time":1.664},"geometry":{"type":"Point","coordinates":[104.44078,-1.47974]}},{"id":"4951","type":"Feature","properties":{"rate_time":1.748},"geometry":{"type":"Point","coordinates":[104.44072,-1.47952]}},{"id":"4952","type":"Feature","properties":{"rate_time":1.729},"geometry":{"type":"Point","coordinates":[104.4409,-1.47932]}},{"id":"4953","type":"Feature","properties":{"rate_time":2.129},"geometry":{"type":"Point","coordinates":[104.44105,-1.47909]}},{"id":"4954","type":"Feature","properties":{"rate_time":2.227},"geometry":{"type":"Point","coordinates":[104.44117,-1.47885]}},{"id":"4955","type":"Feature","properties":{"rate_time":2.121},"geometry":{"type":"Point","coordinates":[104.44115,-1.47859]}},{"id":"4956","type":"Feature","properties":{"rate_time":1.887},"geometry":{"type":"Point","coordinates":[104.44101,-1.47836]}},{"id":"4957","type":"Feature","properties":{"rate_time":1.765},"geometry":{"type":"Point","coordinates":[104.44096,-1.47815]}},{"id":"4958","type":"Feature","properties":{"rate_time":2.355},"geometry":{"type":"Point","coordinates":[104.44114,-1.47795]}},{"id":"4959","type":"Feature","properties":{"rate_time":2.39},"geometry":{"type":"Point","coordinates":[104.44119,-1.47769]}},{"id":"4960","type":"Feature","properties":{"rate_time":2.472},"geometry":{"type":"Point","coordinates":[104.44123,-1.47742]}},{"id":"4961","type":"Feature","properties":{"rate_time":1.731},"geometry":{"type":"Point","coordinates":[104.44133,-1.47718]}},{"id":"4962","type":"Feature","properties":{"rate_time":0.801},"geometry":{"type":"Point","coordinates":[104.44142,-1.47692]}},{"id":"4963","type":"Feature","properties":{"rate_time":0.832},"geometry":{"type":"Point","coordinates":[104.44149,-1.47666]}},{"id":"4964","type":"Feature","properties":{"rate_time":0.198},"geometry":{"type":"Point","coordinates":[104.44167,-1.47648]}},{"id":"4965","type":"Feature","properties":{"rate_time":0.592},"geometry":{"type":"Point","coordinates":[104.44177,-1.47624]}},{"id":"4966","type":"Feature","properties":{"rate_time":0.514},"geometry":{"type":"Point","coordinates":[104.44182,-1.47598]}},{"id":"4967","type":"Feature","properties":{"rate_time":0.551},"geometry":{"type":"Point","coordinates":[104.44195,-1.47574]}},{"id":"4968","type":"Feature","properties":{"rate_time":0.983},"geometry":{"type":"Point","coordinates":[104.44201,-1.47548]}},{"id":"4969","type":"Feature","properties":{"rate_time":0.677},"geometry":{"type":"Point","coordinates":[104.44202,-1.47521]}},{"id":"4970","type":"Feature","properties":{"rate_time":0.656},"geometry":{"type":"Point","coordinates":[104.44202,-1.47493]}},{"id":"4971","type":"Feature","properties":{"rate_time":-0.051},"geometry":{"type":"Point","coordinates":[104.44202,-1.47466]}},{"id":"4972","type":"Feature","properties":{"rate_time":-0.064},"geometry":{"type":"Point","coordinates":[104.4421,-1.4744]}},{"id":"4973","type":"Feature","properties":{"rate_time":-0.083},"geometry":{"type":"Point","coordinates":[104.44214,-1.47414]}},{"id":"4974","type":"Feature","properties":{"rate_time":-0.065},"geometry":{"type":"Point","coordinates":[104.44219,-1.47387]}},{"id":"4975","type":"Feature","properties":{"rate_time":-0.007},"geometry":{"type":"Point","coordinates":[104.44226,-1.47361]}},{"id":"4976","type":"Feature","properties":{"rate_time":0.012},"geometry":{"type":"Point","coordinates":[104.44227,-1.47334]}},{"id":"4977","type":"Feature","properties":{"rate_time":1.395},"geometry":{"type":"Point","coordinates":[104.44236,-1.47308]}},{"id":"4978","type":"Feature","properties":{"rate_time":1.406},"geometry":{"type":"Point","coordinates":[104.44249,-1.47284]}},{"id":"4979","type":"Feature","properties":{"rate_time":1.345},"geometry":{"type":"Point","coordinates":[104.44252,-1.47258]}},{"id":"4980","type":"Feature","properties":{"rate_time":1.337},"geometry":{"type":"Point","coordinates":[104.44254,-1.47231]}},{"id":"4981","type":"Feature","properties":{"rate_time":1.335},"geometry":{"type":"Point","coordinates":[104.4426,-1.47204]}},{"id":"4982","type":"Feature","properties":{"rate_time":1.321},"geometry":{"type":"Point","coordinates":[104.44264,-1.47178]}},{"id":"4983","type":"Feature","properties":{"rate_time":1.294},"geometry":{"type":"Point","coordinates":[104.44267,-1.47151]}},{"id":"4984","type":"Feature","properties":{"rate_time":1.312},"geometry":{"type":"Point","coordinates":[104.44258,-1.47126]}},{"id":"4985","type":"Feature","properties":{"rate_time":1.551},"geometry":{"type":"Point","coordinates":[104.4426,-1.47103]}},{"id":"4986","type":"Feature","properties":{"rate_time":1.593},"geometry":{"type":"Point","coordinates":[104.44358,-1.47081]}},{"id":"4987","type":"Feature","properties":{"rate_time":1.535},"geometry":{"type":"Point","coordinates":[104.44272,-1.47079]}},{"id":"4988","type":"Feature","properties":{"rate_time":2.223},"geometry":{"type":"Point","coordinates":[104.44373,-1.47073]}},{"id":"4989","type":"Feature","properties":{"rate_time":1.607},"geometry":{"type":"Point","coordinates":[104.44359,-1.47057]}},{"id":"4990","type":"Feature","properties":{"rate_time":1.495},"geometry":{"type":"Point","coordinates":[104.44277,-1.47053]}},{"id":"4991","type":"Feature","properties":{"rate_time":1.991},"geometry":{"type":"Point","coordinates":[104.44389,-1.47052]}},{"id":"4992","type":"Feature","properties":{"rate_time":2.428},"geometry":{"type":"Point","coordinates":[104.44379,-1.47038]}},{"id":"4993","type":"Feature","properties":{"rate_time":1.575},"geometry":{"type":"Point","coordinates":[104.44276,-1.47026]}},{"id":"4994","type":"Feature","properties":{"rate_time":2.176},"geometry":{"type":"Point","coordinates":[104.44382,-1.47013]}},{"id":"4995","type":"Feature","properties":{"rate_time":1.823},"geometry":{"type":"Point","coordinates":[104.44279,-1.47002]}},{"id":"4996","type":"Feature","properties":{"rate_time":2.085},"geometry":{"type":"Point","coordinates":[104.44381,-1.46986]}},{"id":"4997","type":"Feature","properties":{"rate_time":1.988},"geometry":{"type":"Point","coordinates":[104.44299,-1.46984]}},{"id":"4998","type":"Feature","properties":{"rate_time":2.155},"geometry":{"type":"Point","coordinates":[104.44398,-1.46978]}},{"id":"4999","type":"Feature","properties":{"rate_time":2.155},"geometry":{"type":"Point","coordinates":[104.44315,-1.46962]}},{"id":"5000","type":"Feature","properties":{"rate_time":3.172},"geometry":{"type":"Point","coordinates":[104.44324,-1.46937]}},{"id":"5001","type":"Feature","properties":{"rate_time":3.128},"geometry":{"type":"Point","coordinates":[104.44335,-1.46913]}},{"id":"5002","type":"Feature","properties":{"rate_time":3.069},"geometry":{"type":"Point","coordinates":[104.44343,-1.46887]}},{"id":"5003","type":"Feature","properties":{"rate_time":2.965},"geometry":{"type":"Point","coordinates":[104.44339,-1.46862]}},{"id":"5004","type":"Feature","properties":{"rate_time":2.832},"geometry":{"type":"Point","coordinates":[104.4432,-1.46843]}},{"id":"5005","type":"Feature","properties":{"rate_time":2.576},"geometry":{"type":"Point","coordinates":[104.44321,-1.46816]}},{"id":"5006","type":"Feature","properties":{"rate_time":2.433},"geometry":{"type":"Point","coordinates":[104.44321,-1.46789]}},{"id":"5007","type":"Feature","properties":{"rate_time":2.266},"geometry":{"type":"Point","coordinates":[104.44332,-1.46764]}},{"id":"5008","type":"Feature","properties":{"rate_time":2.32},"geometry":{"type":"Point","coordinates":[104.44357,-1.46759]}},{"id":"5009","type":"Feature","properties":{"rate_time":2.273},"geometry":{"type":"Point","coordinates":[104.44376,-1.4674]}},{"id":"5010","type":"Feature","properties":{"rate_time":2.247},"geometry":{"type":"Point","coordinates":[104.44392,-1.46718]}},{"id":"5011","type":"Feature","properties":{"rate_time":2.151},"geometry":{"type":"Point","coordinates":[104.44398,-1.46673]}},{"id":"5012","type":"Feature","properties":{"rate_time":1.971},"geometry":{"type":"Point","coordinates":[104.44375,-1.46665]}},{"id":"5013","type":"Feature","properties":{"rate_time":1.865},"geometry":{"type":"Point","coordinates":[104.44352,-1.4666]}},{"id":"5014","type":"Feature","properties":{"rate_time":1.447},"geometry":{"type":"Point","coordinates":[104.44348,-1.46634]}},{"id":"5015","type":"Feature","properties":{"rate_time":1.401},"geometry":{"type":"Point","coordinates":[104.44348,-1.46607]}},{"id":"5016","type":"Feature","properties":{"rate_time":1.423},"geometry":{"type":"Point","coordinates":[104.4435,-1.4658]}},{"id":"5017","type":"Feature","properties":{"rate_time":1.435},"geometry":{"type":"Point","coordinates":[104.44354,-1.46553]}},{"id":"5018","type":"Feature","properties":{"rate_time":1.471},"geometry":{"type":"Point","coordinates":[104.44364,-1.46528]}},{"id":"5019","type":"Feature","properties":{"rate_time":1.772},"geometry":{"type":"Point","coordinates":[104.44375,-1.46504]}},{"id":"5020","type":"Feature","properties":{"rate_time":2.22},"geometry":{"type":"Point","coordinates":[104.44382,-1.46478]}},{"id":"5021","type":"Feature","properties":{"rate_time":2.837},"geometry":{"type":"Point","coordinates":[104.44391,-1.46452]}},{"id":"5022","type":"Feature","properties":{"rate_time":3.373},"geometry":{"type":"Point","coordinates":[104.44397,-1.46426]}},{"id":"5023","type":"Feature","properties":{"rate_time":4.104},"geometry":{"type":"Point","coordinates":[104.44451,-1.46247]}},{"id":"5024","type":"Feature","properties":{"rate_time":4.108},"geometry":{"type":"Point","coordinates":[104.44456,-1.4622]}},{"id":"5025","type":"Feature","properties":{"rate_time":4.428},"geometry":{"type":"Point","coordinates":[104.44462,-1.46193]}},{"id":"5026","type":"Feature","properties":{"rate_time":4.631},"geometry":{"type":"Point","coordinates":[104.44468,-1.46167]}},{"id":"5027","type":"Feature","properties":{"rate_time":5.34},"geometry":{"type":"Point","coordinates":[104.44475,-1.46141]}},{"id":"5028","type":"Feature","properties":{"rate_time":4.899},"geometry":{"type":"Point","coordinates":[104.44486,-1.46116]}},{"id":"5029","type":"Feature","properties":{"rate_time":4.655},"geometry":{"type":"Point","coordinates":[104.445,-1.46092]}},{"id":"5030","type":"Feature","properties":{"rate_time":4.568},"geometry":{"type":"Point","coordinates":[104.44509,-1.46067]}},{"id":"5031","type":"Feature","properties":{"rate_time":4.83},"geometry":{"type":"Point","coordinates":[104.44514,-1.46041]}},{"id":"5032","type":"Feature","properties":{"rate_time":4.954},"geometry":{"type":"Point","coordinates":[104.44519,-1.46014]}},{"id":"5033","type":"Feature","properties":{"rate_time":2.994},"geometry":{"type":"Point","coordinates":[104.44525,-1.45988]}},{"id":"5034","type":"Feature","properties":{"rate_time":4.581},"geometry":{"type":"Point","coordinates":[104.44535,-1.45962]}},{"id":"5035","type":"Feature","properties":{"rate_time":5.058},"geometry":{"type":"Point","coordinates":[104.44544,-1.45937]}},{"id":"5036","type":"Feature","properties":{"rate_time":3.726},"geometry":{"type":"Point","coordinates":[104.4455,-1.4591]}},{"id":"5037","type":"Feature","properties":{"rate_time":3.647},"geometry":{"type":"Point","coordinates":[104.44557,-1.45884]}},{"id":"5038","type":"Feature","properties":{"rate_time":3.691},"geometry":{"type":"Point","coordinates":[104.44566,-1.45859]}},{"id":"5039","type":"Feature","properties":{"rate_time":3.69},"geometry":{"type":"Point","coordinates":[104.44574,-1.45833]}},{"id":"5040","type":"Feature","properties":{"rate_time":3.659},"geometry":{"type":"Point","coordinates":[104.44579,-1.45806]}},{"id":"5041","type":"Feature","properties":{"rate_time":3.445},"geometry":{"type":"Point","coordinates":[104.44589,-1.45781]}},{"id":"5042","type":"Feature","properties":{"rate_time":3.367},"geometry":{"type":"Point","coordinates":[104.44603,-1.45758]}},{"id":"5043","type":"Feature","properties":{"rate_time":3.2},"geometry":{"type":"Point","coordinates":[104.44609,-1.45731]}},{"id":"5044","type":"Feature","properties":{"rate_time":3.31},"geometry":{"type":"Point","coordinates":[104.44616,-1.45705]}},{"id":"5045","type":"Feature","properties":{"rate_time":3.471},"geometry":{"type":"Point","coordinates":[104.44622,-1.45679]}},{"id":"5046","type":"Feature","properties":{"rate_time":3.57},"geometry":{"type":"Point","coordinates":[104.44628,-1.45652]}},{"id":"5047","type":"Feature","properties":{"rate_time":3.673},"geometry":{"type":"Point","coordinates":[104.44637,-1.45627]}},{"id":"5048","type":"Feature","properties":{"rate_time":3.951},"geometry":{"type":"Point","coordinates":[104.44646,-1.45601]}},{"id":"5049","type":"Feature","properties":{"rate_time":3.996},"geometry":{"type":"Point","coordinates":[104.44653,-1.45575]}},{"id":"5050","type":"Feature","properties":{"rate_time":4.183},"geometry":{"type":"Point","coordinates":[104.44666,-1.45551]}},{"id":"5051","type":"Feature","properties":{"rate_time":4.355},"geometry":{"type":"Point","coordinates":[104.44678,-1.45527]}},{"id":"5052","type":"Feature","properties":{"rate_time":4.336},"geometry":{"type":"Point","coordinates":[104.44688,-1.45502]}},{"id":"5053","type":"Feature","properties":{"rate_time":4.391},"geometry":{"type":"Point","coordinates":[104.44697,-1.45476]}},{"id":"5054","type":"Feature","properties":{"rate_time":4.26},"geometry":{"type":"Point","coordinates":[104.44701,-1.4545]}},{"id":"5055","type":"Feature","properties":{"rate_time":4.017},"geometry":{"type":"Point","coordinates":[104.44705,-1.45423]}},{"id":"5056","type":"Feature","properties":{"rate_time":3.743},"geometry":{"type":"Point","coordinates":[104.44709,-1.45396]}},{"id":"5057","type":"Feature","properties":{"rate_time":3.4},"geometry":{"type":"Point","coordinates":[104.44719,-1.45373]}},{"id":"5058","type":"Feature","properties":{"rate_time":2.381},"geometry":{"type":"Point","coordinates":[104.44743,-1.45362]}},{"id":"5059","type":"Feature","properties":{"rate_time":2.266},"geometry":{"type":"Point","coordinates":[104.44768,-1.45357]}},{"id":"5060","type":"Feature","properties":{"rate_time":2.028},"geometry":{"type":"Point","coordinates":[104.44787,-1.45337]}},{"id":"5061","type":"Feature","properties":{"rate_time":1.97},"geometry":{"type":"Point","coordinates":[104.44812,-1.4533]}},{"id":"5062","type":"Feature","properties":{"rate_time":2.043},"geometry":{"type":"Point","coordinates":[104.44838,-1.45326]}},{"id":"5063","type":"Feature","properties":{"rate_time":2.27},"geometry":{"type":"Point","coordinates":[104.44849,-1.45311]}},{"id":"5064","type":"Feature","properties":{"rate_time":2.348},"geometry":{"type":"Point","coordinates":[104.44854,-1.45286]}},{"id":"5065","type":"Feature","properties":{"rate_time":2.257},"geometry":{"type":"Point","coordinates":[104.44868,-1.45263]}},{"id":"5066","type":"Feature","properties":{"rate_time":2.409},"geometry":{"type":"Point","coordinates":[104.44876,-1.45237]}},{"id":"5067","type":"Feature","properties":{"rate_time":3.58},"geometry":{"type":"Point","coordinates":[104.44873,-1.45211]}},{"id":"5068","type":"Feature","properties":{"rate_time":3.482},"geometry":{"type":"Point","coordinates":[104.44861,-1.45188]}},{"id":"5069","type":"Feature","properties":{"rate_time":3.522},"geometry":{"type":"Point","coordinates":[104.44837,-1.45177]}},{"id":"5070","type":"Feature","properties":{"rate_time":3.788},"geometry":{"type":"Point","coordinates":[104.44813,-1.45172]}},{"id":"5071","type":"Feature","properties":{"rate_time":3.688},"geometry":{"type":"Point","coordinates":[104.44806,-1.45149]}},{"id":"5072","type":"Feature","properties":{"rate_time":3.262},"geometry":{"type":"Point","coordinates":[104.44811,-1.45123]}},{"id":"5073","type":"Feature","properties":{"rate_time":3.698},"geometry":{"type":"Point","coordinates":[104.44975,-1.44587]}},{"id":"5074","type":"Feature","properties":{"rate_time":3.644},"geometry":{"type":"Point","coordinates":[104.44988,-1.44564]}},{"id":"5075","type":"Feature","properties":{"rate_time":3.485},"geometry":{"type":"Point","coordinates":[104.44997,-1.44538]}},{"id":"5076","type":"Feature","properties":{"rate_time":3.494},"geometry":{"type":"Point","coordinates":[104.45004,-1.44512]}},{"id":"5077","type":"Feature","properties":{"rate_time":3.577},"geometry":{"type":"Point","coordinates":[104.45014,-1.44487]}},{"id":"5078","type":"Feature","properties":{"rate_time":6.652},"geometry":{"type":"Point","coordinates":[104.45231,-1.44486]}},{"id":"5079","type":"Feature","properties":{"rate_time":6.14},"geometry":{"type":"Point","coordinates":[104.4521,-1.4448]}},{"id":"5080","type":"Feature","properties":{"rate_time":7.499},"geometry":{"type":"Point","coordinates":[104.45273,-1.44475]}},{"id":"5081","type":"Feature","properties":{"rate_time":6.643},"geometry":{"type":"Point","coordinates":[104.45249,-1.44466]}},{"id":"5082","type":"Feature","properties":{"rate_time":4.462},"geometry":{"type":"Point","coordinates":[104.45166,-1.44465]}},{"id":"5083","type":"Feature","properties":{"rate_time":4.126},"geometry":{"type":"Point","coordinates":[104.45139,-1.44464]}},{"id":"5084","type":"Feature","properties":{"rate_time":3.024},"geometry":{"type":"Point","coordinates":[104.45029,-1.44464]}},{"id":"5085","type":"Feature","properties":{"rate_time":5.105},"geometry":{"type":"Point","coordinates":[104.45192,-1.44461]}},{"id":"5086","type":"Feature","properties":{"rate_time":8.135},"geometry":{"type":"Point","coordinates":[104.45294,-1.44461]}},{"id":"5087","type":"Feature","properties":{"rate_time":7.663},"geometry":{"type":"Point","coordinates":[104.45386,-1.44316]}},{"id":"5088","type":"Feature","properties":{"rate_time":8.9},"geometry":{"type":"Point","coordinates":[104.45451,-1.44315]}},{"id":"5089","type":"Feature","properties":{"rate_time":7.959},"geometry":{"type":"Point","coordinates":[104.45412,-1.44311]}},{"id":"5090","type":"Feature","properties":{"rate_time":6.755},"geometry":{"type":"Point","coordinates":[104.45362,-1.44305]}},{"id":"5091","type":"Feature","properties":{"rate_time":9.062},"geometry":{"type":"Point","coordinates":[104.4547,-1.44295]}},{"id":"5092","type":"Feature","properties":{"rate_time":9.708},"geometry":{"type":"Point","coordinates":[104.45487,-1.44274]}},{"id":"5093","type":"Feature","properties":{"rate_time":10.104},"geometry":{"type":"Point","coordinates":[104.45496,-1.4425]}},{"id":"5094","type":"Feature","properties":{"rate_time":11.552},"geometry":{"type":"Point","coordinates":[104.4549,-1.44225]}},{"id":"5095","type":"Feature","properties":{"rate_time":11.29},"geometry":{"type":"Point","coordinates":[104.45484,-1.44202]}},{"id":"5096","type":"Feature","properties":{"rate_time":10.234},"geometry":{"type":"Point","coordinates":[104.45489,-1.44178]}},{"id":"5097","type":"Feature","properties":{"rate_time":13.189},"geometry":{"type":"Point","coordinates":[104.4556,-1.44007]}},{"id":"5098","type":"Feature","properties":{"rate_time":13.273},"geometry":{"type":"Point","coordinates":[104.45566,-1.43981]}},{"id":"5099","type":"Feature","properties":{"rate_time":13.139},"geometry":{"type":"Point","coordinates":[104.45569,-1.43954]}},{"id":"5100","type":"Feature","properties":{"rate_time":13.202},"geometry":{"type":"Point","coordinates":[104.45571,-1.43927]}},{"id":"5101","type":"Feature","properties":{"rate_time":13.2},"geometry":{"type":"Point","coordinates":[104.45576,-1.43901]}},{"id":"5102","type":"Feature","properties":{"rate_time":13.066},"geometry":{"type":"Point","coordinates":[104.45583,-1.43874]}},{"id":"5103","type":"Feature","properties":{"rate_time":12.893},"geometry":{"type":"Point","coordinates":[104.45585,-1.43848]}},{"id":"5104","type":"Feature","properties":{"rate_time":12.645},"geometry":{"type":"Point","coordinates":[104.45586,-1.43821]}},{"id":"5105","type":"Feature","properties":{"rate_time":12.513},"geometry":{"type":"Point","coordinates":[104.45593,-1.43795]}},{"id":"5106","type":"Feature","properties":{"rate_time":12.393},"geometry":{"type":"Point","coordinates":[104.45599,-1.43769]}},{"id":"5107","type":"Feature","properties":{"rate_time":10.152},"geometry":{"type":"Point","coordinates":[104.45478,-1.44154]}},{"id":"5108","type":"Feature","properties":{"rate_time":10.611},"geometry":{"type":"Point","coordinates":[104.45477,-1.44126]}},{"id":"5109","type":"Feature","properties":{"rate_time":11.971},"geometry":{"type":"Point","coordinates":[104.45518,-1.44101]}},{"id":"5110","type":"Feature","properties":{"rate_time":11.115},"geometry":{"type":"Point","coordinates":[104.4548,-1.441]}},{"id":"5111","type":"Feature","properties":{"rate_time":12.374},"geometry":{"type":"Point","coordinates":[104.45536,-1.44084]}},{"id":"5112","type":"Feature","properties":{"rate_time":11.787},"geometry":{"type":"Point","coordinates":[104.45501,-1.4408]}},{"id":"5113","type":"Feature","properties":{"rate_time":11.84},"geometry":{"type":"Point","coordinates":[104.45489,-1.44074]}},{"id":"5114","type":"Feature","properties":{"rate_time":-9.102},"geometry":{"type":"Point","coordinates":[104.45545,-1.40914]}},{"id":"5115","type":"Feature","properties":{"rate_time":-9.393},"geometry":{"type":"Point","coordinates":[104.45532,-1.40891]}},{"id":"5116","type":"Feature","properties":{"rate_time":-9.839},"geometry":{"type":"Point","coordinates":[104.45513,-1.40872]}},{"id":"5117","type":"Feature","properties":{"rate_time":3.95},"geometry":{"type":"Point","coordinates":[104.4505,-1.4445]}},{"id":"5118","type":"Feature","properties":{"rate_time":8.968},"geometry":{"type":"Point","coordinates":[104.45315,-1.44447]}},{"id":"5119","type":"Feature","properties":{"rate_time":4.098},"geometry":{"type":"Point","coordinates":[104.45122,-1.44445]}},{"id":"5120","type":"Feature","properties":{"rate_time":4.661},"geometry":{"type":"Point","coordinates":[104.45076,-1.4444]}},{"id":"5121","type":"Feature","properties":{"rate_time":4.654},"geometry":{"type":"Point","coordinates":[104.45101,-1.44434]}},{"id":"5122","type":"Feature","properties":{"rate_time":-13.13},"geometry":{"type":"Point","coordinates":[104.4532,-1.4005]}},{"id":"5123","type":"Feature","properties":{"rate_time":-13.601},"geometry":{"type":"Point","coordinates":[104.45301,-1.40033]}},{"id":"5124","type":"Feature","properties":{"rate_time":-13.841},"geometry":{"type":"Point","coordinates":[104.45294,-1.40007]}},{"id":"5125","type":"Feature","properties":{"rate_time":-14.233},"geometry":{"type":"Point","coordinates":[104.45285,-1.39981]}},{"id":"5126","type":"Feature","properties":{"rate_time":-14.586},"geometry":{"type":"Point","coordinates":[104.45273,-1.39957]}},{"id":"5127","type":"Feature","properties":{"rate_time":-6.686},"geometry":{"type":"Point","coordinates":[104.45633,-1.41445]}},{"id":"5128","type":"Feature","properties":{"rate_time":-6.742},"geometry":{"type":"Point","coordinates":[104.4563,-1.41418]}},{"id":"5129","type":"Feature","properties":{"rate_time":-7.955},"geometry":{"type":"Point","coordinates":[104.45626,-1.41391]}},{"id":"5130","type":"Feature","properties":{"rate_time":-8.102},"geometry":{"type":"Point","coordinates":[104.45623,-1.41364]}},{"id":"5131","type":"Feature","properties":{"rate_time":-6.925},"geometry":{"type":"Point","coordinates":[104.45621,-1.41337]}},{"id":"5132","type":"Feature","properties":{"rate_time":-7.142},"geometry":{"type":"Point","coordinates":[104.45616,-1.41311]}},{"id":"5133","type":"Feature","properties":{"rate_time":-7.318},"geometry":{"type":"Point","coordinates":[104.45614,-1.41284]}},{"id":"5134","type":"Feature","properties":{"rate_time":-7.461},"geometry":{"type":"Point","coordinates":[104.45609,-1.41257]}},{"id":"5135","type":"Feature","properties":{"rate_time":-7.157},"geometry":{"type":"Point","coordinates":[104.45601,-1.41231]}},{"id":"5136","type":"Feature","properties":{"rate_time":-7.396},"geometry":{"type":"Point","coordinates":[104.45592,-1.41205]}},{"id":"5137","type":"Feature","properties":{"rate_time":-7.516},"geometry":{"type":"Point","coordinates":[104.45587,-1.41179]}},{"id":"5138","type":"Feature","properties":{"rate_time":-7.545},"geometry":{"type":"Point","coordinates":[104.45586,-1.41152]}},{"id":"5139","type":"Feature","properties":{"rate_time":-7.549},"geometry":{"type":"Point","coordinates":[104.45588,-1.41125]}},{"id":"5140","type":"Feature","properties":{"rate_time":-7.59},"geometry":{"type":"Point","coordinates":[104.45589,-1.41098]}},{"id":"5141","type":"Feature","properties":{"rate_time":-7.666},"geometry":{"type":"Point","coordinates":[104.45585,-1.41071]}},{"id":"5142","type":"Feature","properties":{"rate_time":-7.756},"geometry":{"type":"Point","coordinates":[104.45575,-1.41046]}},{"id":"5143","type":"Feature","properties":{"rate_time":-7.892},"geometry":{"type":"Point","coordinates":[104.45571,-1.4102]}},{"id":"5144","type":"Feature","properties":{"rate_time":-8.002},"geometry":{"type":"Point","coordinates":[104.45566,-1.40993]}},{"id":"5145","type":"Feature","properties":{"rate_time":-8.17},"geometry":{"type":"Point","coordinates":[104.45561,-1.40966]}},{"id":"5146","type":"Feature","properties":{"rate_time":-8.478},"geometry":{"type":"Point","coordinates":[104.45553,-1.4094]}},{"id":"5147","type":"Feature","properties":{"rate_time":-10.348},"geometry":{"type":"Point","coordinates":[104.45492,-1.40855]}},{"id":"5148","type":"Feature","properties":{"rate_time":-10.527},"geometry":{"type":"Point","coordinates":[104.45491,-1.4083]}},{"id":"5149","type":"Feature","properties":{"rate_time":-9.393},"geometry":{"type":"Point","coordinates":[104.45504,-1.40807]}},{"id":"5150","type":"Feature","properties":{"rate_time":-10.211},"geometry":{"type":"Point","coordinates":[104.45518,-1.40784]}},{"id":"5151","type":"Feature","properties":{"rate_time":-9.996},"geometry":{"type":"Point","coordinates":[104.45521,-1.40758]}},{"id":"5152","type":"Feature","properties":{"rate_time":-8.534},"geometry":{"type":"Point","coordinates":[104.45516,-1.40731]}},{"id":"5153","type":"Feature","properties":{"rate_time":-8.385},"geometry":{"type":"Point","coordinates":[104.45513,-1.40704]}},{"id":"5154","type":"Feature","properties":{"rate_time":-8.137},"geometry":{"type":"Point","coordinates":[104.45511,-1.40677]}},{"id":"5155","type":"Feature","properties":{"rate_time":-7.92},"geometry":{"type":"Point","coordinates":[104.4551,-1.4065]}},{"id":"5156","type":"Feature","properties":{"rate_time":-7.838},"geometry":{"type":"Point","coordinates":[104.45503,-1.40624]}},{"id":"5157","type":"Feature","properties":{"rate_time":-7.936},"geometry":{"type":"Point","coordinates":[104.45493,-1.40599]}},{"id":"5158","type":"Feature","properties":{"rate_time":-7.983},"geometry":{"type":"Point","coordinates":[104.4549,-1.40572]}},{"id":"5159","type":"Feature","properties":{"rate_time":-8.153},"geometry":{"type":"Point","coordinates":[104.45486,-1.40545]}},{"id":"5160","type":"Feature","properties":{"rate_time":-8.48},"geometry":{"type":"Point","coordinates":[104.45479,-1.40519]}},{"id":"5161","type":"Feature","properties":{"rate_time":-8.742},"geometry":{"type":"Point","coordinates":[104.45474,-1.40493]}},{"id":"5162","type":"Feature","properties":{"rate_time":-8.872},"geometry":{"type":"Point","coordinates":[104.45478,-1.40466]}},{"id":"5163","type":"Feature","properties":{"rate_time":-9.156},"geometry":{"type":"Point","coordinates":[104.45474,-1.40439]}},{"id":"5164","type":"Feature","properties":{"rate_time":-9.537},"geometry":{"type":"Point","coordinates":[104.45465,-1.40413]}},{"id":"5165","type":"Feature","properties":{"rate_time":-9.918},"geometry":{"type":"Point","coordinates":[104.45447,-1.40393]}},{"id":"5166","type":"Feature","properties":{"rate_time":-10.203},"geometry":{"type":"Point","coordinates":[104.45435,-1.4037]}},{"id":"5167","type":"Feature","properties":{"rate_time":-5.801},"geometry":{"type":"Point","coordinates":[104.45648,-1.41716]}},{"id":"5168","type":"Feature","properties":{"rate_time":-5.928},"geometry":{"type":"Point","coordinates":[104.45645,-1.41689]}},{"id":"5169","type":"Feature","properties":{"rate_time":-6.062},"geometry":{"type":"Point","coordinates":[104.45644,-1.41662]}},{"id":"5170","type":"Feature","properties":{"rate_time":-6.163},"geometry":{"type":"Point","coordinates":[104.45642,-1.41635]}},{"id":"5171","type":"Feature","properties":{"rate_time":-6.304},"geometry":{"type":"Point","coordinates":[104.45641,-1.41608]}},{"id":"5172","type":"Feature","properties":{"rate_time":-6.467},"geometry":{"type":"Point","coordinates":[104.45642,-1.4158]}},{"id":"5173","type":"Feature","properties":{"rate_time":-6.655},"geometry":{"type":"Point","coordinates":[104.45642,-1.41553]}},{"id":"5174","type":"Feature","properties":{"rate_time":-6.765},"geometry":{"type":"Point","coordinates":[104.4564,-1.41526]}},{"id":"5175","type":"Feature","properties":{"rate_time":-7.002},"geometry":{"type":"Point","coordinates":[104.45637,-1.41499]}},{"id":"5176","type":"Feature","properties":{"rate_time":-7.215},"geometry":{"type":"Point","coordinates":[104.45634,-1.41472]}},{"id":"5177","type":"Feature","properties":{"rate_time":0.42},"geometry":{"type":"Point","coordinates":[104.45715,-1.42658]}},{"id":"5178","type":"Feature","properties":{"rate_time":0.433},"geometry":{"type":"Point","coordinates":[104.45712,-1.42631]}},{"id":"5179","type":"Feature","properties":{"rate_time":0.621},"geometry":{"type":"Point","coordinates":[104.45707,-1.42604]}},{"id":"5180","type":"Feature","properties":{"rate_time":0.599},"geometry":{"type":"Point","coordinates":[104.45703,-1.42578]}},{"id":"5181","type":"Feature","properties":{"rate_time":0.247},"geometry":{"type":"Point","coordinates":[104.45704,-1.42551]}},{"id":"5182","type":"Feature","properties":{"rate_time":0.184},"geometry":{"type":"Point","coordinates":[104.45706,-1.42524]}},{"id":"5183","type":"Feature","properties":{"rate_time":-0.521},"geometry":{"type":"Point","coordinates":[104.45703,-1.42497]}},{"id":"5184","type":"Feature","properties":{"rate_time":-0.636},"geometry":{"type":"Point","coordinates":[104.457,-1.4247]}},{"id":"5185","type":"Feature","properties":{"rate_time":-0.901},"geometry":{"type":"Point","coordinates":[104.45697,-1.42443]}},{"id":"5186","type":"Feature","properties":{"rate_time":4.626},"geometry":{"type":"Point","coordinates":[104.45712,-1.37556]}},{"id":"5187","type":"Feature","properties":{"rate_time":3.208},"geometry":{"type":"Point","coordinates":[104.45634,-1.37785]}},{"id":"5188","type":"Feature","properties":{"rate_time":3.626},"geometry":{"type":"Point","coordinates":[104.45652,-1.37767]}},{"id":"5189","type":"Feature","properties":{"rate_time":3.461},"geometry":{"type":"Point","coordinates":[104.45626,-1.37765]}},{"id":"5190","type":"Feature","properties":{"rate_time":3.588},"geometry":{"type":"Point","coordinates":[104.45638,-1.37763]}},{"id":"5191","type":"Feature","properties":{"rate_time":3.989},"geometry":{"type":"Point","coordinates":[104.45656,-1.37744]}},{"id":"5192","type":"Feature","properties":{"rate_time":3.834},"geometry":{"type":"Point","coordinates":[104.45622,-1.37739]}},{"id":"5193","type":"Feature","properties":{"rate_time":4.211},"geometry":{"type":"Point","coordinates":[104.45625,-1.37712]}},{"id":"5194","type":"Feature","properties":{"rate_time":4.514},"geometry":{"type":"Point","coordinates":[104.45631,-1.37686]}},{"id":"5195","type":"Feature","properties":{"rate_time":4.735},"geometry":{"type":"Point","coordinates":[104.45628,-1.37659]}},{"id":"5196","type":"Feature","properties":{"rate_time":2.788},"geometry":{"type":"Point","coordinates":[104.45625,-1.37633]}},{"id":"5197","type":"Feature","properties":{"rate_time":4.601},"geometry":{"type":"Point","coordinates":[104.45701,-1.3755]}},{"id":"5198","type":"Feature","properties":{"rate_time":4.797},"geometry":{"type":"Point","coordinates":[104.45716,-1.3753]}},{"id":"5199","type":"Feature","properties":{"rate_time":4.915},"geometry":{"type":"Point","coordinates":[104.45715,-1.37503]}},{"id":"5200","type":"Feature","properties":{"rate_time":3.815},"geometry":{"type":"Point","coordinates":[104.45718,-1.37476]}},{"id":"5201","type":"Feature","properties":{"rate_time":3.858},"geometry":{"type":"Point","coordinates":[104.45717,-1.37449]}},{"id":"5202","type":"Feature","properties":{"rate_time":5.174},"geometry":{"type":"Point","coordinates":[104.45722,-1.37423]}},{"id":"5203","type":"Feature","properties":{"rate_time":5.354},"geometry":{"type":"Point","coordinates":[104.4574,-1.37403]}},{"id":"5204","type":"Feature","properties":{"rate_time":5.36},"geometry":{"type":"Point","coordinates":[104.45742,-1.37377]}},{"id":"5205","type":"Feature","properties":{"rate_time":5.215},"geometry":{"type":"Point","coordinates":[104.45742,-1.3735]}},{"id":"5206","type":"Feature","properties":{"rate_time":5.182},"geometry":{"type":"Point","coordinates":[104.45749,-1.37324]}},{"id":"5207","type":"Feature","properties":{"rate_time":5.045},"geometry":{"type":"Point","coordinates":[104.45745,-1.37298]}},{"id":"5208","type":"Feature","properties":{"rate_time":4.906},"geometry":{"type":"Point","coordinates":[104.45743,-1.37271]}},{"id":"5209","type":"Feature","properties":{"rate_time":4.756},"geometry":{"type":"Point","coordinates":[104.45735,-1.37245]}},{"id":"5210","type":"Feature","properties":{"rate_time":5.799},"geometry":{"type":"Point","coordinates":[104.45735,-1.37218]}},{"id":"5211","type":"Feature","properties":{"rate_time":7.228},"geometry":{"type":"Point","coordinates":[104.4574,-1.37192]}},{"id":"5212","type":"Feature","properties":{"rate_time":7.392},"geometry":{"type":"Point","coordinates":[104.45735,-1.37166]}},{"id":"5213","type":"Feature","properties":{"rate_time":7.54},"geometry":{"type":"Point","coordinates":[104.45727,-1.3714]}},{"id":"5214","type":"Feature","properties":{"rate_time":7.639},"geometry":{"type":"Point","coordinates":[104.45724,-1.37113]}},{"id":"5215","type":"Feature","properties":{"rate_time":7.116},"geometry":{"type":"Point","coordinates":[104.45725,-1.37086]}},{"id":"5216","type":"Feature","properties":{"rate_time":7.147},"geometry":{"type":"Point","coordinates":[104.45726,-1.37059]}},{"id":"5217","type":"Feature","properties":{"rate_time":3.154},"geometry":{"type":"Point","coordinates":[104.45631,-1.37607]}},{"id":"5218","type":"Feature","properties":{"rate_time":3.598},"geometry":{"type":"Point","coordinates":[104.45639,-1.37583]}},{"id":"5219","type":"Feature","properties":{"rate_time":3.939},"geometry":{"type":"Point","coordinates":[104.45637,-1.37558]}},{"id":"5220","type":"Feature","properties":{"rate_time":4.339},"geometry":{"type":"Point","coordinates":[104.45657,-1.3754]}},{"id":"5221","type":"Feature","properties":{"rate_time":4.593},"geometry":{"type":"Point","coordinates":[104.45683,-1.37533]}},{"id":"5222","type":"Feature","properties":{"rate_time":6.512},"geometry":{"type":"Point","coordinates":[104.45695,-1.36786]}},{"id":"5223","type":"Feature","properties":{"rate_time":5.791},"geometry":{"type":"Point","coordinates":[104.45678,-1.36701]}},{"id":"5224","type":"Feature","properties":{"rate_time":5.642},"geometry":{"type":"Point","coordinates":[104.45695,-1.36688]}},{"id":"5225","type":"Feature","properties":{"rate_time":5.551},"geometry":{"type":"Point","coordinates":[104.45659,-1.36682]}},{"id":"5226","type":"Feature","properties":{"rate_time":5.311},"geometry":{"type":"Point","coordinates":[104.45656,-1.36658]}},{"id":"5227","type":"Feature","properties":{"rate_time":7.209},"geometry":{"type":"Point","coordinates":[104.45726,-1.37032]}},{"id":"5228","type":"Feature","properties":{"rate_time":7.31},"geometry":{"type":"Point","coordinates":[104.45731,-1.37006]}},{"id":"5229","type":"Feature","properties":{"rate_time":7.387},"geometry":{"type":"Point","coordinates":[104.45739,-1.3698]}},{"id":"5230","type":"Feature","properties":{"rate_time":7.232},"geometry":{"type":"Point","coordinates":[104.45738,-1.36953]}},{"id":"5231","type":"Feature","properties":{"rate_time":7.107},"geometry":{"type":"Point","coordinates":[104.45718,-1.36939]}},{"id":"5232","type":"Feature","properties":{"rate_time":6.944},"geometry":{"type":"Point","coordinates":[104.45715,-1.36914]}},{"id":"5233","type":"Feature","properties":{"rate_time":6.708},"geometry":{"type":"Point","coordinates":[104.45715,-1.36887]}},{"id":"5234","type":"Feature","properties":{"rate_time":6.631},"geometry":{"type":"Point","coordinates":[104.45716,-1.36859]}},{"id":"5235","type":"Feature","properties":{"rate_time":6.632},"geometry":{"type":"Point","coordinates":[104.45715,-1.36832]}},{"id":"5236","type":"Feature","properties":{"rate_time":6.61},"geometry":{"type":"Point","coordinates":[104.4571,-1.36806]}},{"id":"5237","type":"Feature","properties":{"rate_time":6.433},"geometry":{"type":"Point","coordinates":[104.45702,-1.36767]}},{"id":"5238","type":"Feature","properties":{"rate_time":6.288},"geometry":{"type":"Point","coordinates":[104.4572,-1.36747]}},{"id":"5239","type":"Feature","properties":{"rate_time":6.092},"geometry":{"type":"Point","coordinates":[104.45736,-1.36725]}},{"id":"5240","type":"Feature","properties":{"rate_time":5.805},"geometry":{"type":"Point","coordinates":[104.45729,-1.367]}},{"id":"5241","type":"Feature","properties":{"rate_time":5.582},"geometry":{"type":"Point","coordinates":[104.45714,-1.36678]}},{"id":"5242","type":"Feature","properties":{"rate_time":4.958},"geometry":{"type":"Point","coordinates":[104.457,-1.3657]}},{"id":"5243","type":"Feature","properties":{"rate_time":4.936},"geometry":{"type":"Point","coordinates":[104.45716,-1.36558]}},{"id":"5244","type":"Feature","properties":{"rate_time":5.044},"geometry":{"type":"Point","coordinates":[104.45716,-1.36531]}},{"id":"5245","type":"Feature","properties":{"rate_time":4.083},"geometry":{"type":"Point","coordinates":[104.45704,-1.36507]}},{"id":"5246","type":"Feature","properties":{"rate_time":4.006},"geometry":{"type":"Point","coordinates":[104.45715,-1.36487]}},{"id":"5247","type":"Feature","properties":{"rate_time":5.192},"geometry":{"type":"Point","coordinates":[104.45663,-1.36632]}},{"id":"5248","type":"Feature","properties":{"rate_time":5.197},"geometry":{"type":"Point","coordinates":[104.45665,-1.36623]}},{"id":"5249","type":"Feature","properties":{"rate_time":5.138},"geometry":{"type":"Point","coordinates":[104.45667,-1.36596]}},{"id":"5250","type":"Feature","properties":{"rate_time":4.965},"geometry":{"type":"Point","coordinates":[104.45677,-1.36573]}},{"id":"5251","type":"Feature","properties":{"rate_time":3.928},"geometry":{"type":"Point","coordinates":[104.4573,-1.36465]}},{"id":"5252","type":"Feature","properties":{"rate_time":3.767},"geometry":{"type":"Point","coordinates":[104.45741,-1.36441]}},{"id":"5253","type":"Feature","properties":{"rate_time":3.534},"geometry":{"type":"Point","coordinates":[104.45742,-1.36414]}},{"id":"5254","type":"Feature","properties":{"rate_time":3.294},"geometry":{"type":"Point","coordinates":[104.45744,-1.36387]}},{"id":"5255","type":"Feature","properties":{"rate_time":3.156},"geometry":{"type":"Point","coordinates":[104.45744,-1.36359]}},{"id":"5256","type":"Feature","properties":{"rate_time":3.131},"geometry":{"type":"Point","coordinates":[104.45743,-1.36332]}},{"id":"5257","type":"Feature","properties":{"rate_time":2.989},"geometry":{"type":"Point","coordinates":[104.45739,-1.36305]}},{"id":"5258","type":"Feature","properties":{"rate_time":2.804},"geometry":{"type":"Point","coordinates":[104.4573,-1.36282]}},{"id":"5259","type":"Feature","properties":{"rate_time":2.668},"geometry":{"type":"Point","coordinates":[104.45709,-1.36265]}},{"id":"5260","type":"Feature","properties":{"rate_time":2.14},"geometry":{"type":"Point","coordinates":[104.45738,-1.36255]}},{"id":"5261","type":"Feature","properties":{"rate_time":-10.471},"geometry":{"type":"Point","coordinates":[104.45427,-1.40344]}},{"id":"5262","type":"Feature","properties":{"rate_time":-10.747},"geometry":{"type":"Point","coordinates":[104.4542,-1.40318]}},{"id":"5263","type":"Feature","properties":{"rate_time":-11.021},"geometry":{"type":"Point","coordinates":[104.45413,-1.40292]}},{"id":"5264","type":"Feature","properties":{"rate_time":-11.203},"geometry":{"type":"Point","coordinates":[104.45405,-1.40266]}},{"id":"5265","type":"Feature","properties":{"rate_time":-11.391},"geometry":{"type":"Point","coordinates":[104.45398,-1.4024]}},{"id":"5266","type":"Feature","properties":{"rate_time":-11.634},"geometry":{"type":"Point","coordinates":[104.45389,-1.40214]}},{"id":"5267","type":"Feature","properties":{"rate_time":-11.755},"geometry":{"type":"Point","coordinates":[104.45381,-1.40188]}},{"id":"5268","type":"Feature","properties":{"rate_time":-11.867},"geometry":{"type":"Point","coordinates":[104.45374,-1.40162]}},{"id":"5269","type":"Feature","properties":{"rate_time":-11.967},"geometry":{"type":"Point","coordinates":[104.45364,-1.40137]}},{"id":"5270","type":"Feature","properties":{"rate_time":-12.045},"geometry":{"type":"Point","coordinates":[104.45362,-1.4011]}},{"id":"5271","type":"Feature","properties":{"rate_time":-14.652},"geometry":{"type":"Point","coordinates":[104.45268,-1.39931]}},{"id":"5272","type":"Feature","properties":{"rate_time":-14.698},"geometry":{"type":"Point","coordinates":[104.45259,-1.39906]}},{"id":"5273","type":"Feature","properties":{"rate_time":-14.84},"geometry":{"type":"Point","coordinates":[104.45245,-1.39884]}},{"id":"5274","type":"Feature","properties":{"rate_time":-14.986},"geometry":{"type":"Point","coordinates":[104.45234,-1.39859]}},{"id":"5275","type":"Feature","properties":{"rate_time":-15.098},"geometry":{"type":"Point","coordinates":[104.45226,-1.39833]}},{"id":"5276","type":"Feature","properties":{"rate_time":-15.277},"geometry":{"type":"Point","coordinates":[104.45221,-1.39806]}},{"id":"5277","type":"Feature","properties":{"rate_time":-15.384},"geometry":{"type":"Point","coordinates":[104.45217,-1.3978]}},{"id":"5278","type":"Feature","properties":{"rate_time":-15.341},"geometry":{"type":"Point","coordinates":[104.45215,-1.39753]}},{"id":"5279","type":"Feature","properties":{"rate_time":-15.15},"geometry":{"type":"Point","coordinates":[104.45215,-1.39725]}},{"id":"5280","type":"Feature","properties":{"rate_time":-14.883},"geometry":{"type":"Point","coordinates":[104.45212,-1.39699]}},{"id":"5281","type":"Feature","properties":{"rate_time":-14.881},"geometry":{"type":"Point","coordinates":[104.45208,-1.39672]}},{"id":"5282","type":"Feature","properties":{"rate_time":-14.741},"geometry":{"type":"Point","coordinates":[104.45206,-1.39645]}},{"id":"5283","type":"Feature","properties":{"rate_time":-14.866},"geometry":{"type":"Point","coordinates":[104.45205,-1.39618]}},{"id":"5284","type":"Feature","properties":{"rate_time":-14.86},"geometry":{"type":"Point","coordinates":[104.45201,-1.39591]}},{"id":"5285","type":"Feature","properties":{"rate_time":-14.749},"geometry":{"type":"Point","coordinates":[104.45199,-1.39564]}},{"id":"5286","type":"Feature","properties":{"rate_time":-14.917},"geometry":{"type":"Point","coordinates":[104.45195,-1.39537]}},{"id":"5287","type":"Feature","properties":{"rate_time":-15.065},"geometry":{"type":"Point","coordinates":[104.45199,-1.39511]}},{"id":"5288","type":"Feature","properties":{"rate_time":-15.013},"geometry":{"type":"Point","coordinates":[104.45209,-1.39486]}},{"id":"5289","type":"Feature","properties":{"rate_time":-14.766},"geometry":{"type":"Point","coordinates":[104.45207,-1.39459]}},{"id":"5290","type":"Feature","properties":{"rate_time":-17.311},"geometry":{"type":"Point","coordinates":[104.45206,-1.39432]}},{"id":"5291","type":"Feature","properties":{"rate_time":-16.967},"geometry":{"type":"Point","coordinates":[104.45205,-1.39405]}},{"id":"5292","type":"Feature","properties":{"rate_time":-14.206},"geometry":{"type":"Point","coordinates":[104.45207,-1.39378]}},{"id":"5293","type":"Feature","properties":{"rate_time":-16.137},"geometry":{"type":"Point","coordinates":[104.45203,-1.39352]}},{"id":"5294","type":"Feature","properties":{"rate_time":-15.965},"geometry":{"type":"Point","coordinates":[104.45189,-1.39328]}},{"id":"5295","type":"Feature","properties":{"rate_time":-15.554},"geometry":{"type":"Point","coordinates":[104.45198,-1.39303]}},{"id":"5296","type":"Feature","properties":{"rate_time":-15.241},"geometry":{"type":"Point","coordinates":[104.45197,-1.39277]}},{"id":"5297","type":"Feature","properties":{"rate_time":-14.965},"geometry":{"type":"Point","coordinates":[104.45194,-1.3925]}},{"id":"5298","type":"Feature","properties":{"rate_time":-14.761},"geometry":{"type":"Point","coordinates":[104.45185,-1.39224]}},{"id":"5299","type":"Feature","properties":{"rate_time":-14.681},"geometry":{"type":"Point","coordinates":[104.45174,-1.392]}},{"id":"5300","type":"Feature","properties":{"rate_time":-14.525},"geometry":{"type":"Point","coordinates":[104.45166,-1.39174]}},{"id":"5301","type":"Feature","properties":{"rate_time":-13.743},"geometry":{"type":"Point","coordinates":[104.45356,-1.40084]}},{"id":"5302","type":"Feature","properties":{"rate_time":-13.87},"geometry":{"type":"Point","coordinates":[104.45346,-1.40059]}},{"id":"5303","type":"Feature","properties":{"rate_time":-1.865},"geometry":{"type":"Point","coordinates":[104.45384,-1.38282]}},{"id":"5304","type":"Feature","properties":{"rate_time":-3.324},"geometry":{"type":"Point","coordinates":[104.45357,-1.38281]}},{"id":"5305","type":"Feature","properties":{"rate_time":-3.557},"geometry":{"type":"Point","coordinates":[104.45331,-1.38273]}},{"id":"5306","type":"Feature","properties":{"rate_time":-2.936},"geometry":{"type":"Point","coordinates":[104.45403,-1.38264]}},{"id":"5307","type":"Feature","properties":{"rate_time":-0.574},"geometry":{"type":"Point","coordinates":[104.45424,-1.38248]}},{"id":"5308","type":"Feature","properties":{"rate_time":-0.156},"geometry":{"type":"Point","coordinates":[104.45436,-1.38229]}},{"id":"5309","type":"Feature","properties":{"rate_time":0.382},"geometry":{"type":"Point","coordinates":[104.45431,-1.38202]}},{"id":"5310","type":"Feature","properties":{"rate_time":0.699},"geometry":{"type":"Point","coordinates":[104.45425,-1.38176]}},{"id":"5311","type":"Feature","properties":{"rate_time":-14.166},"geometry":{"type":"Point","coordinates":[104.45162,-1.39145]}},{"id":"5312","type":"Feature","properties":{"rate_time":-13.648},"geometry":{"type":"Point","coordinates":[104.45167,-1.39119]}},{"id":"5313","type":"Feature","properties":{"rate_time":-13.196},"geometry":{"type":"Point","coordinates":[104.45168,-1.39092]}},{"id":"5314","type":"Feature","properties":{"rate_time":-12.627},"geometry":{"type":"Point","coordinates":[104.45176,-1.39069]}},{"id":"5315","type":"Feature","properties":{"rate_time":-11.181},"geometry":{"type":"Point","coordinates":[104.45223,-1.39065]}},{"id":"5316","type":"Feature","properties":{"rate_time":-12.106},"geometry":{"type":"Point","coordinates":[104.45198,-1.39055]}},{"id":"5317","type":"Feature","properties":{"rate_time":-10.696},"geometry":{"type":"Point","coordinates":[104.45222,-1.39042]}},{"id":"5318","type":"Feature","properties":{"rate_time":-11.197},"geometry":{"type":"Point","coordinates":[104.45212,-1.39018]}},{"id":"5319","type":"Feature","properties":{"rate_time":-9.796},"geometry":{"type":"Point","coordinates":[104.45213,-1.38991]}},{"id":"5320","type":"Feature","properties":{"rate_time":-8.926},"geometry":{"type":"Point","coordinates":[104.45214,-1.38964]}},{"id":"5321","type":"Feature","properties":{"rate_time":-8.503},"geometry":{"type":"Point","coordinates":[104.45207,-1.38938]}},{"id":"5322","type":"Feature","properties":{"rate_time":-9.44},"geometry":{"type":"Point","coordinates":[104.45169,-1.38922]}},{"id":"5323","type":"Feature","properties":{"rate_time":-9.231},"geometry":{"type":"Point","coordinates":[104.45191,-1.38921]}},{"id":"5324","type":"Feature","properties":{"rate_time":-9.182},"geometry":{"type":"Point","coordinates":[104.4519,-1.38917]}},{"id":"5325","type":"Feature","properties":{"rate_time":-8.103},"geometry":{"type":"Point","coordinates":[104.452,-1.38898]}},{"id":"5326","type":"Feature","properties":{"rate_time":-7.746},"geometry":{"type":"Point","coordinates":[104.45218,-1.3888]}},{"id":"5327","type":"Feature","properties":{"rate_time":-7.653},"geometry":{"type":"Point","coordinates":[104.45243,-1.38878]}},{"id":"5328","type":"Feature","properties":{"rate_time":-7.427},"geometry":{"type":"Point","coordinates":[104.45252,-1.38863]}},{"id":"5329","type":"Feature","properties":{"rate_time":-7.189},"geometry":{"type":"Point","coordinates":[104.45234,-1.38843]}},{"id":"5330","type":"Feature","properties":{"rate_time":-7.099},"geometry":{"type":"Point","coordinates":[104.45216,-1.38823]}},{"id":"5331","type":"Feature","properties":{"rate_time":-7.107},"geometry":{"type":"Point","coordinates":[104.45199,-1.38802]}},{"id":"5332","type":"Feature","properties":{"rate_time":-7.115},"geometry":{"type":"Point","coordinates":[104.45186,-1.38779]}},{"id":"5333","type":"Feature","properties":{"rate_time":-7.086},"geometry":{"type":"Point","coordinates":[104.45184,-1.38752]}},{"id":"5334","type":"Feature","properties":{"rate_time":-7.056},"geometry":{"type":"Point","coordinates":[104.45183,-1.38725]}},{"id":"5335","type":"Feature","properties":{"rate_time":-7.021},"geometry":{"type":"Point","coordinates":[104.45184,-1.38697]}},{"id":"5336","type":"Feature","properties":{"rate_time":-7.078},"geometry":{"type":"Point","coordinates":[104.45187,-1.3867]}},{"id":"5337","type":"Feature","properties":{"rate_time":-7.248},"geometry":{"type":"Point","coordinates":[104.45192,-1.38644]}},{"id":"5338","type":"Feature","properties":{"rate_time":-7.059},"geometry":{"type":"Point","coordinates":[104.45211,-1.38625]}},{"id":"5339","type":"Feature","properties":{"rate_time":-7.152},"geometry":{"type":"Point","coordinates":[104.45201,-1.38606]}},{"id":"5340","type":"Feature","properties":{"rate_time":-7.172},"geometry":{"type":"Point","coordinates":[104.45191,-1.38582]}},{"id":"5341","type":"Feature","properties":{"rate_time":-6.81},"geometry":{"type":"Point","coordinates":[104.45188,-1.38556]}},{"id":"5342","type":"Feature","properties":{"rate_time":-6.803},"geometry":{"type":"Point","coordinates":[104.45185,-1.3853]}},{"id":"5343","type":"Feature","properties":{"rate_time":-6.382},"geometry":{"type":"Point","coordinates":[104.45192,-1.38504]}},{"id":"5344","type":"Feature","properties":{"rate_time":-6.232},"geometry":{"type":"Point","coordinates":[104.45197,-1.38478]}},{"id":"5345","type":"Feature","properties":{"rate_time":-6.41},"geometry":{"type":"Point","coordinates":[104.45202,-1.38451]}},{"id":"5346","type":"Feature","properties":{"rate_time":-6.471},"geometry":{"type":"Point","coordinates":[104.45205,-1.38425]}},{"id":"5347","type":"Feature","properties":{"rate_time":-6.718},"geometry":{"type":"Point","coordinates":[104.45201,-1.38398]}},{"id":"5348","type":"Feature","properties":{"rate_time":-6.745},"geometry":{"type":"Point","coordinates":[104.45204,-1.38371]}},{"id":"5349","type":"Feature","properties":{"rate_time":-6.655},"geometry":{"type":"Point","coordinates":[104.45217,-1.38348]}},{"id":"5350","type":"Feature","properties":{"rate_time":-6.38},"geometry":{"type":"Point","coordinates":[104.45237,-1.38329]}},{"id":"5351","type":"Feature","properties":{"rate_time":-4.725},"geometry":{"type":"Point","coordinates":[104.45256,-1.3831]}},{"id":"5352","type":"Feature","properties":{"rate_time":-4.372},"geometry":{"type":"Point","coordinates":[104.45274,-1.3829]}},{"id":"5353","type":"Feature","properties":{"rate_time":-3.974},"geometry":{"type":"Point","coordinates":[104.45292,-1.3827]}},{"id":"5354","type":"Feature","properties":{"rate_time":-3.533},"geometry":{"type":"Point","coordinates":[104.45309,-1.38257]}},{"id":"5355","type":"Feature","properties":{"rate_time":0.957},"geometry":{"type":"Point","coordinates":[104.45422,-1.38149]}},{"id":"5356","type":"Feature","properties":{"rate_time":1.159},"geometry":{"type":"Point","coordinates":[104.45424,-1.38122]}},{"id":"5357","type":"Feature","properties":{"rate_time":1.153},"geometry":{"type":"Point","coordinates":[104.45426,-1.38095]}},{"id":"5358","type":"Feature","properties":{"rate_time":1.675},"geometry":{"type":"Point","coordinates":[104.45433,-1.38069]}},{"id":"5359","type":"Feature","properties":{"rate_time":1.187},"geometry":{"type":"Point","coordinates":[104.45442,-1.38043]}},{"id":"5360","type":"Feature","properties":{"rate_time":1.63},"geometry":{"type":"Point","coordinates":[104.4545,-1.38018]}},{"id":"5361","type":"Feature","properties":{"rate_time":1.036},"geometry":{"type":"Point","coordinates":[104.4545,-1.37991]}},{"id":"5362","type":"Feature","properties":{"rate_time":1.042},"geometry":{"type":"Point","coordinates":[104.45454,-1.37964]}},{"id":"5363","type":"Feature","properties":{"rate_time":1.123},"geometry":{"type":"Point","coordinates":[104.45468,-1.37941]}},{"id":"5364","type":"Feature","properties":{"rate_time":1.262},"geometry":{"type":"Point","coordinates":[104.45485,-1.3792]}},{"id":"5365","type":"Feature","properties":{"rate_time":1.349},"geometry":{"type":"Point","coordinates":[104.45495,-1.37895]}},{"id":"5366","type":"Feature","properties":{"rate_time":1.378},"geometry":{"type":"Point","coordinates":[104.45494,-1.37869]}},{"id":"5367","type":"Feature","properties":{"rate_time":1.531},"geometry":{"type":"Point","coordinates":[104.45506,-1.37847]}},{"id":"5368","type":"Feature","properties":{"rate_time":1.804},"geometry":{"type":"Point","coordinates":[104.45527,-1.3783]}},{"id":"5369","type":"Feature","properties":{"rate_time":1.909},"geometry":{"type":"Point","coordinates":[104.45576,-1.37866]}},{"id":"5370","type":"Feature","properties":{"rate_time":2.258},"geometry":{"type":"Point","coordinates":[104.4563,-1.37866]}},{"id":"5371","type":"Feature","properties":{"rate_time":2.348},"geometry":{"type":"Point","coordinates":[104.45621,-1.37845]}},{"id":"5372","type":"Feature","properties":{"rate_time":2.011},"geometry":{"type":"Point","coordinates":[104.45567,-1.37842]}},{"id":"5373","type":"Feature","properties":{"rate_time":2.114},"geometry":{"type":"Point","coordinates":[104.45582,-1.37841]}},{"id":"5374","type":"Feature","properties":{"rate_time":2.475},"geometry":{"type":"Point","coordinates":[104.45634,-1.37839]}},{"id":"5375","type":"Feature","properties":{"rate_time":2.053},"geometry":{"type":"Point","coordinates":[104.45551,-1.37822]}},{"id":"5376","type":"Feature","properties":{"rate_time":2.485},"geometry":{"type":"Point","coordinates":[104.4561,-1.3782]}},{"id":"5377","type":"Feature","properties":{"rate_time":2.403},"geometry":{"type":"Point","coordinates":[104.45595,-1.37818]}},{"id":"5378","type":"Feature","properties":{"rate_time":2.746},"geometry":{"type":"Point","coordinates":[104.45634,-1.37812]}},{"id":"5379","type":"Feature","properties":{"rate_time":1.958},"geometry":{"type":"Point","coordinates":[104.45722,-1.36243]}},{"id":"5380","type":"Feature","properties":{"rate_time":1.881},"geometry":{"type":"Point","coordinates":[104.45708,-1.3624]}},{"id":"5381","type":"Feature","properties":{"rate_time":1.822},"geometry":{"type":"Point","coordinates":[104.45742,-1.36229]}},{"id":"5382","type":"Feature","properties":{"rate_time":1.598},"geometry":{"type":"Point","coordinates":[104.45737,-1.36202]}},{"id":"5383","type":"Feature","properties":{"rate_time":1.396},"geometry":{"type":"Point","coordinates":[104.45724,-1.36178]}},{"id":"5384","type":"Feature","properties":{"rate_time":1.249},"geometry":{"type":"Point","coordinates":[104.45707,-1.36157]}},{"id":"5385","type":"Feature","properties":{"rate_time":1.163},"geometry":{"type":"Point","coordinates":[104.45702,-1.36131]}},{"id":"5386","type":"Feature","properties":{"rate_time":1.202},"geometry":{"type":"Point","coordinates":[104.45707,-1.36104]}},{"id":"5387","type":"Feature","properties":{"rate_time":1.236},"geometry":{"type":"Point","coordinates":[104.45712,-1.36078]}},{"id":"5388","type":"Feature","properties":{"rate_time":1.221},"geometry":{"type":"Point","coordinates":[104.45708,-1.36052]}},{"id":"5389","type":"Feature","properties":{"rate_time":0.94},"geometry":{"type":"Point","coordinates":[104.4571,-1.36027]}},{"id":"5390","type":"Feature","properties":{"rate_time":0.982},"geometry":{"type":"Point","coordinates":[104.45716,-1.36]}},{"id":"5391","type":"Feature","properties":{"rate_time":0.992},"geometry":{"type":"Point","coordinates":[104.45715,-1.35974]}},{"id":"5392","type":"Feature","properties":{"rate_time":1.129},"geometry":{"type":"Point","coordinates":[104.45711,-1.35947]}},{"id":"5393","type":"Feature","properties":{"rate_time":1.376},"geometry":{"type":"Point","coordinates":[104.45713,-1.3592]}},{"id":"5394","type":"Feature","properties":{"rate_time":1.387},"geometry":{"type":"Point","coordinates":[104.45711,-1.35894]}},{"id":"5395","type":"Feature","properties":{"rate_time":1.358},"geometry":{"type":"Point","coordinates":[104.45706,-1.35868]}},{"id":"5396","type":"Feature","properties":{"rate_time":1.463},"geometry":{"type":"Point","coordinates":[104.45703,-1.35841]}},{"id":"5397","type":"Feature","properties":{"rate_time":1.532},"geometry":{"type":"Point","coordinates":[104.45705,-1.35814]}},{"id":"5398","type":"Feature","properties":{"rate_time":1.553},"geometry":{"type":"Point","coordinates":[104.45706,-1.35787]}},{"id":"5399","type":"Feature","properties":{"rate_time":1.536},"geometry":{"type":"Point","coordinates":[104.45704,-1.3576]}},{"id":"5400","type":"Feature","properties":{"rate_time":1.543},"geometry":{"type":"Point","coordinates":[104.45703,-1.35733]}},{"id":"5401","type":"Feature","properties":{"rate_time":1.426},"geometry":{"type":"Point","coordinates":[104.45704,-1.35706]}},{"id":"5402","type":"Feature","properties":{"rate_time":1.273},"geometry":{"type":"Point","coordinates":[104.45705,-1.35679]}}]}