{"type":"FeatureCollection","features":[{"id":"0","type":"Feature","properties":{"year":1988,"certainty":"good"},"geometry":{"type":"MultiLineString","coordinates":[[[104.47004,-1.85968],[104.47045,-1.85887]],[[104.62447,-1.9425],[104.62662,-1.93921],[104.63255,-1.93593],[104.63714,-1.93446],[104.63983,-1.93643],[104.64135,-1.93585],[104.64437,-1.92174],[104.64065,-1.91597],[104.61765,-1.89364]],[[104.57282,-1.86169],[104.56244,-1.85796],[104.55731,-1.85437],[104.55313,-1.85404]],[[104.55281,-1.854],[104.55259,-1.85395]],[[104.5507,-1.85407],[104.5472,-1.85475]],[[104.54261,-1.85763],[104.54064,-1.8597]],[[104.47238,-1.8704],[104.47023,-1.86524],[104.46803,-1.86553]],[[104.47422,-1.88743],[104.4749,-1.88725]],[[104.4773,-1.88384],[104.47733,-1.88369]],[[104.47783,-1.88221],[104.47814,-1.88118]],[[104.47816,-1.88112],[104.47841,-1.88082]],[[104.47861,-1.88031],[104.47858,-1.88004]],[[104.47851,-1.87977],[104.47704,-1.87257],[104.47531,-1.87044],[104.47342,-1.87139]],[[104.47762,-1.89741],[104.47823,-1.89442]],[[104.4749,-1.88814],[104.47449,-1.88811]],[[104.59113,-2.00805],[104.58573,-2.00642]]]}},{"id":"1","type":"Feature","properties":{"year":1988,"certainty":"insufficient data"},"geometry":{"type":"MultiLineString","coordinates":[[[104.48344,-1.83214],[104.4853,-1.83331],[104.48827,-1.8307],[104.49629,-1.81748],[104.50068,-1.81475],[104.50385,-1.80907]],[[104.47262,-1.85045],[104.47747,-1.85195],[104.48097,-1.8495],[104.48464,-1.83458],[104.483,-1.83268]],[[104.46707,-1.86334],[104.47004,-1.85968]],[[104.47045,-1.85887],[104.47265,-1.85602],[104.4699,-1.85574],[104.47333,-1.85303],[104.47181,-1.85142]],[[104.60935,-1.95996],[104.62023,-1.9524],[104.62447,-1.9425]],[[104.61765,-1.89364],[104.60229,-1.87966],[104.59507,-1.87079],[104.59237,-1.86959],[104.59129,-1.87098],[104.58374,-1.86623],[104.58347,-1.86435],[104.57889,-1.86435],[104.57282,-1.86169]],[[104.55313,-1.85404],[104.55281,-1.854]],[[104.55259,-1.85395],[104.5507,-1.85407]],[[104.5472,-1.85475],[104.54261,-1.85763]],[[104.54064,-1.8597],[104.5398,-1.87178],[104.53411,-1.88456],[104.53265,-1.88453],[104.53314,-1.88833],[104.52277,-1.91432],[104.52709,-1.91144]],[[104.4749,-1.88725],[104.4773,-1.88384]],[[104.47733,-1.88369],[104.47783,-1.88221]],[[104.47814,-1.88118],[104.47816,-1.88112]],[[104.47841,-1.88082],[104.47861,-1.88031]],[[104.47858,-1.88004],[104.47851,-1.87977]],[[104.46262,-1.90739],[104.47314,-1.90389],[104.47762,-1.89741]],[[104.47823,-1.89442],[104.4783,-1.89076],[104.4749,-1.88814]],[[104.46454,-1.92604],[104.46357,-1.91627],[104.46507,-1.90948],[104.46289,-1.90988]],[[104.49705,-1.94803],[104.49636,-1.93039],[104.49211,-1.92089],[104.48689,-1.91409],[104.48204,-1.91193],[104.47583,-1.91348],[104.47243,-1.91247],[104.46835,-1.92631]],[[104.52731,-1.91167],[104.52111,-1.92035],[104.52069,-1.92361],[104.52223,-1.92543]],[[104.52169,-1.92647],[104.5136,-1.92487],[104.50637,-1.92958],[104.50485,-1.93446],[104.50138,-1.93826],[104.50078,-1.94722]],[[104.61177,-1.98612],[104.61447,-1.98693],[104.61645,-1.9847],[104.61698,-1.97357],[104.60854,-1.96422]],[[104.65373,-1.96393],[104.63475,-1.97439]],[[104.632,-1.97709],[104.62948,-1.98036],[104.63119,-1.9831]],[[104.63065,-1.98424],[104.62849,-1.98295],[104.62445,-1.99182],[104.61797,-1.99969],[104.61095,-2.00572],[104.60286,-2.00795],[104.60353,-2.01048]],[[104.57184,-1.99857],[104.58857,-2.00212],[104.60286,-2.0013],[104.61007,-1.99474],[104.6126,-1.98959],[104.61091,-1.98769]],[[104.57851,-2.00831],[104.57885,-2.00583],[104.57103,-2.00146]],[[104.60328,-2.01075],[104.59935,-2.00828],[104.59113,-2.00805]],[[104.58573,-2.00642],[104.58209,-2.00571],[104.5814,-2.00858]]]}},{"id":"2","type":"Feature","properties":{"year":1988,"certainty":"insufficient data"},"geometry":{"type":"MultiLineString","coordinates":[[[104.51918,-1.69914],[104.51909,-1.69902]],[[104.51891,-1.6988],[104.51868,-1.69848]],[[104.51865,-1.69838],[104.51813,-1.69766]],[[104.51811,-1.69763],[104.51793,-1.69739]],[[104.51784,-1.69725],[104.51777,-1.69712]],[[104.48413,-1.64994],[104.48068,-1.64364]],[[104.4727,-1.62709],[104.46692,-1.61433]],[[104.45868,-1.58963],[104.45691,-1.58215]],[[104.44959,-1.53806],[104.44787,-1.53344]],[[104.43812,-1.49409],[104.4382,-1.49083]],[[104.44065,-1.47428],[104.44096,-1.47021]],[[104.44343,-1.46152],[104.44346,-1.46144]],[[104.44349,-1.46125],[104.44785,-1.44809],[104.44984,-1.44809],[104.44904,-1.44442]],[[104.44991,-1.4428],[104.44994,-1.44258]],[[104.44997,-1.44252],[104.45183,-1.43548]],[[104.45442,-1.42434],[104.45594,-1.42421],[104.45641,-1.4219]],[[104.45749,-1.41942],[104.45798,-1.41729]],[[104.45827,-1.41267],[104.45408,-1.38499]],[[104.45399,-1.38468],[104.45364,-1.37956]],[[104.45365,-1.37929],[104.45319,-1.3706]],[[104.50471,-1.80337],[104.50958,-1.80681],[104.51403,-1.80595]],[[104.51484,-1.80567],[104.52078,-1.80333]],[[104.52082,-1.80324],[104.52105,-1.80308]],[[104.52132,-1.80306],[104.52631,-1.80027],[104.53017,-1.8008]],[[104.53615,-1.7965],[104.54262,-1.78045]],[[104.54284,-1.78276],[104.54297,-1.78194],[104.54276,-1.78114],[104.54249,-1.78295],[104.54284,-1.78276]],[[104.50385,-1.80904],[104.50311,-1.80447]]]}},{"id":"3","type":"Feature","properties":{"year":1989,"certainty":"insufficient data"},"geometry":{"type":"MultiLineString","coordinates":[[[104.60638,-1.96317],[104.61258,-1.95664],[104.61596,-1.95521]],[[104.60303,-1.87976],[104.59588,-1.87171],[104.59143,-1.86934]],[[104.58442,-1.86643],[104.58429,-1.8665]],[[104.58415,-1.8665],[104.58347,-1.86428],[104.58095,-1.86324]],[[104.52947,-1.89606],[104.52938,-1.89645]],[[104.52933,-1.89661],[104.52657,-1.90366]],[[104.46262,-1.90746],[104.46818,-1.90609]],[[104.46459,-1.924],[104.46354,-1.91654],[104.46508,-1.90948],[104.46289,-1.90987]],[[104.52074,-1.92383],[104.52223,-1.92544]],[[104.49704,-1.94803],[104.4962,-1.94111]],[[104.4969,-1.93351],[104.4939,-1.92415],[104.48743,-1.91463],[104.48285,-1.91224],[104.47327,-1.91281]],[[104.47125,-1.91423],[104.46863,-1.924]],[[104.52169,-1.92651],[104.51386,-1.92489],[104.51022,-1.92774]],[[104.50989,-1.92781],[104.50645,-1.92958],[104.50537,-1.93369]],[[104.50064,-1.94192],[104.50078,-1.94722]],[[104.65373,-1.96354],[104.6459,-1.9676]],[[104.64571,-1.96775],[104.64158,-1.96957]],[[104.64146,-1.96964],[104.64131,-1.96973]],[[104.63645,-1.97318],[104.63644,-1.97317]],[[104.63622,-1.97317],[104.63054,-1.9786]],[[104.63052,-1.97863],[104.63032,-1.97887]],[[104.63008,-1.98186],[104.63119,-1.98313]],[[104.61189,-1.98619],[104.61528,-1.98644],[104.61707,-1.98185]],[[104.61083,-1.96652],[104.60935,-1.96396],[104.60719,-1.96504]],[[104.63065,-1.98428],[104.62849,-1.983],[104.62445,-1.99199],[104.62107,-1.99564]],[[104.61999,-1.9969],[104.61974,-1.99705]],[[104.61847,-1.99868],[104.61837,-1.99889]],[[104.61832,-1.99895],[104.61109,-2.00565]],[[104.6065,-2.00769],[104.60284,-2.00804],[104.6035,-2.01048]],[[104.57548,-1.99932],[104.58007,-2.00038]],[[104.59733,-2.00203],[104.60273,-2.00135]],[[104.60327,-2.00117],[104.6034,-2.00112]],[[104.60651,-1.99922],[104.6091,-1.99623]],[[104.6092,-1.99609],[104.60929,-1.99596]],[[104.61082,-1.99317],[104.61266,-1.98959],[104.61109,-1.98784]],[[104.57846,-2.0083],[104.57885,-2.00585],[104.57282,-2.00247]],[[104.60328,-2.01075],[104.59652,-2.00831]],[[104.58276,-2.00559],[104.58144,-2.00858]]]}},{"id":"4","type":"Feature","properties":{"year":1989,"certainty":"good"},"geometry":{"type":"MultiLineString","coordinates":[[[104.48344,-1.83214],[104.4853,-1.8333],[104.48836,-1.83078],[104.50395,-1.80907]],[[104.47262,-1.85046],[104.47747,-1.85195],[104.4811,-1.8495],[104.48462,-1.83458],[104.483,-1.83268]],[[104.46707,-1.86334],[104.4726,-1.85629],[104.47047,-1.85574],[104.47322,-1.85357],[104.47181,-1.85142]],[[104.61596,-1.95521],[104.62022,-1.9524],[104.62684,-1.93911],[104.63525,-1.93502],[104.6401,-1.93648],[104.64182,-1.93558],[104.64444,-1.92201],[104.64199,-1.9174],[104.60303,-1.87976]],[[104.59143,-1.86934],[104.5859,-1.86578],[104.58442,-1.86643]],[[104.58429,-1.8665],[104.58415,-1.8665]],[[104.58095,-1.86324],[104.57457,-1.86084],[104.57322,-1.86179],[104.57187,-1.8612],[104.57242,-1.85956],[104.56648,-1.85948],[104.5565,-1.85389],[104.54475,-1.85576],[104.53993,-1.86092],[104.5398,-1.87178],[104.5341,-1.88453],[104.53267,-1.88453],[104.53315,-1.88833],[104.52947,-1.89606]],[[104.52938,-1.89645],[104.52933,-1.89661]],[[104.52657,-1.90366],[104.52273,-1.91438],[104.52709,-1.91143]],[[104.4724,-1.8704],[104.47023,-1.86524],[104.46803,-1.86558]],[[104.47422,-1.88743],[104.47703,-1.88587],[104.47863,-1.88017],[104.47715,-1.87257],[104.47531,-1.87044],[104.47342,-1.87132]],[[104.60481,-1.88075],[104.60505,-1.88045],[104.60442,-1.88021],[104.60471,-1.88075],[104.60481,-1.88075]],[[104.46818,-1.90609],[104.47395,-1.90328],[104.47756,-1.89809],[104.47857,-1.8913],[104.47449,-1.88811]],[[104.46453,-1.92604],[104.46459,-1.924]],[[104.52727,-1.91167],[104.52223,-1.91769],[104.52074,-1.92383]],[[104.4962,-1.94111],[104.4969,-1.93351]],[[104.47327,-1.91281],[104.47125,-1.91423]],[[104.46863,-1.924],[104.46828,-1.92631]],[[104.51022,-1.92774],[104.50989,-1.92781]],[[104.50537,-1.93369],[104.50145,-1.93821],[104.50064,-1.94192]],[[104.6459,-1.9676],[104.64571,-1.96775]],[[104.64158,-1.96957],[104.64146,-1.96964]],[[104.64131,-1.96973],[104.63645,-1.97318]],[[104.63644,-1.97317],[104.63622,-1.97317]],[[104.63054,-1.9786],[104.63052,-1.97863]],[[104.63032,-1.97887],[104.63008,-1.98186]],[[104.61177,-1.98614],[104.61189,-1.98619]],[[104.61707,-1.98185],[104.61696,-1.97357],[104.61083,-1.96652]],[[104.62107,-1.99564],[104.61999,-1.9969]],[[104.61974,-1.99705],[104.61847,-1.99868]],[[104.61837,-1.99889],[104.61832,-1.99895]],[[104.61109,-2.00565],[104.6065,-2.00769]],[[104.57184,-1.99856],[104.57548,-1.99932]],[[104.58007,-2.00038],[104.59733,-2.00203]],[[104.60273,-2.00135],[104.60327,-2.00117]],[[104.6034,-2.00112],[104.60651,-1.99922]],[[104.6091,-1.99623],[104.6092,-1.99609]],[[104.60929,-1.99596],[104.61082,-1.99317]],[[104.61109,-1.98784],[104.61087,-1.98769]],[[104.57282,-2.00247],[104.57103,-2.00162]],[[104.59652,-2.00831],[104.58964,-2.00799],[104.58276,-2.00559]]]}},{"id":"5","type":"Feature","properties":{"year":1989,"certainty":"good"},"geometry":{"type":"MultiLineString","coordinates":[[[104.52158,-1.7149],[104.52427,-1.71408],[104.5267,-1.71029],[104.51155,-1.68775],[104.50036,-1.67961],[104.49319,-1.6636],[104.47753,-1.63685],[104.4681,-1.61365],[104.46637,-1.61256],[104.46379,-1.60241],[104.45909,-1.59248],[104.45957,-1.58759],[104.45193,-1.56308],[104.45149,-1.54525],[104.45351,-1.54444],[104.45086,-1.54146],[104.44487,-1.52598],[104.44433,-1.51947],[104.44113,-1.51431],[104.44186,-1.51295],[104.43964,-1.51132],[104.44196,-1.51187],[104.44101,-1.50888],[104.43896,-1.50861],[104.44121,-1.50725],[104.44011,-1.48744],[104.44284,-1.4736],[104.44191,-1.46817],[104.44424,-1.46546],[104.44684,-1.4546],[104.45164,-1.44727],[104.4522,-1.44266],[104.45065,-1.44212],[104.45331,-1.43939],[104.45265,-1.43018],[104.45385,-1.4257],[104.45692,-1.42746],[104.45843,-1.41579],[104.45321,-1.37291],[104.45658,-1.35669]],[[104.50471,-1.80337],[104.51147,-1.80703],[104.52631,-1.80027],[104.5317,-1.80048],[104.54098,-1.78927],[104.5433,-1.7775],[104.54467,-1.77679],[104.54201,-1.75806],[104.53576,-1.73551],[104.52745,-1.71924],[104.52417,-1.71534],[104.5218,-1.71544]],[[104.54283,-1.78547],[104.54357,-1.78507],[104.54387,-1.78438],[104.5433,-1.78335],[104.54283,-1.78547]],[[104.54365,-1.78656],[104.54411,-1.78608],[104.54411,-1.78586],[104.54351,-1.78656],[104.54365,-1.78656]],[[104.50396,-1.80904],[104.50311,-1.80447]]]}},{"id":"6","type":"Feature","properties":{"year":1990,"certainty":"good"},"geometry":{"type":"MultiLineString","coordinates":[[[104.52158,-1.7149],[104.52424,-1.71408],[104.52639,-1.71056],[104.51194,-1.6883],[104.49853,-1.6769],[104.49426,-1.66522],[104.48408,-1.64867],[104.46635,-1.61094],[104.45819,-1.58216],[104.45534,-1.57728],[104.45474,-1.56805],[104.45168,-1.56425],[104.45267,-1.54471],[104.4536,-1.54444],[104.44466,-1.52579],[104.44421,-1.51919],[104.44074,-1.50834],[104.44041,-1.48201],[104.44608,-1.45759],[104.45114,-1.4489],[104.45317,-1.44158],[104.45218,-1.4299],[104.45358,-1.43128],[104.45391,-1.43099],[104.45359,-1.42855],[104.45169,-1.42806],[104.45358,-1.42482],[104.45412,-1.42677],[104.4571,-1.42746],[104.45827,-1.41688],[104.45844,-1.40955],[104.45295,-1.3721],[104.45383,-1.36395],[104.45642,-1.36097],[104.45625,-1.35669]],[[104.45196,-1.42945],[104.45178,-1.42936],[104.45196,-1.42878],[104.45227,-1.42909],[104.45196,-1.42945]],[[104.45604,-1.42936],[104.45603,-1.42882],[104.45574,-1.42879],[104.45596,-1.42936],[104.45604,-1.42936]],[[104.45503,-1.42936],[104.45466,-1.42933],[104.45439,-1.42889],[104.45466,-1.42942],[104.45503,-1.42936]],[[104.45416,-1.43208],[104.45452,-1.43126],[104.45439,-1.43062],[104.454,-1.43153],[104.45416,-1.43208]],[[104.45389,-1.55909],[104.45382,-1.55624],[104.45274,-1.5525],[104.4526,-1.55557],[104.45389,-1.55909]],[[104.49913,-1.67662],[104.49883,-1.67635],[104.49883,-1.67585],[104.49858,-1.67608],[104.4991,-1.67683],[104.49913,-1.67662]],[[104.50648,-1.80469],[104.51147,-1.80705],[104.52631,-1.80025],[104.53143,-1.80056],[104.54087,-1.78936],[104.54249,-1.78095],[104.54222,-1.78382],[104.54337,-1.78248],[104.54384,-1.77663],[104.54411,-1.77985],[104.54502,-1.77868],[104.54213,-1.75779],[104.5363,-1.74137],[104.53576,-1.73551],[104.52767,-1.71979],[104.52417,-1.71534],[104.52199,-1.71544]],[[104.54276,-1.78105],[104.5427,-1.78031],[104.54303,-1.78015],[104.54301,-1.78086],[104.54276,-1.78105]],[[104.5428,-1.78547],[104.54327,-1.78438],[104.5433,-1.78331],[104.54268,-1.78466],[104.5428,-1.78547]],[[104.54335,-1.78683],[104.54418,-1.78601],[104.54384,-1.78425],[104.54409,-1.78574],[104.54335,-1.78683]],[[104.50399,-1.80904],[104.50311,-1.80458]]]}},{"id":"7","type":"Feature","properties":{"year":1990,"certainty":"insufficient data"},"geometry":{"type":"MultiLineString","coordinates":[[[104.60638,-1.96317],[104.61258,-1.95664],[104.61596,-1.95521]],[[104.46364,-1.91884],[104.46459,-1.91233]],[[104.65048,-1.96525],[104.6459,-1.9675]],[[104.64556,-1.96775],[104.6432,-1.96882]],[[104.64315,-1.96883],[104.64158,-1.96955]],[[104.64141,-1.96964],[104.64131,-1.96971]],[[104.63733,-1.97263],[104.63107,-1.97806]],[[104.63106,-1.97807],[104.63055,-1.9786]],[[104.63052,-1.97864],[104.63032,-1.97887]],[[104.62971,-1.98102],[104.63119,-1.98314]],[[104.61177,-1.98613],[104.61568,-1.98606],[104.6171,-1.98077]],[[104.61687,-1.97697],[104.61698,-1.97357],[104.61489,-1.96991]],[[104.6138,-1.96867],[104.60948,-1.96407],[104.60719,-1.96504]],[[104.63065,-1.98428],[104.62822,-1.98335],[104.62229,-1.99461]],[[104.61999,-1.99692],[104.61976,-1.99705]],[[104.61887,-1.99787],[104.61257,-2.0048],[104.60691,-2.00774],[104.60286,-2.00802],[104.6035,-2.01048]],[[104.57548,-1.99932],[104.58411,-2.00123]],[[104.58843,-2.00213],[104.59909,-2.00199],[104.60529,-2.00019],[104.61258,-1.99009],[104.61087,-1.98769]],[[104.57846,-2.0083],[104.57885,-2.00585],[104.57282,-2.00247]],[[104.60328,-2.01075],[104.59787,-2.00822]],[[104.58835,-2.00763],[104.58263,-2.00558],[104.58144,-2.00858]]]}},{"id":"8","type":"Feature","properties":{"year":1990,"certainty":"unstable data"},"geometry":{"type":"MultiLineString","coordinates":[[[104.46731,-1.86321],[104.46951,-1.86076]],[[104.5332,-1.88792],[104.53073,-1.89376]],[[104.53042,-1.89417],[104.53019,-1.89441]],[[104.52997,-1.89471],[104.52965,-1.89514]],[[104.52962,-1.89525],[104.52799,-1.90014]],[[104.52645,-1.90583],[104.52587,-1.90809]],[[104.47051,-1.90528],[104.47651,-1.90043]],[[104.47668,-1.90012],[104.47678,-1.89991]],[[104.47692,-1.89958],[104.47705,-1.89929]],[[104.47712,-1.89904],[104.47732,-1.89859]],[[104.46463,-1.92346],[104.4646,-1.92291]],[[104.46448,-1.92237],[104.4644,-1.9221]],[[104.46437,-1.92202],[104.46416,-1.92156]],[[104.46413,-1.92129],[104.46369,-1.91939]],[[104.49698,-1.94803],[104.49617,-1.94029]],[[104.49616,-1.93948],[104.49619,-1.93924]],[[104.4962,-1.93894],[104.49636,-1.93758]],[[104.49649,-1.93677],[104.49551,-1.92862]],[[104.49539,-1.92836],[104.49385,-1.92428]],[[104.49377,-1.9241],[104.49357,-1.92374]],[[104.4935,-1.92365],[104.49323,-1.9232]],[[104.49323,-1.92319],[104.4928,-1.92265]],[[104.49269,-1.92251],[104.4874,-1.91464],[104.48163,-1.91223]],[[104.48109,-1.9121],[104.48029,-1.91212]],[[104.48002,-1.91231],[104.4757,-1.91351]],[[104.52166,-1.9266],[104.52041,-1.92619]],[[104.5202,-1.92607],[104.5198,-1.92592]],[[104.51947,-1.92592],[104.5167,-1.92535]],[[104.50363,-1.93595],[104.50348,-1.93608]],[[104.50337,-1.93623],[104.50107,-1.93962],[104.50085,-1.94722]]]}},{"id":"9","type":"Feature","properties":{"year":1990,"certainty":"good"},"geometry":{"type":"MultiLineString","coordinates":[[[104.48345,-1.83214],[104.4853,-1.83332],[104.4883,-1.83078],[104.50399,-1.80907]],[[104.47262,-1.85045],[104.47747,-1.85194],[104.48098,-1.85005],[104.48462,-1.83458],[104.48295,-1.83268]],[[104.46709,-1.86334],[104.46731,-1.86321]],[[104.46951,-1.86076],[104.47266,-1.85602],[104.47043,-1.85574],[104.47327,-1.8533],[104.47181,-1.85146]],[[104.61596,-1.95521],[104.6206,-1.95186],[104.62684,-1.93911],[104.63525,-1.93513],[104.6401,-1.9365],[104.64182,-1.93558],[104.64447,-1.92201],[104.642,-1.91741],[104.59588,-1.87195],[104.58702,-1.86609],[104.58401,-1.86641],[104.58213,-1.86353],[104.57242,-1.85949],[104.56486,-1.85794],[104.56341,-1.85604],[104.56055,-1.85622],[104.5565,-1.85382],[104.54895,-1.85386],[104.54312,-1.85685],[104.5402,-1.86038],[104.53982,-1.87178],[104.53411,-1.88464],[104.53268,-1.88453],[104.5332,-1.88792]],[[104.53073,-1.89376],[104.53042,-1.89417]],[[104.53019,-1.89441],[104.52997,-1.89471]],[[104.52965,-1.89514],[104.52962,-1.89525]],[[104.52799,-1.90014],[104.52645,-1.90583]],[[104.52587,-1.90809],[104.52277,-1.9143],[104.52709,-1.91142]],[[104.47249,-1.8704],[104.47345,-1.8685],[104.4726,-1.86931],[104.47018,-1.86521],[104.46803,-1.86556]],[[104.47422,-1.88743],[104.47708,-1.88587],[104.47863,-1.88017],[104.47676,-1.87149],[104.47531,-1.87036],[104.47342,-1.87123]],[[104.46262,-1.90746],[104.47051,-1.90528]],[[104.47651,-1.90043],[104.47668,-1.90012]],[[104.47678,-1.89991],[104.47692,-1.89958]],[[104.47705,-1.89929],[104.47712,-1.89904]],[[104.47732,-1.89859],[104.47857,-1.8913],[104.47449,-1.88814]],[[104.46455,-1.92604],[104.46463,-1.92346]],[[104.4646,-1.92291],[104.46448,-1.92237]],[[104.4644,-1.9221],[104.46437,-1.92202]],[[104.46416,-1.92156],[104.46413,-1.92129]],[[104.46369,-1.91939],[104.46364,-1.91884]],[[104.46459,-1.91233],[104.46509,-1.90948],[104.46289,-1.90984]],[[104.52729,-1.91167],[104.52167,-1.919],[104.52069,-1.92361],[104.52223,-1.92542]],[[104.49617,-1.94029],[104.49616,-1.93948]],[[104.49619,-1.93924],[104.4962,-1.93894]],[[104.49636,-1.93758],[104.49649,-1.93677]],[[104.49551,-1.92862],[104.49539,-1.92836]],[[104.49385,-1.92428],[104.49377,-1.9241]],[[104.49357,-1.92374],[104.4935,-1.92365]],[[104.49323,-1.9232],[104.49323,-1.92319]],[[104.4928,-1.92265],[104.49269,-1.92251]],[[104.48163,-1.91223],[104.48109,-1.9121]],[[104.48029,-1.91212],[104.48002,-1.91231]],[[104.4757,-1.91351],[104.47287,-1.91226],[104.47116,-1.91437],[104.46831,-1.92631]],[[104.52041,-1.92619],[104.5202,-1.92607]],[[104.5198,-1.92592],[104.51947,-1.92592]],[[104.5167,-1.92535],[104.51306,-1.92514],[104.51171,-1.92732],[104.50645,-1.92958],[104.50363,-1.93595]],[[104.50348,-1.93608],[104.50337,-1.93623]],[[104.65373,-1.96334],[104.65048,-1.96525]],[[104.6459,-1.9675],[104.64556,-1.96775]],[[104.6432,-1.96882],[104.64315,-1.96883]],[[104.64158,-1.96955],[104.64141,-1.96964]],[[104.64131,-1.96971],[104.63733,-1.97263]],[[104.63107,-1.97806],[104.63106,-1.97807]],[[104.63055,-1.9786],[104.63052,-1.97864]],[[104.63032,-1.97887],[104.62971,-1.98102]],[[104.6171,-1.98077],[104.61687,-1.97697]],[[104.61489,-1.96991],[104.6138,-1.96867]],[[104.62229,-1.99461],[104.61999,-1.99692]],[[104.61976,-1.99705],[104.61887,-1.99787]],[[104.57184,-1.99856],[104.57548,-1.99932]],[[104.58411,-2.00123],[104.58843,-2.00213]],[[104.57282,-2.00247],[104.57103,-2.00162]],[[104.59787,-2.00822],[104.58835,-2.00763]]]}},{"id":"10","type":"Feature","properties":{"year":1991,"certainty":"good"},"geometry":{"type":"MultiLineString","coordinates":[[[104.4835,-1.83214],[104.4853,-1.83333],[104.48839,-1.83078],[104.50397,-1.80907]],[[104.47262,-1.85041],[104.47747,-1.8519],[104.48071,-1.85047],[104.48465,-1.83458],[104.48296,-1.83268]],[[104.46843,-1.86234],[104.47268,-1.85602],[104.47065,-1.85574],[104.47289,-1.85493],[104.47328,-1.85276],[104.47181,-1.85143]],[[104.61596,-1.95523],[104.6206,-1.95186],[104.62662,-1.93905],[104.63525,-1.93502],[104.6397,-1.9364]],[[104.64273,-1.93409],[104.64354,-1.92893]],[[104.64375,-1.9281],[104.64384,-1.92785]],[[104.64443,-1.92215],[104.6422,-1.91794],[104.62217,-1.89785],[104.5975,-1.87545]],[[104.5975,-1.87545],[104.59664,-1.87573]],[[104.59655,-1.87564],[104.59631,-1.87545]],[[104.59089,-1.87124],[104.58177,-1.86663],[104.58286,-1.86636],[104.5797,-1.86407],[104.56405,-1.85884],[104.56378,-1.85601],[104.56055,-1.85621],[104.55974,-1.85425],[104.55677,-1.85533],[104.55623,-1.85377],[104.54949,-1.85374],[104.54277,-1.85712],[104.53976,-1.86173],[104.54093,-1.86608],[104.53875,-1.87503],[104.53414,-1.8848],[104.53275,-1.88453],[104.53313,-1.8886],[104.52265,-1.91411],[104.52698,-1.91194],[104.52223,-1.91782],[104.52088,-1.92402]],[[104.52101,-1.9242],[104.52107,-1.92429]],[[104.47251,-1.8704],[104.47367,-1.8685],[104.47064,-1.86592]],[[104.47422,-1.88749],[104.47727,-1.8856],[104.47873,-1.88017],[104.47722,-1.87176],[104.47558,-1.87031],[104.47342,-1.87096]],[[104.46262,-1.90745],[104.47044,-1.90537],[104.47649,-1.90053],[104.4787,-1.89184],[104.47449,-1.88809]],[[104.46455,-1.92604],[104.46368,-1.91884]],[[104.46464,-1.91233],[104.46505,-1.90938],[104.46289,-1.90979]],[[104.49683,-1.94803],[104.49636,-1.93066],[104.49179,-1.92062],[104.48689,-1.91426],[104.48285,-1.91229],[104.47583,-1.91362],[104.47233,-1.91247],[104.46829,-1.92631]],[[104.51901,-1.92619],[104.51891,-1.92619]],[[104.51859,-1.92606],[104.5136,-1.92494],[104.5113,-1.92755]],[[104.50672,-1.92942],[104.50668,-1.92944]],[[104.50645,-1.92968],[104.50631,-1.92998]],[[104.50618,-1.9303],[104.50618,-1.93054]],[[104.50618,-1.93079],[104.50133,-1.9388],[104.50083,-1.94722]],[[104.65373,-1.96384],[104.65081,-1.9653]],[[104.6459,-1.9676],[104.6457,-1.96775]],[[104.64158,-1.96957],[104.64143,-1.96964]],[[104.64131,-1.96972],[104.63735,-1.97263]],[[104.63457,-1.97463],[104.62969,-1.98104]],[[104.617,-1.98077],[104.61676,-1.97716]],[[104.61463,-1.96991],[104.61353,-1.96901]],[[104.60977,-1.96502],[104.60921,-1.96396]],[[104.62228,-1.99461],[104.61889,-1.99787]],[[104.57198,-1.99853],[104.57548,-1.99929]],[[104.58277,-2.00095],[104.58332,-2.00111]],[[104.58384,-2.00123],[104.58441,-2.00139]],[[104.58465,-2.00144],[104.5887,-2.00227]],[[104.60906,-1.99623],[104.6092,-1.99604]],[[104.5728,-2.00247],[104.57198,-2.002]],[[104.59787,-2.00829],[104.58838,-2.00763]]]}},{"id":"11","type":"Feature","properties":{"year":1991,"certainty":"unstable data"},"geometry":{"type":"MultiLineString","coordinates":[[[104.6397,-1.9364],[104.64273,-1.93409]],[[104.64354,-1.92893],[104.64375,-1.9281]],[[104.64384,-1.92785],[104.64443,-1.92215]]]}},{"id":"12","type":"Feature","properties":{"year":1991,"certainty":"insufficient data"},"geometry":{"type":"MultiLineString","coordinates":[[[104.46704,-1.86334],[104.46843,-1.86234]],[[104.60638,-1.96322],[104.61258,-1.9565],[104.61596,-1.95523]],[[104.5975,-1.87545],[104.5975,-1.87545]],[[104.59664,-1.87573],[104.59655,-1.87564]],[[104.59631,-1.87545],[104.59089,-1.87124]],[[104.52088,-1.92402],[104.52101,-1.9242]],[[104.52107,-1.92429],[104.52223,-1.92544]],[[104.47064,-1.86592],[104.46803,-1.86555]],[[104.46368,-1.91884],[104.46464,-1.91233]],[[104.52151,-1.9266],[104.51901,-1.92619]],[[104.51891,-1.92619],[104.51859,-1.92606]],[[104.5113,-1.92755],[104.50672,-1.92942]],[[104.50668,-1.92944],[104.50645,-1.92968]],[[104.50631,-1.92998],[104.50618,-1.9303]],[[104.50618,-1.93054],[104.50618,-1.93079]],[[104.65081,-1.9653],[104.6459,-1.9676]],[[104.6457,-1.96775],[104.64158,-1.96957]],[[104.64143,-1.96964],[104.64131,-1.96972]],[[104.63735,-1.97263],[104.63457,-1.97463]],[[104.62969,-1.98104],[104.63119,-1.98319]],[[104.61177,-1.98616],[104.61528,-1.98649],[104.617,-1.98077]],[[104.61676,-1.97716],[104.61691,-1.97357],[104.61463,-1.96991]],[[104.61353,-1.96901],[104.60977,-1.96502]],[[104.60921,-1.96396],[104.60719,-1.96506]],[[104.63065,-1.98433],[104.62823,-1.98335],[104.62228,-1.99461]],[[104.61889,-1.99787],[104.61257,-2.00485],[104.60286,-2.0081],[104.60342,-2.01048]],[[104.57184,-1.99855],[104.57198,-1.99853]],[[104.57548,-1.99929],[104.58277,-2.00095]],[[104.58332,-2.00111],[104.58384,-2.00123]],[[104.58441,-2.00139],[104.58465,-2.00144]],[[104.5887,-2.00227],[104.60259,-2.00146],[104.60906,-1.99623]],[[104.6092,-1.99604],[104.61248,-1.98959],[104.61081,-1.98769]],[[104.57844,-2.0083],[104.57879,-2.00586],[104.5728,-2.00247]],[[104.57198,-2.002],[104.57103,-2.00177]],[[104.60313,-2.01077],[104.59787,-2.00829]],[[104.58838,-2.00763],[104.58263,-2.00563],[104.58143,-2.00858]]]}},{"id":"13","type":"Feature","properties":{"year":1991,"certainty":"good"},"geometry":{"type":"MultiLineString","coordinates":[[[104.52592,-1.71012],[104.52498,-1.70798]],[[104.52272,-1.70445],[104.52269,-1.70442]],[[104.52249,-1.70418],[104.50644,-1.67988],[104.50557,-1.67929],[104.508,-1.68379],[104.50341,-1.67915],[104.50096,-1.67947]],[[104.50035,-1.67947],[104.49157,-1.65952],[104.48406,-1.64867],[104.47237,-1.62464]],[[104.47227,-1.62446],[104.47217,-1.62437]],[[104.46941,-1.61677],[104.46829,-1.61351]],[[104.4649,-1.60429],[104.46148,-1.5937]],[[104.46018,-1.58746],[104.46015,-1.58742]],[[104.46004,-1.58719],[104.45907,-1.58197]],[[104.45598,-1.5728],[104.45389,-1.56615],[104.45491,-1.56452],[104.45341,-1.56339]],[[104.45332,-1.5633],[104.45322,-1.5633]],[[104.45287,-1.56186],[104.45452,-1.56181],[104.45223,-1.54552],[104.45328,-1.54362],[104.45053,-1.54118],[104.44466,-1.52584],[104.44414,-1.51919],[104.4419,-1.51431],[104.44304,-1.51378],[104.44292,-1.51214],[104.4415,-1.51132],[104.44169,-1.50826],[104.44058,-1.50888],[104.44182,-1.50671],[104.4402,-1.49612],[104.44072,-1.48147],[104.44981,-1.44999],[104.44831,-1.4451],[104.45088,-1.44724],[104.45342,-1.43723],[104.45288,-1.428],[104.4552,-1.42637],[104.45703,-1.42746],[104.45851,-1.41579],[104.45307,-1.37264],[104.45426,-1.3702],[104.45332,-1.36699],[104.45427,-1.3664],[104.45413,-1.36813],[104.45615,-1.36585],[104.45672,-1.35669]],[[104.44196,-1.51247],[104.44205,-1.51349]],[[104.45457,-1.56262],[104.4549,-1.56237],[104.4549,-1.56198],[104.454,-1.56262],[104.45457,-1.56262]],[[104.50473,-1.80337],[104.51174,-1.807],[104.52631,-1.8002],[104.53143,-1.80044],[104.53609,-1.79632],[104.54141,-1.7882],[104.54357,-1.78013],[104.54465,-1.78105],[104.54446,-1.78058],[104.54546,-1.77997],[104.54493,-1.78058],[104.54574,-1.78167],[104.54223,-1.75579],[104.53799,-1.74598]],[[104.53553,-1.73539],[104.53318,-1.72996]],[[104.54446,-1.78194],[104.54477,-1.7814],[104.54438,-1.78119],[104.54407,-1.78167],[104.54446,-1.78194]],[[104.54285,-1.7852],[104.54337,-1.78411],[104.5433,-1.78333],[104.54237,-1.78493],[104.54285,-1.7852]],[[104.54392,-1.78547],[104.54441,-1.78466],[104.54411,-1.7837],[104.54344,-1.78493],[104.54392,-1.78547]],[[104.5442,-1.7871],[104.54438,-1.78601],[104.54384,-1.78575],[104.54342,-1.78628],[104.5442,-1.7871]],[[104.54304,-1.7871],[104.54327,-1.78683],[104.54303,-1.78634],[104.54276,-1.78729],[104.54304,-1.7871]],[[104.54234,-1.78818],[104.5426,-1.78791],[104.54249,-1.78755],[104.54222,-1.78829],[104.54234,-1.78818]],[[104.50397,-1.80904],[104.50311,-1.80455]]]}},{"id":"14","type":"Feature","properties":{"year":1992,"certainty":"good"},"geometry":{"type":"MultiLineString","coordinates":[[[104.52147,-1.7149],[104.52457,-1.71381],[104.52763,-1.71001],[104.52202,-1.70388],[104.52122,-1.6997],[104.51288,-1.6883],[104.50746,-1.68205],[104.50624,-1.68291]],[[104.50612,-1.68273],[104.50603,-1.68273]],[[104.50472,-1.68273],[104.50163,-1.68002]],[[104.50193,-1.67983],[104.50247,-1.67975]],[[104.50274,-1.67967],[104.50285,-1.67947]],[[104.50058,-1.67968],[104.50028,-1.67947]],[[104.49638,-1.67025],[104.48423,-1.64717]],[[104.48414,-1.64705],[104.48408,-1.6469]],[[104.48171,-1.64249],[104.47996,-1.64137],[104.48111,-1.64107],[104.48023,-1.63915],[104.47201,-1.62459]],[[104.46723,-1.61596],[104.46675,-1.61357],[104.46814,-1.61256],[104.4651,-1.60415],[104.46298,-1.60491],[104.4619,-1.5992],[104.46049,-1.59899],[104.45913,-1.59221],[104.46165,-1.59139],[104.46195,-1.59004],[104.45974,-1.58907],[104.46055,-1.58771],[104.45832,-1.58922],[104.45895,-1.58705],[104.45782,-1.58651],[104.4592,-1.58664],[104.45982,-1.58624],[104.45947,-1.5842]],[[104.4561,-1.58089],[104.4561,-1.58078]],[[104.45617,-1.58067],[104.45673,-1.57836],[104.4541,-1.57294],[104.45518,-1.56724],[104.45442,-1.56506],[104.45269,-1.56588],[104.45153,-1.56289],[104.45247,-1.55912],[104.45382,-1.5616],[104.45554,-1.56181],[104.45396,-1.55964],[104.45494,-1.55611],[104.4522,-1.55916],[104.45109,-1.55448],[104.45358,-1.54959],[104.45134,-1.55095],[104.45085,-1.54417],[104.45328,-1.54394],[104.45436,-1.54738],[104.4542,-1.54417],[104.45113,-1.54172],[104.44579,-1.52964]],[[104.44425,-1.5237],[104.43896,-1.50874]],[[104.43887,-1.50467],[104.43836,-1.50047],[104.44008,-1.50118],[104.44131,-1.49911],[104.44104,-1.4964],[104.43846,-1.49601],[104.43824,-1.48635],[104.43927,-1.48237],[104.4417,-1.48283],[104.439,-1.48147],[104.43927,-1.4793],[104.43954,-1.47814],[104.44008,-1.4776],[104.44144,-1.48174],[104.44346,-1.47464]],[[104.4455,-1.46939],[104.44569,-1.46654],[104.4433,-1.4641],[104.44573,-1.45189],[104.44764,-1.44603],[104.4498,-1.44728],[104.45237,-1.44185],[104.45401,-1.43262],[104.4526,-1.43126],[104.45601,-1.43224],[104.45644,-1.42991],[104.45447,-1.42801],[104.45724,-1.42665],[104.45477,-1.42556],[104.45742,-1.42041],[104.45805,-1.41444],[104.45668,-1.39897],[104.45344,-1.38702],[104.45285,-1.37386]],[[104.45508,-1.36387],[104.4566,-1.35669]],[[104.45442,-1.55475],[104.45409,-1.5541],[104.45339,-1.55448],[104.45436,-1.55486],[104.45442,-1.55475]],[[104.45605,-1.57076],[104.45597,-1.57049],[104.4557,-1.57006],[104.45561,-1.57076],[104.45605,-1.57076]],[[104.50598,-1.6807],[104.50601,-1.68015],[104.50557,-1.68002],[104.50549,-1.68043],[104.50598,-1.6807]],[[104.50473,-1.80332],[104.51174,-1.80698],[104.52604,-1.80023],[104.53089,-1.80043],[104.53613,-1.79578],[104.54001,-1.78791],[104.54141,-1.78809],[104.53995,-1.7871],[104.54147,-1.78384],[104.54303,-1.78243],[104.54303,-1.7846],[104.54462,-1.78357],[104.54411,-1.78713],[104.5463,-1.78384],[104.54244,-1.75507],[104.53762,-1.74503],[104.53795,-1.74123],[104.53145,-1.72462],[104.52444,-1.71541],[104.52185,-1.71544]],[[104.50399,-1.80904],[104.50311,-1.80453]]]}},{"id":"15","type":"Feature","properties":{"year":1992,"certainty":"insufficient data"},"geometry":{"type":"MultiLineString","coordinates":[[[104.54086,-1.86676],[104.54056,-1.86811]],[[104.53856,-1.87526],[104.53332,-1.88548]],[[104.52803,-1.90014],[104.525,-1.90963]],[[104.52092,-1.9213],[104.52223,-1.92544]],[[104.46461,-1.92604],[104.46464,-1.92419]],[[104.46464,-1.9241],[104.46465,-1.924]],[[104.46866,-1.924],[104.46834,-1.92631]],[[104.52169,-1.92648],[104.52101,-1.92622]],[[104.51119,-1.92754],[104.50645,-1.92964]],[[104.5063,-1.92998],[104.50618,-1.93082]],[[104.65081,-1.9653],[104.63861,-1.97152]],[[104.63733,-1.97263],[104.62994,-1.97928],[104.63119,-1.98325]],[[104.61177,-1.98617],[104.61501,-1.98674],[104.61714,-1.98239]],[[104.61721,-1.98131],[104.61697,-1.97357],[104.61083,-1.96543]],[[104.63065,-1.98416],[104.6281,-1.98335],[104.62256,-1.99434]],[[104.62242,-1.99449],[104.62228,-1.99461]],[[104.62109,-1.99569],[104.61257,-2.00479],[104.60434,-2.008]],[[104.60219,-2.00922],[104.59787,-2.00822]],[[104.5949,-2.00839],[104.58317,-2.00556],[104.58138,-2.00858]],[[104.57184,-1.99853],[104.58964,-2.00264],[104.60178,-2.00173],[104.60704,-1.99874]],[[104.60927,-1.99596],[104.6128,-1.98959],[104.61094,-1.98769]],[[104.57863,-2.00831],[104.57885,-2.00594],[104.57727,-2.00518]],[[104.57575,-2.00456],[104.57103,-2.00165]]]}},{"id":"16","type":"Feature","properties":{"year":1992,"certainty":"unstable data"},"geometry":{"type":"LineString","coordinates":[[104.64364,-1.92839],[104.64447,-1.92215]]}},{"id":"17","type":"Feature","properties":{"year":1992,"certainty":"good"},"geometry":{"type":"MultiLineString","coordinates":[[[104.48353,-1.83214],[104.48557,-1.83325],[104.48868,-1.83078],[104.49204,-1.82424],[104.5023,-1.81318],[104.50407,-1.80907]],[[104.47262,-1.85039],[104.47774,-1.85192],[104.48119,-1.85005],[104.48471,-1.83431],[104.48303,-1.83268]],[[104.46704,-1.86334],[104.47214,-1.85873],[104.47275,-1.85602],[104.47072,-1.85574],[104.47306,-1.85493],[104.47331,-1.85276],[104.47181,-1.85141]],[[104.60638,-1.96325],[104.61258,-1.95682],[104.6203,-1.9524],[104.62662,-1.93905],[104.63525,-1.93503],[104.63983,-1.93644],[104.64177,-1.93558],[104.64271,-1.93423],[104.64335,-1.93097],[104.64334,-1.93061],[104.643,-1.92988],[104.64364,-1.92839]],[[104.64447,-1.92215],[104.64213,-1.91767],[104.61287,-1.88801],[104.5921,-1.87088],[104.58212,-1.86487],[104.56405,-1.85898],[104.55327,-1.85345],[104.5449,-1.8559],[104.54084,-1.85929],[104.5398,-1.86255],[104.54086,-1.86676]],[[104.54056,-1.86811],[104.53856,-1.87526]],[[104.53332,-1.88548],[104.52803,-1.90014]],[[104.525,-1.90963],[104.52292,-1.91438],[104.5257,-1.9133],[104.52092,-1.9213]],[[104.47251,-1.8704],[104.47396,-1.86766],[104.47249,-1.86796],[104.47113,-1.86497],[104.46803,-1.86539]],[[104.47422,-1.88749],[104.47718,-1.88587],[104.47881,-1.87963],[104.47741,-1.87176],[104.47558,-1.87021],[104.47341,-1.87094]],[[104.46262,-1.90746],[104.47044,-1.90535],[104.47661,-1.90026],[104.47871,-1.89157],[104.47449,-1.8881]],[[104.46464,-1.92419],[104.46464,-1.9241]],[[104.46465,-1.924],[104.46362,-1.91735],[104.46519,-1.90948],[104.46289,-1.90979]],[[104.49699,-1.94803],[104.49633,-1.93042],[104.49186,-1.92034],[104.48743,-1.91454],[104.48285,-1.91216],[104.47583,-1.91341],[104.4726,-1.91226],[104.46866,-1.924]],[[104.52101,-1.92622],[104.51386,-1.92491],[104.51119,-1.92754]],[[104.50645,-1.92964],[104.5063,-1.92998]],[[104.50618,-1.93082],[104.50496,-1.93473],[104.5014,-1.93853],[104.50085,-1.94722]],[[104.64276,-1.9307],[104.64249,-1.9326]],[[104.65373,-1.96384],[104.65081,-1.9653]],[[104.63861,-1.97152],[104.63733,-1.97263]],[[104.61714,-1.98239],[104.61721,-1.98131]],[[104.61083,-1.96543],[104.60935,-1.96392],[104.60719,-1.96498]],[[104.62256,-1.99434],[104.62242,-1.99449]],[[104.62228,-1.99461],[104.62109,-1.99569]],[[104.60434,-2.008],[104.60219,-2.00922]],[[104.59787,-2.00822],[104.5949,-2.00839]],[[104.60704,-1.99874],[104.60927,-1.99596]],[[104.57727,-2.00518],[104.57575,-2.00456]]]}},{"id":"18","type":"Feature","properties":{"year":1993,"certainty":"unstable data"},"geometry":{"type":"MultiLineString","coordinates":[[[104.59355,-2.00814],[104.59301,-2.00815]],[[104.59275,-2.00815],[104.59167,-2.0081]]]}},{"id":"19","type":"Feature","properties":{"year":1993,"certainty":"insufficient data"},"geometry":{"type":"MultiLineString","coordinates":[[[104.53559,-1.8812],[104.53411,-1.88466],[104.53271,-1.88467]],[[104.53286,-1.88494],[104.53335,-1.88711]]]}},{"id":"20","type":"Feature","properties":{"year":1993,"certainty":"good"},"geometry":{"type":"MultiLineString","coordinates":[[[104.48354,-1.83214],[104.48557,-1.83324],[104.4886,-1.83078],[104.50402,-1.80907]],[[104.47262,-1.85038],[104.47774,-1.8519],[104.48124,-1.84978],[104.48473,-1.83431],[104.48305,-1.83268]],[[104.46697,-1.86334],[104.47225,-1.85846],[104.47334,-1.85276],[104.47181,-1.85141]],[[104.60638,-1.96324],[104.61258,-1.95657],[104.61366,-1.95713],[104.6202,-1.9524],[104.62662,-1.93935],[104.63525,-1.93503],[104.63983,-1.93642],[104.64253,-1.93463],[104.64474,-1.925],[104.64404,-1.92093],[104.64038,-1.91561],[104.6106,-1.88618],[104.59372,-1.87204],[104.5759,-1.8612],[104.56351,-1.85851],[104.56351,-1.85705],[104.56055,-1.85559],[104.55839,-1.85633],[104.55219,-1.85325],[104.54172,-1.85848],[104.53986,-1.86173],[104.54121,-1.86635],[104.53977,-1.87193],[104.53559,-1.8812]],[[104.53271,-1.88467],[104.53286,-1.88494]],[[104.53335,-1.88711],[104.52601,-1.9078],[104.52263,-1.9133],[104.52304,-1.91451],[104.52566,-1.9133],[104.52091,-1.92117],[104.52223,-1.92545]],[[104.47243,-1.8704],[104.47396,-1.86766],[104.47128,-1.86497],[104.46803,-1.86536]],[[104.47422,-1.88735],[104.47727,-1.8856],[104.47876,-1.87936],[104.47723,-1.87149],[104.47558,-1.8702],[104.4734,-1.87094]],[[104.46262,-1.90746],[104.47017,-1.90546],[104.47638,-1.90068],[104.47874,-1.89157],[104.47449,-1.88811]],[[104.46464,-1.92604],[104.4636,-1.91681],[104.46518,-1.90948],[104.46289,-1.90979]],[[104.49695,-1.94803],[104.49629,-1.93039],[104.49205,-1.92062],[104.48689,-1.91406],[104.48285,-1.91214],[104.47583,-1.9134],[104.47233,-1.91236],[104.46832,-1.92631]],[[104.52169,-1.92642],[104.51386,-1.92484],[104.50646,-1.92958],[104.50522,-1.93419],[104.50134,-1.93853],[104.50085,-1.94722]],[[104.61177,-1.98608],[104.6142,-1.98706],[104.6165,-1.9847],[104.61691,-1.97357],[104.60994,-1.96434],[104.60719,-1.96501]],[[104.65373,-1.96399],[104.63524,-1.97384],[104.62984,-1.97954],[104.63134,-1.98308]],[[104.63065,-1.9842],[104.62849,-1.98304],[104.62472,-1.9915],[104.61797,-1.99976],[104.61122,-2.00563],[104.60285,-2.00804],[104.60363,-2.01048]],[[104.57184,-1.99849],[104.58857,-2.00221],[104.60259,-2.00144],[104.60973,-1.99529],[104.61279,-1.98959],[104.61096,-1.98769]],[[104.57853,-2.00831],[104.57879,-2.00586],[104.57103,-2.00164]],[[104.60331,-2.01075],[104.59908,-2.00824],[104.59355,-2.00814]],[[104.59301,-2.00815],[104.59275,-2.00815]],[[104.59167,-2.0081],[104.5829,-2.00546],[104.58142,-2.00858]]]}},{"id":"21","type":"Feature","properties":{"year":1993,"certainty":"good"},"geometry":{"type":"MultiLineString","coordinates":[[[104.52147,-1.71485],[104.52417,-1.71408],[104.52778,-1.71001],[104.52454,-1.70893],[104.51974,-1.69861],[104.51096,-1.68652],[104.5055,-1.68151],[104.50017,-1.67979],[104.48697,-1.65308],[104.48082,-1.64188],[104.47888,-1.64086],[104.48013,-1.64079],[104.47322,-1.62579],[104.46994,-1.62234],[104.4711,-1.62125],[104.4675,-1.61691],[104.46816,-1.61392],[104.46441,-1.60252],[104.46082,-1.59815],[104.463,-1.59764],[104.46023,-1.59438],[104.46107,-1.59058],[104.46028,-1.58723],[104.45891,-1.58786],[104.46003,-1.58596],[104.4584,-1.57976],[104.45705,-1.57904],[104.45705,-1.58083],[104.45624,-1.57969],[104.45753,-1.57674],[104.45651,-1.57701],[104.45502,-1.57131],[104.45576,-1.56805],[104.45324,-1.56479],[104.45451,-1.56452],[104.45274,-1.56208],[104.45478,-1.56127],[104.45323,-1.56072],[104.45437,-1.55882],[104.45306,-1.55774],[104.45436,-1.55624],[104.45529,-1.55774],[104.45532,-1.55557],[104.45299,-1.55312],[104.45367,-1.55095],[104.45122,-1.55095],[104.45084,-1.54661],[104.4531,-1.54444],[104.45309,-1.54227],[104.44789,-1.53504],[104.44208,-1.51702],[104.44053,-1.50807],[104.44175,-1.50834],[104.44143,-1.50372],[104.44007,-1.50399],[104.44091,-1.4964],[104.43845,-1.4926],[104.43884,-1.4888],[104.44092,-1.48771],[104.44158,-1.48473],[104.43897,-1.4831],[104.44148,-1.48391],[104.44576,-1.46681],[104.4442,-1.46356],[104.44685,-1.46057],[104.44656,-1.45937],[104.44413,-1.46141],[104.44494,-1.45557],[104.44548,-1.45353],[104.44808,-1.45324],[104.45053,-1.4432],[104.45256,-1.44157],[104.4518,-1.43859],[104.45419,-1.43343],[104.45282,-1.4318],[104.45537,-1.43099],[104.45471,-1.42855],[104.45682,-1.42782],[104.45824,-1.41688],[104.45681,-1.39897],[104.45344,-1.38702],[104.45425,-1.37861],[104.45285,-1.37182],[104.45386,-1.36877],[104.45524,-1.3721],[104.45686,-1.35669]],[[104.45682,-1.42314],[104.45655,-1.42457]],[[104.4527,-1.55068],[104.45309,-1.55041],[104.45301,-1.54977],[104.45217,-1.55014],[104.4527,-1.55068]],[[104.46255,-1.59899],[104.46302,-1.59872],[104.46298,-1.59857],[104.46229,-1.59899],[104.46255,-1.59899]],[[104.50473,-1.80329],[104.51174,-1.80695],[104.52604,-1.80019],[104.53062,-1.80036],[104.53684,-1.79442],[104.54249,-1.78424],[104.54463,-1.7833],[104.54249,-1.78681],[104.54301,-1.7871],[104.54578,-1.78547],[104.54225,-1.75507],[104.5384,-1.74829],[104.53792,-1.74211],[104.53145,-1.72462],[104.52444,-1.71542],[104.52192,-1.71544]],[[104.50395,-1.80904],[104.50311,-1.80453]]]}},{"id":"22","type":"Feature","properties":{"year":1994,"certainty":"good"},"geometry":{"type":"MultiLineString","coordinates":[[[104.5212,-1.71461],[104.52394,-1.71381],[104.52471,-1.71024],[104.5273,-1.7092],[104.52386,-1.70811],[104.51996,-1.69943],[104.51096,-1.68668],[104.50737,-1.6845],[104.50451,-1.68015],[104.50017,-1.67987],[104.49883,-1.67841],[104.49277,-1.66617]],[[104.49202,-1.664],[104.48184,-1.64622],[104.48081,-1.64188],[104.47915,-1.64167],[104.47564,-1.63496],[104.47655,-1.63374],[104.47141,-1.62261],[104.46971,-1.62239],[104.47053,-1.62125],[104.46765,-1.61609],[104.46765,-1.61121],[104.46184,-1.59818],[104.46274,-1.59709],[104.46021,-1.58814],[104.45893,-1.58767],[104.45987,-1.58624],[104.45836,-1.58434],[104.45832,-1.57972],[104.45611,-1.57972],[104.45741,-1.57674],[104.45627,-1.57158],[104.45502,-1.57131],[104.45643,-1.57104],[104.45597,-1.56805],[104.45324,-1.56479],[104.45394,-1.56181],[104.45557,-1.56127],[104.45323,-1.55936],[104.45434,-1.55937],[104.45409,-1.55697],[104.45571,-1.55732],[104.45382,-1.54997],[104.45229,-1.54905],[104.45349,-1.54878],[104.4512,-1.54824],[104.45328,-1.54789],[104.45303,-1.54227],[104.44789,-1.53507],[104.44306,-1.51729],[104.44108,-1.51567],[104.44238,-1.51377],[104.43881,-1.4888],[104.439,-1.48732],[104.44095,-1.48744],[104.44158,-1.48473],[104.439,-1.4832],[104.44171,-1.48364],[104.44557,-1.46464],[104.44418,-1.46356],[104.44657,-1.46111],[104.44629,-1.4598],[104.44494,-1.46184],[104.44423,-1.46003],[104.44494,-1.45812],[104.44741,-1.45786],[104.45075,-1.4432],[104.45258,-1.44157],[104.4536,-1.43153],[104.45574,-1.43147],[104.45601,-1.42867],[104.45742,-1.42909],[104.45645,-1.42638],[104.45819,-1.41362],[104.45688,-1.40032],[104.45305,-1.38603],[104.45402,-1.37861],[104.45268,-1.37128],[104.45313,-1.36911],[104.455,-1.36911],[104.45658,-1.35669]],[[104.45536,-1.3721],[104.45557,-1.37182],[104.45548,-1.37148],[104.45514,-1.37182],[104.45536,-1.3721]],[[104.45653,-1.56018],[104.45612,-1.55991],[104.45571,-1.5587],[104.45597,-1.56019],[104.45653,-1.56018]],[[104.50473,-1.80327],[104.51174,-1.80696],[104.52604,-1.80009],[104.53062,-1.80027],[104.53533,-1.79632],[104.5398,-1.78625],[104.54384,-1.78301],[104.54487,-1.7833],[104.54252,-1.78656],[104.54546,-1.78545],[104.54627,-1.7817],[104.54257,-1.7643],[104.54225,-1.75507],[104.53792,-1.74779],[104.53792,-1.74215],[104.53199,-1.72714],[104.53279,-1.72576],[104.53064,-1.72523],[104.52414,-1.71544],[104.52196,-1.71544]],[[104.50395,-1.80904],[104.50311,-1.80456]]]}},{"id":"23","type":"Feature","properties":{"year":1994,"certainty":"good"},"geometry":{"type":"MultiLineString","coordinates":[[[104.48351,-1.83214],[104.48557,-1.83326],[104.4887,-1.83078],[104.49204,-1.82427],[104.50183,-1.81369],[104.50402,-1.80907]],[[104.47262,-1.85042],[104.47774,-1.85194],[104.4811,-1.85005],[104.48472,-1.83431],[104.48305,-1.83268]],[[104.46708,-1.86334],[104.47232,-1.85846],[104.47335,-1.85276],[104.47186,-1.8514]],[[104.60638,-1.96323],[104.61258,-1.9566],[104.61366,-1.95717],[104.62019,-1.9524],[104.62662,-1.93971],[104.62877,-1.93994],[104.62985,-1.93766],[104.63579,-1.93543],[104.63983,-1.93643],[104.64241,-1.93504],[104.6438,-1.92988],[104.64535,-1.92934],[104.64445,-1.92201],[104.64018,-1.91523],[104.6106,-1.88618],[104.59372,-1.87204],[104.57673,-1.86258],[104.57592,-1.86089],[104.56594,-1.85931],[104.5592,-1.85522],[104.55812,-1.85612],[104.55219,-1.85323],[104.54544,-1.85556],[104.54113,-1.85897],[104.53967,-1.86255],[104.54091,-1.86662],[104.53977,-1.87205],[104.53415,-1.88453],[104.53264,-1.88453],[104.53307,-1.8886],[104.52254,-1.91357],[104.52331,-1.91452],[104.52569,-1.9133],[104.521,-1.9209],[104.52076,-1.92388],[104.52223,-1.92543]],[[104.47252,-1.8704],[104.47399,-1.86742],[104.47153,-1.86497],[104.46803,-1.86536]],[[104.47422,-1.88737],[104.47745,-1.88533],[104.47884,-1.87827],[104.47747,-1.87157],[104.47531,-1.87021],[104.47341,-1.87094]],[[104.46262,-1.90747],[104.47233,-1.90442],[104.47616,-1.90107],[104.47874,-1.89157],[104.47449,-1.88812]],[[104.46469,-1.92373],[104.46361,-1.91654],[104.46517,-1.90948],[104.46289,-1.90982]],[[104.497,-1.94803],[104.49696,-1.9331],[104.4939,-1.924],[104.48689,-1.91404],[104.48285,-1.91214],[104.47816,-1.91233]],[[104.47759,-1.91252],[104.47737,-1.91261]],[[104.47543,-1.91331],[104.47225,-1.91247],[104.46865,-1.924]],[[104.52169,-1.92644],[104.51508,-1.92525]],[[104.50806,-1.9287],[104.50131,-1.93853],[104.5008,-1.94722]],[[104.65373,-1.9627],[104.6343,-1.97489]],[[104.63102,-1.97806],[104.62956,-1.98036],[104.6313,-1.98308]],[[104.61177,-1.9861],[104.61447,-1.98701],[104.6165,-1.98497],[104.61687,-1.97357],[104.60996,-1.96434],[104.60719,-1.96504]],[[104.63065,-1.98425],[104.62971,-1.9836]],[[104.62767,-1.98484],[104.62111,-1.99569]],[[104.61885,-1.99787],[104.6123,-2.00497],[104.60282,-2.00804],[104.60358,-2.01048]],[[104.57184,-1.99847],[104.58219,-2.00084]],[[104.59113,-2.00217],[104.6007,-2.0018],[104.6058,-1.9999],[104.61295,-1.98959],[104.61093,-1.98769]],[[104.57848,-2.0083],[104.57876,-2.00586],[104.57103,-2.00164]],[[104.60329,-2.01075],[104.59935,-2.00832],[104.59517,-2.00851]],[[104.59059,-2.00802],[104.58627,-2.0067]],[[104.58159,-2.00763],[104.58152,-2.00817]]]}},{"id":"24","type":"Feature","properties":{"year":1994,"certainty":"insufficient data"},"geometry":{"type":"MultiLineString","coordinates":[[[104.46465,-1.92604],[104.46469,-1.92373]],[[104.47816,-1.91233],[104.47759,-1.91252]],[[104.47737,-1.91261],[104.47543,-1.91331]],[[104.46865,-1.924],[104.46834,-1.92631]],[[104.51508,-1.92525],[104.50806,-1.9287]],[[104.6343,-1.97489],[104.63102,-1.97806]],[[104.62971,-1.9836],[104.62849,-1.98305],[104.62767,-1.98484]],[[104.62111,-1.99569],[104.61885,-1.99787]],[[104.58219,-2.00084],[104.59113,-2.00217]],[[104.59517,-2.00851],[104.59059,-2.00802]],[[104.58627,-2.0067],[104.58236,-2.00561],[104.58159,-2.00763]],[[104.58152,-2.00817],[104.58142,-2.00858]]]}},{"id":"25","type":"Feature","properties":{"year":1995,"certainty":"good"},"geometry":{"type":"MultiLineString","coordinates":[[[104.48348,-1.83214],[104.4853,-1.83329],[104.48827,-1.83099],[104.50389,-1.80907]],[[104.47262,-1.85053],[104.47774,-1.85195],[104.48067,-1.85032],[104.48463,-1.83458],[104.48304,-1.83268]],[[104.46722,-1.8634],[104.47226,-1.85846],[104.47333,-1.85276],[104.4719,-1.8514]],[[104.60638,-1.96321],[104.61258,-1.95659],[104.61892,-1.95346]],[[104.62023,-1.95227],[104.62027,-1.95221]],[[104.62043,-1.952],[104.62662,-1.93935],[104.63405,-1.93531],[104.6401,-1.93641],[104.64294,-1.93423],[104.64449,-1.92391],[104.64235,-1.91821],[104.61961,-1.89486],[104.60006,-1.87749],[104.57813,-1.8631],[104.55709,-1.85536]],[[104.55475,-1.85415],[104.55057,-1.85324],[104.5449,-1.85573],[104.54047,-1.85983],[104.53973,-1.86296]],[[104.53883,-1.87442],[104.53399,-1.88426],[104.53264,-1.88453],[104.53266,-1.88955]],[[104.53111,-1.89308],[104.531,-1.89319]],[[104.53089,-1.89335],[104.53073,-1.8936]],[[104.53057,-1.89389],[104.53046,-1.89405]],[[104.5304,-1.89417],[104.53019,-1.8944]],[[104.52942,-1.89634],[104.52938,-1.89652]],[[104.52934,-1.89661],[104.52911,-1.89721]],[[104.52809,-1.89986],[104.52644,-1.90475]],[[104.52623,-1.90556],[104.52344,-1.91261]],[[104.52452,-1.91397],[104.52566,-1.9133],[104.52115,-1.92076]],[[104.47252,-1.8704],[104.47411,-1.86769],[104.47099,-1.86483],[104.46803,-1.86524]],[[104.47422,-1.88735],[104.4749,-1.88714]],[[104.475,-1.88709],[104.47517,-1.88704]],[[104.47625,-1.88651],[104.47874,-1.88044],[104.4783,-1.8742],[104.47639,-1.87077],[104.47333,-1.87094]],[[104.46815,-1.90607],[104.47085,-1.90509]],[[104.47624,-1.90094],[104.47624,-1.90093]],[[104.47651,-1.90045],[104.47669,-1.90012]],[[104.47678,-1.89996],[104.47879,-1.89306]],[[104.47463,-1.88808],[104.47449,-1.88811]],[[104.4639,-1.9202],[104.46381,-1.91966]],[[104.46372,-1.91884],[104.46356,-1.91824]],[[104.46356,-1.91802],[104.46358,-1.91749]],[[104.46362,-1.9164],[104.46439,-1.91369]],[[104.497,-1.94803],[104.49683,-1.93297]],[[104.49282,-1.92238],[104.49247,-1.92157]],[[104.48541,-1.91315],[104.4846,-1.91281]],[[104.47337,-1.9126],[104.47368,-1.91135],[104.47078,-1.91505]],[[104.46924,-1.92047],[104.4689,-1.92237]],[[104.51859,-1.9258],[104.51589,-1.92527]],[[104.50806,-1.9287],[104.50131,-1.93826],[104.50076,-1.94722]],[[104.65373,-1.96299],[104.6343,-1.97486]],[[104.63107,-1.97806],[104.62952,-1.98036],[104.63119,-1.98309]],[[104.61177,-1.98608],[104.61447,-1.987],[104.61647,-1.9847],[104.61677,-1.97357],[104.60955,-1.96407],[104.60719,-1.96498]],[[104.63065,-1.98414],[104.62849,-1.98305],[104.62269,-1.99415]],[[104.61881,-1.99787],[104.61211,-2.00506],[104.60259,-2.00823],[104.60351,-2.01048]],[[104.57157,-1.99925],[104.5825,-2.00092]],[[104.59113,-2.00219],[104.6007,-2.00182],[104.60556,-2.00008],[104.61267,-1.99013],[104.61096,-1.98768]],[[104.58215,-2.00206],[104.58223,-2.00202]],[[104.58223,-2.00187],[104.58215,-2.00206]],[[104.57853,-2.00831],[104.57881,-2.00586],[104.57103,-2.00158]],[[104.60331,-2.01075],[104.59908,-2.00822],[104.58937,-2.00797],[104.58357,-2.00559]],[[104.5833,-2.00551],[104.58319,-2.00546]],[[104.58284,-2.00546],[104.58141,-2.00858]]]}},{"id":"26","type":"Feature","properties":{"year":1995,"certainty":"insufficient data"},"geometry":{"type":"MultiLineString","coordinates":[[[104.61892,-1.95346],[104.62023,-1.95227]],[[104.62027,-1.95221],[104.62043,-1.952]],[[104.55709,-1.85536],[104.55778,-1.85441],[104.55475,-1.85415]],[[104.53973,-1.86296],[104.54088,-1.86662],[104.53883,-1.87442]],[[104.53266,-1.88955],[104.53111,-1.89308]],[[104.531,-1.89319],[104.53089,-1.89335]],[[104.53073,-1.8936],[104.53057,-1.89389]],[[104.53046,-1.89405],[104.5304,-1.89417]],[[104.53019,-1.8944],[104.52942,-1.89634]],[[104.52938,-1.89652],[104.52934,-1.89661]],[[104.52911,-1.89721],[104.52809,-1.89986]],[[104.52644,-1.90475],[104.52623,-1.90556]],[[104.52344,-1.91261],[104.52276,-1.91438],[104.52452,-1.91397]],[[104.52115,-1.92076],[104.52072,-1.92388],[104.52223,-1.92541]],[[104.4749,-1.88714],[104.475,-1.88709]],[[104.47517,-1.88704],[104.47625,-1.88651]],[[104.46262,-1.90747],[104.46815,-1.90607]],[[104.47085,-1.90509],[104.47624,-1.90094]],[[104.47624,-1.90093],[104.47651,-1.90045]],[[104.47669,-1.90012],[104.47678,-1.89996]],[[104.47879,-1.89306],[104.47773,-1.88967],[104.47463,-1.88808]],[[104.46464,-1.92604],[104.4639,-1.9202]],[[104.46381,-1.91966],[104.46372,-1.91884]],[[104.46356,-1.91824],[104.46356,-1.91802]],[[104.46358,-1.91749],[104.46362,-1.9164]],[[104.46439,-1.91369],[104.46518,-1.90948],[104.46289,-1.9098]],[[104.49683,-1.93297],[104.49282,-1.92238]],[[104.49247,-1.92157],[104.48541,-1.91315]],[[104.4846,-1.91281],[104.47337,-1.9126]],[[104.47078,-1.91505],[104.46924,-1.92047]],[[104.4689,-1.92237],[104.46839,-1.92631]],[[104.52169,-1.92643],[104.51859,-1.9258]],[[104.51589,-1.92527],[104.51306,-1.92517],[104.50806,-1.9287]],[[104.6343,-1.97486],[104.63107,-1.97806]],[[104.62269,-1.99415],[104.61881,-1.99787]],[[104.5825,-2.00092],[104.58479,-2.00266],[104.59113,-2.00219]],[[104.58223,-2.00202],[104.58223,-2.00187]],[[104.58357,-2.00559],[104.5833,-2.00551]],[[104.58319,-2.00546],[104.58284,-2.00546]]]}},{"id":"27","type":"Feature","properties":{"year":1995,"certainty":"good"},"geometry":{"type":"MultiLineString","coordinates":[[[104.52147,-1.71486],[104.52471,-1.71355],[104.52789,-1.7092],[104.52454,-1.70893],[104.51983,-1.69943],[104.50855,-1.6845],[104.50325,-1.68015],[104.50012,-1.67988],[104.4703,-1.62206],[104.45347,-1.56316],[104.45553,-1.56127],[104.45478,-1.55991],[104.45324,-1.56045],[104.45436,-1.55613],[104.45457,-1.55692],[104.45545,-1.55801],[104.45271,-1.54932],[104.45311,-1.54308],[104.44762,-1.53483],[104.44148,-1.51567],[104.44089,-1.50067],[104.43919,-1.49477],[104.44026,-1.48418],[104.44116,-1.48349],[104.44226,-1.47875],[104.44499,-1.46274],[104.45394,-1.43425],[104.45257,-1.43235],[104.45585,-1.43126],[104.4554,-1.42936],[104.45754,-1.42855],[104.45701,-1.40168],[104.45277,-1.38567],[104.45302,-1.36965],[104.4544,-1.37149],[104.45655,-1.35669]],[[104.44035,-1.48307],[104.44033,-1.4831]],[[104.4548,-1.56316],[104.45473,-1.56262],[104.45463,-1.56234],[104.45452,-1.56289],[104.4548,-1.56316]],[[104.50473,-1.80328],[104.51147,-1.80692],[104.51713,-1.80383],[104.52005,-1.80392],[104.52577,-1.80005],[104.53005,-1.80039],[104.53473,-1.7966],[104.54371,-1.78357],[104.54281,-1.78683],[104.54573,-1.78551],[104.54172,-1.75426],[104.5388,-1.74937],[104.53635,-1.73797],[104.5318,-1.72576],[104.52417,-1.7153],[104.52194,-1.71544]],[[104.50383,-1.80904],[104.50311,-1.80453]]]}},{"id":"28","type":"Feature","properties":{"year":1996,"certainty":"good"},"geometry":{"type":"MultiLineString","coordinates":[[[104.52147,-1.71487],[104.52444,-1.71386],[104.52727,-1.70974],[104.52405,-1.70811],[104.51017,-1.68694],[104.49826,-1.67771],[104.49403,-1.66685],[104.46968,-1.62288],[104.45458,-1.57104],[104.45515,-1.56832],[104.45434,-1.56588],[104.45492,-1.56561],[104.45317,-1.56316],[104.45409,-1.56164],[104.45551,-1.56262],[104.45279,-1.54498],[104.44663,-1.53304],[104.43977,-1.51295],[104.43986,-1.48744],[104.44247,-1.47061],[104.45142,-1.44185],[104.45307,-1.43425],[104.45142,-1.4336],[104.45331,-1.43351],[104.45304,-1.43121],[104.45767,-1.42828],[104.45693,-1.40168],[104.45275,-1.38784],[104.45285,-1.38282]],[[104.45275,-1.38064],[104.45287,-1.37902]],[[104.45296,-1.37576],[104.45454,-1.36952]],[[104.45452,-1.36843],[104.45454,-1.3684]],[[104.45454,-1.36823],[104.45508,-1.36548]],[[104.45409,-1.5672],[104.45435,-1.56847]],[[104.50473,-1.80333],[104.51147,-1.80695],[104.51713,-1.80382],[104.52002,-1.80392],[104.52577,-1.79998],[104.53008,-1.80032],[104.53469,-1.7966],[104.5417,-1.78547],[104.54492,-1.78315],[104.54333,-1.78601],[104.54535,-1.78574],[104.54156,-1.75904]],[[104.54149,-1.75819],[104.54147,-1.75792]],[[104.54143,-1.75765],[104.53246,-1.72711],[104.52423,-1.71544],[104.52201,-1.71546]],[[104.50386,-1.80904],[104.50311,-1.80448]]]}},{"id":"29","type":"Feature","properties":{"year":1996,"certainty":"insufficient data"},"geometry":{"type":"MultiLineString","coordinates":[[[104.50297,-1.81182],[104.50388,-1.80907]],[[104.61731,-1.95445],[104.61732,-1.95444]],[[104.61812,-1.95398],[104.62047,-1.952]],[[104.62054,-1.95189],[104.62065,-1.95173]],[[104.62108,-1.95096],[104.62111,-1.95091]],[[104.55721,-1.85509],[104.553,-1.85255],[104.54558,-1.85553]],[[104.54015,-1.86051],[104.54071,-1.86866]],[[104.54015,-1.87083],[104.54018,-1.87096]],[[104.54018,-1.87096],[104.53775,-1.87728]],[[104.53667,-1.87852],[104.53665,-1.8787]],[[104.53316,-1.88843],[104.53057,-1.89389]],[[104.53046,-1.89405],[104.5304,-1.89417]],[[104.53019,-1.89442],[104.52489,-1.90991]],[[104.52394,-1.91208],[104.52278,-1.91438],[104.52695,-1.91155]],[[104.47865,-1.87732],[104.47748,-1.87271]],[[104.47706,-1.87191],[104.47531,-1.87029],[104.47342,-1.87095]],[[104.46369,-1.92923],[104.46215,-1.92956],[104.4633,-1.92576],[104.46055,-1.92169],[104.464,-1.92169],[104.46447,-1.91233]],[[104.46436,-1.91179],[104.46491,-1.90998]],[[104.46437,-1.90924],[104.46289,-1.91007]],[[104.52721,-1.91181],[104.52221,-1.91791],[104.52084,-1.92361],[104.52229,-1.92524]],[[104.4977,-1.94776],[104.49604,-1.94097],[104.49699,-1.9331],[104.49445,-1.92591]],[[104.49225,-1.92184],[104.48698,-1.91437],[104.48298,-1.91236]],[[104.47867,-1.91243],[104.47543,-1.91365]],[[104.46901,-1.92264],[104.4707,-1.93298],[104.46909,-1.93022]],[[104.5215,-1.9266],[104.51386,-1.92499],[104.51225,-1.92741],[104.50632,-1.92958],[104.50472,-1.93473],[104.50055,-1.93826],[104.50071,-1.94722]],[[104.50205,-1.92958],[104.50173,-1.92913],[104.5008,-1.9293],[104.50092,-1.92957],[104.50205,-1.92958]],[[104.50129,-1.935],[104.50242,-1.93256],[104.50065,-1.93114],[104.50003,-1.93419],[104.50129,-1.935]],[[104.63672,-1.97303],[104.63433,-1.97222],[104.63594,-1.97304],[104.62971,-1.97955],[104.62974,-1.98131]],[[104.61177,-1.98613],[104.6142,-1.9871],[104.61587,-1.98606],[104.61693,-1.98049]],[[104.61694,-1.97941],[104.61688,-1.97357],[104.60973,-1.96448]],[[104.60948,-1.96401],[104.6094,-1.96394]],[[104.60903,-1.96394],[104.60719,-1.96502]],[[104.62944,-1.98343],[104.62908,-1.98321]],[[104.6289,-1.98311],[104.62445,-1.99203],[104.62256,-1.99426],[104.62256,-1.992],[104.62104,-1.99203],[104.6219,-1.99475],[104.62067,-1.99421],[104.61959,-1.99498],[104.62104,-1.99583],[104.61676,-2.00062]],[[104.61499,-2.00221],[104.60829,-2.00709]],[[104.60273,-2.00815],[104.6027,-2.00818]],[[104.60163,-2.00926],[104.58937,-2.00783],[104.58829,-2.00661],[104.58344,-2.00536],[104.58088,-2.00667]],[[104.58115,-2.007],[104.58132,-2.00736]],[[104.58034,-2.00043],[104.58302,-2.00098],[104.58128,-2.00389],[104.58371,-2.0012],[104.58587,-2.00316],[104.58614,-2.00174],[104.59639,-2.00241],[104.60483,-2.00058]],[[104.60872,-1.99678],[104.6134,-1.99013],[104.61096,-1.98768]],[[104.58323,-2.00505],[104.58399,-2.00451],[104.58268,-2.00451],[104.5829,-2.00297],[104.5817,-2.00451],[104.58323,-2.00505]],[[104.58845,-2.00749],[104.58856,-2.00752]]]}},{"id":"30","type":"Feature","properties":{"year":1996,"certainty":"unstable data"},"geometry":{"type":"MultiLineString","coordinates":[[[104.48283,-1.83933],[104.483,-1.8388]],[[104.48409,-1.83553],[104.48435,-1.83505]],[[104.48442,-1.83499],[104.48459,-1.83471]],[[104.48435,-1.83388],[104.48307,-1.83268]],[[104.54071,-1.86866],[104.54015,-1.87083]],[[104.54018,-1.87096],[104.54018,-1.87096]],[[104.53775,-1.87728],[104.53694,-1.87833]],[[104.53665,-1.8787],[104.5364,-1.87923]],[[104.53638,-1.87924],[104.53604,-1.88005]],[[104.47835,-1.88112],[104.47841,-1.88101]],[[104.47849,-1.88085],[104.47864,-1.87895]],[[104.46262,-1.90754],[104.47341,-1.90368],[104.47636,-1.9008],[104.47786,-1.89582]],[[104.47803,-1.89524],[104.4788,-1.89279]],[[104.47876,-1.89252],[104.4787,-1.89225]],[[104.47867,-1.89185],[104.47866,-1.89171]],[[104.46447,-1.91233],[104.46436,-1.91179]],[[104.49269,-1.9225],[104.49225,-1.92184]],[[104.47543,-1.91365],[104.47316,-1.91233]],[[104.47231,-1.9126],[104.46901,-1.92264]]]}},{"id":"31","type":"Feature","properties":{"year":1996,"certainty":"good"},"geometry":{"type":"MultiLineString","coordinates":[[[104.48348,-1.83214],[104.4853,-1.83328],[104.48837,-1.83078],[104.49659,-1.81775],[104.50297,-1.81182]],[[104.47262,-1.85057],[104.47774,-1.85195],[104.48058,-1.85032],[104.48283,-1.83933]],[[104.483,-1.8388],[104.48409,-1.83553]],[[104.48435,-1.83505],[104.48442,-1.83499]],[[104.48459,-1.83471],[104.48435,-1.83388]],[[104.46722,-1.86349],[104.47225,-1.85846],[104.47182,-1.85547],[104.47343,-1.85276],[104.47196,-1.8514]],[[104.60638,-1.9632],[104.61258,-1.95685],[104.61731,-1.95445]],[[104.61732,-1.95444],[104.61812,-1.95398]],[[104.62047,-1.952],[104.62054,-1.95189]],[[104.62065,-1.95173],[104.62108,-1.95096]],[[104.62111,-1.95091],[104.62662,-1.93931],[104.63525,-1.93489],[104.6401,-1.93651],[104.64307,-1.93437],[104.64453,-1.92445],[104.64254,-1.91859],[104.6153,-1.89157],[104.59534,-1.87469],[104.57943,-1.86469],[104.55721,-1.85509]],[[104.54558,-1.85553],[104.54015,-1.86051]],[[104.53694,-1.87833],[104.53667,-1.87852]],[[104.5364,-1.87923],[104.53638,-1.87924]],[[104.53604,-1.88005],[104.53411,-1.88474],[104.53268,-1.88453],[104.53316,-1.88843]],[[104.53057,-1.89389],[104.53046,-1.89405]],[[104.5304,-1.89417],[104.53019,-1.89442]],[[104.52489,-1.90991],[104.52394,-1.91208]],[[104.52695,-1.91155],[104.52709,-1.91145]],[[104.47253,-1.8704],[104.47413,-1.86769],[104.47099,-1.86491],[104.46803,-1.86532]],[[104.47424,-1.8875],[104.47711,-1.88587],[104.47835,-1.88112]],[[104.47841,-1.88101],[104.47849,-1.88085]],[[104.47864,-1.87895],[104.47865,-1.87732]],[[104.47748,-1.87271],[104.47706,-1.87191]],[[104.47786,-1.89582],[104.47803,-1.89524]],[[104.4788,-1.89279],[104.47876,-1.89252]],[[104.4787,-1.89225],[104.47867,-1.89185]],[[104.47866,-1.89171],[104.47449,-1.88811]],[[104.46491,-1.90998],[104.46437,-1.90924]],[[104.52736,-1.91169],[104.52721,-1.91181]],[[104.49445,-1.92591],[104.49269,-1.9225]],[[104.48298,-1.91236],[104.47867,-1.91243]],[[104.47316,-1.91233],[104.47231,-1.9126]],[[104.65373,-1.96348],[104.6374,-1.97146],[104.63672,-1.97303]],[[104.62974,-1.98131],[104.63119,-1.98318]],[[104.61693,-1.98049],[104.61694,-1.97941]],[[104.60973,-1.96448],[104.60948,-1.96401]],[[104.6094,-1.96394],[104.60903,-1.96394]],[[104.63065,-1.98404],[104.62944,-1.98343]],[[104.62908,-1.98321],[104.6289,-1.98311]],[[104.61676,-2.00062],[104.61499,-2.00221]],[[104.60829,-2.00709],[104.60273,-2.00815]],[[104.6027,-2.00818],[104.60275,-2.00994],[104.60163,-2.00926]],[[104.58088,-2.00667],[104.58115,-2.007]],[[104.58132,-2.00736],[104.58029,-2.00858]],[[104.5713,-1.99972],[104.58034,-2.00043]],[[104.60483,-2.00058],[104.60872,-1.99678]],[[104.57103,-2.00087],[104.57109,-2.00016]],[[104.57383,-2.00152],[104.57441,-2.00098],[104.57427,-2.00057],[104.574,-2.00068],[104.57383,-2.00152]],[[104.57898,-2.00831],[104.57892,-2.00586],[104.57103,-2.00154]]]}},{"id":"32","type":"Feature","properties":{"year":1997,"certainty":"unstable data"},"geometry":{"type":"MultiLineString","coordinates":[[[104.50198,-1.81301],[104.50216,-1.81274]],[[104.50217,-1.81274],[104.50243,-1.81239]],[[104.50261,-1.81219],[104.5027,-1.81209]],[[104.48273,-1.83987],[104.483,-1.83841]],[[104.48408,-1.83571],[104.48308,-1.83268]],[[104.47825,-1.88112],[104.47863,-1.87895]],[[104.46269,-1.90744],[104.47408,-1.90312]],[[104.46457,-1.92536],[104.46444,-1.91342]],[[104.4645,-1.91179],[104.46439,-1.91152]],[[104.46329,-1.90954],[104.46289,-1.9099]],[[104.4962,-1.93867],[104.49641,-1.93785]],[[104.49643,-1.93731],[104.49673,-1.93541]],[[104.49269,-1.92264],[104.49212,-1.92129]],[[104.47621,-1.91342],[104.47324,-1.91233]],[[104.47226,-1.9126],[104.46835,-1.92631]]]}},{"id":"33","type":"Feature","properties":{"year":1997,"certainty":"good"},"geometry":{"type":"MultiLineString","coordinates":[[[104.48347,-1.83214],[104.4853,-1.83322],[104.48827,-1.83072],[104.49613,-1.81748],[104.50198,-1.81301]],[[104.50216,-1.81274],[104.50217,-1.81274]],[[104.50243,-1.81239],[104.50261,-1.81219]],[[104.5027,-1.81209],[104.50387,-1.80907]],[[104.47262,-1.85047],[104.47747,-1.85191],[104.48001,-1.85086],[104.48202,-1.84706],[104.48273,-1.83987]],[[104.483,-1.83841],[104.48408,-1.83571]],[[104.46722,-1.86335],[104.47212,-1.85873],[104.47333,-1.85276],[104.47181,-1.85141]],[[104.60638,-1.96314],[104.61258,-1.95669],[104.61992,-1.95268],[104.62662,-1.939],[104.63543,-1.93477],[104.6401,-1.93648],[104.64253,-1.93512],[104.64398,-1.92147],[104.63892,-1.91495],[104.60478,-1.88255],[104.59049,-1.87143],[104.57943,-1.8651],[104.5658,-1.86038],[104.55273,-1.85334],[104.54598,-1.8554],[104.54123,-1.85902],[104.53961,-1.86201],[104.5412,-1.86662],[104.53902,-1.87449],[104.53411,-1.88474],[104.53271,-1.88453],[104.53327,-1.88833],[104.52277,-1.91401],[104.52697,-1.91194],[104.52127,-1.92035],[104.52075,-1.92361],[104.52223,-1.9254]],[[104.47248,-1.8704],[104.47417,-1.86769],[104.47099,-1.86489],[104.46803,-1.86531]],[[104.47422,-1.88747],[104.47708,-1.88587],[104.47825,-1.88112]],[[104.47863,-1.87895],[104.47705,-1.87149],[104.47341,-1.87094]],[[104.46262,-1.90754],[104.46269,-1.90744]],[[104.47408,-1.90312],[104.47697,-1.89971],[104.47873,-1.89347],[104.47773,-1.88967],[104.47449,-1.88811]],[[104.46448,-1.92631],[104.46457,-1.92536]],[[104.46444,-1.91342],[104.4645,-1.91179]],[[104.46439,-1.91152],[104.46514,-1.90948],[104.46329,-1.90954]],[[104.49706,-1.94803],[104.4962,-1.93867]],[[104.49641,-1.93785],[104.49643,-1.93731]],[[104.49673,-1.93541],[104.4963,-1.93039],[104.49269,-1.92264]],[[104.49212,-1.92129],[104.48581,-1.91346],[104.48069,-1.91211],[104.47621,-1.91342]],[[104.47324,-1.91233],[104.47226,-1.9126]],[[104.52169,-1.92655],[104.51386,-1.92488],[104.50648,-1.92958],[104.50503,-1.93446],[104.50074,-1.94043],[104.50076,-1.94722]],[[104.65373,-1.96362],[104.63578,-1.97335],[104.62978,-1.97955],[104.63119,-1.98318]],[[104.61177,-1.98615],[104.61474,-1.98695],[104.61657,-1.98443],[104.6169,-1.97357],[104.60955,-1.96407],[104.60719,-1.96505]],[[104.63065,-1.98405],[104.62849,-1.98312],[104.62451,-1.99203],[104.61257,-2.00478],[104.60313,-2.00796],[104.60259,-2.0101],[104.59787,-2.00811]],[[104.59736,-2.00817],[104.59733,-2.00818]],[[104.5949,-2.00837],[104.58317,-2.00541],[104.58066,-2.00668],[104.58037,-2.00858]],[[104.5713,-1.99962],[104.57319,-1.99999],[104.57268,-1.9988],[104.57912,-2.00011],[104.5789,-2.00125],[104.5827,-2.00098],[104.57966,-2.00257],[104.57993,-2.00319],[104.58371,-2.0012],[104.58479,-2.00266],[104.59275,-2.00232]],[[104.59298,-2.0022],[104.59329,-2.00213]],[[104.60435,-2.00076],[104.61339,-1.98999],[104.61096,-1.98761]],[[104.57103,-2.00086],[104.57103,-2.00055]],[[104.57994,-2.00043],[104.57993,-2.00043]],[[104.57895,-2.00831],[104.57885,-2.00576],[104.57346,-2.00204],[104.57103,-2.00157]],[[104.57319,-2.00263],[104.57292,-2.00218],[104.57346,-2.00214],[104.5736,-2.00233],[104.57319,-2.00263]]]}},{"id":"34","type":"Feature","properties":{"year":1997,"certainty":"insufficient data"},"geometry":{"type":"MultiLineString","coordinates":[[[104.59787,-2.00811],[104.59736,-2.00817]],[[104.59733,-2.00818],[104.5949,-2.00837]],[[104.59275,-2.00232],[104.59298,-2.0022]],[[104.59329,-2.00213],[104.60435,-2.00076]]]}},{"id":"35","type":"Feature","properties":{"year":1997,"certainty":"good"},"geometry":{"type":"MultiLineString","coordinates":[[[104.52147,-1.71488],[104.5266,-1.7108],[104.51098,-1.68803],[104.49775,-1.67743],[104.49385,-1.66712],[104.46783,-1.61877],[104.45447,-1.57348],[104.45075,-1.54281],[104.4394,-1.51268],[104.44006,-1.47794],[104.44062,-1.47976],[104.45212,-1.42963],[104.45639,-1.42855],[104.45769,-1.42339],[104.4567,-1.40087],[104.45229,-1.38675],[104.45264,-1.37427],[104.4544,-1.37097],[104.45635,-1.35669]],[[104.45316,-1.56045],[104.45368,-1.56018],[104.45355,-1.55944],[104.45292,-1.56018],[104.45316,-1.56045]],[[104.45332,-1.56126],[104.4538,-1.56099],[104.45382,-1.56067],[104.45329,-1.56099],[104.45332,-1.56126]],[[104.50473,-1.80331],[104.51147,-1.8069],[104.51713,-1.80376],[104.51983,-1.80399],[104.5255,-1.8],[104.52981,-1.80036],[104.53498,-1.79578],[104.5422,-1.78086],[104.54411,-1.78242],[104.54377,-1.77081],[104.53613,-1.73879],[104.53103,-1.72521],[104.52393,-1.71544],[104.52201,-1.71544]],[[104.50382,-1.80904],[104.50311,-1.80448]]]}},{"id":"36","type":"Feature","properties":{"year":1998,"certainty":"good"},"geometry":{"type":"MultiLineString","coordinates":[[[104.52147,-1.71488],[104.52429,-1.71381],[104.52579,-1.71001],[104.51109,-1.6883],[104.49773,-1.67744],[104.49384,-1.66739],[104.46945,-1.62288],[104.45759,-1.58635],[104.4534,-1.56724],[104.45135,-1.56452],[104.45275,-1.55882],[104.45076,-1.54362],[104.43945,-1.51268],[104.44003,-1.47957],[104.4471,-1.45542],[104.45215,-1.4299],[104.45601,-1.4278],[104.4574,-1.42421],[104.45687,-1.40249],[104.45219,-1.38675],[104.45261,-1.37454],[104.45625,-1.35669]],[[104.50473,-1.80328],[104.51147,-1.80686],[104.51713,-1.80367],[104.51983,-1.80387],[104.5255,-1.79994],[104.52981,-1.8003],[104.53479,-1.79578],[104.54142,-1.78239],[104.54384,-1.78194],[104.54416,-1.77353],[104.54142,-1.75903],[104.53343,-1.73064],[104.52498,-1.71659],[104.52196,-1.71544]],[[104.50381,-1.80904],[104.50311,-1.80452]]]}},{"id":"37","type":"Feature","properties":{"year":1998,"certainty":"good"},"geometry":{"type":"MultiLineString","coordinates":[[[104.48351,-1.83214],[104.4853,-1.83321],[104.48827,-1.8307],[104.49603,-1.81748],[104.50047,-1.81477],[104.50379,-1.80907]],[[104.47262,-1.85041],[104.47747,-1.85188],[104.48017,-1.85063],[104.48268,-1.83987]],[[104.483,-1.8382],[104.48435,-1.834]],[[104.46714,-1.86334],[104.47209,-1.85873],[104.47268,-1.85602],[104.47057,-1.85547],[104.47299,-1.85493],[104.47331,-1.85276],[104.47181,-1.85145]],[[104.60638,-1.96312],[104.61258,-1.95662],[104.61991,-1.95268],[104.62643,-1.93911],[104.63552,-1.93471],[104.6401,-1.93645],[104.64261,-1.93504],[104.64425,-1.92364],[104.64151,-1.91767],[104.61503,-1.89176],[104.59345,-1.87367],[104.5797,-1.86536],[104.56567,-1.86039],[104.55354,-1.85405],[104.54625,-1.85529],[104.54058,-1.85983],[104.53968,-1.86255],[104.54135,-1.86662],[104.5376,-1.87761]],[[104.53694,-1.87852],[104.53686,-1.8787]],[[104.53615,-1.8806],[104.53418,-1.8848],[104.53293,-1.88453],[104.53329,-1.88833],[104.52274,-1.91411],[104.52699,-1.91194],[104.52128,-1.92035],[104.52073,-1.92361],[104.52223,-1.92543]],[[104.47242,-1.8704],[104.47413,-1.86769],[104.47099,-1.86491],[104.46803,-1.86537]],[[104.47422,-1.88743],[104.47705,-1.88587],[104.47874,-1.87773],[104.47705,-1.87149],[104.47342,-1.87098]],[[104.46262,-1.90734],[104.47017,-1.90548],[104.47648,-1.90053],[104.47858,-1.8913],[104.47449,-1.88814]],[[104.46437,-1.91381],[104.46514,-1.90948],[104.4629,-1.90989]],[[104.49706,-1.94803],[104.4967,-1.93202],[104.49179,-1.92062],[104.48501,-1.91316],[104.48069,-1.91207],[104.47615,-1.91342]],[[104.47435,-1.9128],[104.47381,-1.91282]],[[104.47309,-1.9126],[104.47227,-1.91288]],[[104.47219,-1.91308],[104.4719,-1.91342]],[[104.47165,-1.91369],[104.47143,-1.91396]],[[104.47138,-1.91406],[104.47128,-1.91423]],[[104.47084,-1.91512],[104.47047,-1.91613]],[[104.52169,-1.92655],[104.5136,-1.92497],[104.51171,-1.92744],[104.50658,-1.92964],[104.5051,-1.93446],[104.50106,-1.93962],[104.50081,-1.94722]],[[104.65373,-1.96383],[104.63577,-1.97331],[104.62984,-1.97948],[104.63119,-1.98314]],[[104.61177,-1.98616],[104.6142,-1.98705],[104.61646,-1.9847],[104.61693,-1.97357],[104.60935,-1.96392],[104.60719,-1.96508]],[[104.63065,-1.98418],[104.62849,-1.98315],[104.62455,-1.99203],[104.61747,-2.00044],[104.61149,-2.00543],[104.60286,-2.00814],[104.60345,-2.01048]],[[104.57184,-1.99878],[104.57676,-1.99962],[104.57654,-2.00098],[104.5767,-2.00115],[104.57724,-1.99985],[104.58169,-2.00075]],[[104.5887,-2.00215],[104.59841,-2.002]],[[104.6048,-2.00058],[104.61306,-1.98959],[104.61096,-1.98761]],[[104.57584,-2.0007],[104.57616,-2.00046],[104.57616,-2.00003],[104.57554,-2.0007],[104.57584,-2.0007]],[[104.57697,-2.00179],[104.57697,-2.00136],[104.57562,-2.0011],[104.57549,-2.00152],[104.57697,-2.00179]],[[104.57855,-2.00831],[104.57885,-2.0058],[104.57103,-2.0016]],[[104.58061,-2.00243],[104.58046,-2.00274]],[[104.57706,-2.00261],[104.57643,-2.00213],[104.57583,-2.0026],[104.57589,-2.0027],[104.57706,-2.00261]],[[104.60335,-2.01075],[104.59908,-2.00814],[104.5862,-2.00654]],[[104.5833,-2.00552],[104.58277,-2.00546]],[[104.58276,-2.00546],[104.58136,-2.00858]]]}},{"id":"38","type":"Feature","properties":{"year":1998,"certainty":"unstable data"},"geometry":{"type":"MultiLineString","coordinates":[[[104.48268,-1.83987],[104.483,-1.8382]],[[104.48435,-1.834],[104.48306,-1.83268]],[[104.5376,-1.87761],[104.53694,-1.87852]],[[104.53686,-1.8787],[104.53615,-1.8806]],[[104.46452,-1.92604],[104.46437,-1.91381]],[[104.4629,-1.90989],[104.46289,-1.9099]],[[104.47615,-1.91342],[104.47435,-1.9128]],[[104.47381,-1.91282],[104.47309,-1.9126]],[[104.47227,-1.91288],[104.47219,-1.91308]],[[104.4719,-1.91342],[104.47165,-1.91369]],[[104.47143,-1.91396],[104.47138,-1.91406]],[[104.47128,-1.91423],[104.47084,-1.91512]],[[104.47047,-1.91613],[104.46835,-1.92631]]]}},{"id":"39","type":"Feature","properties":{"year":1998,"certainty":"insufficient data"},"geometry":{"type":"MultiLineString","coordinates":[[[104.58169,-2.00075],[104.5887,-2.00215]],[[104.59841,-2.002],[104.6048,-2.00058]],[[104.58116,-2.00261],[104.58061,-2.00243]],[[104.58046,-2.00274],[104.58116,-2.00261]],[[104.5862,-2.00654],[104.5833,-2.00552]],[[104.58277,-2.00546],[104.58276,-2.00546]]]}},{"id":"40","type":"Feature","properties":{"year":1999,"certainty":"good"},"geometry":{"type":"MultiLineString","coordinates":[[[104.48348,-1.83214],[104.4853,-1.83322],[104.48827,-1.83071],[104.49598,-1.81748],[104.50075,-1.8145],[104.5038,-1.80907]],[[104.47262,-1.8504],[104.47747,-1.85192],[104.48102,-1.8495],[104.48283,-1.83838],[104.48428,-1.83756],[104.4846,-1.83431],[104.48309,-1.83268]],[[104.46722,-1.86341],[104.47214,-1.85873],[104.47262,-1.85578],[104.4706,-1.85547],[104.47307,-1.85493],[104.47332,-1.85276],[104.47181,-1.85142]],[[104.60638,-1.96311],[104.61258,-1.95648],[104.61942,-1.95322],[104.62662,-1.93894],[104.63552,-1.93471],[104.63983,-1.93643],[104.64253,-1.93512],[104.64402,-1.92201],[104.63903,-1.91517],[104.60505,-1.8829],[104.59118,-1.87206],[104.57939,-1.86527],[104.55219,-1.85376],[104.54598,-1.85541],[104.54123,-1.85902],[104.53963,-1.86201],[104.54123,-1.86662],[104.53988,-1.87178],[104.53415,-1.8848],[104.53272,-1.88453],[104.53317,-1.8886],[104.52271,-1.91411],[104.52573,-1.9133],[104.52104,-1.9209],[104.52075,-1.92388],[104.52223,-1.9255]],[[104.47247,-1.8704],[104.4742,-1.86769],[104.47099,-1.86487],[104.46803,-1.8653]],[[104.47422,-1.88744],[104.47707,-1.88587],[104.47877,-1.87719],[104.47694,-1.87122],[104.47333,-1.87094]],[[104.46262,-1.90735],[104.47017,-1.90548],[104.47614,-1.90107],[104.47865,-1.89157],[104.47449,-1.88809]],[[104.4646,-1.92604],[104.46365,-1.91627],[104.46671,-1.91165],[104.46451,-1.91084],[104.46505,-1.90925],[104.46289,-1.90985]],[[104.49707,-1.94803],[104.49628,-1.93039],[104.49183,-1.92062],[104.48689,-1.91424],[104.48069,-1.91207],[104.4753,-1.9134],[104.47321,-1.91274],[104.47341,-1.91137],[104.47005,-1.91708],[104.46829,-1.92631]],[[104.52169,-1.92653],[104.5136,-1.9249],[104.50656,-1.92958],[104.50504,-1.93446],[104.50107,-1.93935],[104.50072,-1.94722]],[[104.65373,-1.96386],[104.64131,-1.96969]],[[104.63355,-1.97561],[104.62982,-1.97955],[104.63119,-1.98321]],[[104.61177,-1.98619],[104.61478,-1.98687],[104.61663,-1.98375]],[[104.61652,-1.97615],[104.6169,-1.97357],[104.6142,-1.96936],[104.60935,-1.96393],[104.60719,-1.96507]],[[104.63065,-1.98418],[104.6283,-1.98335],[104.62454,-1.99203],[104.61136,-2.00545]],[[104.61123,-2.00546],[104.61109,-2.00556]],[[104.60327,-2.00803],[104.60345,-2.01048]],[[104.57184,-1.99852],[104.57764,-1.99984]],[[104.59571,-2.00213],[104.59841,-2.002]],[[104.60888,-1.99651],[104.61266,-1.98959],[104.61096,-1.98754]],[[104.57683,-2.00062],[104.5767,-1.99991],[104.57559,-2.0007],[104.57662,-2.00084]],[[104.57683,-2.00504],[104.57103,-2.00162]],[[104.57646,-2.0022],[104.57636,-2.0022]],[[104.57629,-2.00226],[104.57603,-2.00247]],[[104.60335,-2.01075],[104.59908,-2.00814],[104.59221,-2.00811]],[[104.5816,-2.00736],[104.5814,-2.00844]]]}},{"id":"41","type":"Feature","properties":{"year":1999,"certainty":"insufficient data"},"geometry":{"type":"MultiLineString","coordinates":[[[104.64131,-1.96969],[104.63355,-1.97561]],[[104.61663,-1.98375],[104.61652,-1.97615]],[[104.61136,-2.00545],[104.61123,-2.00546]],[[104.61109,-2.00556],[104.60327,-2.00803]],[[104.57764,-1.99984],[104.59571,-2.00213]],[[104.59841,-2.002],[104.60691,-2.00108],[104.60888,-1.99651]],[[104.5771,-2.00098],[104.57683,-2.00062]],[[104.57662,-2.00084],[104.5771,-2.00098]],[[104.57851,-2.00831],[104.57883,-2.00586],[104.57683,-2.00504]],[[104.57706,-2.00261],[104.57646,-2.0022]],[[104.57636,-2.0022],[104.57629,-2.00226]],[[104.57603,-2.00247],[104.57706,-2.00261]],[[104.59221,-2.00811],[104.5829,-2.00549],[104.5816,-2.00736]],[[104.5814,-2.00844],[104.58139,-2.00858]]]}},{"id":"42","type":"Feature","properties":{"year":1999,"certainty":"good"},"geometry":{"type":"MultiLineString","coordinates":[[[104.52147,-1.71486],[104.5243,-1.71381],[104.52633,-1.71011],[104.51116,-1.6883],[104.49748,-1.67698],[104.49314,-1.66875],[104.49371,-1.66739],[104.46891,-1.62125],[104.45732,-1.58516],[104.4534,-1.56724],[104.45143,-1.56452],[104.45278,-1.55882],[104.45079,-1.54389],[104.43949,-1.51268],[104.4395,-1.48635],[104.44116,-1.4831],[104.44149,-1.47278],[104.45249,-1.43099],[104.45682,-1.42694],[104.45736,-1.42438],[104.45667,-1.40168],[104.45215,-1.38648],[104.45255,-1.37508],[104.45541,-1.36694],[104.45638,-1.35669]],[[104.49974,-1.67771],[104.49977,-1.67717],[104.49937,-1.67709],[104.49941,-1.67744],[104.49974,-1.67771]],[[104.50473,-1.80328],[104.51174,-1.80679],[104.5257,-1.79985],[104.53008,-1.80014],[104.53508,-1.79524],[104.54142,-1.78246],[104.54369,-1.78303],[104.54415,-1.77353],[104.53601,-1.7377],[104.53102,-1.72521],[104.52499,-1.71653],[104.52191,-1.71544]],[[104.5038,-1.80904],[104.50311,-1.80454]]]}},{"id":"43","type":"Feature","properties":{"year":2000,"certainty":"good"},"geometry":{"type":"MultiLineString","coordinates":[[[104.52147,-1.71486],[104.52633,-1.71155],[104.52594,-1.70947],[104.51109,-1.6883],[104.50045,-1.67988],[104.49586,-1.67337],[104.4684,-1.62044],[104.45729,-1.58542],[104.45343,-1.56724],[104.45136,-1.56452],[104.45276,-1.55909],[104.4507,-1.54362],[104.43954,-1.51295],[104.43954,-1.48395],[104.44096,-1.48228],[104.44154,-1.47278],[104.44691,-1.45732],[104.45027,-1.4394],[104.45313,-1.43398],[104.45269,-1.43099],[104.45709,-1.42668],[104.45771,-1.42258],[104.45653,-1.40114],[104.45194,-1.38648],[104.45629,-1.35669]],[[104.50473,-1.80327],[104.51039,-1.80696],[104.51794,-1.80335],[104.51983,-1.80383],[104.52577,-1.79979],[104.52981,-1.80023],[104.53529,-1.7947],[104.54142,-1.78371],[104.54465,-1.78384],[104.54048,-1.75263],[104.53441,-1.73283],[104.52499,-1.71653],[104.52174,-1.71542]],[[104.50381,-1.80904],[104.50311,-1.80456]]]}},{"id":"44","type":"Feature","properties":{"year":2000,"certainty":"good"},"geometry":{"type":"MultiLineString","coordinates":[[[104.48352,-1.83214],[104.4853,-1.83321],[104.48638,-1.83093],[104.48827,-1.83064],[104.49178,-1.82347],[104.49517,-1.8202],[104.49608,-1.81803],[104.495,-1.81748],[104.50041,-1.8148],[104.5038,-1.80907]],[[104.47262,-1.85037],[104.47774,-1.85188],[104.48071,-1.85029],[104.48283,-1.83811],[104.48431,-1.83756],[104.48462,-1.83431],[104.48305,-1.83268]],[[104.46722,-1.86341],[104.47213,-1.85873],[104.47265,-1.85602],[104.47056,-1.85547],[104.47304,-1.85493],[104.47181,-1.85141]],[[104.60638,-1.96311],[104.61258,-1.95642],[104.61339,-1.95723],[104.61933,-1.95338],[104.62662,-1.93893],[104.63552,-1.93476],[104.64037,-1.93647],[104.64303,-1.93368],[104.6443,-1.92473],[104.64284,-1.91957],[104.61845,-1.89527]],[[104.60794,-1.88577],[104.60552,-1.8836]],[[104.60222,-1.88063],[104.60219,-1.88061]],[[104.60195,-1.88044],[104.6006,-1.87925]],[[104.59736,-1.87674],[104.58347,-1.86738],[104.56014,-1.8573]],[[104.54881,-1.85451],[104.54866,-1.85454]],[[104.54855,-1.85458],[104.54409,-1.85651],[104.53993,-1.86106]],[[104.54072,-1.86646],[104.54057,-1.86838]],[[104.5256,-1.91284],[104.52579,-1.91262]],[[104.47247,-1.8704],[104.47417,-1.86769],[104.47099,-1.86488],[104.46803,-1.86531]],[[104.47422,-1.88744],[104.47707,-1.88587],[104.47883,-1.87746],[104.4772,-1.87149],[104.4733,-1.87094]],[[104.46356,-1.90697],[104.47017,-1.9055],[104.47625,-1.9008],[104.47865,-1.89157],[104.47449,-1.8881]],[[104.46466,-1.92291],[104.46468,-1.92264]],[[104.49706,-1.94803],[104.49624,-1.93039],[104.49175,-1.92047],[104.48689,-1.91427],[104.48069,-1.91205],[104.4753,-1.91341],[104.47341,-1.91128],[104.4701,-1.91681],[104.46821,-1.92604]],[[104.52587,-1.91305],[104.52524,-1.91398]],[[104.52384,-1.91506],[104.52369,-1.91533]],[[104.52098,-1.92157],[104.52074,-1.9232]],[[104.50634,-1.92998],[104.50591,-1.93082]],[[104.50564,-1.93156],[104.50564,-1.93184]],[[104.50563,-1.93188],[104.50111,-1.93935],[104.50085,-1.94722]],[[104.61177,-1.9861],[104.6142,-1.98706],[104.61599,-1.98565]],[[104.61677,-1.97805],[104.6169,-1.97357],[104.61464,-1.97005],[104.60935,-1.96396],[104.60719,-1.96507]],[[104.65373,-1.96417],[104.63572,-1.97344]],[[104.63137,-1.97778],[104.63133,-1.97784]],[[104.63109,-1.97806],[104.6302,-1.98186]],[[104.6257,-1.98972],[104.62511,-1.99081]],[[104.62446,-1.99217],[104.62431,-1.99229]],[[104.62418,-1.99244],[104.62342,-1.99325]],[[104.62089,-1.99597],[104.61136,-2.00546]],[[104.61135,-2.00546],[104.61109,-2.00558]],[[104.61087,-2.00573],[104.61082,-2.00578]],[[104.60327,-2.008],[104.60355,-2.01048]],[[104.57683,-1.99988],[104.5771,-1.99988]],[[104.61136,-1.99172],[104.61264,-1.98931],[104.61096,-1.98761]],[[104.57184,-1.9986],[104.57454,-1.9997]],[[104.57494,-2.00376],[104.57423,-2.00328]],[[104.57239,-2.00138],[104.57103,-2.0016]],[[104.60333,-2.01075],[104.59935,-2.00829],[104.59275,-2.00822]],[[104.58142,-2.00817],[104.58138,-2.00844]]]}},{"id":"45","type":"Feature","properties":{"year":2000,"certainty":"insufficient data"},"geometry":{"type":"MultiLineString","coordinates":[[[104.61845,-1.89527],[104.60794,-1.88577]],[[104.60552,-1.8836],[104.60222,-1.88063]],[[104.60219,-1.88061],[104.60195,-1.88044]],[[104.6006,-1.87925],[104.59736,-1.87674]],[[104.56014,-1.8573],[104.55246,-1.85395],[104.54881,-1.85451]],[[104.54866,-1.85454],[104.54855,-1.85458]],[[104.53993,-1.86106],[104.54072,-1.86646]],[[104.54057,-1.86838],[104.53446,-1.88507],[104.53286,-1.88453],[104.53319,-1.8886],[104.52275,-1.91411],[104.5256,-1.91284]],[[104.52579,-1.91262],[104.52709,-1.91138]],[[104.46257,-1.90731],[104.46356,-1.90697]],[[104.46459,-1.92604],[104.46466,-1.92291]],[[104.46468,-1.92264],[104.46366,-1.91627],[104.4654,-1.91057],[104.46505,-1.90926],[104.46289,-1.90964]],[[104.52711,-1.91167],[104.52587,-1.91305]],[[104.52524,-1.91398],[104.52384,-1.91506]],[[104.52369,-1.91533],[104.52098,-1.92157]],[[104.52074,-1.9232],[104.52223,-1.92532]],[[104.52169,-1.92649],[104.51333,-1.92504],[104.50634,-1.92998]],[[104.50591,-1.93082],[104.50564,-1.93156]],[[104.50564,-1.93184],[104.50563,-1.93188]],[[104.61599,-1.98565],[104.61677,-1.97805]],[[104.63572,-1.97344],[104.63137,-1.97778]],[[104.63133,-1.97784],[104.63109,-1.97806]],[[104.6302,-1.98186],[104.63119,-1.98314]],[[104.63065,-1.9842],[104.62849,-1.98318],[104.6257,-1.98972]],[[104.62511,-1.99081],[104.62446,-1.99217]],[[104.62431,-1.99229],[104.62418,-1.99244]],[[104.62342,-1.99325],[104.62089,-1.99597]],[[104.61136,-2.00546],[104.61135,-2.00546]],[[104.61109,-2.00558],[104.61087,-2.00573]],[[104.61082,-2.00578],[104.60327,-2.008]],[[104.57553,-1.99962],[104.57683,-1.99988]],[[104.5771,-1.99988],[104.58964,-2.00233],[104.60502,-2.00041],[104.60637,-2.00137],[104.60691,-1.99953],[104.60898,-1.99936],[104.60838,-1.99746],[104.60968,-1.99746],[104.61026,-1.99447],[104.61052,-1.99529],[104.61153,-1.99556],[104.61136,-1.99172]],[[104.6102,-2.00017],[104.61187,-1.99746],[104.61069,-1.99568],[104.61141,-1.99719],[104.60891,-1.9999],[104.6102,-2.00017]],[[104.57535,-2.00077],[104.57693,-2.00016],[104.57589,-2.00035]],[[104.57405,-2.00125],[104.57454,-2.00099],[104.57454,-2.00092],[104.57427,-2.00073],[104.57405,-2.00125]],[[104.57843,-2.0083],[104.57875,-2.00586],[104.57494,-2.00376]],[[104.57423,-2.00328],[104.57239,-2.00138]],[[104.57629,-2.0026],[104.57634,-2.00206],[104.57535,-2.00165],[104.57562,-2.00284],[104.57629,-2.0026]],[[104.57616,-2.00342],[104.57644,-2.00315],[104.57643,-2.00305],[104.57543,-2.00315],[104.57616,-2.00342]],[[104.59275,-2.00822],[104.5829,-2.00549],[104.58142,-2.00817]],[[104.58138,-2.00844],[104.58134,-2.00858]]]}},{"id":"46","type":"Feature","properties":{"year":2001,"certainty":"insufficient data"},"geometry":{"type":"MultiLineString","coordinates":[[[104.48837,-1.83037],[104.4884,-1.83014]],[[104.48841,-1.8301],[104.49119,-1.82495]],[[104.49544,-1.82006],[104.49584,-1.81735]],[[104.49569,-1.81732],[104.49543,-1.81708]],[[104.49566,-1.81708],[104.49569,-1.81709]],[[104.50179,-1.81301],[104.50384,-1.80907]],[[104.55678,-1.84925],[104.55706,-1.84871],[104.55704,-1.84816],[104.5554,-1.84898]],[[104.55057,-1.8482],[104.55383,-1.84817]],[[104.55088,-1.84925],[104.55112,-1.84898],[104.55084,-1.84867],[104.55057,-1.84865],[104.55088,-1.84925]],[[104.55239,-1.85007],[104.55196,-1.8498],[104.55192,-1.84896],[104.55165,-1.85007],[104.55239,-1.85007]],[[104.46716,-1.86334],[104.47059,-1.86022]],[[104.47221,-1.8517],[104.47181,-1.8514]],[[104.55408,-1.85224],[104.55408,-1.85197],[104.55381,-1.85169],[104.55407,-1.85197],[104.55408,-1.85224]],[[104.5498,-1.85251],[104.55003,-1.85224],[104.54947,-1.85224],[104.54976,-1.85255],[104.5498,-1.85251]],[[104.55138,-1.85398],[104.54525,-1.85576],[104.54035,-1.86011],[104.5412,-1.86662],[104.53988,-1.87205],[104.5333,-1.88532]],[[104.59723,-1.8766],[104.58132,-1.8663],[104.5592,-1.85679]],[[104.47086,-1.86487],[104.46803,-1.86532]],[[104.60638,-1.96309],[104.61258,-1.9564],[104.61339,-1.95719],[104.61933,-1.95349],[104.62645,-1.93911],[104.62796,-1.9395],[104.63242,-1.93583]],[[104.63565,-1.93491],[104.63568,-1.9349]],[[104.63592,-1.9349],[104.64064,-1.93655],[104.64267,-1.93463]],[[104.64298,-1.93273],[104.64294,-1.93263]],[[104.64293,-1.93246],[104.64422,-1.92595]],[[104.64427,-1.92323],[104.64309,-1.91998]],[[104.62759,-1.90396],[104.59912,-1.8781]],[[104.53357,-1.88651],[104.52422,-1.91085]],[[104.46244,-1.90731],[104.46828,-1.90689],[104.47341,-1.90365],[104.47727,-1.8989],[104.47866,-1.89334]],[[104.51883,-1.90624],[104.51954,-1.90509],[104.51873,-1.90652]],[[104.46462,-1.92604],[104.46705,-1.92387],[104.46477,-1.92369],[104.46363,-1.91871],[104.46511,-1.90948],[104.46289,-1.90978]],[[104.49673,-1.93519],[104.49553,-1.92862]],[[104.48213,-1.91234],[104.47668,-1.91315]],[[104.47333,-1.9126],[104.47341,-1.91122],[104.46907,-1.92102]],[[104.46895,-1.92173],[104.46812,-1.92604]],[[104.52288,-1.91357],[104.52358,-1.91494]],[[104.52361,-1.91547],[104.52217,-1.91791]],[[104.52158,-1.91954],[104.5207,-1.92334],[104.52223,-1.92529]],[[104.52169,-1.9265],[104.51306,-1.92511],[104.50564,-1.93156]],[[104.50564,-1.93184],[104.50563,-1.93188]],[[104.50092,-1.9403],[104.50085,-1.94722]],[[104.61177,-1.98602],[104.6142,-1.98707],[104.61631,-1.98524],[104.617,-1.97385],[104.60935,-1.96401],[104.60719,-1.96508]],[[104.65373,-1.96431],[104.63586,-1.97331],[104.62983,-1.97955],[104.63119,-1.98309]],[[104.62043,-1.9771],[104.62152,-1.97629],[104.62067,-1.97399],[104.61744,-1.97487],[104.62043,-1.9771]],[[104.61863,-1.97765],[104.61829,-1.97656],[104.61771,-1.97654],[104.61797,-1.97786],[104.61863,-1.97765]],[[104.63065,-1.98426],[104.62849,-1.98321],[104.62468,-1.99203],[104.61271,-2.00479],[104.60286,-2.00809],[104.60286,-2.01017],[104.59935,-2.0083],[104.58964,-2.008],[104.58479,-2.00598]],[[104.60994,-1.99501],[104.6126,-1.98959],[104.61096,-1.98758]],[[104.62056,-1.98932],[104.62099,-1.98877],[104.62013,-1.98817],[104.61979,-1.98877],[104.62056,-1.98932]],[[104.6115,-1.9981],[104.61123,-1.99624]],[[104.59747,-2.00158],[104.6026,-2.00125]],[[104.58795,-2.00261],[104.58776,-2.00484],[104.59018,-2.00218],[104.59477,-2.0018]]]}},{"id":"47","type":"Feature","properties":{"year":2001,"certainty":"good"},"geometry":{"type":"MultiLineString","coordinates":[[[104.48353,-1.83214],[104.4853,-1.83321],[104.48837,-1.83037]],[[104.4884,-1.83014],[104.48841,-1.8301]],[[104.49119,-1.82495],[104.49544,-1.82006]],[[104.49584,-1.81735],[104.49569,-1.81732]],[[104.49543,-1.81708],[104.49566,-1.81708]],[[104.49569,-1.81709],[104.50179,-1.81301]],[[104.47262,-1.85037],[104.47747,-1.85191],[104.48071,-1.85029],[104.48431,-1.83756],[104.48464,-1.83431],[104.4831,-1.83268]],[[104.47059,-1.86022],[104.47225,-1.85846],[104.47157,-1.85547],[104.47309,-1.85493],[104.47221,-1.8517]],[[104.47247,-1.8704],[104.47419,-1.86769],[104.47086,-1.86487]],[[104.47422,-1.88746],[104.47724,-1.8856],[104.47882,-1.87692],[104.47693,-1.87116],[104.47329,-1.87094]],[[104.63242,-1.93583],[104.63565,-1.93491]],[[104.63568,-1.9349],[104.63592,-1.9349]],[[104.64267,-1.93463],[104.64298,-1.93273]],[[104.64294,-1.93263],[104.64293,-1.93246]],[[104.64422,-1.92595],[104.64427,-1.92323]],[[104.64309,-1.91998],[104.62759,-1.90396]],[[104.47866,-1.89334],[104.47773,-1.88968],[104.47449,-1.88808]],[[104.49703,-1.94803],[104.49673,-1.93519]],[[104.49553,-1.92862],[104.48803,-1.91546],[104.48213,-1.91234]],[[104.47668,-1.91315],[104.47333,-1.9126]],[[104.46907,-1.92102],[104.46895,-1.92173]],[[104.50564,-1.93156],[104.50564,-1.93184]],[[104.50563,-1.93188],[104.50092,-1.9403]]]}},{"id":"48","type":"Feature","properties":{"year":2001,"certainty":"insufficient data"},"geometry":{"type":"MultiLineString","coordinates":[[[104.52147,-1.71486],[104.52667,-1.71137],[104.51944,-1.69983]],[[104.51396,-1.69196],[104.5007,-1.67934],[104.4937,-1.66996],[104.49367,-1.66767],[104.46988,-1.62424],[104.46338,-1.6033]],[[104.46269,-1.59994],[104.46257,-1.59982]],[[104.46245,-1.59913],[104.4623,-1.59886]],[[104.46165,-1.59641],[104.45859,-1.58909]],[[104.45723,-1.58529],[104.45416,-1.57117]],[[104.45146,-1.56466],[104.45269,-1.55679]],[[104.45234,-1.5524],[104.449,-1.53887]],[[104.44859,-1.53779],[104.4456,-1.5308]],[[104.44479,-1.52883],[104.44261,-1.51987]],[[104.44042,-1.50847],[104.43872,-1.50427],[104.44008,-1.49789]],[[104.44009,-1.4854],[104.4416,-1.47211]],[[104.45299,-1.43058],[104.45291,-1.43046]],[[104.45291,-1.43043],[104.45439,-1.42761],[104.45599,-1.42828],[104.4572,-1.42407]],[[104.45798,-1.41674],[104.45673,-1.40426]],[[104.45248,-1.37657],[104.45604,-1.3611]],[[104.50473,-1.80326],[104.51039,-1.80698],[104.51862,-1.80338]],[[104.53232,-1.79754],[104.5369,-1.79022]],[[104.5375,-1.78912],[104.54182,-1.78333]],[[104.54441,-1.77936],[104.5429,-1.76895]],[[104.5429,-1.76837],[104.54041,-1.75249]],[[104.53408,-1.73186],[104.52568,-1.71775]],[[104.52553,-1.71748],[104.52174,-1.71536]],[[104.50384,-1.80904],[104.50311,-1.80461]]]}},{"id":"49","type":"Feature","properties":{"year":2002,"certainty":"insufficient data"},"geometry":{"type":"MultiLineString","coordinates":[[[104.45175,-1.38621],[104.45593,-1.35669]],[[104.52336,-1.71408],[104.52575,-1.71191],[104.52498,-1.70882],[104.5111,-1.6883],[104.4962,-1.67445],[104.46837,-1.62066],[104.45708,-1.58515],[104.45343,-1.56724],[104.45134,-1.56452],[104.45275,-1.56208],[104.45247,-1.55421],[104.45008,-1.54172],[104.43951,-1.51349],[104.43868,-1.48961],[104.44058,-1.47414],[104.44595,-1.45759],[104.44786,-1.44564],[104.4498,-1.44017],[104.45007,-1.44345],[104.45108,-1.43995],[104.44986,-1.4394],[104.45158,-1.43099],[104.45311,-1.43072],[104.45439,-1.42743],[104.45606,-1.42801],[104.45785,-1.42258],[104.4567,-1.40222],[104.45467,-1.39683]],[[104.52733,-1.72033],[104.52336,-1.71574]],[[104.50473,-1.80326],[104.51039,-1.80699],[104.51687,-1.80359],[104.51983,-1.80378],[104.52577,-1.79974],[104.52981,-1.80019],[104.53438,-1.79578],[104.54122,-1.78384],[104.54492,-1.78402],[104.539,-1.74844],[104.53091,-1.72576]],[[104.50382,-1.80904],[104.50311,-1.80461]]]}},{"id":"50","type":"Feature","properties":{"year":2002,"certainty":"insufficient data"},"geometry":{"type":"MultiLineString","coordinates":[[[104.48367,-1.83214],[104.4853,-1.83309],[104.48629,-1.83078],[104.48829,-1.83051],[104.49167,-1.82345],[104.49523,-1.8202],[104.49519,-1.81721],[104.50046,-1.81477],[104.50382,-1.80907]],[[104.47268,-1.85032],[104.47801,-1.85174],[104.48098,-1.84929],[104.4826,-1.83782],[104.48424,-1.83756],[104.48446,-1.83431],[104.48298,-1.83268]],[[104.55678,-1.84925],[104.55706,-1.84871],[104.55704,-1.84816],[104.5554,-1.84898]],[[104.55057,-1.8482],[104.55383,-1.84817]],[[104.55088,-1.84925],[104.55112,-1.84898],[104.55084,-1.84867],[104.55057,-1.84865],[104.55088,-1.84925]],[[104.55239,-1.85007],[104.55196,-1.8498],[104.55192,-1.84896],[104.55165,-1.85007],[104.55239,-1.85007]],[[104.46938,-1.86098],[104.47217,-1.85873],[104.47251,-1.85602],[104.47047,-1.85547],[104.47295,-1.85493],[104.47181,-1.85147]],[[104.55408,-1.85224],[104.55408,-1.85197],[104.55381,-1.85169],[104.55407,-1.85197],[104.55408,-1.85224]],[[104.5498,-1.85251],[104.55003,-1.85224],[104.54947,-1.85224],[104.54976,-1.85255],[104.5498,-1.85251]],[[104.56865,-1.85333],[104.56894,-1.85306],[104.56894,-1.85279],[104.56864,-1.8525],[104.56851,-1.85251],[104.56865,-1.85333]],[[104.55138,-1.85398],[104.54221,-1.85763]],[[104.59723,-1.8766],[104.58132,-1.8663],[104.5592,-1.85679]],[[104.54194,-1.85826],[104.53983,-1.86173]],[[104.53786,-1.85956],[104.54009,-1.85956],[104.53897,-1.85866]],[[104.539,-1.86092],[104.53897,-1.86089]],[[104.54011,-1.86363],[104.53988,-1.87205],[104.5333,-1.88532]],[[104.47234,-1.8703],[104.47412,-1.86769],[104.46936,-1.86497]],[[104.5386,-1.86852],[104.53897,-1.86816]],[[104.53784,-1.86906],[104.53816,-1.87073],[104.53826,-1.86879]],[[104.47422,-1.88747],[104.47719,-1.88569],[104.47884,-1.87692],[104.47693,-1.87118],[104.47335,-1.87094]],[[104.63066,-1.93664],[104.63552,-1.93463],[104.64091,-1.93653],[104.64294,-1.93385]],[[104.64297,-1.93355],[104.64423,-1.92283],[104.64253,-1.91932],[104.59912,-1.8781]],[[104.53357,-1.88651],[104.5282,-1.89946]],[[104.47098,-1.9051],[104.47614,-1.9008],[104.47855,-1.8932],[104.47773,-1.88969],[104.47449,-1.88814]],[[104.52817,-1.89951],[104.52422,-1.91085]],[[104.51883,-1.90624],[104.51954,-1.90509],[104.51873,-1.90652]],[[104.46244,-1.90731],[104.46828,-1.90608]],[[104.46453,-1.92604],[104.46675,-1.92468],[104.46673,-1.92224],[104.46421,-1.92169],[104.46492,-1.90948],[104.46289,-1.90978]],[[104.49701,-1.94803],[104.49621,-1.93039],[104.49179,-1.92062],[104.48698,-1.91437],[104.48069,-1.91204],[104.4753,-1.91347],[104.47277,-1.91247],[104.47373,-1.91165],[104.47341,-1.91131],[104.47085,-1.91491],[104.46849,-1.92224]],[[104.52155,-1.91954],[104.52081,-1.92334],[104.52223,-1.92529]],[[104.46855,-1.92229],[104.46811,-1.92604]],[[104.52169,-1.9265],[104.51333,-1.92498],[104.51201,-1.92714],[104.50658,-1.92964],[104.50498,-1.93473],[104.50111,-1.93935],[104.50091,-1.94722]],[[104.5061,-1.92903],[104.50616,-1.92876],[104.50577,-1.92839],[104.50566,-1.92849],[104.5061,-1.92903]],[[104.50284,-1.92985],[104.50285,-1.92903],[104.50226,-1.929],[104.50222,-1.92958],[104.50284,-1.92985]],[[104.60638,-1.96308],[104.61258,-1.95615],[104.61312,-1.9572],[104.61933,-1.95349],[104.62716,-1.93861]],[[104.61177,-1.98602],[104.61583,-1.98606],[104.617,-1.97385],[104.60935,-1.96405],[104.60719,-1.96509]],[[104.65373,-1.96431],[104.63586,-1.97331],[104.62984,-1.97955],[104.63119,-1.98309]],[[104.62043,-1.9771],[104.62152,-1.97629],[104.62067,-1.97399],[104.61744,-1.97487],[104.62043,-1.9771]],[[104.61863,-1.97765],[104.61829,-1.97656],[104.61771,-1.97654],[104.61797,-1.97786],[104.61863,-1.97765]],[[104.63065,-1.98426],[104.62849,-1.98321],[104.62468,-1.99203],[104.61794,-1.9999],[104.61257,-2.00488],[104.60286,-2.00809],[104.60369,-2.01048]],[[104.61015,-1.99465],[104.6125,-1.98931],[104.61096,-1.98758]],[[104.62056,-1.98932],[104.62099,-1.98877],[104.62013,-1.98817],[104.61979,-1.98877],[104.62056,-1.98932]],[[104.6115,-1.9981],[104.61123,-1.99624]],[[104.59747,-2.00158],[104.6026,-2.00125]],[[104.58795,-2.00261],[104.58776,-2.00484],[104.59018,-2.00218],[104.59477,-2.0018]],[[104.60331,-2.01075],[104.59935,-2.0083],[104.58964,-2.008],[104.58479,-2.00598]]]}},{"id":"51","type":"Feature","properties":{"year":2002,"certainty":"good"},"geometry":{"type":"LineString","coordinates":[[104.64294,-1.93385],[104.64297,-1.93355]]}},{"id":"52","type":"Feature","properties":{"year":2003,"certainty":"insufficient data"},"geometry":{"type":"MultiLineString","coordinates":[[[104.48346,-1.83214],[104.4853,-1.83329],[104.4886,-1.83078],[104.49177,-1.82441],[104.50157,-1.81396],[104.50402,-1.80907]],[[104.47239,-1.85086],[104.47801,-1.85201],[104.4809,-1.85005],[104.48286,-1.83946],[104.48453,-1.83756],[104.48473,-1.83431],[104.48307,-1.83268]],[[104.46857,-1.86259],[104.47347,-1.85737],[104.47216,-1.85113]],[[104.57323,-1.85713],[104.57242,-1.85985],[104.57053,-1.86023],[104.553,-1.8532],[104.5423,-1.85794],[104.53973,-1.86173],[104.5408,-1.86689],[104.5395,-1.87259],[104.53411,-1.88472],[104.53272,-1.88453],[104.53311,-1.8886],[104.52767,-1.90109]],[[104.6037,-1.88007],[104.60203,-1.88021],[104.59542,-1.87369],[104.57511,-1.86256],[104.57862,-1.86081],[104.57835,-1.85954]],[[104.47261,-1.8704],[104.47439,-1.86769],[104.46991,-1.86505]],[[104.47923,-1.8799],[104.47779,-1.87203],[104.47585,-1.87001],[104.47315,-1.87094]],[[104.46262,-1.90741],[104.4699,-1.90555],[104.47517,-1.90216],[104.47891,-1.89293]],[[104.46463,-1.92305],[104.46361,-1.91735],[104.46525,-1.90948],[104.46289,-1.90986]],[[104.47321,-1.91247],[104.47368,-1.91139],[104.47225,-1.91274]],[[104.497,-1.94749],[104.49697,-1.93365],[104.49401,-1.92442],[104.48716,-1.91454],[104.48258,-1.9124]],[[104.52075,-1.91981],[104.52115,-1.92442]],[[104.4691,-1.92169],[104.46833,-1.92522]],[[104.52107,-1.92578],[104.51386,-1.92489],[104.50658,-1.92964],[104.50496,-1.93467],[104.50133,-1.9388],[104.50076,-1.94722]],[[104.62587,-1.94508],[104.6286,-1.94426],[104.63039,-1.93772],[104.63579,-1.93532],[104.64091,-1.93688],[104.6428,-1.93254]],[[104.63149,-1.93884],[104.63093,-1.93849],[104.63085,-1.93857],[104.6312,-1.93887],[104.63149,-1.93884]],[[104.63821,-1.96761],[104.63794,-1.96852]],[[104.61986,-1.97376],[104.61973,-1.97113]],[[104.63876,-1.97114],[104.63065,-1.97831]],[[104.61878,-1.9756],[104.62013,-1.97385]],[[104.63184,-1.97548],[104.63177,-1.97466],[104.63112,-1.97466],[104.63153,-1.97548],[104.63184,-1.97548]],[[104.63106,-1.97629],[104.63119,-1.97587],[104.63065,-1.97573],[104.63092,-1.97655],[104.63106,-1.97629]]]}},{"id":"53","type":"Feature","properties":{"year":2003,"certainty":"insufficient data"},"geometry":{"type":"MultiLineString","coordinates":[[[104.45374,-1.39164],[104.45298,-1.38974]],[[104.44385,-1.52203],[104.44094,-1.50969],[104.44218,-1.4869],[104.44591,-1.466],[104.44986,-1.4565],[104.44938,-1.45297],[104.45088,-1.44948],[104.45277,-1.44972],[104.45145,-1.44619],[104.45413,-1.43533],[104.45304,-1.43398],[104.45412,-1.43452],[104.45439,-1.43224],[104.45482,-1.43805],[104.45654,-1.43995],[104.4579,-1.43506],[104.45872,-1.42421],[104.45638,-1.40222]],[[104.45747,-1.56398],[104.45507,-1.55448]],[[104.46041,-1.58488],[104.46433,-1.59197],[104.45881,-1.57321]],[[104.4592,-1.58565],[104.46001,-1.58802],[104.46066,-1.58786],[104.45976,-1.58515]],[[104.48706,-1.65464],[104.47802,-1.63781],[104.4781,-1.63618],[104.47407,-1.62885],[104.47176,-1.62315],[104.4729,-1.62288],[104.47052,-1.61844],[104.47033,-1.62044],[104.467,-1.60659],[104.46161,-1.59438],[104.46162,-1.59085],[104.4585,-1.58596]],[[104.47608,-1.62966],[104.47596,-1.62885],[104.47564,-1.62879],[104.47586,-1.62966],[104.47608,-1.62966]],[[104.47935,-1.63509],[104.47887,-1.63374],[104.47645,-1.6294],[104.47778,-1.63319],[104.47935,-1.63509]],[[104.49738,-1.67282],[104.4935,-1.67011],[104.48845,-1.65762]],[[104.52147,-1.7148],[104.53065,-1.71137],[104.52443,-1.70703],[104.50988,-1.68734]],[[104.53132,-1.71409],[104.53137,-1.71327],[104.53118,-1.71287],[104.53066,-1.71354],[104.53132,-1.71409]],[[104.52938,-1.71789],[104.53118,-1.71539],[104.52822,-1.71501],[104.52898,-1.71789],[104.52938,-1.71789]],[[104.53552,-1.73444],[104.52687,-1.71854],[104.52182,-1.71544]],[[104.53524,-1.72332],[104.53527,-1.72304],[104.53523,-1.7225],[104.53509,-1.72304],[104.53524,-1.72332]],[[104.53901,-1.74639],[104.53806,-1.74069]],[[104.50473,-1.80323],[104.51147,-1.80688],[104.52556,-1.79985],[104.52973,-1.80012],[104.54021,-1.78601],[104.54222,-1.78739],[104.54276,-1.78547],[104.54721,-1.78466],[104.54463,-1.77977],[104.54548,-1.77081],[104.54274,-1.76946],[104.5414,-1.76104],[104.5428,-1.76159],[104.54331,-1.75587],[104.5414,-1.75236]],[[104.54108,-1.78764],[104.54073,-1.7871],[104.54061,-1.78666],[104.54034,-1.78764],[104.54108,-1.78764]],[[104.50408,-1.80904],[104.50311,-1.80455]]]}},{"id":"54","type":"Feature","properties":{"year":2004,"certainty":"insufficient data"},"geometry":{"type":"MultiLineString","coordinates":[[[104.45479,-1.37725],[104.45437,-1.37237],[104.45701,-1.3626],[104.45634,-1.35669]],[[104.45278,-1.38223],[104.45314,-1.38051]],[[104.52147,-1.71487],[104.527,-1.7119]],[[104.52781,-1.7119],[104.53065,-1.71164],[104.52835,-1.70934]],[[104.52835,-1.70974],[104.52835,-1.70976]],[[104.52824,-1.70988],[104.52814,-1.70988]],[[104.52593,-1.70804],[104.52578,-1.70798]],[[104.52566,-1.70781],[104.52553,-1.70771]],[[104.52539,-1.70759],[104.52526,-1.70744]],[[104.52485,-1.70726],[104.52462,-1.70716]],[[104.52377,-1.70611],[104.52375,-1.70608]],[[104.5235,-1.70571],[104.52335,-1.70554]],[[104.52323,-1.70541],[104.52297,-1.70499]],[[104.52296,-1.70499],[104.52243,-1.70418]],[[104.52242,-1.70415],[104.5223,-1.70391]],[[104.52215,-1.70365],[104.52214,-1.70363]],[[104.52152,-1.70228],[104.51757,-1.69681]],[[104.51721,-1.69631],[104.49964,-1.675],[104.49347,-1.66984],[104.49099,-1.66169],[104.48387,-1.64883]],[[104.47497,-1.63034],[104.46888,-1.6146]],[[104.46806,-1.61134],[104.46567,-1.60401]],[[104.46021,-1.58664],[104.46033,-1.58664]],[[104.46392,-1.5911],[104.46398,-1.5899]],[[104.46177,-1.58404],[104.46036,-1.57959]],[[104.45875,-1.57416],[104.45826,-1.57394]],[[104.45816,-1.57389],[104.45732,-1.57003],[104.45597,-1.57187],[104.45484,-1.57049],[104.45558,-1.56452],[104.45771,-1.56507],[104.45425,-1.55312],[104.45423,-1.54498],[104.45328,-1.54322],[104.45355,-1.54677],[104.4522,-1.5428],[104.45167,-1.54281],[104.45263,-1.54607],[104.45179,-1.54634],[104.45121,-1.54118],[104.44602,-1.53195],[104.44602,-1.52734],[104.44291,-1.51919],[104.44344,-1.51567],[104.44141,-1.51132],[104.44119,-1.50725],[104.44253,-1.5059],[104.44085,-1.50182],[104.44444,-1.4717],[104.4499,-1.4565],[104.44943,-1.4527],[104.45115,-1.44978],[104.45277,-1.44972],[104.45158,-1.44592],[104.45196,-1.44041],[104.45326,-1.43968],[104.45231,-1.43859],[104.45413,-1.43533],[104.45304,-1.43398],[104.45412,-1.43452],[104.45439,-1.43224],[104.45475,-1.43805],[104.45654,-1.43902],[104.45889,-1.42855],[104.45733,-1.40575],[104.45221,-1.38784],[104.45296,-1.38485]],[[104.45709,-1.44022],[104.45681,-1.43985],[104.45633,-1.43995],[104.45681,-1.43997],[104.45709,-1.44022]],[[104.44248,-1.51567],[104.4425,-1.51572]],[[104.47608,-1.62966],[104.47591,-1.62898],[104.47564,-1.62895],[104.47586,-1.62966],[104.47608,-1.62966]],[[104.47718,-1.63116],[104.47645,-1.62961],[104.4767,-1.63089]],[[104.47686,-1.63111],[104.4769,-1.63116]],[[104.53131,-1.71409],[104.53136,-1.71327],[104.53118,-1.71296],[104.53066,-1.71354],[104.53131,-1.71409]],[[104.50473,-1.80327],[104.51147,-1.80687],[104.5257,-1.79958],[104.52969,-1.80012],[104.53737,-1.78985],[104.54114,-1.78764],[104.53962,-1.78683],[104.54088,-1.78498],[104.54195,-1.78737],[104.54292,-1.78547],[104.5471,-1.78466],[104.54461,-1.77977],[104.54546,-1.7722],[104.54215,-1.76403],[104.54317,-1.75561],[104.53846,-1.74666],[104.53769,-1.73797],[104.52721,-1.71911]],[[104.52687,-1.71856],[104.52201,-1.71546]],[[104.52962,-1.71789],[104.53091,-1.71624],[104.52916,-1.71569]],[[104.52883,-1.71558],[104.52872,-1.71558]],[[104.52864,-1.71612],[104.52962,-1.71789]],[[104.50398,-1.80904],[104.50311,-1.80458]]]}},{"id":"55","type":"Feature","properties":{"year":2004,"certainty":"insufficient data"},"geometry":{"type":"MultiLineString","coordinates":[[[104.48348,-1.83214],[104.48557,-1.83319],[104.4884,-1.83078],[104.50388,-1.80907]],[[104.47262,-1.85066],[104.47747,-1.85206],[104.48098,-1.85068],[104.4845,-1.83756],[104.48468,-1.83431],[104.483,-1.83268]],[[104.46722,-1.86342],[104.47297,-1.85792],[104.47208,-1.85555],[104.47376,-1.85466],[104.47186,-1.8514]],[[104.62043,-1.95186],[104.62662,-1.93987],[104.62985,-1.94047],[104.62894,-1.93884],[104.63174,-1.93689],[104.63471,-1.93806],[104.63579,-1.93531],[104.6401,-1.93698],[104.64199,-1.93609],[104.64447,-1.92554],[104.64343,-1.92093],[104.6405,-1.91631],[104.60397,-1.88084],[104.59534,-1.87415],[104.59518,-1.8726],[104.59167,-1.87125],[104.59237,-1.8702],[104.59022,-1.87094],[104.58401,-1.86552],[104.58244,-1.86609],[104.58164,-1.86527],[104.58339,-1.86365],[104.57407,-1.85794],[104.57107,-1.85743],[104.5708,-1.85882],[104.56864,-1.85625],[104.56783,-1.85744],[104.56783,-1.8563],[104.56001,-1.85648],[104.55819,-1.85441],[104.55942,-1.85333],[104.55731,-1.85218],[104.55354,-1.85145],[104.54132,-1.85875],[104.5397,-1.86173],[104.54089,-1.86689],[104.53965,-1.87232],[104.53418,-1.8848],[104.5328,-1.88453],[104.53312,-1.88887],[104.52358,-1.91245]],[[104.56084,-1.85224],[104.56055,-1.85192],[104.55989,-1.85197],[104.56028,-1.85235],[104.56084,-1.85224]],[[104.55499,-1.85251],[104.55679,-1.85251],[104.55568,-1.85278]],[[104.58075,-1.86283],[104.58186,-1.86379]],[[104.58568,-1.86473],[104.58536,-1.86469],[104.58424,-1.86392],[104.58455,-1.86454],[104.58536,-1.86479],[104.58568,-1.86473]],[[104.47257,-1.8704],[104.47412,-1.8666],[104.47234,-1.86491],[104.46803,-1.86536]],[[104.47422,-1.88746],[104.47775,-1.88506],[104.479,-1.87556],[104.47751,-1.86932],[104.47323,-1.87094]],[[104.46262,-1.90746],[104.46963,-1.90572],[104.47628,-1.9008],[104.47888,-1.89211],[104.47773,-1.88948],[104.47449,-1.8881]],[[104.46476,-1.92604],[104.46362,-1.91735],[104.46541,-1.90948],[104.46289,-1.90971]],[[104.47242,-1.91274],[104.47368,-1.91187],[104.4737,-1.91138],[104.47196,-1.91247],[104.47242,-1.91274]],[[104.497,-1.94749],[104.49674,-1.93202],[104.4877,-1.91432],[104.48285,-1.91236],[104.47233,-1.91314],[104.46789,-1.92604]],[[104.5225,-1.91731],[104.52063,-1.92361],[104.52213,-1.92551]],[[104.52169,-1.92645],[104.51333,-1.92509],[104.50658,-1.92964],[104.50497,-1.93473],[104.5013,-1.9388],[104.50076,-1.94722]],[[104.63149,-1.93884],[104.63093,-1.93849],[104.63085,-1.93857],[104.6312,-1.93887],[104.63149,-1.93884]],[[104.61582,-1.95537],[104.61782,-1.95458]],[[104.61409,-1.96407],[104.61366,-1.96195],[104.61501,-1.96369],[104.61555,-1.96133],[104.6169,-1.96205],[104.61855,-1.96109],[104.61636,-1.95983],[104.61771,-1.96007],[104.61744,-1.95929],[104.61933,-1.95953],[104.61967,-1.95892],[104.61666,-1.95783],[104.61755,-1.95729],[104.61744,-1.95589],[104.6169,-1.95719],[104.61555,-1.95647]],[[104.62478,-1.95783],[104.62418,-1.95781],[104.62388,-1.95756],[104.62418,-1.95788],[104.62478,-1.95783]],[[104.62203,-1.95826],[104.62228,-1.95919],[104.6232,-1.95919],[104.62234,-1.95783]],[[104.61546,-1.9581],[104.61474,-1.95934]],[[104.62025,-1.95973],[104.62078,-1.95946],[104.62068,-1.95912],[104.61979,-1.95946],[104.62025,-1.95973]],[[104.62181,-1.95946],[104.62176,-1.95914],[104.62114,-1.95946],[104.62149,-1.95972],[104.62181,-1.95946]],[[104.62002,-1.96055],[104.61977,-1.96],[104.61817,-1.95973],[104.61825,-1.96034],[104.62002,-1.96055]],[[104.62239,-1.96],[104.62256,-1.9597],[104.62186,-1.96],[104.62203,-1.96009],[104.62239,-1.96]],[[104.61464,-1.96027],[104.61296,-1.96]],[[104.61258,-1.96297],[104.61226,-1.9619],[104.61258,-1.96127],[104.6128,-1.96272],[104.61258,-1.96297]],[[104.61709,-1.98009],[104.61723,-1.96787],[104.61501,-1.96482],[104.61393,-1.96592],[104.61113,-1.96434],[104.61177,-1.96265],[104.61258,-1.96476],[104.61388,-1.96407]],[[104.61339,-1.96346],[104.61292,-1.96326],[104.61297,-1.96272],[104.61348,-1.96272],[104.61339,-1.96346]],[[104.617,-1.96326],[104.61704,-1.96299],[104.61645,-1.96272],[104.6169,-1.9634],[104.617,-1.96326]],[[104.65373,-1.96293],[104.64279,-1.96842],[104.632,-1.97647],[104.62949,-1.98036],[104.63119,-1.98325]],[[104.63065,-1.98416],[104.62876,-1.98306],[104.62776,-1.9847]],[[104.62766,-1.98525],[104.62139,-1.99556]],[[104.61366,-1.98941],[104.61511,-1.98904]],[[104.59828,-2.00197],[104.60556,-2.00002],[104.61042,-1.99429]],[[104.62094,-1.99614],[104.61257,-2.00494],[104.60259,-2.00829],[104.60349,-2.01048]],[[104.60329,-2.01075],[104.59908,-2.00828]]]}},{"id":"56","type":"Feature","properties":{"year":2005,"certainty":"unstable data"},"geometry":{"type":"MultiLineString","coordinates":[[[104.64309,-1.92052],[104.64159,-1.91868]],[[104.63593,-1.91266],[104.63465,-1.91156]],[[104.62831,-1.90505],[104.62788,-1.9045]],[[104.62784,-1.90447],[104.62568,-1.90253]]]}},{"id":"57","type":"Feature","properties":{"year":2005,"certainty":"good"},"geometry":{"type":"MultiLineString","coordinates":[[[104.62788,-1.9045],[104.62784,-1.90447]],[[104.60951,-1.88713],[104.6095,-1.88712]],[[104.609,-1.88659],[104.60842,-1.88625]],[[104.60815,-1.88567],[104.60815,-1.88557]],[[104.60808,-1.8855],[104.60788,-1.88546]],[[104.47617,-1.90093],[104.47786,-1.89645]]]}},{"id":"58","type":"Feature","properties":{"year":2005,"certainty":"insufficient data"},"geometry":{"type":"MultiLineString","coordinates":[[[104.48348,-1.83214],[104.48557,-1.83319],[104.4884,-1.83078],[104.50388,-1.80907]],[[104.47262,-1.85066],[104.47747,-1.85206],[104.48098,-1.85068],[104.4845,-1.83756],[104.48468,-1.83431],[104.483,-1.83268]],[[104.46722,-1.86341],[104.47297,-1.85792],[104.47208,-1.85555],[104.47376,-1.85466],[104.47186,-1.8514]],[[104.60766,-1.96299],[104.6091,-1.95973],[104.61257,-1.9562],[104.61339,-1.9572],[104.62124,-1.95105],[104.62662,-1.9398],[104.62985,-1.94047],[104.6293,-1.93829],[104.63201,-1.93686],[104.63471,-1.93806],[104.63579,-1.93531],[104.6401,-1.93698],[104.64199,-1.93609],[104.64413,-1.925],[104.64309,-1.92052]],[[104.64159,-1.91868],[104.63593,-1.91266]],[[104.63465,-1.91156],[104.62831,-1.90505]],[[104.62568,-1.90253],[104.60951,-1.88713]],[[104.6095,-1.88712],[104.609,-1.88659]],[[104.60842,-1.88625],[104.60815,-1.88567]],[[104.60815,-1.88557],[104.60808,-1.8855]],[[104.60788,-1.88546],[104.59264,-1.87056],[104.58179,-1.86554],[104.58339,-1.86365],[104.57771,-1.85984],[104.56864,-1.85625],[104.56756,-1.85757],[104.56001,-1.85648],[104.55819,-1.85441],[104.55942,-1.85333],[104.55748,-1.85224],[104.55125,-1.85197],[104.55057,-1.85413],[104.54868,-1.85359],[104.54463,-1.85591],[104.54032,-1.86013],[104.53965,-1.87232],[104.53418,-1.8848],[104.5328,-1.88453],[104.53312,-1.88887],[104.52358,-1.91245]],[[104.56084,-1.85224],[104.56055,-1.85192],[104.55989,-1.85197],[104.56028,-1.85235],[104.56084,-1.85224]],[[104.55499,-1.85251],[104.55679,-1.85251],[104.55568,-1.85278]],[[104.56763,-1.85713],[104.56763,-1.85686],[104.56783,-1.8563],[104.56708,-1.85658],[104.56763,-1.85713]],[[104.58075,-1.86283],[104.58186,-1.86379]],[[104.58568,-1.86473],[104.58536,-1.86469],[104.58424,-1.86392],[104.58455,-1.86454],[104.58536,-1.86479],[104.58568,-1.86473]],[[104.47257,-1.8704],[104.47412,-1.8666],[104.47234,-1.86491],[104.46803,-1.86538]],[[104.47422,-1.88745],[104.47775,-1.88506],[104.479,-1.87556],[104.47751,-1.86932],[104.47323,-1.87094]],[[104.46262,-1.90746],[104.47017,-1.90551],[104.47617,-1.90093]],[[104.47786,-1.89645],[104.47861,-1.89103],[104.47449,-1.88812]],[[104.46472,-1.92604],[104.46367,-1.91627],[104.46541,-1.90948],[104.46289,-1.90971]],[[104.47252,-1.91274],[104.4737,-1.91193],[104.47368,-1.9113],[104.47178,-1.91274],[104.47252,-1.91274]],[[104.49708,-1.94803],[104.49673,-1.93202],[104.4877,-1.91432],[104.48123,-1.91226],[104.47071,-1.91364],[104.46774,-1.92616]],[[104.5225,-1.91731],[104.52063,-1.92361],[104.52213,-1.92551]],[[104.46564,-1.92359],[104.46531,-1.92313],[104.46489,-1.92332],[104.46531,-1.92381],[104.46564,-1.92359]],[[104.52169,-1.92645],[104.51333,-1.92509],[104.50658,-1.92965],[104.50496,-1.93467],[104.5013,-1.9388],[104.50073,-1.94722]],[[104.63149,-1.93884],[104.63093,-1.93849],[104.63085,-1.93857],[104.6312,-1.93887],[104.63149,-1.93884]],[[104.61177,-1.98619],[104.61447,-1.98716],[104.61671,-1.98443],[104.61685,-1.97385],[104.61496,-1.97005],[104.61629,-1.96869],[104.60783,-1.96326]],[[104.65373,-1.96296],[104.64279,-1.96842],[104.632,-1.97647],[104.62949,-1.98036],[104.63119,-1.98325]],[[104.63065,-1.98416],[104.62876,-1.98306],[104.62776,-1.9847]],[[104.62766,-1.98525],[104.62139,-1.99556]],[[104.61234,-1.99094],[104.61273,-1.98931],[104.61089,-1.98769]],[[104.61488,-1.98986],[104.61527,-1.98962],[104.61527,-1.98953],[104.615,-1.98947],[104.61473,-1.99004],[104.61488,-1.98986]],[[104.57346,-1.99891],[104.58857,-2.00198],[104.6007,-2.00174],[104.60575,-1.9999],[104.61042,-1.99429]],[[104.62094,-1.99614],[104.61257,-2.00498],[104.60263,-2.00831],[104.60349,-2.01048]],[[104.57481,-2.00226],[104.57481,-2.00187]],[[104.57887,-2.00613],[104.57562,-2.00447]],[[104.60325,-2.01075],[104.59935,-2.00843],[104.58964,-2.0082],[104.58344,-2.00574],[104.58139,-2.00858]]]}},{"id":"59","type":"Feature","properties":{"year":2005,"certainty":"insufficient data"},"geometry":{"type":"MultiLineString","coordinates":[[[104.5033,-1.68083],[104.49669,-1.67242]],[[104.46747,-1.61107],[104.46581,-1.60512]],[[104.44237,-1.48663],[104.44225,-1.48568]],[[104.45182,-1.4499],[104.45155,-1.44949]],[[104.45155,-1.44929],[104.45155,-1.44892]],[[104.45155,-1.4489],[104.45182,-1.448]],[[104.45175,-1.44334],[104.45182,-1.44309]],[[104.45186,-1.4428],[104.45275,-1.43818]],[[104.4529,-1.43737],[104.45304,-1.43397],[104.45412,-1.43449],[104.45439,-1.43223],[104.45513,-1.43506],[104.45759,-1.4295]],[[104.45803,-1.42174],[104.45727,-1.40914]],[[104.457,-1.40589],[104.45447,-1.39639]],[[104.45376,-1.39476],[104.45156,-1.38404],[104.45664,-1.36233],[104.45623,-1.35669]],[[104.50473,-1.80327],[104.51147,-1.80687],[104.5257,-1.79958],[104.53049,-1.7992]],[[104.53103,-1.79847],[104.53806,-1.7894]],[[104.53837,-1.78913],[104.53858,-1.78892]],[[104.53863,-1.78886],[104.54088,-1.78505],[104.54114,-1.78671],[104.54533,-1.78513]],[[104.54466,-1.77936],[104.5448,-1.77421]],[[104.54473,-1.77231],[104.54353,-1.76932]],[[104.54131,-1.75276],[104.53822,-1.74584],[104.53795,-1.73974]],[[104.50398,-1.80904],[104.50311,-1.80458]]]}},{"id":"60","type":"Feature","properties":{"year":2006,"certainty":"good"},"geometry":{"type":"MultiLineString","coordinates":[[[104.52147,-1.71487],[104.52744,-1.71001],[104.51219,-1.69047],[104.49316,-1.6705],[104.47474,-1.63374],[104.4635,-1.60306],[104.45831,-1.58732],[104.45867,-1.58496],[104.46032,-1.58596],[104.45867,-1.57939],[104.4584,-1.58144],[104.45718,-1.58026],[104.45687,-1.57836],[104.45818,-1.57782],[104.45651,-1.57175],[104.45468,-1.56995],[104.45361,-1.55611],[104.45043,-1.54308],[104.44381,-1.52951],[104.43954,-1.51399],[104.44083,-1.48568]],[[104.44302,-1.47292],[104.45102,-1.43615],[104.45439,-1.43237],[104.45437,-1.43452],[104.45548,-1.43343],[104.45768,-1.42421],[104.45586,-1.40168],[104.45134,-1.38756],[104.45613,-1.35669]],[[104.50473,-1.80327],[104.50891,-1.80635]],[[104.54371,-1.7849],[104.54397,-1.78235]],[[104.54419,-1.77339],[104.54161,-1.76213],[104.54189,-1.75561],[104.53757,-1.74503],[104.53657,-1.73793],[104.52714,-1.71956],[104.52201,-1.71555]],[[104.50377,-1.80904],[104.50311,-1.80456]]]}},{"id":"61","type":"Feature","properties":{"year":2006,"certainty":"insufficient data"},"geometry":{"type":"MultiLineString","coordinates":[[[104.48348,-1.83214],[104.4853,-1.83325],[104.48827,-1.83066],[104.49133,-1.82427],[104.49621,-1.81748],[104.50077,-1.8145],[104.50377,-1.80907]],[[104.47262,-1.85045],[104.47774,-1.85203],[104.48067,-1.85005],[104.48262,-1.83919],[104.48433,-1.83784],[104.48455,-1.83431],[104.48294,-1.83268]],[[104.46722,-1.86341],[104.47241,-1.85846],[104.47328,-1.85276],[104.47181,-1.85146]],[[104.60638,-1.96323],[104.61258,-1.95637],[104.61339,-1.95729],[104.6196,-1.95297],[104.62635,-1.93903],[104.63376,-1.93519]],[[104.6343,-1.93498],[104.64118,-1.93669],[104.64252,-1.93192]],[[104.60626,-1.88462],[104.59076,-1.86934],[104.57403,-1.86058],[104.57134,-1.8577],[104.55893,-1.85502],[104.55381,-1.85219],[104.5442,-1.85631]],[[104.56486,-1.85363],[104.5652,-1.85278]],[[104.54128,-1.85875],[104.5397,-1.86201],[104.54115,-1.86662],[104.53938,-1.87368],[104.53423,-1.8848],[104.5329,-1.88453],[104.5332,-1.88887],[104.52304,-1.91443],[104.52709,-1.91139]],[[104.57681,-1.86039],[104.57565,-1.85916],[104.57428,-1.86011],[104.57619,-1.85985],[104.57681,-1.86039]],[[104.47257,-1.8704],[104.4743,-1.86742],[104.47126,-1.86487],[104.46803,-1.86538]],[[104.47422,-1.88747],[104.47733,-1.8856],[104.47894,-1.87977]],[[104.47898,-1.87814],[104.4772,-1.87134],[104.47558,-1.87008],[104.47338,-1.87094]],[[104.46262,-1.9075],[104.46936,-1.90614],[104.47622,-1.90093]],[[104.47705,-1.89934],[104.47706,-1.89931]],[[104.47732,-1.89861],[104.47735,-1.89849]],[[104.47786,-1.89649],[104.47831,-1.89049],[104.47449,-1.88812]],[[104.46778,-1.90812],[104.46694,-1.90708],[104.46617,-1.90704],[104.46667,-1.90804],[104.46778,-1.90812]],[[104.46464,-1.92604],[104.4662,-1.92305],[104.46422,-1.92169],[104.46367,-1.91816],[104.4653,-1.90948],[104.46289,-1.90977]],[[104.47246,-1.91274],[104.47379,-1.91193],[104.47368,-1.91122],[104.47178,-1.91274],[104.47246,-1.91274]],[[104.52736,-1.91169],[104.52124,-1.92035],[104.52068,-1.92361],[104.52219,-1.92551]],[[104.49702,-1.94803],[104.49662,-1.93175],[104.49903,-1.93402],[104.49985,-1.9331],[104.49852,-1.93229],[104.49906,-1.93066],[104.49822,-1.92966],[104.49633,-1.9308],[104.49168,-1.92034],[104.4868,-1.91437],[104.48069,-1.91222],[104.47071,-1.91363],[104.4699,-1.91746],[104.46936,-1.91752],[104.46936,-1.91708],[104.46747,-1.91637],[104.46666,-1.91667],[104.46634,-1.91654],[104.4672,-1.91824],[104.46855,-1.91684],[104.46941,-1.91898],[104.46824,-1.91952],[104.46881,-1.92142],[104.46669,-1.92224],[104.46693,-1.92291],[104.4685,-1.92359],[104.4679,-1.92604]],[[104.46891,-1.91382],[104.46985,-1.91301],[104.46739,-1.91328],[104.46774,-1.91409],[104.46891,-1.91382]],[[104.46707,-1.91627],[104.46804,-1.91545],[104.46747,-1.9142],[104.46637,-1.91491],[104.46707,-1.91627]],[[104.4672,-1.91567],[104.46703,-1.91518],[104.4672,-1.91447],[104.46767,-1.91464],[104.4672,-1.91567]],[[104.46928,-1.916],[104.46909,-1.91583],[104.46815,-1.916],[104.46909,-1.91619],[104.46928,-1.916]],[[104.46727,-1.91952],[104.46757,-1.91898],[104.46747,-1.91888],[104.46693,-1.91952],[104.46727,-1.91952]],[[104.46828,-1.92288],[104.46747,-1.92303],[104.46722,-1.92278],[104.46828,-1.9222],[104.46828,-1.92288]],[[104.52169,-1.9266],[104.51306,-1.92522],[104.51178,-1.92741],[104.50658,-1.92978],[104.50499,-1.93473],[104.50191,-1.93799]],[[104.49876,-1.93092],[104.49816,-1.93066],[104.49849,-1.93016],[104.49883,-1.93066],[104.49876,-1.93092]],[[104.50134,-1.9388],[104.50085,-1.94722]],[[104.61177,-1.98623],[104.6142,-1.98717],[104.61635,-1.98539],[104.61685,-1.97385],[104.6094,-1.96407],[104.60719,-1.96491]],[[104.65373,-1.96418],[104.63578,-1.97341],[104.62983,-1.97955],[104.63119,-1.9832]],[[104.63065,-1.98428],[104.62839,-1.98335],[104.6246,-1.99203],[104.61797,-1.99994],[104.61257,-2.00507],[104.60286,-2.00817],[104.60352,-2.01048]],[[104.61109,-1.99311],[104.61273,-1.98986],[104.61091,-1.98769]],[[104.57346,-1.99891],[104.58857,-2.00198],[104.6007,-2.00174],[104.60575,-1.9999],[104.61042,-1.99429]],[[104.57887,-2.00613],[104.57525,-2.00423]],[[104.60329,-2.01075],[104.59908,-2.00832],[104.58964,-2.0082],[104.58344,-2.00574],[104.58139,-2.00858]]]}},{"id":"62","type":"Feature","properties":{"year":2006,"certainty":"good"},"geometry":{"type":"MultiLineString","coordinates":[[[104.63376,-1.93519],[104.6343,-1.93498]],[[104.64252,-1.93192],[104.64402,-1.92473],[104.6428,-1.92037],[104.60626,-1.88462]],[[104.47894,-1.87977],[104.47898,-1.87814]],[[104.47622,-1.90093],[104.47705,-1.89934]],[[104.47706,-1.89931],[104.47732,-1.89861]],[[104.47735,-1.89849],[104.47786,-1.89649]]]}},{"id":"63","type":"Feature","properties":{"year":2007,"certainty":"good"},"geometry":{"type":"MultiLineString","coordinates":[[[104.49623,-1.8173],[104.4965,-1.81726]],[[104.47868,-1.85181],[104.47895,-1.85155]],[[104.47897,-1.85154],[104.47922,-1.85139]],[[104.48242,-1.84041],[104.48381,-1.83874]],[[104.48419,-1.83851],[104.48435,-1.83681]],[[104.48301,-1.83271],[104.48298,-1.83268]],[[104.46816,-1.86281],[104.46843,-1.86266]],[[104.46896,-1.86212],[104.46897,-1.86211]],[[104.46922,-1.86185],[104.46924,-1.86183]],[[104.46948,-1.86158],[104.4714,-1.85954]],[[104.6335,-1.9353],[104.6343,-1.93495]],[[104.64244,-1.93463],[104.6424,-1.93448]],[[104.64234,-1.93436],[104.64399,-1.92473],[104.6429,-1.92065],[104.60686,-1.88523]],[[104.47895,-1.87972],[104.47895,-1.87929]],[[104.47894,-1.87922],[104.47894,-1.87678]],[[104.47895,-1.87676],[104.47895,-1.87651]],[[104.49736,-1.94762],[104.49754,-1.94746]],[[104.49712,-1.94572],[104.497,-1.94526]],[[104.497,-1.94375],[104.497,-1.94361]],[[104.49653,-1.94314],[104.49672,-1.94274]],[[104.497,-1.94333],[104.4966,-1.94333]]]}},{"id":"64","type":"Feature","properties":{"year":2007,"certainty":"unstable data"},"geometry":{"type":"MultiLineString","coordinates":[[[104.47875,-1.88058],[104.47895,-1.87972]],[[104.47895,-1.87929],[104.47894,-1.87922]]]}},{"id":"65","type":"Feature","properties":{"year":2007,"certainty":"insufficient data"},"geometry":{"type":"MultiLineString","coordinates":[[[104.4835,-1.83214],[104.4853,-1.83322],[104.48827,-1.83053],[104.49623,-1.8173]],[[104.4965,-1.81726],[104.50095,-1.81428],[104.50376,-1.80907]],[[104.47262,-1.85075],[104.47868,-1.85181]],[[104.47895,-1.85155],[104.47897,-1.85154]],[[104.47922,-1.85139],[104.48197,-1.84706],[104.48242,-1.84041]],[[104.48381,-1.83874],[104.48419,-1.83851]],[[104.48435,-1.83681],[104.48301,-1.83271]],[[104.46722,-1.86342],[104.46816,-1.86281]],[[104.46843,-1.86266],[104.46896,-1.86212]],[[104.46897,-1.86211],[104.46922,-1.86185]],[[104.46924,-1.86183],[104.46948,-1.86158]],[[104.4714,-1.85954],[104.47323,-1.85466],[104.47184,-1.8514]],[[104.55695,-1.85333],[104.55138,-1.8524],[104.55057,-1.85424],[104.54976,-1.8533],[104.54436,-1.85649]],[[104.54356,-1.85372],[104.54463,-1.85468],[104.54329,-1.85301]],[[104.57269,-1.85981],[104.56945,-1.85801]],[[104.54059,-1.86],[104.53983,-1.87232],[104.53578,-1.88182],[104.53276,-1.88477],[104.5332,-1.88887],[104.52304,-1.91443],[104.52709,-1.9114]],[[104.60638,-1.96323],[104.61258,-1.95647],[104.61312,-1.95734],[104.6193,-1.95322],[104.62623,-1.93884],[104.6335,-1.9353]],[[104.6343,-1.93495],[104.64037,-1.93687],[104.64244,-1.93463]],[[104.6424,-1.93448],[104.64234,-1.93436]],[[104.60686,-1.88523],[104.59031,-1.86908],[104.57341,-1.86011]],[[104.4726,-1.8704],[104.47423,-1.8674],[104.47126,-1.86483],[104.46803,-1.86537]],[[104.47422,-1.88747],[104.47709,-1.88587],[104.47875,-1.88058]],[[104.47894,-1.87678],[104.47895,-1.87676]],[[104.47895,-1.87651],[104.47639,-1.87044],[104.47333,-1.87094]],[[104.47503,-1.90236],[104.47879,-1.89266],[104.47781,-1.88967],[104.47449,-1.88816]],[[104.46828,-1.90617],[104.47071,-1.90727],[104.4694,-1.90595],[104.47233,-1.9045]],[[104.4685,-1.9084],[104.46974,-1.90812],[104.46855,-1.90828]],[[104.46667,-1.90817],[104.46807,-1.9084]],[[104.47017,-1.90998],[104.46768,-1.91084]],[[104.49664,-1.92252],[104.49746,-1.92496],[104.49498,-1.92322],[104.49417,-1.92505],[104.48581,-1.91371],[104.48069,-1.91225],[104.47226,-1.91301],[104.47341,-1.91133],[104.47179,-1.91294],[104.47023,-1.91002]],[[104.52736,-1.91171],[104.52239,-1.91764],[104.5207,-1.92307],[104.51789,-1.92225],[104.51872,-1.92601],[104.5136,-1.92507]],[[104.49876,-1.93364],[104.49996,-1.9331],[104.49852,-1.93202],[104.49966,-1.92876],[104.49667,-1.92849],[104.49795,-1.92666],[104.50146,-1.92634],[104.5029,-1.9236],[104.50005,-1.92469],[104.50011,-1.92596],[104.49744,-1.92333],[104.49814,-1.9217]],[[104.51288,-1.92551],[104.50658,-1.92982],[104.5055,-1.93364],[104.50063,-1.93473]],[[104.50311,-1.93039],[104.50288,-1.93012],[104.50307,-1.92947],[104.50277,-1.93012],[104.50311,-1.93039]],[[104.49735,-1.94776],[104.49736,-1.94762]],[[104.49754,-1.94746],[104.49849,-1.94667],[104.49712,-1.94572]],[[104.497,-1.94526],[104.497,-1.94375]],[[104.497,-1.94361],[104.49767,-1.94331],[104.49768,-1.94276],[104.49616,-1.94179],[104.49674,-1.93419]],[[104.50091,-1.93522],[104.503,-1.9369],[104.50047,-1.9388],[104.50075,-1.94722]],[[104.49984,-1.93935],[104.5002,-1.93907],[104.49983,-1.93826],[104.4992,-1.93853],[104.49984,-1.93935]],[[104.49805,-1.94124],[104.49859,-1.94097],[104.49734,-1.94097],[104.49768,-1.94131],[104.49805,-1.94124]],[[104.49672,-1.94274],[104.497,-1.94333]],[[104.61177,-1.98623],[104.6142,-1.98714],[104.61635,-1.98539],[104.61681,-1.97385],[104.60936,-1.96407],[104.60719,-1.96505]],[[104.65373,-1.96429],[104.63956,-1.97073],[104.6319,-1.97738]],[[104.62799,-1.98443],[104.62461,-1.99203],[104.61797,-1.99991],[104.61122,-2.00569],[104.60286,-2.00815],[104.60311,-2.01021],[104.58317,-2.00571],[104.58144,-2.00831]],[[104.61081,-1.99311],[104.61268,-1.98959],[104.61093,-1.98769]],[[104.6088,-1.99679],[104.61009,-1.99474]],[[104.57562,-1.9999],[104.58937,-2.00202],[104.60124,-2.00172]],[[104.60386,-2.00098],[104.60653,-1.99936]],[[104.57865,-2.00695],[104.57688,-2.0045]]]}},{"id":"66","type":"Feature","properties":{"year":2007,"certainty":"good"},"geometry":{"type":"MultiLineString","coordinates":[[[104.52147,-1.71486],[104.52691,-1.71029],[104.5115,-1.6898],[104.49316,-1.6709],[104.4738,-1.63265],[104.46043,-1.59574],[104.45843,-1.58108],[104.45759,-1.58197],[104.45559,-1.57429],[104.45678,-1.57444],[104.45255,-1.56398],[104.45333,-1.55611],[104.45194,-1.54987],[104.44316,-1.52788],[104.43946,-1.51404],[104.43883,-1.50725],[104.4418,-1.47224],[104.44879,-1.45026],[104.45021,-1.44022],[104.45331,-1.43405],[104.45385,-1.43535],[104.4557,-1.43316],[104.45737,-1.42611],[104.45609,-1.40358],[104.45123,-1.38648],[104.45612,-1.35669]],[[104.50473,-1.80325],[104.50891,-1.80633]],[[104.53018,-1.79917],[104.53049,-1.79892]],[[104.53051,-1.7989],[104.53103,-1.79822]],[[104.53661,-1.7894],[104.53983,-1.78465],[104.54465,-1.78386],[104.5436,-1.77963]],[[104.54366,-1.77393],[104.54143,-1.75616],[104.53603,-1.73685],[104.52714,-1.71965],[104.52201,-1.71555]],[[104.50377,-1.80904],[104.50311,-1.80454]]]}},{"id":"67","type":"Feature","properties":{"year":2008,"certainty":"good"},"geometry":{"type":"MultiLineString","coordinates":[[[104.52147,-1.71485],[104.52447,-1.71354],[104.52614,-1.71001],[104.51299,-1.69183],[104.49292,-1.67092],[104.46801,-1.61854],[104.45881,-1.59193],[104.45822,-1.58406],[104.45208,-1.56506],[104.45298,-1.55747],[104.44987,-1.54308],[104.4431,-1.52788],[104.43948,-1.51404],[104.43936,-1.4888],[104.44132,-1.47577],[104.451,-1.43913],[104.45266,-1.43533],[104.45466,-1.43563],[104.45628,-1.43288],[104.45756,-1.42448],[104.45603,-1.40358],[104.45122,-1.38648],[104.45421,-1.37535],[104.45608,-1.35669]],[[104.45376,-1.43669],[104.45358,-1.436],[104.45284,-1.43615],[104.45331,-1.43682],[104.45376,-1.43669]],[[104.45899,-1.58488],[104.45867,-1.58325],[104.4584,-1.5831],[104.45854,-1.58434],[104.45899,-1.58488]],[[104.50473,-1.80329],[104.51039,-1.8069],[104.5255,-1.79945],[104.52954,-1.79997],[104.5393,-1.7852],[104.54419,-1.78384],[104.54129,-1.75643],[104.53605,-1.73689],[104.52694,-1.71951],[104.52201,-1.71556]],[[104.50377,-1.80904],[104.50311,-1.80454]]]}},{"id":"68","type":"Feature","properties":{"year":2008,"certainty":"insufficient data"},"geometry":{"type":"MultiLineString","coordinates":[[[104.50108,-1.81409],[104.50128,-1.81382]],[[104.50135,-1.81373],[104.50159,-1.81328]],[[104.50243,-1.81213],[104.50258,-1.81192]],[[104.5027,-1.81171],[104.5029,-1.81138]],[[104.50297,-1.81127],[104.50305,-1.81111]],[[104.60638,-1.96321],[104.61258,-1.95671],[104.6194,-1.95308]],[[104.61979,-1.95254],[104.62387,-1.94236],[104.62945,-1.93722]],[[104.60572,-1.8842],[104.58919,-1.86826],[104.5681,-1.85712],[104.56028,-1.85499],[104.56001,-1.85299],[104.5592,-1.85425],[104.55623,-1.85187],[104.55285,-1.8517],[104.54167,-1.85875]],[[104.56352,-1.85255],[104.56442,-1.85387]],[[104.5414,-1.85901],[104.53975,-1.86201],[104.54139,-1.86662],[104.53938,-1.87368],[104.53597,-1.88155],[104.53276,-1.88477],[104.53312,-1.88914],[104.52958,-1.89606]],[[104.529,-1.89824],[104.52297,-1.91438],[104.52709,-1.91147]],[[104.49849,-1.92246],[104.49444,-1.92596],[104.49107,-1.91961]],[[104.48823,-1.91641],[104.48546,-1.91356],[104.48056,-1.91227]],[[104.48012,-1.91233],[104.48002,-1.9124]],[[104.47967,-1.91261],[104.47948,-1.91262]],[[104.47921,-1.91261],[104.47071,-1.91369],[104.46963,-1.91729],[104.46639,-1.91479],[104.46657,-1.91789],[104.4693,-1.91817],[104.46936,-1.92034],[104.46801,-1.92193],[104.46525,-1.92061],[104.46477,-1.92242],[104.46367,-1.91816],[104.46451,-1.90851],[104.46774,-1.90822],[104.46788,-1.90622],[104.47055,-1.90731],[104.46998,-1.90568],[104.47622,-1.90093]],[[104.46958,-1.90812],[104.46909,-1.90785],[104.46873,-1.90812],[104.46936,-1.90832],[104.46958,-1.90812]],[[104.47336,-1.9122],[104.47385,-1.91165],[104.47341,-1.91143],[104.47275,-1.91193],[104.47336,-1.9122]],[[104.52731,-1.91167],[104.521,-1.92062],[104.52072,-1.9247],[104.52223,-1.9255]],[[104.46759,-1.91382],[104.46766,-1.91274],[104.46747,-1.91245],[104.4672,-1.91257],[104.46689,-1.91382],[104.46759,-1.91382]],[[104.46831,-1.91355],[104.4683,-1.91328],[104.46857,-1.91301],[104.46828,-1.91307],[104.46831,-1.91355]],[[104.46828,-1.91784],[104.46731,-1.91762],[104.46747,-1.91693],[104.46852,-1.91708],[104.46828,-1.91784]],[[104.46732,-1.91952],[104.46722,-1.91925],[104.46747,-1.91888],[104.46693,-1.91952],[104.46732,-1.91952]],[[104.46721,-1.92034],[104.46666,-1.91997],[104.46649,-1.92007],[104.46693,-1.9206],[104.46721,-1.92034]],[[104.49703,-1.92279],[104.49754,-1.92197],[104.49714,-1.92155],[104.49678,-1.92252],[104.49703,-1.92279]],[[104.52169,-1.92646],[104.5198,-1.92489],[104.51872,-1.92601],[104.5136,-1.92507]],[[104.61177,-1.98624],[104.6142,-1.98711],[104.61639,-1.98497],[104.61682,-1.97385],[104.60935,-1.96413],[104.60719,-1.96508]],[[104.64158,-1.96964],[104.6319,-1.97738]],[[104.62978,-1.98009],[104.63119,-1.9832]],[[104.63065,-1.98429],[104.62849,-1.98329],[104.62461,-1.99203],[104.61122,-2.00569],[104.60286,-2.00811],[104.60286,-2.01033],[104.59908,-2.00823],[104.58883,-2.00761]],[[104.61015,-1.99462],[104.61255,-1.98959],[104.61092,-1.98769]],[[104.6088,-1.99679],[104.61009,-1.99474]],[[104.60386,-2.00098],[104.60653,-1.99936]],[[104.59099,-2.00223],[104.60178,-2.00171]]]}},{"id":"69","type":"Feature","properties":{"year":2008,"certainty":"unstable data"},"geometry":{"type":"LineString","coordinates":[[104.52958,-1.89606],[104.529,-1.89824]]}},{"id":"70","type":"Feature","properties":{"year":2008,"certainty":"good"},"geometry":{"type":"MultiLineString","coordinates":[[[104.48346,-1.83214],[104.4853,-1.83327],[104.48827,-1.83061],[104.49603,-1.81748],[104.50108,-1.81409]],[[104.50128,-1.81382],[104.50135,-1.81373]],[[104.50159,-1.81328],[104.50243,-1.81213]],[[104.50258,-1.81192],[104.5027,-1.81171]],[[104.5029,-1.81138],[104.50297,-1.81127]],[[104.50305,-1.81111],[104.50376,-1.80907]],[[104.47262,-1.85051],[104.47774,-1.85204],[104.48061,-1.85005],[104.48264,-1.83919],[104.48436,-1.83756],[104.48301,-1.83268]],[[104.46722,-1.86339],[104.47235,-1.85846],[104.47329,-1.85276],[104.47181,-1.85142]],[[104.6194,-1.95308],[104.61979,-1.95254]],[[104.62945,-1.93722],[104.63525,-1.93461],[104.63956,-1.93673],[104.64175,-1.93612],[104.64342,-1.92174],[104.60572,-1.8842]],[[104.4726,-1.8704],[104.47423,-1.86738],[104.47153,-1.86495],[104.46803,-1.86536]],[[104.47422,-1.88745],[104.47707,-1.88587],[104.47904,-1.878],[104.47666,-1.8707],[104.47334,-1.87094]],[[104.49107,-1.91961],[104.48823,-1.91641]],[[104.48056,-1.91227],[104.48012,-1.91233]],[[104.48002,-1.9124],[104.47967,-1.91261]],[[104.47948,-1.91262],[104.47921,-1.91261]],[[104.47622,-1.90093],[104.47866,-1.89157],[104.47449,-1.8881]],[[104.65373,-1.96437],[104.64158,-1.96964]]]}},{"id":"71","type":"Feature","properties":{"year":2009,"certainty":"good"},"geometry":{"type":"MultiLineString","coordinates":[[[104.52147,-1.71485],[104.52552,-1.7128],[104.52606,-1.71008],[104.51339,-1.69237],[104.49977,-1.67931]],[[104.49554,-1.67432],[104.47585,-1.63726],[104.4654,-1.61233],[104.45913,-1.59356],[104.45825,-1.58461],[104.45618,-1.58135],[104.45288,-1.56669],[104.45104,-1.56561],[104.45283,-1.56262],[104.44986,-1.54335],[104.44303,-1.52788],[104.44055,-1.51702],[104.442,-1.51648],[104.43978,-1.51485],[104.43844,-1.50779],[104.43927,-1.4888],[104.44269,-1.47007],[104.44511,-1.46193],[104.44687,-1.46084],[104.44576,-1.45976],[104.45108,-1.44076],[104.45492,-1.43642],[104.45358,-1.4359],[104.45358,-1.43516],[104.45493,-1.43598],[104.4563,-1.43452],[104.45742,-1.42719],[104.45662,-1.40738],[104.45161,-1.38974],[104.45209,-1.38187],[104.45358,-1.38187],[104.45473,-1.37644],[104.45386,-1.37291],[104.45575,-1.37089],[104.45633,-1.35669]],[[104.44866,-1.4546],[104.44865,-1.45433],[104.44813,-1.45406],[104.44811,-1.45433],[104.44866,-1.4546]],[[104.44937,-1.45433],[104.44955,-1.45406],[104.44879,-1.45406],[104.44899,-1.45452],[104.44937,-1.45433]],[[104.50473,-1.80335],[104.51039,-1.80696],[104.52523,-1.79956],[104.52954,-1.79997],[104.53845,-1.78626],[104.54389,-1.78411],[104.54127,-1.75643],[104.53631,-1.73689],[104.52693,-1.71951],[104.52201,-1.71557]],[[104.50385,-1.80904],[104.50311,-1.80453]]]}},{"id":"72","type":"Feature","properties":{"year":2009,"certainty":"good"},"geometry":{"type":"MultiLineString","coordinates":[[[104.48341,-1.83218],[104.4853,-1.83327],[104.48822,-1.83078],[104.4915,-1.824],[104.50068,-1.81474],[104.50383,-1.80907]],[[104.47262,-1.85057],[104.4772,-1.85222],[104.4807,-1.85005],[104.48252,-1.83973],[104.48446,-1.83756],[104.48305,-1.83268]],[[104.46749,-1.86408],[104.47219,-1.859],[104.47196,-1.85574],[104.47388,-1.85222],[104.47192,-1.8514]],[[104.47491,-1.85276],[104.47458,-1.85249],[104.47411,-1.85249],[104.4745,-1.85276],[104.47491,-1.85276]],[[104.47279,-1.8704],[104.47417,-1.86714],[104.47153,-1.86475],[104.46749,-1.8644]],[[104.64224,-1.93463],[104.64391,-1.92445],[104.64295,-1.92093],[104.62002,-1.89778]],[[104.47856,-1.88167],[104.478,-1.87255],[104.47585,-1.87009],[104.47315,-1.87088]],[[104.49107,-1.91959],[104.48979,-1.91777]],[[104.65373,-1.96424],[104.65087,-1.9653]],[[104.57184,-1.99848],[104.57225,-1.99861]],[[104.57252,-1.99863],[104.57274,-1.99867]]]}},{"id":"73","type":"Feature","properties":{"year":2009,"certainty":"insufficient data"},"geometry":{"type":"MultiLineString","coordinates":[[[104.55542,-1.85085],[104.55346,-1.85115]],[[104.553,-1.85131],[104.54167,-1.85875]],[[104.54059,-1.86001],[104.53979,-1.86201]],[[104.58593,-1.86609],[104.57857,-1.8631],[104.57808,-1.86162]],[[104.53357,-1.86578],[104.53276,-1.86768]],[[104.60638,-1.96321],[104.61258,-1.95671],[104.61929,-1.95322],[104.62627,-1.93884],[104.63525,-1.93463],[104.64037,-1.93689],[104.64224,-1.93463]],[[104.62002,-1.89778],[104.59641,-1.87396],[104.58833,-1.86769]],[[104.53249,-1.86933],[104.53191,-1.87367],[104.53033,-1.87449]],[[104.47422,-1.88744],[104.47692,-1.88601],[104.47856,-1.88167]],[[104.46289,-1.90799],[104.46376,-1.90867],[104.46559,-1.90641],[104.4699,-1.90664],[104.47033,-1.90541],[104.47624,-1.9008],[104.47863,-1.89157],[104.47449,-1.88808]],[[104.52628,-1.88924],[104.52736,-1.8916],[104.53095,-1.89349],[104.5279,-1.90081]],[[104.52562,-1.89973],[104.52564,-1.90108]],[[104.52223,-1.90245],[104.52025,-1.90353]],[[104.47611,-1.90602],[104.47604,-1.90596]],[[104.47208,-1.90677],[104.47071,-1.90585],[104.47045,-1.90595],[104.47069,-1.90677],[104.47208,-1.90677]],[[104.46753,-1.90704],[104.46747,-1.90661],[104.4669,-1.90677],[104.4672,-1.90713],[104.46753,-1.90704]],[[104.47584,-1.90662],[104.47599,-1.90677]],[[104.46751,-1.90785],[104.46704,-1.90758],[104.46667,-1.90753],[104.46667,-1.90778],[104.46751,-1.90785]],[[104.49876,-1.9334],[104.49876,-1.93547],[104.50031,-1.93555],[104.49956,-1.9375],[104.4966,-1.93634],[104.49689,-1.93202],[104.49107,-1.91959]],[[104.48979,-1.91777],[104.4842,-1.91223],[104.47314,-1.9129],[104.47044,-1.91544],[104.47045,-1.91464],[104.46977,-1.91464],[104.46921,-1.92061],[104.46666,-1.91988],[104.46709,-1.92061],[104.46693,-1.92152],[104.4636,-1.91816],[104.46424,-1.91465],[104.46477,-1.91583],[104.46718,-1.91355],[104.46531,-1.91285],[104.46477,-1.91426],[104.46506,-1.90921],[104.46289,-1.90961]],[[104.47334,-1.9122],[104.47394,-1.91165],[104.47341,-1.91129],[104.47265,-1.91193],[104.47334,-1.9122]],[[104.52412,-1.91143],[104.52283,-1.91438],[104.52538,-1.91384],[104.52007,-1.92146],[104.52071,-1.92497],[104.51899,-1.9261],[104.51575,-1.92521]],[[104.46829,-1.91382],[104.46855,-1.91328],[104.46801,-1.91298],[104.46819,-1.91382],[104.46829,-1.91382]],[[104.46913,-1.91437],[104.46936,-1.91417],[104.46965,-1.9141],[104.46936,-1.91401],[104.46913,-1.91437]],[[104.46753,-1.91599],[104.4672,-1.91541],[104.4669,-1.91572],[104.4672,-1.91613],[104.46753,-1.91599]],[[104.46887,-1.91627],[104.46862,-1.916],[104.46893,-1.91572],[104.46882,-1.91547],[104.46824,-1.916],[104.46887,-1.91627]],[[104.46658,-1.91762],[104.46639,-1.91707],[104.4659,-1.91735],[104.46639,-1.91776],[104.46658,-1.91762]],[[104.46863,-1.91817],[104.46855,-1.9172],[104.46774,-1.91722],[104.46796,-1.91789],[104.46863,-1.91817]],[[104.5145,-1.92035],[104.51468,-1.91981],[104.51382,-1.91954],[104.51441,-1.92062],[104.5145,-1.92035]],[[104.51198,-1.92089],[104.51225,-1.92118],[104.51252,-1.92124],[104.51288,-1.92035],[104.51198,-1.92089]],[[104.4645,-1.92195],[104.46418,-1.92088],[104.46477,-1.9204],[104.46547,-1.92115],[104.4645,-1.92195]],[[104.46801,-1.92218],[104.46734,-1.92197],[104.46747,-1.92119],[104.46836,-1.92142],[104.46801,-1.92218]],[[104.49849,-1.92414],[104.4985,-1.92415]],[[104.49825,-1.92876],[104.49875,-1.92849],[104.49824,-1.92795],[104.49851,-1.92767],[104.49852,-1.9274],[104.49825,-1.92686],[104.50011,-1.92522],[104.49739,-1.92632],[104.49825,-1.92876]],[[104.51278,-1.92551],[104.51198,-1.92735],[104.50496,-1.92989],[104.50442,-1.93197],[104.5028,-1.93057],[104.49876,-1.93336]],[[104.50149,-1.9274],[104.502,-1.92685],[104.502,-1.9263],[104.5009,-1.92686],[104.50149,-1.9274]],[[104.50445,-1.92903],[104.50506,-1.92768],[104.5028,-1.9269],[104.50307,-1.92817],[104.50445,-1.92903]],[[104.4996,-1.92903],[104.49933,-1.92876],[104.4993,-1.92848],[104.49903,-1.92908],[104.4996,-1.92903]],[[104.49806,-1.93337],[104.49833,-1.93283],[104.49822,-1.93255],[104.49773,-1.93283],[104.49806,-1.93337]],[[104.61177,-1.98624],[104.61447,-1.98706],[104.61639,-1.98497],[104.61681,-1.97385],[104.60935,-1.96413],[104.60719,-1.96508]],[[104.65087,-1.9653],[104.63851,-1.97195]],[[104.63524,-1.97379],[104.63168,-1.97738]],[[104.63073,-1.97711],[104.63011,-1.97801]],[[104.62964,-1.98009],[104.63119,-1.9832]],[[104.63065,-1.98429],[104.6284,-1.98335],[104.62267,-1.9942]],[[104.57225,-1.99861],[104.57252,-1.99863]],[[104.57274,-1.99867],[104.5891,-2.00222],[104.60286,-2.0013],[104.60664,-1.99922],[104.61032,-1.99447],[104.61255,-1.98959],[104.61096,-1.98767]],[[104.62256,-1.99431],[104.61257,-2.00491],[104.60286,-2.0081],[104.60286,-2.01033],[104.59908,-2.00822],[104.58883,-2.00778],[104.58317,-2.00552],[104.58148,-2.00858]],[[104.57852,-2.00831],[104.57885,-2.00585],[104.57103,-2.00162]]]}},{"id":"74","type":"Feature","properties":{"year":2010,"certainty":"good"},"geometry":{"type":"MultiLineString","coordinates":[[[104.48341,-1.83221],[104.4853,-1.83325],[104.48827,-1.83075],[104.49147,-1.824],[104.49636,-1.81753],[104.50068,-1.81469],[104.50383,-1.80907]],[[104.47262,-1.85051],[104.4772,-1.8522],[104.48098,-1.84956],[104.4826,-1.83891],[104.48422,-1.83901],[104.48449,-1.83756],[104.4831,-1.83268]],[[104.46722,-1.86355],[104.46773,-1.86321]],[[104.47332,-1.8529],[104.47181,-1.85146]],[[104.62297,-1.94409],[104.62531,-1.9406]],[[104.63511,-1.93468],[104.63983,-1.93683],[104.64168,-1.93612],[104.64384,-1.92418],[104.64289,-1.92093],[104.6335,-1.91137]],[[104.62919,-1.90687],[104.62514,-1.90255]],[[104.62082,-1.89853],[104.61975,-1.89757]],[[104.47194,-1.86524],[104.46803,-1.86535]],[[104.47858,-1.88167],[104.47884,-1.87529],[104.47706,-1.87111]],[[104.65373,-1.96438],[104.65291,-1.9647]],[[104.65281,-1.96476],[104.65264,-1.9649]]]}},{"id":"75","type":"Feature","properties":{"year":2010,"certainty":"insufficient data"},"geometry":{"type":"MultiLineString","coordinates":[[[104.55542,-1.85085],[104.55381,-1.8536],[104.54841,-1.85479],[104.54124,-1.85929],[104.54003,-1.86472],[104.54223,-1.86716],[104.54068,-1.86743],[104.53943,-1.8734]],[[104.46773,-1.86321],[104.47223,-1.859],[104.47332,-1.8529]],[[104.57592,-1.8606],[104.56729,-1.85625]],[[104.61679,-1.97412],[104.60935,-1.96408],[104.607,-1.96434],[104.61034,-1.95864],[104.61933,-1.95315],[104.62297,-1.94409]],[[104.62531,-1.9406],[104.63511,-1.93468]],[[104.6335,-1.91137],[104.62919,-1.90687]],[[104.62514,-1.90255],[104.62082,-1.89853]],[[104.61975,-1.89757],[104.59641,-1.87396],[104.57808,-1.86162]],[[104.47277,-1.8704],[104.47443,-1.86769],[104.47194,-1.86524]],[[104.47422,-1.88741],[104.47692,-1.88596],[104.47858,-1.88167]],[[104.47706,-1.87111],[104.47531,-1.86999],[104.4732,-1.87094]],[[104.46289,-1.90799],[104.47009,-1.9065],[104.47033,-1.90541],[104.47624,-1.9008],[104.47863,-1.89157],[104.47449,-1.8881]],[[104.52998,-1.89484],[104.53006,-1.89659]],[[104.52838,-1.89946],[104.52728,-1.90244]],[[104.52223,-1.90245],[104.51976,-1.90434]],[[104.47624,-1.90596],[104.47611,-1.90568],[104.47584,-1.90541],[104.47557,-1.90541],[104.47624,-1.90596]],[[104.47208,-1.90677],[104.47071,-1.90585],[104.47045,-1.90595],[104.47098,-1.90661],[104.47208,-1.90677]],[[104.4675,-1.90785],[104.46704,-1.90758],[104.46667,-1.90753],[104.46667,-1.90778],[104.4675,-1.90785]],[[104.50159,-1.93717],[104.49657,-1.9369],[104.49664,-1.93229],[104.4939,-1.92442],[104.4877,-1.91447],[104.48285,-1.91241],[104.47287,-1.91301],[104.46909,-1.92078],[104.46666,-1.91988],[104.46709,-1.92061],[104.46693,-1.92152],[104.46396,-1.91994],[104.46514,-1.90975],[104.46289,-1.90968]],[[104.4734,-1.9122],[104.47386,-1.91165],[104.47341,-1.91136],[104.47264,-1.91193],[104.4734,-1.9122]],[[104.52412,-1.91143],[104.52283,-1.91438],[104.52538,-1.91384],[104.52056,-1.9209],[104.52223,-1.92547]],[[104.46559,-1.91491],[104.46532,-1.91464],[104.46531,-1.91389],[104.46507,-1.91409],[104.4653,-1.91464],[104.46559,-1.91491]],[[104.46475,-1.91572],[104.46483,-1.91545],[104.46477,-1.91516],[104.46448,-1.91572],[104.46475,-1.91572]],[[104.46643,-1.91762],[104.46673,-1.91735],[104.46597,-1.91735],[104.46612,-1.91738],[104.46643,-1.91762]],[[104.4645,-1.92195],[104.46418,-1.92088],[104.46477,-1.9204],[104.46547,-1.92115],[104.4645,-1.92195]],[[104.46801,-1.92218],[104.46734,-1.92197],[104.46747,-1.92119],[104.46836,-1.92142],[104.46801,-1.92218]],[[104.52163,-1.9266],[104.51629,-1.92524]],[[104.51225,-1.92657],[104.50661,-1.92985],[104.50287,-1.93718]],[[104.50354,-1.92822],[104.50469,-1.92756]],[[104.65291,-1.9647],[104.65281,-1.96476]],[[104.65264,-1.9649],[104.63906,-1.97114]],[[104.62742,-1.97429],[104.62721,-1.97683]],[[104.62964,-1.98009],[104.63119,-1.9832]],[[104.63065,-1.98429],[104.62849,-1.98323],[104.6262,-1.9885]]]}},{"id":"76","type":"Feature","properties":{"year":2010,"certainty":"good"},"geometry":{"type":"MultiLineString","coordinates":[[[104.52248,-1.71449],[104.52633,-1.71136],[104.50813,-1.68663]],[[104.50166,-1.68125],[104.4996,-1.67717],[104.49296,-1.67119],[104.47729,-1.64011]],[[104.47525,-1.63604],[104.47282,-1.63034]],[[104.46982,-1.62383],[104.45889,-1.59261]],[[104.45474,-1.57606],[104.4523,-1.56615],[104.45096,-1.56561],[104.45221,-1.55611],[104.44749,-1.53724]],[[104.44351,-1.52937],[104.44075,-1.51773]],[[104.43921,-1.48975],[104.43944,-1.48676]],[[104.44239,-1.47102],[104.44449,-1.46247],[104.447,-1.46084],[104.44596,-1.45921],[104.44726,-1.45921],[104.44884,-1.45094]],[[104.44996,-1.44768],[104.45167,-1.43859],[104.45392,-1.43642],[104.45265,-1.43588],[104.45467,-1.4356],[104.45683,-1.42977]],[[104.45708,-1.42597],[104.4573,-1.42326]],[[104.45714,-1.41647],[104.4569,-1.41349]],[[104.45681,-1.41294],[104.45672,-1.41213]],[[104.45658,-1.40724],[104.45645,-1.40697]],[[104.456,-1.40426],[104.45116,-1.38512],[104.45169,-1.38187],[104.45365,-1.38132],[104.45311,-1.37752],[104.4547,-1.37644],[104.45346,-1.37372],[104.45373,-1.37155],[104.45557,-1.37074],[104.45388,-1.36938],[104.45621,-1.35669]],[[104.50473,-1.80335],[104.51039,-1.807],[104.52523,-1.7995],[104.52954,-1.79997],[104.53926,-1.78523],[104.54387,-1.78411],[104.54119,-1.75589],[104.53682,-1.73987],[104.53069,-1.72576],[104.52323,-1.71622]],[[104.50384,-1.80904],[104.50311,-1.80456]]]}},{"id":"77","type":"Feature","properties":{"year":2011,"certainty":"insufficient data"},"geometry":{"type":"MultiLineString","coordinates":[[[104.45253,-1.38621],[104.45098,-1.38458],[104.45617,-1.35669]],[[104.44449,-1.47088],[104.44228,-1.4698],[104.44332,-1.46573],[104.44733,-1.4584],[104.45064,-1.44755],[104.45069,-1.44103],[104.45331,-1.43577],[104.45412,-1.4365],[104.45686,-1.42719],[104.45705,-1.41444],[104.4548,-1.39951]],[[104.44103,-1.49097],[104.43872,-1.4907],[104.43902,-1.48717],[104.44224,-1.48203]],[[104.44084,-1.48907],[104.44107,-1.48853],[104.44089,-1.48847],[104.44051,-1.4888],[104.44084,-1.48907]],[[104.5028,-1.68205],[104.49964,-1.67672],[104.49309,-1.67147],[104.49305,-1.66875],[104.47583,-1.63781],[104.46642,-1.61582],[104.45755,-1.58949],[104.4523,-1.56615],[104.45101,-1.56561],[104.45199,-1.55556],[104.44792,-1.53792]],[[104.49411,-1.66875],[104.4937,-1.66836],[104.4933,-1.66875],[104.4937,-1.66856],[104.49411,-1.66875]],[[104.50985,-1.68613],[104.50907,-1.68519],[104.50884,-1.68531],[104.50881,-1.68613],[104.50985,-1.68613]],[[104.52152,-1.7149],[104.52586,-1.71273],[104.5251,-1.70947],[104.50692,-1.68533]],[[104.50473,-1.80329],[104.51039,-1.80703],[104.52523,-1.79942],[104.52954,-1.79997],[104.53839,-1.78601],[104.54308,-1.78276],[104.54075,-1.75697],[104.53493,-1.73499],[104.52724,-1.72006],[104.52201,-1.71562]],[[104.50385,-1.80904],[104.50311,-1.80456]]]}},{"id":"78","type":"Feature","properties":{"year":2011,"certainty":"insufficient data"},"geometry":{"type":"MultiLineString","coordinates":[[[104.48341,-1.83226],[104.4853,-1.83322],[104.48814,-1.83078],[104.49163,-1.82345],[104.49622,-1.81748],[104.50068,-1.81459],[104.50384,-1.80907]],[[104.47262,-1.85057],[104.4772,-1.85221],[104.48074,-1.85005],[104.48256,-1.83783],[104.48432,-1.83865],[104.48453,-1.83431],[104.48311,-1.83268]],[[104.47291,-1.86389],[104.47118,-1.86036],[104.47381,-1.85222],[104.47183,-1.8514]],[[104.47515,-1.8533],[104.47477,-1.85258],[104.47416,-1.85249],[104.47423,-1.85315],[104.47515,-1.8533]],[[104.54652,-1.85576],[104.5414,-1.85919],[104.53985,-1.86255]],[[104.46776,-1.86493],[104.46794,-1.86307],[104.47046,-1.8611],[104.47072,-1.86255],[104.46911,-1.86288],[104.47286,-1.86389]],[[104.47013,-1.86389],[104.46992,-1.86358],[104.46868,-1.86361],[104.46965,-1.86412],[104.47013,-1.86389]],[[104.58853,-1.86935],[104.57997,-1.86367]],[[104.47277,-1.8704],[104.47436,-1.86714],[104.47153,-1.8644],[104.46803,-1.86525]],[[104.47589,-1.86742],[104.47678,-1.8666],[104.4772,-1.86579],[104.47524,-1.86579],[104.47589,-1.86742]],[[104.59556,-1.87315],[104.5886,-1.86939]],[[104.47817,-1.88289],[104.47868,-1.87366],[104.47612,-1.87008],[104.47315,-1.87084]],[[104.60668,-1.87722],[104.6064,-1.87719],[104.60612,-1.87695],[104.60613,-1.87722],[104.60668,-1.87722]],[[104.60613,-1.88366],[104.60283,-1.88075]],[[104.62211,-1.89839],[104.62107,-1.89894],[104.6099,-1.88683]],[[104.62068,-1.95092],[104.62308,-1.94345],[104.62654,-1.93884],[104.63417,-1.93497],[104.64037,-1.93696],[104.64189,-1.93558],[104.64338,-1.92201],[104.63271,-1.91034]],[[104.60771,-1.9638],[104.60932,-1.95973],[104.61474,-1.95628]]]}},{"id":"79","type":"Feature","properties":{"year":2012,"certainty":"good"},"geometry":{"type":"MultiLineString","coordinates":[[[104.48355,-1.83223],[104.4853,-1.83323],[104.48827,-1.83086],[104.49094,-1.82549]],[[104.49812,-1.81665],[104.50386,-1.80907]],[[104.47262,-1.85047],[104.47851,-1.85195],[104.4816,-1.84774]],[[104.48165,-1.8476],[104.48172,-1.84747]],[[104.48206,-1.84258],[104.48445,-1.83756],[104.48456,-1.83431],[104.48304,-1.83268]],[[104.46722,-1.86348],[104.46772,-1.86321]],[[104.47281,-1.85208],[104.47248,-1.85186]],[[104.47241,-1.85181],[104.47183,-1.8514]],[[104.5207,-1.92347],[104.52155,-1.9249]],[[104.60786,-1.96249],[104.61258,-1.95667],[104.61339,-1.95745],[104.62014,-1.95225],[104.62561,-1.94019],[104.63471,-1.93563],[104.64135,-1.93653]],[[104.64456,-1.93268],[104.64496,-1.92893]],[[104.64408,-1.92459],[104.64278,-1.92065],[104.63361,-1.91129]],[[104.62919,-1.90635],[104.62553,-1.90233]],[[104.6184,-1.89573],[104.61058,-1.88811]],[[104.593,-1.87165],[104.58509,-1.86562],[104.58388,-1.86611]],[[104.58253,-1.86514],[104.58239,-1.86373],[104.58101,-1.86432]],[[104.47422,-1.88746],[104.47747,-1.8856],[104.47893,-1.88099],[104.47897,-1.8742],[104.47665,-1.87054]],[[104.4632,-1.90772],[104.46329,-1.90762]],[[104.4634,-1.90744],[104.46383,-1.90695]],[[104.47773,-1.89768],[104.4787,-1.8913],[104.47449,-1.88795]],[[104.47346,-1.91193],[104.47368,-1.91099],[104.47249,-1.91165],[104.47287,-1.91215],[104.47346,-1.91193]],[[104.46842,-1.91418],[104.46842,-1.91403]],[[104.46821,-1.91396],[104.46817,-1.9122],[104.4668,-1.91203]],[[104.46678,-1.91206],[104.46666,-1.91233]],[[104.4699,-1.91301],[104.46999,-1.91274],[104.4699,-1.91242],[104.46954,-1.91301],[104.4699,-1.91301]],[[104.49663,-1.93215],[104.4938,-1.92401]],[[104.48835,-1.91587],[104.48811,-1.9156]],[[104.4881,-1.91559],[104.48069,-1.91223],[104.4726,-1.91293],[104.47066,-1.91559]],[[104.46713,-1.91369],[104.46707,-1.91363]],[[104.46681,-1.91314],[104.46752,-1.91369]],[[104.52169,-1.92653],[104.51778,-1.9256]],[[104.61177,-1.9862],[104.6119,-1.98626]],[[104.61667,-1.98511],[104.61726,-1.98267]],[[104.61245,-1.96711],[104.61167,-1.96529]],[[104.60769,-1.96475],[104.60732,-1.96492]],[[104.65373,-1.96444],[104.65102,-1.96452]],[[104.63065,-1.98426],[104.62978,-1.98375]],[[104.60243,-2.00926],[104.60246,-2.00935]],[[104.60259,-2.00953],[104.60273,-2.00975]],[[104.60278,-2.0098],[104.60057,-2.00873]],[[104.58088,-2.00061],[104.58169,-2.00069]],[[104.59652,-2.00212],[104.60274,-2.00139]],[[104.61025,-1.99488],[104.6109,-1.99379]],[[104.57741,-2.00518],[104.57467,-2.00358]],[[104.58155,-2.00342],[104.58074,-2.00242],[104.58008,-2.00315],[104.58047,-2.00368],[104.58155,-2.00342]],[[104.58021,-2.00437],[104.58019,-2.00437]],[[104.58007,-2.00454],[104.58,-2.00464]]]}},{"id":"80","type":"Feature","properties":{"year":2012,"certainty":"unstable data"},"geometry":{"type":"MultiLineString","coordinates":[[[104.64135,-1.93653],[104.64456,-1.93268]],[[104.64496,-1.92893],[104.64408,-1.92459]]]}},{"id":"81","type":"Feature","properties":{"year":2012,"certainty":"insufficient data"},"geometry":{"type":"MultiLineString","coordinates":[[[104.48341,-1.83216],[104.48355,-1.83223]],[[104.49094,-1.82549],[104.49812,-1.81665]],[[104.4816,-1.84774],[104.48165,-1.8476]],[[104.48172,-1.84747],[104.48206,-1.84258]],[[104.46772,-1.86321],[104.47241,-1.85846],[104.47281,-1.85208]],[[104.47248,-1.85186],[104.47241,-1.85181]],[[104.55434,-1.85389],[104.55246,-1.85315],[104.54463,-1.8565],[104.54024,-1.86092],[104.53997,-1.86472],[104.54166,-1.86662],[104.53435,-1.8848],[104.53293,-1.88453],[104.53318,-1.88914],[104.52294,-1.91438],[104.52618,-1.91276],[104.52237,-1.91764],[104.5207,-1.92347]],[[104.52155,-1.9249],[104.52223,-1.92547]],[[104.56244,-1.85648],[104.56101,-1.85604],[104.56163,-1.85485],[104.55515,-1.85419]],[[104.60645,-1.96326],[104.60786,-1.96249]],[[104.63361,-1.91129],[104.62919,-1.90635]],[[104.62553,-1.90233],[104.6184,-1.89573]],[[104.61058,-1.88811],[104.593,-1.87165]],[[104.58388,-1.86611],[104.58253,-1.86514]],[[104.58101,-1.86432],[104.57727,-1.86072],[104.56945,-1.85763]],[[104.47265,-1.8704],[104.47461,-1.86769],[104.47288,-1.86506],[104.46803,-1.8653]],[[104.54039,-1.86608],[104.54032,-1.86565],[104.53969,-1.86553],[104.54005,-1.8661],[104.54039,-1.86608]],[[104.47665,-1.87054],[104.47324,-1.87094]],[[104.46289,-1.90793],[104.4632,-1.90772]],[[104.46329,-1.90762],[104.4634,-1.90744]],[[104.46383,-1.90695],[104.47233,-1.90448],[104.47773,-1.89768]],[[104.46464,-1.92604],[104.46372,-1.91735],[104.46535,-1.90948],[104.46289,-1.90856]],[[104.46786,-1.91464],[104.46842,-1.91418]],[[104.46842,-1.91403],[104.46821,-1.91396]],[[104.4668,-1.91203],[104.46678,-1.91206]],[[104.46666,-1.91233],[104.46632,-1.91382],[104.46786,-1.91464]],[[104.49703,-1.94803],[104.49663,-1.93215]],[[104.4938,-1.92401],[104.48835,-1.91587]],[[104.48811,-1.9156],[104.4881,-1.91559]],[[104.47066,-1.91559],[104.46835,-1.92631]],[[104.46747,-1.91374],[104.46713,-1.91369]],[[104.46707,-1.91363],[104.46681,-1.91314]],[[104.46752,-1.91369],[104.46747,-1.91374]],[[104.46562,-1.91491],[104.46568,-1.91437],[104.46558,-1.91428],[104.4651,-1.91491],[104.46562,-1.91491]],[[104.46555,-1.91762],[104.46558,-1.91703],[104.46492,-1.91762],[104.46531,-1.91787],[104.46555,-1.91762]],[[104.51778,-1.9256],[104.51333,-1.92511],[104.51198,-1.92727],[104.50649,-1.92985],[104.50508,-1.93473],[104.50114,-1.93962],[104.50079,-1.94722]],[[104.6119,-1.98626],[104.61474,-1.98721],[104.61667,-1.98511]],[[104.61726,-1.98267],[104.61688,-1.96977],[104.61501,-1.96985],[104.61245,-1.96711]],[[104.61167,-1.96529],[104.60935,-1.96395],[104.60769,-1.96475]],[[104.60732,-1.96492],[104.60719,-1.96496]],[[104.65102,-1.96452],[104.63578,-1.97338],[104.62973,-1.97982],[104.63119,-1.98316]],[[104.62978,-1.98375],[104.62849,-1.98326],[104.6246,-1.99203],[104.61257,-2.00504],[104.60243,-2.00926]],[[104.60246,-2.00935],[104.60259,-2.00953]],[[104.60273,-2.00975],[104.60278,-2.0098]],[[104.60057,-2.00873],[104.5891,-2.00784],[104.5829,-2.00546],[104.58141,-2.00858]],[[104.57184,-1.99841],[104.58088,-2.00061]],[[104.58169,-2.00069],[104.58619,-2.00179],[104.58472,-2.00478],[104.58776,-2.00574],[104.58964,-2.00231],[104.59652,-2.00212]],[[104.60274,-2.00139],[104.61025,-1.99488]],[[104.6109,-1.99379],[104.61302,-1.98986],[104.61095,-1.98769]],[[104.57855,-2.00831],[104.57903,-2.00586],[104.57741,-2.00518]],[[104.57467,-2.00358],[104.57346,-2.00024],[104.5713,-1.99984]],[[104.5713,-1.99995],[104.57238,-2.00113],[104.57103,-2.00059]],[[104.57676,-2.00125],[104.57616,-2.00032],[104.57534,-2.00098],[104.5767,-2.00129],[104.57676,-2.00125]],[[104.58043,-2.00532],[104.58021,-2.00437]],[[104.58019,-2.00437],[104.58007,-2.00454]],[[104.58,-2.00464],[104.58043,-2.00532]]]}},{"id":"82","type":"Feature","properties":{"year":2012,"certainty":"good"},"geometry":{"type":"MultiLineString","coordinates":[[[104.52147,-1.71487],[104.52552,-1.71396],[104.52714,-1.71148],[104.50914,-1.68748],[104.49272,-1.66984],[104.49564,-1.6674],[104.49398,-1.66522],[104.49106,-1.66685],[104.46917,-1.62288],[104.46044,-1.59791],[104.45963,-1.59139],[104.45775,-1.58922],[104.45874,-1.58732],[104.45297,-1.56615],[104.45484,-1.56452],[104.45309,-1.56262],[104.45072,-1.54661],[104.44587,-1.53231]],[[104.44358,-1.52449],[104.44152,-1.52137],[104.4399,-1.50807],[104.43954,-1.49531],[104.44118,-1.49042],[104.43994,-1.48988],[104.44175,-1.48486]],[[104.44184,-1.48463],[104.44186,-1.48459]],[[104.44319,-1.47723],[104.44319,-1.47704]],[[104.44295,-1.47672],[104.44498,-1.46871],[104.44369,-1.46953],[104.44404,-1.4679],[104.44648,-1.46003],[104.44845,-1.45834],[104.44746,-1.45732],[104.44915,-1.45569],[104.44787,-1.45514],[104.44943,-1.45433],[104.44857,-1.4527],[104.45,-1.45243],[104.44891,-1.45053],[104.45102,-1.4489],[104.45191,-1.44402],[104.45304,-1.44443],[104.45242,-1.43995],[104.45672,-1.43886],[104.45627,-1.44073],[104.45547,-1.43983],[104.45439,-1.44116],[104.45412,-1.44498],[104.45654,-1.44312],[104.45802,-1.43452],[104.45765,-1.41009],[104.45212,-1.39028],[104.45629,-1.372],[104.4551,-1.36395],[104.456,-1.35669]],[[104.45469,-1.44646],[104.45454,-1.44538],[104.45439,-1.44515],[104.45433,-1.44592],[104.45469,-1.44646]],[[104.45745,-1.57212],[104.4576,-1.57104],[104.45732,-1.57043],[104.45696,-1.57104],[104.45745,-1.57212]],[[104.45873,-1.57484],[104.45851,-1.57321],[104.45813,-1.57251],[104.45804,-1.57484],[104.45873,-1.57484]],[[104.45885,-1.57728],[104.45898,-1.57565],[104.45867,-1.57512],[104.45837,-1.57701],[104.45885,-1.57728]],[[104.45943,-1.57945],[104.45964,-1.57864],[104.45921,-1.57662],[104.45921,-1.57965],[104.45943,-1.57945]],[[104.46056,-1.58189],[104.46074,-1.58081],[104.46028,-1.58012],[104.46028,-1.58162],[104.46056,-1.58189]],[[104.46136,-1.58434],[104.46136,-1.58333],[104.46109,-1.58317],[104.46109,-1.58439],[104.46136,-1.58434]],[[104.50473,-1.80328],[104.51039,-1.80692],[104.5255,-1.79926],[104.52927,-1.79992],[104.53899,-1.78514],[104.54576,-1.78248],[104.54465,-1.77097],[104.54167,-1.7624],[104.54311,-1.7624],[104.54223,-1.75384],[104.53176,-1.72766],[104.52714,-1.7196],[104.52201,-1.71552]],[[104.52941,-1.71897],[104.52902,-1.71706],[104.52768,-1.71668],[104.52829,-1.71816],[104.52941,-1.71897]],[[104.52888,-1.71979],[104.52902,-1.71933],[104.52795,-1.71887],[104.52831,-1.71979],[104.52888,-1.71979]],[[104.50384,-1.80904],[104.5032,-1.80446]]]}},{"id":"83","type":"Feature","properties":{"year":2013,"certainty":"good"},"geometry":{"type":"MultiLineString","coordinates":[[[104.49546,-1.66171],[104.49534,-1.66156]],[[104.49531,-1.66156],[104.49112,-1.66685],[104.46839,-1.62152],[104.45802,-1.58895],[104.45877,-1.58732],[104.45747,-1.58624],[104.45445,-1.56805],[104.45295,-1.56642],[104.45493,-1.56561],[104.45296,-1.56208],[104.45274,-1.55204],[104.44001,-1.51567],[104.43954,-1.49531],[104.4434,-1.47251],[104.45007,-1.45337],[104.44953,-1.4489],[104.45142,-1.44778],[104.4524,-1.44293],[104.45385,-1.4419],[104.45314,-1.44049],[104.45574,-1.43899],[104.45403,-1.44348],[104.45492,-1.44729],[104.45807,-1.43452],[104.45743,-1.40928],[104.45212,-1.39001],[104.45633,-1.3721],[104.45685,-1.35669]],[[104.45307,-1.44456],[104.45299,-1.44402],[104.45251,-1.44402],[104.45261,-1.44456],[104.45307,-1.44456]],[[104.44122,-1.51648],[104.44115,-1.5158],[104.44088,-1.51587],[104.44086,-1.51621],[104.44122,-1.51648]],[[104.45826,-1.57456],[104.45833,-1.57429],[104.45813,-1.57327],[104.45813,-1.57472],[104.45826,-1.57456]],[[104.45879,-1.57728],[104.45867,-1.57663],[104.4584,-1.57617],[104.45837,-1.57701],[104.45879,-1.57728]],[[104.45931,-1.57945],[104.4595,-1.57809],[104.45921,-1.57693],[104.45921,-1.57958],[104.45931,-1.57945]],[[104.52147,-1.71485],[104.52534,-1.71408],[104.52726,-1.71137],[104.51096,-1.68971],[104.49325,-1.66957],[104.49789,-1.6689]],[[104.50473,-1.80331],[104.51147,-1.80676],[104.52538,-1.79931],[104.52927,-1.79992],[104.53548,-1.79277],[104.53953,-1.7852],[104.54532,-1.78276],[104.54467,-1.77081],[104.54197,-1.76376],[104.54317,-1.7624],[104.54223,-1.75371],[104.53037,-1.72516],[104.52475,-1.7168],[104.52188,-1.71544]],[[104.52941,-1.71897],[104.52902,-1.71706],[104.52754,-1.71653],[104.52829,-1.71816],[104.52941,-1.71897]],[[104.5039,-1.80904],[104.50321,-1.80446]]]}},{"id":"84","type":"Feature","properties":{"year":2013,"certainty":"good"},"geometry":{"type":"MultiLineString","coordinates":[[[104.48349,-1.83214],[104.4853,-1.83323],[104.48835,-1.83078],[104.49177,-1.824],[104.50159,-1.81369],[104.50394,-1.80907]],[[104.47262,-1.85048],[104.47747,-1.8521],[104.4806,-1.85032],[104.48255,-1.84028],[104.48433,-1.83865],[104.48457,-1.83431],[104.48306,-1.83268]],[[104.46722,-1.86338],[104.47244,-1.85846],[104.47335,-1.8533],[104.47188,-1.8514]],[[104.60639,-1.96326],[104.61258,-1.95663],[104.61339,-1.9574],[104.61906,-1.95344],[104.62635,-1.9399],[104.63255,-1.93619],[104.63687,-1.93533],[104.64064,-1.93685],[104.64394,-1.9345],[104.64523,-1.92961],[104.6428,-1.9207],[104.62339,-1.89984],[104.58314,-1.86419],[104.58186,-1.86486],[104.57484,-1.86009],[104.553,-1.85266],[104.5424,-1.85766],[104.53977,-1.86173],[104.54018,-1.86513]],[[104.53262,-1.89012],[104.53108,-1.89362]],[[104.52937,-1.89688],[104.52414,-1.91153]],[[104.5231,-1.91343],[104.52412,-1.91419],[104.52709,-1.91136]],[[104.47259,-1.8704],[104.47396,-1.86654],[104.47195,-1.8647],[104.46803,-1.8653]],[[104.47422,-1.88746],[104.47741,-1.8856],[104.47938,-1.87692],[104.4772,-1.87118],[104.47531,-1.86994],[104.47327,-1.87094]],[[104.46289,-1.90793],[104.47233,-1.90446],[104.47652,-1.90053],[104.47865,-1.8913],[104.47449,-1.88802]],[[104.46464,-1.92262],[104.46379,-1.91708],[104.46549,-1.90948],[104.46289,-1.90856]],[[104.47331,-1.91193],[104.47328,-1.91165],[104.47368,-1.911],[104.4725,-1.91165],[104.47331,-1.91193]],[[104.4676,-1.91437],[104.46857,-1.91328],[104.46693,-1.91191],[104.46627,-1.91382],[104.4676,-1.91437]],[[104.52723,-1.91167],[104.52124,-1.92035],[104.52068,-1.92361],[104.52223,-1.92548]],[[104.4963,-1.94165],[104.49628,-1.94111]],[[104.49665,-1.93215],[104.49251,-1.92062],[104.4842,-1.91266],[104.4726,-1.91288],[104.47005,-1.91722]],[[104.47003,-1.91726],[104.46995,-1.91776]],[[104.46976,-1.91826],[104.46916,-1.92075]],[[104.46747,-1.91375],[104.4672,-1.91372],[104.46669,-1.91328],[104.46747,-1.91311],[104.46747,-1.91375]],[[104.46537,-1.91518],[104.46623,-1.91437],[104.46585,-1.91388],[104.46515,-1.91491],[104.46537,-1.91518]],[[104.46531,-1.91717],[104.46555,-1.91762]],[[104.52169,-1.92653],[104.51535,-1.92536]],[[104.51229,-1.92673],[104.51211,-1.92727]],[[104.51211,-1.92727],[104.51184,-1.92746]],[[104.50993,-1.92809],[104.50699,-1.9296]],[[104.61177,-1.98621],[104.6142,-1.98728],[104.61617,-1.98606],[104.61687,-1.97751]],[[104.61522,-1.97045],[104.61046,-1.96462],[104.60719,-1.96498]],[[104.65373,-1.96441],[104.64644,-1.9674]],[[104.64467,-1.96883],[104.64131,-1.96993]],[[104.63069,-1.98267],[104.63119,-1.98316]],[[104.63065,-1.98426],[104.62939,-1.98348]],[[104.62796,-1.9843],[104.62782,-1.98449]],[[104.62781,-1.98457],[104.62468,-1.99203],[104.61743,-2.00052],[104.61257,-2.00504],[104.60286,-2.00815],[104.60307,-2.01021],[104.59935,-2.00814],[104.59415,-2.00804],[104.59484,-2.00695],[104.59288,-2.00511],[104.59126,-2.00722],[104.58951,-2.00614],[104.59126,-2.00789],[104.58519,-2.00615]],[[104.58951,-2.00224],[104.60178,-2.00168],[104.60583,-1.99998],[104.61285,-1.99034],[104.61096,-1.98764]],[[104.58088,-2.00061],[104.58169,-2.00069]],[[104.58161,-2.00708],[104.58144,-2.00858]],[[104.57741,-2.00518],[104.57467,-2.00358]],[[104.58155,-2.00342],[104.58074,-2.00242],[104.58008,-2.00315],[104.58047,-2.00368],[104.58155,-2.00342]],[[104.58054,-2.00464],[104.58,-2.00464]]]}},{"id":"85","type":"Feature","properties":{"year":2013,"certainty":"insufficient data"},"geometry":{"type":"MultiLineString","coordinates":[[[104.54018,-1.86513],[104.53978,-1.87232],[104.53434,-1.8848],[104.53299,-1.88453],[104.53262,-1.89012]],[[104.53108,-1.89362],[104.52937,-1.89688]],[[104.52414,-1.91153],[104.5231,-1.91343]],[[104.46467,-1.92604],[104.46464,-1.92262]],[[104.49709,-1.94803],[104.4963,-1.94165]],[[104.49628,-1.94111],[104.49665,-1.93215]],[[104.47005,-1.91722],[104.47003,-1.91726]],[[104.46995,-1.91776],[104.46976,-1.91826]],[[104.46916,-1.92075],[104.46832,-1.92631]],[[104.51535,-1.92536],[104.51333,-1.9251],[104.51229,-1.92673]],[[104.51211,-1.92727],[104.51211,-1.92727]],[[104.51184,-1.92746],[104.50993,-1.92809]],[[104.50699,-1.9296],[104.50521,-1.93446],[104.50142,-1.9388],[104.50071,-1.94722]],[[104.61687,-1.97751],[104.61522,-1.97045]],[[104.64644,-1.9674],[104.64467,-1.96883]],[[104.64131,-1.96993],[104.63038,-1.97892],[104.63069,-1.98267]],[[104.62939,-1.98348],[104.62796,-1.9843]],[[104.62782,-1.98449],[104.62781,-1.98457]],[[104.58519,-2.00615],[104.58801,-2.00505],[104.58951,-2.00224]],[[104.57184,-1.99841],[104.58088,-2.00061]],[[104.58169,-2.00069],[104.58622,-2.00206],[104.58506,-2.00543],[104.58263,-2.00547],[104.58161,-2.00708]],[[104.57855,-2.00831],[104.57903,-2.00586],[104.57741,-2.00518]],[[104.57467,-2.00358],[104.57346,-2.00024],[104.5713,-1.99984]],[[104.5713,-1.99995],[104.57238,-2.00113],[104.57103,-2.00059]],[[104.57676,-2.00125],[104.57616,-2.00032],[104.57534,-2.00098],[104.5767,-2.00129],[104.57676,-2.00125]],[[104.58043,-2.00532],[104.58054,-2.00464]],[[104.58,-2.00464],[104.58043,-2.00532]]]}},{"id":"86","type":"Feature","properties":{"year":2014,"certainty":"unstable data"},"geometry":{"type":"MultiLineString","coordinates":[[[104.52665,-1.90475],[104.52642,-1.90692]],[[104.52641,-1.90695],[104.52572,-1.90855]],[[104.5256,-1.90869],[104.52552,-1.90882]]]}},{"id":"87","type":"Feature","properties":{"year":2014,"certainty":"good"},"geometry":{"type":"MultiLineString","coordinates":[[[104.48349,-1.83214],[104.4853,-1.83323],[104.48837,-1.83078],[104.49193,-1.82372],[104.50161,-1.81369],[104.5041,-1.80907]],[[104.47262,-1.85048],[104.47801,-1.85204],[104.48079,-1.85005],[104.48299,-1.83946],[104.48435,-1.83865],[104.48459,-1.83431],[104.48306,-1.83268]],[[104.46722,-1.86346],[104.47246,-1.85846],[104.47333,-1.85276],[104.47183,-1.8514]],[[104.60641,-1.96326],[104.61258,-1.95658],[104.61339,-1.95741],[104.61925,-1.95322],[104.62599,-1.94019],[104.63255,-1.9362],[104.63687,-1.93541],[104.64118,-1.93667],[104.64511,-1.93124],[104.64404,-1.93097],[104.64482,-1.92825],[104.64363,-1.92228],[104.64027,-1.91767],[104.62339,-1.90015],[104.59022,-1.87031],[104.57511,-1.86077],[104.55381,-1.85279],[104.54436,-1.85674],[104.54004,-1.86092],[104.5414,-1.86662],[104.53985,-1.87205],[104.53429,-1.8848],[104.53295,-1.88453],[104.53317,-1.88914],[104.52665,-1.90475]],[[104.52642,-1.90692],[104.52641,-1.90695]],[[104.52572,-1.90855],[104.5256,-1.90869]],[[104.52552,-1.90882],[104.523,-1.91438],[104.52709,-1.91134]],[[104.47256,-1.8704],[104.47396,-1.86659],[104.47197,-1.8647],[104.46803,-1.86531]],[[104.47422,-1.88746],[104.47741,-1.8856],[104.47938,-1.87692],[104.477,-1.87094],[104.47328,-1.87094]],[[104.46262,-1.90747],[104.47125,-1.90498],[104.47652,-1.90053],[104.47865,-1.8913],[104.47449,-1.88802]],[[104.4646,-1.92604],[104.46369,-1.91654],[104.4653,-1.90948],[104.46289,-1.90964]],[[104.47321,-1.91193],[104.47359,-1.91111],[104.47341,-1.91102],[104.47257,-1.91165],[104.47321,-1.91193]],[[104.52725,-1.91167],[104.52127,-1.92035],[104.5207,-1.92361],[104.52223,-1.92547]],[[104.49703,-1.94803],[104.49622,-1.93039],[104.49247,-1.92062],[104.48689,-1.91433],[104.48285,-1.91234],[104.47186,-1.91328],[104.46834,-1.92631]],[[104.52169,-1.92654],[104.51333,-1.92511],[104.51189,-1.92741],[104.50658,-1.92981],[104.50505,-1.93473],[104.50143,-1.9388],[104.50082,-1.94722]],[[104.65373,-1.96331],[104.63578,-1.9734],[104.62975,-1.97982],[104.63119,-1.98316]],[[104.61177,-1.98622],[104.61447,-1.98727],[104.61662,-1.98518],[104.61694,-1.97385],[104.6115,-1.9644],[104.60719,-1.96498]],[[104.61415,-1.9657],[104.61449,-1.96489],[104.61285,-1.96477],[104.61288,-1.96543],[104.61415,-1.9657]],[[104.63065,-1.98426],[104.62849,-1.98328],[104.62472,-1.99192],[104.61743,-2.00051],[104.61257,-2.00507],[104.60286,-2.00813],[104.60345,-2.01048]],[[104.57184,-1.99844],[104.58619,-2.00179],[104.58506,-2.00564],[104.588,-2.00505],[104.5891,-2.00225],[104.60286,-2.00137],[104.61053,-1.99447],[104.61301,-1.98986],[104.61096,-1.98764]],[[104.57854,-2.00831],[104.57885,-2.00572],[104.57103,-2.00158]],[[104.59379,-2.00614],[104.59324,-2.00532],[104.59288,-2.00514],[104.59261,-2.00569],[104.59379,-2.00614]],[[104.6034,-2.01075],[104.59962,-2.00821],[104.59406,-2.00804],[104.5945,-2.00685],[104.59129,-2.00804],[104.59165,-2.00777],[104.59168,-2.00749],[104.59072,-2.00602],[104.58952,-2.00695],[104.59126,-2.00802],[104.58263,-2.00548],[104.58144,-2.00858]]]}},{"id":"88","type":"Feature","properties":{"year":2014,"certainty":"good"},"geometry":{"type":"MultiLineString","coordinates":[[[104.52147,-1.71484],[104.52579,-1.71392],[104.5269,-1.71164],[104.51447,-1.69321],[104.50983,-1.68911],[104.50773,-1.68357],[104.50098,-1.67944],[104.49116,-1.66794],[104.46829,-1.62152],[104.4578,-1.59031],[104.45865,-1.58732],[104.45419,-1.56805],[104.45267,-1.56669],[104.45449,-1.56588],[104.45113,-1.54715],[104.44265,-1.52598],[104.44281,-1.52245],[104.43973,-1.51485],[104.44011,-1.51078],[104.43853,-1.50888],[104.44019,-1.48907],[104.44146,-1.48744],[104.44033,-1.48554],[104.44246,-1.48174],[104.44331,-1.47251],[104.45246,-1.44157],[104.45304,-1.44021],[104.45708,-1.43905],[104.45752,-1.43615],[104.45738,-1.40928],[104.45195,-1.39245],[104.45214,-1.38431],[104.45632,-1.37155],[104.45715,-1.35669]],[[104.45502,-1.44483],[104.456,-1.44361],[104.4556,-1.44212],[104.45645,-1.44103],[104.45681,-1.43935],[104.45442,-1.44103],[104.45502,-1.44483]],[[104.45657,-1.44266],[104.45654,-1.44208],[104.456,-1.4421],[104.45631,-1.44266],[104.45657,-1.44266]],[[104.45468,-1.44646],[104.45472,-1.44619],[104.45439,-1.4452],[104.45439,-1.44613],[104.45468,-1.44646]],[[104.4407,-1.51485],[104.44061,-1.51394],[104.44034,-1.51383],[104.44016,-1.51458],[104.4407,-1.51485]],[[104.45925,-1.57945],[104.45938,-1.57891],[104.45921,-1.57839],[104.45918,-1.57945],[104.45925,-1.57945]],[[104.45926,-1.59166],[104.45921,-1.59058],[104.45866,-1.59054],[104.45893,-1.59145],[104.45926,-1.59166]],[[104.50473,-1.80331],[104.51147,-1.80675],[104.52523,-1.79935],[104.52927,-1.79992],[104.53937,-1.78737],[104.53953,-1.78502],[104.5447,-1.78058],[104.54192,-1.76511],[104.5423,-1.75507],[104.54034,-1.75362],[104.53576,-1.73626],[104.52686,-1.71951],[104.52185,-1.71544]],[[104.54278,-1.76349],[104.5426,-1.76294],[104.5425,-1.76196],[104.5425,-1.76359],[104.54278,-1.76349]],[[104.54385,-1.78357],[104.54397,-1.7833],[104.54384,-1.78302],[104.54346,-1.78357],[104.54385,-1.78357]],[[104.50397,-1.80904],[104.50311,-1.80448]]]}},{"id":"89","type":"Feature","properties":{"year":2015,"certainty":"good"},"geometry":{"type":"MultiLineString","coordinates":[[[104.48348,-1.83214],[104.4853,-1.83325],[104.48827,-1.83095],[104.49183,-1.824],[104.50133,-1.81396],[104.50395,-1.80907]],[[104.47262,-1.85049],[104.47922,-1.85154]],[[104.47923,-1.85154],[104.47949,-1.85141]],[[104.47978,-1.85127],[104.48003,-1.85101]],[[104.48004,-1.851],[104.48435,-1.83865],[104.48461,-1.83431],[104.48308,-1.83268]],[[104.46722,-1.86348],[104.47244,-1.85846],[104.47335,-1.85276],[104.47181,-1.85142]],[[104.60642,-1.96326],[104.61258,-1.95649],[104.61326,-1.95743]],[[104.6137,-1.95715],[104.6138,-1.95702]],[[104.61394,-1.95688],[104.61434,-1.95661]],[[104.61435,-1.95661],[104.62094,-1.95159],[104.62417,-1.94263],[104.62635,-1.94024],[104.62877,-1.94005],[104.62931,-1.9377],[104.63633,-1.93569],[104.64064,-1.93691],[104.64268,-1.93531],[104.64498,-1.92853],[104.64345,-1.92201],[104.6277,-1.90483],[104.59682,-1.87559],[104.57484,-1.86066],[104.5568,-1.85482]],[[104.54947,-1.85427],[104.54012,-1.86092],[104.54063,-1.86811]],[[104.53619,-1.87951],[104.53427,-1.8848],[104.53291,-1.88453],[104.53333,-1.8886],[104.52666,-1.90475]],[[104.52656,-1.90638],[104.52641,-1.90704]],[[104.52574,-1.90855],[104.5256,-1.90872]],[[104.52554,-1.90882],[104.52292,-1.91438],[104.52709,-1.91136]],[[104.47256,-1.8704],[104.47396,-1.86663],[104.4718,-1.86465],[104.46803,-1.86531]],[[104.47422,-1.88744],[104.47741,-1.8856],[104.47932,-1.87692],[104.47703,-1.87094],[104.47327,-1.87094]],[[104.46262,-1.90746],[104.47017,-1.90547],[104.47649,-1.90053],[104.47864,-1.8913],[104.47449,-1.88801]],[[104.46424,-1.92129],[104.46531,-1.90975],[104.46289,-1.90968]],[[104.47303,-1.91193],[104.47348,-1.91138],[104.47341,-1.91115],[104.47265,-1.91165],[104.47303,-1.91193]],[[104.5272,-1.91167],[104.52129,-1.92035],[104.52074,-1.92388],[104.52223,-1.92547]],[[104.49626,-1.94165],[104.49624,-1.94111]],[[104.49539,-1.92818],[104.49073,-1.91872],[104.48285,-1.91235],[104.47233,-1.9131],[104.46919,-1.92047]],[[104.52169,-1.92659],[104.51333,-1.92511],[104.51189,-1.92741],[104.50658,-1.92984],[104.5057,-1.9327]],[[104.50074,-1.94247],[104.50073,-1.94274]],[[104.65373,-1.96303],[104.64549,-1.96848],[104.63942,-1.97029]],[[104.63903,-1.97073],[104.63888,-1.97107]],[[104.63879,-1.97127],[104.63861,-1.97155]],[[104.63837,-1.97181],[104.63834,-1.97184]],[[104.63827,-1.97209],[104.6378,-1.97253]],[[104.61177,-1.98626],[104.61352,-1.98705]],[[104.61716,-1.98294],[104.61704,-1.98022]],[[104.61377,-1.96828],[104.61276,-1.9657],[104.61439,-1.96543],[104.61285,-1.96498],[104.61204,-1.96646],[104.61164,-1.96462],[104.60935,-1.96395],[104.60719,-1.965]],[[104.62629,-1.9881],[104.6258,-1.98972]],[[104.61712,-2.00058],[104.61703,-2.00065]],[[104.61217,-2.00517],[104.60785,-2.0073]],[[104.60327,-2.01029],[104.60346,-2.01048]],[[104.59625,-2.00207],[104.59868,-2.00202]],[[104.59927,-2.00193],[104.59949,-2.00192]],[[104.61244,-1.98882],[104.61096,-1.98762]],[[104.6034,-2.01075],[104.603,-2.01041]]]}},{"id":"90","type":"Feature","properties":{"year":2015,"certainty":"good"},"geometry":{"type":"MultiLineString","coordinates":[[[104.52147,-1.71479],[104.5266,-1.71346],[104.52518,-1.71001],[104.51339,-1.6932],[104.49058,-1.66767],[104.46592,-1.61555],[104.45543,-1.58167],[104.45492,-1.57266],[104.45219,-1.56615],[104.45051,-1.54661],[104.44366,-1.52734],[104.44245,-1.52734],[104.43873,-1.51203],[104.43791,-1.50454],[104.44068,-1.49341],[104.43935,-1.49151],[104.44103,-1.47913]],[[104.44126,-1.47889],[104.4413,-1.47874]],[[104.44211,-1.47418],[104.44305,-1.46699],[104.44737,-1.45572],[104.44774,-1.45704],[104.44934,-1.44673],[104.45371,-1.43953]],[[104.45389,-1.43954],[104.45398,-1.43961]],[[104.45393,-1.43927],[104.45398,-1.43907]],[[104.45641,-1.4333],[104.45641,-1.43327]],[[104.45663,-1.43248],[104.45668,-1.43233]],[[104.45677,-1.43194],[104.45693,-1.41254],[104.45087,-1.38648],[104.45236,-1.38078],[104.45405,-1.37956]],[[104.45628,-1.36083],[104.45728,-1.35669]],[[104.45257,-1.38512],[104.45342,-1.38431],[104.45332,-1.38403],[104.45264,-1.38431],[104.45257,-1.38512]],[[104.43951,-1.51078],[104.43954,-1.51051],[104.43896,-1.51078],[104.43927,-1.51091],[104.43951,-1.51078]],[[104.45372,-1.56534],[104.45382,-1.56503],[104.45315,-1.56534],[104.45328,-1.56549],[104.45372,-1.56534]],[[104.50473,-1.80331],[104.51147,-1.80672],[104.5255,-1.79923],[104.52927,-1.79984],[104.53908,-1.78493],[104.54184,-1.7852],[104.54143,-1.78411],[104.54457,-1.78221],[104.54115,-1.75534],[104.53483,-1.7358],[104.52698,-1.71978],[104.52201,-1.7155]],[[104.50394,-1.80904],[104.50311,-1.8045]]]}},{"id":"91","type":"Feature","properties":{"year":2015,"certainty":"unstable data"},"geometry":{"type":"MultiLineString","coordinates":[[[104.47922,-1.85154],[104.47923,-1.85154]],[[104.47949,-1.85141],[104.47978,-1.85127]],[[104.48003,-1.85101],[104.48004,-1.851]],[[104.61326,-1.95743],[104.6137,-1.95715]],[[104.6138,-1.95702],[104.61394,-1.95688]],[[104.61434,-1.95661],[104.61435,-1.95661]],[[104.5568,-1.85482],[104.55246,-1.85252],[104.54947,-1.85427]],[[104.52666,-1.90475],[104.52656,-1.90638]],[[104.52641,-1.90704],[104.52574,-1.90855]],[[104.5256,-1.90872],[104.52554,-1.90882]]]}},{"id":"92","type":"Feature","properties":{"year":2015,"certainty":"insufficient data"},"geometry":{"type":"MultiLineString","coordinates":[[[104.54063,-1.86811],[104.53619,-1.87951]],[[104.46477,-1.92186],[104.46424,-1.92129]],[[104.497,-1.94803],[104.49626,-1.94165]],[[104.49624,-1.94111],[104.49686,-1.93365],[104.49539,-1.92818]],[[104.46919,-1.92047],[104.46829,-1.92631]],[[104.46778,-1.92197],[104.46787,-1.92169],[104.46754,-1.92142],[104.46715,-1.92142],[104.46778,-1.92197]],[[104.46475,-1.92604],[104.46477,-1.92455],[104.46826,-1.92549],[104.46516,-1.92332],[104.46673,-1.92169],[104.46513,-1.92197]],[[104.5057,-1.9327],[104.50158,-1.93853],[104.50074,-1.94247]],[[104.50073,-1.94274],[104.50089,-1.94722]],[[104.63942,-1.97029],[104.63903,-1.97073]],[[104.63888,-1.97107],[104.63879,-1.97127]],[[104.63861,-1.97155],[104.63837,-1.97181]],[[104.63834,-1.97184],[104.63827,-1.97209]],[[104.6378,-1.97253],[104.62976,-1.97982],[104.63119,-1.98314]],[[104.61352,-1.98705],[104.61589,-1.98633],[104.61716,-1.98294]],[[104.61704,-1.98022],[104.61684,-1.97385],[104.61377,-1.96828]],[[104.63065,-1.98427],[104.62849,-1.98331],[104.62629,-1.9881]],[[104.6258,-1.98972],[104.61712,-2.00058]],[[104.61703,-2.00065],[104.61217,-2.00517]],[[104.60785,-2.0073],[104.60286,-2.00816],[104.60327,-2.01029]],[[104.57184,-1.99846],[104.58668,-2.00197],[104.59625,-2.00207]],[[104.59868,-2.00202],[104.59927,-2.00193]],[[104.59949,-2.00192],[104.60421,-2.00137],[104.609,-1.99691],[104.61244,-1.98882]],[[104.57616,-2.00472],[104.57103,-2.00159]],[[104.603,-2.01041],[104.59935,-2.00823],[104.58964,-2.00802],[104.58524,-2.00614],[104.58803,-2.00503],[104.58776,-2.00327],[104.58776,-2.00437],[104.58236,-2.00564],[104.58143,-2.00858]],[[104.5937,-2.00614],[104.59315,-2.0053],[104.59288,-2.00517],[104.59281,-2.00532],[104.5937,-2.00614]],[[104.57962,-2.00858],[104.57859,-2.00559]]]}},{"id":"93","type":"Feature","properties":{"year":2016,"certainty":"insufficient data"},"geometry":{"type":"MultiLineString","coordinates":[[[104.54068,-1.86811],[104.53785,-1.87653]],[[104.46462,-1.92604],[104.46477,-1.9245],[104.46756,-1.92468],[104.46639,-1.92241],[104.46477,-1.92294],[104.46405,-1.92047]],[[104.46369,-1.91857],[104.46372,-1.91667]],[[104.49699,-1.94803],[104.4964,-1.94464]],[[104.49613,-1.94084],[104.49671,-1.9327]],[[104.46952,-1.91939],[104.46833,-1.92631]],[[104.50472,-1.93514],[104.50159,-1.93853],[104.50073,-1.94247]],[[104.50069,-1.94518],[104.5009,-1.94722]],[[104.63888,-1.97046],[104.63871,-1.97073]],[[104.63861,-1.9709],[104.63855,-1.971]],[[104.63645,-1.97298],[104.63445,-1.9748]],[[104.63376,-1.97546],[104.63251,-1.9767]],[[104.63142,-1.97778],[104.62954,-1.98063],[104.63119,-1.98317]],[[104.61177,-1.98624],[104.61474,-1.98729],[104.61699,-1.98443],[104.61771,-1.9676],[104.6142,-1.96494],[104.60894,-1.96404]],[[104.62513,-1.97792],[104.6251,-1.97765],[104.62553,-1.97682],[104.62448,-1.97792],[104.62513,-1.97792]],[[104.63065,-1.98425],[104.62876,-1.98313],[104.62775,-1.98511]],[[104.62566,-1.98987],[104.61743,-2.00056],[104.60959,-2.00655]],[[104.60893,-2.00686],[104.60286,-2.00821],[104.60352,-2.01048]],[[104.57818,-1.99984],[104.5883,-2.00234],[104.60367,-2.00121],[104.60922,-1.99664],[104.61264,-1.99094],[104.61298,-1.98931],[104.61096,-1.98761]],[[104.61054,-1.99746],[104.61069,-1.99687],[104.60988,-1.99684],[104.61042,-1.99748],[104.61054,-1.99746]],[[104.61086,-2.00153],[104.61171,-1.99936],[104.61077,-1.99854],[104.61231,-1.99805],[104.61231,-1.99755],[104.60889,-1.99854],[104.6089,-2.00126],[104.61069,-1.99861],[104.61086,-2.00153]],[[104.5786,-2.00831],[104.57899,-2.00586],[104.57308,-2.00247]],[[104.60334,-2.01075],[104.59935,-2.00824],[104.58964,-2.008],[104.58317,-2.0055],[104.58146,-2.00858]]]}},{"id":"94","type":"Feature","properties":{"year":2016,"certainty":"good"},"geometry":{"type":"MultiLineString","coordinates":[[[104.48352,-1.83214],[104.4853,-1.83322],[104.48827,-1.83093],[104.49181,-1.824],[104.50192,-1.81314],[104.50392,-1.80907]],[[104.47262,-1.85047],[104.47869,-1.85189]],[[104.4789,-1.85181],[104.47895,-1.85179]],[[104.47948,-1.85154],[104.47949,-1.85153]],[[104.47984,-1.85127],[104.48003,-1.85108]],[[104.48011,-1.851],[104.4803,-1.85074]],[[104.48031,-1.85073],[104.48435,-1.83865],[104.48461,-1.83431],[104.48304,-1.83268]],[[104.46722,-1.8635],[104.47241,-1.85846],[104.4733,-1.85276],[104.47181,-1.85148]],[[104.60645,-1.96326],[104.6084,-1.96199]],[[104.60918,-1.96014],[104.60921,-1.96007]],[[104.60937,-1.95987],[104.61258,-1.95658],[104.61326,-1.95744]],[[104.61371,-1.95715],[104.6138,-1.95704]],[[104.61476,-1.95634],[104.61488,-1.95623]],[[104.61509,-1.95607],[104.62149,-1.95097],[104.62573,-1.94074],[104.62856,-1.94019],[104.62868,-1.93856],[104.63255,-1.93655],[104.64145,-1.93665],[104.64496,-1.92825],[104.64186,-1.91957],[104.60342,-1.8817]],[[104.6033,-1.88157],[104.60319,-1.88143]],[[104.60276,-1.88116],[104.60275,-1.88116]],[[104.60249,-1.8811],[104.60012,-1.87898]],[[104.60006,-1.87858],[104.59988,-1.87844]],[[104.59979,-1.87834],[104.57511,-1.86092],[104.56284,-1.85718]],[[104.55178,-1.85271],[104.54095,-1.85956],[104.5397,-1.86255],[104.54151,-1.86662],[104.54068,-1.86811]],[[104.53785,-1.87653],[104.53426,-1.8848],[104.53289,-1.88453],[104.53343,-1.88783]],[[104.53328,-1.88874],[104.53316,-1.88919]],[[104.5331,-1.88928],[104.53289,-1.8896]],[[104.53277,-1.88982],[104.53262,-1.89029]],[[104.53259,-1.89037],[104.53235,-1.89098]],[[104.5312,-1.89335],[104.52294,-1.91357],[104.52572,-1.9133],[104.52106,-1.92117],[104.52223,-1.92545]],[[104.47256,-1.8704],[104.47396,-1.86663],[104.47202,-1.8647],[104.46803,-1.8653]],[[104.47422,-1.88741],[104.47746,-1.88558],[104.47943,-1.87664],[104.47705,-1.87094],[104.47328,-1.87094]],[[104.46262,-1.90746],[104.47125,-1.90494],[104.47646,-1.90053],[104.47867,-1.8913],[104.47449,-1.88803]],[[104.46405,-1.92047],[104.46369,-1.91857]],[[104.46372,-1.91667],[104.46524,-1.90948],[104.46289,-1.9097]],[[104.47294,-1.91193],[104.47342,-1.91138],[104.47341,-1.91106],[104.47267,-1.91165],[104.47294,-1.91193]],[[104.4964,-1.94464],[104.49613,-1.94084]],[[104.49671,-1.9327],[104.49203,-1.92062],[104.48581,-1.91365],[104.4815,-1.91231],[104.47287,-1.91289],[104.46952,-1.91939]],[[104.52169,-1.92657],[104.51311,-1.92524],[104.51191,-1.92741],[104.50658,-1.92984],[104.50472,-1.93514]],[[104.50073,-1.94247],[104.50069,-1.94518]],[[104.65289,-1.9634],[104.65264,-1.9635]],[[104.65223,-1.96368],[104.6521,-1.96373]],[[104.65113,-1.96422],[104.65102,-1.96427]],[[104.65075,-1.96441],[104.64374,-1.9682]],[[104.6436,-1.96829],[104.63996,-1.97007]],[[104.63983,-1.97019],[104.63982,-1.97019]],[[104.63871,-1.97073],[104.63861,-1.9709]],[[104.63855,-1.971],[104.63645,-1.97298]],[[104.63445,-1.9748],[104.63376,-1.97546]],[[104.63251,-1.9767],[104.63142,-1.97778]],[[104.60894,-1.96404],[104.60719,-1.96501]],[[104.62775,-1.98511],[104.62566,-1.98987]],[[104.60959,-2.00655],[104.60893,-2.00686]],[[104.57184,-1.99845],[104.57818,-1.99984]],[[104.57308,-2.00247],[104.57103,-2.00158]]]}},{"id":"95","type":"Feature","properties":{"year":2016,"certainty":"unstable data"},"geometry":{"type":"MultiLineString","coordinates":[[[104.47869,-1.85189],[104.4789,-1.85181]],[[104.47895,-1.85179],[104.47948,-1.85154]],[[104.47949,-1.85153],[104.47984,-1.85127]],[[104.48003,-1.85108],[104.48011,-1.851]],[[104.4803,-1.85074],[104.48031,-1.85073]],[[104.6084,-1.96199],[104.60918,-1.96014]],[[104.60921,-1.96007],[104.60937,-1.95987]],[[104.61326,-1.95744],[104.61371,-1.95715]],[[104.6138,-1.95704],[104.61476,-1.95634]],[[104.61488,-1.95623],[104.61509,-1.95607]],[[104.60342,-1.8817],[104.6033,-1.88157]],[[104.60319,-1.88143],[104.60276,-1.88116]],[[104.60275,-1.88116],[104.60249,-1.8811]],[[104.60012,-1.87898],[104.60006,-1.87858]],[[104.59988,-1.87844],[104.59979,-1.87834]],[[104.56284,-1.85718],[104.55756,-1.85523],[104.55839,-1.85376],[104.55178,-1.85271]],[[104.53343,-1.88783],[104.53328,-1.88874]],[[104.53316,-1.88919],[104.5331,-1.88928]],[[104.53289,-1.8896],[104.53277,-1.88982]],[[104.53262,-1.89029],[104.53259,-1.89037]],[[104.53235,-1.89098],[104.5312,-1.89335]],[[104.65373,-1.96296],[104.65289,-1.9634]],[[104.65264,-1.9635],[104.65223,-1.96368]],[[104.6521,-1.96373],[104.65113,-1.96422]],[[104.65102,-1.96427],[104.65075,-1.96441]],[[104.64374,-1.9682],[104.6436,-1.96829]],[[104.63996,-1.97007],[104.63983,-1.97019]],[[104.63982,-1.97019],[104.63888,-1.97046]]]}},{"id":"96","type":"Feature","properties":{"year":2016,"certainty":"good"},"geometry":{"type":"MultiLineString","coordinates":[[[104.52147,-1.71481],[104.52658,-1.71327],[104.52042,-1.70214],[104.4904,-1.66767],[104.46863,-1.62267],[104.46084,-1.5975]],[[104.45772,-1.58999],[104.45772,-1.58943]],[[104.45745,-1.58827],[104.45689,-1.58135],[104.4554,-1.57972],[104.45633,-1.57877]],[[104.45584,-1.57721],[104.45255,-1.56493]],[[104.44959,-1.54539],[104.44052,-1.51933]],[[104.44048,-1.51906],[104.44048,-1.51906]],[[104.43887,-1.49407],[104.43887,-1.49384]],[[104.43888,-1.49382],[104.43914,-1.49016]],[[104.43921,-1.48975],[104.43995,-1.48412]],[[104.44004,-1.48323],[104.44039,-1.48079]],[[104.44147,-1.47346],[104.44157,-1.47303]],[[104.44209,-1.47156],[104.44211,-1.47088]],[[104.4422,-1.47048],[104.44238,-1.46993]],[[104.44246,-1.46966],[104.44265,-1.46932]],[[104.44306,-1.46776],[104.44319,-1.46747]],[[104.44337,-1.46668],[104.44346,-1.46656]],[[104.44361,-1.46613],[104.44373,-1.4659]],[[104.44379,-1.46559],[104.44388,-1.46532]],[[104.44399,-1.46505],[104.444,-1.46498]],[[104.44543,-1.46044],[104.4529,-1.44108]],[[104.45688,-1.43248],[104.45669,-1.41294]],[[104.45507,-1.40317],[104.45246,-1.3953]],[[104.45306,-1.38472],[104.4537,-1.37902]],[[104.4568,-1.35812],[104.45688,-1.35669]],[[104.50473,-1.80326],[104.51147,-1.80673],[104.5255,-1.79919],[104.52927,-1.79982],[104.53669,-1.78932]],[[104.54371,-1.78445],[104.54548,-1.78357],[104.54035,-1.75154],[104.53179,-1.72847],[104.52701,-1.71978],[104.52201,-1.71549]],[[104.50391,-1.80904],[104.50311,-1.80452]]]}},{"id":"97","type":"Feature","properties":{"year":2017,"certainty":"good"},"geometry":{"type":"MultiLineString","coordinates":[[[104.52147,-1.71482],[104.52775,-1.713],[104.51114,-1.69074],[104.49022,-1.66767],[104.48682,-1.65817],[104.46889,-1.62342],[104.46167,-1.60225],[104.46272,-1.60144],[104.4616,-1.59696]],[[104.45772,-1.58773],[104.45542,-1.58216],[104.45652,-1.57836],[104.45365,-1.57321],[104.45302,-1.56493]],[[104.45124,-1.55244],[104.44847,-1.54145],[104.44219,-1.52679],[104.43899,-1.51254]],[[104.43999,-1.49273],[104.4389,-1.49124],[104.44076,-1.4871]],[[104.44015,-1.48296],[104.44023,-1.48052]],[[104.44022,-1.48022],[104.44022,-1.47973]],[[104.44031,-1.47943],[104.44049,-1.47894]],[[104.4405,-1.47889],[104.44076,-1.47775]],[[104.44616,-1.4584],[104.44643,-1.45736]],[[104.44647,-1.45718],[104.45182,-1.44018]],[[104.45674,-1.4333],[104.45616,-1.40684],[104.45155,-1.39354],[104.45337,-1.37942],[104.45615,-1.37264],[104.45685,-1.35669]],[[104.45247,-1.56516],[104.45233,-1.56448]],[[104.45265,-1.56466],[104.45247,-1.56516]],[[104.50473,-1.80324],[104.51147,-1.80674],[104.52523,-1.79921],[104.52927,-1.79978],[104.53642,-1.78887]],[[104.54317,-1.78464],[104.54515,-1.78357],[104.54174,-1.75589],[104.53211,-1.72929],[104.52691,-1.71951],[104.52201,-1.71548]],[[104.50389,-1.80904],[104.50311,-1.80451]]]}},{"id":"98","type":"Feature","properties":{"year":2017,"certainty":"insufficient data"},"geometry":{"type":"MultiLineString","coordinates":[[[104.62648,-1.9403],[104.63174,-1.93679],[104.63889,-1.93641]],[[104.62595,-1.90364],[104.62352,-1.90138]],[[104.62341,-1.90124],[104.60514,-1.88292],[104.59434,-1.87464]],[[104.59413,-1.87445],[104.58819,-1.8701]],[[104.56176,-1.85696],[104.56082,-1.8556],[104.55812,-1.85582],[104.55839,-1.85366],[104.55475,-1.85337]],[[104.54423,-1.85664],[104.54072,-1.8597]],[[104.53971,-1.86241],[104.54078,-1.86567]],[[104.54153,-1.86645],[104.539,-1.87463]],[[104.53778,-1.8768],[104.53611,-1.88032]],[[104.53559,-1.88193],[104.53558,-1.88195]],[[104.53532,-1.8823],[104.53514,-1.8825]],[[104.53505,-1.88261],[104.53491,-1.88277]],[[104.5297,-1.89606],[104.52577,-1.90855]],[[104.52092,-1.92212],[104.52074,-1.92293]],[[104.52074,-1.92294],[104.52069,-1.92347]],[[104.53465,-1.85494],[104.53573,-1.85844],[104.53513,-1.85413]],[[104.46262,-1.90746],[104.46963,-1.90573],[104.47489,-1.9023]],[[104.47543,-1.9018],[104.47549,-1.90175]],[[104.4757,-1.90156],[104.47603,-1.90121]],[[104.46547,-1.90839],[104.46478,-1.90754],[104.46289,-1.90963]],[[104.46471,-1.92604],[104.46477,-1.92461],[104.46792,-1.92522],[104.4672,-1.92273],[104.46469,-1.92278],[104.46374,-1.91925],[104.46547,-1.90894]],[[104.47288,-1.91165],[104.47342,-1.91138],[104.47341,-1.91088],[104.47299,-1.91111],[104.47288,-1.91165]],[[104.46963,-1.91369],[104.46949,-1.91301]],[[104.49713,-1.94518],[104.49927,-1.94423],[104.49856,-1.94396],[104.49848,-1.94279],[104.49633,-1.94336],[104.49679,-1.93337],[104.49523,-1.92781]],[[104.49403,-1.92455],[104.48838,-1.91616]],[[104.48836,-1.91614],[104.48811,-1.91567]],[[104.4784,-1.91252],[104.47287,-1.91292],[104.47044,-1.91476]],[[104.4671,-1.91355],[104.46556,-1.91301],[104.46653,-1.91464],[104.46544,-1.91735],[104.46674,-1.91789],[104.46747,-1.91538]],[[104.46949,-1.91518],[104.47054,-1.91545],[104.46936,-1.91953],[104.46821,-1.91817],[104.46764,-1.91817],[104.46926,-1.92007],[104.46833,-1.92631]],[[104.46756,-1.92169],[104.4672,-1.92106],[104.46646,-1.92142],[104.46666,-1.92189],[104.46756,-1.92169]],[[104.51912,-1.92609],[104.51333,-1.92515],[104.51198,-1.92742],[104.50666,-1.92985],[104.50523,-1.93456],[104.50129,-1.93935],[104.50089,-1.94722]],[[104.49909,-1.94369],[104.49914,-1.94315],[104.49902,-1.94265],[104.49902,-1.94391],[104.49909,-1.94369]],[[104.4966,-1.94499],[104.49633,-1.94347],[104.49676,-1.9445]],[[104.49702,-1.94803],[104.4966,-1.94506]],[[104.65372,-1.96316],[104.64419,-1.96802]],[[104.64374,-1.96816],[104.63902,-1.97031],[104.63251,-1.9767]],[[104.63141,-1.97778],[104.62953,-1.98063],[104.63119,-1.98318]],[[104.61177,-1.98621],[104.61447,-1.98728],[104.61673,-1.98497],[104.61665,-1.97072]],[[104.61649,-1.97066],[104.61438,-1.96937]],[[104.64334,-1.96679],[104.64314,-1.96652],[104.6425,-1.96652],[104.64252,-1.96681],[104.64334,-1.96679]],[[104.61557,-1.96937],[104.61595,-1.96962]],[[104.61599,-1.96964],[104.61622,-1.96989]],[[104.63065,-1.98424],[104.62849,-1.9833],[104.6247,-1.99203],[104.61743,-2.00059],[104.61257,-2.00515],[104.60286,-2.00822],[104.60327,-2.01025]],[[104.57548,-1.99924],[104.5914,-2.0022]],[[104.59625,-2.0021],[104.59965,-2.00193]],[[104.60434,-2.00085],[104.6093,-1.99664],[104.61265,-1.99067],[104.61096,-1.98761]],[[104.61058,-1.99773],[104.60889,-1.99854],[104.60907,-2.00142],[104.60988,-2.00009],[104.61069,-2.00162],[104.61159,-2.00071],[104.61194,-1.99556]],[[104.61058,-1.99719],[104.61069,-1.99732]],[[104.5786,-2.00831],[104.57919,-2.00559],[104.57305,-2.00245]],[[104.57198,-2.00174],[104.57176,-2.00138]],[[104.5716,-2.00111],[104.57103,-2.00157]],[[104.61258,-2.00207],[104.6129,-2.0018],[104.61257,-2.0012],[104.61203,-2.0018],[104.61258,-2.00207]],[[104.603,-2.01043],[104.59935,-2.00825],[104.5891,-2.00788],[104.58317,-2.00547],[104.58144,-2.00858]]]}},{"id":"99","type":"Feature","properties":{"year":2017,"certainty":"unstable data"},"geometry":{"type":"MultiLineString","coordinates":[[[104.53355,-1.88711],[104.53296,-1.88955]],[[104.53235,-1.89109],[104.53182,-1.89227]],[[104.53181,-1.89229],[104.53109,-1.89362]],[[104.47679,-1.88618],[104.47699,-1.88601]],[[104.47706,-1.88595],[104.47751,-1.88546]],[[104.4776,-1.88528],[104.47764,-1.88519]]]}},{"id":"100","type":"Feature","properties":{"year":2017,"certainty":"good"},"geometry":{"type":"MultiLineString","coordinates":[[[104.48351,-1.83214],[104.4853,-1.83318],[104.48827,-1.83091],[104.49169,-1.824],[104.50149,-1.8136],[104.50388,-1.80907]],[[104.47262,-1.8505],[104.47801,-1.85204],[104.48079,-1.85005],[104.48275,-1.84028],[104.48432,-1.83865],[104.48456,-1.83431],[104.48304,-1.83268]],[[104.46722,-1.86351],[104.47241,-1.85846],[104.4733,-1.85276],[104.47181,-1.85141]],[[104.60645,-1.96326],[104.61258,-1.95658],[104.61339,-1.95741],[104.62149,-1.95096],[104.62306,-1.94481],[104.62648,-1.9403]],[[104.63889,-1.93641],[104.64145,-1.93674],[104.6432,-1.93423],[104.64437,-1.92934],[104.64337,-1.92174],[104.62595,-1.90364]],[[104.62352,-1.90138],[104.62341,-1.90124]],[[104.59434,-1.87464],[104.59413,-1.87445]],[[104.58819,-1.8701],[104.57349,-1.86037],[104.56176,-1.85696]],[[104.55475,-1.85337],[104.55057,-1.85342],[104.54423,-1.85664]],[[104.54072,-1.8597],[104.53971,-1.86241]],[[104.54078,-1.86567],[104.54153,-1.86645]],[[104.539,-1.87463],[104.53778,-1.8768]],[[104.53611,-1.88032],[104.53559,-1.88193]],[[104.53558,-1.88195],[104.53532,-1.8823]],[[104.53514,-1.8825],[104.53505,-1.88261]],[[104.53491,-1.88277],[104.53432,-1.8848],[104.53293,-1.88453],[104.53355,-1.88711]],[[104.53296,-1.88955],[104.53235,-1.89109]],[[104.53182,-1.89227],[104.53181,-1.89229]],[[104.53109,-1.89362],[104.5297,-1.89606]],[[104.52577,-1.90855],[104.52293,-1.91438],[104.52565,-1.9133],[104.52092,-1.92212]],[[104.52074,-1.92293],[104.52074,-1.92294]],[[104.52069,-1.92347],[104.52223,-1.9255]],[[104.47262,-1.8704],[104.47396,-1.86662],[104.47205,-1.8647],[104.46803,-1.8653]],[[104.47422,-1.88741],[104.47679,-1.88618]],[[104.47699,-1.88601],[104.47706,-1.88595]],[[104.47751,-1.88546],[104.4776,-1.88528]],[[104.47764,-1.88519],[104.47883,-1.87366],[104.47605,-1.87013],[104.47327,-1.87094]],[[104.47489,-1.9023],[104.47543,-1.9018]],[[104.47549,-1.90175],[104.4757,-1.90156]],[[104.47603,-1.90121],[104.47873,-1.89157],[104.47449,-1.88803]],[[104.49523,-1.92781],[104.49403,-1.92455]],[[104.48838,-1.91616],[104.48836,-1.91614]],[[104.48811,-1.91567],[104.48285,-1.91242],[104.4784,-1.91252]],[[104.52169,-1.92651],[104.51912,-1.92609]],[[104.6454,-1.93151],[104.64502,-1.92988],[104.64496,-1.92949],[104.64473,-1.9307],[104.6454,-1.93151]],[[104.65373,-1.96316],[104.65372,-1.96316]],[[104.64419,-1.96802],[104.64374,-1.96816]],[[104.63251,-1.9767],[104.63141,-1.97778]],[[104.61665,-1.97072],[104.61649,-1.97066]],[[104.61438,-1.96937],[104.61233,-1.96489],[104.60719,-1.96507]],[[104.61367,-1.96652],[104.61428,-1.96625],[104.61366,-1.96574],[104.61353,-1.96597],[104.61367,-1.96652]],[[104.61692,-1.96815],[104.6169,-1.96755],[104.61663,-1.9674],[104.61658,-1.96787],[104.61692,-1.96815]],[[104.61678,-1.97005],[104.61557,-1.96937]],[[104.61595,-1.96962],[104.61599,-1.96964]],[[104.61622,-1.96989],[104.61678,-1.97005]],[[104.60327,-2.01025],[104.60351,-2.01048]],[[104.57184,-1.99843],[104.57548,-1.99924]],[[104.5914,-2.0022],[104.59625,-2.0021]],[[104.59965,-2.00193],[104.60434,-2.00085]],[[104.57305,-2.00245],[104.57198,-2.00174]],[[104.57176,-2.00138],[104.5716,-2.00111]],[[104.60338,-2.01075],[104.603,-2.01043]]]}},{"id":"101","type":"Feature","properties":{"year":2018,"certainty":"unstable data"},"geometry":{"type":"MultiLineString","coordinates":[[[104.62998,-1.98394],[104.62974,-1.98375]],[[104.62971,-1.98372],[104.62846,-1.98335],[104.6254,-1.99054]]]}},{"id":"102","type":"Feature","properties":{"year":2018,"certainty":"good"},"geometry":{"type":"MultiLineString","coordinates":[[[104.48354,-1.83214],[104.4853,-1.83314],[104.48827,-1.83063],[104.49173,-1.82372],[104.50155,-1.81341],[104.50383,-1.80907]],[[104.47262,-1.85046],[104.47801,-1.85202],[104.48065,-1.85005],[104.48247,-1.84001],[104.48432,-1.83865],[104.48448,-1.83431],[104.48303,-1.83268]],[[104.46722,-1.86344],[104.47241,-1.85846],[104.47329,-1.85276],[104.47181,-1.85144]],[[104.60645,-1.96326],[104.61258,-1.95657],[104.61339,-1.95736],[104.6194,-1.95295],[104.62399,-1.94236],[104.62938,-1.93721],[104.63417,-1.93501],[104.63795,-1.93523],[104.6401,-1.93719],[104.64174,-1.9364],[104.64366,-1.92391],[104.64236,-1.92065],[104.60343,-1.88215],[104.57458,-1.86147],[104.55799,-1.85604],[104.55569,-1.85333],[104.55111,-1.85327],[104.54088,-1.85929],[104.53969,-1.86228],[104.54169,-1.86662],[104.54074,-1.86757]],[[104.539,-1.87463],[104.53438,-1.88507],[104.53295,-1.88453],[104.5332,-1.88914],[104.52294,-1.91357],[104.52569,-1.9133],[104.52106,-1.92117],[104.52075,-1.92388],[104.52222,-1.92551]],[[104.47258,-1.8704],[104.47396,-1.86661],[104.4718,-1.86468],[104.46803,-1.86531]],[[104.47422,-1.88744],[104.47746,-1.88553],[104.47945,-1.87664],[104.47639,-1.87035],[104.47329,-1.87094]],[[104.46262,-1.90749],[104.47031,-1.90539]],[[104.47639,-1.90066],[104.4787,-1.89157],[104.47449,-1.88805]],[[104.46464,-1.9126],[104.46464,-1.9126]],[[104.46329,-1.90932],[104.46324,-1.90934]],[[104.46302,-1.9095],[104.46289,-1.90958]],[[104.49705,-1.94803],[104.49669,-1.93229],[104.49367,-1.92387],[104.48581,-1.91376],[104.47732,-1.91283]],[[104.52169,-1.9265],[104.51314,-1.92524],[104.51198,-1.92746],[104.50666,-1.92985],[104.50357,-1.93623]],[[104.50103,-1.9403],[104.50081,-1.94722]],[[104.50097,-1.93283],[104.50051,-1.93256]],[[104.50078,-1.93288],[104.50097,-1.93283]],[[104.65373,-1.96374],[104.63942,-1.97069]],[[104.63119,-1.97806],[104.62956,-1.98036],[104.63119,-1.98317]],[[104.61419,-1.98728],[104.61665,-1.98511]],[[104.61688,-1.9786],[104.61681,-1.97385],[104.61447,-1.96976],[104.60935,-1.96417],[104.60719,-1.96511]],[[104.63065,-1.98426],[104.62998,-1.98394]],[[104.62974,-1.98375],[104.62971,-1.98372]],[[104.57184,-1.99846],[104.5891,-2.00221],[104.60462,-2.00068]],[[104.61117,-1.99325],[104.61292,-1.98945]],[[104.57218,-2.0007],[104.57237,-2.00043],[104.57211,-1.99989],[104.57184,-1.99951],[104.57218,-2.0007]],[[104.57856,-2.00831],[104.57919,-2.00559],[104.57103,-2.0016]],[[104.58123,-2.00532],[104.5817,-2.00423],[104.58101,-2.0024],[104.58008,-2.00451],[104.58123,-2.00532]],[[104.5949,-2.00836],[104.5829,-2.00544],[104.58141,-2.00858]]]}},{"id":"103","type":"Feature","properties":{"year":2018,"certainty":"insufficient data"},"geometry":{"type":"MultiLineString","coordinates":[[[104.54074,-1.86757],[104.539,-1.87463]],[[104.47031,-1.90539],[104.47639,-1.90066]],[[104.4646,-1.92604],[104.46477,-1.92325],[104.46666,-1.92451],[104.46726,-1.92332],[104.46415,-1.92169],[104.46464,-1.9126]],[[104.46464,-1.9126],[104.4653,-1.90948],[104.46329,-1.90932]],[[104.46324,-1.90934],[104.46302,-1.9095]],[[104.47732,-1.91283],[104.47149,-1.91382],[104.46831,-1.92631]],[[104.46734,-1.91518],[104.46727,-1.91382],[104.46693,-1.91343],[104.46637,-1.91437],[104.46734,-1.91518]],[[104.50357,-1.93623],[104.50103,-1.9403]],[[104.50051,-1.93256],[104.50078,-1.93288]],[[104.63942,-1.97069],[104.63119,-1.97806]],[[104.61177,-1.9862],[104.61419,-1.98728]],[[104.61665,-1.98511],[104.61688,-1.9786]],[[104.6254,-1.99054],[104.61257,-2.00513],[104.60286,-2.0082],[104.60352,-2.01048]],[[104.60462,-2.00068],[104.61117,-1.99325]],[[104.61292,-1.98945],[104.61096,-1.98761]],[[104.61529,-1.99637],[104.615,-1.99603],[104.61468,-1.99637],[104.615,-1.9963],[104.61529,-1.99637]],[[104.61097,-2.0018],[104.61176,-2.00017],[104.61123,-1.99808],[104.61019,-1.9999],[104.61097,-2.0018]],[[104.61258,-2.00207],[104.6129,-2.0018],[104.61257,-2.0012],[104.61203,-2.0018],[104.61258,-2.00207]],[[104.60338,-2.01075],[104.59935,-2.00824],[104.5949,-2.00836]]]}},{"id":"104","type":"Feature","properties":{"year":2018,"certainty":"good"},"geometry":{"type":"MultiLineString","coordinates":[[[104.52147,-1.71482],[104.52676,-1.713],[104.51974,-1.70133],[104.49006,-1.66767],[104.46538,-1.61473],[104.46044,-1.60035],[104.46086,-1.59682],[104.45812,-1.59221],[104.45637,-1.57836],[104.45282,-1.56968],[104.44874,-1.54308],[104.44458,-1.53439],[104.439,-1.514],[104.43802,-1.50427],[104.4407,-1.4835]],[[104.44049,-1.48232],[104.44049,-1.48181]],[[104.44054,-1.4816],[104.44067,-1.48079]],[[104.44481,-1.46563],[104.45223,-1.44347],[104.45574,-1.43929],[104.45681,-1.43316],[104.45564,-1.40602],[104.45115,-1.38974],[104.45272,-1.37779],[104.45577,-1.37291],[104.45669,-1.35669]],[[104.45359,-1.44402],[104.45397,-1.4432],[104.45385,-1.44291],[104.45347,-1.44347],[104.45359,-1.44402]],[[104.50473,-1.80323],[104.51147,-1.80669],[104.5255,-1.79906],[104.52927,-1.79974],[104.53764,-1.78672],[104.53953,-1.78488],[104.54499,-1.78384],[104.54172,-1.75589],[104.5322,-1.72956],[104.52661,-1.71924],[104.52201,-1.71548]],[[104.50385,-1.80904],[104.50311,-1.80453]]]}},{"id":"105","type":"Feature","properties":{"year":2019,"certainty":"good"},"geometry":{"type":"MultiLineString","coordinates":[[[104.52147,-1.71482],[104.5269,-1.713],[104.51129,-1.69101],[104.48993,-1.66771],[104.4866,-1.65817],[104.46756,-1.62067],[104.45943,-1.59791],[104.45257,-1.56886],[104.44858,-1.54281],[104.44223,-1.52733],[104.43846,-1.51184],[104.43781,-1.50345],[104.44225,-1.47387],[104.45184,-1.4432],[104.45476,-1.44103],[104.45678,-1.43316],[104.45558,-1.40629],[104.45113,-1.39082],[104.45659,-1.35669]],[[104.45311,-1.44402],[104.45369,-1.44348],[104.45358,-1.44323],[104.45304,-1.44406],[104.45311,-1.44402]],[[104.50473,-1.80322],[104.51066,-1.80677],[104.52523,-1.7991],[104.52927,-1.79969],[104.539,-1.78493],[104.5449,-1.78357],[104.54034,-1.75275],[104.53211,-1.72956],[104.5266,-1.71951],[104.52201,-1.71547]],[[104.5038,-1.80904],[104.50311,-1.80453]]]}},{"id":"106","type":"Feature","properties":{"year":2019,"certainty":"good"},"geometry":{"type":"MultiLineString","coordinates":[[[104.48348,-1.83214],[104.4853,-1.83314],[104.48823,-1.83051],[104.49125,-1.824],[104.50144,-1.81341],[104.50377,-1.80907]],[[104.47262,-1.85048],[104.47801,-1.85202],[104.48064,-1.85005],[104.48233,-1.83944],[104.48426,-1.83865],[104.48447,-1.83431],[104.48305,-1.83268]],[[104.46722,-1.86345],[104.47237,-1.85846],[104.47328,-1.85276],[104.47181,-1.85144]],[[104.6064,-1.96326],[104.61258,-1.95653],[104.61339,-1.95736],[104.61887,-1.95349],[104.62608,-1.9391],[104.63396,-1.93504],[104.63795,-1.9352],[104.6401,-1.93721],[104.64172,-1.93631],[104.64283,-1.92201],[104.62647,-1.90437],[104.59868,-1.87858],[104.57403,-1.86155],[104.553,-1.85328],[104.54275,-1.85755],[104.53972,-1.86241]],[[104.54051,-1.86947],[104.53667,-1.87912]],[[104.53656,-1.87924],[104.5364,-1.8793]],[[104.53623,-1.87978],[104.53559,-1.88202]],[[104.53449,-1.88331],[104.53438,-1.88514],[104.53296,-1.88453],[104.5332,-1.88914],[104.52297,-1.91438],[104.52568,-1.9133],[104.52101,-1.92115]],[[104.52069,-1.92347],[104.52222,-1.92551]],[[104.47256,-1.8704],[104.47396,-1.86668],[104.4718,-1.86466],[104.46803,-1.86528]],[[104.47422,-1.88745],[104.47741,-1.8856],[104.47943,-1.87692],[104.47666,-1.87067],[104.47331,-1.87094]],[[104.46383,-1.90689],[104.46437,-1.90669]],[[104.46815,-1.90612],[104.47422,-1.9031],[104.47727,-1.8989],[104.47858,-1.8913],[104.47449,-1.88805]],[[104.46982,-1.90894],[104.46994,-1.90812],[104.46963,-1.90812],[104.46954,-1.90894],[104.46982,-1.90894]],[[104.49704,-1.94803],[104.49675,-1.93432]],[[104.49673,-1.93336],[104.49389,-1.92442],[104.48581,-1.91383],[104.48096,-1.91233],[104.4761,-1.91376],[104.47287,-1.9129],[104.47047,-1.91518],[104.46909,-1.92056],[104.46829,-1.91925],[104.4645,-1.91946],[104.4645,-1.92251],[104.46359,-1.91762],[104.4646,-1.91233]],[[104.46709,-1.91599],[104.46996,-1.91301],[104.47017,-1.90987],[104.46754,-1.91152]],[[104.46729,-1.9126],[104.46709,-1.91599]],[[104.47078,-1.91165],[104.47146,-1.91138],[104.47098,-1.91091],[104.47058,-1.91111],[104.47078,-1.91165]],[[104.46657,-1.91762],[104.46685,-1.91681],[104.46612,-1.91638],[104.46558,-1.91735],[104.46657,-1.91762]],[[104.46468,-1.92604],[104.46477,-1.92335],[104.46693,-1.92348]],[[104.46739,-1.92359],[104.46573,-1.92441],[104.46828,-1.92394],[104.46829,-1.92631]],[[104.52169,-1.92648],[104.51912,-1.92607]],[[104.50839,-1.9289],[104.50352,-1.93623]],[[104.50107,-1.93975],[104.49954,-1.94722],[104.50065,-1.94722]],[[104.61177,-1.98619],[104.61447,-1.98725],[104.61641,-1.98552],[104.61681,-1.97385],[104.60935,-1.96419],[104.60719,-1.96513]],[[104.65373,-1.96436],[104.63942,-1.9708]],[[104.62998,-1.98394],[104.62976,-1.98375]],[[104.62631,-1.9881],[104.62539,-1.99048]],[[104.57198,-1.99848],[104.57521,-1.99913]],[[104.58358,-2.00112],[104.59625,-2.00203]],[[104.59968,-2.00193],[104.60057,-2.00176]],[[104.57857,-2.00831],[104.57926,-2.00585]],[[104.57957,-2.006],[104.57975,-2.006]],[[104.57697,-2.00437],[104.5771,-2.00458]],[[104.57717,-2.00464],[104.57225,-2.00202]],[[104.5949,-2.00836],[104.58816,-2.00747]],[[104.58485,-2.006],[104.58438,-2.00581]],[[104.58426,-2.00573],[104.58174,-2.00654]],[[104.58139,-2.00817],[104.58132,-2.00858]]]}},{"id":"107","type":"Feature","properties":{"year":2019,"certainty":"unstable data"},"geometry":{"type":"MultiLineString","coordinates":[[[104.53667,-1.87912],[104.53656,-1.87924]],[[104.5364,-1.8793],[104.53623,-1.87978]],[[104.53559,-1.88202],[104.53449,-1.88331]],[[104.49708,-1.91492],[104.49741,-1.91543]],[[104.49742,-1.91899],[104.49741,-1.9183],[104.49687,-1.91809],[104.49658,-1.91872],[104.49742,-1.91899]],[[104.50349,-1.92713],[104.50361,-1.92681],[104.50307,-1.9262],[104.50303,-1.92686],[104.50349,-1.92713]]]}},{"id":"108","type":"Feature","properties":{"year":2019,"certainty":"insufficient data"},"geometry":{"type":"MultiLineString","coordinates":[[[104.53972,-1.86241],[104.54206,-1.86689],[104.54051,-1.86947]],[[104.52101,-1.92115],[104.52069,-1.92347]],[[104.46262,-1.90747],[104.46383,-1.90689]],[[104.46437,-1.90669],[104.46815,-1.90612]],[[104.49675,-1.93432],[104.49673,-1.93336]],[[104.4646,-1.91233],[104.46523,-1.90948],[104.46289,-1.90962]],[[104.46754,-1.91152],[104.46729,-1.9126]],[[104.51912,-1.92607],[104.51333,-1.92513],[104.51198,-1.92743],[104.50839,-1.9289]],[[104.50352,-1.93623],[104.50107,-1.93975]],[[104.50183,-1.93283],[104.50118,-1.9319],[104.50029,-1.93283],[104.50091,-1.93306],[104.50183,-1.93283]],[[104.63942,-1.9708],[104.62993,-1.97955],[104.63119,-1.98317]],[[104.63065,-1.98427],[104.62998,-1.98394]],[[104.62976,-1.98375],[104.62849,-1.98336],[104.62631,-1.9881]],[[104.62539,-1.99048],[104.61257,-2.00512],[104.60313,-2.00808],[104.60353,-2.01048]],[[104.57184,-1.99848],[104.57198,-1.99848]],[[104.57521,-1.99913],[104.58358,-2.00112]],[[104.59625,-2.00203],[104.59968,-2.00193]],[[104.60057,-2.00176],[104.6092,-1.99746],[104.61284,-1.98986],[104.61096,-1.98765]],[[104.61601,-1.99664],[104.61581,-1.9958],[104.61463,-1.99637],[104.61554,-1.99681],[104.61601,-1.99664]],[[104.57218,-2.0007],[104.57225,-2.00016],[104.57157,-1.99936],[104.57169,-2.00043],[104.57218,-2.0007]],[[104.57926,-2.00585],[104.57957,-2.006]],[[104.57975,-2.006],[104.58112,-2.00505],[104.5802,-2.0041],[104.57697,-2.00437]],[[104.5771,-2.00458],[104.57717,-2.00464]],[[104.57225,-2.00202],[104.57103,-2.00162]],[[104.57912,-2.00482],[104.57858,-2.00487],[104.57849,-2.00478],[104.57912,-2.00425],[104.57912,-2.00482]],[[104.60337,-2.01075],[104.59935,-2.00825],[104.5949,-2.00836]],[[104.58816,-2.00747],[104.58485,-2.006]],[[104.58438,-2.00581],[104.58426,-2.00573]],[[104.58174,-2.00654],[104.58139,-2.00817]]]}},{"id":"109","type":"Feature","properties":{"year":2020,"certainty":"good"},"geometry":{"type":"MultiLineString","coordinates":[[[104.48343,-1.83214],[104.4853,-1.83315],[104.48825,-1.83051],[104.49143,-1.82372],[104.50122,-1.81364],[104.50376,-1.80907]],[[104.47262,-1.85048],[104.47801,-1.85202],[104.48062,-1.85005],[104.4826,-1.8379],[104.48426,-1.83865],[104.48442,-1.83431],[104.48306,-1.83268]],[[104.46722,-1.86348],[104.47236,-1.85846],[104.47328,-1.85276],[104.47181,-1.85146]],[[104.60643,-1.96326],[104.61258,-1.95656],[104.61339,-1.95734],[104.61887,-1.95349],[104.62608,-1.93909],[104.63399,-1.93504],[104.63795,-1.9352],[104.6401,-1.9372],[104.64172,-1.93635],[104.64315,-1.92255],[104.61125,-1.88993],[104.58968,-1.87149],[104.5743,-1.86197],[104.55313,-1.8535]],[[104.54018,-1.86078],[104.54007,-1.86472],[104.54209,-1.86689],[104.54077,-1.86743],[104.53586,-1.88175]],[[104.53428,-1.88358],[104.53424,-1.88363]],[[104.53411,-1.88385],[104.53343,-1.8845]],[[104.53296,-1.88467],[104.53319,-1.88914],[104.52299,-1.91357],[104.52358,-1.91449],[104.52599,-1.91303],[104.52101,-1.92117],[104.52223,-1.92548]],[[104.47257,-1.8704],[104.47396,-1.86663],[104.4718,-1.86466],[104.46803,-1.86526]],[[104.47422,-1.88744],[104.47743,-1.8856],[104.47944,-1.87692],[104.47666,-1.87067],[104.47326,-1.87094]],[[104.46388,-1.9069],[104.47233,-1.90447],[104.47647,-1.90053],[104.4786,-1.8913],[104.47449,-1.88802]],[[104.46469,-1.92604],[104.46359,-1.91762],[104.46464,-1.91179]],[[104.46709,-1.91599],[104.46969,-1.91355],[104.47098,-1.91091],[104.46647,-1.91247],[104.46581,-1.91518],[104.46709,-1.91599]],[[104.49708,-1.94803],[104.49622,-1.93066],[104.4917,-1.92062],[104.48655,-1.91437],[104.48096,-1.91232],[104.47206,-1.9133],[104.46657,-1.92414],[104.46845,-1.92359],[104.46828,-1.92612]],[[104.46532,-1.91654],[104.46602,-1.91627],[104.46607,-1.91599],[104.46506,-1.91627],[104.46532,-1.91654]],[[104.46462,-1.92007],[104.46509,-1.91952],[104.4645,-1.91918],[104.46425,-1.91952],[104.46462,-1.92007]],[[104.52168,-1.9266],[104.51333,-1.92512],[104.51198,-1.92744],[104.50725,-1.92966]],[[104.50634,-1.93026],[104.50622,-1.93053]],[[104.5063,-1.9308],[104.50618,-1.93117]],[[104.50601,-1.93134],[104.50591,-1.93145]],[[104.50587,-1.93161],[104.50564,-1.93319]],[[104.50537,-1.93405],[104.50147,-1.93853],[104.50067,-1.94722]],[[104.50033,-1.93487],[104.50051,-1.93489]],[[104.61177,-1.98619],[104.61447,-1.98722],[104.61638,-1.98552],[104.61681,-1.97385],[104.60953,-1.96434],[104.60719,-1.96511]],[[104.65373,-1.96463],[104.63956,-1.97074],[104.62998,-1.97946]],[[104.62971,-1.98116],[104.62978,-1.98131]],[[104.62998,-1.98166],[104.63119,-1.98315]],[[104.63065,-1.98426],[104.62849,-1.98337],[104.62473,-1.99203],[104.61872,-1.99868]],[[104.61817,-1.99949],[104.61756,-2.00048]],[[104.61748,-2.00058],[104.6173,-2.00073]],[[104.61622,-2.0015],[104.616,-2.00166]],[[104.61224,-2.00519],[104.60313,-2.0081],[104.60357,-2.01048]],[[104.57103,-2.00024],[104.57117,-2.00044]],[[104.5744,-1.99912],[104.57521,-1.99923]],[[104.58411,-2.0012],[104.5941,-2.00221]],[[104.59895,-2.002],[104.60553,-2.00017],[104.61028,-1.99461]],[[104.61116,-1.99325],[104.61133,-1.99271]],[[104.58046,-2.00858],[104.57876,-2.00749],[104.58044,-2.00573]],[[104.57872,-2.00412],[104.5787,-2.0041]],[[104.57843,-2.0041],[104.57589,-2.00451],[104.57251,-2.00212]],[[104.60332,-2.01075],[104.59935,-2.00821],[104.59113,-2.00773]],[[104.59104,-2.00763],[104.59086,-2.00759]],[[104.5908,-2.00546],[104.58883,-2.00293],[104.58903,-2.00492]],[[104.58249,-2.00561],[104.58075,-2.00858]]]}},{"id":"110","type":"Feature","properties":{"year":2020,"certainty":"unstable data"},"geometry":{"type":"MultiLineString","coordinates":[[[104.55313,-1.8535],[104.54706,-1.85474],[104.54018,-1.86078]],[[104.53586,-1.88175],[104.53428,-1.88358]],[[104.53424,-1.88363],[104.53411,-1.88385]],[[104.53343,-1.8845],[104.53296,-1.88467]],[[104.49742,-1.91899],[104.49741,-1.91831],[104.49687,-1.9181],[104.49649,-1.91872],[104.49742,-1.91899]],[[104.50725,-1.92966],[104.50634,-1.93026]],[[104.50622,-1.93053],[104.5063,-1.9308]],[[104.50618,-1.93117],[104.50601,-1.93134]],[[104.50591,-1.93145],[104.50587,-1.93161]],[[104.50564,-1.93319],[104.50537,-1.93405]],[[104.62998,-1.97946],[104.62971,-1.98116]],[[104.62978,-1.98131],[104.62998,-1.98166]],[[104.58358,-2.00115],[104.58411,-2.0012]],[[104.59113,-2.00773],[104.59104,-2.00763]],[[104.59086,-2.00759],[104.58902,-2.00776],[104.5908,-2.00546]],[[104.58903,-2.00492],[104.58802,-2.00731],[104.58249,-2.00561]],[[104.58816,-2.00586],[104.58874,-2.00559],[104.5872,-2.00532],[104.58749,-2.00611],[104.58816,-2.00586]]]}},{"id":"111","type":"Feature","properties":{"year":2020,"certainty":"insufficient data"},"geometry":{"type":"MultiLineString","coordinates":[[[104.46262,-1.90749],[104.46388,-1.9069]],[[104.46464,-1.91179],[104.46526,-1.90948],[104.46289,-1.90963]],[[104.50175,-1.93283],[104.50129,-1.93202],[104.50087,-1.93202],[104.50065,-1.93267],[104.50175,-1.93283]],[[104.50075,-1.93473],[104.50033,-1.93487]],[[104.50051,-1.93489],[104.50075,-1.93473]],[[104.61872,-1.99868],[104.61817,-1.99949]],[[104.61756,-2.00048],[104.61748,-2.00058]],[[104.6173,-2.00073],[104.61622,-2.0015]],[[104.616,-2.00166],[104.61224,-2.00519]],[[104.57117,-2.00044],[104.5744,-1.99912]],[[104.57521,-1.99923],[104.58358,-2.00115]],[[104.5941,-2.00221],[104.59895,-2.002]],[[104.61028,-1.99461],[104.61116,-1.99325]],[[104.61133,-1.99271],[104.6127,-1.98959],[104.61096,-1.98768]],[[104.57682,-2.00125],[104.57751,-2.00112],[104.57852,-2.00043],[104.57697,-2.00028],[104.57682,-2.00125]],[[104.58044,-2.00573],[104.58317,-2.00169],[104.57956,-2.00125],[104.57983,-2.00315],[104.57872,-2.00412]],[[104.5787,-2.0041],[104.57843,-2.0041]],[[104.57251,-2.00212],[104.57103,-2.0016]],[[104.5781,-2.00342],[104.57872,-2.00315],[104.57641,-2.00315],[104.57643,-2.00344],[104.5781,-2.00342]],[[104.57993,-2.004],[104.57941,-2.00369],[104.57966,-2.00343],[104.58028,-2.00369],[104.57993,-2.004]]]}},{"id":"112","type":"Feature","properties":{"year":2020,"certainty":"good"},"geometry":{"type":"MultiLineString","coordinates":[[[104.52147,-1.71483],[104.52659,-1.713],[104.51127,-1.69101],[104.48963,-1.66794],[104.48642,-1.65789],[104.4679,-1.62152],[104.45727,-1.59085],[104.44855,-1.54308],[104.44434,-1.53412],[104.43846,-1.51216],[104.43815,-1.50155],[104.44215,-1.47414],[104.4501,-1.44673],[104.45175,-1.44266],[104.45507,-1.44076],[104.4569,-1.43289],[104.45547,-1.40629],[104.45112,-1.39082],[104.4566,-1.35669]],[[104.45442,-1.44266],[104.45453,-1.44212],[104.45466,-1.44182],[104.45431,-1.44212],[104.45442,-1.44266]],[[104.45265,-1.4451],[104.45369,-1.44375],[104.45385,-1.44286],[104.45331,-1.4432],[104.45265,-1.4451]],[[104.50473,-1.80323],[104.51147,-1.80662],[104.52523,-1.799],[104.52927,-1.79966],[104.53899,-1.78433],[104.54408,-1.78357],[104.53953,-1.75046],[104.53024,-1.72576],[104.52579,-1.71859],[104.52174,-1.7154]],[[104.50377,-1.80904],[104.50311,-1.80452]]]}},{"id":"113","type":"Feature","properties":{"year":2021,"certainty":"good"},"geometry":{"type":"MultiLineString","coordinates":[[[104.52147,-1.71484],[104.52641,-1.71381],[104.52217,-1.7054],[104.51126,-1.69101],[104.48976,-1.66767],[104.48659,-1.65817],[104.46767,-1.62071],[104.46417,-1.60714],[104.4596,-1.59709],[104.45824,-1.59085],[104.45866,-1.58899],[104.46136,-1.59819],[104.46161,-1.59411],[104.45815,-1.58271],[104.45651,-1.57996],[104.45624,-1.58214],[104.45489,-1.57893],[104.4484,-1.54308],[104.44419,-1.53412],[104.43862,-1.51295],[104.4379,-1.50698],[104.44233,-1.4736],[104.45043,-1.4432],[104.45271,-1.44347],[104.45223,-1.44683],[104.45509,-1.44266],[104.45393,-1.44158],[104.45585,-1.4413],[104.45691,-1.43343],[104.45537,-1.40629],[104.45159,-1.39489],[104.45085,-1.38648],[104.45521,-1.37223],[104.45676,-1.35669]],[[104.45331,-1.44475],[104.45315,-1.44429],[104.45358,-1.44383],[104.4538,-1.44402],[104.45331,-1.44475]],[[104.45468,-1.56696],[104.45447,-1.56534],[104.45409,-1.56469],[104.4542,-1.56642],[104.45468,-1.56696]],[[104.45782,-1.57456],[104.4576,-1.57294],[104.45732,-1.57242],[104.45748,-1.57456],[104.45782,-1.57456]],[[104.50473,-1.80331],[104.51147,-1.80661],[104.52523,-1.79899],[104.52927,-1.79965],[104.53922,-1.78411],[104.54407,-1.78384],[104.54188,-1.75887],[104.53985,-1.75154],[104.53165,-1.7282],[104.52611,-1.71897],[104.52174,-1.7154]],[[104.5038,-1.80904],[104.50311,-1.80449]]]}},{"id":"114","type":"Feature","properties":{"year":2021,"certainty":"good"},"geometry":{"type":"MultiLineString","coordinates":[[[104.48342,-1.83214],[104.4853,-1.83317],[104.48827,-1.83054],[104.49146,-1.82372],[104.50379,-1.80907]],[[104.47262,-1.8505],[104.47801,-1.85203],[104.48062,-1.85005],[104.48231,-1.83919],[104.48426,-1.83865],[104.48314,-1.83266]],[[104.46722,-1.8635],[104.47237,-1.85846],[104.47331,-1.85276],[104.47181,-1.85145]],[[104.60645,-1.96326],[104.60759,-1.96264]],[[104.6077,-1.96258],[104.61258,-1.95655],[104.61339,-1.95733],[104.61885,-1.95349],[104.62376,-1.94263],[104.6285,-1.93772],[104.63498,-1.93493],[104.63983,-1.93719],[104.64172,-1.93635],[104.64315,-1.92255],[104.61125,-1.88994],[104.58581,-1.86772],[104.55529,-1.85455]],[[104.54016,-1.86078],[104.53986,-1.86187]],[[104.54099,-1.86571],[104.54207,-1.86689],[104.53532,-1.88238]],[[104.5341,-1.88385],[104.5337,-1.88459]],[[104.5331,-1.88494],[104.53318,-1.88914],[104.52299,-1.91357],[104.526,-1.91303],[104.52101,-1.92117],[104.52223,-1.92549]],[[104.47257,-1.8704],[104.47396,-1.86663],[104.47207,-1.86469],[104.46803,-1.86525]],[[104.58455,-1.86758],[104.58597,-1.86853]],[[104.47422,-1.88747],[104.47743,-1.8856],[104.47944,-1.87664],[104.47666,-1.87067],[104.47326,-1.87094]],[[104.46289,-1.90796],[104.47233,-1.90447],[104.47633,-1.9008],[104.47866,-1.89157],[104.47449,-1.88797]],[[104.49749,-1.94776],[104.49671,-1.93229],[104.49375,-1.92415],[104.48635,-1.91423],[104.4784,-1.91252]],[[104.47813,-1.9126],[104.47179,-1.91345],[104.46882,-1.91877],[104.46932,-1.91396]],[[104.4695,-1.91374],[104.46955,-1.91369]],[[104.4714,-1.91152],[104.47138,-1.91101]],[[104.47137,-1.91098],[104.47085,-1.9105]],[[104.4659,-1.91396],[104.46396,-1.92013],[104.46519,-1.90948],[104.46289,-1.90955]],[[104.47353,-1.91138],[104.47314,-1.91091],[104.47277,-1.91138],[104.47314,-1.91151],[104.47353,-1.91138]],[[104.46774,-1.91832],[104.4672,-1.91826],[104.4669,-1.91735],[104.46801,-1.91682],[104.46774,-1.91832]],[[104.46882,-1.92032],[104.46849,-1.92007],[104.46855,-1.9195],[104.46903,-1.91952],[104.46882,-1.92032]],[[104.46774,-1.925],[104.46718,-1.92468],[104.46736,-1.92441],[104.46801,-1.92447],[104.46774,-1.925]],[[104.52169,-1.9266],[104.51333,-1.92514],[104.51198,-1.92745],[104.5067,-1.92985],[104.50506,-1.93473],[104.50148,-1.93853],[104.5005,-1.94586],[104.49867,-1.94776]],[[104.61177,-1.98619],[104.61447,-1.98721],[104.61644,-1.98524],[104.61678,-1.97385],[104.60975,-1.96454]],[[104.65373,-1.96443],[104.63956,-1.97074],[104.63079,-1.97853]],[[104.63065,-1.98426],[104.63052,-1.98414]],[[104.62836,-1.98363],[104.62473,-1.99203],[104.62017,-1.99705]],[[104.61749,-2.00058],[104.6173,-2.00074]],[[104.61622,-2.0015],[104.616,-2.00166]],[[104.61176,-2.00546],[104.60488,-2.00797]],[[104.59814,-2.00815],[104.59571,-2.00823]],[[104.58951,-2.00781],[104.58924,-2.00738]],[[104.61217,-1.98853],[104.61096,-1.98764]]]}},{"id":"115","type":"Feature","properties":{"year":2021,"certainty":"insufficient data"},"geometry":{"type":"MultiLineString","coordinates":[[[104.60759,-1.96264],[104.6077,-1.96258]],[[104.60975,-1.96454],[104.60719,-1.96512]],[[104.62017,-1.99705],[104.61749,-2.00058]],[[104.6173,-2.00074],[104.61622,-2.0015]],[[104.616,-2.00166],[104.61176,-2.00546]],[[104.60488,-2.00797],[104.60264,-2.00858],[104.60357,-2.01048]],[[104.60332,-2.01075],[104.59814,-2.00815]],[[104.59571,-2.00823],[104.58951,-2.00781]],[[104.58924,-2.00738],[104.58883,-2.00566],[104.59086,-2.00587],[104.58893,-2.00234],[104.60178,-2.00166],[104.60624,-1.99963],[104.61129,-1.99311],[104.61217,-1.98853]],[[104.58128,-2.00795],[104.57948,-2.00722],[104.58086,-2.00396],[104.57765,-2.00423],[104.5786,-2.00315],[104.57724,-2.00147],[104.57563,-2.00423],[104.57427,-2.00342],[104.57536,-2.00288],[104.57243,-2.00125],[104.57355,-1.99908],[104.58743,-2.00206],[104.58607,-2.00342],[104.58847,-2.00424],[104.58764,-2.00695],[104.5829,-2.00552],[104.58128,-2.00795]],[[104.57675,-2.00125],[104.57751,-2.00103],[104.57837,-2.00043],[104.57697,-2.00028],[104.57675,-2.00125]],[[104.57537,-2.00179],[104.57589,-2.00065],[104.5737,-2.00098],[104.57481,-2.00128],[104.57537,-2.00179]],[[104.58278,-2.00369],[104.5829,-2.00331],[104.58173,-2.00315],[104.58236,-2.00383],[104.58278,-2.00369]],[[104.58575,-2.00478],[104.58506,-2.0041],[104.58433,-2.00478],[104.58506,-2.00428],[104.58575,-2.00478]],[[104.6001,-2.00641],[104.60065,-2.00587],[104.60043,-2.00568],[104.59981,-2.00587],[104.6001,-2.00641]],[[104.60125,-2.00723],[104.60181,-2.00668],[104.60178,-2.00633],[104.60124,-2.00689],[104.60125,-2.00723]],[[104.60037,-2.0075],[104.59989,-2.00681],[104.59955,-2.00722],[104.59989,-2.00697],[104.60037,-2.0075]],[[104.58046,-2.00858],[104.58075,-2.00858]]]}},{"id":"116","type":"Feature","properties":{"year":2021,"certainty":"unstable data"},"geometry":{"type":"MultiLineString","coordinates":[[[104.55529,-1.85455],[104.55165,-1.85354],[104.54544,-1.85563],[104.54016,-1.86078]],[[104.53986,-1.86187],[104.54099,-1.86571]],[[104.53532,-1.88238],[104.5341,-1.88385]],[[104.5337,-1.88459],[104.5331,-1.88494]],[[104.4784,-1.91252],[104.47813,-1.9126]],[[104.46932,-1.91396],[104.4695,-1.91374]],[[104.46955,-1.91369],[104.4714,-1.91152]],[[104.47138,-1.91101],[104.47137,-1.91098]],[[104.47085,-1.9105],[104.46798,-1.91111],[104.4659,-1.91396]],[[104.63079,-1.97853],[104.62952,-1.98063],[104.63119,-1.98314]],[[104.63052,-1.98414],[104.62836,-1.98363]]]}},{"id":"117","type":"Feature","properties":{"year":2022,"certainty":"insufficient data"},"geometry":{"type":"MultiLineString","coordinates":[[[104.47071,-1.91115],[104.46734,-1.91157]],[[104.46546,-1.91396],[104.46545,-1.91398]],[[104.46525,-1.91423],[104.4645,-1.92178],[104.46383,-1.91613]],[[104.46383,-1.91611],[104.46392,-1.91559]],[[104.4641,-1.9152],[104.46412,-1.91504]],[[104.46522,-1.90989],[104.46518,-1.90938]],[[104.46491,-1.90663],[104.47435,-1.90432]],[[104.4745,-1.90704],[104.47434,-1.90568],[104.47395,-1.90536],[104.47388,-1.90568],[104.4745,-1.90704]],[[104.47298,-1.90785],[104.47395,-1.90769],[104.47341,-1.90593],[104.47232,-1.90785],[104.47298,-1.90785]],[[104.47186,-1.9107],[104.47135,-1.91084]],[[104.47343,-1.91098],[104.47274,-1.91125]],[[104.46963,-1.91504],[104.46952,-1.91423]],[[104.4695,-1.91419],[104.46926,-1.91396]],[[104.47038,-1.91477],[104.46979,-1.91518]],[[104.60947,-1.99586],[104.61105,-1.99325]],[[104.59864,-2.00275],[104.59895,-2.00201]]]}},{"id":"118","type":"Feature","properties":{"year":2022,"certainty":"unstable data"},"geometry":{"type":"MultiLineString","coordinates":[[[104.58711,-1.86888],[104.58704,-1.86894]],[[104.58689,-1.86894],[104.56705,-1.85848],[104.56014,-1.8568]],[[104.55879,-1.85628],[104.55327,-1.85327],[104.54841,-1.85386],[104.54194,-1.85795],[104.53994,-1.86133]],[[104.53983,-1.86187],[104.54201,-1.86689],[104.54075,-1.86784]],[[104.52884,-1.89853],[104.52686,-1.90339]],[[104.52668,-1.90418],[104.5264,-1.90692]],[[104.52452,-1.91078],[104.52438,-1.91099]],[[104.52425,-1.91122],[104.52412,-1.91153]],[[104.52398,-1.9118],[104.52374,-1.91235]],[[104.52371,-1.9124],[104.52371,-1.91447]],[[104.46734,-1.91157],[104.46572,-1.91373]],[[104.47177,-1.91084],[104.47186,-1.9107]],[[104.52398,-1.91508],[104.52226,-1.91805]],[[104.52096,-1.92185],[104.52089,-1.92212]],[[104.52074,-1.92241],[104.52069,-1.92293]],[[104.48271,-1.9125],[104.47543,-1.91316]],[[104.4754,-1.91315],[104.47516,-1.91304]],[[104.47111,-1.91357],[104.47111,-1.91349]],[[104.47111,-1.91279],[104.47126,-1.91193]],[[104.46952,-1.91423],[104.4695,-1.91419]],[[104.46926,-1.91396],[104.47043,-1.9145]],[[104.61558,-1.97235],[104.61245,-1.96869]],[[104.61245,-1.96867],[104.61251,-1.96855]],[[104.61272,-1.96845],[104.61083,-1.96547]],[[104.6261,-1.98145],[104.62686,-1.97982],[104.62661,-1.97899],[104.6248,-1.98063],[104.6261,-1.98145]],[[104.62214,-1.98226],[104.62439,-1.98145],[104.62454,-1.98036],[104.62229,-1.97947],[104.62214,-1.98226]],[[104.62369,-1.98362],[104.62371,-1.98335],[104.62337,-1.98289],[104.62328,-1.98335],[104.62369,-1.98362]],[[104.62836,-1.98351],[104.62824,-1.98375]],[[104.60596,-2.00785],[104.6056,-2.0079]],[[104.60354,-2.00804],[104.6027,-2.00845]],[[104.60219,-2.00629],[104.60232,-2.00615]],[[104.62242,-1.98769],[104.62292,-1.98525],[104.62171,-1.98416],[104.62065,-1.9866],[104.62242,-1.98769]],[[104.60286,-2.00633],[104.60371,-2.0056],[104.6034,-2.00523],[104.60212,-2.00573]],[[104.6057,-2.00008],[104.60577,-2.00003]],[[104.60597,-1.99988],[104.60782,-1.99908],[104.60731,-1.99918]],[[104.60727,-1.99922],[104.60708,-1.99922]],[[104.60704,-1.99893],[104.60729,-1.99868]],[[104.60731,-1.99865],[104.60844,-1.99732]],[[104.60905,-1.99651],[104.60947,-1.99586]],[[104.6165,-1.99149],[104.61743,-1.99012],[104.6142,-1.99033],[104.61389,-1.99149],[104.61554,-1.99041],[104.6165,-1.99149]]]}},{"id":"119","type":"Feature","properties":{"year":2022,"certainty":"good"},"geometry":{"type":"MultiLineString","coordinates":[[[104.48347,-1.83214],[104.4853,-1.83317],[104.48827,-1.83056],[104.49133,-1.824],[104.50382,-1.80907]],[[104.47262,-1.85049],[104.47801,-1.85208],[104.48065,-1.85005],[104.4826,-1.83799],[104.48432,-1.83865],[104.4831,-1.83268]],[[104.46722,-1.8635],[104.47237,-1.85846],[104.47332,-1.85276],[104.47185,-1.8514]],[[104.60645,-1.96326],[104.61258,-1.95651],[104.61339,-1.95732],[104.62077,-1.95132],[104.62365,-1.94253],[104.62851,-1.93775],[104.63444,-1.93502],[104.63795,-1.93525],[104.63983,-1.93715],[104.64172,-1.93631],[104.64334,-1.92337],[104.62608,-1.90428],[104.58711,-1.86888]],[[104.58704,-1.86894],[104.58689,-1.86894]],[[104.56014,-1.8568],[104.55879,-1.85628]],[[104.53994,-1.86133],[104.53983,-1.86187]],[[104.54075,-1.86784],[104.536,-1.88154],[104.53424,-1.8848],[104.53298,-1.88453],[104.53316,-1.88914],[104.52884,-1.89853]],[[104.52686,-1.90339],[104.52668,-1.90418]],[[104.5264,-1.90692],[104.52452,-1.91078]],[[104.52438,-1.91099],[104.52425,-1.91122]],[[104.52412,-1.91153],[104.52398,-1.9118]],[[104.52374,-1.91235],[104.52371,-1.9124]],[[104.52371,-1.91447],[104.52709,-1.91148]],[[104.4726,-1.8704],[104.47399,-1.8666],[104.4718,-1.8646],[104.46798,-1.86524]],[[104.47427,-1.8875],[104.47748,-1.8856],[104.47947,-1.87664],[104.47639,-1.87036],[104.47328,-1.87094]],[[104.46572,-1.91373],[104.46546,-1.91396]],[[104.46545,-1.91398],[104.46525,-1.91423]],[[104.46383,-1.91613],[104.46383,-1.91611]],[[104.46392,-1.91559],[104.4641,-1.9152]],[[104.46412,-1.91504],[104.46522,-1.90989]],[[104.46518,-1.90938],[104.46366,-1.90758],[104.46491,-1.90663]],[[104.47435,-1.90432],[104.47875,-1.89266],[104.47785,-1.88967],[104.47449,-1.88787]],[[104.47591,-1.90677],[104.47599,-1.90623],[104.47638,-1.90561],[104.47579,-1.90568],[104.47591,-1.90677]],[[104.47356,-1.91138],[104.47343,-1.91098]],[[104.47274,-1.91125],[104.47356,-1.91138]],[[104.52714,-1.91167],[104.52398,-1.91508]],[[104.52226,-1.91805],[104.52096,-1.92185]],[[104.52089,-1.92212],[104.52074,-1.92241]],[[104.52069,-1.92293],[104.52218,-1.92551]],[[104.49806,-1.94776],[104.4962,-1.94206],[104.4967,-1.93229],[104.49393,-1.92442],[104.48728,-1.91492],[104.48271,-1.9125]],[[104.47543,-1.91316],[104.4754,-1.91315]],[[104.47516,-1.91304],[104.47111,-1.91357]],[[104.47111,-1.91349],[104.47111,-1.91279]],[[104.47043,-1.9145],[104.47038,-1.91477]],[[104.52169,-1.92653],[104.51333,-1.92514],[104.51203,-1.92741],[104.5067,-1.92985],[104.50504,-1.93473],[104.50112,-1.93935],[104.50066,-1.94722]],[[104.49682,-1.94667],[104.49713,-1.94707]],[[104.50037,-1.9473],[104.4989,-1.94776]],[[104.61177,-1.98626],[104.61474,-1.98729],[104.61691,-1.98416],[104.61684,-1.97385],[104.61558,-1.97235]],[[104.61245,-1.96869],[104.61245,-1.96867]],[[104.61251,-1.96855],[104.61272,-1.96845]],[[104.61083,-1.96547],[104.60908,-1.96408],[104.60719,-1.96508]],[[104.65373,-1.96448],[104.63578,-1.97335],[104.62973,-1.97982],[104.63119,-1.98316]],[[104.63065,-1.98426],[104.62836,-1.98351]],[[104.62824,-1.98375],[104.62474,-1.99203],[104.61743,-2.00064],[104.61257,-2.00515],[104.60596,-2.00785]],[[104.6056,-2.0079],[104.60354,-2.00804]],[[104.6027,-2.00845],[104.60313,-2.01043],[104.59795,-2.00777],[104.60219,-2.00629]],[[104.60212,-2.00573],[104.60215,-2.00153],[104.6057,-2.00008]],[[104.60577,-2.00003],[104.60597,-1.99988]],[[104.60731,-1.99918],[104.60727,-1.99922]],[[104.60708,-1.99922],[104.60704,-1.99893]],[[104.60729,-1.99868],[104.60731,-1.99865]],[[104.60844,-1.99732],[104.60905,-1.99651]],[[104.61105,-1.99325],[104.61293,-1.98986],[104.61096,-1.98757]],[[104.59989,-2.00369],[104.59864,-2.00275]],[[104.59895,-2.00201],[104.60104,-2.0018],[104.59989,-2.00369]]]}},{"id":"120","type":"Feature","properties":{"year":2022,"certainty":"good"},"geometry":{"type":"MultiLineString","coordinates":[[[104.49051,-1.66685],[104.47083,-1.62722],[104.46077,-1.60225],[104.45936,-1.59194],[104.46082,-1.59683],[104.46138,-1.59329],[104.46055,-1.58834],[104.45849,-1.58705],[104.458,-1.57986]],[[104.45799,-1.57985],[104.45776,-1.57959]],[[104.45799,-1.57364],[104.45651,-1.57061],[104.45505,-1.57158],[104.45394,-1.56832],[104.45634,-1.56927]],[[104.45611,-1.56905],[104.45598,-1.56873]],[[104.45646,-1.56737],[104.45154,-1.55909],[104.44725,-1.53928],[104.44492,-1.53634],[104.43903,-1.51322],[104.43952,-1.49748],[104.4415,-1.48948]],[[104.44147,-1.4892],[104.44156,-1.48889]],[[104.44157,-1.48796],[104.44155,-1.48676]],[[104.44165,-1.48595],[104.44161,-1.48513]],[[104.44167,-1.48486],[104.44879,-1.45392]],[[104.45064,-1.44687],[104.45385,-1.44572],[104.45627,-1.43914],[104.45639,-1.41539]],[[104.456,-1.41159],[104.45593,-1.41077]],[[104.45595,-1.41023],[104.45524,-1.40724]],[[104.45461,-1.40399],[104.45453,-1.40346]],[[104.45453,-1.40344],[104.45444,-1.40317]],[[104.45291,-1.3991],[104.45291,-1.3985]],[[104.45286,-1.39829],[104.45264,-1.39749]],[[104.45264,-1.39657],[104.45184,-1.39501]],[[104.45161,-1.39421],[104.45157,-1.39393]],[[104.4513,-1.38797],[104.45197,-1.38883],[104.4513,-1.3874]],[[104.4513,-1.38539],[104.45157,-1.38409]],[[104.45184,-1.38275],[104.45416,-1.37942],[104.4532,-1.37834],[104.45551,-1.3721],[104.4567,-1.35778]],[[104.4567,-1.3573],[104.45684,-1.35669]],[[104.49285,-1.66414],[104.49329,-1.66332],[104.4929,-1.66268],[104.49224,-1.66414],[104.49285,-1.66414]],[[104.52147,-1.71477],[104.52646,-1.71409],[104.52112,-1.70377],[104.49532,-1.67406],[104.49435,-1.67065],[104.49177,-1.66957],[104.49236,-1.66631],[104.49074,-1.66719]],[[104.50457,-1.80337],[104.51066,-1.80673],[104.52523,-1.79904],[104.52927,-1.79963],[104.53791,-1.78544],[104.54088,-1.78383],[104.54195,-1.78472],[104.54384,-1.78471],[104.54454,-1.78411],[104.54116,-1.7548],[104.53125,-1.72739],[104.52606,-1.71874],[104.52201,-1.71545]],[[104.54357,-1.78456],[104.5432,-1.78438],[104.54384,-1.78393],[104.54405,-1.78411],[104.54357,-1.78456]],[[104.50388,-1.80904],[104.50311,-1.80449]]]}},{"id":"121","type":"Feature","properties":{"year":2023,"certainty":"unstable data"},"geometry":{"type":"MultiLineString","coordinates":[[[104.62,-1.95209],[104.62007,-1.952]],[[104.62081,-1.95126],[104.62086,-1.95118]],[[104.62108,-1.95077],[104.62116,-1.95064]],[[104.59096,-1.87084],[104.58347,-1.86386],[104.58159,-1.86419],[104.5824,-1.86261],[104.58358,-1.8631],[104.58266,-1.86253],[104.56972,-1.85951],[104.55839,-1.8555],[104.55747,-1.85468],[104.5592,-1.85533],[104.5592,-1.85421],[104.55515,-1.8528],[104.54841,-1.85362],[104.54081,-1.85943]],[[104.53667,-1.87893],[104.53623,-1.88005]],[[104.52398,-1.91176],[104.52372,-1.91235]],[[104.52371,-1.91235],[104.52313,-1.91316]],[[104.5229,-1.91355],[104.52287,-1.9137]],[[104.52098,-1.9213],[104.52067,-1.9232]],[[104.58582,-1.86555],[104.58509,-1.86494],[104.58502,-1.865],[104.58563,-1.86561],[104.58582,-1.86555]],[[104.47165,-1.9135],[104.47102,-1.9145]],[[104.47084,-1.91471],[104.47043,-1.91477]],[[104.4703,-1.91488],[104.4703,-1.91503]],[[104.47003,-1.9155],[104.46693,-1.91369],[104.4663,-1.91627],[104.46558,-1.91477],[104.46491,-1.91557]],[[104.46518,-1.91591],[104.46559,-1.91613]],[[104.47351,-1.91138],[104.47341,-1.91095],[104.4728,-1.91111],[104.47287,-1.91145],[104.47351,-1.91138]],[[104.47053,-1.91437],[104.47075,-1.9141],[104.47103,-1.91382],[104.47016,-1.91382],[104.47053,-1.91437]],[[104.46633,-1.9164],[104.4668,-1.91666]],[[104.62635,-1.98036],[104.62698,-1.97928],[104.62634,-1.97896],[104.62606,-1.97928],[104.62635,-1.98036]]]}},{"id":"122","type":"Feature","properties":{"year":2023,"certainty":"good"},"geometry":{"type":"MultiLineString","coordinates":[[[104.52147,-1.71479],[104.52602,-1.71354],[104.52242,-1.70594],[104.49763,-1.67391],[104.48958,-1.66794],[104.48594,-1.65735],[104.46774,-1.62098],[104.45866,-1.59557],[104.45866,-1.5929],[104.46074,-1.59356],[104.45817,-1.58624],[104.45858,-1.58325],[104.45514,-1.58189],[104.45495,-1.57565],[104.45283,-1.57131],[104.4534,-1.56751],[104.45488,-1.56751],[104.45353,-1.56235],[104.45207,-1.56344],[104.45214,-1.55529],[104.45139,-1.5564],[104.44723,-1.53955],[104.44406,-1.53466],[104.44183,-1.52625],[104.44331,-1.52558],[104.44086,-1.52354],[104.4379,-1.51078],[104.43887,-1.50128],[104.43783,-1.50019],[104.43908,-1.49911],[104.44533,-1.46383],[104.45142,-1.44795],[104.45152,-1.44402],[104.45331,-1.445],[104.45633,-1.43886],[104.45608,-1.41118],[104.45095,-1.38919],[104.45178,-1.38241],[104.45515,-1.37562],[104.45673,-1.35669]],[[104.45331,-1.44459],[104.45286,-1.44456],[104.45358,-1.44399],[104.45345,-1.44456],[104.45331,-1.44459]],[[104.45844,-1.57918],[104.45844,-1.57782],[104.45651,-1.57387],[104.45671,-1.57701],[104.45844,-1.57918]],[[104.46058,-1.58976],[104.46059,-1.58841],[104.46001,-1.58785],[104.46025,-1.58814],[104.46058,-1.58976]],[[104.50473,-1.80323],[104.51066,-1.80671],[104.52523,-1.79898],[104.52927,-1.79951],[104.53764,-1.7855],[104.54061,-1.78421],[104.54298,-1.7852],[104.54454,-1.78303],[104.54121,-1.75561],[104.53124,-1.72739],[104.52606,-1.71892],[104.52174,-1.71542]],[[104.52962,-1.71626],[104.52929,-1.71577],[104.52889,-1.71626],[104.52929,-1.71649],[104.52962,-1.71626]],[[104.53165,-1.72521],[104.53134,-1.7244],[104.53051,-1.72413],[104.53118,-1.72498],[104.53165,-1.72521]],[[104.50379,-1.80904],[104.50311,-1.80452]]]}},{"id":"123","type":"Feature","properties":{"year":2023,"certainty":"good"},"geometry":{"type":"MultiLineString","coordinates":[[[104.48341,-1.83221],[104.4853,-1.83317],[104.48827,-1.83064],[104.49169,-1.82372],[104.50382,-1.80907]],[[104.47262,-1.85057],[104.47801,-1.8521],[104.48067,-1.85005],[104.48266,-1.84028],[104.48431,-1.83865],[104.48312,-1.83268]],[[104.46722,-1.8635],[104.47238,-1.85846],[104.4733,-1.85276],[104.47189,-1.8514]],[[104.60638,-1.96325],[104.61258,-1.95644],[104.61339,-1.95733],[104.62,-1.95209]],[[104.62007,-1.952],[104.62081,-1.95126]],[[104.62086,-1.95118],[104.62108,-1.95077]],[[104.62116,-1.95064],[104.62365,-1.94252],[104.62883,-1.93748],[104.63525,-1.93502],[104.63983,-1.93713],[104.64203,-1.93585],[104.6432,-1.92283],[104.62447,-1.90249],[104.59096,-1.87084]],[[104.54081,-1.85943],[104.5399,-1.86418],[104.54165,-1.86662],[104.53667,-1.87893]],[[104.53623,-1.88005],[104.53424,-1.8848],[104.53298,-1.88453],[104.53315,-1.88914],[104.52398,-1.91176]],[[104.52372,-1.91235],[104.52371,-1.91235]],[[104.52313,-1.91316],[104.5229,-1.91355]],[[104.52287,-1.9137],[104.5257,-1.9133],[104.52098,-1.9213]],[[104.52067,-1.9232],[104.52203,-1.92551]],[[104.47259,-1.8704],[104.47396,-1.86657],[104.47207,-1.86462],[104.46803,-1.86525]],[[104.47422,-1.88744],[104.47748,-1.8856],[104.47946,-1.87664],[104.47679,-1.87067],[104.47325,-1.87094]],[[104.46478,-1.90783],[104.47341,-1.90375],[104.4765,-1.90053],[104.47869,-1.89157],[104.47449,-1.88796]],[[104.49707,-1.94803],[104.49664,-1.93229],[104.49067,-1.91878],[104.48339,-1.91264],[104.47165,-1.9135]],[[104.47102,-1.9145],[104.47084,-1.91471]],[[104.47043,-1.91477],[104.4703,-1.91488]],[[104.4703,-1.91503],[104.47003,-1.9155]],[[104.46491,-1.91557],[104.46518,-1.91591]],[[104.46559,-1.91613],[104.46396,-1.92008],[104.46529,-1.90948],[104.46424,-1.90809]],[[104.46666,-1.91692],[104.46633,-1.9164]],[[104.4668,-1.91666],[104.46666,-1.91692]],[[104.52169,-1.92649],[104.51333,-1.92516],[104.51198,-1.92744],[104.50669,-1.92985],[104.50508,-1.93473],[104.50112,-1.93935],[104.5007,-1.94722]],[[104.61177,-1.98625],[104.61447,-1.98737],[104.61672,-1.98497],[104.61695,-1.97222],[104.61355,-1.96869],[104.61691,-1.96842],[104.61326,-1.96543],[104.60908,-1.96406],[104.60719,-1.96506]],[[104.65373,-1.96408],[104.63582,-1.97331],[104.6297,-1.97982],[104.63119,-1.98323]],[[104.61677,-1.9695],[104.6169,-1.96915],[104.61663,-1.96884],[104.61661,-1.9695],[104.61677,-1.9695]],[[104.62071,-1.98335],[104.62094,-1.98309],[104.62122,-1.98307],[104.62067,-1.98309],[104.62071,-1.98335]],[[104.63065,-1.98427],[104.62849,-1.98326],[104.62467,-1.99203],[104.6208,-1.99637]],[[104.62067,-1.99651],[104.62053,-1.99667]],[[104.6119,-2.00529],[104.61055,-2.0061]],[[104.60785,-2.00731],[104.60313,-2.00807],[104.60286,-2.01022],[104.6003,-2.00859]],[[104.60111,-2.00604],[104.60115,-2.006]],[[104.60003,-2.00351],[104.59994,-2.00356]],[[104.59954,-2.00356],[104.59856,-2.0041]],[[104.59895,-2.00414],[104.59949,-2.00386]],[[104.59625,-2.0081],[104.59409,-2.00806]],[[104.59409,-2.00796],[104.59382,-2.0074]],[[104.59178,-2.00247],[104.59194,-2.00233]],[[104.59221,-2.00231],[104.59552,-2.00275]],[[104.59598,-2.00273],[104.60151,-2.00176],[104.60232,-2.00339],[104.60705,-1.99895]],[[104.61256,-1.99081],[104.61096,-1.98764]],[[104.62315,-1.98769],[104.62257,-1.98497],[104.62106,-1.98416],[104.62035,-1.98715],[104.62315,-1.98769]],[[104.61676,-1.99094],[104.61703,-1.9909]],[[104.61774,-1.99027],[104.61784,-1.99001]],[[104.61787,-1.98999],[104.6177,-1.98874],[104.61595,-1.99001]],[[104.6168,-1.99393],[104.61732,-1.99379]],[[104.6173,-1.99346],[104.61676,-1.99284]],[[104.61641,-1.99434],[104.61658,-1.99393]],[[104.57184,-1.99848],[104.57469,-1.99908],[104.57427,-2.00133],[104.57535,-1.99929],[104.58034,-2.00058]],[[104.58034,-2.00071],[104.57858,-2.0014],[104.577,-2.00288],[104.57875,-2.00274]],[[104.57764,-2.00513],[104.57107,-2.00152],[104.5713,-2.0]],[[104.58868,-2.00329],[104.5887,-2.00324]],[[104.5887,-2.00313],[104.5883,-2.00213],[104.58983,-2.00247]],[[104.60371,-2.00451],[104.60403,-2.00424],[104.60394,-2.00361],[104.60297,-2.00397],[104.60371,-2.00451]]]}},{"id":"124","type":"Feature","properties":{"year":2023,"certainty":"insufficient data"},"geometry":{"type":"MultiLineString","coordinates":[[[104.6208,-1.99637],[104.62067,-1.99651]],[[104.62053,-1.99667],[104.6119,-2.00529]],[[104.61055,-2.0061],[104.60785,-2.00731]],[[104.6003,-2.00859],[104.59863,-2.00804],[104.60111,-2.00604]],[[104.60115,-2.006],[104.60043,-2.00474],[104.59956,-2.0056],[104.60016,-2.00406],[104.60104,-2.00424],[104.60003,-2.00351]],[[104.59994,-2.00356],[104.59954,-2.00356]],[[104.59856,-2.0041],[104.59895,-2.00414]],[[104.59949,-2.00386],[104.59625,-2.0081]],[[104.59409,-2.00806],[104.59409,-2.00796]],[[104.59382,-2.0074],[104.58619,-2.00641],[104.5891,-2.00612],[104.58937,-2.00378],[104.59072,-2.00578],[104.59153,-2.00463],[104.5918,-2.00589],[104.595,-2.00614],[104.59423,-2.00356],[104.59126,-2.00427],[104.59178,-2.00247]],[[104.59194,-2.00233],[104.59221,-2.00231]],[[104.59552,-2.00275],[104.59598,-2.00273]],[[104.60705,-1.99895],[104.61256,-1.99081]],[[104.6168,-1.99149],[104.61676,-1.99094]],[[104.61703,-1.9909],[104.61774,-1.99027]],[[104.61784,-1.99001],[104.61787,-1.98999]],[[104.61595,-1.99001],[104.6142,-1.99139],[104.6168,-1.99149]],[[104.61732,-1.99379],[104.6173,-1.99346]],[[104.61676,-1.99284],[104.6161,-1.99339]],[[104.61554,-1.9933],[104.61641,-1.99434]],[[104.6108,-1.99773],[104.6115,-1.99897],[104.61204,-1.99717]],[[104.61418,-1.99963],[104.61507,-1.99827],[104.61311,-1.99724],[104.61238,-1.99909],[104.61418,-1.99963]],[[104.60977,-1.99773],[104.61069,-1.99757]],[[104.61655,-1.99827],[104.61662,-1.99758],[104.61584,-1.99827],[104.61608,-1.9983],[104.61655,-1.99827]],[[104.58034,-2.00058],[104.58034,-2.00071]],[[104.57875,-2.00274],[104.57789,-2.00478],[104.58155,-2.00679],[104.58138,-2.00858]],[[104.6094,-2.00071],[104.61175,-2.00017],[104.61177,-1.9999],[104.60934,-1.99934],[104.6094,-2.00071]],[[104.57853,-2.00831],[104.579,-2.00586],[104.57764,-2.00513]],[[104.58722,-2.00532],[104.58101,-2.00311],[104.58049,-2.00071],[104.58558,-2.00152],[104.58605,-2.00288],[104.58765,-2.00451],[104.58722,-2.00532]],[[104.61015,-2.00352],[104.60826,-2.00152]],[[104.58671,-2.00261],[104.58614,-2.00176]],[[104.60818,-2.0018],[104.60961,-2.00397]],[[104.58883,-2.00406],[104.58868,-2.00329]],[[104.5887,-2.00324],[104.5887,-2.00313]],[[104.58983,-2.00247],[104.58883,-2.00406]]]}},{"id":"125","type":"Feature","properties":{"year":2024,"certainty":"good"},"geometry":{"type":"MultiLineString","coordinates":[[[104.48345,-1.83214],[104.4853,-1.83315],[104.48827,-1.83067],[104.49195,-1.82345],[104.50382,-1.80907]],[[104.47262,-1.85052],[104.47801,-1.85209],[104.48052,-1.85032],[104.48431,-1.83865],[104.48445,-1.83431],[104.48305,-1.83268]],[[104.46722,-1.86349],[104.47237,-1.85846],[104.47329,-1.85276],[104.47181,-1.85143]],[[104.60638,-1.96324],[104.61258,-1.95646],[104.61339,-1.9574],[104.62081,-1.95126]],[[104.62086,-1.95118],[104.62108,-1.95077]],[[104.62117,-1.95064],[104.62365,-1.94238],[104.62742,-1.93905],[104.62835,-1.93992],[104.62942,-1.93721],[104.63633,-1.93524],[104.63983,-1.93714],[104.64206,-1.93585],[104.64339,-1.925],[104.6428,-1.92202],[104.625,-1.9026]],[[104.62487,-1.90248],[104.62271,-1.90017]],[[104.62135,-1.8988],[104.59035,-1.86999]],[[104.5739,-1.85981],[104.57365,-1.85971]],[[104.56326,-1.85645],[104.56189,-1.8559]],[[104.55259,-1.85309],[104.55097,-1.85365]],[[104.54079,-1.85943],[104.53995,-1.86445],[104.54166,-1.86662],[104.53667,-1.87895]],[[104.53619,-1.88005],[104.53425,-1.8848],[104.53302,-1.88453],[104.53318,-1.88914],[104.52289,-1.91357],[104.52331,-1.91455],[104.52567,-1.9133],[104.52101,-1.92117],[104.52215,-1.92551]],[[104.47259,-1.8704],[104.47396,-1.86657],[104.47207,-1.86462],[104.46803,-1.86526]],[[104.47422,-1.88742],[104.47747,-1.8856],[104.47949,-1.87664],[104.47747,-1.87133],[104.47558,-1.87],[104.47326,-1.87094]],[[104.46262,-1.90755],[104.47233,-1.9044],[104.4765,-1.90053],[104.47868,-1.89157],[104.47449,-1.88798]],[[104.49705,-1.94803],[104.49665,-1.93229],[104.48907,-1.91654],[104.48231,-1.91241],[104.47287,-1.91293],[104.47111,-1.91436]],[[104.47106,-1.9145],[104.47084,-1.91498]],[[104.47082,-1.91505],[104.4703,-1.91645]],[[104.46941,-1.91939],[104.46828,-1.9247],[104.46572,-1.92432]],[[104.46373,-1.91911],[104.4653,-1.90948],[104.46289,-1.90955]],[[104.4734,-1.91138],[104.47341,-1.91105],[104.47286,-1.91111],[104.47314,-1.91149],[104.4734,-1.91138]],[[104.48879,-1.91573],[104.48878,-1.91504],[104.48797,-1.91452],[104.48835,-1.91573],[104.48879,-1.91573]],[[104.46558,-1.9261],[104.46567,-1.92481]],[[104.46572,-1.92464],[104.46594,-1.92631]],[[104.52169,-1.92655],[104.51333,-1.92517],[104.51198,-1.92742],[104.50672,-1.92985],[104.50506,-1.93473],[104.50132,-1.93907],[104.50074,-1.94722]],[[104.61177,-1.9862],[104.61447,-1.9873],[104.61669,-1.98497],[104.61692,-1.9714],[104.61408,-1.96869],[104.61691,-1.96842],[104.60935,-1.96407],[104.60719,-1.96501]],[[104.65373,-1.96415],[104.63587,-1.97331],[104.62971,-1.97982],[104.63119,-1.9832]],[[104.61693,-1.97032],[104.61692,-1.96923],[104.61663,-1.96884],[104.61636,-1.97012],[104.61693,-1.97032]],[[104.63065,-1.98427],[104.62845,-1.98335],[104.62467,-1.99203],[104.61743,-2.00056],[104.61257,-2.00513],[104.60286,-2.00818],[104.60313,-2.01027],[104.59748,-2.00804],[104.59774,-2.00645],[104.59746,-2.00804],[104.59531,-2.00842],[104.5829,-2.0055],[104.58143,-2.00858]],[[104.57184,-1.99839],[104.58884,-2.00218],[104.60151,-2.00166],[104.60718,-1.99876],[104.61271,-1.99063]],[[104.61289,-1.98945],[104.61096,-1.98766]],[[104.5785,-2.00831],[104.57885,-2.00565],[104.57103,-2.00159]]]}},{"id":"126","type":"Feature","properties":{"year":2024,"certainty":"unstable data"},"geometry":{"type":"MultiLineString","coordinates":[[[104.62081,-1.95126],[104.62086,-1.95118]],[[104.62108,-1.95077],[104.62117,-1.95064]],[[104.625,-1.9026],[104.62487,-1.90248]],[[104.62271,-1.90017],[104.62135,-1.8988]],[[104.59035,-1.86999],[104.58488,-1.86337],[104.5739,-1.85981]],[[104.57365,-1.85971],[104.56326,-1.85645]],[[104.56189,-1.8559],[104.55912,-1.85278],[104.55259,-1.85309]],[[104.55097,-1.85365],[104.54221,-1.85736],[104.54079,-1.85943]],[[104.53667,-1.87895],[104.53619,-1.88005]],[[104.47111,-1.91436],[104.47106,-1.9145]],[[104.47084,-1.91498],[104.47082,-1.91505]],[[104.61271,-1.99063],[104.61289,-1.98945]]]}},{"id":"127","type":"Feature","properties":{"year":2024,"certainty":"insufficient data"},"geometry":{"type":"MultiLineString","coordinates":[[[104.4703,-1.91645],[104.46941,-1.91939]],[[104.46572,-1.92432],[104.46373,-1.91911]],[[104.46567,-1.92481],[104.46572,-1.92464]]]}},{"id":"128","type":"Feature","properties":{"year":2024,"certainty":"good"},"geometry":{"type":"MultiLineString","coordinates":[[[104.52147,-1.71477],[104.52912,-1.71436],[104.52552,-1.71245],[104.52,-1.70214],[104.50071,-1.67898],[104.49559,-1.67014],[104.48943,-1.66794],[104.48596,-1.65735],[104.46968,-1.62478],[104.46039,-1.59791],[104.46352,-1.60247],[104.46246,-1.59519],[104.46017,-1.59302],[104.45829,-1.58596],[104.4592,-1.58471],[104.46078,-1.59058],[104.46221,-1.59302],[104.4576,-1.57077],[104.45489,-1.57208],[104.45332,-1.56696],[104.45597,-1.56971],[104.45739,-1.56887],[104.45193,-1.55844],[104.45139,-1.55977],[104.44718,-1.53955],[104.44385,-1.53439],[104.43843,-1.51404],[104.43764,-1.49829],[104.43865,-1.49042],[104.44044,-1.49015],[104.43919,-1.48581],[104.44355,-1.46546],[104.44872,-1.44935],[104.45034,-1.44821],[104.45015,-1.44483],[104.45277,-1.44477],[104.45493,-1.44266],[104.45723,-1.43018],[104.45589,-1.41091],[104.45162,-1.3915]],[[104.45664,-1.36626],[104.45707,-1.35669]],[[104.44384,-1.47061],[104.44406,-1.47007],[104.44386,-1.46974],[104.44359,-1.47088],[104.44384,-1.47061]],[[104.50473,-1.80322],[104.51147,-1.80659],[104.52523,-1.79893],[104.52927,-1.79935],[104.53764,-1.78559],[104.54478,-1.78276],[104.54145,-1.75534],[104.53045,-1.72603],[104.53334,-1.72768],[104.53334,-1.72641],[104.52956,-1.72456],[104.528,-1.7206],[104.52174,-1.71538]],[[104.52991,-1.7206],[104.5296,-1.71761],[104.5286,-1.71707],[104.52902,-1.71902],[104.52991,-1.7206]],[[104.54395,-1.7852],[104.54465,-1.78466],[104.54465,-1.78415],[104.54345,-1.7852],[104.54395,-1.7852]],[[104.50377,-1.80904],[104.50311,-1.80454]]]}},{"id":"129","type":"Feature","properties":{"year":2025,"certainty":"good"},"geometry":{"type":"MultiLineString","coordinates":[[[104.48932,-1.66604],[104.47052,-1.62721],[104.46358,-1.60578],[104.46163,-1.6039],[104.46012,-1.59791],[104.46136,-1.59784],[104.46325,-1.6023],[104.46321,-1.60116],[104.46255,-1.59601],[104.46085,-1.59519],[104.45817,-1.58624],[104.45894,-1.58411],[104.46136,-1.5915],[104.45921,-1.57965],[104.4584,-1.58133],[104.45574,-1.57104],[104.4557,-1.57519],[104.45428,-1.57321],[104.45486,-1.57022],[104.45361,-1.56859],[104.45509,-1.56778],[104.45313,-1.56344],[104.45468,-1.56371],[104.45434,-1.56235],[104.45133,-1.55991],[104.44717,-1.53955],[104.44383,-1.53439],[104.43813,-1.51268],[104.43707,-1.50372],[104.43932,-1.48608],[104.44548,-1.45841],[104.45082,-1.44578]],[[104.45486,-1.44063],[104.45498,-1.44063]],[[104.45552,-1.44035],[104.45711,-1.43018],[104.45637,-1.41552],[104.45187,-1.39516],[104.45179,-1.38689]],[[104.45574,-1.36979],[104.45589,-1.36911]],[[104.45598,-1.36843],[104.45694,-1.35669]],[[104.45519,-1.56615],[104.45489,-1.56529],[104.45463,-1.56536],[104.45484,-1.56615],[104.45519,-1.56615]],[[104.45599,-1.56886],[104.4557,-1.56871],[104.45539,-1.56805],[104.45519,-1.56886],[104.45599,-1.56886]],[[104.45847,-1.57619],[104.4584,-1.57395],[104.45732,-1.57099],[104.45784,-1.57592],[104.45847,-1.57619]],[[104.45666,-1.57728],[104.45705,-1.57811]],[[104.52147,-1.71478],[104.52581,-1.71354],[104.52232,-1.70594],[104.50144,-1.68042],[104.4969,-1.67133]],[[104.49681,-1.67119],[104.49675,-1.67106]],[[104.49573,-1.66978],[104.4929,-1.66788],[104.48939,-1.66803],[104.48993,-1.66615]],[[104.50473,-1.80323],[104.51066,-1.80671],[104.52523,-1.79893],[104.529,-1.79943],[104.53764,-1.78552],[104.54474,-1.78276],[104.54104,-1.75643],[104.53495,-1.73725],[104.528,-1.7206],[104.52174,-1.71539]],[[104.5299,-1.7206],[104.52983,-1.71873],[104.52902,-1.71815],[104.52902,-1.719],[104.5299,-1.7206]],[[104.50378,-1.80904],[104.50311,-1.80454]]]}},{"id":"130","type":"Feature","properties":{"year":2025,"certainty":"unstable data"},"geometry":{"type":"MultiLineString","coordinates":[[[104.59024,-1.86894],[104.58487,-1.86337],[104.57498,-1.86065]],[[104.56122,-1.85474],[104.55974,-1.85278],[104.55758,-1.85423],[104.55286,-1.85289]],[[104.55178,-1.85324],[104.54705,-1.85536]],[[104.65373,-1.96465],[104.64621,-1.96747]]]}},{"id":"131","type":"Feature","properties":{"year":2025,"certainty":"good"},"geometry":{"type":"MultiLineString","coordinates":[[[104.48347,-1.83214],[104.4853,-1.83315],[104.48817,-1.83078],[104.49218,-1.82318],[104.50132,-1.81369],[104.5038,-1.80907]],[[104.47262,-1.85049],[104.47801,-1.85206],[104.48068,-1.85005],[104.48431,-1.83865],[104.48445,-1.83431],[104.48305,-1.83268]],[[104.46722,-1.86349],[104.47236,-1.85846],[104.47327,-1.85276],[104.47181,-1.85143]],[[104.60638,-1.96323],[104.61258,-1.95644],[104.61339,-1.95743],[104.61937,-1.95295],[104.62362,-1.94236],[104.62713,-1.93884],[104.6283,-1.93992],[104.62883,-1.93748],[104.63525,-1.93516],[104.63983,-1.93714],[104.64161,-1.9364],[104.64325,-1.9231],[104.61476,-1.89209],[104.59024,-1.86894]],[[104.57498,-1.86065],[104.56351,-1.85696],[104.56122,-1.85474]],[[104.55286,-1.85289],[104.55178,-1.85324]],[[104.54168,-1.85807],[104.53983,-1.86255],[104.54166,-1.86662],[104.53711,-1.87815]],[[104.53694,-1.87819],[104.5367,-1.87843]],[[104.53635,-1.87924],[104.53424,-1.8848],[104.53303,-1.88461],[104.5332,-1.88914],[104.52293,-1.91357],[104.52573,-1.9133],[104.52102,-1.92117],[104.52223,-1.92551]],[[104.56436,-1.85631],[104.56432,-1.85615],[104.56366,-1.85577],[104.56378,-1.85641],[104.56436,-1.85631]],[[104.47258,-1.8704],[104.47396,-1.8666],[104.47207,-1.86462],[104.46803,-1.86526]],[[104.47422,-1.88741],[104.47742,-1.8856],[104.47948,-1.87692],[104.47693,-1.87089],[104.47325,-1.87094]],[[104.46262,-1.90751],[104.47233,-1.9044],[104.47647,-1.90053],[104.47865,-1.89157],[104.47449,-1.88799]],[[104.46467,-1.92604],[104.46418,-1.92129]],[[104.46373,-1.91911],[104.46529,-1.90948],[104.46289,-1.90962]],[[104.47333,-1.91138],[104.47341,-1.91107],[104.47286,-1.91111],[104.47314,-1.91147],[104.47333,-1.91138]],[[104.49702,-1.94803],[104.49659,-1.93229],[104.4897,-1.91682],[104.48312,-1.91257],[104.47314,-1.9129],[104.46963,-1.91885]],[[104.46912,-1.92102],[104.46828,-1.92631]],[[104.48879,-1.91573],[104.48878,-1.91504],[104.48797,-1.91454],[104.48836,-1.91573],[104.48879,-1.91573]],[[104.52166,-1.9266],[104.51306,-1.92524],[104.51198,-1.92747],[104.50674,-1.92985],[104.50511,-1.93473],[104.50134,-1.93907],[104.50084,-1.94722]],[[104.61177,-1.98617],[104.61447,-1.98728],[104.61673,-1.9847],[104.6168,-1.97276],[104.60989,-1.96433],[104.60719,-1.96495]],[[104.64621,-1.96747],[104.63875,-1.9708],[104.63308,-1.97609],[104.62956,-1.98036],[104.63119,-1.98318]],[[104.63065,-1.98427],[104.62849,-1.98331],[104.62445,-1.9923],[104.61257,-2.00517],[104.60313,-2.008],[104.60294,-2.01021],[104.60111,-2.00874]],[[104.59652,-2.00819],[104.59534,-2.00844]],[[104.59519,-2.00844],[104.58735,-2.00713]],[[104.58729,-2.00709],[104.58681,-2.00685]],[[104.58169,-2.00698],[104.58145,-2.00858]],[[104.57184,-1.99837],[104.58884,-2.00218],[104.60286,-2.00135],[104.60977,-1.99556],[104.61281,-1.98959],[104.61093,-1.98769]],[[104.57849,-2.00831],[104.57885,-2.00566],[104.57103,-2.00161]]]}},{"id":"132","type":"Feature","properties":{"year":2025,"certainty":"insufficient data"},"geometry":{"type":"MultiLineString","coordinates":[[[104.54705,-1.85536],[104.54168,-1.85807]],[[104.53711,-1.87815],[104.53694,-1.87819]],[[104.5367,-1.87843],[104.53635,-1.87924]],[[104.46418,-1.92129],[104.46373,-1.91911]],[[104.46963,-1.91885],[104.46912,-1.92102]],[[104.60111,-2.00874],[104.59652,-2.00819]],[[104.59534,-2.00844],[104.59519,-2.00844]],[[104.58735,-2.00713],[104.58729,-2.00709]],[[104.58681,-2.00685],[104.5829,-2.00554],[104.58169,-2.00698]]]}}]}