{"type":"FeatureCollection","features":[{"id":"196","type":"Feature","properties":{"year":1988,"certainty":"insufficient data"},"geometry":{"type":"MultiLineString","coordinates":[[[104.48344,-1.83214],[104.4853,-1.83331],[104.48827,-1.8307],[104.49629,-1.81748],[104.50068,-1.81475],[104.50385,-1.80907]],[[104.47262,-1.85045],[104.47747,-1.85195],[104.48097,-1.8495],[104.48464,-1.83458],[104.483,-1.83268]],[[104.46707,-1.86334],[104.47004,-1.85968]],[[104.47045,-1.85887],[104.47265,-1.85602],[104.4699,-1.85574],[104.47333,-1.85303],[104.47181,-1.85142]],[[104.60935,-1.95996],[104.62023,-1.9524],[104.62447,-1.9425]],[[104.61765,-1.89364],[104.60229,-1.87966],[104.59507,-1.87079],[104.59237,-1.86959],[104.59129,-1.87098],[104.58374,-1.86623],[104.58347,-1.86435],[104.57889,-1.86435],[104.57282,-1.86169]],[[104.55313,-1.85404],[104.55281,-1.854]],[[104.55259,-1.85395],[104.5507,-1.85407]],[[104.5472,-1.85475],[104.54261,-1.85763]],[[104.54064,-1.8597],[104.5398,-1.87178],[104.53411,-1.88456],[104.53265,-1.88453],[104.53314,-1.88833],[104.52277,-1.91432],[104.52709,-1.91144]],[[104.4749,-1.88725],[104.4773,-1.88384]],[[104.47733,-1.88369],[104.47783,-1.88221]],[[104.47814,-1.88118],[104.47816,-1.88112]],[[104.47841,-1.88082],[104.47861,-1.88031]],[[104.47858,-1.88004],[104.47851,-1.87977]],[[104.46262,-1.90739],[104.47314,-1.90389],[104.47762,-1.89741]],[[104.47823,-1.89442],[104.4783,-1.89076],[104.4749,-1.88814]],[[104.46454,-1.92604],[104.46357,-1.91627],[104.46507,-1.90948],[104.46289,-1.90988]],[[104.49705,-1.94803],[104.49636,-1.93039],[104.49211,-1.92089],[104.48689,-1.91409],[104.48204,-1.91193],[104.47583,-1.91348],[104.47243,-1.91247],[104.46835,-1.92631]],[[104.52731,-1.91167],[104.52111,-1.92035],[104.52069,-1.92361],[104.52223,-1.92543]],[[104.52169,-1.92647],[104.5136,-1.92487],[104.50637,-1.92958],[104.50485,-1.93446],[104.50138,-1.93826],[104.50078,-1.94722]],[[104.61177,-1.98612],[104.61447,-1.98693],[104.61645,-1.9847],[104.61698,-1.97357],[104.60854,-1.96422]],[[104.65373,-1.96393],[104.63475,-1.97439]],[[104.632,-1.97709],[104.62948,-1.98036],[104.63119,-1.9831]],[[104.63065,-1.98424],[104.62849,-1.98295],[104.62445,-1.99182],[104.61797,-1.99969],[104.61095,-2.00572],[104.60286,-2.00795],[104.60353,-2.01048]],[[104.57184,-1.99857],[104.58857,-2.00212],[104.60286,-2.0013],[104.61007,-1.99474],[104.6126,-1.98959],[104.61091,-1.98769]],[[104.57851,-2.00831],[104.57885,-2.00583],[104.57103,-2.00146]],[[104.60328,-2.01075],[104.59935,-2.00828],[104.59113,-2.00805]],[[104.58573,-2.00642],[104.58209,-2.00571],[104.5814,-2.00858]]]}},{"id":"197","type":"Feature","properties":{"year":1989,"certainty":"insufficient data"},"geometry":{"type":"MultiLineString","coordinates":[[[104.60638,-1.96317],[104.61258,-1.95664],[104.61596,-1.95521]],[[104.60303,-1.87976],[104.59588,-1.87171],[104.59143,-1.86934]],[[104.58442,-1.86643],[104.58429,-1.8665]],[[104.58415,-1.8665],[104.58347,-1.86428],[104.58095,-1.86324]],[[104.52947,-1.89606],[104.52938,-1.89645]],[[104.52933,-1.89661],[104.52657,-1.90366]],[[104.46262,-1.90746],[104.46818,-1.90609]],[[104.46459,-1.924],[104.46354,-1.91654],[104.46508,-1.90948],[104.46289,-1.90987]],[[104.52074,-1.92383],[104.52223,-1.92544]],[[104.49704,-1.94803],[104.4962,-1.94111]],[[104.4969,-1.93351],[104.4939,-1.92415],[104.48743,-1.91463],[104.48285,-1.91224],[104.47327,-1.91281]],[[104.47125,-1.91423],[104.46863,-1.924]],[[104.52169,-1.92651],[104.51386,-1.92489],[104.51022,-1.92774]],[[104.50989,-1.92781],[104.50645,-1.92958],[104.50537,-1.93369]],[[104.50064,-1.94192],[104.50078,-1.94722]],[[104.65373,-1.96354],[104.6459,-1.9676]],[[104.64571,-1.96775],[104.64158,-1.96957]],[[104.64146,-1.96964],[104.64131,-1.96973]],[[104.63645,-1.97318],[104.63644,-1.97317]],[[104.63622,-1.97317],[104.63054,-1.9786]],[[104.63052,-1.97863],[104.63032,-1.97887]],[[104.63008,-1.98186],[104.63119,-1.98313]],[[104.61189,-1.98619],[104.61528,-1.98644],[104.61707,-1.98185]],[[104.61083,-1.96652],[104.60935,-1.96396],[104.60719,-1.96504]],[[104.63065,-1.98428],[104.62849,-1.983],[104.62445,-1.99199],[104.62107,-1.99564]],[[104.61999,-1.9969],[104.61974,-1.99705]],[[104.61847,-1.99868],[104.61837,-1.99889]],[[104.61832,-1.99895],[104.61109,-2.00565]],[[104.6065,-2.00769],[104.60284,-2.00804],[104.6035,-2.01048]],[[104.57548,-1.99932],[104.58007,-2.00038]],[[104.59733,-2.00203],[104.60273,-2.00135]],[[104.60327,-2.00117],[104.6034,-2.00112]],[[104.60651,-1.99922],[104.6091,-1.99623]],[[104.6092,-1.99609],[104.60929,-1.99596]],[[104.61082,-1.99317],[104.61266,-1.98959],[104.61109,-1.98784]],[[104.57846,-2.0083],[104.57885,-2.00585],[104.57282,-2.00247]],[[104.60328,-2.01075],[104.59652,-2.00831]],[[104.58276,-2.00559],[104.58144,-2.00858]]]}},{"id":"198","type":"Feature","properties":{"year":1990,"certainty":"good"},"geometry":{"type":"MultiLineString","coordinates":[[[104.48345,-1.83214],[104.4853,-1.83332],[104.4883,-1.83078],[104.50399,-1.80907]],[[104.47262,-1.85045],[104.47747,-1.85194],[104.48098,-1.85005],[104.48462,-1.83458],[104.48295,-1.83268]],[[104.46709,-1.86334],[104.46731,-1.86321]],[[104.46951,-1.86076],[104.47266,-1.85602],[104.47043,-1.85574],[104.47327,-1.8533],[104.47181,-1.85146]],[[104.61596,-1.95521],[104.6206,-1.95186],[104.62684,-1.93911],[104.63525,-1.93513],[104.6401,-1.9365],[104.64182,-1.93558],[104.64447,-1.92201],[104.642,-1.91741],[104.59588,-1.87195],[104.58702,-1.86609],[104.58401,-1.86641],[104.58213,-1.86353],[104.57242,-1.85949],[104.56486,-1.85794],[104.56341,-1.85604],[104.56055,-1.85622],[104.5565,-1.85382],[104.54895,-1.85386],[104.54312,-1.85685],[104.5402,-1.86038],[104.53982,-1.87178],[104.53411,-1.88464],[104.53268,-1.88453],[104.5332,-1.88792]],[[104.53073,-1.89376],[104.53042,-1.89417]],[[104.53019,-1.89441],[104.52997,-1.89471]],[[104.52965,-1.89514],[104.52962,-1.89525]],[[104.52799,-1.90014],[104.52645,-1.90583]],[[104.52587,-1.90809],[104.52277,-1.9143],[104.52709,-1.91142]],[[104.47249,-1.8704],[104.47345,-1.8685],[104.4726,-1.86931],[104.47018,-1.86521],[104.46803,-1.86556]],[[104.47422,-1.88743],[104.47708,-1.88587],[104.47863,-1.88017],[104.47676,-1.87149],[104.47531,-1.87036],[104.47342,-1.87123]],[[104.46262,-1.90746],[104.47051,-1.90528]],[[104.47651,-1.90043],[104.47668,-1.90012]],[[104.47678,-1.89991],[104.47692,-1.89958]],[[104.47705,-1.89929],[104.47712,-1.89904]],[[104.47732,-1.89859],[104.47857,-1.8913],[104.47449,-1.88814]],[[104.46455,-1.92604],[104.46463,-1.92346]],[[104.4646,-1.92291],[104.46448,-1.92237]],[[104.4644,-1.9221],[104.46437,-1.92202]],[[104.46416,-1.92156],[104.46413,-1.92129]],[[104.46369,-1.91939],[104.46364,-1.91884]],[[104.46459,-1.91233],[104.46509,-1.90948],[104.46289,-1.90984]],[[104.52729,-1.91167],[104.52167,-1.919],[104.52069,-1.92361],[104.52223,-1.92542]],[[104.49617,-1.94029],[104.49616,-1.93948]],[[104.49619,-1.93924],[104.4962,-1.93894]],[[104.49636,-1.93758],[104.49649,-1.93677]],[[104.49551,-1.92862],[104.49539,-1.92836]],[[104.49385,-1.92428],[104.49377,-1.9241]],[[104.49357,-1.92374],[104.4935,-1.92365]],[[104.49323,-1.9232],[104.49323,-1.92319]],[[104.4928,-1.92265],[104.49269,-1.92251]],[[104.48163,-1.91223],[104.48109,-1.9121]],[[104.48029,-1.91212],[104.48002,-1.91231]],[[104.4757,-1.91351],[104.47287,-1.91226],[104.47116,-1.91437],[104.46831,-1.92631]],[[104.52041,-1.92619],[104.5202,-1.92607]],[[104.5198,-1.92592],[104.51947,-1.92592]],[[104.5167,-1.92535],[104.51306,-1.92514],[104.51171,-1.92732],[104.50645,-1.92958],[104.50363,-1.93595]],[[104.50348,-1.93608],[104.50337,-1.93623]],[[104.65373,-1.96334],[104.65048,-1.96525]],[[104.6459,-1.9675],[104.64556,-1.96775]],[[104.6432,-1.96882],[104.64315,-1.96883]],[[104.64158,-1.96955],[104.64141,-1.96964]],[[104.64131,-1.96971],[104.63733,-1.97263]],[[104.63107,-1.97806],[104.63106,-1.97807]],[[104.63055,-1.9786],[104.63052,-1.97864]],[[104.63032,-1.97887],[104.62971,-1.98102]],[[104.6171,-1.98077],[104.61687,-1.97697]],[[104.61489,-1.96991],[104.6138,-1.96867]],[[104.62229,-1.99461],[104.61999,-1.99692]],[[104.61976,-1.99705],[104.61887,-1.99787]],[[104.57184,-1.99856],[104.57548,-1.99932]],[[104.58411,-2.00123],[104.58843,-2.00213]],[[104.57282,-2.00247],[104.57103,-2.00162]],[[104.59787,-2.00822],[104.58835,-2.00763]]]}},{"id":"199","type":"Feature","properties":{"year":1991,"certainty":"good"},"geometry":{"type":"MultiLineString","coordinates":[[[104.4835,-1.83214],[104.4853,-1.83333],[104.48839,-1.83078],[104.50397,-1.80907]],[[104.47262,-1.85041],[104.47747,-1.8519],[104.48071,-1.85047],[104.48465,-1.83458],[104.48296,-1.83268]],[[104.46843,-1.86234],[104.47268,-1.85602],[104.47065,-1.85574],[104.47289,-1.85493],[104.47328,-1.85276],[104.47181,-1.85143]],[[104.61596,-1.95523],[104.6206,-1.95186],[104.62662,-1.93905],[104.63525,-1.93502],[104.6397,-1.9364]],[[104.64273,-1.93409],[104.64354,-1.92893]],[[104.64375,-1.9281],[104.64384,-1.92785]],[[104.64443,-1.92215],[104.6422,-1.91794],[104.62217,-1.89785],[104.5975,-1.87545]],[[104.5975,-1.87545],[104.59664,-1.87573]],[[104.59655,-1.87564],[104.59631,-1.87545]],[[104.59089,-1.87124],[104.58177,-1.86663],[104.58286,-1.86636],[104.5797,-1.86407],[104.56405,-1.85884],[104.56378,-1.85601],[104.56055,-1.85621],[104.55974,-1.85425],[104.55677,-1.85533],[104.55623,-1.85377],[104.54949,-1.85374],[104.54277,-1.85712],[104.53976,-1.86173],[104.54093,-1.86608],[104.53875,-1.87503],[104.53414,-1.8848],[104.53275,-1.88453],[104.53313,-1.8886],[104.52265,-1.91411],[104.52698,-1.91194],[104.52223,-1.91782],[104.52088,-1.92402]],[[104.52101,-1.9242],[104.52107,-1.92429]],[[104.47251,-1.8704],[104.47367,-1.8685],[104.47064,-1.86592]],[[104.47422,-1.88749],[104.47727,-1.8856],[104.47873,-1.88017],[104.47722,-1.87176],[104.47558,-1.87031],[104.47342,-1.87096]],[[104.46262,-1.90745],[104.47044,-1.90537],[104.47649,-1.90053],[104.4787,-1.89184],[104.47449,-1.88809]],[[104.46455,-1.92604],[104.46368,-1.91884]],[[104.46464,-1.91233],[104.46505,-1.90938],[104.46289,-1.90979]],[[104.49683,-1.94803],[104.49636,-1.93066],[104.49179,-1.92062],[104.48689,-1.91426],[104.48285,-1.91229],[104.47583,-1.91362],[104.47233,-1.91247],[104.46829,-1.92631]],[[104.51901,-1.92619],[104.51891,-1.92619]],[[104.51859,-1.92606],[104.5136,-1.92494],[104.5113,-1.92755]],[[104.50672,-1.92942],[104.50668,-1.92944]],[[104.50645,-1.92968],[104.50631,-1.92998]],[[104.50618,-1.9303],[104.50618,-1.93054]],[[104.50618,-1.93079],[104.50133,-1.9388],[104.50083,-1.94722]],[[104.65373,-1.96384],[104.65081,-1.9653]],[[104.6459,-1.9676],[104.6457,-1.96775]],[[104.64158,-1.96957],[104.64143,-1.96964]],[[104.64131,-1.96972],[104.63735,-1.97263]],[[104.63457,-1.97463],[104.62969,-1.98104]],[[104.617,-1.98077],[104.61676,-1.97716]],[[104.61463,-1.96991],[104.61353,-1.96901]],[[104.60977,-1.96502],[104.60921,-1.96396]],[[104.62228,-1.99461],[104.61889,-1.99787]],[[104.57198,-1.99853],[104.57548,-1.99929]],[[104.58277,-2.00095],[104.58332,-2.00111]],[[104.58384,-2.00123],[104.58441,-2.00139]],[[104.58465,-2.00144],[104.5887,-2.00227]],[[104.60906,-1.99623],[104.6092,-1.99604]],[[104.5728,-2.00247],[104.57198,-2.002]],[[104.59787,-2.00829],[104.58838,-2.00763]]]}},{"id":"200","type":"Feature","properties":{"year":1992,"certainty":"good"},"geometry":{"type":"MultiLineString","coordinates":[[[104.48353,-1.83214],[104.48557,-1.83325],[104.48868,-1.83078],[104.49204,-1.82424],[104.5023,-1.81318],[104.50407,-1.80907]],[[104.47262,-1.85039],[104.47774,-1.85192],[104.48119,-1.85005],[104.48471,-1.83431],[104.48303,-1.83268]],[[104.46704,-1.86334],[104.47214,-1.85873],[104.47275,-1.85602],[104.47072,-1.85574],[104.47306,-1.85493],[104.47331,-1.85276],[104.47181,-1.85141]],[[104.60638,-1.96325],[104.61258,-1.95682],[104.6203,-1.9524],[104.62662,-1.93905],[104.63525,-1.93503],[104.63983,-1.93644],[104.64177,-1.93558],[104.64271,-1.93423],[104.64335,-1.93097],[104.64334,-1.93061],[104.643,-1.92988],[104.64364,-1.92839]],[[104.64447,-1.92215],[104.64213,-1.91767],[104.61287,-1.88801],[104.5921,-1.87088],[104.58212,-1.86487],[104.56405,-1.85898],[104.55327,-1.85345],[104.5449,-1.8559],[104.54084,-1.85929],[104.5398,-1.86255],[104.54086,-1.86676]],[[104.54056,-1.86811],[104.53856,-1.87526]],[[104.53332,-1.88548],[104.52803,-1.90014]],[[104.525,-1.90963],[104.52292,-1.91438],[104.5257,-1.9133],[104.52092,-1.9213]],[[104.47251,-1.8704],[104.47396,-1.86766],[104.47249,-1.86796],[104.47113,-1.86497],[104.46803,-1.86539]],[[104.47422,-1.88749],[104.47718,-1.88587],[104.47881,-1.87963],[104.47741,-1.87176],[104.47558,-1.87021],[104.47341,-1.87094]],[[104.46262,-1.90746],[104.47044,-1.90535],[104.47661,-1.90026],[104.47871,-1.89157],[104.47449,-1.8881]],[[104.46464,-1.92419],[104.46464,-1.9241]],[[104.46465,-1.924],[104.46362,-1.91735],[104.46519,-1.90948],[104.46289,-1.90979]],[[104.49699,-1.94803],[104.49633,-1.93042],[104.49186,-1.92034],[104.48743,-1.91454],[104.48285,-1.91216],[104.47583,-1.91341],[104.4726,-1.91226],[104.46866,-1.924]],[[104.52101,-1.92622],[104.51386,-1.92491],[104.51119,-1.92754]],[[104.50645,-1.92964],[104.5063,-1.92998]],[[104.50618,-1.93082],[104.50496,-1.93473],[104.5014,-1.93853],[104.50085,-1.94722]],[[104.64276,-1.9307],[104.64249,-1.9326]],[[104.65373,-1.96384],[104.65081,-1.9653]],[[104.63861,-1.97152],[104.63733,-1.97263]],[[104.61714,-1.98239],[104.61721,-1.98131]],[[104.61083,-1.96543],[104.60935,-1.96392],[104.60719,-1.96498]],[[104.62256,-1.99434],[104.62242,-1.99449]],[[104.62228,-1.99461],[104.62109,-1.99569]],[[104.60434,-2.008],[104.60219,-2.00922]],[[104.59787,-2.00822],[104.5949,-2.00839]],[[104.60704,-1.99874],[104.60927,-1.99596]],[[104.57727,-2.00518],[104.57575,-2.00456]]]}},{"id":"201","type":"Feature","properties":{"year":1993,"certainty":"good"},"geometry":{"type":"MultiLineString","coordinates":[[[104.48354,-1.83214],[104.48557,-1.83324],[104.4886,-1.83078],[104.50402,-1.80907]],[[104.47262,-1.85038],[104.47774,-1.8519],[104.48124,-1.84978],[104.48473,-1.83431],[104.48305,-1.83268]],[[104.46697,-1.86334],[104.47225,-1.85846],[104.47334,-1.85276],[104.47181,-1.85141]],[[104.60638,-1.96324],[104.61258,-1.95657],[104.61366,-1.95713],[104.6202,-1.9524],[104.62662,-1.93935],[104.63525,-1.93503],[104.63983,-1.93642],[104.64253,-1.93463],[104.64474,-1.925],[104.64404,-1.92093],[104.64038,-1.91561],[104.6106,-1.88618],[104.59372,-1.87204],[104.5759,-1.8612],[104.56351,-1.85851],[104.56351,-1.85705],[104.56055,-1.85559],[104.55839,-1.85633],[104.55219,-1.85325],[104.54172,-1.85848],[104.53986,-1.86173],[104.54121,-1.86635],[104.53977,-1.87193],[104.53559,-1.8812]],[[104.53271,-1.88467],[104.53286,-1.88494]],[[104.53335,-1.88711],[104.52601,-1.9078],[104.52263,-1.9133],[104.52304,-1.91451],[104.52566,-1.9133],[104.52091,-1.92117],[104.52223,-1.92545]],[[104.47243,-1.8704],[104.47396,-1.86766],[104.47128,-1.86497],[104.46803,-1.86536]],[[104.47422,-1.88735],[104.47727,-1.8856],[104.47876,-1.87936],[104.47723,-1.87149],[104.47558,-1.8702],[104.4734,-1.87094]],[[104.46262,-1.90746],[104.47017,-1.90546],[104.47638,-1.90068],[104.47874,-1.89157],[104.47449,-1.88811]],[[104.46464,-1.92604],[104.4636,-1.91681],[104.46518,-1.90948],[104.46289,-1.90979]],[[104.49695,-1.94803],[104.49629,-1.93039],[104.49205,-1.92062],[104.48689,-1.91406],[104.48285,-1.91214],[104.47583,-1.9134],[104.47233,-1.91236],[104.46832,-1.92631]],[[104.52169,-1.92642],[104.51386,-1.92484],[104.50646,-1.92958],[104.50522,-1.93419],[104.50134,-1.93853],[104.50085,-1.94722]],[[104.61177,-1.98608],[104.6142,-1.98706],[104.6165,-1.9847],[104.61691,-1.97357],[104.60994,-1.96434],[104.60719,-1.96501]],[[104.65373,-1.96399],[104.63524,-1.97384],[104.62984,-1.97954],[104.63134,-1.98308]],[[104.63065,-1.9842],[104.62849,-1.98304],[104.62472,-1.9915],[104.61797,-1.99976],[104.61122,-2.00563],[104.60285,-2.00804],[104.60363,-2.01048]],[[104.57184,-1.99849],[104.58857,-2.00221],[104.60259,-2.00144],[104.60973,-1.99529],[104.61279,-1.98959],[104.61096,-1.98769]],[[104.57853,-2.00831],[104.57879,-2.00586],[104.57103,-2.00164]],[[104.60331,-2.01075],[104.59908,-2.00824],[104.59355,-2.00814]],[[104.59301,-2.00815],[104.59275,-2.00815]],[[104.59167,-2.0081],[104.5829,-2.00546],[104.58142,-2.00858]]]}},{"id":"202","type":"Feature","properties":{"year":1994,"certainty":"good"},"geometry":{"type":"MultiLineString","coordinates":[[[104.48351,-1.83214],[104.48557,-1.83326],[104.4887,-1.83078],[104.49204,-1.82427],[104.50183,-1.81369],[104.50402,-1.80907]],[[104.47262,-1.85042],[104.47774,-1.85194],[104.4811,-1.85005],[104.48472,-1.83431],[104.48305,-1.83268]],[[104.46708,-1.86334],[104.47232,-1.85846],[104.47335,-1.85276],[104.47186,-1.8514]],[[104.60638,-1.96323],[104.61258,-1.9566],[104.61366,-1.95717],[104.62019,-1.9524],[104.62662,-1.93971],[104.62877,-1.93994],[104.62985,-1.93766],[104.63579,-1.93543],[104.63983,-1.93643],[104.64241,-1.93504],[104.6438,-1.92988],[104.64535,-1.92934],[104.64445,-1.92201],[104.64018,-1.91523],[104.6106,-1.88618],[104.59372,-1.87204],[104.57673,-1.86258],[104.57592,-1.86089],[104.56594,-1.85931],[104.5592,-1.85522],[104.55812,-1.85612],[104.55219,-1.85323],[104.54544,-1.85556],[104.54113,-1.85897],[104.53967,-1.86255],[104.54091,-1.86662],[104.53977,-1.87205],[104.53415,-1.88453],[104.53264,-1.88453],[104.53307,-1.8886],[104.52254,-1.91357],[104.52331,-1.91452],[104.52569,-1.9133],[104.521,-1.9209],[104.52076,-1.92388],[104.52223,-1.92543]],[[104.47252,-1.8704],[104.47399,-1.86742],[104.47153,-1.86497],[104.46803,-1.86536]],[[104.47422,-1.88737],[104.47745,-1.88533],[104.47884,-1.87827],[104.47747,-1.87157],[104.47531,-1.87021],[104.47341,-1.87094]],[[104.46262,-1.90747],[104.47233,-1.90442],[104.47616,-1.90107],[104.47874,-1.89157],[104.47449,-1.88812]],[[104.46469,-1.92373],[104.46361,-1.91654],[104.46517,-1.90948],[104.46289,-1.90982]],[[104.497,-1.94803],[104.49696,-1.9331],[104.4939,-1.924],[104.48689,-1.91404],[104.48285,-1.91214],[104.47816,-1.91233]],[[104.47759,-1.91252],[104.47737,-1.91261]],[[104.47543,-1.91331],[104.47225,-1.91247],[104.46865,-1.924]],[[104.52169,-1.92644],[104.51508,-1.92525]],[[104.50806,-1.9287],[104.50131,-1.93853],[104.5008,-1.94722]],[[104.65373,-1.9627],[104.6343,-1.97489]],[[104.63102,-1.97806],[104.62956,-1.98036],[104.6313,-1.98308]],[[104.61177,-1.9861],[104.61447,-1.98701],[104.6165,-1.98497],[104.61687,-1.97357],[104.60996,-1.96434],[104.60719,-1.96504]],[[104.63065,-1.98425],[104.62971,-1.9836]],[[104.62767,-1.98484],[104.62111,-1.99569]],[[104.61885,-1.99787],[104.6123,-2.00497],[104.60282,-2.00804],[104.60358,-2.01048]],[[104.57184,-1.99847],[104.58219,-2.00084]],[[104.59113,-2.00217],[104.6007,-2.0018],[104.6058,-1.9999],[104.61295,-1.98959],[104.61093,-1.98769]],[[104.57848,-2.0083],[104.57876,-2.00586],[104.57103,-2.00164]],[[104.60329,-2.01075],[104.59935,-2.00832],[104.59517,-2.00851]],[[104.59059,-2.00802],[104.58627,-2.0067]],[[104.58159,-2.00763],[104.58152,-2.00817]]]}},{"id":"203","type":"Feature","properties":{"year":1995,"certainty":"good"},"geometry":{"type":"MultiLineString","coordinates":[[[104.48348,-1.83214],[104.4853,-1.83329],[104.48827,-1.83099],[104.50389,-1.80907]],[[104.47262,-1.85053],[104.47774,-1.85195],[104.48067,-1.85032],[104.48463,-1.83458],[104.48304,-1.83268]],[[104.46722,-1.8634],[104.47226,-1.85846],[104.47333,-1.85276],[104.4719,-1.8514]],[[104.60638,-1.96321],[104.61258,-1.95659],[104.61892,-1.95346]],[[104.62023,-1.95227],[104.62027,-1.95221]],[[104.62043,-1.952],[104.62662,-1.93935],[104.63405,-1.93531],[104.6401,-1.93641],[104.64294,-1.93423],[104.64449,-1.92391],[104.64235,-1.91821],[104.61961,-1.89486],[104.60006,-1.87749],[104.57813,-1.8631],[104.55709,-1.85536]],[[104.55475,-1.85415],[104.55057,-1.85324],[104.5449,-1.85573],[104.54047,-1.85983],[104.53973,-1.86296]],[[104.53883,-1.87442],[104.53399,-1.88426],[104.53264,-1.88453],[104.53266,-1.88955]],[[104.53111,-1.89308],[104.531,-1.89319]],[[104.53089,-1.89335],[104.53073,-1.8936]],[[104.53057,-1.89389],[104.53046,-1.89405]],[[104.5304,-1.89417],[104.53019,-1.8944]],[[104.52942,-1.89634],[104.52938,-1.89652]],[[104.52934,-1.89661],[104.52911,-1.89721]],[[104.52809,-1.89986],[104.52644,-1.90475]],[[104.52623,-1.90556],[104.52344,-1.91261]],[[104.52452,-1.91397],[104.52566,-1.9133],[104.52115,-1.92076]],[[104.47252,-1.8704],[104.47411,-1.86769],[104.47099,-1.86483],[104.46803,-1.86524]],[[104.47422,-1.88735],[104.4749,-1.88714]],[[104.475,-1.88709],[104.47517,-1.88704]],[[104.47625,-1.88651],[104.47874,-1.88044],[104.4783,-1.8742],[104.47639,-1.87077],[104.47333,-1.87094]],[[104.46815,-1.90607],[104.47085,-1.90509]],[[104.47624,-1.90094],[104.47624,-1.90093]],[[104.47651,-1.90045],[104.47669,-1.90012]],[[104.47678,-1.89996],[104.47879,-1.89306]],[[104.47463,-1.88808],[104.47449,-1.88811]],[[104.4639,-1.9202],[104.46381,-1.91966]],[[104.46372,-1.91884],[104.46356,-1.91824]],[[104.46356,-1.91802],[104.46358,-1.91749]],[[104.46362,-1.9164],[104.46439,-1.91369]],[[104.497,-1.94803],[104.49683,-1.93297]],[[104.49282,-1.92238],[104.49247,-1.92157]],[[104.48541,-1.91315],[104.4846,-1.91281]],[[104.47337,-1.9126],[104.47368,-1.91135],[104.47078,-1.91505]],[[104.46924,-1.92047],[104.4689,-1.92237]],[[104.51859,-1.9258],[104.51589,-1.92527]],[[104.50806,-1.9287],[104.50131,-1.93826],[104.50076,-1.94722]],[[104.65373,-1.96299],[104.6343,-1.97486]],[[104.63107,-1.97806],[104.62952,-1.98036],[104.63119,-1.98309]],[[104.61177,-1.98608],[104.61447,-1.987],[104.61647,-1.9847],[104.61677,-1.97357],[104.60955,-1.96407],[104.60719,-1.96498]],[[104.63065,-1.98414],[104.62849,-1.98305],[104.62269,-1.99415]],[[104.61881,-1.99787],[104.61211,-2.00506],[104.60259,-2.00823],[104.60351,-2.01048]],[[104.57157,-1.99925],[104.5825,-2.00092]],[[104.59113,-2.00219],[104.6007,-2.00182],[104.60556,-2.00008],[104.61267,-1.99013],[104.61096,-1.98768]],[[104.58215,-2.00206],[104.58223,-2.00202]],[[104.58223,-2.00187],[104.58215,-2.00206]],[[104.57853,-2.00831],[104.57881,-2.00586],[104.57103,-2.00158]],[[104.60331,-2.01075],[104.59908,-2.00822],[104.58937,-2.00797],[104.58357,-2.00559]],[[104.5833,-2.00551],[104.58319,-2.00546]],[[104.58284,-2.00546],[104.58141,-2.00858]]]}},{"id":"204","type":"Feature","properties":{"year":1996,"certainty":"good"},"geometry":{"type":"MultiLineString","coordinates":[[[104.48348,-1.83214],[104.4853,-1.83328],[104.48837,-1.83078],[104.49659,-1.81775],[104.50297,-1.81182]],[[104.47262,-1.85057],[104.47774,-1.85195],[104.48058,-1.85032],[104.48283,-1.83933]],[[104.483,-1.8388],[104.48409,-1.83553]],[[104.48435,-1.83505],[104.48442,-1.83499]],[[104.48459,-1.83471],[104.48435,-1.83388]],[[104.46722,-1.86349],[104.47225,-1.85846],[104.47182,-1.85547],[104.47343,-1.85276],[104.47196,-1.8514]],[[104.60638,-1.9632],[104.61258,-1.95685],[104.61731,-1.95445]],[[104.61732,-1.95444],[104.61812,-1.95398]],[[104.62047,-1.952],[104.62054,-1.95189]],[[104.62065,-1.95173],[104.62108,-1.95096]],[[104.62111,-1.95091],[104.62662,-1.93931],[104.63525,-1.93489],[104.6401,-1.93651],[104.64307,-1.93437],[104.64453,-1.92445],[104.64254,-1.91859],[104.6153,-1.89157],[104.59534,-1.87469],[104.57943,-1.86469],[104.55721,-1.85509]],[[104.54558,-1.85553],[104.54015,-1.86051]],[[104.53694,-1.87833],[104.53667,-1.87852]],[[104.5364,-1.87923],[104.53638,-1.87924]],[[104.53604,-1.88005],[104.53411,-1.88474],[104.53268,-1.88453],[104.53316,-1.88843]],[[104.53057,-1.89389],[104.53046,-1.89405]],[[104.5304,-1.89417],[104.53019,-1.89442]],[[104.52489,-1.90991],[104.52394,-1.91208]],[[104.52695,-1.91155],[104.52709,-1.91145]],[[104.47253,-1.8704],[104.47413,-1.86769],[104.47099,-1.86491],[104.46803,-1.86532]],[[104.47424,-1.8875],[104.47711,-1.88587],[104.47835,-1.88112]],[[104.47841,-1.88101],[104.47849,-1.88085]],[[104.47864,-1.87895],[104.47865,-1.87732]],[[104.47748,-1.87271],[104.47706,-1.87191]],[[104.47786,-1.89582],[104.47803,-1.89524]],[[104.4788,-1.89279],[104.47876,-1.89252]],[[104.4787,-1.89225],[104.47867,-1.89185]],[[104.47866,-1.89171],[104.47449,-1.88811]],[[104.46491,-1.90998],[104.46437,-1.90924]],[[104.52736,-1.91169],[104.52721,-1.91181]],[[104.49445,-1.92591],[104.49269,-1.9225]],[[104.48298,-1.91236],[104.47867,-1.91243]],[[104.47316,-1.91233],[104.47231,-1.9126]],[[104.65373,-1.96348],[104.6374,-1.97146],[104.63672,-1.97303]],[[104.62974,-1.98131],[104.63119,-1.98318]],[[104.61693,-1.98049],[104.61694,-1.97941]],[[104.60973,-1.96448],[104.60948,-1.96401]],[[104.6094,-1.96394],[104.60903,-1.96394]],[[104.63065,-1.98404],[104.62944,-1.98343]],[[104.62908,-1.98321],[104.6289,-1.98311]],[[104.61676,-2.00062],[104.61499,-2.00221]],[[104.60829,-2.00709],[104.60273,-2.00815]],[[104.6027,-2.00818],[104.60275,-2.00994],[104.60163,-2.00926]],[[104.58088,-2.00667],[104.58115,-2.007]],[[104.58132,-2.00736],[104.58029,-2.00858]],[[104.5713,-1.99972],[104.58034,-2.00043]],[[104.60483,-2.00058],[104.60872,-1.99678]],[[104.57103,-2.00087],[104.57109,-2.00016]],[[104.57383,-2.00152],[104.57441,-2.00098],[104.57427,-2.00057],[104.574,-2.00068],[104.57383,-2.00152]],[[104.57898,-2.00831],[104.57892,-2.00586],[104.57103,-2.00154]]]}},{"id":"205","type":"Feature","properties":{"year":1997,"certainty":"good"},"geometry":{"type":"MultiLineString","coordinates":[[[104.48347,-1.83214],[104.4853,-1.83322],[104.48827,-1.83072],[104.49613,-1.81748],[104.50198,-1.81301]],[[104.50216,-1.81274],[104.50217,-1.81274]],[[104.50243,-1.81239],[104.50261,-1.81219]],[[104.5027,-1.81209],[104.50387,-1.80907]],[[104.47262,-1.85047],[104.47747,-1.85191],[104.48001,-1.85086],[104.48202,-1.84706],[104.48273,-1.83987]],[[104.483,-1.83841],[104.48408,-1.83571]],[[104.46722,-1.86335],[104.47212,-1.85873],[104.47333,-1.85276],[104.47181,-1.85141]],[[104.60638,-1.96314],[104.61258,-1.95669],[104.61992,-1.95268],[104.62662,-1.939],[104.63543,-1.93477],[104.6401,-1.93648],[104.64253,-1.93512],[104.64398,-1.92147],[104.63892,-1.91495],[104.60478,-1.88255],[104.59049,-1.87143],[104.57943,-1.8651],[104.5658,-1.86038],[104.55273,-1.85334],[104.54598,-1.8554],[104.54123,-1.85902],[104.53961,-1.86201],[104.5412,-1.86662],[104.53902,-1.87449],[104.53411,-1.88474],[104.53271,-1.88453],[104.53327,-1.88833],[104.52277,-1.91401],[104.52697,-1.91194],[104.52127,-1.92035],[104.52075,-1.92361],[104.52223,-1.9254]],[[104.47248,-1.8704],[104.47417,-1.86769],[104.47099,-1.86489],[104.46803,-1.86531]],[[104.47422,-1.88747],[104.47708,-1.88587],[104.47825,-1.88112]],[[104.47863,-1.87895],[104.47705,-1.87149],[104.47341,-1.87094]],[[104.46262,-1.90754],[104.46269,-1.90744]],[[104.47408,-1.90312],[104.47697,-1.89971],[104.47873,-1.89347],[104.47773,-1.88967],[104.47449,-1.88811]],[[104.46448,-1.92631],[104.46457,-1.92536]],[[104.46444,-1.91342],[104.4645,-1.91179]],[[104.46439,-1.91152],[104.46514,-1.90948],[104.46329,-1.90954]],[[104.49706,-1.94803],[104.4962,-1.93867]],[[104.49641,-1.93785],[104.49643,-1.93731]],[[104.49673,-1.93541],[104.4963,-1.93039],[104.49269,-1.92264]],[[104.49212,-1.92129],[104.48581,-1.91346],[104.48069,-1.91211],[104.47621,-1.91342]],[[104.47324,-1.91233],[104.47226,-1.9126]],[[104.52169,-1.92655],[104.51386,-1.92488],[104.50648,-1.92958],[104.50503,-1.93446],[104.50074,-1.94043],[104.50076,-1.94722]],[[104.65373,-1.96362],[104.63578,-1.97335],[104.62978,-1.97955],[104.63119,-1.98318]],[[104.61177,-1.98615],[104.61474,-1.98695],[104.61657,-1.98443],[104.6169,-1.97357],[104.60955,-1.96407],[104.60719,-1.96505]],[[104.63065,-1.98405],[104.62849,-1.98312],[104.62451,-1.99203],[104.61257,-2.00478],[104.60313,-2.00796],[104.60259,-2.0101],[104.59787,-2.00811]],[[104.59736,-2.00817],[104.59733,-2.00818]],[[104.5949,-2.00837],[104.58317,-2.00541],[104.58066,-2.00668],[104.58037,-2.00858]],[[104.5713,-1.99962],[104.57319,-1.99999],[104.57268,-1.9988],[104.57912,-2.00011],[104.5789,-2.00125],[104.5827,-2.00098],[104.57966,-2.00257],[104.57993,-2.00319],[104.58371,-2.0012],[104.58479,-2.00266],[104.59275,-2.00232]],[[104.59298,-2.0022],[104.59329,-2.00213]],[[104.60435,-2.00076],[104.61339,-1.98999],[104.61096,-1.98761]],[[104.57103,-2.00086],[104.57103,-2.00055]],[[104.57994,-2.00043],[104.57993,-2.00043]],[[104.57895,-2.00831],[104.57885,-2.00576],[104.57346,-2.00204],[104.57103,-2.00157]],[[104.57319,-2.00263],[104.57292,-2.00218],[104.57346,-2.00214],[104.5736,-2.00233],[104.57319,-2.00263]]]}},{"id":"206","type":"Feature","properties":{"year":1998,"certainty":"good"},"geometry":{"type":"MultiLineString","coordinates":[[[104.48351,-1.83214],[104.4853,-1.83321],[104.48827,-1.8307],[104.49603,-1.81748],[104.50047,-1.81477],[104.50379,-1.80907]],[[104.47262,-1.85041],[104.47747,-1.85188],[104.48017,-1.85063],[104.48268,-1.83987]],[[104.483,-1.8382],[104.48435,-1.834]],[[104.46714,-1.86334],[104.47209,-1.85873],[104.47268,-1.85602],[104.47057,-1.85547],[104.47299,-1.85493],[104.47331,-1.85276],[104.47181,-1.85145]],[[104.60638,-1.96312],[104.61258,-1.95662],[104.61991,-1.95268],[104.62643,-1.93911],[104.63552,-1.93471],[104.6401,-1.93645],[104.64261,-1.93504],[104.64425,-1.92364],[104.64151,-1.91767],[104.61503,-1.89176],[104.59345,-1.87367],[104.5797,-1.86536],[104.56567,-1.86039],[104.55354,-1.85405],[104.54625,-1.85529],[104.54058,-1.85983],[104.53968,-1.86255],[104.54135,-1.86662],[104.5376,-1.87761]],[[104.53694,-1.87852],[104.53686,-1.8787]],[[104.53615,-1.8806],[104.53418,-1.8848],[104.53293,-1.88453],[104.53329,-1.88833],[104.52274,-1.91411],[104.52699,-1.91194],[104.52128,-1.92035],[104.52073,-1.92361],[104.52223,-1.92543]],[[104.47242,-1.8704],[104.47413,-1.86769],[104.47099,-1.86491],[104.46803,-1.86537]],[[104.47422,-1.88743],[104.47705,-1.88587],[104.47874,-1.87773],[104.47705,-1.87149],[104.47342,-1.87098]],[[104.46262,-1.90734],[104.47017,-1.90548],[104.47648,-1.90053],[104.47858,-1.8913],[104.47449,-1.88814]],[[104.46437,-1.91381],[104.46514,-1.90948],[104.4629,-1.90989]],[[104.49706,-1.94803],[104.4967,-1.93202],[104.49179,-1.92062],[104.48501,-1.91316],[104.48069,-1.91207],[104.47615,-1.91342]],[[104.47435,-1.9128],[104.47381,-1.91282]],[[104.47309,-1.9126],[104.47227,-1.91288]],[[104.47219,-1.91308],[104.4719,-1.91342]],[[104.47165,-1.91369],[104.47143,-1.91396]],[[104.47138,-1.91406],[104.47128,-1.91423]],[[104.47084,-1.91512],[104.47047,-1.91613]],[[104.52169,-1.92655],[104.5136,-1.92497],[104.51171,-1.92744],[104.50658,-1.92964],[104.5051,-1.93446],[104.50106,-1.93962],[104.50081,-1.94722]],[[104.65373,-1.96383],[104.63577,-1.97331],[104.62984,-1.97948],[104.63119,-1.98314]],[[104.61177,-1.98616],[104.6142,-1.98705],[104.61646,-1.9847],[104.61693,-1.97357],[104.60935,-1.96392],[104.60719,-1.96508]],[[104.63065,-1.98418],[104.62849,-1.98315],[104.62455,-1.99203],[104.61747,-2.00044],[104.61149,-2.00543],[104.60286,-2.00814],[104.60345,-2.01048]],[[104.57184,-1.99878],[104.57676,-1.99962],[104.57654,-2.00098],[104.5767,-2.00115],[104.57724,-1.99985],[104.58169,-2.00075]],[[104.5887,-2.00215],[104.59841,-2.002]],[[104.6048,-2.00058],[104.61306,-1.98959],[104.61096,-1.98761]],[[104.57584,-2.0007],[104.57616,-2.00046],[104.57616,-2.00003],[104.57554,-2.0007],[104.57584,-2.0007]],[[104.57697,-2.00179],[104.57697,-2.00136],[104.57562,-2.0011],[104.57549,-2.00152],[104.57697,-2.00179]],[[104.57855,-2.00831],[104.57885,-2.0058],[104.57103,-2.0016]],[[104.58061,-2.00243],[104.58046,-2.00274]],[[104.57706,-2.00261],[104.57643,-2.00213],[104.57583,-2.0026],[104.57589,-2.0027],[104.57706,-2.00261]],[[104.60335,-2.01075],[104.59908,-2.00814],[104.5862,-2.00654]],[[104.5833,-2.00552],[104.58277,-2.00546]],[[104.58276,-2.00546],[104.58136,-2.00858]]]}},{"id":"207","type":"Feature","properties":{"year":1999,"certainty":"good"},"geometry":{"type":"MultiLineString","coordinates":[[[104.48348,-1.83214],[104.4853,-1.83322],[104.48827,-1.83071],[104.49598,-1.81748],[104.50075,-1.8145],[104.5038,-1.80907]],[[104.47262,-1.8504],[104.47747,-1.85192],[104.48102,-1.8495],[104.48283,-1.83838],[104.48428,-1.83756],[104.4846,-1.83431],[104.48309,-1.83268]],[[104.46722,-1.86341],[104.47214,-1.85873],[104.47262,-1.85578],[104.4706,-1.85547],[104.47307,-1.85493],[104.47332,-1.85276],[104.47181,-1.85142]],[[104.60638,-1.96311],[104.61258,-1.95648],[104.61942,-1.95322],[104.62662,-1.93894],[104.63552,-1.93471],[104.63983,-1.93643],[104.64253,-1.93512],[104.64402,-1.92201],[104.63903,-1.91517],[104.60505,-1.8829],[104.59118,-1.87206],[104.57939,-1.86527],[104.55219,-1.85376],[104.54598,-1.85541],[104.54123,-1.85902],[104.53963,-1.86201],[104.54123,-1.86662],[104.53988,-1.87178],[104.53415,-1.8848],[104.53272,-1.88453],[104.53317,-1.8886],[104.52271,-1.91411],[104.52573,-1.9133],[104.52104,-1.9209],[104.52075,-1.92388],[104.52223,-1.9255]],[[104.47247,-1.8704],[104.4742,-1.86769],[104.47099,-1.86487],[104.46803,-1.8653]],[[104.47422,-1.88744],[104.47707,-1.88587],[104.47877,-1.87719],[104.47694,-1.87122],[104.47333,-1.87094]],[[104.46262,-1.90735],[104.47017,-1.90548],[104.47614,-1.90107],[104.47865,-1.89157],[104.47449,-1.88809]],[[104.4646,-1.92604],[104.46365,-1.91627],[104.46671,-1.91165],[104.46451,-1.91084],[104.46505,-1.90925],[104.46289,-1.90985]],[[104.49707,-1.94803],[104.49628,-1.93039],[104.49183,-1.92062],[104.48689,-1.91424],[104.48069,-1.91207],[104.4753,-1.9134],[104.47321,-1.91274],[104.47341,-1.91137],[104.47005,-1.91708],[104.46829,-1.92631]],[[104.52169,-1.92653],[104.5136,-1.9249],[104.50656,-1.92958],[104.50504,-1.93446],[104.50107,-1.93935],[104.50072,-1.94722]],[[104.65373,-1.96386],[104.64131,-1.96969]],[[104.63355,-1.97561],[104.62982,-1.97955],[104.63119,-1.98321]],[[104.61177,-1.98619],[104.61478,-1.98687],[104.61663,-1.98375]],[[104.61652,-1.97615],[104.6169,-1.97357],[104.6142,-1.96936],[104.60935,-1.96393],[104.60719,-1.96507]],[[104.63065,-1.98418],[104.6283,-1.98335],[104.62454,-1.99203],[104.61136,-2.00545]],[[104.61123,-2.00546],[104.61109,-2.00556]],[[104.60327,-2.00803],[104.60345,-2.01048]],[[104.57184,-1.99852],[104.57764,-1.99984]],[[104.59571,-2.00213],[104.59841,-2.002]],[[104.60888,-1.99651],[104.61266,-1.98959],[104.61096,-1.98754]],[[104.57683,-2.00062],[104.5767,-1.99991],[104.57559,-2.0007],[104.57662,-2.00084]],[[104.57683,-2.00504],[104.57103,-2.00162]],[[104.57646,-2.0022],[104.57636,-2.0022]],[[104.57629,-2.00226],[104.57603,-2.00247]],[[104.60335,-2.01075],[104.59908,-2.00814],[104.59221,-2.00811]],[[104.5816,-2.00736],[104.5814,-2.00844]]]}},{"id":"208","type":"Feature","properties":{"year":2000,"certainty":"good"},"geometry":{"type":"MultiLineString","coordinates":[[[104.48352,-1.83214],[104.4853,-1.83321],[104.48638,-1.83093],[104.48827,-1.83064],[104.49178,-1.82347],[104.49517,-1.8202],[104.49608,-1.81803],[104.495,-1.81748],[104.50041,-1.8148],[104.5038,-1.80907]],[[104.47262,-1.85037],[104.47774,-1.85188],[104.48071,-1.85029],[104.48283,-1.83811],[104.48431,-1.83756],[104.48462,-1.83431],[104.48305,-1.83268]],[[104.46722,-1.86341],[104.47213,-1.85873],[104.47265,-1.85602],[104.47056,-1.85547],[104.47304,-1.85493],[104.47181,-1.85141]],[[104.60638,-1.96311],[104.61258,-1.95642],[104.61339,-1.95723],[104.61933,-1.95338],[104.62662,-1.93893],[104.63552,-1.93476],[104.64037,-1.93647],[104.64303,-1.93368],[104.6443,-1.92473],[104.64284,-1.91957],[104.61845,-1.89527]],[[104.60794,-1.88577],[104.60552,-1.8836]],[[104.60222,-1.88063],[104.60219,-1.88061]],[[104.60195,-1.88044],[104.6006,-1.87925]],[[104.59736,-1.87674],[104.58347,-1.86738],[104.56014,-1.8573]],[[104.54881,-1.85451],[104.54866,-1.85454]],[[104.54855,-1.85458],[104.54409,-1.85651],[104.53993,-1.86106]],[[104.54072,-1.86646],[104.54057,-1.86838]],[[104.5256,-1.91284],[104.52579,-1.91262]],[[104.47247,-1.8704],[104.47417,-1.86769],[104.47099,-1.86488],[104.46803,-1.86531]],[[104.47422,-1.88744],[104.47707,-1.88587],[104.47883,-1.87746],[104.4772,-1.87149],[104.4733,-1.87094]],[[104.46356,-1.90697],[104.47017,-1.9055],[104.47625,-1.9008],[104.47865,-1.89157],[104.47449,-1.8881]],[[104.46466,-1.92291],[104.46468,-1.92264]],[[104.49706,-1.94803],[104.49624,-1.93039],[104.49175,-1.92047],[104.48689,-1.91427],[104.48069,-1.91205],[104.4753,-1.91341],[104.47341,-1.91128],[104.4701,-1.91681],[104.46821,-1.92604]],[[104.52587,-1.91305],[104.52524,-1.91398]],[[104.52384,-1.91506],[104.52369,-1.91533]],[[104.52098,-1.92157],[104.52074,-1.9232]],[[104.50634,-1.92998],[104.50591,-1.93082]],[[104.50564,-1.93156],[104.50564,-1.93184]],[[104.50563,-1.93188],[104.50111,-1.93935],[104.50085,-1.94722]],[[104.61177,-1.9861],[104.6142,-1.98706],[104.61599,-1.98565]],[[104.61677,-1.97805],[104.6169,-1.97357],[104.61464,-1.97005],[104.60935,-1.96396],[104.60719,-1.96507]],[[104.65373,-1.96417],[104.63572,-1.97344]],[[104.63137,-1.97778],[104.63133,-1.97784]],[[104.63109,-1.97806],[104.6302,-1.98186]],[[104.6257,-1.98972],[104.62511,-1.99081]],[[104.62446,-1.99217],[104.62431,-1.99229]],[[104.62418,-1.99244],[104.62342,-1.99325]],[[104.62089,-1.99597],[104.61136,-2.00546]],[[104.61135,-2.00546],[104.61109,-2.00558]],[[104.61087,-2.00573],[104.61082,-2.00578]],[[104.60327,-2.008],[104.60355,-2.01048]],[[104.57683,-1.99988],[104.5771,-1.99988]],[[104.61136,-1.99172],[104.61264,-1.98931],[104.61096,-1.98761]],[[104.57184,-1.9986],[104.57454,-1.9997]],[[104.57494,-2.00376],[104.57423,-2.00328]],[[104.57239,-2.00138],[104.57103,-2.0016]],[[104.60333,-2.01075],[104.59935,-2.00829],[104.59275,-2.00822]],[[104.58142,-2.00817],[104.58138,-2.00844]]]}},{"id":"209","type":"Feature","properties":{"year":2001,"certainty":"insufficient data"},"geometry":{"type":"MultiLineString","coordinates":[[[104.48837,-1.83037],[104.4884,-1.83014]],[[104.48841,-1.8301],[104.49119,-1.82495]],[[104.49544,-1.82006],[104.49584,-1.81735]],[[104.49569,-1.81732],[104.49543,-1.81708]],[[104.49566,-1.81708],[104.49569,-1.81709]],[[104.50179,-1.81301],[104.50384,-1.80907]],[[104.55678,-1.84925],[104.55706,-1.84871],[104.55704,-1.84816],[104.5554,-1.84898]],[[104.55057,-1.8482],[104.55383,-1.84817]],[[104.55088,-1.84925],[104.55112,-1.84898],[104.55084,-1.84867],[104.55057,-1.84865],[104.55088,-1.84925]],[[104.55239,-1.85007],[104.55196,-1.8498],[104.55192,-1.84896],[104.55165,-1.85007],[104.55239,-1.85007]],[[104.46716,-1.86334],[104.47059,-1.86022]],[[104.47221,-1.8517],[104.47181,-1.8514]],[[104.55408,-1.85224],[104.55408,-1.85197],[104.55381,-1.85169],[104.55407,-1.85197],[104.55408,-1.85224]],[[104.5498,-1.85251],[104.55003,-1.85224],[104.54947,-1.85224],[104.54976,-1.85255],[104.5498,-1.85251]],[[104.55138,-1.85398],[104.54525,-1.85576],[104.54035,-1.86011],[104.5412,-1.86662],[104.53988,-1.87205],[104.5333,-1.88532]],[[104.59723,-1.8766],[104.58132,-1.8663],[104.5592,-1.85679]],[[104.47086,-1.86487],[104.46803,-1.86532]],[[104.60638,-1.96309],[104.61258,-1.9564],[104.61339,-1.95719],[104.61933,-1.95349],[104.62645,-1.93911],[104.62796,-1.9395],[104.63242,-1.93583]],[[104.63565,-1.93491],[104.63568,-1.9349]],[[104.63592,-1.9349],[104.64064,-1.93655],[104.64267,-1.93463]],[[104.64298,-1.93273],[104.64294,-1.93263]],[[104.64293,-1.93246],[104.64422,-1.92595]],[[104.64427,-1.92323],[104.64309,-1.91998]],[[104.62759,-1.90396],[104.59912,-1.8781]],[[104.53357,-1.88651],[104.52422,-1.91085]],[[104.46244,-1.90731],[104.46828,-1.90689],[104.47341,-1.90365],[104.47727,-1.8989],[104.47866,-1.89334]],[[104.51883,-1.90624],[104.51954,-1.90509],[104.51873,-1.90652]],[[104.46462,-1.92604],[104.46705,-1.92387],[104.46477,-1.92369],[104.46363,-1.91871],[104.46511,-1.90948],[104.46289,-1.90978]],[[104.49673,-1.93519],[104.49553,-1.92862]],[[104.48213,-1.91234],[104.47668,-1.91315]],[[104.47333,-1.9126],[104.47341,-1.91122],[104.46907,-1.92102]],[[104.46895,-1.92173],[104.46812,-1.92604]],[[104.52288,-1.91357],[104.52358,-1.91494]],[[104.52361,-1.91547],[104.52217,-1.91791]],[[104.52158,-1.91954],[104.5207,-1.92334],[104.52223,-1.92529]],[[104.52169,-1.9265],[104.51306,-1.92511],[104.50564,-1.93156]],[[104.50564,-1.93184],[104.50563,-1.93188]],[[104.50092,-1.9403],[104.50085,-1.94722]],[[104.61177,-1.98602],[104.6142,-1.98707],[104.61631,-1.98524],[104.617,-1.97385],[104.60935,-1.96401],[104.60719,-1.96508]],[[104.65373,-1.96431],[104.63586,-1.97331],[104.62983,-1.97955],[104.63119,-1.98309]],[[104.62043,-1.9771],[104.62152,-1.97629],[104.62067,-1.97399],[104.61744,-1.97487],[104.62043,-1.9771]],[[104.61863,-1.97765],[104.61829,-1.97656],[104.61771,-1.97654],[104.61797,-1.97786],[104.61863,-1.97765]],[[104.63065,-1.98426],[104.62849,-1.98321],[104.62468,-1.99203],[104.61271,-2.00479],[104.60286,-2.00809],[104.60286,-2.01017],[104.59935,-2.0083],[104.58964,-2.008],[104.58479,-2.00598]],[[104.60994,-1.99501],[104.6126,-1.98959],[104.61096,-1.98758]],[[104.62056,-1.98932],[104.62099,-1.98877],[104.62013,-1.98817],[104.61979,-1.98877],[104.62056,-1.98932]],[[104.6115,-1.9981],[104.61123,-1.99624]],[[104.59747,-2.00158],[104.6026,-2.00125]],[[104.58795,-2.00261],[104.58776,-2.00484],[104.59018,-2.00218],[104.59477,-2.0018]]]}},{"id":"210","type":"Feature","properties":{"year":2002,"certainty":"insufficient data"},"geometry":{"type":"MultiLineString","coordinates":[[[104.48367,-1.83214],[104.4853,-1.83309],[104.48629,-1.83078],[104.48829,-1.83051],[104.49167,-1.82345],[104.49523,-1.8202],[104.49519,-1.81721],[104.50046,-1.81477],[104.50382,-1.80907]],[[104.47268,-1.85032],[104.47801,-1.85174],[104.48098,-1.84929],[104.4826,-1.83782],[104.48424,-1.83756],[104.48446,-1.83431],[104.48298,-1.83268]],[[104.55678,-1.84925],[104.55706,-1.84871],[104.55704,-1.84816],[104.5554,-1.84898]],[[104.55057,-1.8482],[104.55383,-1.84817]],[[104.55088,-1.84925],[104.55112,-1.84898],[104.55084,-1.84867],[104.55057,-1.84865],[104.55088,-1.84925]],[[104.55239,-1.85007],[104.55196,-1.8498],[104.55192,-1.84896],[104.55165,-1.85007],[104.55239,-1.85007]],[[104.46938,-1.86098],[104.47217,-1.85873],[104.47251,-1.85602],[104.47047,-1.85547],[104.47295,-1.85493],[104.47181,-1.85147]],[[104.55408,-1.85224],[104.55408,-1.85197],[104.55381,-1.85169],[104.55407,-1.85197],[104.55408,-1.85224]],[[104.5498,-1.85251],[104.55003,-1.85224],[104.54947,-1.85224],[104.54976,-1.85255],[104.5498,-1.85251]],[[104.56865,-1.85333],[104.56894,-1.85306],[104.56894,-1.85279],[104.56864,-1.8525],[104.56851,-1.85251],[104.56865,-1.85333]],[[104.55138,-1.85398],[104.54221,-1.85763]],[[104.59723,-1.8766],[104.58132,-1.8663],[104.5592,-1.85679]],[[104.54194,-1.85826],[104.53983,-1.86173]],[[104.53786,-1.85956],[104.54009,-1.85956],[104.53897,-1.85866]],[[104.539,-1.86092],[104.53897,-1.86089]],[[104.54011,-1.86363],[104.53988,-1.87205],[104.5333,-1.88532]],[[104.47234,-1.8703],[104.47412,-1.86769],[104.46936,-1.86497]],[[104.5386,-1.86852],[104.53897,-1.86816]],[[104.53784,-1.86906],[104.53816,-1.87073],[104.53826,-1.86879]],[[104.47422,-1.88747],[104.47719,-1.88569],[104.47884,-1.87692],[104.47693,-1.87118],[104.47335,-1.87094]],[[104.63066,-1.93664],[104.63552,-1.93463],[104.64091,-1.93653],[104.64294,-1.93385]],[[104.64297,-1.93355],[104.64423,-1.92283],[104.64253,-1.91932],[104.59912,-1.8781]],[[104.53357,-1.88651],[104.5282,-1.89946]],[[104.47098,-1.9051],[104.47614,-1.9008],[104.47855,-1.8932],[104.47773,-1.88969],[104.47449,-1.88814]],[[104.52817,-1.89951],[104.52422,-1.91085]],[[104.51883,-1.90624],[104.51954,-1.90509],[104.51873,-1.90652]],[[104.46244,-1.90731],[104.46828,-1.90608]],[[104.46453,-1.92604],[104.46675,-1.92468],[104.46673,-1.92224],[104.46421,-1.92169],[104.46492,-1.90948],[104.46289,-1.90978]],[[104.49701,-1.94803],[104.49621,-1.93039],[104.49179,-1.92062],[104.48698,-1.91437],[104.48069,-1.91204],[104.4753,-1.91347],[104.47277,-1.91247],[104.47373,-1.91165],[104.47341,-1.91131],[104.47085,-1.91491],[104.46849,-1.92224]],[[104.52155,-1.91954],[104.52081,-1.92334],[104.52223,-1.92529]],[[104.46855,-1.92229],[104.46811,-1.92604]],[[104.52169,-1.9265],[104.51333,-1.92498],[104.51201,-1.92714],[104.50658,-1.92964],[104.50498,-1.93473],[104.50111,-1.93935],[104.50091,-1.94722]],[[104.5061,-1.92903],[104.50616,-1.92876],[104.50577,-1.92839],[104.50566,-1.92849],[104.5061,-1.92903]],[[104.50284,-1.92985],[104.50285,-1.92903],[104.50226,-1.929],[104.50222,-1.92958],[104.50284,-1.92985]],[[104.60638,-1.96308],[104.61258,-1.95615],[104.61312,-1.9572],[104.61933,-1.95349],[104.62716,-1.93861]],[[104.61177,-1.98602],[104.61583,-1.98606],[104.617,-1.97385],[104.60935,-1.96405],[104.60719,-1.96509]],[[104.65373,-1.96431],[104.63586,-1.97331],[104.62984,-1.97955],[104.63119,-1.98309]],[[104.62043,-1.9771],[104.62152,-1.97629],[104.62067,-1.97399],[104.61744,-1.97487],[104.62043,-1.9771]],[[104.61863,-1.97765],[104.61829,-1.97656],[104.61771,-1.97654],[104.61797,-1.97786],[104.61863,-1.97765]],[[104.63065,-1.98426],[104.62849,-1.98321],[104.62468,-1.99203],[104.61794,-1.9999],[104.61257,-2.00488],[104.60286,-2.00809],[104.60369,-2.01048]],[[104.61015,-1.99465],[104.6125,-1.98931],[104.61096,-1.98758]],[[104.62056,-1.98932],[104.62099,-1.98877],[104.62013,-1.98817],[104.61979,-1.98877],[104.62056,-1.98932]],[[104.6115,-1.9981],[104.61123,-1.99624]],[[104.59747,-2.00158],[104.6026,-2.00125]],[[104.58795,-2.00261],[104.58776,-2.00484],[104.59018,-2.00218],[104.59477,-2.0018]],[[104.60331,-2.01075],[104.59935,-2.0083],[104.58964,-2.008],[104.58479,-2.00598]]]}},{"id":"211","type":"Feature","properties":{"year":2004,"certainty":"insufficient data"},"geometry":{"type":"MultiLineString","coordinates":[[[104.48348,-1.83214],[104.48557,-1.83319],[104.4884,-1.83078],[104.50388,-1.80907]],[[104.47262,-1.85066],[104.47747,-1.85206],[104.48098,-1.85068],[104.4845,-1.83756],[104.48468,-1.83431],[104.483,-1.83268]],[[104.46722,-1.86342],[104.47297,-1.85792],[104.47208,-1.85555],[104.47376,-1.85466],[104.47186,-1.8514]],[[104.62043,-1.95186],[104.62662,-1.93987],[104.62985,-1.94047],[104.62894,-1.93884],[104.63174,-1.93689],[104.63471,-1.93806],[104.63579,-1.93531],[104.6401,-1.93698],[104.64199,-1.93609],[104.64447,-1.92554],[104.64343,-1.92093],[104.6405,-1.91631],[104.60397,-1.88084],[104.59534,-1.87415],[104.59518,-1.8726],[104.59167,-1.87125],[104.59237,-1.8702],[104.59022,-1.87094],[104.58401,-1.86552],[104.58244,-1.86609],[104.58164,-1.86527],[104.58339,-1.86365],[104.57407,-1.85794],[104.57107,-1.85743],[104.5708,-1.85882],[104.56864,-1.85625],[104.56783,-1.85744],[104.56783,-1.8563],[104.56001,-1.85648],[104.55819,-1.85441],[104.55942,-1.85333],[104.55731,-1.85218],[104.55354,-1.85145],[104.54132,-1.85875],[104.5397,-1.86173],[104.54089,-1.86689],[104.53965,-1.87232],[104.53418,-1.8848],[104.5328,-1.88453],[104.53312,-1.88887],[104.52358,-1.91245]],[[104.56084,-1.85224],[104.56055,-1.85192],[104.55989,-1.85197],[104.56028,-1.85235],[104.56084,-1.85224]],[[104.55499,-1.85251],[104.55679,-1.85251],[104.55568,-1.85278]],[[104.58075,-1.86283],[104.58186,-1.86379]],[[104.58568,-1.86473],[104.58536,-1.86469],[104.58424,-1.86392],[104.58455,-1.86454],[104.58536,-1.86479],[104.58568,-1.86473]],[[104.47257,-1.8704],[104.47412,-1.8666],[104.47234,-1.86491],[104.46803,-1.86536]],[[104.47422,-1.88746],[104.47775,-1.88506],[104.479,-1.87556],[104.47751,-1.86932],[104.47323,-1.87094]],[[104.46262,-1.90746],[104.46963,-1.90572],[104.47628,-1.9008],[104.47888,-1.89211],[104.47773,-1.88948],[104.47449,-1.8881]],[[104.46476,-1.92604],[104.46362,-1.91735],[104.46541,-1.90948],[104.46289,-1.90971]],[[104.47242,-1.91274],[104.47368,-1.91187],[104.4737,-1.91138],[104.47196,-1.91247],[104.47242,-1.91274]],[[104.497,-1.94749],[104.49674,-1.93202],[104.4877,-1.91432],[104.48285,-1.91236],[104.47233,-1.91314],[104.46789,-1.92604]],[[104.5225,-1.91731],[104.52063,-1.92361],[104.52213,-1.92551]],[[104.52169,-1.92645],[104.51333,-1.92509],[104.50658,-1.92964],[104.50497,-1.93473],[104.5013,-1.9388],[104.50076,-1.94722]],[[104.63149,-1.93884],[104.63093,-1.93849],[104.63085,-1.93857],[104.6312,-1.93887],[104.63149,-1.93884]],[[104.61582,-1.95537],[104.61782,-1.95458]],[[104.61409,-1.96407],[104.61366,-1.96195],[104.61501,-1.96369],[104.61555,-1.96133],[104.6169,-1.96205],[104.61855,-1.96109],[104.61636,-1.95983],[104.61771,-1.96007],[104.61744,-1.95929],[104.61933,-1.95953],[104.61967,-1.95892],[104.61666,-1.95783],[104.61755,-1.95729],[104.61744,-1.95589],[104.6169,-1.95719],[104.61555,-1.95647]],[[104.62478,-1.95783],[104.62418,-1.95781],[104.62388,-1.95756],[104.62418,-1.95788],[104.62478,-1.95783]],[[104.62203,-1.95826],[104.62228,-1.95919],[104.6232,-1.95919],[104.62234,-1.95783]],[[104.61546,-1.9581],[104.61474,-1.95934]],[[104.62025,-1.95973],[104.62078,-1.95946],[104.62068,-1.95912],[104.61979,-1.95946],[104.62025,-1.95973]],[[104.62181,-1.95946],[104.62176,-1.95914],[104.62114,-1.95946],[104.62149,-1.95972],[104.62181,-1.95946]],[[104.62002,-1.96055],[104.61977,-1.96],[104.61817,-1.95973],[104.61825,-1.96034],[104.62002,-1.96055]],[[104.62239,-1.96],[104.62256,-1.9597],[104.62186,-1.96],[104.62203,-1.96009],[104.62239,-1.96]],[[104.61464,-1.96027],[104.61296,-1.96]],[[104.61258,-1.96297],[104.61226,-1.9619],[104.61258,-1.96127],[104.6128,-1.96272],[104.61258,-1.96297]],[[104.61709,-1.98009],[104.61723,-1.96787],[104.61501,-1.96482],[104.61393,-1.96592],[104.61113,-1.96434],[104.61177,-1.96265],[104.61258,-1.96476],[104.61388,-1.96407]],[[104.61339,-1.96346],[104.61292,-1.96326],[104.61297,-1.96272],[104.61348,-1.96272],[104.61339,-1.96346]],[[104.617,-1.96326],[104.61704,-1.96299],[104.61645,-1.96272],[104.6169,-1.9634],[104.617,-1.96326]],[[104.65373,-1.96293],[104.64279,-1.96842],[104.632,-1.97647],[104.62949,-1.98036],[104.63119,-1.98325]],[[104.63065,-1.98416],[104.62876,-1.98306],[104.62776,-1.9847]],[[104.62766,-1.98525],[104.62139,-1.99556]],[[104.61366,-1.98941],[104.61511,-1.98904]],[[104.59828,-2.00197],[104.60556,-2.00002],[104.61042,-1.99429]],[[104.62094,-1.99614],[104.61257,-2.00494],[104.60259,-2.00829],[104.60349,-2.01048]],[[104.60329,-2.01075],[104.59908,-2.00828]]]}},{"id":"212","type":"Feature","properties":{"year":2005,"certainty":"insufficient data"},"geometry":{"type":"MultiLineString","coordinates":[[[104.48348,-1.83214],[104.48557,-1.83319],[104.4884,-1.83078],[104.50388,-1.80907]],[[104.47262,-1.85066],[104.47747,-1.85206],[104.48098,-1.85068],[104.4845,-1.83756],[104.48468,-1.83431],[104.483,-1.83268]],[[104.46722,-1.86341],[104.47297,-1.85792],[104.47208,-1.85555],[104.47376,-1.85466],[104.47186,-1.8514]],[[104.60766,-1.96299],[104.6091,-1.95973],[104.61257,-1.9562],[104.61339,-1.9572],[104.62124,-1.95105],[104.62662,-1.9398],[104.62985,-1.94047],[104.6293,-1.93829],[104.63201,-1.93686],[104.63471,-1.93806],[104.63579,-1.93531],[104.6401,-1.93698],[104.64199,-1.93609],[104.64413,-1.925],[104.64309,-1.92052]],[[104.64159,-1.91868],[104.63593,-1.91266]],[[104.63465,-1.91156],[104.62831,-1.90505]],[[104.62568,-1.90253],[104.60951,-1.88713]],[[104.6095,-1.88712],[104.609,-1.88659]],[[104.60842,-1.88625],[104.60815,-1.88567]],[[104.60815,-1.88557],[104.60808,-1.8855]],[[104.60788,-1.88546],[104.59264,-1.87056],[104.58179,-1.86554],[104.58339,-1.86365],[104.57771,-1.85984],[104.56864,-1.85625],[104.56756,-1.85757],[104.56001,-1.85648],[104.55819,-1.85441],[104.55942,-1.85333],[104.55748,-1.85224],[104.55125,-1.85197],[104.55057,-1.85413],[104.54868,-1.85359],[104.54463,-1.85591],[104.54032,-1.86013],[104.53965,-1.87232],[104.53418,-1.8848],[104.5328,-1.88453],[104.53312,-1.88887],[104.52358,-1.91245]],[[104.56084,-1.85224],[104.56055,-1.85192],[104.55989,-1.85197],[104.56028,-1.85235],[104.56084,-1.85224]],[[104.55499,-1.85251],[104.55679,-1.85251],[104.55568,-1.85278]],[[104.56763,-1.85713],[104.56763,-1.85686],[104.56783,-1.8563],[104.56708,-1.85658],[104.56763,-1.85713]],[[104.58075,-1.86283],[104.58186,-1.86379]],[[104.58568,-1.86473],[104.58536,-1.86469],[104.58424,-1.86392],[104.58455,-1.86454],[104.58536,-1.86479],[104.58568,-1.86473]],[[104.47257,-1.8704],[104.47412,-1.8666],[104.47234,-1.86491],[104.46803,-1.86538]],[[104.47422,-1.88745],[104.47775,-1.88506],[104.479,-1.87556],[104.47751,-1.86932],[104.47323,-1.87094]],[[104.46262,-1.90746],[104.47017,-1.90551],[104.47617,-1.90093]],[[104.47786,-1.89645],[104.47861,-1.89103],[104.47449,-1.88812]],[[104.46472,-1.92604],[104.46367,-1.91627],[104.46541,-1.90948],[104.46289,-1.90971]],[[104.47252,-1.91274],[104.4737,-1.91193],[104.47368,-1.9113],[104.47178,-1.91274],[104.47252,-1.91274]],[[104.49708,-1.94803],[104.49673,-1.93202],[104.4877,-1.91432],[104.48123,-1.91226],[104.47071,-1.91364],[104.46774,-1.92616]],[[104.5225,-1.91731],[104.52063,-1.92361],[104.52213,-1.92551]],[[104.46564,-1.92359],[104.46531,-1.92313],[104.46489,-1.92332],[104.46531,-1.92381],[104.46564,-1.92359]],[[104.52169,-1.92645],[104.51333,-1.92509],[104.50658,-1.92965],[104.50496,-1.93467],[104.5013,-1.9388],[104.50073,-1.94722]],[[104.63149,-1.93884],[104.63093,-1.93849],[104.63085,-1.93857],[104.6312,-1.93887],[104.63149,-1.93884]],[[104.61177,-1.98619],[104.61447,-1.98716],[104.61671,-1.98443],[104.61685,-1.97385],[104.61496,-1.97005],[104.61629,-1.96869],[104.60783,-1.96326]],[[104.65373,-1.96296],[104.64279,-1.96842],[104.632,-1.97647],[104.62949,-1.98036],[104.63119,-1.98325]],[[104.63065,-1.98416],[104.62876,-1.98306],[104.62776,-1.9847]],[[104.62766,-1.98525],[104.62139,-1.99556]],[[104.61234,-1.99094],[104.61273,-1.98931],[104.61089,-1.98769]],[[104.61488,-1.98986],[104.61527,-1.98962],[104.61527,-1.98953],[104.615,-1.98947],[104.61473,-1.99004],[104.61488,-1.98986]],[[104.57346,-1.99891],[104.58857,-2.00198],[104.6007,-2.00174],[104.60575,-1.9999],[104.61042,-1.99429]],[[104.62094,-1.99614],[104.61257,-2.00498],[104.60263,-2.00831],[104.60349,-2.01048]],[[104.57481,-2.00226],[104.57481,-2.00187]],[[104.57887,-2.00613],[104.57562,-2.00447]],[[104.60325,-2.01075],[104.59935,-2.00843],[104.58964,-2.0082],[104.58344,-2.00574],[104.58139,-2.00858]]]}},{"id":"213","type":"Feature","properties":{"year":2006,"certainty":"insufficient data"},"geometry":{"type":"MultiLineString","coordinates":[[[104.48348,-1.83214],[104.4853,-1.83325],[104.48827,-1.83066],[104.49133,-1.82427],[104.49621,-1.81748],[104.50077,-1.8145],[104.50377,-1.80907]],[[104.47262,-1.85045],[104.47774,-1.85203],[104.48067,-1.85005],[104.48262,-1.83919],[104.48433,-1.83784],[104.48455,-1.83431],[104.48294,-1.83268]],[[104.46722,-1.86341],[104.47241,-1.85846],[104.47328,-1.85276],[104.47181,-1.85146]],[[104.60638,-1.96323],[104.61258,-1.95637],[104.61339,-1.95729],[104.6196,-1.95297],[104.62635,-1.93903],[104.63376,-1.93519]],[[104.6343,-1.93498],[104.64118,-1.93669],[104.64252,-1.93192]],[[104.60626,-1.88462],[104.59076,-1.86934],[104.57403,-1.86058],[104.57134,-1.8577],[104.55893,-1.85502],[104.55381,-1.85219],[104.5442,-1.85631]],[[104.56486,-1.85363],[104.5652,-1.85278]],[[104.54128,-1.85875],[104.5397,-1.86201],[104.54115,-1.86662],[104.53938,-1.87368],[104.53423,-1.8848],[104.5329,-1.88453],[104.5332,-1.88887],[104.52304,-1.91443],[104.52709,-1.91139]],[[104.57681,-1.86039],[104.57565,-1.85916],[104.57428,-1.86011],[104.57619,-1.85985],[104.57681,-1.86039]],[[104.47257,-1.8704],[104.4743,-1.86742],[104.47126,-1.86487],[104.46803,-1.86538]],[[104.47422,-1.88747],[104.47733,-1.8856],[104.47894,-1.87977]],[[104.47898,-1.87814],[104.4772,-1.87134],[104.47558,-1.87008],[104.47338,-1.87094]],[[104.46262,-1.9075],[104.46936,-1.90614],[104.47622,-1.90093]],[[104.47705,-1.89934],[104.47706,-1.89931]],[[104.47732,-1.89861],[104.47735,-1.89849]],[[104.47786,-1.89649],[104.47831,-1.89049],[104.47449,-1.88812]],[[104.46778,-1.90812],[104.46694,-1.90708],[104.46617,-1.90704],[104.46667,-1.90804],[104.46778,-1.90812]],[[104.46464,-1.92604],[104.4662,-1.92305],[104.46422,-1.92169],[104.46367,-1.91816],[104.4653,-1.90948],[104.46289,-1.90977]],[[104.47246,-1.91274],[104.47379,-1.91193],[104.47368,-1.91122],[104.47178,-1.91274],[104.47246,-1.91274]],[[104.52736,-1.91169],[104.52124,-1.92035],[104.52068,-1.92361],[104.52219,-1.92551]],[[104.49702,-1.94803],[104.49662,-1.93175],[104.49903,-1.93402],[104.49985,-1.9331],[104.49852,-1.93229],[104.49906,-1.93066],[104.49822,-1.92966],[104.49633,-1.9308],[104.49168,-1.92034],[104.4868,-1.91437],[104.48069,-1.91222],[104.47071,-1.91363],[104.4699,-1.91746],[104.46936,-1.91752],[104.46936,-1.91708],[104.46747,-1.91637],[104.46666,-1.91667],[104.46634,-1.91654],[104.4672,-1.91824],[104.46855,-1.91684],[104.46941,-1.91898],[104.46824,-1.91952],[104.46881,-1.92142],[104.46669,-1.92224],[104.46693,-1.92291],[104.4685,-1.92359],[104.4679,-1.92604]],[[104.46891,-1.91382],[104.46985,-1.91301],[104.46739,-1.91328],[104.46774,-1.91409],[104.46891,-1.91382]],[[104.46707,-1.91627],[104.46804,-1.91545],[104.46747,-1.9142],[104.46637,-1.91491],[104.46707,-1.91627]],[[104.4672,-1.91567],[104.46703,-1.91518],[104.4672,-1.91447],[104.46767,-1.91464],[104.4672,-1.91567]],[[104.46928,-1.916],[104.46909,-1.91583],[104.46815,-1.916],[104.46909,-1.91619],[104.46928,-1.916]],[[104.46727,-1.91952],[104.46757,-1.91898],[104.46747,-1.91888],[104.46693,-1.91952],[104.46727,-1.91952]],[[104.46828,-1.92288],[104.46747,-1.92303],[104.46722,-1.92278],[104.46828,-1.9222],[104.46828,-1.92288]],[[104.52169,-1.9266],[104.51306,-1.92522],[104.51178,-1.92741],[104.50658,-1.92978],[104.50499,-1.93473],[104.50191,-1.93799]],[[104.49876,-1.93092],[104.49816,-1.93066],[104.49849,-1.93016],[104.49883,-1.93066],[104.49876,-1.93092]],[[104.50134,-1.9388],[104.50085,-1.94722]],[[104.61177,-1.98623],[104.6142,-1.98717],[104.61635,-1.98539],[104.61685,-1.97385],[104.6094,-1.96407],[104.60719,-1.96491]],[[104.65373,-1.96418],[104.63578,-1.97341],[104.62983,-1.97955],[104.63119,-1.9832]],[[104.63065,-1.98428],[104.62839,-1.98335],[104.6246,-1.99203],[104.61797,-1.99994],[104.61257,-2.00507],[104.60286,-2.00817],[104.60352,-2.01048]],[[104.61109,-1.99311],[104.61273,-1.98986],[104.61091,-1.98769]],[[104.57346,-1.99891],[104.58857,-2.00198],[104.6007,-2.00174],[104.60575,-1.9999],[104.61042,-1.99429]],[[104.57887,-2.00613],[104.57525,-2.00423]],[[104.60329,-2.01075],[104.59908,-2.00832],[104.58964,-2.0082],[104.58344,-2.00574],[104.58139,-2.00858]]]}},{"id":"214","type":"Feature","properties":{"year":2007,"certainty":"insufficient data"},"geometry":{"type":"MultiLineString","coordinates":[[[104.4835,-1.83214],[104.4853,-1.83322],[104.48827,-1.83053],[104.49623,-1.8173]],[[104.4965,-1.81726],[104.50095,-1.81428],[104.50376,-1.80907]],[[104.47262,-1.85075],[104.47868,-1.85181]],[[104.47895,-1.85155],[104.47897,-1.85154]],[[104.47922,-1.85139],[104.48197,-1.84706],[104.48242,-1.84041]],[[104.48381,-1.83874],[104.48419,-1.83851]],[[104.48435,-1.83681],[104.48301,-1.83271]],[[104.46722,-1.86342],[104.46816,-1.86281]],[[104.46843,-1.86266],[104.46896,-1.86212]],[[104.46897,-1.86211],[104.46922,-1.86185]],[[104.46924,-1.86183],[104.46948,-1.86158]],[[104.4714,-1.85954],[104.47323,-1.85466],[104.47184,-1.8514]],[[104.55695,-1.85333],[104.55138,-1.8524],[104.55057,-1.85424],[104.54976,-1.8533],[104.54436,-1.85649]],[[104.54356,-1.85372],[104.54463,-1.85468],[104.54329,-1.85301]],[[104.57269,-1.85981],[104.56945,-1.85801]],[[104.54059,-1.86],[104.53983,-1.87232],[104.53578,-1.88182],[104.53276,-1.88477],[104.5332,-1.88887],[104.52304,-1.91443],[104.52709,-1.9114]],[[104.60638,-1.96323],[104.61258,-1.95647],[104.61312,-1.95734],[104.6193,-1.95322],[104.62623,-1.93884],[104.6335,-1.9353]],[[104.6343,-1.93495],[104.64037,-1.93687],[104.64244,-1.93463]],[[104.6424,-1.93448],[104.64234,-1.93436]],[[104.60686,-1.88523],[104.59031,-1.86908],[104.57341,-1.86011]],[[104.4726,-1.8704],[104.47423,-1.8674],[104.47126,-1.86483],[104.46803,-1.86537]],[[104.47422,-1.88747],[104.47709,-1.88587],[104.47875,-1.88058]],[[104.47894,-1.87678],[104.47895,-1.87676]],[[104.47895,-1.87651],[104.47639,-1.87044],[104.47333,-1.87094]],[[104.47503,-1.90236],[104.47879,-1.89266],[104.47781,-1.88967],[104.47449,-1.88816]],[[104.46828,-1.90617],[104.47071,-1.90727],[104.4694,-1.90595],[104.47233,-1.9045]],[[104.4685,-1.9084],[104.46974,-1.90812],[104.46855,-1.90828]],[[104.46667,-1.90817],[104.46807,-1.9084]],[[104.47017,-1.90998],[104.46768,-1.91084]],[[104.49664,-1.92252],[104.49746,-1.92496],[104.49498,-1.92322],[104.49417,-1.92505],[104.48581,-1.91371],[104.48069,-1.91225],[104.47226,-1.91301],[104.47341,-1.91133],[104.47179,-1.91294],[104.47023,-1.91002]],[[104.52736,-1.91171],[104.52239,-1.91764],[104.5207,-1.92307],[104.51789,-1.92225],[104.51872,-1.92601],[104.5136,-1.92507]],[[104.49876,-1.93364],[104.49996,-1.9331],[104.49852,-1.93202],[104.49966,-1.92876],[104.49667,-1.92849],[104.49795,-1.92666],[104.50146,-1.92634],[104.5029,-1.9236],[104.50005,-1.92469],[104.50011,-1.92596],[104.49744,-1.92333],[104.49814,-1.9217]],[[104.51288,-1.92551],[104.50658,-1.92982],[104.5055,-1.93364],[104.50063,-1.93473]],[[104.50311,-1.93039],[104.50288,-1.93012],[104.50307,-1.92947],[104.50277,-1.93012],[104.50311,-1.93039]],[[104.49735,-1.94776],[104.49736,-1.94762]],[[104.49754,-1.94746],[104.49849,-1.94667],[104.49712,-1.94572]],[[104.497,-1.94526],[104.497,-1.94375]],[[104.497,-1.94361],[104.49767,-1.94331],[104.49768,-1.94276],[104.49616,-1.94179],[104.49674,-1.93419]],[[104.50091,-1.93522],[104.503,-1.9369],[104.50047,-1.9388],[104.50075,-1.94722]],[[104.49984,-1.93935],[104.5002,-1.93907],[104.49983,-1.93826],[104.4992,-1.93853],[104.49984,-1.93935]],[[104.49805,-1.94124],[104.49859,-1.94097],[104.49734,-1.94097],[104.49768,-1.94131],[104.49805,-1.94124]],[[104.49672,-1.94274],[104.497,-1.94333]],[[104.61177,-1.98623],[104.6142,-1.98714],[104.61635,-1.98539],[104.61681,-1.97385],[104.60936,-1.96407],[104.60719,-1.96505]],[[104.65373,-1.96429],[104.63956,-1.97073],[104.6319,-1.97738]],[[104.62799,-1.98443],[104.62461,-1.99203],[104.61797,-1.99991],[104.61122,-2.00569],[104.60286,-2.00815],[104.60311,-2.01021],[104.58317,-2.00571],[104.58144,-2.00831]],[[104.61081,-1.99311],[104.61268,-1.98959],[104.61093,-1.98769]],[[104.6088,-1.99679],[104.61009,-1.99474]],[[104.57562,-1.9999],[104.58937,-2.00202],[104.60124,-2.00172]],[[104.60386,-2.00098],[104.60653,-1.99936]],[[104.57865,-2.00695],[104.57688,-2.0045]]]}},{"id":"215","type":"Feature","properties":{"year":2008,"certainty":"good"},"geometry":{"type":"MultiLineString","coordinates":[[[104.48346,-1.83214],[104.4853,-1.83327],[104.48827,-1.83061],[104.49603,-1.81748],[104.50108,-1.81409]],[[104.50128,-1.81382],[104.50135,-1.81373]],[[104.50159,-1.81328],[104.50243,-1.81213]],[[104.50258,-1.81192],[104.5027,-1.81171]],[[104.5029,-1.81138],[104.50297,-1.81127]],[[104.50305,-1.81111],[104.50376,-1.80907]],[[104.47262,-1.85051],[104.47774,-1.85204],[104.48061,-1.85005],[104.48264,-1.83919],[104.48436,-1.83756],[104.48301,-1.83268]],[[104.46722,-1.86339],[104.47235,-1.85846],[104.47329,-1.85276],[104.47181,-1.85142]],[[104.6194,-1.95308],[104.61979,-1.95254]],[[104.62945,-1.93722],[104.63525,-1.93461],[104.63956,-1.93673],[104.64175,-1.93612],[104.64342,-1.92174],[104.60572,-1.8842]],[[104.4726,-1.8704],[104.47423,-1.86738],[104.47153,-1.86495],[104.46803,-1.86536]],[[104.47422,-1.88745],[104.47707,-1.88587],[104.47904,-1.878],[104.47666,-1.8707],[104.47334,-1.87094]],[[104.49107,-1.91961],[104.48823,-1.91641]],[[104.48056,-1.91227],[104.48012,-1.91233]],[[104.48002,-1.9124],[104.47967,-1.91261]],[[104.47948,-1.91262],[104.47921,-1.91261]],[[104.47622,-1.90093],[104.47866,-1.89157],[104.47449,-1.8881]],[[104.65373,-1.96437],[104.64158,-1.96964]]]}},{"id":"216","type":"Feature","properties":{"year":2009,"certainty":"good"},"geometry":{"type":"MultiLineString","coordinates":[[[104.48341,-1.83218],[104.4853,-1.83327],[104.48822,-1.83078],[104.4915,-1.824],[104.50068,-1.81474],[104.50383,-1.80907]],[[104.47262,-1.85057],[104.4772,-1.85222],[104.4807,-1.85005],[104.48252,-1.83973],[104.48446,-1.83756],[104.48305,-1.83268]],[[104.46749,-1.86408],[104.47219,-1.859],[104.47196,-1.85574],[104.47388,-1.85222],[104.47192,-1.8514]],[[104.47491,-1.85276],[104.47458,-1.85249],[104.47411,-1.85249],[104.4745,-1.85276],[104.47491,-1.85276]],[[104.47279,-1.8704],[104.47417,-1.86714],[104.47153,-1.86475],[104.46749,-1.8644]],[[104.64224,-1.93463],[104.64391,-1.92445],[104.64295,-1.92093],[104.62002,-1.89778]],[[104.47856,-1.88167],[104.478,-1.87255],[104.47585,-1.87009],[104.47315,-1.87088]],[[104.49107,-1.91959],[104.48979,-1.91777]],[[104.65373,-1.96424],[104.65087,-1.9653]],[[104.57184,-1.99848],[104.57225,-1.99861]],[[104.57252,-1.99863],[104.57274,-1.99867]]]}},{"id":"217","type":"Feature","properties":{"year":2010,"certainty":"good"},"geometry":{"type":"MultiLineString","coordinates":[[[104.48341,-1.83221],[104.4853,-1.83325],[104.48827,-1.83075],[104.49147,-1.824],[104.49636,-1.81753],[104.50068,-1.81469],[104.50383,-1.80907]],[[104.47262,-1.85051],[104.4772,-1.8522],[104.48098,-1.84956],[104.4826,-1.83891],[104.48422,-1.83901],[104.48449,-1.83756],[104.4831,-1.83268]],[[104.46722,-1.86355],[104.46773,-1.86321]],[[104.47332,-1.8529],[104.47181,-1.85146]],[[104.62297,-1.94409],[104.62531,-1.9406]],[[104.63511,-1.93468],[104.63983,-1.93683],[104.64168,-1.93612],[104.64384,-1.92418],[104.64289,-1.92093],[104.6335,-1.91137]],[[104.62919,-1.90687],[104.62514,-1.90255]],[[104.62082,-1.89853],[104.61975,-1.89757]],[[104.47194,-1.86524],[104.46803,-1.86535]],[[104.47858,-1.88167],[104.47884,-1.87529],[104.47706,-1.87111]],[[104.65373,-1.96438],[104.65291,-1.9647]],[[104.65281,-1.96476],[104.65264,-1.9649]]]}},{"id":"218","type":"Feature","properties":{"year":2012,"certainty":"good"},"geometry":{"type":"MultiLineString","coordinates":[[[104.48355,-1.83223],[104.4853,-1.83323],[104.48827,-1.83086],[104.49094,-1.82549]],[[104.49812,-1.81665],[104.50386,-1.80907]],[[104.47262,-1.85047],[104.47851,-1.85195],[104.4816,-1.84774]],[[104.48165,-1.8476],[104.48172,-1.84747]],[[104.48206,-1.84258],[104.48445,-1.83756],[104.48456,-1.83431],[104.48304,-1.83268]],[[104.46722,-1.86348],[104.46772,-1.86321]],[[104.47281,-1.85208],[104.47248,-1.85186]],[[104.47241,-1.85181],[104.47183,-1.8514]],[[104.5207,-1.92347],[104.52155,-1.9249]],[[104.60786,-1.96249],[104.61258,-1.95667],[104.61339,-1.95745],[104.62014,-1.95225],[104.62561,-1.94019],[104.63471,-1.93563],[104.64135,-1.93653]],[[104.64456,-1.93268],[104.64496,-1.92893]],[[104.64408,-1.92459],[104.64278,-1.92065],[104.63361,-1.91129]],[[104.62919,-1.90635],[104.62553,-1.90233]],[[104.6184,-1.89573],[104.61058,-1.88811]],[[104.593,-1.87165],[104.58509,-1.86562],[104.58388,-1.86611]],[[104.58253,-1.86514],[104.58239,-1.86373],[104.58101,-1.86432]],[[104.47422,-1.88746],[104.47747,-1.8856],[104.47893,-1.88099],[104.47897,-1.8742],[104.47665,-1.87054]],[[104.4632,-1.90772],[104.46329,-1.90762]],[[104.4634,-1.90744],[104.46383,-1.90695]],[[104.47773,-1.89768],[104.4787,-1.8913],[104.47449,-1.88795]],[[104.47346,-1.91193],[104.47368,-1.91099],[104.47249,-1.91165],[104.47287,-1.91215],[104.47346,-1.91193]],[[104.46842,-1.91418],[104.46842,-1.91403]],[[104.46821,-1.91396],[104.46817,-1.9122],[104.4668,-1.91203]],[[104.46678,-1.91206],[104.46666,-1.91233]],[[104.4699,-1.91301],[104.46999,-1.91274],[104.4699,-1.91242],[104.46954,-1.91301],[104.4699,-1.91301]],[[104.49663,-1.93215],[104.4938,-1.92401]],[[104.48835,-1.91587],[104.48811,-1.9156]],[[104.4881,-1.91559],[104.48069,-1.91223],[104.4726,-1.91293],[104.47066,-1.91559]],[[104.46713,-1.91369],[104.46707,-1.91363]],[[104.46681,-1.91314],[104.46752,-1.91369]],[[104.52169,-1.92653],[104.51778,-1.9256]],[[104.61177,-1.9862],[104.6119,-1.98626]],[[104.61667,-1.98511],[104.61726,-1.98267]],[[104.61245,-1.96711],[104.61167,-1.96529]],[[104.60769,-1.96475],[104.60732,-1.96492]],[[104.65373,-1.96444],[104.65102,-1.96452]],[[104.63065,-1.98426],[104.62978,-1.98375]],[[104.60243,-2.00926],[104.60246,-2.00935]],[[104.60259,-2.00953],[104.60273,-2.00975]],[[104.60278,-2.0098],[104.60057,-2.00873]],[[104.58088,-2.00061],[104.58169,-2.00069]],[[104.59652,-2.00212],[104.60274,-2.00139]],[[104.61025,-1.99488],[104.6109,-1.99379]],[[104.57741,-2.00518],[104.57467,-2.00358]],[[104.58155,-2.00342],[104.58074,-2.00242],[104.58008,-2.00315],[104.58047,-2.00368],[104.58155,-2.00342]],[[104.58021,-2.00437],[104.58019,-2.00437]],[[104.58007,-2.00454],[104.58,-2.00464]]]}},{"id":"219","type":"Feature","properties":{"year":2013,"certainty":"good"},"geometry":{"type":"MultiLineString","coordinates":[[[104.48349,-1.83214],[104.4853,-1.83323],[104.48835,-1.83078],[104.49177,-1.824],[104.50159,-1.81369],[104.50394,-1.80907]],[[104.47262,-1.85048],[104.47747,-1.8521],[104.4806,-1.85032],[104.48255,-1.84028],[104.48433,-1.83865],[104.48457,-1.83431],[104.48306,-1.83268]],[[104.46722,-1.86338],[104.47244,-1.85846],[104.47335,-1.8533],[104.47188,-1.8514]],[[104.60639,-1.96326],[104.61258,-1.95663],[104.61339,-1.9574],[104.61906,-1.95344],[104.62635,-1.9399],[104.63255,-1.93619],[104.63687,-1.93533],[104.64064,-1.93685],[104.64394,-1.9345],[104.64523,-1.92961],[104.6428,-1.9207],[104.62339,-1.89984],[104.58314,-1.86419],[104.58186,-1.86486],[104.57484,-1.86009],[104.553,-1.85266],[104.5424,-1.85766],[104.53977,-1.86173],[104.54018,-1.86513]],[[104.53262,-1.89012],[104.53108,-1.89362]],[[104.52937,-1.89688],[104.52414,-1.91153]],[[104.5231,-1.91343],[104.52412,-1.91419],[104.52709,-1.91136]],[[104.47259,-1.8704],[104.47396,-1.86654],[104.47195,-1.8647],[104.46803,-1.8653]],[[104.47422,-1.88746],[104.47741,-1.8856],[104.47938,-1.87692],[104.4772,-1.87118],[104.47531,-1.86994],[104.47327,-1.87094]],[[104.46289,-1.90793],[104.47233,-1.90446],[104.47652,-1.90053],[104.47865,-1.8913],[104.47449,-1.88802]],[[104.46464,-1.92262],[104.46379,-1.91708],[104.46549,-1.90948],[104.46289,-1.90856]],[[104.47331,-1.91193],[104.47328,-1.91165],[104.47368,-1.911],[104.4725,-1.91165],[104.47331,-1.91193]],[[104.4676,-1.91437],[104.46857,-1.91328],[104.46693,-1.91191],[104.46627,-1.91382],[104.4676,-1.91437]],[[104.52723,-1.91167],[104.52124,-1.92035],[104.52068,-1.92361],[104.52223,-1.92548]],[[104.4963,-1.94165],[104.49628,-1.94111]],[[104.49665,-1.93215],[104.49251,-1.92062],[104.4842,-1.91266],[104.4726,-1.91288],[104.47005,-1.91722]],[[104.47003,-1.91726],[104.46995,-1.91776]],[[104.46976,-1.91826],[104.46916,-1.92075]],[[104.46747,-1.91375],[104.4672,-1.91372],[104.46669,-1.91328],[104.46747,-1.91311],[104.46747,-1.91375]],[[104.46537,-1.91518],[104.46623,-1.91437],[104.46585,-1.91388],[104.46515,-1.91491],[104.46537,-1.91518]],[[104.46531,-1.91717],[104.46555,-1.91762]],[[104.52169,-1.92653],[104.51535,-1.92536]],[[104.51229,-1.92673],[104.51211,-1.92727]],[[104.51211,-1.92727],[104.51184,-1.92746]],[[104.50993,-1.92809],[104.50699,-1.9296]],[[104.61177,-1.98621],[104.6142,-1.98728],[104.61617,-1.98606],[104.61687,-1.97751]],[[104.61522,-1.97045],[104.61046,-1.96462],[104.60719,-1.96498]],[[104.65373,-1.96441],[104.64644,-1.9674]],[[104.64467,-1.96883],[104.64131,-1.96993]],[[104.63069,-1.98267],[104.63119,-1.98316]],[[104.63065,-1.98426],[104.62939,-1.98348]],[[104.62796,-1.9843],[104.62782,-1.98449]],[[104.62781,-1.98457],[104.62468,-1.99203],[104.61743,-2.00052],[104.61257,-2.00504],[104.60286,-2.00815],[104.60307,-2.01021],[104.59935,-2.00814],[104.59415,-2.00804],[104.59484,-2.00695],[104.59288,-2.00511],[104.59126,-2.00722],[104.58951,-2.00614],[104.59126,-2.00789],[104.58519,-2.00615]],[[104.58951,-2.00224],[104.60178,-2.00168],[104.60583,-1.99998],[104.61285,-1.99034],[104.61096,-1.98764]],[[104.58088,-2.00061],[104.58169,-2.00069]],[[104.58161,-2.00708],[104.58144,-2.00858]],[[104.57741,-2.00518],[104.57467,-2.00358]],[[104.58155,-2.00342],[104.58074,-2.00242],[104.58008,-2.00315],[104.58047,-2.00368],[104.58155,-2.00342]],[[104.58054,-2.00464],[104.58,-2.00464]]]}},{"id":"220","type":"Feature","properties":{"year":2014,"certainty":"good"},"geometry":{"type":"MultiLineString","coordinates":[[[104.48349,-1.83214],[104.4853,-1.83323],[104.48837,-1.83078],[104.49193,-1.82372],[104.50161,-1.81369],[104.5041,-1.80907]],[[104.47262,-1.85048],[104.47801,-1.85204],[104.48079,-1.85005],[104.48299,-1.83946],[104.48435,-1.83865],[104.48459,-1.83431],[104.48306,-1.83268]],[[104.46722,-1.86346],[104.47246,-1.85846],[104.47333,-1.85276],[104.47183,-1.8514]],[[104.60641,-1.96326],[104.61258,-1.95658],[104.61339,-1.95741],[104.61925,-1.95322],[104.62599,-1.94019],[104.63255,-1.9362],[104.63687,-1.93541],[104.64118,-1.93667],[104.64511,-1.93124],[104.64404,-1.93097],[104.64482,-1.92825],[104.64363,-1.92228],[104.64027,-1.91767],[104.62339,-1.90015],[104.59022,-1.87031],[104.57511,-1.86077],[104.55381,-1.85279],[104.54436,-1.85674],[104.54004,-1.86092],[104.5414,-1.86662],[104.53985,-1.87205],[104.53429,-1.8848],[104.53295,-1.88453],[104.53317,-1.88914],[104.52665,-1.90475]],[[104.52642,-1.90692],[104.52641,-1.90695]],[[104.52572,-1.90855],[104.5256,-1.90869]],[[104.52552,-1.90882],[104.523,-1.91438],[104.52709,-1.91134]],[[104.47256,-1.8704],[104.47396,-1.86659],[104.47197,-1.8647],[104.46803,-1.86531]],[[104.47422,-1.88746],[104.47741,-1.8856],[104.47938,-1.87692],[104.477,-1.87094],[104.47328,-1.87094]],[[104.46262,-1.90747],[104.47125,-1.90498],[104.47652,-1.90053],[104.47865,-1.8913],[104.47449,-1.88802]],[[104.4646,-1.92604],[104.46369,-1.91654],[104.4653,-1.90948],[104.46289,-1.90964]],[[104.47321,-1.91193],[104.47359,-1.91111],[104.47341,-1.91102],[104.47257,-1.91165],[104.47321,-1.91193]],[[104.52725,-1.91167],[104.52127,-1.92035],[104.5207,-1.92361],[104.52223,-1.92547]],[[104.49703,-1.94803],[104.49622,-1.93039],[104.49247,-1.92062],[104.48689,-1.91433],[104.48285,-1.91234],[104.47186,-1.91328],[104.46834,-1.92631]],[[104.52169,-1.92654],[104.51333,-1.92511],[104.51189,-1.92741],[104.50658,-1.92981],[104.50505,-1.93473],[104.50143,-1.9388],[104.50082,-1.94722]],[[104.65373,-1.96331],[104.63578,-1.9734],[104.62975,-1.97982],[104.63119,-1.98316]],[[104.61177,-1.98622],[104.61447,-1.98727],[104.61662,-1.98518],[104.61694,-1.97385],[104.6115,-1.9644],[104.60719,-1.96498]],[[104.61415,-1.9657],[104.61449,-1.96489],[104.61285,-1.96477],[104.61288,-1.96543],[104.61415,-1.9657]],[[104.63065,-1.98426],[104.62849,-1.98328],[104.62472,-1.99192],[104.61743,-2.00051],[104.61257,-2.00507],[104.60286,-2.00813],[104.60345,-2.01048]],[[104.57184,-1.99844],[104.58619,-2.00179],[104.58506,-2.00564],[104.588,-2.00505],[104.5891,-2.00225],[104.60286,-2.00137],[104.61053,-1.99447],[104.61301,-1.98986],[104.61096,-1.98764]],[[104.57854,-2.00831],[104.57885,-2.00572],[104.57103,-2.00158]],[[104.59379,-2.00614],[104.59324,-2.00532],[104.59288,-2.00514],[104.59261,-2.00569],[104.59379,-2.00614]],[[104.6034,-2.01075],[104.59962,-2.00821],[104.59406,-2.00804],[104.5945,-2.00685],[104.59129,-2.00804],[104.59165,-2.00777],[104.59168,-2.00749],[104.59072,-2.00602],[104.58952,-2.00695],[104.59126,-2.00802],[104.58263,-2.00548],[104.58144,-2.00858]]]}},{"id":"221","type":"Feature","properties":{"year":2015,"certainty":"good"},"geometry":{"type":"MultiLineString","coordinates":[[[104.48348,-1.83214],[104.4853,-1.83325],[104.48827,-1.83095],[104.49183,-1.824],[104.50133,-1.81396],[104.50395,-1.80907]],[[104.47262,-1.85049],[104.47922,-1.85154]],[[104.47923,-1.85154],[104.47949,-1.85141]],[[104.47978,-1.85127],[104.48003,-1.85101]],[[104.48004,-1.851],[104.48435,-1.83865],[104.48461,-1.83431],[104.48308,-1.83268]],[[104.46722,-1.86348],[104.47244,-1.85846],[104.47335,-1.85276],[104.47181,-1.85142]],[[104.60642,-1.96326],[104.61258,-1.95649],[104.61326,-1.95743]],[[104.6137,-1.95715],[104.6138,-1.95702]],[[104.61394,-1.95688],[104.61434,-1.95661]],[[104.61435,-1.95661],[104.62094,-1.95159],[104.62417,-1.94263],[104.62635,-1.94024],[104.62877,-1.94005],[104.62931,-1.9377],[104.63633,-1.93569],[104.64064,-1.93691],[104.64268,-1.93531],[104.64498,-1.92853],[104.64345,-1.92201],[104.6277,-1.90483],[104.59682,-1.87559],[104.57484,-1.86066],[104.5568,-1.85482]],[[104.54947,-1.85427],[104.54012,-1.86092],[104.54063,-1.86811]],[[104.53619,-1.87951],[104.53427,-1.8848],[104.53291,-1.88453],[104.53333,-1.8886],[104.52666,-1.90475]],[[104.52656,-1.90638],[104.52641,-1.90704]],[[104.52574,-1.90855],[104.5256,-1.90872]],[[104.52554,-1.90882],[104.52292,-1.91438],[104.52709,-1.91136]],[[104.47256,-1.8704],[104.47396,-1.86663],[104.4718,-1.86465],[104.46803,-1.86531]],[[104.47422,-1.88744],[104.47741,-1.8856],[104.47932,-1.87692],[104.47703,-1.87094],[104.47327,-1.87094]],[[104.46262,-1.90746],[104.47017,-1.90547],[104.47649,-1.90053],[104.47864,-1.8913],[104.47449,-1.88801]],[[104.46424,-1.92129],[104.46531,-1.90975],[104.46289,-1.90968]],[[104.47303,-1.91193],[104.47348,-1.91138],[104.47341,-1.91115],[104.47265,-1.91165],[104.47303,-1.91193]],[[104.5272,-1.91167],[104.52129,-1.92035],[104.52074,-1.92388],[104.52223,-1.92547]],[[104.49626,-1.94165],[104.49624,-1.94111]],[[104.49539,-1.92818],[104.49073,-1.91872],[104.48285,-1.91235],[104.47233,-1.9131],[104.46919,-1.92047]],[[104.52169,-1.92659],[104.51333,-1.92511],[104.51189,-1.92741],[104.50658,-1.92984],[104.5057,-1.9327]],[[104.50074,-1.94247],[104.50073,-1.94274]],[[104.65373,-1.96303],[104.64549,-1.96848],[104.63942,-1.97029]],[[104.63903,-1.97073],[104.63888,-1.97107]],[[104.63879,-1.97127],[104.63861,-1.97155]],[[104.63837,-1.97181],[104.63834,-1.97184]],[[104.63827,-1.97209],[104.6378,-1.97253]],[[104.61177,-1.98626],[104.61352,-1.98705]],[[104.61716,-1.98294],[104.61704,-1.98022]],[[104.61377,-1.96828],[104.61276,-1.9657],[104.61439,-1.96543],[104.61285,-1.96498],[104.61204,-1.96646],[104.61164,-1.96462],[104.60935,-1.96395],[104.60719,-1.965]],[[104.62629,-1.9881],[104.6258,-1.98972]],[[104.61712,-2.00058],[104.61703,-2.00065]],[[104.61217,-2.00517],[104.60785,-2.0073]],[[104.60327,-2.01029],[104.60346,-2.01048]],[[104.59625,-2.00207],[104.59868,-2.00202]],[[104.59927,-2.00193],[104.59949,-2.00192]],[[104.61244,-1.98882],[104.61096,-1.98762]],[[104.6034,-2.01075],[104.603,-2.01041]]]}},{"id":"222","type":"Feature","properties":{"year":2016,"certainty":"unstable data"},"geometry":{"type":"MultiLineString","coordinates":[[[104.47869,-1.85189],[104.4789,-1.85181]],[[104.47895,-1.85179],[104.47948,-1.85154]],[[104.47949,-1.85153],[104.47984,-1.85127]],[[104.48003,-1.85108],[104.48011,-1.851]],[[104.4803,-1.85074],[104.48031,-1.85073]],[[104.6084,-1.96199],[104.60918,-1.96014]],[[104.60921,-1.96007],[104.60937,-1.95987]],[[104.61326,-1.95744],[104.61371,-1.95715]],[[104.6138,-1.95704],[104.61476,-1.95634]],[[104.61488,-1.95623],[104.61509,-1.95607]],[[104.60342,-1.8817],[104.6033,-1.88157]],[[104.60319,-1.88143],[104.60276,-1.88116]],[[104.60275,-1.88116],[104.60249,-1.8811]],[[104.60012,-1.87898],[104.60006,-1.87858]],[[104.59988,-1.87844],[104.59979,-1.87834]],[[104.56284,-1.85718],[104.55756,-1.85523],[104.55839,-1.85376],[104.55178,-1.85271]],[[104.53343,-1.88783],[104.53328,-1.88874]],[[104.53316,-1.88919],[104.5331,-1.88928]],[[104.53289,-1.8896],[104.53277,-1.88982]],[[104.53262,-1.89029],[104.53259,-1.89037]],[[104.53235,-1.89098],[104.5312,-1.89335]],[[104.65373,-1.96296],[104.65289,-1.9634]],[[104.65264,-1.9635],[104.65223,-1.96368]],[[104.6521,-1.96373],[104.65113,-1.96422]],[[104.65102,-1.96427],[104.65075,-1.96441]],[[104.64374,-1.9682],[104.6436,-1.96829]],[[104.63996,-1.97007],[104.63983,-1.97019]],[[104.63982,-1.97019],[104.63888,-1.97046]]]}},{"id":"223","type":"Feature","properties":{"year":2017,"certainty":"good"},"geometry":{"type":"MultiLineString","coordinates":[[[104.48351,-1.83214],[104.4853,-1.83318],[104.48827,-1.83091],[104.49169,-1.824],[104.50149,-1.8136],[104.50388,-1.80907]],[[104.47262,-1.8505],[104.47801,-1.85204],[104.48079,-1.85005],[104.48275,-1.84028],[104.48432,-1.83865],[104.48456,-1.83431],[104.48304,-1.83268]],[[104.46722,-1.86351],[104.47241,-1.85846],[104.4733,-1.85276],[104.47181,-1.85141]],[[104.60645,-1.96326],[104.61258,-1.95658],[104.61339,-1.95741],[104.62149,-1.95096],[104.62306,-1.94481],[104.62648,-1.9403]],[[104.63889,-1.93641],[104.64145,-1.93674],[104.6432,-1.93423],[104.64437,-1.92934],[104.64337,-1.92174],[104.62595,-1.90364]],[[104.62352,-1.90138],[104.62341,-1.90124]],[[104.59434,-1.87464],[104.59413,-1.87445]],[[104.58819,-1.8701],[104.57349,-1.86037],[104.56176,-1.85696]],[[104.55475,-1.85337],[104.55057,-1.85342],[104.54423,-1.85664]],[[104.54072,-1.8597],[104.53971,-1.86241]],[[104.54078,-1.86567],[104.54153,-1.86645]],[[104.539,-1.87463],[104.53778,-1.8768]],[[104.53611,-1.88032],[104.53559,-1.88193]],[[104.53558,-1.88195],[104.53532,-1.8823]],[[104.53514,-1.8825],[104.53505,-1.88261]],[[104.53491,-1.88277],[104.53432,-1.8848],[104.53293,-1.88453],[104.53355,-1.88711]],[[104.53296,-1.88955],[104.53235,-1.89109]],[[104.53182,-1.89227],[104.53181,-1.89229]],[[104.53109,-1.89362],[104.5297,-1.89606]],[[104.52577,-1.90855],[104.52293,-1.91438],[104.52565,-1.9133],[104.52092,-1.92212]],[[104.52074,-1.92293],[104.52074,-1.92294]],[[104.52069,-1.92347],[104.52223,-1.9255]],[[104.47262,-1.8704],[104.47396,-1.86662],[104.47205,-1.8647],[104.46803,-1.8653]],[[104.47422,-1.88741],[104.47679,-1.88618]],[[104.47699,-1.88601],[104.47706,-1.88595]],[[104.47751,-1.88546],[104.4776,-1.88528]],[[104.47764,-1.88519],[104.47883,-1.87366],[104.47605,-1.87013],[104.47327,-1.87094]],[[104.47489,-1.9023],[104.47543,-1.9018]],[[104.47549,-1.90175],[104.4757,-1.90156]],[[104.47603,-1.90121],[104.47873,-1.89157],[104.47449,-1.88803]],[[104.49523,-1.92781],[104.49403,-1.92455]],[[104.48838,-1.91616],[104.48836,-1.91614]],[[104.48811,-1.91567],[104.48285,-1.91242],[104.4784,-1.91252]],[[104.52169,-1.92651],[104.51912,-1.92609]],[[104.6454,-1.93151],[104.64502,-1.92988],[104.64496,-1.92949],[104.64473,-1.9307],[104.6454,-1.93151]],[[104.65373,-1.96316],[104.65372,-1.96316]],[[104.64419,-1.96802],[104.64374,-1.96816]],[[104.63251,-1.9767],[104.63141,-1.97778]],[[104.61665,-1.97072],[104.61649,-1.97066]],[[104.61438,-1.96937],[104.61233,-1.96489],[104.60719,-1.96507]],[[104.61367,-1.96652],[104.61428,-1.96625],[104.61366,-1.96574],[104.61353,-1.96597],[104.61367,-1.96652]],[[104.61692,-1.96815],[104.6169,-1.96755],[104.61663,-1.9674],[104.61658,-1.96787],[104.61692,-1.96815]],[[104.61678,-1.97005],[104.61557,-1.96937]],[[104.61595,-1.96962],[104.61599,-1.96964]],[[104.61622,-1.96989],[104.61678,-1.97005]],[[104.60327,-2.01025],[104.60351,-2.01048]],[[104.57184,-1.99843],[104.57548,-1.99924]],[[104.5914,-2.0022],[104.59625,-2.0021]],[[104.59965,-2.00193],[104.60434,-2.00085]],[[104.57305,-2.00245],[104.57198,-2.00174]],[[104.57176,-2.00138],[104.5716,-2.00111]],[[104.60338,-2.01075],[104.603,-2.01043]]]}},{"id":"224","type":"Feature","properties":{"year":2018,"certainty":"good"},"geometry":{"type":"MultiLineString","coordinates":[[[104.48354,-1.83214],[104.4853,-1.83314],[104.48827,-1.83063],[104.49173,-1.82372],[104.50155,-1.81341],[104.50383,-1.80907]],[[104.47262,-1.85046],[104.47801,-1.85202],[104.48065,-1.85005],[104.48247,-1.84001],[104.48432,-1.83865],[104.48448,-1.83431],[104.48303,-1.83268]],[[104.46722,-1.86344],[104.47241,-1.85846],[104.47329,-1.85276],[104.47181,-1.85144]],[[104.60645,-1.96326],[104.61258,-1.95657],[104.61339,-1.95736],[104.6194,-1.95295],[104.62399,-1.94236],[104.62938,-1.93721],[104.63417,-1.93501],[104.63795,-1.93523],[104.6401,-1.93719],[104.64174,-1.9364],[104.64366,-1.92391],[104.64236,-1.92065],[104.60343,-1.88215],[104.57458,-1.86147],[104.55799,-1.85604],[104.55569,-1.85333],[104.55111,-1.85327],[104.54088,-1.85929],[104.53969,-1.86228],[104.54169,-1.86662],[104.54074,-1.86757]],[[104.539,-1.87463],[104.53438,-1.88507],[104.53295,-1.88453],[104.5332,-1.88914],[104.52294,-1.91357],[104.52569,-1.9133],[104.52106,-1.92117],[104.52075,-1.92388],[104.52222,-1.92551]],[[104.47258,-1.8704],[104.47396,-1.86661],[104.4718,-1.86468],[104.46803,-1.86531]],[[104.47422,-1.88744],[104.47746,-1.88553],[104.47945,-1.87664],[104.47639,-1.87035],[104.47329,-1.87094]],[[104.46262,-1.90749],[104.47031,-1.90539]],[[104.47639,-1.90066],[104.4787,-1.89157],[104.47449,-1.88805]],[[104.46464,-1.9126],[104.46464,-1.9126]],[[104.46329,-1.90932],[104.46324,-1.90934]],[[104.46302,-1.9095],[104.46289,-1.90958]],[[104.49705,-1.94803],[104.49669,-1.93229],[104.49367,-1.92387],[104.48581,-1.91376],[104.47732,-1.91283]],[[104.52169,-1.9265],[104.51314,-1.92524],[104.51198,-1.92746],[104.50666,-1.92985],[104.50357,-1.93623]],[[104.50103,-1.9403],[104.50081,-1.94722]],[[104.50097,-1.93283],[104.50051,-1.93256]],[[104.50078,-1.93288],[104.50097,-1.93283]],[[104.65373,-1.96374],[104.63942,-1.97069]],[[104.63119,-1.97806],[104.62956,-1.98036],[104.63119,-1.98317]],[[104.61419,-1.98728],[104.61665,-1.98511]],[[104.61688,-1.9786],[104.61681,-1.97385],[104.61447,-1.96976],[104.60935,-1.96417],[104.60719,-1.96511]],[[104.63065,-1.98426],[104.62998,-1.98394]],[[104.62974,-1.98375],[104.62971,-1.98372]],[[104.57184,-1.99846],[104.5891,-2.00221],[104.60462,-2.00068]],[[104.61117,-1.99325],[104.61292,-1.98945]],[[104.57218,-2.0007],[104.57237,-2.00043],[104.57211,-1.99989],[104.57184,-1.99951],[104.57218,-2.0007]],[[104.57856,-2.00831],[104.57919,-2.00559],[104.57103,-2.0016]],[[104.58123,-2.00532],[104.5817,-2.00423],[104.58101,-2.0024],[104.58008,-2.00451],[104.58123,-2.00532]],[[104.5949,-2.00836],[104.5829,-2.00544],[104.58141,-2.00858]]]}},{"id":"225","type":"Feature","properties":{"year":2019,"certainty":"good"},"geometry":{"type":"MultiLineString","coordinates":[[[104.48348,-1.83214],[104.4853,-1.83314],[104.48823,-1.83051],[104.49125,-1.824],[104.50144,-1.81341],[104.50377,-1.80907]],[[104.47262,-1.85048],[104.47801,-1.85202],[104.48064,-1.85005],[104.48233,-1.83944],[104.48426,-1.83865],[104.48447,-1.83431],[104.48305,-1.83268]],[[104.46722,-1.86345],[104.47237,-1.85846],[104.47328,-1.85276],[104.47181,-1.85144]],[[104.6064,-1.96326],[104.61258,-1.95653],[104.61339,-1.95736],[104.61887,-1.95349],[104.62608,-1.9391],[104.63396,-1.93504],[104.63795,-1.9352],[104.6401,-1.93721],[104.64172,-1.93631],[104.64283,-1.92201],[104.62647,-1.90437],[104.59868,-1.87858],[104.57403,-1.86155],[104.553,-1.85328],[104.54275,-1.85755],[104.53972,-1.86241]],[[104.54051,-1.86947],[104.53667,-1.87912]],[[104.53656,-1.87924],[104.5364,-1.8793]],[[104.53623,-1.87978],[104.53559,-1.88202]],[[104.53449,-1.88331],[104.53438,-1.88514],[104.53296,-1.88453],[104.5332,-1.88914],[104.52297,-1.91438],[104.52568,-1.9133],[104.52101,-1.92115]],[[104.52069,-1.92347],[104.52222,-1.92551]],[[104.47256,-1.8704],[104.47396,-1.86668],[104.4718,-1.86466],[104.46803,-1.86528]],[[104.47422,-1.88745],[104.47741,-1.8856],[104.47943,-1.87692],[104.47666,-1.87067],[104.47331,-1.87094]],[[104.46383,-1.90689],[104.46437,-1.90669]],[[104.46815,-1.90612],[104.47422,-1.9031],[104.47727,-1.8989],[104.47858,-1.8913],[104.47449,-1.88805]],[[104.46982,-1.90894],[104.46994,-1.90812],[104.46963,-1.90812],[104.46954,-1.90894],[104.46982,-1.90894]],[[104.49704,-1.94803],[104.49675,-1.93432]],[[104.49673,-1.93336],[104.49389,-1.92442],[104.48581,-1.91383],[104.48096,-1.91233],[104.4761,-1.91376],[104.47287,-1.9129],[104.47047,-1.91518],[104.46909,-1.92056],[104.46829,-1.91925],[104.4645,-1.91946],[104.4645,-1.92251],[104.46359,-1.91762],[104.4646,-1.91233]],[[104.46709,-1.91599],[104.46996,-1.91301],[104.47017,-1.90987],[104.46754,-1.91152]],[[104.46729,-1.9126],[104.46709,-1.91599]],[[104.47078,-1.91165],[104.47146,-1.91138],[104.47098,-1.91091],[104.47058,-1.91111],[104.47078,-1.91165]],[[104.46657,-1.91762],[104.46685,-1.91681],[104.46612,-1.91638],[104.46558,-1.91735],[104.46657,-1.91762]],[[104.46468,-1.92604],[104.46477,-1.92335],[104.46693,-1.92348]],[[104.46739,-1.92359],[104.46573,-1.92441],[104.46828,-1.92394],[104.46829,-1.92631]],[[104.52169,-1.92648],[104.51912,-1.92607]],[[104.50839,-1.9289],[104.50352,-1.93623]],[[104.50107,-1.93975],[104.49954,-1.94722],[104.50065,-1.94722]],[[104.61177,-1.98619],[104.61447,-1.98725],[104.61641,-1.98552],[104.61681,-1.97385],[104.60935,-1.96419],[104.60719,-1.96513]],[[104.65373,-1.96436],[104.63942,-1.9708]],[[104.62998,-1.98394],[104.62976,-1.98375]],[[104.62631,-1.9881],[104.62539,-1.99048]],[[104.57198,-1.99848],[104.57521,-1.99913]],[[104.58358,-2.00112],[104.59625,-2.00203]],[[104.59968,-2.00193],[104.60057,-2.00176]],[[104.57857,-2.00831],[104.57926,-2.00585]],[[104.57957,-2.006],[104.57975,-2.006]],[[104.57697,-2.00437],[104.5771,-2.00458]],[[104.57717,-2.00464],[104.57225,-2.00202]],[[104.5949,-2.00836],[104.58816,-2.00747]],[[104.58485,-2.006],[104.58438,-2.00581]],[[104.58426,-2.00573],[104.58174,-2.00654]],[[104.58139,-2.00817],[104.58132,-2.00858]]]}},{"id":"226","type":"Feature","properties":{"year":2020,"certainty":"good"},"geometry":{"type":"MultiLineString","coordinates":[[[104.48343,-1.83214],[104.4853,-1.83315],[104.48825,-1.83051],[104.49143,-1.82372],[104.50122,-1.81364],[104.50376,-1.80907]],[[104.47262,-1.85048],[104.47801,-1.85202],[104.48062,-1.85005],[104.4826,-1.8379],[104.48426,-1.83865],[104.48442,-1.83431],[104.48306,-1.83268]],[[104.46722,-1.86348],[104.47236,-1.85846],[104.47328,-1.85276],[104.47181,-1.85146]],[[104.60643,-1.96326],[104.61258,-1.95656],[104.61339,-1.95734],[104.61887,-1.95349],[104.62608,-1.93909],[104.63399,-1.93504],[104.63795,-1.9352],[104.6401,-1.9372],[104.64172,-1.93635],[104.64315,-1.92255],[104.61125,-1.88993],[104.58968,-1.87149],[104.5743,-1.86197],[104.55313,-1.8535]],[[104.54018,-1.86078],[104.54007,-1.86472],[104.54209,-1.86689],[104.54077,-1.86743],[104.53586,-1.88175]],[[104.53428,-1.88358],[104.53424,-1.88363]],[[104.53411,-1.88385],[104.53343,-1.8845]],[[104.53296,-1.88467],[104.53319,-1.88914],[104.52299,-1.91357],[104.52358,-1.91449],[104.52599,-1.91303],[104.52101,-1.92117],[104.52223,-1.92548]],[[104.47257,-1.8704],[104.47396,-1.86663],[104.4718,-1.86466],[104.46803,-1.86526]],[[104.47422,-1.88744],[104.47743,-1.8856],[104.47944,-1.87692],[104.47666,-1.87067],[104.47326,-1.87094]],[[104.46388,-1.9069],[104.47233,-1.90447],[104.47647,-1.90053],[104.4786,-1.8913],[104.47449,-1.88802]],[[104.46469,-1.92604],[104.46359,-1.91762],[104.46464,-1.91179]],[[104.46709,-1.91599],[104.46969,-1.91355],[104.47098,-1.91091],[104.46647,-1.91247],[104.46581,-1.91518],[104.46709,-1.91599]],[[104.49708,-1.94803],[104.49622,-1.93066],[104.4917,-1.92062],[104.48655,-1.91437],[104.48096,-1.91232],[104.47206,-1.9133],[104.46657,-1.92414],[104.46845,-1.92359],[104.46828,-1.92612]],[[104.46532,-1.91654],[104.46602,-1.91627],[104.46607,-1.91599],[104.46506,-1.91627],[104.46532,-1.91654]],[[104.46462,-1.92007],[104.46509,-1.91952],[104.4645,-1.91918],[104.46425,-1.91952],[104.46462,-1.92007]],[[104.52168,-1.9266],[104.51333,-1.92512],[104.51198,-1.92744],[104.50725,-1.92966]],[[104.50634,-1.93026],[104.50622,-1.93053]],[[104.5063,-1.9308],[104.50618,-1.93117]],[[104.50601,-1.93134],[104.50591,-1.93145]],[[104.50587,-1.93161],[104.50564,-1.93319]],[[104.50537,-1.93405],[104.50147,-1.93853],[104.50067,-1.94722]],[[104.50033,-1.93487],[104.50051,-1.93489]],[[104.61177,-1.98619],[104.61447,-1.98722],[104.61638,-1.98552],[104.61681,-1.97385],[104.60953,-1.96434],[104.60719,-1.96511]],[[104.65373,-1.96463],[104.63956,-1.97074],[104.62998,-1.97946]],[[104.62971,-1.98116],[104.62978,-1.98131]],[[104.62998,-1.98166],[104.63119,-1.98315]],[[104.63065,-1.98426],[104.62849,-1.98337],[104.62473,-1.99203],[104.61872,-1.99868]],[[104.61817,-1.99949],[104.61756,-2.00048]],[[104.61748,-2.00058],[104.6173,-2.00073]],[[104.61622,-2.0015],[104.616,-2.00166]],[[104.61224,-2.00519],[104.60313,-2.0081],[104.60357,-2.01048]],[[104.57103,-2.00024],[104.57117,-2.00044]],[[104.5744,-1.99912],[104.57521,-1.99923]],[[104.58411,-2.0012],[104.5941,-2.00221]],[[104.59895,-2.002],[104.60553,-2.00017],[104.61028,-1.99461]],[[104.61116,-1.99325],[104.61133,-1.99271]],[[104.58046,-2.00858],[104.57876,-2.00749],[104.58044,-2.00573]],[[104.57872,-2.00412],[104.5787,-2.0041]],[[104.57843,-2.0041],[104.57589,-2.00451],[104.57251,-2.00212]],[[104.60332,-2.01075],[104.59935,-2.00821],[104.59113,-2.00773]],[[104.59104,-2.00763],[104.59086,-2.00759]],[[104.5908,-2.00546],[104.58883,-2.00293],[104.58903,-2.00492]],[[104.58249,-2.00561],[104.58075,-2.00858]]]}},{"id":"227","type":"Feature","properties":{"year":2021,"certainty":"good"},"geometry":{"type":"MultiLineString","coordinates":[[[104.48342,-1.83214],[104.4853,-1.83317],[104.48827,-1.83054],[104.49146,-1.82372],[104.50379,-1.80907]],[[104.47262,-1.8505],[104.47801,-1.85203],[104.48062,-1.85005],[104.48231,-1.83919],[104.48426,-1.83865],[104.48314,-1.83266]],[[104.46722,-1.8635],[104.47237,-1.85846],[104.47331,-1.85276],[104.47181,-1.85145]],[[104.60645,-1.96326],[104.60759,-1.96264]],[[104.6077,-1.96258],[104.61258,-1.95655],[104.61339,-1.95733],[104.61885,-1.95349],[104.62376,-1.94263],[104.6285,-1.93772],[104.63498,-1.93493],[104.63983,-1.93719],[104.64172,-1.93635],[104.64315,-1.92255],[104.61125,-1.88994],[104.58581,-1.86772],[104.55529,-1.85455]],[[104.54016,-1.86078],[104.53986,-1.86187]],[[104.54099,-1.86571],[104.54207,-1.86689],[104.53532,-1.88238]],[[104.5341,-1.88385],[104.5337,-1.88459]],[[104.5331,-1.88494],[104.53318,-1.88914],[104.52299,-1.91357],[104.526,-1.91303],[104.52101,-1.92117],[104.52223,-1.92549]],[[104.47257,-1.8704],[104.47396,-1.86663],[104.47207,-1.86469],[104.46803,-1.86525]],[[104.58455,-1.86758],[104.58597,-1.86853]],[[104.47422,-1.88747],[104.47743,-1.8856],[104.47944,-1.87664],[104.47666,-1.87067],[104.47326,-1.87094]],[[104.46289,-1.90796],[104.47233,-1.90447],[104.47633,-1.9008],[104.47866,-1.89157],[104.47449,-1.88797]],[[104.49749,-1.94776],[104.49671,-1.93229],[104.49375,-1.92415],[104.48635,-1.91423],[104.4784,-1.91252]],[[104.47813,-1.9126],[104.47179,-1.91345],[104.46882,-1.91877],[104.46932,-1.91396]],[[104.4695,-1.91374],[104.46955,-1.91369]],[[104.4714,-1.91152],[104.47138,-1.91101]],[[104.47137,-1.91098],[104.47085,-1.9105]],[[104.4659,-1.91396],[104.46396,-1.92013],[104.46519,-1.90948],[104.46289,-1.90955]],[[104.47353,-1.91138],[104.47314,-1.91091],[104.47277,-1.91138],[104.47314,-1.91151],[104.47353,-1.91138]],[[104.46774,-1.91832],[104.4672,-1.91826],[104.4669,-1.91735],[104.46801,-1.91682],[104.46774,-1.91832]],[[104.46882,-1.92032],[104.46849,-1.92007],[104.46855,-1.9195],[104.46903,-1.91952],[104.46882,-1.92032]],[[104.46774,-1.925],[104.46718,-1.92468],[104.46736,-1.92441],[104.46801,-1.92447],[104.46774,-1.925]],[[104.52169,-1.9266],[104.51333,-1.92514],[104.51198,-1.92745],[104.5067,-1.92985],[104.50506,-1.93473],[104.50148,-1.93853],[104.5005,-1.94586],[104.49867,-1.94776]],[[104.61177,-1.98619],[104.61447,-1.98721],[104.61644,-1.98524],[104.61678,-1.97385],[104.60975,-1.96454]],[[104.65373,-1.96443],[104.63956,-1.97074],[104.63079,-1.97853]],[[104.63065,-1.98426],[104.63052,-1.98414]],[[104.62836,-1.98363],[104.62473,-1.99203],[104.62017,-1.99705]],[[104.61749,-2.00058],[104.6173,-2.00074]],[[104.61622,-2.0015],[104.616,-2.00166]],[[104.61176,-2.00546],[104.60488,-2.00797]],[[104.59814,-2.00815],[104.59571,-2.00823]],[[104.58951,-2.00781],[104.58924,-2.00738]],[[104.61217,-1.98853],[104.61096,-1.98764]]]}},{"id":"228","type":"Feature","properties":{"year":2022,"certainty":"good"},"geometry":{"type":"MultiLineString","coordinates":[[[104.48347,-1.83214],[104.4853,-1.83317],[104.48827,-1.83056],[104.49133,-1.824],[104.50382,-1.80907]],[[104.47262,-1.85049],[104.47801,-1.85208],[104.48065,-1.85005],[104.4826,-1.83799],[104.48432,-1.83865],[104.4831,-1.83268]],[[104.46722,-1.8635],[104.47237,-1.85846],[104.47332,-1.85276],[104.47185,-1.8514]],[[104.60645,-1.96326],[104.61258,-1.95651],[104.61339,-1.95732],[104.62077,-1.95132],[104.62365,-1.94253],[104.62851,-1.93775],[104.63444,-1.93502],[104.63795,-1.93525],[104.63983,-1.93715],[104.64172,-1.93631],[104.64334,-1.92337],[104.62608,-1.90428],[104.58711,-1.86888]],[[104.58704,-1.86894],[104.58689,-1.86894]],[[104.56014,-1.8568],[104.55879,-1.85628]],[[104.53994,-1.86133],[104.53983,-1.86187]],[[104.54075,-1.86784],[104.536,-1.88154],[104.53424,-1.8848],[104.53298,-1.88453],[104.53316,-1.88914],[104.52884,-1.89853]],[[104.52686,-1.90339],[104.52668,-1.90418]],[[104.5264,-1.90692],[104.52452,-1.91078]],[[104.52438,-1.91099],[104.52425,-1.91122]],[[104.52412,-1.91153],[104.52398,-1.9118]],[[104.52374,-1.91235],[104.52371,-1.9124]],[[104.52371,-1.91447],[104.52709,-1.91148]],[[104.4726,-1.8704],[104.47399,-1.8666],[104.4718,-1.8646],[104.46798,-1.86524]],[[104.47427,-1.8875],[104.47748,-1.8856],[104.47947,-1.87664],[104.47639,-1.87036],[104.47328,-1.87094]],[[104.46572,-1.91373],[104.46546,-1.91396]],[[104.46545,-1.91398],[104.46525,-1.91423]],[[104.46383,-1.91613],[104.46383,-1.91611]],[[104.46392,-1.91559],[104.4641,-1.9152]],[[104.46412,-1.91504],[104.46522,-1.90989]],[[104.46518,-1.90938],[104.46366,-1.90758],[104.46491,-1.90663]],[[104.47435,-1.90432],[104.47875,-1.89266],[104.47785,-1.88967],[104.47449,-1.88787]],[[104.47591,-1.90677],[104.47599,-1.90623],[104.47638,-1.90561],[104.47579,-1.90568],[104.47591,-1.90677]],[[104.47356,-1.91138],[104.47343,-1.91098]],[[104.47274,-1.91125],[104.47356,-1.91138]],[[104.52714,-1.91167],[104.52398,-1.91508]],[[104.52226,-1.91805],[104.52096,-1.92185]],[[104.52089,-1.92212],[104.52074,-1.92241]],[[104.52069,-1.92293],[104.52218,-1.92551]],[[104.49806,-1.94776],[104.4962,-1.94206],[104.4967,-1.93229],[104.49393,-1.92442],[104.48728,-1.91492],[104.48271,-1.9125]],[[104.47543,-1.91316],[104.4754,-1.91315]],[[104.47516,-1.91304],[104.47111,-1.91357]],[[104.47111,-1.91349],[104.47111,-1.91279]],[[104.47043,-1.9145],[104.47038,-1.91477]],[[104.52169,-1.92653],[104.51333,-1.92514],[104.51203,-1.92741],[104.5067,-1.92985],[104.50504,-1.93473],[104.50112,-1.93935],[104.50066,-1.94722]],[[104.49682,-1.94667],[104.49713,-1.94707]],[[104.50037,-1.9473],[104.4989,-1.94776]],[[104.61177,-1.98626],[104.61474,-1.98729],[104.61691,-1.98416],[104.61684,-1.97385],[104.61558,-1.97235]],[[104.61245,-1.96869],[104.61245,-1.96867]],[[104.61251,-1.96855],[104.61272,-1.96845]],[[104.61083,-1.96547],[104.60908,-1.96408],[104.60719,-1.96508]],[[104.65373,-1.96448],[104.63578,-1.97335],[104.62973,-1.97982],[104.63119,-1.98316]],[[104.63065,-1.98426],[104.62836,-1.98351]],[[104.62824,-1.98375],[104.62474,-1.99203],[104.61743,-2.00064],[104.61257,-2.00515],[104.60596,-2.00785]],[[104.6056,-2.0079],[104.60354,-2.00804]],[[104.6027,-2.00845],[104.60313,-2.01043],[104.59795,-2.00777],[104.60219,-2.00629]],[[104.60212,-2.00573],[104.60215,-2.00153],[104.6057,-2.00008]],[[104.60577,-2.00003],[104.60597,-1.99988]],[[104.60731,-1.99918],[104.60727,-1.99922]],[[104.60708,-1.99922],[104.60704,-1.99893]],[[104.60729,-1.99868],[104.60731,-1.99865]],[[104.60844,-1.99732],[104.60905,-1.99651]],[[104.61105,-1.99325],[104.61293,-1.98986],[104.61096,-1.98757]],[[104.59989,-2.00369],[104.59864,-2.00275]],[[104.59895,-2.00201],[104.60104,-2.0018],[104.59989,-2.00369]]]}},{"id":"229","type":"Feature","properties":{"year":2023,"certainty":"good"},"geometry":{"type":"MultiLineString","coordinates":[[[104.48341,-1.83221],[104.4853,-1.83317],[104.48827,-1.83064],[104.49169,-1.82372],[104.50382,-1.80907]],[[104.47262,-1.85057],[104.47801,-1.8521],[104.48067,-1.85005],[104.48266,-1.84028],[104.48431,-1.83865],[104.48312,-1.83268]],[[104.46722,-1.8635],[104.47238,-1.85846],[104.4733,-1.85276],[104.47189,-1.8514]],[[104.60638,-1.96325],[104.61258,-1.95644],[104.61339,-1.95733],[104.62,-1.95209]],[[104.62007,-1.952],[104.62081,-1.95126]],[[104.62086,-1.95118],[104.62108,-1.95077]],[[104.62116,-1.95064],[104.62365,-1.94252],[104.62883,-1.93748],[104.63525,-1.93502],[104.63983,-1.93713],[104.64203,-1.93585],[104.6432,-1.92283],[104.62447,-1.90249],[104.59096,-1.87084]],[[104.54081,-1.85943],[104.5399,-1.86418],[104.54165,-1.86662],[104.53667,-1.87893]],[[104.53623,-1.88005],[104.53424,-1.8848],[104.53298,-1.88453],[104.53315,-1.88914],[104.52398,-1.91176]],[[104.52372,-1.91235],[104.52371,-1.91235]],[[104.52313,-1.91316],[104.5229,-1.91355]],[[104.52287,-1.9137],[104.5257,-1.9133],[104.52098,-1.9213]],[[104.52067,-1.9232],[104.52203,-1.92551]],[[104.47259,-1.8704],[104.47396,-1.86657],[104.47207,-1.86462],[104.46803,-1.86525]],[[104.47422,-1.88744],[104.47748,-1.8856],[104.47946,-1.87664],[104.47679,-1.87067],[104.47325,-1.87094]],[[104.46478,-1.90783],[104.47341,-1.90375],[104.4765,-1.90053],[104.47869,-1.89157],[104.47449,-1.88796]],[[104.49707,-1.94803],[104.49664,-1.93229],[104.49067,-1.91878],[104.48339,-1.91264],[104.47165,-1.9135]],[[104.47102,-1.9145],[104.47084,-1.91471]],[[104.47043,-1.91477],[104.4703,-1.91488]],[[104.4703,-1.91503],[104.47003,-1.9155]],[[104.46491,-1.91557],[104.46518,-1.91591]],[[104.46559,-1.91613],[104.46396,-1.92008],[104.46529,-1.90948],[104.46424,-1.90809]],[[104.46666,-1.91692],[104.46633,-1.9164]],[[104.4668,-1.91666],[104.46666,-1.91692]],[[104.52169,-1.92649],[104.51333,-1.92516],[104.51198,-1.92744],[104.50669,-1.92985],[104.50508,-1.93473],[104.50112,-1.93935],[104.5007,-1.94722]],[[104.61177,-1.98625],[104.61447,-1.98737],[104.61672,-1.98497],[104.61695,-1.97222],[104.61355,-1.96869],[104.61691,-1.96842],[104.61326,-1.96543],[104.60908,-1.96406],[104.60719,-1.96506]],[[104.65373,-1.96408],[104.63582,-1.97331],[104.6297,-1.97982],[104.63119,-1.98323]],[[104.61677,-1.9695],[104.6169,-1.96915],[104.61663,-1.96884],[104.61661,-1.9695],[104.61677,-1.9695]],[[104.62071,-1.98335],[104.62094,-1.98309],[104.62122,-1.98307],[104.62067,-1.98309],[104.62071,-1.98335]],[[104.63065,-1.98427],[104.62849,-1.98326],[104.62467,-1.99203],[104.6208,-1.99637]],[[104.62067,-1.99651],[104.62053,-1.99667]],[[104.6119,-2.00529],[104.61055,-2.0061]],[[104.60785,-2.00731],[104.60313,-2.00807],[104.60286,-2.01022],[104.6003,-2.00859]],[[104.60111,-2.00604],[104.60115,-2.006]],[[104.60003,-2.00351],[104.59994,-2.00356]],[[104.59954,-2.00356],[104.59856,-2.0041]],[[104.59895,-2.00414],[104.59949,-2.00386]],[[104.59625,-2.0081],[104.59409,-2.00806]],[[104.59409,-2.00796],[104.59382,-2.0074]],[[104.59178,-2.00247],[104.59194,-2.00233]],[[104.59221,-2.00231],[104.59552,-2.00275]],[[104.59598,-2.00273],[104.60151,-2.00176],[104.60232,-2.00339],[104.60705,-1.99895]],[[104.61256,-1.99081],[104.61096,-1.98764]],[[104.62315,-1.98769],[104.62257,-1.98497],[104.62106,-1.98416],[104.62035,-1.98715],[104.62315,-1.98769]],[[104.61676,-1.99094],[104.61703,-1.9909]],[[104.61774,-1.99027],[104.61784,-1.99001]],[[104.61787,-1.98999],[104.6177,-1.98874],[104.61595,-1.99001]],[[104.6168,-1.99393],[104.61732,-1.99379]],[[104.6173,-1.99346],[104.61676,-1.99284]],[[104.61641,-1.99434],[104.61658,-1.99393]],[[104.57184,-1.99848],[104.57469,-1.99908],[104.57427,-2.00133],[104.57535,-1.99929],[104.58034,-2.00058]],[[104.58034,-2.00071],[104.57858,-2.0014],[104.577,-2.00288],[104.57875,-2.00274]],[[104.57764,-2.00513],[104.57107,-2.00152],[104.5713,-2.0]],[[104.58868,-2.00329],[104.5887,-2.00324]],[[104.5887,-2.00313],[104.5883,-2.00213],[104.58983,-2.00247]],[[104.60371,-2.00451],[104.60403,-2.00424],[104.60394,-2.00361],[104.60297,-2.00397],[104.60371,-2.00451]]]}},{"id":"230","type":"Feature","properties":{"year":2024,"certainty":"good"},"geometry":{"type":"MultiLineString","coordinates":[[[104.48345,-1.83214],[104.4853,-1.83315],[104.48827,-1.83067],[104.49195,-1.82345],[104.50382,-1.80907]],[[104.47262,-1.85052],[104.47801,-1.85209],[104.48052,-1.85032],[104.48431,-1.83865],[104.48445,-1.83431],[104.48305,-1.83268]],[[104.46722,-1.86349],[104.47237,-1.85846],[104.47329,-1.85276],[104.47181,-1.85143]],[[104.60638,-1.96324],[104.61258,-1.95646],[104.61339,-1.9574],[104.62081,-1.95126]],[[104.62086,-1.95118],[104.62108,-1.95077]],[[104.62117,-1.95064],[104.62365,-1.94238],[104.62742,-1.93905],[104.62835,-1.93992],[104.62942,-1.93721],[104.63633,-1.93524],[104.63983,-1.93714],[104.64206,-1.93585],[104.64339,-1.925],[104.6428,-1.92202],[104.625,-1.9026]],[[104.62487,-1.90248],[104.62271,-1.90017]],[[104.62135,-1.8988],[104.59035,-1.86999]],[[104.5739,-1.85981],[104.57365,-1.85971]],[[104.56326,-1.85645],[104.56189,-1.8559]],[[104.55259,-1.85309],[104.55097,-1.85365]],[[104.54079,-1.85943],[104.53995,-1.86445],[104.54166,-1.86662],[104.53667,-1.87895]],[[104.53619,-1.88005],[104.53425,-1.8848],[104.53302,-1.88453],[104.53318,-1.88914],[104.52289,-1.91357],[104.52331,-1.91455],[104.52567,-1.9133],[104.52101,-1.92117],[104.52215,-1.92551]],[[104.47259,-1.8704],[104.47396,-1.86657],[104.47207,-1.86462],[104.46803,-1.86526]],[[104.47422,-1.88742],[104.47747,-1.8856],[104.47949,-1.87664],[104.47747,-1.87133],[104.47558,-1.87],[104.47326,-1.87094]],[[104.46262,-1.90755],[104.47233,-1.9044],[104.4765,-1.90053],[104.47868,-1.89157],[104.47449,-1.88798]],[[104.49705,-1.94803],[104.49665,-1.93229],[104.48907,-1.91654],[104.48231,-1.91241],[104.47287,-1.91293],[104.47111,-1.91436]],[[104.47106,-1.9145],[104.47084,-1.91498]],[[104.47082,-1.91505],[104.4703,-1.91645]],[[104.46941,-1.91939],[104.46828,-1.9247],[104.46572,-1.92432]],[[104.46373,-1.91911],[104.4653,-1.90948],[104.46289,-1.90955]],[[104.4734,-1.91138],[104.47341,-1.91105],[104.47286,-1.91111],[104.47314,-1.91149],[104.4734,-1.91138]],[[104.48879,-1.91573],[104.48878,-1.91504],[104.48797,-1.91452],[104.48835,-1.91573],[104.48879,-1.91573]],[[104.46558,-1.9261],[104.46567,-1.92481]],[[104.46572,-1.92464],[104.46594,-1.92631]],[[104.52169,-1.92655],[104.51333,-1.92517],[104.51198,-1.92742],[104.50672,-1.92985],[104.50506,-1.93473],[104.50132,-1.93907],[104.50074,-1.94722]],[[104.61177,-1.9862],[104.61447,-1.9873],[104.61669,-1.98497],[104.61692,-1.9714],[104.61408,-1.96869],[104.61691,-1.96842],[104.60935,-1.96407],[104.60719,-1.96501]],[[104.65373,-1.96415],[104.63587,-1.97331],[104.62971,-1.97982],[104.63119,-1.9832]],[[104.61693,-1.97032],[104.61692,-1.96923],[104.61663,-1.96884],[104.61636,-1.97012],[104.61693,-1.97032]],[[104.63065,-1.98427],[104.62845,-1.98335],[104.62467,-1.99203],[104.61743,-2.00056],[104.61257,-2.00513],[104.60286,-2.00818],[104.60313,-2.01027],[104.59748,-2.00804],[104.59774,-2.00645],[104.59746,-2.00804],[104.59531,-2.00842],[104.5829,-2.0055],[104.58143,-2.00858]],[[104.57184,-1.99839],[104.58884,-2.00218],[104.60151,-2.00166],[104.60718,-1.99876],[104.61271,-1.99063]],[[104.61289,-1.98945],[104.61096,-1.98766]],[[104.5785,-2.00831],[104.57885,-2.00565],[104.57103,-2.00159]]]}},{"id":"231","type":"Feature","properties":{"year":2025,"certainty":"unstable data"},"geometry":{"type":"MultiLineString","coordinates":[[[104.59024,-1.86894],[104.58487,-1.86337],[104.57498,-1.86065]],[[104.56122,-1.85474],[104.55974,-1.85278],[104.55758,-1.85423],[104.55286,-1.85289]],[[104.55178,-1.85324],[104.54705,-1.85536]],[[104.65373,-1.96465],[104.64621,-1.96747]]]}}]}