{"type":"FeatureCollection","features":[{"id":"196","type":"Feature","properties":{"year":1988,"certainty":"insufficient data"},"geometry":{"type":"MultiLineString","coordinates":[[[104.48344,-1.83214],[104.4853,-1.83331],[104.48665,-1.83212],[104.48692,-1.83121],[104.48827,-1.8307],[104.49129,-1.82508],[104.49534,-1.82047],[104.49647,-1.8183],[104.49629,-1.81748],[104.49771,-1.81722],[104.49852,-1.81673],[104.50068,-1.81475],[104.50304,-1.81179],[104.50385,-1.80907]],[[104.47262,-1.85045],[104.47531,-1.85154],[104.47747,-1.85195],[104.4799,-1.85088],[104.48097,-1.8495],[104.48205,-1.84706],[104.48287,-1.83856],[104.48368,-1.83784],[104.48409,-1.83621],[104.48373,-1.83566],[104.48464,-1.83458],[104.4843,-1.83376],[104.483,-1.83268]],[[104.46707,-1.86334],[104.46856,-1.86226],[104.46852,-1.86171],[104.46913,-1.86144],[104.47004,-1.85968]],[[104.47045,-1.85887],[104.47265,-1.85602],[104.47235,-1.85574],[104.4699,-1.85574],[104.47127,-1.85527],[104.47245,-1.85439],[104.47333,-1.85303],[104.47316,-1.85231],[104.47181,-1.85142]],[[104.60935,-1.95996],[104.6107,-1.95859],[104.61231,-1.95769],[104.61258,-1.95665],[104.61312,-1.95728],[104.61366,-1.95716],[104.61609,-1.95509],[104.61879,-1.95362],[104.62023,-1.9524],[104.62148,-1.95051],[104.6223,-1.9469],[104.62447,-1.9425]],[[104.61765,-1.89364],[104.61137,-1.88781],[104.61059,-1.88672],[104.60936,-1.88594],[104.60911,-1.88536],[104.60365,-1.88075],[104.60316,-1.88],[104.60229,-1.87966],[104.60202,-1.87912],[104.6022,-1.87885],[104.60128,-1.87749],[104.59864,-1.87505],[104.5978,-1.87369],[104.59507,-1.87079],[104.59453,-1.87109],[104.59237,-1.86959],[104.59165,-1.87016],[104.59163,-1.87098],[104.59129,-1.87098],[104.58725,-1.86808],[104.58374,-1.86623],[104.58358,-1.86527],[104.58385,-1.865],[104.58347,-1.86435],[104.58293,-1.86439],[104.58186,-1.86371],[104.58051,-1.86431],[104.57889,-1.86435],[104.57376,-1.86238],[104.57282,-1.86169]],[[104.55313,-1.85404],[104.55281,-1.854]],[[104.55259,-1.85395],[104.5507,-1.85407]],[[104.5472,-1.85475],[104.54463,-1.85594],[104.54261,-1.85763]],[[104.54064,-1.8597],[104.54001,-1.86065],[104.53963,-1.86228],[104.54004,-1.86363],[104.53973,-1.86472],[104.54005,-1.86545],[104.54064,-1.86581],[104.54054,-1.86635],[104.54089,-1.86662],[104.5398,-1.87178],[104.53874,-1.87476],[104.5377,-1.87612],[104.53735,-1.87767],[104.5361,-1.87937],[104.53599,-1.88073],[104.53383,-1.88345],[104.53411,-1.88456],[104.5333,-1.88434],[104.53265,-1.88453],[104.53331,-1.88616],[104.53314,-1.88833],[104.53154,-1.89213],[104.52967,-1.89484],[104.52882,-1.8981],[104.5265,-1.9038],[104.52642,-1.90624],[104.52604,-1.9076],[104.52316,-1.91275],[104.52277,-1.91432],[104.52331,-1.91449],[104.52412,-1.91424],[104.52709,-1.91144]],[[104.4749,-1.88725],[104.47692,-1.886],[104.4773,-1.88384]],[[104.47733,-1.88369],[104.47783,-1.88221]],[[104.47814,-1.88118],[104.47816,-1.88112]],[[104.47841,-1.88082],[104.47861,-1.88031]],[[104.47858,-1.88004],[104.47851,-1.87977]],[[104.46262,-1.90739],[104.46451,-1.90666],[104.46963,-1.9057],[104.47314,-1.90389],[104.4763,-1.9008],[104.47762,-1.89741]],[[104.47823,-1.89442],[104.4787,-1.89293],[104.4783,-1.89076],[104.47695,-1.88913],[104.4749,-1.88814]],[[104.46454,-1.92604],[104.46459,-1.92278],[104.4637,-1.91952],[104.46357,-1.91627],[104.46434,-1.91355],[104.46454,-1.91057],[104.46507,-1.90948],[104.46397,-1.90929],[104.46289,-1.90988]],[[104.49705,-1.94803],[104.49617,-1.94097],[104.4962,-1.93853],[104.49693,-1.93392],[104.49687,-1.93229],[104.49636,-1.93039],[104.49415,-1.92523],[104.49396,-1.92415],[104.49254,-1.92224],[104.49211,-1.92089],[104.49067,-1.91874],[104.48861,-1.91682],[104.48815,-1.91546],[104.48689,-1.91409],[104.48474,-1.91284],[104.48285,-1.91214],[104.48209,-1.9122],[104.48204,-1.91193],[104.47745,-1.91256],[104.47691,-1.91314],[104.47583,-1.91348],[104.4753,-1.91345],[104.47476,-1.91284],[104.47314,-1.91279],[104.47287,-1.91234],[104.47243,-1.91247],[104.47223,-1.91274],[104.4726,-1.91301],[104.47206,-1.91316],[104.47102,-1.91464],[104.4698,-1.91817],[104.46835,-1.92631]],[[104.52731,-1.91167],[104.52404,-1.91493],[104.52224,-1.91764],[104.52111,-1.92035],[104.52069,-1.92361],[104.52111,-1.92442],[104.52223,-1.92543]],[[104.52169,-1.92647],[104.51953,-1.92579],[104.51899,-1.92603],[104.51629,-1.92517],[104.5136,-1.92487],[104.51274,-1.92551],[104.51184,-1.92714],[104.50847,-1.9282],[104.50637,-1.92958],[104.50485,-1.93446],[104.50314,-1.93663],[104.50226,-1.9371],[104.50138,-1.93826],[104.50057,-1.94233],[104.50046,-1.94532],[104.50078,-1.94722]],[[104.61177,-1.98612],[104.61366,-1.98698],[104.61447,-1.98693],[104.61565,-1.98606],[104.61645,-1.9847],[104.61693,-1.98226],[104.61659,-1.97629],[104.61698,-1.97357],[104.6142,-1.96927],[104.61171,-1.9676],[104.61075,-1.96652],[104.60989,-1.96532],[104.60963,-1.96407],[104.60908,-1.96388],[104.60854,-1.96422]],[[104.65373,-1.96393],[104.64684,-1.96699],[104.64495,-1.96837],[104.64165,-1.96951],[104.63935,-1.97086],[104.63794,-1.97261],[104.6374,-1.97256],[104.63686,-1.97334],[104.63632,-1.9731],[104.63475,-1.97439]],[[104.632,-1.97709],[104.63007,-1.97901],[104.62948,-1.98036],[104.63032,-1.98226],[104.63119,-1.9831]],[[104.63065,-1.98424],[104.62849,-1.98295],[104.62445,-1.99182],[104.62029,-1.99664],[104.61891,-1.99773],[104.61797,-1.99969],[104.61446,-2.00282],[104.61338,-2.0033],[104.61284,-2.00455],[104.61095,-2.00572],[104.60691,-2.00773],[104.60286,-2.00795],[104.60253,-2.00913],[104.60353,-2.01048]],[[104.57184,-1.99857],[104.58857,-2.00212],[104.59801,-2.00209],[104.60286,-2.0013],[104.60529,-2.00017],[104.60664,-1.99909],[104.61007,-1.99474],[104.61175,-1.99094],[104.61171,-1.9904],[104.61231,-1.99013],[104.6126,-1.98959],[104.61204,-1.98837],[104.61091,-1.98769]],[[104.57851,-2.00831],[104.57885,-2.00583],[104.57562,-2.00451],[104.57346,-2.00277],[104.57103,-2.00146]],[[104.60328,-2.01075],[104.60151,-2.00919],[104.59935,-2.00828],[104.59639,-2.00818],[104.59531,-2.00858],[104.5945,-2.00816],[104.59113,-2.00805]],[[104.58573,-2.00642],[104.58344,-2.00556],[104.58209,-2.00571],[104.5814,-2.00858]]]}},{"id":"197","type":"Feature","properties":{"year":1989,"certainty":"insufficient data"},"geometry":{"type":"MultiLineString","coordinates":[[[104.60638,-1.96317],[104.60776,-1.96244],[104.60922,-1.96],[104.6107,-1.95843],[104.61231,-1.95757],[104.61258,-1.95664],[104.61312,-1.95723],[104.61366,-1.95712],[104.61596,-1.95521]],[[104.60303,-1.87976],[104.60181,-1.87854],[104.60138,-1.87749],[104.59897,-1.87532],[104.59777,-1.87357],[104.59588,-1.87171],[104.59453,-1.87163],[104.59372,-1.87086],[104.59264,-1.87059],[104.59249,-1.86989],[104.59143,-1.86934]],[[104.58442,-1.86643],[104.58429,-1.8665]],[[104.58415,-1.8665],[104.5838,-1.86636],[104.58374,-1.86551],[104.58321,-1.86527],[104.58311,-1.86473],[104.58347,-1.86471],[104.58347,-1.86428],[104.58293,-1.86449],[104.58239,-1.86352],[104.58186,-1.86342],[104.58105,-1.86378],[104.58095,-1.86324]],[[104.52947,-1.89606],[104.52938,-1.89645]],[[104.52933,-1.89661],[104.52657,-1.90366]],[[104.46262,-1.90746],[104.46451,-1.90669],[104.46818,-1.90609]],[[104.46459,-1.924],[104.46369,-1.91977],[104.46354,-1.91654],[104.46508,-1.90948],[104.46397,-1.90932],[104.46289,-1.90987]],[[104.52074,-1.92383],[104.52223,-1.92544]],[[104.49704,-1.94803],[104.49657,-1.94586],[104.4962,-1.94111]],[[104.4969,-1.93351],[104.4963,-1.93039],[104.49405,-1.92523],[104.4939,-1.92415],[104.49237,-1.92224],[104.49217,-1.92116],[104.49085,-1.91899],[104.48851,-1.91682],[104.48838,-1.916],[104.48743,-1.91463],[104.48581,-1.91344],[104.48285,-1.91224],[104.48042,-1.91203],[104.47961,-1.91246],[104.47826,-1.91242],[104.47583,-1.91358],[104.4753,-1.91349],[104.47476,-1.91287],[104.47327,-1.91281]],[[104.47125,-1.91423],[104.46981,-1.91817],[104.46863,-1.924]],[[104.52169,-1.92651],[104.5198,-1.92587],[104.51899,-1.92605],[104.51656,-1.92524],[104.51548,-1.9253],[104.51386,-1.92489],[104.51306,-1.92513],[104.51192,-1.92714],[104.51022,-1.92774]],[[104.50989,-1.92781],[104.50847,-1.92828],[104.50645,-1.92958],[104.5057,-1.93148],[104.50537,-1.93369]],[[104.50064,-1.94192],[104.50045,-1.94532],[104.50078,-1.94722]],[[104.65373,-1.96354],[104.65281,-1.96435],[104.65224,-1.96431],[104.65117,-1.96517],[104.64711,-1.96676],[104.6459,-1.9676]],[[104.64571,-1.96775],[104.64495,-1.96837],[104.64158,-1.96957]],[[104.64146,-1.96964],[104.64131,-1.96973]],[[104.63645,-1.97318],[104.63644,-1.97317]],[[104.63622,-1.97317],[104.63054,-1.9786]],[[104.63052,-1.97863],[104.63032,-1.97887]],[[104.63008,-1.98186],[104.63119,-1.98313]],[[104.61189,-1.98619],[104.61393,-1.98704],[104.61528,-1.98644],[104.61656,-1.98443],[104.61707,-1.98185]],[[104.61083,-1.96652],[104.60935,-1.96396],[104.60719,-1.96504]],[[104.63065,-1.98428],[104.62849,-1.983],[104.62445,-1.99199],[104.62107,-1.99564]],[[104.61999,-1.9969],[104.61974,-1.99705]],[[104.61847,-1.99868],[104.61837,-1.99889]],[[104.61832,-1.99895],[104.61725,-2.00044],[104.61635,-2.00089],[104.61446,-2.00289],[104.61338,-2.0033],[104.61284,-2.00455],[104.61109,-2.00565]],[[104.6065,-2.00769],[104.60284,-2.00804],[104.60251,-2.00913],[104.6035,-2.01048]],[[104.57548,-1.99932],[104.58007,-2.00038]],[[104.59733,-2.00203],[104.60273,-2.00135]],[[104.60327,-2.00117],[104.6034,-2.00112]],[[104.60651,-1.99922],[104.6091,-1.99623]],[[104.6092,-1.99609],[104.60929,-1.99596]],[[104.61082,-1.99317],[104.61266,-1.98959],[104.61204,-1.9884],[104.61109,-1.98784]],[[104.57846,-2.0083],[104.57885,-2.00585],[104.57589,-2.00468],[104.57282,-2.00247]],[[104.60328,-2.01075],[104.60124,-2.0091],[104.59989,-2.0088],[104.59935,-2.00835],[104.59652,-2.00831]],[[104.58276,-2.00559],[104.58201,-2.00586],[104.58144,-2.00858]]]}},{"id":"198","type":"Feature","properties":{"year":1990,"certainty":"good"},"geometry":{"type":"MultiLineString","coordinates":[[[104.48345,-1.83214],[104.4853,-1.83332],[104.48711,-1.83132],[104.4883,-1.83078],[104.49126,-1.82535],[104.49532,-1.82047],[104.49678,-1.81775],[104.4996,-1.81595],[104.50261,-1.8126],[104.50399,-1.80907]],[[104.47262,-1.85045],[104.47612,-1.85176],[104.47747,-1.85194],[104.4799,-1.85119],[104.48098,-1.85005],[104.48207,-1.84733],[104.48285,-1.83973],[104.4837,-1.83811],[104.48411,-1.83539],[104.48462,-1.83458],[104.48446,-1.83404],[104.48295,-1.83268]],[[104.46709,-1.86334],[104.46731,-1.86321]],[[104.46951,-1.86076],[104.47009,-1.86036],[104.46991,-1.86009],[104.47018,-1.85954],[104.47266,-1.85602],[104.47043,-1.85574],[104.47154,-1.85516],[104.47209,-1.8552],[104.47216,-1.85466],[104.47327,-1.8533],[104.47319,-1.85249],[104.47181,-1.85146]],[[104.61596,-1.95521],[104.61933,-1.95331],[104.6206,-1.95186],[104.62149,-1.9504],[104.62222,-1.94752],[104.62365,-1.94384],[104.62684,-1.93911],[104.62796,-1.93907],[104.62985,-1.93729],[104.63093,-1.93711],[104.63228,-1.9363],[104.63309,-1.93644],[104.6339,-1.93614],[104.6339,-1.93573],[104.63525,-1.93513],[104.6366,-1.93504],[104.63714,-1.93472],[104.63727,-1.93504],[104.63849,-1.93534],[104.63914,-1.93612],[104.6401,-1.9365],[104.64118,-1.93616],[104.64182,-1.93558],[104.64279,-1.93395],[104.64358,-1.93097],[104.64379,-1.92825],[104.64471,-1.92473],[104.64447,-1.92201],[104.64369,-1.91984],[104.642,-1.91741],[104.63264,-1.90871],[104.63013,-1.90567],[104.61101,-1.88699],[104.61098,-1.88647],[104.61021,-1.88564],[104.60918,-1.88536],[104.60909,-1.88474],[104.60694,-1.88268],[104.60667,-1.88284],[104.60536,-1.88183],[104.60533,-1.88102],[104.60505,-1.88151],[104.60421,-1.88102],[104.60298,-1.87966],[104.60343,-1.87952],[104.60478,-1.88078],[104.60499,-1.88048],[104.60478,-1.88021],[104.60262,-1.87846],[104.60262,-1.87931],[104.60165,-1.87831],[104.60138,-1.87749],[104.59588,-1.87195],[104.59453,-1.87173],[104.59372,-1.87096],[104.59291,-1.87083],[104.59199,-1.86962],[104.59071,-1.86908],[104.58973,-1.86772],[104.58887,-1.86713],[104.58833,-1.8675],[104.58779,-1.8672],[104.58702,-1.86609],[104.58644,-1.86643],[104.58482,-1.86537],[104.58439,-1.86636],[104.58401,-1.86641],[104.58378,-1.86555],[104.58321,-1.86527],[104.58293,-1.86464],[104.58218,-1.86446],[104.58239,-1.86403],[104.58269,-1.86419],[104.58213,-1.86353],[104.58105,-1.86378],[104.58075,-1.86283],[104.57494,-1.86093],[104.57496,-1.86066],[104.57457,-1.86071],[104.57242,-1.85949],[104.56999,-1.85918],[104.56621,-1.85767],[104.56486,-1.85794],[104.56457,-1.85767],[104.56466,-1.85686],[104.56352,-1.85636],[104.56341,-1.85604],[104.56136,-1.85548],[104.56055,-1.85622],[104.56028,-1.85509],[104.5565,-1.85382],[104.55532,-1.85414],[104.55461,-1.85479],[104.55381,-1.85424],[104.55165,-1.85373],[104.54895,-1.85386],[104.54506,-1.85549],[104.54312,-1.85685],[104.54113,-1.85892],[104.5402,-1.86038],[104.53968,-1.86201],[104.53998,-1.86363],[104.53972,-1.86472],[104.54085,-1.86662],[104.53982,-1.87178],[104.5388,-1.87476],[104.53617,-1.87937],[104.53573,-1.88127],[104.53393,-1.88345],[104.53411,-1.88464],[104.53303,-1.88436],[104.53268,-1.88453],[104.53339,-1.88616],[104.5332,-1.88792]],[[104.53073,-1.89376],[104.53042,-1.89417]],[[104.53019,-1.89441],[104.52997,-1.89471]],[[104.52965,-1.89514],[104.52962,-1.89525]],[[104.52799,-1.90014],[104.52653,-1.9038],[104.52645,-1.90583]],[[104.52587,-1.90809],[104.52264,-1.91384],[104.52277,-1.9143],[104.52331,-1.91449],[104.52412,-1.91422],[104.52709,-1.91142]],[[104.47249,-1.8704],[104.47343,-1.86904],[104.47345,-1.8685],[104.4726,-1.86931],[104.47226,-1.86823],[104.47095,-1.8666],[104.46995,-1.86606],[104.47018,-1.86521],[104.46803,-1.86556]],[[104.47422,-1.88743],[104.47557,-1.88701],[104.47708,-1.88587],[104.47863,-1.88017],[104.47781,-1.87393],[104.47676,-1.87149],[104.47531,-1.87036],[104.47342,-1.87123]],[[104.46262,-1.90746],[104.46451,-1.90668],[104.46828,-1.90609],[104.47051,-1.90528]],[[104.47651,-1.90043],[104.47668,-1.90012]],[[104.47678,-1.89991],[104.47692,-1.89958]],[[104.47705,-1.89929],[104.47712,-1.89904]],[[104.47732,-1.89859],[104.47817,-1.89456],[104.47879,-1.8932],[104.47857,-1.8913],[104.47719,-1.88933],[104.4753,-1.88819],[104.47449,-1.88814]],[[104.46455,-1.92604],[104.46463,-1.92346]],[[104.4646,-1.92291],[104.46448,-1.92237]],[[104.4644,-1.9221],[104.46437,-1.92202]],[[104.46416,-1.92156],[104.46413,-1.92129]],[[104.46369,-1.91939],[104.46364,-1.91884]],[[104.46459,-1.91233],[104.46509,-1.90948],[104.4637,-1.90938],[104.46289,-1.90984]],[[104.52729,-1.91167],[104.52407,-1.91493],[104.52167,-1.919],[104.52096,-1.92117],[104.52069,-1.92361],[104.52223,-1.92542]],[[104.49617,-1.94029],[104.49616,-1.93948]],[[104.49619,-1.93924],[104.4962,-1.93894]],[[104.49636,-1.93758],[104.49649,-1.93677]],[[104.49551,-1.92862],[104.49539,-1.92836]],[[104.49385,-1.92428],[104.49377,-1.9241]],[[104.49357,-1.92374],[104.4935,-1.92365]],[[104.49323,-1.9232],[104.49323,-1.92319]],[[104.4928,-1.92265],[104.49269,-1.92251]],[[104.48163,-1.91223],[104.48109,-1.9121]],[[104.48029,-1.91212],[104.48002,-1.91231]],[[104.4757,-1.91351],[104.4753,-1.91348],[104.47476,-1.91287],[104.47292,-1.91274],[104.47287,-1.91226],[104.47233,-1.9125],[104.47229,-1.91301],[104.47116,-1.91437],[104.46968,-1.91871],[104.46831,-1.92631]],[[104.52041,-1.92619],[104.5202,-1.92607]],[[104.5198,-1.92592],[104.51947,-1.92592]],[[104.5167,-1.92535],[104.51386,-1.92488],[104.51306,-1.92514],[104.51171,-1.92732],[104.5086,-1.92822],[104.50645,-1.92958],[104.50571,-1.93148],[104.50534,-1.93392],[104.50363,-1.93595]],[[104.50348,-1.93608],[104.50337,-1.93623]],[[104.65373,-1.96334],[104.65143,-1.96442],[104.65048,-1.96525]],[[104.6459,-1.9675],[104.64556,-1.96775]],[[104.6432,-1.96882],[104.64315,-1.96883]],[[104.64158,-1.96955],[104.64141,-1.96964]],[[104.64131,-1.96971],[104.63898,-1.97114],[104.63816,-1.97249],[104.63733,-1.97263]],[[104.63107,-1.97806],[104.63106,-1.97807]],[[104.63055,-1.9786],[104.63052,-1.97864]],[[104.63032,-1.97887],[104.62957,-1.98036],[104.62971,-1.98102]],[[104.6171,-1.98077],[104.61687,-1.97697]],[[104.61489,-1.96991],[104.6138,-1.96867]],[[104.62229,-1.99461],[104.61999,-1.99692]],[[104.61976,-1.99705],[104.61887,-1.99787]],[[104.57184,-1.99856],[104.57548,-1.99932]],[[104.58411,-2.00123],[104.58843,-2.00213]],[[104.57282,-2.00247],[104.57103,-2.00162]],[[104.59787,-2.00822],[104.59585,-2.00832],[104.59531,-2.00867],[104.59396,-2.00817],[104.58964,-2.00806],[104.58835,-2.00763]]]}},{"id":"199","type":"Feature","properties":{"year":1991,"certainty":"good"},"geometry":{"type":"MultiLineString","coordinates":[[[104.4835,-1.83214],[104.4853,-1.83333],[104.48719,-1.8313],[104.48839,-1.83078],[104.48977,-1.82779],[104.49182,-1.82454],[104.49532,-1.82047],[104.49708,-1.81775],[104.50028,-1.81531],[104.50261,-1.8126],[104.50397,-1.80907]],[[104.47262,-1.85041],[104.47558,-1.85157],[104.47747,-1.8519],[104.4799,-1.85123],[104.48071,-1.85047],[104.48207,-1.84733],[104.4829,-1.83973],[104.48378,-1.83811],[104.48415,-1.83566],[104.48465,-1.83458],[104.48445,-1.83404],[104.48296,-1.83268]],[[104.46843,-1.86234],[104.46857,-1.86178],[104.47051,-1.86009],[104.47041,-1.85954],[104.471,-1.85923],[104.471,-1.85873],[104.47268,-1.85602],[104.47065,-1.85574],[104.47289,-1.85493],[104.47257,-1.85466],[104.47316,-1.85375],[104.47328,-1.85276],[104.47181,-1.85143]],[[104.61596,-1.95523],[104.61933,-1.95338],[104.6206,-1.95186],[104.62162,-1.94996],[104.62226,-1.94698],[104.62348,-1.94399],[104.62634,-1.93992],[104.62662,-1.93905],[104.62769,-1.939],[104.62985,-1.9372],[104.63093,-1.93709],[104.63228,-1.93613],[104.6331,-1.93612],[104.63525,-1.93502],[104.63714,-1.93473],[104.6397,-1.9364]],[[104.64273,-1.93409],[104.64354,-1.92893]],[[104.64375,-1.9281],[104.64384,-1.92785]],[[104.64443,-1.92215],[104.64368,-1.92011],[104.6422,-1.91794],[104.63201,-1.90844],[104.62997,-1.90572],[104.62217,-1.89785],[104.62037,-1.89677],[104.61718,-1.89308],[104.61557,-1.89147],[104.61449,-1.89108],[104.61465,-1.89079],[104.61422,-1.89015],[104.61268,-1.88862],[104.61179,-1.88821],[104.60907,-1.88591],[104.60818,-1.88455],[104.60775,-1.88461],[104.60694,-1.88402],[104.60667,-1.8834],[104.60477,-1.88211],[104.60505,-1.88183],[104.60397,-1.88132],[104.6037,-1.88067],[104.60235,-1.88044],[104.5991,-1.87776],[104.59889,-1.87695],[104.59912,-1.87668],[104.59831,-1.87564],[104.59786,-1.87586],[104.5975,-1.87545]],[[104.5975,-1.87545],[104.59765,-1.87586],[104.59723,-1.87629],[104.59664,-1.87573]],[[104.59655,-1.87564],[104.59631,-1.87545]],[[104.59089,-1.87124],[104.58887,-1.87006],[104.58814,-1.86935],[104.58833,-1.86907],[104.58563,-1.86806],[104.58374,-1.86692],[104.5832,-1.86731],[104.58177,-1.86663],[104.58212,-1.86631],[104.58266,-1.86677],[104.58286,-1.86636],[104.5797,-1.86407],[104.57781,-1.86385],[104.57215,-1.86153],[104.57107,-1.86057],[104.56675,-1.85974],[104.56567,-1.85915],[104.56405,-1.85884],[104.56349,-1.85848],[104.5634,-1.85794],[104.56378,-1.85601],[104.56217,-1.85561],[104.56136,-1.85618],[104.56055,-1.85621],[104.56056,-1.85468],[104.56028,-1.85483],[104.55974,-1.85425],[104.55893,-1.85466],[104.55785,-1.85438],[104.55731,-1.85522],[104.55677,-1.85533],[104.55664,-1.85495],[104.5573,-1.85441],[104.55623,-1.85377],[104.55515,-1.85404],[104.55488,-1.85384],[104.55461,-1.85425],[104.55381,-1.8539],[104.54949,-1.85374],[104.54512,-1.85549],[104.54277,-1.85712],[104.54084,-1.85929],[104.53976,-1.86173],[104.54004,-1.86363],[104.53971,-1.86418],[104.53982,-1.86499],[104.54093,-1.86608],[104.54054,-1.86906],[104.53875,-1.87503],[104.53776,-1.87639],[104.53735,-1.8779],[104.53621,-1.87937],[104.53565,-1.88155],[104.53399,-1.88345],[104.53414,-1.8848],[104.53275,-1.88453],[104.53346,-1.88643],[104.53313,-1.8886],[104.53126,-1.89294],[104.52969,-1.89511],[104.52881,-1.89837],[104.52652,-1.90407],[104.52614,-1.9076],[104.52265,-1.91411],[104.52304,-1.91443],[104.52385,-1.91433],[104.52493,-1.91362],[104.52655,-1.91186],[104.52698,-1.91194],[104.52409,-1.91493],[104.52223,-1.91782],[104.52097,-1.92117],[104.52069,-1.92361],[104.52088,-1.92402]],[[104.52101,-1.9242],[104.52107,-1.92429]],[[104.47251,-1.8704],[104.47367,-1.8685],[104.47342,-1.86827],[104.47288,-1.86875],[104.47234,-1.86866],[104.47245,-1.86823],[104.47149,-1.86741],[104.47219,-1.8666],[104.47208,-1.86633],[104.47099,-1.86649],[104.47064,-1.86592]],[[104.47422,-1.88749],[104.47584,-1.88688],[104.47727,-1.8856],[104.47873,-1.88017],[104.47825,-1.87529],[104.47764,-1.87284],[104.47703,-1.87203],[104.47722,-1.87176],[104.47558,-1.87031],[104.47342,-1.87096]],[[104.46262,-1.90745],[104.46417,-1.90677],[104.46721,-1.90634],[104.47044,-1.90537],[104.47356,-1.90351],[104.47649,-1.90053],[104.47773,-1.89743],[104.47809,-1.89483],[104.47881,-1.8932],[104.4787,-1.89184],[104.47827,-1.89049],[104.47763,-1.88967],[104.4753,-1.88808],[104.47449,-1.88809]],[[104.46455,-1.92604],[104.46462,-1.92332],[104.46368,-1.91884]],[[104.46464,-1.91233],[104.46505,-1.90938],[104.4637,-1.90931],[104.46289,-1.90979]],[[104.49683,-1.94803],[104.4961,-1.94016],[104.49689,-1.93365],[104.49636,-1.93066],[104.4939,-1.92443],[104.49236,-1.92224],[104.49179,-1.92062],[104.4908,-1.91899],[104.48845,-1.91682],[104.48804,-1.91546],[104.48689,-1.91426],[104.48581,-1.91347],[104.48285,-1.91229],[104.48069,-1.91208],[104.47961,-1.91255],[104.47826,-1.91242],[104.47583,-1.91362],[104.4753,-1.9135],[104.47476,-1.91289],[104.47287,-1.91277],[104.47287,-1.91218],[104.47233,-1.91247],[104.47031,-1.91627],[104.46874,-1.92278],[104.46829,-1.92631]],[[104.51901,-1.92619],[104.51891,-1.92619]],[[104.51859,-1.92606],[104.51629,-1.92522],[104.51548,-1.92536],[104.5136,-1.92494],[104.51279,-1.92552],[104.51204,-1.92714],[104.5113,-1.92755]],[[104.50672,-1.92942],[104.50668,-1.92944]],[[104.50645,-1.92968],[104.50631,-1.92998]],[[104.50618,-1.9303],[104.50618,-1.93054]],[[104.50618,-1.93079],[104.50573,-1.93148],[104.50563,-1.9331],[104.50509,-1.93446],[104.50287,-1.9369],[104.50224,-1.93718],[104.50133,-1.9388],[104.50061,-1.94233],[104.50083,-1.94722]],[[104.65373,-1.96384],[104.65081,-1.9653]],[[104.6459,-1.9676],[104.6457,-1.96775]],[[104.64158,-1.96957],[104.64143,-1.96964]],[[104.64131,-1.96972],[104.63902,-1.97108],[104.63794,-1.9727],[104.63735,-1.97263]],[[104.63457,-1.97463],[104.62999,-1.97928],[104.62957,-1.98036],[104.62969,-1.98104]],[[104.617,-1.98077],[104.61676,-1.97716]],[[104.61463,-1.96991],[104.61353,-1.96901]],[[104.60977,-1.96502],[104.60952,-1.96407],[104.60921,-1.96396]],[[104.62228,-1.99461],[104.61889,-1.99787]],[[104.57198,-1.99853],[104.57548,-1.99929]],[[104.58277,-2.00095],[104.58332,-2.00111]],[[104.58384,-2.00123],[104.58441,-2.00139]],[[104.58465,-2.00144],[104.5887,-2.00227]],[[104.60906,-1.99623],[104.6092,-1.99604]],[[104.5728,-2.00247],[104.57198,-2.002]],[[104.59787,-2.00829],[104.59585,-2.00836],[104.59531,-2.00868],[104.59369,-2.00812],[104.58964,-2.0081],[104.58838,-2.00763]]]}},{"id":"200","type":"Feature","properties":{"year":1992,"certainty":"good"},"geometry":{"type":"MultiLineString","coordinates":[[[104.48353,-1.83214],[104.48503,-1.8332],[104.48557,-1.83325],[104.48746,-1.83127],[104.48868,-1.83078],[104.48977,-1.82779],[104.49204,-1.82424],[104.49582,-1.81999],[104.4969,-1.81817],[104.50073,-1.81504],[104.5023,-1.81318],[104.50338,-1.81144],[104.50407,-1.80907]],[[104.47262,-1.85039],[104.47612,-1.85175],[104.47774,-1.85192],[104.4802,-1.85113],[104.48119,-1.85005],[104.48214,-1.84733],[104.48297,-1.84055],[104.48368,-1.83905],[104.48471,-1.83431],[104.48303,-1.83268]],[[104.46704,-1.86334],[104.4683,-1.86251],[104.46942,-1.8609],[104.47011,-1.86063],[104.46984,-1.86009],[104.47019,-1.85938],[104.47046,-1.85992],[104.47214,-1.85873],[104.47202,-1.85737],[104.47275,-1.85602],[104.47181,-1.85556],[104.47154,-1.85575],[104.47072,-1.85574],[104.47306,-1.85493],[104.47331,-1.85276],[104.47312,-1.85222],[104.47181,-1.85141]],[[104.60638,-1.96325],[104.6079,-1.96244],[104.60935,-1.95985],[104.61085,-1.95837],[104.61231,-1.95776],[104.61258,-1.95682],[104.61312,-1.95731],[104.61366,-1.95728],[104.6169,-1.95469],[104.61933,-1.9534],[104.6203,-1.9524],[104.62189,-1.94969],[104.62338,-1.94422],[104.62634,-1.93992],[104.62662,-1.93905],[104.62769,-1.939],[104.62985,-1.9372],[104.63093,-1.93715],[104.63228,-1.93606],[104.63309,-1.93612],[104.63525,-1.93503],[104.63741,-1.93526],[104.63795,-1.93502],[104.63983,-1.93644],[104.64064,-1.93631],[104.64177,-1.93558],[104.64271,-1.93423],[104.64335,-1.93097],[104.64334,-1.93061],[104.643,-1.92988],[104.64342,-1.92988],[104.64364,-1.92839]],[[104.64447,-1.92215],[104.64359,-1.91984],[104.64213,-1.91767],[104.63121,-1.90709],[104.62905,-1.90473],[104.62905,-1.90414],[104.62837,-1.90328],[104.6277,-1.90348],[104.62719,-1.90274],[104.62598,-1.90192],[104.62541,-1.90084],[104.62421,-1.90002],[104.6247,-1.89948],[104.62453,-1.89921],[104.62333,-1.89894],[104.62285,-1.89785],[104.62224,-1.89758],[104.62233,-1.89731],[104.61356,-1.88916],[104.61287,-1.88801],[104.6126,-1.88849],[104.61206,-1.88863],[104.61098,-1.8873],[104.60872,-1.88564],[104.60814,-1.88482],[104.60693,-1.88401],[104.60667,-1.8834],[104.60575,-1.88292],[104.60478,-1.88151],[104.60289,-1.88044],[104.60181,-1.87905],[104.60154,-1.87933],[104.601,-1.87887],[104.60113,-1.87858],[104.60044,-1.87776],[104.59939,-1.87736],[104.59885,-1.87637],[104.5975,-1.87576],[104.59626,-1.87478],[104.59647,-1.8745],[104.59588,-1.87443],[104.59507,-1.8736],[104.59395,-1.87342],[104.59348,-1.8726],[104.59237,-1.87207],[104.59253,-1.87179],[104.59195,-1.87152],[104.59219,-1.87125],[104.5921,-1.87088],[104.59156,-1.87063],[104.59205,-1.87125],[104.59129,-1.87138],[104.5895,-1.87043],[104.58833,-1.86937],[104.58347,-1.86669],[104.58266,-1.86598],[104.58266,-1.86528],[104.58212,-1.86487],[104.58132,-1.86459],[104.58105,-1.86486],[104.5797,-1.86393],[104.57835,-1.86384],[104.57538,-1.86275],[104.57215,-1.86152],[104.5708,-1.86064],[104.56405,-1.85898],[104.56271,-1.85808],[104.55758,-1.85611],[104.55461,-1.85404],[104.55327,-1.85345],[104.55219,-1.85395],[104.55111,-1.85399],[104.55084,-1.85374],[104.55084,-1.85414],[104.5476,-1.85475],[104.5449,-1.8559],[104.54301,-1.85711],[104.54084,-1.85929],[104.54018,-1.86065],[104.5398,-1.86255],[104.54017,-1.86336],[104.54017,-1.86526],[104.54121,-1.86635],[104.54086,-1.86676]],[[104.54056,-1.86811],[104.53983,-1.87178],[104.53856,-1.87526]],[[104.53332,-1.88548],[104.5332,-1.88833],[104.53124,-1.89294],[104.52969,-1.89511],[104.52899,-1.8981],[104.52803,-1.90014]],[[104.525,-1.90963],[104.52275,-1.91357],[104.52292,-1.91438],[104.52358,-1.91444],[104.52547,-1.9131],[104.5257,-1.9133],[104.52407,-1.91493],[104.52246,-1.91737],[104.52092,-1.9213]],[[104.47251,-1.8704],[104.47354,-1.86904],[104.47396,-1.86766],[104.47288,-1.86821],[104.47249,-1.86796],[104.4725,-1.86633],[104.47126,-1.86579],[104.47113,-1.86497],[104.46803,-1.86539]],[[104.47422,-1.88749],[104.47584,-1.8869],[104.47718,-1.88587],[104.47773,-1.88461],[104.47881,-1.87963],[104.47841,-1.87474],[104.47741,-1.87176],[104.47666,-1.87083],[104.47558,-1.87021],[104.47341,-1.87094]],[[104.46262,-1.90746],[104.46417,-1.90677],[104.46828,-1.9061],[104.47044,-1.90535],[104.47368,-1.90333],[104.47564,-1.90161],[104.47661,-1.90026],[104.47759,-1.89781],[104.47812,-1.89483],[104.47881,-1.8932],[104.47871,-1.89157],[104.47833,-1.89049],[104.47746,-1.88938],[104.47557,-1.88818],[104.47449,-1.8881]],[[104.46464,-1.92419],[104.46464,-1.9241]],[[104.46465,-1.924],[104.46362,-1.91735],[104.46519,-1.90948],[104.4637,-1.90929],[104.46289,-1.90979]],[[104.49699,-1.94803],[104.49648,-1.94559],[104.49612,-1.94016],[104.49695,-1.93392],[104.49633,-1.93042],[104.49393,-1.92415],[104.49186,-1.92034],[104.49032,-1.91817],[104.48851,-1.91664],[104.48834,-1.91573],[104.48743,-1.91454],[104.48528,-1.9131],[104.48285,-1.91216],[104.48069,-1.91199],[104.47961,-1.91244],[104.47826,-1.91233],[104.47583,-1.91341],[104.47449,-1.91275],[104.47309,-1.91274],[104.47314,-1.91201],[104.4726,-1.91226],[104.47042,-1.916],[104.46866,-1.924]],[[104.52101,-1.92622],[104.51953,-1.92592],[104.51899,-1.92608],[104.51629,-1.92517],[104.51548,-1.9253],[104.51386,-1.92491],[104.51306,-1.92516],[104.51198,-1.92709],[104.51119,-1.92754]],[[104.50645,-1.92964],[104.5063,-1.92998]],[[104.50618,-1.93082],[104.50574,-1.93148],[104.5056,-1.93338],[104.50496,-1.93473],[104.50292,-1.9369],[104.50226,-1.93713],[104.5014,-1.93853],[104.50067,-1.94233],[104.50056,-1.94477],[104.50085,-1.94722]],[[104.64276,-1.9307],[104.6428,-1.93037],[104.64333,-1.93097],[104.64291,-1.93124],[104.643,-1.93205],[104.64249,-1.9326]],[[104.65373,-1.96384],[104.65081,-1.9653]],[[104.63861,-1.97152],[104.63821,-1.97272],[104.63733,-1.97263]],[[104.61714,-1.98239],[104.61721,-1.98131]],[[104.61083,-1.96543],[104.60935,-1.96392],[104.60719,-1.96498]],[[104.62256,-1.99434],[104.62242,-1.99449]],[[104.62228,-1.99461],[104.62109,-1.99569]],[[104.60434,-2.008],[104.60286,-2.00803],[104.60218,-2.00858],[104.60219,-2.00922]],[[104.59787,-2.00822],[104.5949,-2.00839]],[[104.60704,-1.99874],[104.60927,-1.99596]],[[104.57727,-2.00518],[104.57575,-2.00456]]]}},{"id":"201","type":"Feature","properties":{"year":1993,"certainty":"good"},"geometry":{"type":"MultiLineString","coordinates":[[[104.48354,-1.83214],[104.48503,-1.8332],[104.48557,-1.83324],[104.48746,-1.83135],[104.4886,-1.83078],[104.48987,-1.82779],[104.49171,-1.82481],[104.49543,-1.82047],[104.49672,-1.8183],[104.50041,-1.81534],[104.50233,-1.81314],[104.50345,-1.81124],[104.50402,-1.80907]],[[104.47262,-1.85038],[104.476,-1.85167],[104.47774,-1.8519],[104.48018,-1.85113],[104.48124,-1.84978],[104.48219,-1.84706],[104.48292,-1.84055],[104.48388,-1.83811],[104.48473,-1.83431],[104.48305,-1.83268]],[[104.46697,-1.86334],[104.46857,-1.86255],[104.46892,-1.86171],[104.47225,-1.85846],[104.47216,-1.8571],[104.47269,-1.85602],[104.47203,-1.85547],[104.47308,-1.85493],[104.47334,-1.85276],[104.47308,-1.85222],[104.47181,-1.85141]],[[104.60638,-1.96324],[104.60777,-1.96244],[104.60931,-1.95973],[104.61097,-1.9582],[104.61231,-1.95752],[104.61258,-1.95657],[104.61312,-1.95726],[104.61366,-1.95713],[104.61617,-1.95512],[104.61933,-1.95331],[104.6202,-1.9524],[104.6216,-1.95023],[104.62257,-1.94657],[104.62392,-1.94345],[104.62601,-1.94101],[104.62662,-1.93935],[104.62769,-1.93901],[104.62966,-1.93748],[104.63093,-1.93712],[104.63228,-1.93605],[104.63309,-1.93612],[104.63525,-1.93503],[104.63822,-1.93531],[104.63983,-1.93642],[104.64145,-1.93585],[104.64253,-1.93463],[104.64376,-1.93205],[104.64388,-1.93081],[104.6442,-1.93097],[104.64396,-1.93015],[104.64458,-1.92961],[104.64439,-1.92825],[104.64468,-1.92717],[104.64436,-1.92663],[104.64475,-1.92608],[104.64452,-1.92554],[104.64474,-1.925],[104.64404,-1.92093],[104.64292,-1.91875],[104.64038,-1.91561],[104.63175,-1.90731],[104.63121,-1.90712],[104.62905,-1.9042],[104.62581,-1.90078],[104.6106,-1.88618],[104.60828,-1.88458],[104.60802,-1.88401],[104.60615,-1.88265],[104.60532,-1.88155],[104.60156,-1.87831],[104.60053,-1.87776],[104.59904,-1.87613],[104.59615,-1.87395],[104.59534,-1.87375],[104.59426,-1.87262],[104.59384,-1.8726],[104.59372,-1.87204],[104.59156,-1.87063],[104.5911,-1.8707],[104.59176,-1.87098],[104.59102,-1.87114],[104.59079,-1.87098],[104.59101,-1.8707],[104.58975,-1.87016],[104.58968,-1.86962],[104.58906,-1.86962],[104.58928,-1.86935],[104.58891,-1.8688],[104.58811,-1.86907],[104.58806,-1.86837],[104.58476,-1.8669],[104.58381,-1.86609],[104.58401,-1.86582],[104.58293,-1.86557],[104.58257,-1.86473],[104.58132,-1.86456],[104.57976,-1.86337],[104.57862,-1.86313],[104.57808,-1.86281],[104.57808,-1.86228],[104.5759,-1.8612],[104.57511,-1.86137],[104.57484,-1.86116],[104.57457,-1.86158],[104.57268,-1.86068],[104.57188,-1.8612],[104.5708,-1.86058],[104.56729,-1.85967],[104.56675,-1.85905],[104.56594,-1.85931],[104.56513,-1.85898],[104.56482,-1.85821],[104.56351,-1.85851],[104.56351,-1.85705],[104.56217,-1.85622],[104.56163,-1.85646],[104.56147,-1.85604],[104.56082,-1.85598],[104.56055,-1.85559],[104.55839,-1.85633],[104.55488,-1.85426],[104.55219,-1.85325],[104.54544,-1.85565],[104.54355,-1.85677],[104.54172,-1.85848],[104.54058,-1.85983],[104.53986,-1.86173],[104.54007,-1.86499],[104.54121,-1.86635],[104.5405,-1.86771],[104.54047,-1.86906],[104.53977,-1.87193],[104.53877,-1.87476],[104.53772,-1.87612],[104.53559,-1.8812]],[[104.53271,-1.88467],[104.53286,-1.88494]],[[104.53335,-1.88711],[104.53229,-1.89077],[104.53122,-1.89294],[104.52967,-1.89511],[104.52898,-1.89799],[104.52823,-1.89919],[104.52653,-1.90353],[104.5264,-1.90651],[104.52601,-1.9078],[104.52371,-1.91221],[104.52263,-1.9133],[104.5226,-1.91411],[104.52304,-1.91451],[104.52433,-1.91411],[104.52547,-1.91311],[104.52566,-1.9133],[104.52406,-1.91493],[104.52228,-1.91764],[104.52091,-1.92117],[104.52076,-1.92388],[104.52223,-1.92545]],[[104.47243,-1.8704],[104.47342,-1.86922],[104.47396,-1.86766],[104.47369,-1.86743],[104.47315,-1.86766],[104.47255,-1.86633],[104.47134,-1.86579],[104.47128,-1.86497],[104.46803,-1.86536]],[[104.47422,-1.88735],[104.47561,-1.88696],[104.47727,-1.8856],[104.47878,-1.88044],[104.47876,-1.87936],[104.47833,-1.8742],[104.47723,-1.87149],[104.47558,-1.8702],[104.47396,-1.87049],[104.4734,-1.87094]],[[104.46262,-1.90746],[104.46505,-1.90646],[104.47017,-1.90546],[104.47341,-1.90363],[104.47638,-1.90068],[104.47778,-1.89754],[104.47798,-1.89537],[104.47884,-1.89293],[104.47874,-1.89157],[104.47746,-1.88938],[104.47557,-1.88817],[104.47449,-1.88811]],[[104.46464,-1.92604],[104.46467,-1.92332],[104.46383,-1.91979],[104.4636,-1.91681],[104.46518,-1.90948],[104.4637,-1.90931],[104.46289,-1.90979]],[[104.49695,-1.94803],[104.49646,-1.94559],[104.49612,-1.94016],[104.49692,-1.93337],[104.49629,-1.93039],[104.49399,-1.92415],[104.49205,-1.92062],[104.49013,-1.91783],[104.4886,-1.91654],[104.48824,-1.91541],[104.48689,-1.91406],[104.48285,-1.91214],[104.48069,-1.91198],[104.47961,-1.91246],[104.47826,-1.91231],[104.47583,-1.9134],[104.47476,-1.91281],[104.47314,-1.91256],[104.47314,-1.91199],[104.47233,-1.91236],[104.47041,-1.916],[104.46897,-1.92197],[104.46832,-1.92631]],[[104.52169,-1.92642],[104.52034,-1.92594],[104.51899,-1.92607],[104.51629,-1.92519],[104.51548,-1.9253],[104.51386,-1.92484],[104.51294,-1.92524],[104.51181,-1.92714],[104.50847,-1.92828],[104.50766,-1.92906],[104.50646,-1.92958],[104.50616,-1.93093],[104.50573,-1.93148],[104.50522,-1.93419],[104.50289,-1.9369],[104.50226,-1.93713],[104.50134,-1.93853],[104.50057,-1.94287],[104.50085,-1.94722]],[[104.61177,-1.98608],[104.6142,-1.98706],[104.61543,-1.98633],[104.6165,-1.9847],[104.61716,-1.98117],[104.61684,-1.98036],[104.61689,-1.97792],[104.61656,-1.97629],[104.61691,-1.97357],[104.61445,-1.9695],[104.61105,-1.96679],[104.61101,-1.9657],[104.60994,-1.96434],[104.60908,-1.96394],[104.60719,-1.96501]],[[104.65373,-1.96399],[104.64657,-1.96702],[104.64495,-1.96839],[104.64204,-1.96924],[104.63929,-1.97076],[104.63846,-1.97168],[104.63821,-1.97257],[104.6374,-1.97251],[104.63686,-1.97325],[104.63632,-1.97302],[104.63524,-1.97384],[104.63108,-1.97792],[104.62984,-1.97954],[104.62976,-1.98118],[104.63134,-1.98308]],[[104.63065,-1.9842],[104.62849,-1.98304],[104.62472,-1.9915],[104.62246,-1.99447],[104.61886,-1.99773],[104.61797,-1.99976],[104.61554,-2.00167],[104.61456,-2.00289],[104.61338,-2.00336],[104.61284,-2.00456],[104.61122,-2.00563],[104.60718,-2.00758],[104.60285,-2.00804],[104.60238,-2.00885],[104.60363,-2.01048]],[[104.57184,-1.99849],[104.58857,-2.00221],[104.59936,-2.00198],[104.60259,-2.00144],[104.60475,-2.00056],[104.60637,-1.99944],[104.60973,-1.99529],[104.61112,-1.99203],[104.61204,-1.99106],[104.61279,-1.98959],[104.61204,-1.98844],[104.61096,-1.98769]],[[104.57853,-2.00831],[104.57879,-2.00586],[104.57616,-2.00482],[104.57265,-2.00227],[104.57103,-2.00164]],[[104.60331,-2.01075],[104.60124,-2.00903],[104.59908,-2.00824],[104.59612,-2.00818],[104.59504,-2.00845],[104.59355,-2.00814]],[[104.59301,-2.00815],[104.59275,-2.00815]],[[104.59167,-2.0081],[104.58856,-2.00776],[104.58479,-2.00589],[104.5829,-2.00546],[104.58236,-2.00562],[104.58179,-2.00641],[104.58142,-2.00858]]]}},{"id":"202","type":"Feature","properties":{"year":1994,"certainty":"good"},"geometry":{"type":"MultiLineString","coordinates":[[[104.48351,-1.83214],[104.48557,-1.83326],[104.48746,-1.83139],[104.4887,-1.83078],[104.48977,-1.82807],[104.49204,-1.82427],[104.4954,-1.82047],[104.49733,-1.81748],[104.49975,-1.81586],[104.50183,-1.81369],[104.50313,-1.81179],[104.50402,-1.80907]],[[104.47262,-1.85042],[104.47531,-1.85153],[104.47774,-1.85194],[104.47979,-1.8514],[104.4811,-1.85005],[104.48216,-1.84733],[104.48292,-1.84082],[104.48401,-1.83811],[104.48472,-1.83431],[104.48305,-1.83268]],[[104.46708,-1.86334],[104.46857,-1.86268],[104.46934,-1.86144],[104.47073,-1.86038],[104.47232,-1.85846],[104.47226,-1.85683],[104.47275,-1.85602],[104.4722,-1.85547],[104.47321,-1.85493],[104.47335,-1.85276],[104.47311,-1.85222],[104.47186,-1.8514]],[[104.60638,-1.96323],[104.60779,-1.96244],[104.60931,-1.95973],[104.61076,-1.95837],[104.61231,-1.95757],[104.61258,-1.9566],[104.61312,-1.95729],[104.61366,-1.95717],[104.6162,-1.95512],[104.61933,-1.95333],[104.62019,-1.9524],[104.62162,-1.95023],[104.62272,-1.94643],[104.6237,-1.94426],[104.62639,-1.94074],[104.62662,-1.93971],[104.62742,-1.93945],[104.62823,-1.94016],[104.62877,-1.93994],[104.62877,-1.93927],[104.62843,-1.93884],[104.62985,-1.93766],[104.63174,-1.93672],[104.63417,-1.93642],[104.63444,-1.93592],[104.63579,-1.93543],[104.63795,-1.93544],[104.63983,-1.93643],[104.64091,-1.93622],[104.64241,-1.93504],[104.64346,-1.93368],[104.64325,-1.93314],[104.64373,-1.93178],[104.6438,-1.92988],[104.64535,-1.92934],[104.64543,-1.92744],[104.64445,-1.92201],[104.64319,-1.91903],[104.64018,-1.91523],[104.63491,-1.91061],[104.62447,-1.89942],[104.6106,-1.88618],[104.6103,-1.88645],[104.61061,-1.88672],[104.61044,-1.88716],[104.60882,-1.88576],[104.60855,-1.88485],[104.60781,-1.88401],[104.60603,-1.88265],[104.60397,-1.88048],[104.60046,-1.87781],[104.59904,-1.87613],[104.59615,-1.87395],[104.59534,-1.87375],[104.59426,-1.87262],[104.59384,-1.8726],[104.59372,-1.87204],[104.5921,-1.87088],[104.58995,-1.87027],[104.58968,-1.86962],[104.58906,-1.86962],[104.58928,-1.86935],[104.58891,-1.8688],[104.58833,-1.8689],[104.58779,-1.86818],[104.58563,-1.86744],[104.58024,-1.8638],[104.57673,-1.86258],[104.57727,-1.86244],[104.57727,-1.86202],[104.57592,-1.86089],[104.57538,-1.86085],[104.57511,-1.86137],[104.57484,-1.86116],[104.57457,-1.86158],[104.57268,-1.86068],[104.57201,-1.8612],[104.57188,-1.86074],[104.57009,-1.86039],[104.56945,-1.85983],[104.56729,-1.85963],[104.56729,-1.85927],[104.56675,-1.85905],[104.56594,-1.85931],[104.56513,-1.85884],[104.56482,-1.85821],[104.56218,-1.85713],[104.56271,-1.85685],[104.5608,-1.85685],[104.56055,-1.85628],[104.55952,-1.85604],[104.55958,-1.8555],[104.5592,-1.85522],[104.55812,-1.85612],[104.55488,-1.85423],[104.55219,-1.85323],[104.54544,-1.85556],[104.54328,-1.85692],[104.54113,-1.85897],[104.53967,-1.86255],[104.53997,-1.86336],[104.5398,-1.86472],[104.54073,-1.86581],[104.54055,-1.86608],[104.54091,-1.86662],[104.54049,-1.86771],[104.54048,-1.86906],[104.53974,-1.87096],[104.53977,-1.87205],[104.53868,-1.87476],[104.53764,-1.87612],[104.5372,-1.87775],[104.53658,-1.87829],[104.53546,-1.88168],[104.53391,-1.88345],[104.53415,-1.88453],[104.53264,-1.88453],[104.53337,-1.88616],[104.53307,-1.8886],[104.53195,-1.89159],[104.52965,-1.89511],[104.52879,-1.89837],[104.52737,-1.90081],[104.52738,-1.90163],[104.52647,-1.90353],[104.5264,-1.90651],[104.52607,-1.9076],[104.52369,-1.91221],[104.52254,-1.91357],[104.52272,-1.91438],[104.52331,-1.91452],[104.5243,-1.91411],[104.52547,-1.91312],[104.52569,-1.9133],[104.52407,-1.91493],[104.52228,-1.91764],[104.521,-1.9209],[104.52076,-1.92388],[104.52223,-1.92543]],[[104.47252,-1.8704],[104.47388,-1.8685],[104.47399,-1.86742],[104.4718,-1.86593],[104.47153,-1.86497],[104.46803,-1.86536]],[[104.47422,-1.88737],[104.47638,-1.88654],[104.47745,-1.88533],[104.47882,-1.88044],[104.47884,-1.87827],[104.47842,-1.8742],[104.47747,-1.87157],[104.47613,-1.8704],[104.47531,-1.87021],[104.47396,-1.87043],[104.47341,-1.87094]],[[104.46262,-1.90747],[104.46505,-1.90646],[104.46936,-1.90572],[104.47233,-1.90442],[104.47616,-1.90107],[104.47787,-1.89727],[104.47791,-1.89564],[104.47884,-1.89293],[104.47874,-1.89157],[104.47805,-1.88994],[104.47746,-1.88937],[104.47557,-1.88818],[104.47449,-1.88812]],[[104.46469,-1.92373],[104.46356,-1.91816],[104.46361,-1.91654],[104.46456,-1.91328],[104.46517,-1.90948],[104.46343,-1.90937],[104.46289,-1.90982]],[[104.497,-1.94803],[104.49632,-1.94477],[104.49604,-1.94097],[104.49696,-1.9331],[104.49614,-1.92985],[104.4939,-1.924],[104.49013,-1.91763],[104.48866,-1.91654],[104.48832,-1.91546],[104.48689,-1.91404],[104.48285,-1.91214],[104.48042,-1.91204],[104.47961,-1.91249],[104.47816,-1.91233]],[[104.47759,-1.91252],[104.47737,-1.91261]],[[104.47543,-1.91331],[104.47476,-1.91282],[104.47314,-1.91258],[104.47314,-1.91181],[104.47225,-1.91247],[104.47225,-1.91301],[104.47134,-1.9141],[104.47041,-1.91627],[104.46865,-1.924]],[[104.52169,-1.92644],[104.52034,-1.92594],[104.51899,-1.92598],[104.51629,-1.92521],[104.51508,-1.92525]],[[104.50806,-1.9287],[104.50645,-1.92958],[104.50574,-1.93148],[104.50525,-1.93419],[104.50289,-1.9369],[104.50226,-1.93713],[104.50131,-1.93853],[104.50059,-1.94233],[104.5008,-1.94722]],[[104.65373,-1.9627],[104.65224,-1.96347],[104.65278,-1.96357],[104.65251,-1.96435],[104.65197,-1.96389],[104.6517,-1.96425],[104.65143,-1.96406],[104.65085,-1.96435],[104.65083,-1.96517],[104.64693,-1.96652],[104.6463,-1.9672],[104.63953,-1.97059],[104.63848,-1.97152],[104.63794,-1.97249],[104.6374,-1.97239],[104.63686,-1.97321],[104.63632,-1.97298],[104.6343,-1.97489]],[[104.63102,-1.97806],[104.62984,-1.97947],[104.62956,-1.98036],[104.63019,-1.98199],[104.6313,-1.98308]],[[104.61177,-1.9861],[104.61285,-1.9867],[104.61447,-1.98701],[104.61555,-1.98627],[104.6165,-1.98497],[104.61718,-1.98199],[104.61671,-1.9752],[104.61687,-1.97357],[104.61522,-1.97005],[104.61258,-1.96745],[104.61177,-1.96719],[104.61158,-1.96652],[104.6111,-1.96624],[104.61122,-1.9657],[104.60996,-1.96434],[104.60908,-1.96395],[104.60719,-1.96504]],[[104.63065,-1.98425],[104.62971,-1.9836]],[[104.62767,-1.98484],[104.62454,-1.99176],[104.62246,-1.99447],[104.62111,-1.99569]],[[104.61885,-1.99787],[104.61797,-1.99974],[104.61554,-2.00167],[104.61473,-2.00276],[104.61333,-2.00343],[104.61284,-2.00455],[104.6123,-2.00497],[104.60691,-2.00767],[104.60282,-2.00804],[104.60243,-2.00885],[104.60358,-2.01048]],[[104.57184,-1.99847],[104.58219,-2.00084]],[[104.59113,-2.00217],[104.6007,-2.0018],[104.60286,-2.00135],[104.6058,-1.9999],[104.60907,-1.99637],[104.61295,-1.98959],[104.61093,-1.98769]],[[104.57848,-2.0083],[104.57876,-2.00586],[104.57589,-2.00468],[104.57265,-2.00222],[104.57103,-2.00164]],[[104.60329,-2.01075],[104.60124,-2.00904],[104.59989,-2.00874],[104.59935,-2.00832],[104.59612,-2.00819],[104.59517,-2.00851]],[[104.59059,-2.00802],[104.58829,-2.00769],[104.58627,-2.0067]],[[104.58159,-2.00763],[104.58152,-2.00817]]]}},{"id":"203","type":"Feature","properties":{"year":1995,"certainty":"good"},"geometry":{"type":"MultiLineString","coordinates":[[[104.48348,-1.83214],[104.4853,-1.83329],[104.48719,-1.83143],[104.48827,-1.83099],[104.48972,-1.82779],[104.49177,-1.82442],[104.49532,-1.82047],[104.49663,-1.81787],[104.50014,-1.81541],[104.50203,-1.81326],[104.50317,-1.81151],[104.50389,-1.80907]],[[104.47262,-1.85053],[104.47504,-1.85153],[104.47774,-1.85195],[104.4799,-1.85124],[104.48067,-1.85032],[104.48211,-1.84706],[104.48291,-1.83946],[104.48386,-1.83784],[104.48428,-1.83621],[104.48418,-1.83539],[104.48463,-1.83458],[104.48458,-1.83404],[104.48304,-1.83268]],[[104.46722,-1.8634],[104.46857,-1.86269],[104.47226,-1.85846],[104.47209,-1.8571],[104.47272,-1.85602],[104.47191,-1.85547],[104.47303,-1.85493],[104.47333,-1.85276],[104.47309,-1.85222],[104.4719,-1.8514]],[[104.60638,-1.96321],[104.60776,-1.96244],[104.60935,-1.95961],[104.61071,-1.95837],[104.61229,-1.95756],[104.61258,-1.95659],[104.61312,-1.95725],[104.61366,-1.9571],[104.61798,-1.95376],[104.61892,-1.95346]],[[104.62023,-1.95227],[104.62027,-1.95221]],[[104.62043,-1.952],[104.62161,-1.94996],[104.6223,-1.9471],[104.62365,-1.94373],[104.62635,-1.94015],[104.62662,-1.93935],[104.62769,-1.93916],[104.62995,-1.93721],[104.63093,-1.93704],[104.63244,-1.93585],[104.63309,-1.93594],[104.63405,-1.93531],[104.63498,-1.93537],[104.63633,-1.93493],[104.63768,-1.93516],[104.63929,-1.93624],[104.6401,-1.93641],[104.64172,-1.93568],[104.64294,-1.93423],[104.64373,-1.93178],[104.6438,-1.92988],[104.64438,-1.92961],[104.64382,-1.9288],[104.64411,-1.92853],[104.64445,-1.92608],[104.64449,-1.92391],[104.64419,-1.92174],[104.64235,-1.91821],[104.63881,-1.91441],[104.63107,-1.90735],[104.6286,-1.90437],[104.62275,-1.89867],[104.62258,-1.89829],[104.62295,-1.89812],[104.62177,-1.89695],[104.62069,-1.89644],[104.62015,-1.89549],[104.61988,-1.89557],[104.61961,-1.89486],[104.61934,-1.89491],[104.61907,-1.89442],[104.6188,-1.89483],[104.61315,-1.88916],[104.60882,-1.88575],[104.60802,-1.88445],[104.60748,-1.88431],[104.60724,-1.88374],[104.60667,-1.88347],[104.6041,-1.88075],[104.60288,-1.88021],[104.60307,-1.87993],[104.60006,-1.87749],[104.59399,-1.87315],[104.58831,-1.86962],[104.5859,-1.86766],[104.58212,-1.86591],[104.58106,-1.86473],[104.57813,-1.8631],[104.57484,-1.8626],[104.56972,-1.86023],[104.56594,-1.85935],[104.56438,-1.85848],[104.56459,-1.8582],[104.56432,-1.85843],[104.56378,-1.85795],[104.56298,-1.85801],[104.56271,-1.85766],[104.56163,-1.85738],[104.56055,-1.85667],[104.56055,-1.8563],[104.55974,-1.85622],[104.5592,-1.85551],[104.55839,-1.85546],[104.55785,-1.85583],[104.55709,-1.85536]],[[104.55475,-1.85415],[104.55273,-1.85322],[104.55057,-1.85324],[104.5449,-1.85573],[104.5432,-1.85685],[104.54047,-1.85983],[104.5397,-1.86173],[104.53973,-1.86296]],[[104.53883,-1.87442],[104.53771,-1.87612],[104.53735,-1.87758],[104.53611,-1.87937],[104.53558,-1.88155],[104.53394,-1.88345],[104.53399,-1.88426],[104.53264,-1.88453],[104.53325,-1.88562],[104.53342,-1.8867],[104.53266,-1.88955]],[[104.53111,-1.89308],[104.531,-1.89319]],[[104.53089,-1.89335],[104.53073,-1.8936]],[[104.53057,-1.89389],[104.53046,-1.89405]],[[104.5304,-1.89417],[104.53019,-1.8944]],[[104.52942,-1.89634],[104.52938,-1.89652]],[[104.52934,-1.89661],[104.52911,-1.89721]],[[104.52809,-1.89986],[104.52733,-1.90081],[104.52731,-1.90163],[104.52645,-1.90353],[104.52644,-1.90475]],[[104.52623,-1.90556],[104.5264,-1.90651],[104.52602,-1.90787],[104.52344,-1.91261]],[[104.52452,-1.91397],[104.52547,-1.91312],[104.52566,-1.9133],[104.52231,-1.91764],[104.52115,-1.92076]],[[104.47252,-1.8704],[104.4739,-1.8685],[104.47411,-1.86769],[104.47315,-1.8673],[104.47099,-1.86483],[104.46965,-1.86467],[104.46938,-1.86504],[104.46803,-1.86495],[104.46803,-1.86524]],[[104.47422,-1.88735],[104.4749,-1.88714]],[[104.475,-1.88709],[104.47517,-1.88704]],[[104.47625,-1.88651],[104.4771,-1.88587],[104.47874,-1.88044],[104.47849,-1.8761],[104.47801,-1.87474],[104.4783,-1.8742],[104.47739,-1.8723],[104.47748,-1.87176],[104.47639,-1.87077],[104.47504,-1.87024],[104.47333,-1.87094]],[[104.46815,-1.90607],[104.46936,-1.90585],[104.47085,-1.90509]],[[104.47624,-1.90094],[104.47624,-1.90093]],[[104.47651,-1.90045],[104.47669,-1.90012]],[[104.47678,-1.89996],[104.47788,-1.89727],[104.4779,-1.89564],[104.47879,-1.89306]],[[104.47463,-1.88808],[104.47449,-1.88811]],[[104.4639,-1.9202],[104.46381,-1.91966]],[[104.46372,-1.91884],[104.46356,-1.91824]],[[104.46356,-1.91802],[104.46358,-1.91749]],[[104.46362,-1.9164],[104.46439,-1.91369]],[[104.497,-1.94803],[104.49632,-1.94477],[104.49604,-1.94097],[104.49683,-1.93297]],[[104.49282,-1.92238],[104.49247,-1.92157]],[[104.48541,-1.91315],[104.4846,-1.91281]],[[104.47337,-1.9126],[104.47311,-1.91247],[104.47368,-1.91135],[104.47222,-1.91247],[104.4722,-1.91301],[104.47155,-1.91355],[104.47078,-1.91505]],[[104.46924,-1.92047],[104.4689,-1.92237]],[[104.51859,-1.9258],[104.51589,-1.92527]],[[104.50806,-1.9287],[104.5064,-1.92958],[104.50613,-1.93093],[104.50567,-1.93148],[104.50525,-1.93419],[104.50131,-1.93826],[104.50041,-1.94369],[104.50076,-1.94722]],[[104.65373,-1.96299],[104.65251,-1.96429],[104.65206,-1.96435],[104.65218,-1.96463],[104.65143,-1.96436],[104.65092,-1.96517],[104.64711,-1.96666],[104.64522,-1.96784],[104.64495,-1.96833],[104.64279,-1.96889],[104.63929,-1.97077],[104.63794,-1.97241],[104.6374,-1.97242],[104.63686,-1.97319],[104.63632,-1.97293],[104.6343,-1.97486]],[[104.63107,-1.97806],[104.62984,-1.97946],[104.62952,-1.98036],[104.63028,-1.98226],[104.63119,-1.98309]],[[104.61177,-1.98608],[104.61285,-1.98667],[104.61447,-1.987],[104.61555,-1.98627],[104.61647,-1.9847],[104.61689,-1.98253],[104.61691,-1.97846],[104.61652,-1.9752],[104.61677,-1.97357],[104.61433,-1.9695],[104.61258,-1.96842],[104.61277,-1.96814],[104.6124,-1.9676],[104.61094,-1.96679],[104.611,-1.96624],[104.61022,-1.96543],[104.60955,-1.96407],[104.60908,-1.96392],[104.60719,-1.96498]],[[104.63065,-1.98414],[104.62849,-1.98305],[104.62457,-1.99176],[104.62269,-1.99415]],[[104.61881,-1.99787],[104.61797,-1.99973],[104.61635,-2.00086],[104.61473,-2.00271],[104.61331,-2.00343],[104.61284,-2.00455],[104.61211,-2.00506],[104.60691,-2.00763],[104.60313,-2.00794],[104.60259,-2.00823],[104.6026,-2.0094],[104.60351,-2.01048]],[[104.57157,-1.99925],[104.57211,-1.99873],[104.57293,-1.9988],[104.57292,-1.9994],[104.57319,-1.99902],[104.57346,-1.99936],[104.574,-1.99905],[104.57508,-1.99904],[104.5825,-2.00092]],[[104.59113,-2.00219],[104.6007,-2.00182],[104.60286,-2.00135],[104.60556,-2.00008],[104.60923,-1.9961],[104.61128,-1.99203],[104.61267,-1.99013],[104.61277,-1.98931],[104.61096,-1.98768]],[[104.58215,-2.00206],[104.58223,-2.00202]],[[104.58223,-2.00187],[104.58215,-2.00206]],[[104.57853,-2.00831],[104.57881,-2.00586],[104.57563,-2.0045],[104.57265,-2.00192],[104.57103,-2.00158]],[[104.60331,-2.01075],[104.60124,-2.009],[104.59989,-2.00877],[104.59908,-2.00822],[104.59612,-2.00821],[104.59531,-2.00855],[104.59423,-2.00818],[104.58937,-2.00797],[104.58668,-2.00682],[104.58537,-2.00586],[104.58357,-2.00559]],[[104.5833,-2.00551],[104.58319,-2.00546]],[[104.58284,-2.00546],[104.58209,-2.00571],[104.58163,-2.00641],[104.58141,-2.00858]]]}},{"id":"204","type":"Feature","properties":{"year":1996,"certainty":"good"},"geometry":{"type":"MultiLineString","coordinates":[[[104.48348,-1.83214],[104.4853,-1.83328],[104.48746,-1.83098],[104.48837,-1.83078],[104.49097,-1.82544],[104.49531,-1.82047],[104.49659,-1.81775],[104.50014,-1.81528],[104.50297,-1.81182]],[[104.47262,-1.85057],[104.47504,-1.85151],[104.47774,-1.85195],[104.47936,-1.85148],[104.48058,-1.85032],[104.482,-1.84733],[104.48283,-1.83933]],[[104.483,-1.8388],[104.48384,-1.83784],[104.48425,-1.83621],[104.48409,-1.83553]],[[104.48435,-1.83505],[104.48442,-1.83499]],[[104.48459,-1.83471],[104.48435,-1.83388]],[[104.46722,-1.86349],[104.46857,-1.86248],[104.47225,-1.85846],[104.4719,-1.8571],[104.47271,-1.85602],[104.47182,-1.85547],[104.47301,-1.85493],[104.47288,-1.85439],[104.47343,-1.85276],[104.47325,-1.85222],[104.47196,-1.8514]],[[104.60638,-1.9632],[104.60782,-1.96244],[104.60917,-1.96],[104.6107,-1.95848],[104.61231,-1.95766],[104.61258,-1.95685],[104.61339,-1.95728],[104.61731,-1.95445]],[[104.61732,-1.95444],[104.61812,-1.95398]],[[104.62047,-1.952],[104.62054,-1.95189]],[[104.62065,-1.95173],[104.62108,-1.95096]],[[104.62111,-1.95091],[104.62357,-1.94399],[104.62641,-1.94019],[104.62662,-1.93931],[104.62796,-1.93923],[104.62997,-1.93721],[104.63093,-1.93704],[104.63255,-1.93587],[104.63336,-1.93591],[104.63525,-1.93489],[104.63795,-1.93524],[104.63903,-1.93612],[104.6401,-1.93651],[104.64172,-1.93572],[104.64307,-1.93437],[104.64359,-1.93233],[104.64358,-1.92907],[104.64443,-1.92608],[104.64453,-1.92445],[104.6442,-1.92174],[104.64254,-1.91859],[104.63957,-1.91526],[104.63235,-1.90871],[104.62743,-1.90338],[104.6153,-1.89157],[104.60531,-1.88265],[104.59534,-1.87469],[104.58887,-1.87009],[104.57943,-1.86469],[104.57333,-1.86256],[104.57118,-1.86147],[104.57107,-1.86116],[104.56837,-1.86049],[104.56459,-1.85896],[104.56001,-1.85692],[104.55721,-1.85509]],[[104.54558,-1.85553],[104.54452,-1.85604],[104.54194,-1.85813],[104.54015,-1.86051]],[[104.53694,-1.87833],[104.53667,-1.87852]],[[104.5364,-1.87923],[104.53638,-1.87924]],[[104.53604,-1.88005],[104.53548,-1.88182],[104.534,-1.88345],[104.53411,-1.88474],[104.5333,-1.88438],[104.53268,-1.88453],[104.53344,-1.88616],[104.53316,-1.88843]],[[104.53057,-1.89389],[104.53046,-1.89405]],[[104.5304,-1.89417],[104.53019,-1.89442]],[[104.52489,-1.90991],[104.52394,-1.91208]],[[104.52695,-1.91155],[104.52709,-1.91145]],[[104.47253,-1.8704],[104.47345,-1.86932],[104.47413,-1.86769],[104.47321,-1.86796],[104.47288,-1.86703],[104.47221,-1.86633],[104.47126,-1.86617],[104.47099,-1.86583],[104.47122,-1.86524],[104.47099,-1.86491],[104.46803,-1.86532]],[[104.47424,-1.8875],[104.47557,-1.88701],[104.47711,-1.88587],[104.47835,-1.88112]],[[104.47841,-1.88101],[104.47849,-1.88085]],[[104.47864,-1.87895],[104.47865,-1.87732]],[[104.47748,-1.87271],[104.47706,-1.87191]],[[104.47786,-1.89582],[104.47803,-1.89524]],[[104.4788,-1.89279],[104.47876,-1.89252]],[[104.4787,-1.89225],[104.47867,-1.89185]],[[104.47866,-1.89171],[104.47746,-1.88942],[104.47557,-1.88828],[104.47449,-1.88811]],[[104.46491,-1.90998],[104.46514,-1.90948],[104.46437,-1.90924]],[[104.52736,-1.91169],[104.52721,-1.91181]],[[104.49445,-1.92591],[104.4939,-1.92415],[104.49269,-1.9225]],[[104.48298,-1.91236],[104.48204,-1.91256],[104.48042,-1.91216],[104.47988,-1.91255],[104.47867,-1.91243]],[[104.47316,-1.91233],[104.47314,-1.91196],[104.47231,-1.9126]],[[104.65373,-1.96348],[104.65108,-1.96517],[104.64684,-1.96699],[104.64522,-1.96834],[104.64145,-1.96959],[104.63848,-1.97152],[104.63821,-1.9714],[104.63794,-1.97192],[104.63767,-1.97135],[104.6374,-1.97146],[104.63728,-1.97195],[104.63782,-1.97222],[104.63672,-1.97303]],[[104.62974,-1.98131],[104.63006,-1.98226],[104.63119,-1.98318]],[[104.61693,-1.98049],[104.61694,-1.97941]],[[104.60973,-1.96448],[104.60948,-1.96401]],[[104.6094,-1.96394],[104.60903,-1.96394]],[[104.63065,-1.98404],[104.62944,-1.98343]],[[104.62908,-1.98321],[104.6289,-1.98311]],[[104.61676,-2.00062],[104.61499,-2.00221]],[[104.60829,-2.00709],[104.60691,-2.00767],[104.60273,-2.00815]],[[104.6027,-2.00818],[104.60244,-2.00885],[104.60275,-2.00994],[104.60236,-2.00994],[104.60163,-2.00926]],[[104.58088,-2.00667],[104.58075,-2.00695],[104.58115,-2.007]],[[104.58132,-2.00736],[104.58029,-2.00858]],[[104.5713,-1.99972],[104.57157,-1.99946],[104.57184,-1.99966],[104.57211,-2.00067],[104.57238,-2.0],[104.57265,-2.00032],[104.57338,-2.00016],[104.57319,-1.99928],[104.574,-1.99992],[104.57481,-1.99926],[104.57589,-1.99934],[104.57923,-2.00016],[104.57939,-2.00045],[104.57855,-2.00071],[104.57915,-2.00098],[104.57887,-2.00125],[104.57912,-2.00133],[104.57939,-2.0011],[104.57966,-2.00136],[104.58015,-2.00098],[104.57964,-2.00071],[104.58034,-2.00043]],[[104.60483,-2.00058],[104.60718,-1.9987],[104.60872,-1.99678]],[[104.57103,-2.00087],[104.57164,-2.00043],[104.57157,-2.00013],[104.5713,-2.00041],[104.57109,-2.00016]],[[104.57383,-2.00152],[104.57441,-2.00098],[104.57427,-2.00057],[104.574,-2.00068],[104.57418,-2.00098],[104.57383,-2.00152]],[[104.57898,-2.00831],[104.57856,-2.00803],[104.57885,-2.00646],[104.57921,-2.00668],[104.57892,-2.00586],[104.57643,-2.00485],[104.57426,-2.00342],[104.57331,-2.0026],[104.57374,-2.00233],[104.57319,-2.00192],[104.57177,-2.00179],[104.5713,-2.001],[104.57103,-2.00154]]]}},{"id":"205","type":"Feature","properties":{"year":1997,"certainty":"good"},"geometry":{"type":"MultiLineString","coordinates":[[[104.48347,-1.83214],[104.4853,-1.83322],[104.48665,-1.83204],[104.48692,-1.83121],[104.48827,-1.83072],[104.49083,-1.82535],[104.49582,-1.8195],[104.49645,-1.8183],[104.49613,-1.81748],[104.49744,-1.81711],[104.49964,-1.81558],[104.50198,-1.81301]],[[104.50216,-1.81274],[104.50217,-1.81274]],[[104.50243,-1.81239],[104.50261,-1.81219]],[[104.5027,-1.81209],[104.50387,-1.80907]],[[104.47262,-1.85047],[104.47531,-1.85154],[104.47747,-1.85191],[104.47855,-1.85171],[104.48001,-1.85086],[104.48101,-1.8495],[104.48202,-1.84706],[104.48273,-1.83987]],[[104.483,-1.83841],[104.48344,-1.83838],[104.48381,-1.83784],[104.48408,-1.83571]],[[104.46722,-1.86335],[104.46857,-1.86245],[104.46992,-1.86069],[104.47212,-1.85873],[104.4719,-1.8571],[104.47272,-1.85602],[104.47182,-1.85547],[104.47303,-1.85493],[104.47284,-1.85439],[104.47333,-1.85276],[104.47313,-1.85222],[104.47181,-1.85141]],[[104.60638,-1.96314],[104.60779,-1.96244],[104.60935,-1.95977],[104.61084,-1.95837],[104.61231,-1.95764],[104.61258,-1.95669],[104.61312,-1.95724],[104.61366,-1.95708],[104.61992,-1.95268],[104.62157,-1.94996],[104.62227,-1.94698],[104.62356,-1.94372],[104.62633,-1.93992],[104.62662,-1.939],[104.62769,-1.93915],[104.62985,-1.93713],[104.63093,-1.937],[104.63228,-1.93585],[104.63336,-1.93577],[104.63543,-1.93477],[104.63687,-1.93471],[104.6401,-1.93648],[104.64145,-1.93601],[104.64253,-1.93512],[104.64334,-1.93368],[104.64311,-1.92961],[104.64433,-1.92527],[104.64398,-1.92147],[104.64208,-1.91821],[104.63892,-1.91495],[104.63175,-1.90834],[104.62716,-1.90336],[104.61519,-1.89188],[104.60478,-1.88255],[104.59858,-1.87744],[104.59049,-1.87143],[104.58465,-1.86772],[104.57943,-1.8651],[104.57754,-1.86473],[104.57026,-1.86163],[104.5658,-1.86038],[104.55839,-1.85672],[104.5541,-1.85387],[104.55273,-1.85334],[104.55084,-1.8536],[104.54598,-1.8554],[104.54382,-1.85665],[104.54123,-1.85902],[104.54017,-1.86038],[104.53961,-1.86201],[104.54009,-1.86363],[104.53999,-1.86499],[104.54088,-1.86581],[104.54027,-1.86608],[104.5412,-1.86662],[104.54066,-1.86743],[104.54044,-1.87015],[104.53902,-1.87449],[104.53797,-1.87612],[104.53783,-1.8772],[104.53632,-1.87938],[104.53577,-1.88155],[104.53402,-1.88345],[104.53411,-1.88474],[104.53357,-1.88444],[104.53271,-1.88453],[104.53346,-1.88616],[104.53327,-1.88833],[104.53125,-1.89294],[104.52966,-1.89511],[104.52899,-1.89783],[104.52675,-1.90326],[104.52632,-1.90706],[104.52277,-1.91401],[104.52304,-1.91448],[104.52385,-1.91438],[104.52655,-1.91191],[104.52682,-1.91171],[104.52697,-1.91194],[104.52293,-1.91655],[104.52127,-1.92035],[104.52075,-1.92361],[104.52223,-1.9254]],[[104.47248,-1.8704],[104.4736,-1.86904],[104.47417,-1.86769],[104.47315,-1.86755],[104.47223,-1.86633],[104.47126,-1.86613],[104.47099,-1.86489],[104.46803,-1.86531]],[[104.47422,-1.88747],[104.47665,-1.88641],[104.47708,-1.88587],[104.47825,-1.88112]],[[104.47863,-1.87895],[104.47834,-1.87529],[104.47705,-1.87149],[104.47531,-1.8703],[104.47341,-1.87094]],[[104.46262,-1.90754],[104.46269,-1.90744]],[[104.47408,-1.90312],[104.47615,-1.90107],[104.47697,-1.89971],[104.47778,-1.89727],[104.47798,-1.8951],[104.47873,-1.89347],[104.47859,-1.8913],[104.47773,-1.88967],[104.47557,-1.88827],[104.47449,-1.88811]],[[104.46448,-1.92631],[104.46457,-1.92536]],[[104.46444,-1.91342],[104.4645,-1.91179]],[[104.46439,-1.91152],[104.46451,-1.91057],[104.46514,-1.90948],[104.46424,-1.90923],[104.46329,-1.90954]],[[104.49706,-1.94803],[104.49715,-1.94694],[104.49686,-1.94709],[104.49678,-1.94613],[104.49714,-1.94532],[104.4966,-1.94481],[104.49631,-1.94314],[104.4962,-1.93867]],[[104.49641,-1.93785],[104.49643,-1.93731]],[[104.49673,-1.93541],[104.49698,-1.93365],[104.4963,-1.93039],[104.49392,-1.92442],[104.49269,-1.92264]],[[104.49212,-1.92129],[104.49054,-1.91872],[104.48836,-1.91682],[104.48793,-1.91546],[104.48581,-1.91346],[104.48312,-1.91233],[104.48069,-1.91211],[104.47961,-1.91253],[104.47745,-1.9126],[104.47621,-1.91342]],[[104.47324,-1.91233],[104.47314,-1.91195],[104.47226,-1.9126]],[[104.52169,-1.92655],[104.52034,-1.92601],[104.51899,-1.92607],[104.51629,-1.92521],[104.51548,-1.92533],[104.51386,-1.92488],[104.51306,-1.92514],[104.51198,-1.92719],[104.50874,-1.92818],[104.50739,-1.9294],[104.50648,-1.92958],[104.50613,-1.93093],[104.50568,-1.93148],[104.50561,-1.93283],[104.50503,-1.93446],[104.50341,-1.93609],[104.50307,-1.93683],[104.50226,-1.93731],[104.50074,-1.94043],[104.50043,-1.94477],[104.50076,-1.94722]],[[104.65373,-1.96362],[104.65137,-1.96517],[104.64684,-1.96707],[104.64522,-1.96845],[104.64306,-1.96889],[104.64118,-1.96976],[104.63921,-1.97086],[104.63794,-1.97261],[104.6374,-1.97263],[104.63686,-1.97329],[104.63632,-1.97305],[104.63578,-1.97335],[104.62978,-1.97955],[104.62957,-1.98036],[104.6301,-1.98226],[104.63119,-1.98318]],[[104.61177,-1.98615],[104.61366,-1.98702],[104.61474,-1.98695],[104.61581,-1.98606],[104.61657,-1.98443],[104.61689,-1.98253],[104.61691,-1.97846],[104.61654,-1.97629],[104.6169,-1.97357],[104.6142,-1.96934],[104.61251,-1.96842],[104.61227,-1.96814],[104.61258,-1.96783],[104.61204,-1.96791],[104.61122,-1.96733],[104.60964,-1.96489],[104.60955,-1.96407],[104.60908,-1.96393],[104.60719,-1.96505]],[[104.63065,-1.98405],[104.62849,-1.98312],[104.62451,-1.99203],[104.62034,-1.99664],[104.61892,-1.99773],[104.61797,-1.99974],[104.61635,-2.00088],[104.61473,-2.00267],[104.61338,-2.00334],[104.61257,-2.00478],[104.60691,-2.00766],[104.60313,-2.00796],[104.60249,-2.00858],[104.60285,-2.00994],[104.60259,-2.0101],[104.60151,-2.00906],[104.59989,-2.00877],[104.59908,-2.00816],[104.59787,-2.00811]],[[104.59736,-2.00817],[104.59733,-2.00818]],[[104.5949,-2.00837],[104.59396,-2.00797],[104.58937,-2.00781],[104.58828,-2.00749],[104.58751,-2.00695],[104.58749,-2.00658],[104.58668,-2.00671],[104.58452,-2.00548],[104.58317,-2.00541],[104.58209,-2.0056],[104.58155,-2.00684],[104.58128,-2.00652],[104.58066,-2.00668],[104.58101,-2.00713],[104.58142,-2.00695],[104.58074,-2.00829],[104.58047,-2.00843],[104.5802,-2.00809],[104.58037,-2.00858]],[[104.5713,-1.99962],[104.57157,-1.99938],[104.57211,-1.99994],[104.57238,-1.99966],[104.57265,-2.00003],[104.57319,-1.99999],[104.57248,-1.99908],[104.57268,-1.9988],[104.57346,-1.99952],[104.57508,-1.99924],[104.57747,-1.99989],[104.57724,-2.00028],[104.57751,-1.99994],[104.57778,-2.00042],[104.57798,-2.00016],[104.5776,-1.99989],[104.57912,-2.00011],[104.57915,-2.00043],[104.57856,-2.00071],[104.57927,-2.00098],[104.5789,-2.00125],[104.57966,-2.00129],[104.57993,-2.00103],[104.58074,-2.00134],[104.58128,-2.00069],[104.5827,-2.00098],[104.5821,-2.00125],[104.58209,-2.00162],[104.58101,-2.00185],[104.58074,-2.00252],[104.57966,-2.00257],[104.57955,-2.00288],[104.57993,-2.00319],[104.5802,-2.00269],[104.58101,-2.00275],[104.58128,-2.00225],[104.58182,-2.00277],[104.58182,-2.00203],[104.58236,-2.00231],[104.58263,-2.0019],[104.5829,-2.00239],[104.58371,-2.0012],[104.58413,-2.00125],[104.58368,-2.00206],[104.58398,-2.00224],[104.58425,-2.00161],[104.58479,-2.00266],[104.5856,-2.00245],[104.5856,-2.00188],[104.58614,-2.00174],[104.58884,-2.0022],[104.59275,-2.00232]],[[104.59298,-2.0022],[104.59329,-2.00213]],[[104.60435,-2.00076],[104.60619,-1.99963],[104.60794,-1.99773],[104.60976,-1.99529],[104.61177,-1.99068],[104.61204,-1.99041],[104.61231,-1.99065],[104.61285,-1.98987],[104.61312,-1.99014],[104.61339,-1.98999],[104.61221,-1.9885],[104.61096,-1.98761]],[[104.57103,-2.00086],[104.57157,-2.00014],[104.57103,-2.00055]],[[104.57994,-2.00043],[104.58041,-2.00071],[104.57966,-2.00108],[104.57993,-2.00043]],[[104.57895,-2.00831],[104.57863,-2.00803],[104.5789,-2.00776],[104.57864,-2.00749],[104.57885,-2.00647],[104.5792,-2.00668],[104.57885,-2.00576],[104.57685,-2.00505],[104.5742,-2.00342],[104.57347,-2.0026],[104.57387,-2.00233],[104.57346,-2.00204],[104.57238,-2.00209],[104.57157,-2.00154],[104.57103,-2.00157]],[[104.57319,-2.00263],[104.57292,-2.00218],[104.57346,-2.00214],[104.5736,-2.00233],[104.57319,-2.00263]]]}},{"id":"206","type":"Feature","properties":{"year":1998,"certainty":"good"},"geometry":{"type":"MultiLineString","coordinates":[[[104.48351,-1.83214],[104.4853,-1.83321],[104.48665,-1.83202],[104.48692,-1.83113],[104.48827,-1.8307],[104.4885,-1.82942],[104.4912,-1.82454],[104.49582,-1.81938],[104.49629,-1.8183],[104.49603,-1.81748],[104.49744,-1.81704],[104.50047,-1.81477],[104.50311,-1.8113],[104.50379,-1.80907]],[[104.47262,-1.85041],[104.47531,-1.85149],[104.47747,-1.85188],[104.47853,-1.85168],[104.48017,-1.85063],[104.48101,-1.8495],[104.48201,-1.84706],[104.48268,-1.83987]],[[104.483,-1.8382],[104.48341,-1.83843],[104.48374,-1.83811],[104.48418,-1.83594],[104.48386,-1.83539],[104.48459,-1.83458],[104.48435,-1.834]],[[104.46714,-1.86334],[104.46803,-1.86295],[104.46965,-1.86078],[104.47019,-1.8606],[104.47209,-1.85873],[104.47184,-1.8571],[104.47268,-1.85602],[104.47235,-1.8557],[104.47064,-1.85574],[104.47057,-1.85547],[104.47235,-1.85532],[104.47299,-1.85493],[104.47278,-1.85439],[104.47331,-1.85276],[104.47305,-1.85222],[104.47181,-1.85145]],[[104.60638,-1.96312],[104.60773,-1.96241],[104.6093,-1.95973],[104.61044,-1.95864],[104.61228,-1.95756],[104.61258,-1.95662],[104.61285,-1.95708],[104.61339,-1.95722],[104.61653,-1.95485],[104.61933,-1.95333],[104.61991,-1.95268],[104.62131,-1.95051],[104.62219,-1.94698],[104.62347,-1.94372],[104.6263,-1.93992],[104.62643,-1.93911],[104.62769,-1.93902],[104.62958,-1.93727],[104.63093,-1.93695],[104.63228,-1.93573],[104.63336,-1.93573],[104.63552,-1.93471],[104.63712,-1.93477],[104.63929,-1.93624],[104.6401,-1.93645],[104.64172,-1.93587],[104.64261,-1.93504],[104.64333,-1.93368],[104.64303,-1.92961],[104.64423,-1.92554],[104.64425,-1.92364],[104.64375,-1.9212],[104.64151,-1.91767],[104.63633,-1.91249],[104.63175,-1.90844],[104.62716,-1.90346],[104.61503,-1.89176],[104.60019,-1.87877],[104.59345,-1.87367],[104.58617,-1.86882],[104.5797,-1.86536],[104.57592,-1.86419],[104.56918,-1.86141],[104.56567,-1.86039],[104.5565,-1.85586],[104.55354,-1.85405],[104.55192,-1.85368],[104.55057,-1.85384],[104.54625,-1.85529],[104.54382,-1.8567],[104.54058,-1.85983],[104.53971,-1.86173],[104.53968,-1.86255],[104.54012,-1.86363],[104.53999,-1.86499],[104.5409,-1.86581],[104.54027,-1.86608],[104.54135,-1.86662],[104.54067,-1.86743],[104.54044,-1.87015],[104.53902,-1.87449],[104.53797,-1.87612],[104.5376,-1.87761]],[[104.53694,-1.87852],[104.53686,-1.8787]],[[104.53615,-1.8806],[104.53573,-1.88165],[104.53394,-1.88372],[104.53418,-1.8848],[104.53293,-1.88453],[104.53349,-1.88616],[104.53329,-1.88833],[104.53098,-1.89349],[104.52972,-1.89511],[104.52898,-1.89783],[104.52671,-1.90326],[104.52629,-1.90706],[104.52274,-1.91411],[104.52304,-1.91444],[104.52385,-1.91437],[104.52655,-1.91184],[104.52682,-1.91168],[104.52699,-1.91194],[104.5252,-1.91411],[104.52412,-1.91491],[104.5225,-1.91726],[104.52128,-1.92035],[104.52073,-1.92361],[104.52223,-1.92543]],[[104.47242,-1.8704],[104.47369,-1.8689],[104.47413,-1.86769],[104.47342,-1.86752],[104.47224,-1.86633],[104.47153,-1.86624],[104.47099,-1.86491],[104.46803,-1.86537]],[[104.47422,-1.88743],[104.47557,-1.88696],[104.47705,-1.88587],[104.47807,-1.88262],[104.47824,-1.88099],[104.47867,-1.88044],[104.47849,-1.87936],[104.47874,-1.87773],[104.47827,-1.87379],[104.47705,-1.87149],[104.47531,-1.87033],[104.47342,-1.87098]],[[104.46262,-1.90734],[104.46424,-1.90666],[104.47017,-1.90548],[104.47341,-1.90363],[104.47648,-1.90053],[104.47755,-1.89809],[104.47797,-1.8951],[104.47865,-1.89347],[104.47858,-1.8913],[104.47739,-1.8894],[104.4753,-1.88819],[104.47449,-1.88814]],[[104.46437,-1.91381],[104.46451,-1.91061],[104.46514,-1.90948],[104.4637,-1.90929],[104.4629,-1.90989]],[[104.49706,-1.94803],[104.49618,-1.94043],[104.49694,-1.93365],[104.4967,-1.93202],[104.49499,-1.92713],[104.494,-1.92523],[104.49392,-1.92442],[104.49218,-1.92224],[104.49228,-1.9217],[104.49179,-1.92062],[104.49051,-1.91872],[104.48832,-1.91682],[104.48818,-1.916],[104.48725,-1.91464],[104.48501,-1.91316],[104.48285,-1.9123],[104.48069,-1.91207],[104.47961,-1.91252],[104.47745,-1.91256],[104.47691,-1.91316],[104.47615,-1.91342]],[[104.47435,-1.9128],[104.47381,-1.91282]],[[104.47309,-1.9126],[104.47314,-1.91197],[104.47233,-1.91245],[104.47227,-1.91288]],[[104.47219,-1.91308],[104.4719,-1.91342]],[[104.47165,-1.91369],[104.47143,-1.91396]],[[104.47138,-1.91406],[104.47128,-1.91423]],[[104.47084,-1.91512],[104.47047,-1.91613]],[[104.52169,-1.92655],[104.52034,-1.92602],[104.51899,-1.9261],[104.51629,-1.92528],[104.5136,-1.92497],[104.51295,-1.92524],[104.51171,-1.92744],[104.50874,-1.92833],[104.5076,-1.92931],[104.50658,-1.92964],[104.50569,-1.93148],[104.50563,-1.93283],[104.5051,-1.93446],[104.50226,-1.93745],[104.50106,-1.93962],[104.50054,-1.94396],[104.50081,-1.94722]],[[104.65373,-1.96383],[104.65251,-1.96466],[104.64688,-1.96707],[104.64522,-1.96853],[104.64306,-1.96891],[104.64145,-1.96962],[104.63929,-1.97079],[104.63794,-1.97265],[104.6374,-1.97262],[104.63686,-1.97331],[104.63632,-1.97306],[104.63577,-1.97331],[104.62984,-1.97948],[104.62963,-1.98063],[104.63017,-1.98226],[104.63119,-1.98314]],[[104.61177,-1.98616],[104.6142,-1.98705],[104.6157,-1.98606],[104.61646,-1.9847],[104.61696,-1.98144],[104.61652,-1.97629],[104.61693,-1.97357],[104.6142,-1.96935],[104.61258,-1.96852],[104.61091,-1.96706],[104.60985,-1.96543],[104.60935,-1.96392],[104.60719,-1.96508]],[[104.63065,-1.98418],[104.62849,-1.98315],[104.62769,-1.98443],[104.62751,-1.98579],[104.62672,-1.98688],[104.62637,-1.98823],[104.62455,-1.99203],[104.62035,-1.99664],[104.61883,-1.99773],[104.61854,-1.99882],[104.61797,-1.99908],[104.61797,-1.99981],[104.61747,-2.00044],[104.61635,-2.00094],[104.61446,-2.00286],[104.61338,-2.00328],[104.61258,-2.00479],[104.61149,-2.00543],[104.60691,-2.00764],[104.60286,-2.00814],[104.6025,-2.00913],[104.60345,-2.01048]],[[104.57184,-1.99878],[104.57481,-1.999],[104.57676,-1.99962],[104.57654,-2.00098],[104.5767,-2.00115],[104.57696,-2.00098],[104.57682,-2.00016],[104.57724,-1.99985],[104.57885,-2.00005],[104.57912,-2.00083],[104.57966,-2.00041],[104.58169,-2.00075]],[[104.5887,-2.00215],[104.59841,-2.002]],[[104.6048,-2.00058],[104.60637,-1.99962],[104.60826,-1.99741],[104.61017,-1.99447],[104.61177,-1.99068],[104.61306,-1.98959],[104.61273,-1.98931],[104.61285,-1.98903],[104.61096,-1.98761]],[[104.57584,-2.0007],[104.57616,-2.00046],[104.57616,-2.00003],[104.57554,-2.0007],[104.57584,-2.0007]],[[104.57697,-2.00179],[104.57697,-2.00136],[104.5767,-2.00157],[104.57616,-2.00103],[104.57562,-2.0011],[104.57549,-2.00152],[104.57697,-2.00179]],[[104.57855,-2.00831],[104.57885,-2.0058],[104.57616,-2.00473],[104.57367,-2.00288],[104.57103,-2.0016]],[[104.58061,-2.00243],[104.58046,-2.00274]],[[104.57706,-2.00261],[104.57697,-2.00227],[104.5767,-2.0026],[104.57643,-2.00213],[104.57583,-2.0026],[104.57706,-2.00261]],[[104.60335,-2.01075],[104.60147,-2.00913],[104.59989,-2.00876],[104.59908,-2.00814],[104.59585,-2.00823],[104.59531,-2.00856],[104.5945,-2.00818],[104.58964,-2.0079],[104.58904,-2.00776],[104.5891,-2.00739],[104.58829,-2.00753],[104.5862,-2.00654]],[[104.5833,-2.00552],[104.58277,-2.00546]],[[104.58276,-2.00546],[104.58199,-2.00586],[104.58155,-2.00739],[104.58123,-2.00749],[104.58136,-2.00858]]]}},{"id":"207","type":"Feature","properties":{"year":1999,"certainty":"good"},"geometry":{"type":"MultiLineString","coordinates":[[[104.48348,-1.83214],[104.4853,-1.83322],[104.48665,-1.83206],[104.48692,-1.83117],[104.48827,-1.83071],[104.4912,-1.82454],[104.49555,-1.81992],[104.49632,-1.8183],[104.49598,-1.81748],[104.49744,-1.81703],[104.50075,-1.8145],[104.50311,-1.81131],[104.5038,-1.80907]],[[104.47262,-1.8504],[104.47531,-1.85151],[104.47747,-1.85192],[104.47865,-1.85168],[104.4799,-1.85096],[104.48102,-1.8495],[104.48204,-1.84706],[104.48283,-1.83838],[104.48341,-1.83856],[104.48428,-1.83756],[104.48427,-1.83594],[104.48388,-1.83539],[104.4846,-1.83431],[104.48309,-1.83268]],[[104.46722,-1.86341],[104.46803,-1.86301],[104.47214,-1.85873],[104.47213,-1.85683],[104.47262,-1.85578],[104.47127,-1.85551],[104.47073,-1.85571],[104.4706,-1.85547],[104.47235,-1.85535],[104.47307,-1.85493],[104.47288,-1.85439],[104.47332,-1.85276],[104.47311,-1.85222],[104.47181,-1.85142]],[[104.60638,-1.96311],[104.60773,-1.96237],[104.60923,-1.95973],[104.61224,-1.95756],[104.61258,-1.95648],[104.61285,-1.95707],[104.61339,-1.95719],[104.61609,-1.95511],[104.61942,-1.95322],[104.62129,-1.95051],[104.62225,-1.94671],[104.6236,-1.94345],[104.62627,-1.93992],[104.62662,-1.93894],[104.62769,-1.93902],[104.62889,-1.93775],[104.62985,-1.9371],[104.63093,-1.93692],[104.63228,-1.93573],[104.63336,-1.93572],[104.63552,-1.93471],[104.63712,-1.93477],[104.63983,-1.93643],[104.64118,-1.93615],[104.64253,-1.93512],[104.6433,-1.93368],[104.64295,-1.93043],[104.6432,-1.92825],[104.64423,-1.92554],[104.64402,-1.92201],[104.64231,-1.91875],[104.63903,-1.91517],[104.63175,-1.90844],[104.62716,-1.90346],[104.61572,-1.89242],[104.60505,-1.8829],[104.60019,-1.87879],[104.59118,-1.87206],[104.58617,-1.86883],[104.57939,-1.86527],[104.57808,-1.86505],[104.57053,-1.86199],[104.5654,-1.86033],[104.56055,-1.85769],[104.55219,-1.85376],[104.54895,-1.85434],[104.54598,-1.85541],[104.54409,-1.85649],[104.54123,-1.85902],[104.54021,-1.86038],[104.53963,-1.86201],[104.5401,-1.86363],[104.54,-1.86499],[104.54087,-1.86581],[104.54027,-1.86608],[104.54123,-1.86662],[104.54062,-1.86743],[104.54041,-1.87015],[104.53988,-1.87178],[104.53872,-1.87503],[104.5379,-1.87612],[104.53751,-1.87775],[104.53623,-1.87938],[104.53635,-1.87992],[104.53576,-1.88155],[104.53389,-1.88372],[104.53415,-1.8848],[104.53357,-1.88449],[104.53272,-1.88453],[104.53347,-1.88616],[104.53317,-1.8886],[104.53125,-1.89294],[104.5297,-1.89511],[104.52898,-1.89783],[104.52674,-1.90326],[104.52624,-1.90706],[104.52271,-1.91411],[104.52304,-1.91446],[104.52385,-1.91437],[104.52547,-1.91309],[104.52573,-1.9133],[104.52407,-1.91493],[104.5225,-1.91724],[104.52104,-1.9209],[104.52075,-1.92388],[104.52223,-1.9255]],[[104.47247,-1.8704],[104.47381,-1.86877],[104.4742,-1.86769],[104.47162,-1.86606],[104.47099,-1.86487],[104.46803,-1.8653]],[[104.47422,-1.88744],[104.47584,-1.88685],[104.47707,-1.88587],[104.47857,-1.88126],[104.47877,-1.87719],[104.47827,-1.87366],[104.47694,-1.87122],[104.47531,-1.87026],[104.47396,-1.87052],[104.47333,-1.87094]],[[104.46262,-1.90735],[104.46424,-1.90669],[104.47017,-1.90548],[104.47314,-1.90385],[104.47614,-1.90107],[104.47767,-1.89781],[104.47801,-1.8951],[104.47874,-1.8932],[104.47865,-1.89157],[104.47829,-1.89049],[104.47746,-1.8894],[104.4753,-1.88813],[104.47449,-1.88809]],[[104.4646,-1.92604],[104.46467,-1.92278],[104.46358,-1.91816],[104.46365,-1.91627],[104.46478,-1.91292],[104.46558,-1.91281],[104.46612,-1.91182],[104.46612,-1.91282],[104.4667,-1.91219],[104.46649,-1.91192],[104.46671,-1.91165],[104.46605,-1.91138],[104.46586,-1.91044],[104.46559,-1.91121],[104.46532,-1.91052],[104.46478,-1.91095],[104.46451,-1.91084],[104.46523,-1.90948],[104.46505,-1.90925],[104.4637,-1.90925],[104.46289,-1.90985]],[[104.49707,-1.94803],[104.49664,-1.94477],[104.49694,-1.9445],[104.49647,-1.94396],[104.49621,-1.94179],[104.4962,-1.93853],[104.49694,-1.93365],[104.49628,-1.93039],[104.4939,-1.92438],[104.4931,-1.92292],[104.49229,-1.92226],[104.49237,-1.9217],[104.49183,-1.92062],[104.49058,-1.91872],[104.48839,-1.91682],[104.48797,-1.91546],[104.48689,-1.91424],[104.48312,-1.91235],[104.48069,-1.91207],[104.47961,-1.91251],[104.47745,-1.91257],[104.47691,-1.91315],[104.4753,-1.9134],[104.47476,-1.9128],[104.47321,-1.91274],[104.47321,-1.91193],[104.47383,-1.91165],[104.47368,-1.91124],[104.47341,-1.91137],[104.47206,-1.91266],[104.47005,-1.91708],[104.46897,-1.92142],[104.46829,-1.92631]],[[104.52169,-1.92653],[104.5198,-1.92587],[104.51899,-1.92599],[104.51683,-1.92532],[104.5136,-1.9249],[104.51266,-1.92551],[104.51196,-1.92714],[104.50874,-1.92818],[104.50748,-1.92931],[104.50656,-1.92958],[104.50608,-1.93093],[104.50567,-1.93121],[104.50504,-1.93446],[104.50307,-1.93681],[104.50236,-1.93718],[104.50107,-1.93935],[104.50042,-1.94477],[104.50072,-1.94722]],[[104.65373,-1.96386],[104.65318,-1.96435],[104.64684,-1.96707],[104.64522,-1.96852],[104.64306,-1.9689],[104.64131,-1.96969]],[[104.63355,-1.97561],[104.62982,-1.97955],[104.62962,-1.98063],[104.63017,-1.98226],[104.63119,-1.98321]],[[104.61177,-1.98619],[104.61366,-1.98699],[104.61478,-1.98687],[104.61577,-1.98606],[104.61663,-1.98375]],[[104.61652,-1.97615],[104.6169,-1.97357],[104.6142,-1.96936],[104.61258,-1.96852],[104.61087,-1.96706],[104.60985,-1.96543],[104.60935,-1.96393],[104.60719,-1.96507]],[[104.63065,-1.98418],[104.62876,-1.98306],[104.6283,-1.98335],[104.62769,-1.98443],[104.62751,-1.98579],[104.62672,-1.98688],[104.62454,-1.99203],[104.62037,-1.99664],[104.61905,-1.99753],[104.61745,-2.00044],[104.61635,-2.00093],[104.61444,-2.00289],[104.61338,-2.0033],[104.61258,-2.00479],[104.61136,-2.00545]],[[104.61123,-2.00546],[104.61109,-2.00556]],[[104.60327,-2.00803],[104.60268,-2.00831],[104.60243,-2.00885],[104.60345,-2.01048]],[[104.57184,-1.99852],[104.57508,-1.99902],[104.57508,-1.99953],[104.57562,-1.99933],[104.5767,-1.99988],[104.57764,-1.99984]],[[104.59571,-2.00213],[104.59841,-2.002]],[[104.60888,-1.99651],[104.61057,-1.99366],[104.61148,-1.99121],[104.61266,-1.98959],[104.61177,-1.98799],[104.61096,-1.98754]],[[104.57683,-2.00062],[104.5767,-1.99991],[104.57643,-2.00041],[104.57616,-2.00014],[104.57559,-2.0007],[104.57643,-2.00048],[104.57662,-2.00084]],[[104.57683,-2.00504],[104.57211,-2.0019],[104.57103,-2.00162]],[[104.57646,-2.0022],[104.57636,-2.0022]],[[104.57629,-2.00226],[104.57603,-2.00247]],[[104.60335,-2.01075],[104.60148,-2.00913],[104.59989,-2.00876],[104.59908,-2.00814],[104.59585,-2.00823],[104.59531,-2.00856],[104.5945,-2.00818],[104.59221,-2.00811]],[[104.5816,-2.00736],[104.5814,-2.00844]]]}},{"id":"208","type":"Feature","properties":{"year":2000,"certainty":"good"},"geometry":{"type":"MultiLineString","coordinates":[[[104.48352,-1.83214],[104.4853,-1.83321],[104.4868,-1.83187],[104.48638,-1.83093],[104.48692,-1.83114],[104.48827,-1.83064],[104.48849,-1.82942],[104.48881,-1.82934],[104.49178,-1.82347],[104.49517,-1.8202],[104.49449,-1.81965],[104.49528,-1.81816],[104.49608,-1.81803],[104.49555,-1.81738],[104.49528,-1.81786],[104.495,-1.81748],[104.49663,-1.81676],[104.49731,-1.81694],[104.49825,-1.81575],[104.49933,-1.81559],[104.50041,-1.8148],[104.50293,-1.81151],[104.5038,-1.80907]],[[104.47262,-1.85037],[104.47612,-1.85173],[104.47774,-1.85188],[104.4799,-1.85116],[104.48071,-1.85029],[104.48205,-1.84706],[104.48283,-1.83811],[104.48341,-1.83872],[104.48431,-1.83756],[104.48431,-1.83594],[104.48387,-1.83539],[104.48431,-1.83512],[104.48462,-1.83431],[104.48305,-1.83268]],[[104.46722,-1.86341],[104.46803,-1.86301],[104.47213,-1.85873],[104.472,-1.8571],[104.47265,-1.85602],[104.47235,-1.85569],[104.47056,-1.85547],[104.47235,-1.85535],[104.47304,-1.85493],[104.47321,-1.85249],[104.47181,-1.85141]],[[104.60638,-1.96311],[104.60773,-1.9624],[104.60911,-1.96],[104.61073,-1.95837],[104.6122,-1.95756],[104.61258,-1.95642],[104.61312,-1.95727],[104.61339,-1.95723],[104.61609,-1.95511],[104.61933,-1.95338],[104.6213,-1.95051],[104.62217,-1.94698],[104.62342,-1.94372],[104.62626,-1.93992],[104.62662,-1.93893],[104.62769,-1.93898],[104.62888,-1.93775],[104.62985,-1.93711],[104.63093,-1.93689],[104.63228,-1.93573],[104.63309,-1.93582],[104.63552,-1.93476],[104.63714,-1.93481],[104.63929,-1.9363],[104.64037,-1.93647],[104.64205,-1.93558],[104.64303,-1.93368],[104.64299,-1.92961],[104.6441,-1.92635],[104.6443,-1.92473],[104.64415,-1.92242],[104.64284,-1.91957],[104.64011,-1.9164],[104.63049,-1.90735],[104.62668,-1.90301],[104.61845,-1.89527]],[[104.60794,-1.88577],[104.60552,-1.8836]],[[104.60222,-1.88063],[104.60219,-1.88061]],[[104.60195,-1.88044],[104.6006,-1.87925]],[[104.59736,-1.87674],[104.59102,-1.87197],[104.58347,-1.86738],[104.57997,-1.86561],[104.56783,-1.86113],[104.56702,-1.86059],[104.56594,-1.86049],[104.56014,-1.8573]],[[104.54881,-1.85451],[104.54866,-1.85454]],[[104.54855,-1.85458],[104.54598,-1.85541],[104.54409,-1.85651],[104.54086,-1.85947],[104.53993,-1.86106]],[[104.54072,-1.86646],[104.5412,-1.86662],[104.54045,-1.86743],[104.54057,-1.86838]],[[104.5256,-1.91284],[104.52579,-1.91262]],[[104.47247,-1.8704],[104.47346,-1.86932],[104.47417,-1.86769],[104.47164,-1.86606],[104.47099,-1.86488],[104.46803,-1.86531]],[[104.47422,-1.88744],[104.47584,-1.88685],[104.47707,-1.88587],[104.47861,-1.88126],[104.47883,-1.87746],[104.47836,-1.87366],[104.4772,-1.87149],[104.47585,-1.87035],[104.47396,-1.87054],[104.4733,-1.87094]],[[104.46356,-1.90697],[104.47017,-1.9055],[104.47314,-1.90382],[104.47625,-1.9008],[104.47749,-1.89809],[104.47811,-1.89456],[104.4787,-1.8932],[104.47865,-1.89157],[104.47746,-1.8894],[104.4753,-1.88811],[104.47449,-1.8881]],[[104.46466,-1.92291],[104.46468,-1.92264]],[[104.49706,-1.94803],[104.49618,-1.94179],[104.49619,-1.9388],[104.49689,-1.93365],[104.49624,-1.93039],[104.49394,-1.92442],[104.49239,-1.92224],[104.49175,-1.92047],[104.49057,-1.91872],[104.4885,-1.91682],[104.48814,-1.91573],[104.48689,-1.91427],[104.48312,-1.91238],[104.48069,-1.91205],[104.47961,-1.91252],[104.47826,-1.91235],[104.47718,-1.91263],[104.47691,-1.91305],[104.47583,-1.91348],[104.4753,-1.91341],[104.47476,-1.91275],[104.47341,-1.9127],[104.47325,-1.91193],[104.4738,-1.91165],[104.47341,-1.91128],[104.47314,-1.91182],[104.47194,-1.91247],[104.4701,-1.91681],[104.46924,-1.9198],[104.46821,-1.92604]],[[104.52587,-1.91305],[104.52524,-1.91398]],[[104.52384,-1.91506],[104.52369,-1.91533]],[[104.52098,-1.92157],[104.52074,-1.9232]],[[104.50634,-1.92998],[104.50591,-1.93082]],[[104.50564,-1.93156],[104.50564,-1.93184]],[[104.50563,-1.93188],[104.50493,-1.93473],[104.50229,-1.93745],[104.50111,-1.93935],[104.50061,-1.94233],[104.50054,-1.94532],[104.50085,-1.94722]],[[104.61177,-1.9861],[104.6142,-1.98706],[104.61555,-1.98634],[104.61599,-1.98565]],[[104.61677,-1.97805],[104.61652,-1.97602],[104.61695,-1.97466],[104.6169,-1.97357],[104.61464,-1.97005],[104.6142,-1.96947],[104.61123,-1.96753],[104.61011,-1.96597],[104.60935,-1.96396],[104.60719,-1.96507]],[[104.65373,-1.96417],[104.64711,-1.96688],[104.64522,-1.96856],[104.64172,-1.96947],[104.63929,-1.97083],[104.63794,-1.97265],[104.63767,-1.97254],[104.63686,-1.97329],[104.63632,-1.97304],[104.63572,-1.97344]],[[104.63137,-1.97778],[104.63133,-1.97784]],[[104.63109,-1.97806],[104.62983,-1.97955],[104.62961,-1.98036],[104.6302,-1.98186]],[[104.6257,-1.98972],[104.62511,-1.99081]],[[104.62446,-1.99217],[104.62431,-1.99229]],[[104.62418,-1.99244],[104.62342,-1.99325]],[[104.62089,-1.99597],[104.61888,-1.99773],[104.61742,-2.00044],[104.61635,-2.0009],[104.61446,-2.00294],[104.61338,-2.00332],[104.61258,-2.00479],[104.61136,-2.00546]],[[104.61135,-2.00546],[104.61109,-2.00558]],[[104.61087,-2.00573],[104.61082,-2.00578]],[[104.60327,-2.008],[104.60259,-2.00839],[104.60246,-2.00913],[104.60355,-2.01048]],[[104.57683,-1.99988],[104.5771,-1.99988]],[[104.61136,-1.99172],[104.61264,-1.98931],[104.61204,-1.98835],[104.61096,-1.98761]],[[104.57184,-1.9986],[104.57287,-1.9988],[104.57262,-1.99908],[104.57292,-1.99939],[104.5731,-1.9988],[104.57373,-1.99936],[104.57383,-1.99908],[104.57454,-1.99908],[104.57454,-1.9997]],[[104.57494,-2.00376],[104.57423,-2.00328]],[[104.57239,-2.00138],[104.57211,-2.00106],[104.57184,-2.00161],[104.57103,-2.0016]],[[104.60333,-2.01075],[104.60124,-2.00904],[104.59989,-2.00877],[104.59935,-2.00829],[104.59828,-2.0081],[104.59585,-2.00827],[104.59531,-2.00856],[104.59275,-2.00822]],[[104.58142,-2.00817],[104.58138,-2.00844]]]}},{"id":"209","type":"Feature","properties":{"year":2001,"certainty":"insufficient data"},"geometry":{"type":"MultiLineString","coordinates":[[[104.48837,-1.83037],[104.4884,-1.83014]],[[104.48841,-1.8301],[104.48849,-1.82942],[104.48881,-1.82939],[104.49119,-1.82495]],[[104.49544,-1.82006],[104.49587,-1.81884],[104.49639,-1.8183],[104.49584,-1.81735]],[[104.49569,-1.81732],[104.49528,-1.8178],[104.495,-1.81748],[104.49543,-1.81708]],[[104.49566,-1.81708],[104.49569,-1.81709]],[[104.50179,-1.81301],[104.50311,-1.81133],[104.50384,-1.80907]],[[104.55678,-1.84925],[104.55706,-1.84871],[104.55704,-1.84816],[104.55675,-1.84817],[104.55703,-1.84871],[104.55677,-1.84896],[104.55596,-1.84867],[104.5554,-1.84898]],[[104.55057,-1.8482],[104.55246,-1.84848],[104.55327,-1.84899],[104.55383,-1.84817]],[[104.55088,-1.84925],[104.55112,-1.84898],[104.55084,-1.84867],[104.55057,-1.84865],[104.5511,-1.84898],[104.55088,-1.84925]],[[104.55239,-1.85007],[104.55247,-1.8498],[104.55219,-1.85004],[104.55196,-1.8498],[104.55223,-1.84925],[104.55192,-1.84896],[104.55162,-1.84925],[104.55188,-1.84952],[104.55165,-1.85007],[104.55239,-1.85007]],[[104.46716,-1.86334],[104.46871,-1.86226],[104.47059,-1.86022]],[[104.47221,-1.8517],[104.47181,-1.8514]],[[104.55408,-1.85224],[104.55408,-1.85197],[104.55381,-1.85169],[104.55407,-1.85197],[104.55408,-1.85224]],[[104.5498,-1.85251],[104.55003,-1.85224],[104.54976,-1.85247],[104.54947,-1.85224],[104.5498,-1.85251]],[[104.55138,-1.85398],[104.54814,-1.85465],[104.54525,-1.85576],[104.54275,-1.85758],[104.54035,-1.86011],[104.53982,-1.86119],[104.53968,-1.86255],[104.54008,-1.86309],[104.54009,-1.86499],[104.54097,-1.86581],[104.5403,-1.86608],[104.5412,-1.86662],[104.54045,-1.86743],[104.5406,-1.86906],[104.53988,-1.87205],[104.53893,-1.87476],[104.53785,-1.87639],[104.53772,-1.87775],[104.53655,-1.87938],[104.53615,-1.881],[104.53401,-1.88345],[104.53426,-1.88453],[104.53411,-1.88475],[104.5333,-1.88432],[104.53278,-1.88453],[104.5333,-1.88532]],[[104.59723,-1.8766],[104.58968,-1.87115],[104.58132,-1.8663],[104.56918,-1.86138],[104.56756,-1.86101],[104.56777,-1.86038],[104.5674,-1.85984],[104.56648,-1.8594],[104.56621,-1.8594],[104.56614,-1.85984],[104.56657,-1.86038],[104.56553,-1.86038],[104.56449,-1.85957],[104.56432,-1.85905],[104.56405,-1.85931],[104.56346,-1.85903],[104.56405,-1.85888],[104.5641,-1.85848],[104.56324,-1.85886],[104.56271,-1.85813],[104.56128,-1.8574],[104.5592,-1.85679]],[[104.47086,-1.86487],[104.46803,-1.86532]],[[104.60638,-1.96309],[104.60773,-1.96236],[104.60908,-1.96001],[104.61077,-1.95837],[104.61223,-1.95756],[104.61258,-1.9564],[104.61312,-1.95723],[104.61339,-1.95719],[104.6169,-1.95455],[104.61933,-1.95349],[104.62141,-1.95023],[104.62334,-1.94372],[104.62626,-1.93992],[104.62645,-1.93911],[104.62662,-1.93896],[104.62742,-1.93962],[104.62796,-1.9395],[104.62811,-1.93856],[104.62877,-1.93784],[104.62985,-1.9371],[104.63093,-1.93688],[104.63242,-1.93583]],[[104.63565,-1.93491],[104.63568,-1.9349]],[[104.63592,-1.9349],[104.63768,-1.93489],[104.63929,-1.93632],[104.64064,-1.93655],[104.64172,-1.93597],[104.64267,-1.93463]],[[104.64298,-1.93273],[104.64294,-1.93263]],[[104.64293,-1.93246],[104.64307,-1.93209],[104.64336,-1.93233],[104.64344,-1.93124],[104.64301,-1.93097],[104.64295,-1.93015],[104.64332,-1.92988],[104.64308,-1.92961],[104.64422,-1.92595]],[[104.64427,-1.92323],[104.64387,-1.92147],[104.64309,-1.91998]],[[104.62759,-1.90396],[104.61691,-1.8939],[104.61571,-1.89242],[104.60721,-1.88524],[104.60194,-1.88021],[104.59912,-1.8781]],[[104.53357,-1.88651],[104.53315,-1.8886],[104.53062,-1.89403],[104.52966,-1.89511],[104.52901,-1.8981],[104.52709,-1.90227],[104.52588,-1.90814],[104.52422,-1.91085]],[[104.46244,-1.90731],[104.4664,-1.90639],[104.46828,-1.90689],[104.46828,-1.90656],[104.46774,-1.90657],[104.46774,-1.90633],[104.46936,-1.90618],[104.47341,-1.90365],[104.47591,-1.90134],[104.47727,-1.8989],[104.47811,-1.89456],[104.47866,-1.89334]],[[104.51883,-1.90624],[104.519,-1.90573],[104.51926,-1.90606],[104.51953,-1.90589],[104.51954,-1.90509],[104.519,-1.90566],[104.51873,-1.9054],[104.51858,-1.90543],[104.51897,-1.9057],[104.51873,-1.90594],[104.51846,-1.90574],[104.51816,-1.90651],[104.51873,-1.90652]],[[104.46462,-1.92604],[104.46477,-1.92505],[104.46504,-1.92539],[104.46558,-1.92473],[104.46558,-1.92532],[104.46639,-1.92499],[104.46705,-1.92387],[104.46666,-1.92321],[104.46639,-1.92348],[104.46585,-1.92296],[104.46534,-1.92332],[104.46609,-1.92387],[104.46558,-1.92437],[104.46477,-1.92369],[104.46363,-1.91871],[104.46367,-1.91599],[104.46445,-1.91355],[104.4644,-1.91084],[104.46511,-1.90948],[104.46424,-1.90917],[104.46289,-1.90978]],[[104.49673,-1.93519],[104.49665,-1.93202],[104.49553,-1.92862]],[[104.48213,-1.91234],[104.48069,-1.91209],[104.47961,-1.91254],[104.47826,-1.91238],[104.47668,-1.91315]],[[104.47333,-1.9126],[104.47333,-1.91193],[104.4738,-1.91165],[104.47341,-1.91122],[104.47314,-1.91173],[104.47185,-1.91247],[104.46971,-1.9179],[104.46907,-1.92102]],[[104.46895,-1.92173],[104.46812,-1.92604]],[[104.52288,-1.91357],[104.52268,-1.91411],[104.52358,-1.91494]],[[104.52361,-1.91547],[104.52223,-1.91731],[104.52217,-1.91791]],[[104.52158,-1.91954],[104.52102,-1.9209],[104.5207,-1.92334],[104.52223,-1.92529]],[[104.52169,-1.9265],[104.52034,-1.92599],[104.51899,-1.92608],[104.51683,-1.92534],[104.51386,-1.92492],[104.51306,-1.92511],[104.51252,-1.92567],[104.51198,-1.92714],[104.50928,-1.92796],[104.50739,-1.92934],[104.50657,-1.92958],[104.50598,-1.93039],[104.50604,-1.93081],[104.5056,-1.93093],[104.50564,-1.93156]],[[104.50564,-1.93184],[104.50563,-1.93188]],[[104.50092,-1.9403],[104.50055,-1.9445],[104.50085,-1.94722]],[[104.61177,-1.98602],[104.6142,-1.98707],[104.61558,-1.98633],[104.61631,-1.98524],[104.61702,-1.98144],[104.61679,-1.97819],[104.61649,-1.97765],[104.61667,-1.97683],[104.6163,-1.97602],[104.617,-1.97466],[104.617,-1.97385],[104.61415,-1.9695],[104.61079,-1.96706],[104.60935,-1.96401],[104.60719,-1.96508]],[[104.65373,-1.96431],[104.64711,-1.96697],[104.64549,-1.96847],[104.64172,-1.96946],[104.63935,-1.97086],[104.63794,-1.97266],[104.63767,-1.97257],[104.63686,-1.9733],[104.63632,-1.973],[104.63586,-1.97331],[104.62983,-1.97955],[104.62975,-1.98091],[104.63119,-1.98309]],[[104.62043,-1.9771],[104.62067,-1.97662],[104.62094,-1.97691],[104.62127,-1.97683],[104.62075,-1.97656],[104.62094,-1.97607],[104.62152,-1.97629],[104.62129,-1.97493],[104.62067,-1.97399],[104.61984,-1.97412],[104.61983,-1.97493],[104.61959,-1.97504],[104.61905,-1.97459],[104.61744,-1.97487],[104.61771,-1.97575],[104.62043,-1.9771]],[[104.61863,-1.97765],[104.61829,-1.97656],[104.61771,-1.97654],[104.61758,-1.97737],[104.61797,-1.97786],[104.61863,-1.97765]],[[104.63065,-1.98426],[104.62903,-1.98321],[104.62849,-1.98321],[104.62468,-1.99203],[104.6204,-1.99675],[104.61905,-1.99759],[104.61736,-2.00044],[104.61635,-2.00095],[104.61446,-2.00298],[104.61334,-2.00343],[104.61271,-2.00479],[104.60691,-2.0077],[104.60286,-2.00809],[104.60243,-2.00858],[104.60286,-2.01017],[104.60218,-2.00994],[104.60124,-2.00904],[104.59989,-2.00874],[104.59935,-2.0083],[104.59828,-2.00812],[104.59531,-2.00854],[104.58964,-2.008],[104.58479,-2.00598]],[[104.60994,-1.99501],[104.61076,-1.99366],[104.61123,-1.99171],[104.6126,-1.98959],[104.61195,-1.98823],[104.61096,-1.98758]],[[104.62056,-1.98932],[104.62099,-1.98877],[104.6204,-1.98897],[104.6202,-1.98877],[104.62047,-1.9885],[104.62013,-1.98817],[104.62034,-1.9885],[104.61979,-1.98877],[104.62056,-1.98932]],[[104.6115,-1.9981],[104.61187,-1.99746],[104.61123,-1.99624]],[[104.59747,-2.00158],[104.60124,-2.00158],[104.6026,-2.00125]],[[104.58795,-2.00261],[104.58821,-2.00288],[104.58791,-2.00342],[104.58712,-2.00396],[104.58776,-2.00447],[104.588,-2.00424],[104.58776,-2.00385],[104.58811,-2.00396],[104.58814,-2.00451],[104.58803,-2.00475],[104.58776,-2.00455],[104.58776,-2.00484],[104.58803,-2.0048],[104.58856,-2.00453],[104.58857,-2.00376],[104.58909,-2.00369],[104.58816,-2.00315],[104.5891,-2.0032],[104.58937,-2.00294],[104.58999,-2.00315],[104.59018,-2.00218],[104.59477,-2.0018]]]}},{"id":"210","type":"Feature","properties":{"year":2002,"certainty":"insufficient data"},"geometry":{"type":"MultiLineString","coordinates":[[[104.48367,-1.83214],[104.4853,-1.83309],[104.48673,-1.83159],[104.48629,-1.83078],[104.48692,-1.83092],[104.48829,-1.83051],[104.48843,-1.82942],[104.48926,-1.82779],[104.49157,-1.82454],[104.49167,-1.82345],[104.49523,-1.8202],[104.49531,-1.81938],[104.49615,-1.81803],[104.49582,-1.81738],[104.49528,-1.8178],[104.495,-1.81748],[104.49519,-1.81721],[104.49663,-1.81675],[104.49669,-1.81721],[104.49744,-1.81703],[104.49813,-1.81558],[104.49933,-1.81559],[104.50046,-1.81477],[104.50292,-1.81151],[104.50382,-1.80907]],[[104.47268,-1.85032],[104.47585,-1.85151],[104.47801,-1.85174],[104.4799,-1.85076],[104.48098,-1.84929],[104.48192,-1.84706],[104.4826,-1.83782],[104.48341,-1.83837],[104.48424,-1.83756],[104.48431,-1.83594],[104.48394,-1.83539],[104.48446,-1.83431],[104.48298,-1.83268]],[[104.55678,-1.84925],[104.55706,-1.84871],[104.55704,-1.84816],[104.55675,-1.84817],[104.55703,-1.84871],[104.55677,-1.84896],[104.55596,-1.84867],[104.5554,-1.84898]],[[104.55057,-1.8482],[104.55246,-1.84848],[104.55327,-1.84899],[104.55383,-1.84817]],[[104.55088,-1.84925],[104.55112,-1.84898],[104.55084,-1.84867],[104.55057,-1.84865],[104.5511,-1.84898],[104.55088,-1.84925]],[[104.55239,-1.85007],[104.55247,-1.8498],[104.55219,-1.85004],[104.55196,-1.8498],[104.55223,-1.84925],[104.55192,-1.84896],[104.55162,-1.84925],[104.55188,-1.84952],[104.55165,-1.85007],[104.55239,-1.85007]],[[104.46938,-1.86098],[104.47217,-1.85873],[104.47193,-1.85683],[104.47251,-1.85602],[104.47047,-1.85547],[104.47295,-1.85493],[104.47317,-1.85249],[104.47181,-1.85147]],[[104.55408,-1.85224],[104.55408,-1.85197],[104.55381,-1.85169],[104.55407,-1.85197],[104.55408,-1.85224]],[[104.5498,-1.85251],[104.55003,-1.85224],[104.54976,-1.85247],[104.54947,-1.85224],[104.5498,-1.85251]],[[104.56865,-1.85333],[104.56894,-1.85306],[104.56894,-1.85279],[104.56864,-1.8525],[104.56851,-1.85251],[104.56889,-1.85279],[104.56865,-1.85333]],[[104.55138,-1.85398],[104.54598,-1.85541],[104.54248,-1.85782],[104.54221,-1.85763]],[[104.59723,-1.8766],[104.58968,-1.87115],[104.58132,-1.8663],[104.56884,-1.8612],[104.56729,-1.85965],[104.56621,-1.85938],[104.56582,-1.86011],[104.56525,-1.86011],[104.56432,-1.85905],[104.56405,-1.85931],[104.56346,-1.85903],[104.56405,-1.85888],[104.5641,-1.85848],[104.56297,-1.85884],[104.56136,-1.85747],[104.5592,-1.85679]],[[104.54194,-1.85826],[104.54019,-1.86011],[104.54038,-1.86038],[104.53988,-1.86065],[104.54006,-1.86092],[104.53942,-1.86119],[104.53983,-1.86173]],[[104.53786,-1.85956],[104.54009,-1.85956],[104.54011,-1.85929],[104.53951,-1.8592],[104.53897,-1.85866]],[[104.539,-1.86092],[104.53967,-1.86065],[104.53924,-1.86004],[104.53897,-1.86089]],[[104.54011,-1.86363],[104.54009,-1.86499],[104.54104,-1.86581],[104.54034,-1.86608],[104.54097,-1.86662],[104.53988,-1.87205],[104.53893,-1.87476],[104.53785,-1.87639],[104.53772,-1.87775],[104.53655,-1.87938],[104.53615,-1.881],[104.53401,-1.88345],[104.53426,-1.88453],[104.53411,-1.88475],[104.5333,-1.88432],[104.53278,-1.88453],[104.5333,-1.88532]],[[104.47234,-1.8703],[104.47361,-1.86904],[104.47412,-1.86769],[104.47153,-1.86611],[104.47111,-1.86497],[104.46936,-1.86497]],[[104.5386,-1.86852],[104.53984,-1.86852],[104.53924,-1.86733],[104.53897,-1.86816]],[[104.53784,-1.86906],[104.53806,-1.8696],[104.53784,-1.87042],[104.53816,-1.87073],[104.53849,-1.87042],[104.53826,-1.86879]],[[104.47422,-1.88747],[104.47634,-1.88669],[104.47719,-1.88569],[104.47861,-1.88126],[104.47884,-1.87692],[104.47835,-1.87366],[104.47693,-1.87118],[104.47585,-1.87036],[104.47396,-1.87059],[104.47335,-1.87094]],[[104.63066,-1.93664],[104.63228,-1.93569],[104.63336,-1.93568],[104.6339,-1.93519],[104.63552,-1.93463],[104.63768,-1.93467],[104.63956,-1.93642],[104.64091,-1.93653],[104.6423,-1.93531],[104.64294,-1.93385]],[[104.64297,-1.93355],[104.64283,-1.93233],[104.64335,-1.93151],[104.64294,-1.93124],[104.64288,-1.93015],[104.64337,-1.92988],[104.64297,-1.92961],[104.64414,-1.92608],[104.64423,-1.92283],[104.64373,-1.9212],[104.64253,-1.91932],[104.63967,-1.91604],[104.63067,-1.90767],[104.6277,-1.90416],[104.61535,-1.89215],[104.60721,-1.88524],[104.60194,-1.88021],[104.59912,-1.8781]],[[104.53357,-1.88651],[104.53324,-1.88779],[104.53341,-1.88833],[104.53094,-1.89349],[104.52976,-1.89511],[104.52905,-1.8981],[104.5282,-1.89946]],[[104.47098,-1.9051],[104.47395,-1.90301],[104.47614,-1.9008],[104.47721,-1.8989],[104.47796,-1.89456],[104.47855,-1.8932],[104.47859,-1.8913],[104.47773,-1.88969],[104.4753,-1.88807],[104.47449,-1.88814]],[[104.52817,-1.89951],[104.52659,-1.9038],[104.52635,-1.90706],[104.52466,-1.9105],[104.52422,-1.91085]],[[104.51883,-1.90624],[104.519,-1.90573],[104.51926,-1.90606],[104.51953,-1.90589],[104.51954,-1.90509],[104.519,-1.90566],[104.51873,-1.9054],[104.51858,-1.90543],[104.51897,-1.9057],[104.51873,-1.90594],[104.51846,-1.90574],[104.51816,-1.90651],[104.51873,-1.90652]],[[104.46244,-1.90731],[104.46505,-1.9064],[104.46828,-1.90608]],[[104.46453,-1.92604],[104.46477,-1.92512],[104.46585,-1.92516],[104.46675,-1.92468],[104.46647,-1.92441],[104.46678,-1.92387],[104.46626,-1.92278],[104.46673,-1.92224],[104.46612,-1.92115],[104.46531,-1.92157],[104.46504,-1.92141],[104.46477,-1.9219],[104.46421,-1.92169],[104.46368,-1.91952],[104.46355,-1.91654],[104.46436,-1.91328],[104.46434,-1.91084],[104.46492,-1.90948],[104.46424,-1.90917],[104.46289,-1.90978]],[[104.49701,-1.94803],[104.49651,-1.94586],[104.49615,-1.94179],[104.49615,-1.9388],[104.4969,-1.93392],[104.49621,-1.93039],[104.49411,-1.9255],[104.49393,-1.92442],[104.49231,-1.92224],[104.49179,-1.92062],[104.49077,-1.91899],[104.48851,-1.91681],[104.48808,-1.91573],[104.48698,-1.91437],[104.48528,-1.91327],[104.48285,-1.91228],[104.48069,-1.91204],[104.47959,-1.91247],[104.47745,-1.91249],[104.47583,-1.91354],[104.4753,-1.91347],[104.47472,-1.91274],[104.47314,-1.91275],[104.47277,-1.91247],[104.47373,-1.91165],[104.47341,-1.91131],[104.47314,-1.91184],[104.47202,-1.91247],[104.47214,-1.91301],[104.47085,-1.91491],[104.46969,-1.91817],[104.46882,-1.92227],[104.46849,-1.92224]],[[104.52155,-1.91954],[104.52081,-1.92334],[104.52223,-1.92529]],[[104.46855,-1.92229],[104.46864,-1.92332],[104.46819,-1.92387],[104.46859,-1.92414],[104.46819,-1.92468],[104.46811,-1.92604]],[[104.52169,-1.9265],[104.52007,-1.92593],[104.51899,-1.92608],[104.5171,-1.92538],[104.51333,-1.92498],[104.51277,-1.92524],[104.51201,-1.92714],[104.50901,-1.92809],[104.50755,-1.92931],[104.50658,-1.92964],[104.50569,-1.93148],[104.5056,-1.9331],[104.50498,-1.93473],[104.50253,-1.9372],[104.50111,-1.93935],[104.5006,-1.94233],[104.50056,-1.94505],[104.50091,-1.94722]],[[104.5061,-1.92903],[104.50616,-1.92876],[104.50577,-1.92839],[104.50566,-1.92849],[104.5061,-1.92903]],[[104.50284,-1.92985],[104.50261,-1.92958],[104.50285,-1.92903],[104.50226,-1.929],[104.50247,-1.9293],[104.50222,-1.92958],[104.50284,-1.92985]],[[104.60638,-1.96308],[104.60773,-1.96225],[104.60912,-1.95973],[104.61086,-1.9581],[104.61204,-1.95755],[104.61258,-1.95615],[104.61312,-1.9572],[104.61609,-1.95498],[104.61933,-1.95349],[104.62141,-1.95023],[104.62334,-1.94372],[104.62627,-1.93992],[104.62623,-1.93911],[104.62716,-1.93861]],[[104.61177,-1.98602],[104.6142,-1.98692],[104.61583,-1.98606],[104.61655,-1.98416],[104.61702,-1.98144],[104.61679,-1.97819],[104.61649,-1.97765],[104.61667,-1.97683],[104.6163,-1.97602],[104.617,-1.97466],[104.617,-1.97385],[104.61415,-1.9695],[104.61079,-1.96706],[104.60955,-1.96516],[104.60935,-1.96405],[104.60719,-1.96509]],[[104.65373,-1.96431],[104.64684,-1.96716],[104.64549,-1.96855],[104.64172,-1.96948],[104.63935,-1.97086],[104.63794,-1.97266],[104.63767,-1.97257],[104.63686,-1.9733],[104.63632,-1.973],[104.63586,-1.97331],[104.62984,-1.97955],[104.62964,-1.98063],[104.63119,-1.98309]],[[104.62043,-1.9771],[104.62067,-1.97662],[104.62094,-1.97691],[104.62127,-1.97683],[104.62075,-1.97656],[104.62094,-1.97607],[104.62152,-1.97629],[104.62129,-1.97493],[104.62067,-1.97399],[104.61984,-1.97412],[104.61983,-1.97493],[104.61959,-1.97504],[104.61905,-1.97459],[104.61744,-1.97487],[104.61771,-1.97575],[104.62043,-1.9771]],[[104.61863,-1.97765],[104.61829,-1.97656],[104.61771,-1.97654],[104.61758,-1.97737],[104.61797,-1.97786],[104.61863,-1.97765]],[[104.63065,-1.98426],[104.62903,-1.98321],[104.62849,-1.98321],[104.62468,-1.99203],[104.62303,-1.99366],[104.62256,-1.99453],[104.62013,-1.99689],[104.61959,-1.99707],[104.61818,-1.99909],[104.61794,-1.9999],[104.61635,-2.00095],[104.61446,-2.00296],[104.61339,-2.00343],[104.61257,-2.00488],[104.60691,-2.00767],[104.60286,-2.00809],[104.60243,-2.00858],[104.60261,-2.0094],[104.60369,-2.01048]],[[104.61015,-1.99465],[104.6125,-1.98931],[104.61204,-1.98836],[104.61096,-1.98758]],[[104.62056,-1.98932],[104.62099,-1.98877],[104.6204,-1.98897],[104.6202,-1.98877],[104.62047,-1.9885],[104.62013,-1.98817],[104.62034,-1.9885],[104.61979,-1.98877],[104.62056,-1.98932]],[[104.6115,-1.9981],[104.61187,-1.99746],[104.61123,-1.99624]],[[104.59747,-2.00158],[104.60124,-2.00158],[104.6026,-2.00125]],[[104.58795,-2.00261],[104.58821,-2.00288],[104.58791,-2.00342],[104.58712,-2.00396],[104.58776,-2.00447],[104.588,-2.00424],[104.58776,-2.00385],[104.58811,-2.00396],[104.58814,-2.00451],[104.58803,-2.00475],[104.58776,-2.00455],[104.58776,-2.00484],[104.58803,-2.0048],[104.58856,-2.00453],[104.58857,-2.00376],[104.58909,-2.00369],[104.58816,-2.00315],[104.5891,-2.0032],[104.58937,-2.00294],[104.58999,-2.00315],[104.59018,-2.00218],[104.59477,-2.0018]],[[104.60331,-2.01075],[104.60124,-2.00904],[104.59989,-2.00874],[104.59935,-2.0083],[104.59828,-2.00812],[104.59531,-2.00854],[104.58964,-2.008],[104.58479,-2.00598]]]}},{"id":"211","type":"Feature","properties":{"year":2004,"certainty":"insufficient data"},"geometry":{"type":"MultiLineString","coordinates":[[[104.48348,-1.83214],[104.48449,-1.83297],[104.48557,-1.83319],[104.4884,-1.83078],[104.49166,-1.82454],[104.49539,-1.82047],[104.49663,-1.81822],[104.50143,-1.81396],[104.50336,-1.81097],[104.50388,-1.80907]],[[104.47262,-1.85066],[104.47747,-1.85206],[104.47936,-1.85171],[104.48098,-1.85068],[104.48211,-1.84706],[104.48289,-1.84055],[104.48327,-1.83973],[104.48425,-1.83892],[104.4845,-1.83756],[104.48468,-1.83431],[104.483,-1.83268]],[[104.46722,-1.86342],[104.47007,-1.86144],[104.47167,-1.85982],[104.47297,-1.85792],[104.473,-1.85602],[104.47208,-1.85577],[104.47208,-1.85555],[104.47342,-1.85548],[104.47376,-1.85466],[104.47333,-1.85249],[104.47186,-1.8514]],[[104.62043,-1.95186],[104.62154,-1.95078],[104.62254,-1.94616],[104.62347,-1.94426],[104.62559,-1.94101],[104.62639,-1.94074],[104.62662,-1.93987],[104.62715,-1.94043],[104.62877,-1.94023],[104.62904,-1.93993],[104.62985,-1.94047],[104.62968,-1.93992],[104.63001,-1.93965],[104.62958,-1.93917],[104.62912,-1.93938],[104.62925,-1.93911],[104.62894,-1.93884],[104.62958,-1.93807],[104.62985,-1.93846],[104.63012,-1.93829],[104.63039,-1.93772],[104.6312,-1.93821],[104.63174,-1.93808],[104.63099,-1.93775],[104.63187,-1.93721],[104.63174,-1.93689],[104.63309,-1.93715],[104.63363,-1.93686],[104.63443,-1.93694],[104.63417,-1.93721],[104.63471,-1.93806],[104.63445,-1.93721],[104.63498,-1.93713],[104.63579,-1.93531],[104.6366,-1.93562],[104.63714,-1.9364],[104.63744,-1.9364],[104.63695,-1.93585],[104.63714,-1.93572],[104.63849,-1.9357],[104.63927,-1.93667],[104.6401,-1.93698],[104.64091,-1.93688],[104.64199,-1.93609],[104.6428,-1.9349],[104.64307,-1.9333],[104.64365,-1.9326],[104.64361,-1.93231],[104.64334,-1.93257],[104.64253,-1.93226],[104.6428,-1.93012],[104.64364,-1.92771],[104.64422,-1.92744],[104.6439,-1.92717],[104.64447,-1.92554],[104.64447,-1.92418],[104.64343,-1.92093],[104.6402,-1.91685],[104.6405,-1.91631],[104.63984,-1.91571],[104.63846,-1.91523],[104.63687,-1.9136],[104.63633,-1.91262],[104.63424,-1.91115],[104.63346,-1.91007],[104.63148,-1.90844],[104.62689,-1.90317],[104.62554,-1.90227],[104.62366,-1.90038],[104.62339,-1.89962],[104.62312,-1.89977],[104.62285,-1.8992],[104.621,-1.89785],[104.62123,-1.89753],[104.62042,-1.89748],[104.62012,-1.89677],[104.61933,-1.89622],[104.6194,-1.89595],[104.6182,-1.89514],[104.61772,-1.89399],[104.61706,-1.89405],[104.61715,-1.89351],[104.61659,-1.89269],[104.61557,-1.892],[104.61529,-1.89215],[104.61476,-1.89109],[104.61287,-1.88962],[104.6126,-1.88974],[104.61234,-1.88889],[104.61206,-1.88905],[104.61155,-1.88808],[104.61047,-1.88754],[104.60963,-1.88641],[104.60909,-1.88649],[104.60887,-1.88564],[104.60855,-1.88572],[104.60699,-1.88428],[104.60721,-1.88399],[104.60667,-1.88433],[104.60559,-1.88373],[104.60572,-1.88346],[104.60559,-1.88326],[104.60532,-1.88347],[104.60528,-1.88319],[104.60559,-1.88255],[104.60451,-1.88223],[104.60397,-1.88084],[104.6037,-1.88094],[104.60316,-1.88028],[104.60266,-1.88048],[104.60288,-1.88021],[104.60208,-1.87996],[104.60208,-1.87942],[104.60181,-1.87958],[104.60127,-1.87876],[104.60073,-1.87871],[104.5994,-1.87749],[104.59945,-1.87722],[104.59813,-1.87668],[104.59642,-1.87404],[104.59534,-1.87415],[104.59566,-1.87342],[104.59518,-1.8726],[104.59429,-1.8726],[104.59485,-1.87288],[104.59475,-1.87342],[104.59404,-1.87288],[104.59409,-1.87233],[104.59345,-1.87271],[104.59263,-1.87152],[104.59167,-1.87125],[104.5921,-1.87122],[104.59237,-1.87075],[104.59264,-1.87087],[104.59271,-1.87043],[104.59237,-1.8702],[104.59183,-1.87067],[104.59156,-1.87033],[104.59102,-1.87038],[104.59129,-1.8709],[104.59156,-1.87072],[104.59156,-1.87122],[104.59022,-1.87094],[104.59025,-1.87043],[104.58954,-1.87016],[104.58988,-1.86962],[104.5886,-1.86965],[104.58725,-1.8689],[104.58725,-1.86845],[104.58652,-1.86772],[104.58673,-1.86717],[104.58536,-1.86719],[104.58527,-1.86636],[104.58482,-1.86673],[104.58455,-1.86622],[104.58401,-1.86637],[104.58374,-1.86592],[104.58436,-1.86582],[104.58401,-1.86552],[104.5832,-1.86616],[104.58244,-1.86609],[104.58164,-1.86527],[104.58256,-1.86473],[104.58237,-1.86419],[104.58339,-1.86365],[104.58266,-1.86386],[104.58245,-1.86364],[104.58288,-1.86337],[104.58271,-1.8631],[104.58229,-1.86337],[104.58213,-1.86273],[104.58132,-1.86265],[104.58094,-1.86229],[104.58113,-1.86202],[104.57889,-1.86093],[104.57862,-1.86041],[104.57771,-1.85984],[104.577,-1.86],[104.57611,-1.85903],[104.57407,-1.85794],[104.57242,-1.85737],[104.57188,-1.85828],[104.57107,-1.85743],[104.57055,-1.85794],[104.57092,-1.85849],[104.5708,-1.85882],[104.57012,-1.85821],[104.5705,-1.85794],[104.57053,-1.85706],[104.56945,-1.85733],[104.56864,-1.85625],[104.56875,-1.85659],[104.56792,-1.85686],[104.56783,-1.85744],[104.56763,-1.85713],[104.56783,-1.8563],[104.56648,-1.85681],[104.56546,-1.85658],[104.5654,-1.85625],[104.56352,-1.85646],[104.56271,-1.85596],[104.56001,-1.85648],[104.56008,-1.85604],[104.5592,-1.85566],[104.5593,-1.85523],[104.55866,-1.85424],[104.55819,-1.85441],[104.55893,-1.85339],[104.55942,-1.85333],[104.55866,-1.85325],[104.55731,-1.85218],[104.55542,-1.85219],[104.55461,-1.85154],[104.55354,-1.85145],[104.55273,-1.85198],[104.55192,-1.85184],[104.55084,-1.85216],[104.55018,-1.85278],[104.55039,-1.85387],[104.54895,-1.85413],[104.54868,-1.85359],[104.54841,-1.85398],[104.54895,-1.85414],[104.54783,-1.85468],[104.54693,-1.85468],[104.54463,-1.85591],[104.54132,-1.85875],[104.54032,-1.86013],[104.5397,-1.86173],[104.53998,-1.86336],[104.53985,-1.86472],[104.54087,-1.86581],[104.54019,-1.86608],[104.54089,-1.86689],[104.53965,-1.87232],[104.53744,-1.87748],[104.53614,-1.87937],[104.5355,-1.88182],[104.53394,-1.88372],[104.53418,-1.8848],[104.5328,-1.88453],[104.53345,-1.88616],[104.53312,-1.88887],[104.53104,-1.89349],[104.52963,-1.89539],[104.52898,-1.8981],[104.52669,-1.90353],[104.52658,-1.9057],[104.52606,-1.90787],[104.52358,-1.91245]],[[104.56084,-1.85224],[104.56055,-1.85192],[104.55989,-1.85197],[104.56028,-1.85235],[104.56084,-1.85224]],[[104.55499,-1.85251],[104.55596,-1.85226],[104.55679,-1.85251],[104.55568,-1.85278]],[[104.58075,-1.86283],[104.58229,-1.86364],[104.58186,-1.86379]],[[104.58568,-1.86473],[104.58536,-1.86469],[104.58424,-1.86392],[104.58455,-1.86454],[104.58536,-1.86479],[104.58568,-1.86473]],[[104.47257,-1.8704],[104.47432,-1.86823],[104.47412,-1.8666],[104.47234,-1.86491],[104.47045,-1.86488],[104.46803,-1.86536]],[[104.47422,-1.88746],[104.47658,-1.88641],[104.47775,-1.88506],[104.47911,-1.8799],[104.479,-1.87556],[104.47852,-1.87339],[104.47867,-1.87257],[104.47791,-1.87149],[104.47817,-1.87122],[104.47787,-1.87094],[104.47801,-1.87027],[104.47774,-1.87057],[104.47738,-1.8704],[104.47773,-1.87013],[104.47751,-1.86932],[104.47639,-1.86896],[104.47558,-1.86922],[104.47323,-1.87094]],[[104.46262,-1.90746],[104.46505,-1.90649],[104.46963,-1.90572],[104.47341,-1.90361],[104.47628,-1.9008],[104.47773,-1.89727],[104.47888,-1.89211],[104.47773,-1.88948],[104.47554,-1.88804],[104.47449,-1.8881]],[[104.46476,-1.92604],[104.46464,-1.92278],[104.46369,-1.9195],[104.46362,-1.91735],[104.46369,-1.91599],[104.46533,-1.91084],[104.46541,-1.90948],[104.4637,-1.90929],[104.46289,-1.90971]],[[104.47242,-1.91274],[104.47368,-1.91187],[104.4737,-1.91138],[104.47341,-1.91133],[104.47196,-1.91247],[104.47206,-1.91285],[104.47242,-1.91274]],[[104.497,-1.94749],[104.49655,-1.94586],[104.49622,-1.94179],[104.49621,-1.9388],[104.49697,-1.93419],[104.49674,-1.93202],[104.49395,-1.92442],[104.49254,-1.92224],[104.49124,-1.91926],[104.48964,-1.91709],[104.48884,-1.91654],[104.48854,-1.91519],[104.4877,-1.91432],[104.48608,-1.91332],[104.48285,-1.91236],[104.47826,-1.91246],[104.47583,-1.91369],[104.47476,-1.91289],[104.47233,-1.91314],[104.47137,-1.9141],[104.47034,-1.91627],[104.46888,-1.92142],[104.46849,-1.92441],[104.46828,-1.92508],[104.468,-1.92495],[104.46833,-1.92549],[104.46789,-1.92604]],[[104.5225,-1.91731],[104.52096,-1.92117],[104.52063,-1.92361],[104.52145,-1.92524],[104.52213,-1.92551]],[[104.52169,-1.92645],[104.52034,-1.9259],[104.51899,-1.92606],[104.51654,-1.92524],[104.51333,-1.92509],[104.51261,-1.92578],[104.51197,-1.92714],[104.50901,-1.92819],[104.50793,-1.92912],[104.50658,-1.92964],[104.50497,-1.93473],[104.50341,-1.93609],[104.5013,-1.9388],[104.50052,-1.9426],[104.50076,-1.94722]],[[104.63149,-1.93884],[104.63093,-1.93849],[104.63085,-1.93857],[104.6312,-1.93887],[104.63149,-1.93884]],[[104.61582,-1.95537],[104.61744,-1.95433],[104.61782,-1.95458]],[[104.61409,-1.96407],[104.61356,-1.96299],[104.61366,-1.96195],[104.61484,-1.96217],[104.61403,-1.96299],[104.61501,-1.96369],[104.61506,-1.9619],[104.61555,-1.96133],[104.61636,-1.96205],[104.61663,-1.96174],[104.6169,-1.96205],[104.61717,-1.96089],[104.61771,-1.96148],[104.61855,-1.96109],[104.61852,-1.96077],[104.61771,-1.96133],[104.61717,-1.96076],[104.61663,-1.96082],[104.61636,-1.95983],[104.61717,-1.95954],[104.61771,-1.96007],[104.61778,-1.95973],[104.61726,-1.95946],[104.61744,-1.95929],[104.61879,-1.95924],[104.61933,-1.95953],[104.61967,-1.95892],[104.61933,-1.95801],[104.61896,-1.95838],[104.61937,-1.95892],[104.61906,-1.95924],[104.61798,-1.95911],[104.61801,-1.95838],[104.61755,-1.95783],[104.6169,-1.95804],[104.61666,-1.95783],[104.61717,-1.95705],[104.61755,-1.95729],[104.61728,-1.95648],[104.61744,-1.95589],[104.6169,-1.95719],[104.61646,-1.95702],[104.61674,-1.95675],[104.61663,-1.95635],[104.61555,-1.95647]],[[104.62478,-1.95783],[104.62418,-1.95781],[104.62388,-1.95756],[104.62418,-1.95788],[104.62478,-1.95783]],[[104.62203,-1.95826],[104.62228,-1.95919],[104.62256,-1.95925],[104.62283,-1.95898],[104.6232,-1.95919],[104.62287,-1.95865],[104.6231,-1.95837],[104.6228,-1.95838],[104.62256,-1.95912],[104.62232,-1.95892],[104.62234,-1.95783]],[[104.61546,-1.9581],[104.61574,-1.95837],[104.61501,-1.95997],[104.61474,-1.95934]],[[104.62025,-1.95973],[104.62078,-1.95946],[104.62068,-1.95912],[104.61979,-1.95946],[104.62025,-1.95973]],[[104.62181,-1.95946],[104.62176,-1.95914],[104.62114,-1.95946],[104.62149,-1.95972],[104.62181,-1.95946]],[[104.62002,-1.96055],[104.61977,-1.96],[104.61852,-1.96022],[104.61832,-1.96],[104.61859,-1.95973],[104.61817,-1.95973],[104.61825,-1.96034],[104.62002,-1.96055]],[[104.62239,-1.96],[104.62256,-1.9597],[104.62186,-1.96],[104.62203,-1.96009],[104.62239,-1.96]],[[104.61464,-1.96027],[104.6142,-1.9605],[104.61366,-1.95989],[104.61312,-1.96042],[104.61296,-1.96]],[[104.61258,-1.96297],[104.61229,-1.96245],[104.61257,-1.96217],[104.61226,-1.9619],[104.61258,-1.96127],[104.6128,-1.96272],[104.61258,-1.96297]],[[104.61709,-1.98009],[104.61704,-1.97357],[104.61642,-1.97276],[104.61664,-1.97249],[104.61623,-1.9714],[104.61681,-1.97113],[104.61683,-1.97032],[104.61749,-1.96977],[104.61752,-1.96923],[104.61717,-1.96929],[104.61702,-1.96896],[104.61723,-1.96787],[104.61652,-1.96733],[104.61609,-1.9658],[104.61582,-1.96627],[104.61528,-1.96554],[104.61483,-1.9657],[104.61501,-1.96482],[104.6142,-1.96524],[104.61393,-1.96592],[104.61339,-1.96577],[104.61312,-1.96528],[104.61231,-1.96521],[104.61177,-1.96443],[104.61113,-1.96434],[104.6115,-1.96377],[104.61177,-1.96426],[104.61197,-1.96407],[104.61147,-1.96326],[104.61197,-1.96299],[104.61177,-1.96265],[104.6123,-1.96272],[104.61205,-1.96326],[104.61242,-1.96407],[104.61215,-1.96434],[104.61258,-1.96476],[104.61266,-1.96407],[104.61312,-1.96359],[104.61366,-1.96358],[104.61388,-1.96407]],[[104.61339,-1.96346],[104.61292,-1.96326],[104.61297,-1.96272],[104.61348,-1.96272],[104.61323,-1.96299],[104.61361,-1.96326],[104.61339,-1.96346]],[[104.617,-1.96326],[104.61704,-1.96299],[104.61645,-1.96272],[104.6169,-1.9634],[104.617,-1.96326]],[[104.65373,-1.96293],[104.64819,-1.96612],[104.64738,-1.96626],[104.64468,-1.96817],[104.64306,-1.96874],[104.64279,-1.96842],[104.64202,-1.96924],[104.63875,-1.97096],[104.63794,-1.97237],[104.6374,-1.97225],[104.63686,-1.97318],[104.63632,-1.97288],[104.63607,-1.97304],[104.63281,-1.97631],[104.632,-1.97647],[104.63214,-1.97683],[104.63092,-1.97761],[104.63117,-1.97792],[104.62969,-1.97955],[104.62949,-1.98036],[104.62977,-1.98145],[104.63119,-1.98325]],[[104.63065,-1.98416],[104.62876,-1.98306],[104.62831,-1.98335],[104.62776,-1.9847]],[[104.62766,-1.98525],[104.62449,-1.99203],[104.62139,-1.99556]],[[104.61366,-1.98941],[104.61473,-1.99004],[104.6153,-1.98959],[104.61511,-1.98904]],[[104.59828,-2.00197],[104.60367,-2.00108],[104.60556,-2.00002],[104.60805,-1.99773],[104.61042,-1.99429]],[[104.62094,-1.99614],[104.61895,-1.99773],[104.61743,-2.00041],[104.61446,-2.00299],[104.61338,-2.00337],[104.61257,-2.00494],[104.60691,-2.0077],[104.60259,-2.00829],[104.60245,-2.00913],[104.60349,-2.01048]],[[104.60329,-2.01075],[104.60097,-2.00889],[104.59908,-2.00828]]]}},{"id":"212","type":"Feature","properties":{"year":2005,"certainty":"insufficient data"},"geometry":{"type":"MultiLineString","coordinates":[[[104.48348,-1.83214],[104.48449,-1.83297],[104.48557,-1.83319],[104.4884,-1.83078],[104.49166,-1.82454],[104.49536,-1.82047],[104.49648,-1.81857],[104.49658,-1.81775],[104.49936,-1.81586],[104.50143,-1.81396],[104.50336,-1.81097],[104.50388,-1.80907]],[[104.47262,-1.85066],[104.47747,-1.85206],[104.47936,-1.85171],[104.48098,-1.85068],[104.48211,-1.84706],[104.48289,-1.84055],[104.48327,-1.83973],[104.48425,-1.83892],[104.4845,-1.83756],[104.48468,-1.83431],[104.483,-1.83268]],[[104.46722,-1.86341],[104.46992,-1.86148],[104.47297,-1.85792],[104.473,-1.85602],[104.47208,-1.85577],[104.47208,-1.85555],[104.47342,-1.85548],[104.47376,-1.85466],[104.47333,-1.85249],[104.47186,-1.8514]],[[104.60766,-1.96299],[104.60809,-1.96163],[104.60866,-1.96136],[104.6091,-1.95973],[104.61056,-1.95837],[104.61212,-1.95756],[104.61257,-1.9562],[104.61285,-1.95704],[104.61339,-1.9572],[104.61609,-1.95505],[104.61926,-1.95322],[104.62068,-1.95134],[104.62124,-1.95105],[104.62252,-1.94616],[104.62327,-1.94453],[104.62555,-1.94101],[104.6265,-1.94046],[104.62629,-1.94019],[104.62662,-1.9398],[104.62715,-1.94033],[104.62796,-1.94033],[104.62931,-1.93977],[104.62955,-1.94046],[104.62985,-1.94047],[104.62968,-1.93992],[104.63001,-1.93965],[104.62958,-1.93917],[104.62912,-1.93938],[104.62894,-1.93884],[104.6293,-1.93829],[104.62958,-1.93807],[104.62985,-1.93846],[104.63039,-1.93772],[104.6312,-1.93821],[104.63174,-1.93808],[104.63099,-1.93775],[104.63201,-1.93686],[104.63228,-1.93713],[104.63443,-1.93694],[104.63417,-1.93721],[104.63471,-1.93806],[104.63445,-1.93721],[104.63498,-1.93713],[104.63579,-1.93531],[104.6366,-1.93562],[104.63714,-1.9364],[104.63744,-1.9364],[104.63695,-1.93585],[104.63714,-1.93572],[104.63849,-1.9357],[104.63927,-1.93667],[104.6401,-1.93698],[104.64091,-1.93688],[104.64199,-1.93609],[104.64299,-1.93423],[104.64299,-1.93341],[104.64336,-1.93314],[104.64312,-1.93233],[104.6434,-1.93151],[104.6428,-1.93108],[104.64272,-1.93015],[104.64413,-1.925],[104.64401,-1.92283],[104.64309,-1.92052]],[[104.64159,-1.91868],[104.63593,-1.91266]],[[104.63465,-1.91156],[104.63086,-1.90817],[104.62831,-1.90505]],[[104.62568,-1.90253],[104.61542,-1.89242],[104.60951,-1.88713]],[[104.6095,-1.88712],[104.609,-1.88659]],[[104.60842,-1.88625],[104.60801,-1.88626],[104.60779,-1.88591],[104.60815,-1.88567]],[[104.60815,-1.88557],[104.60808,-1.8855]],[[104.60788,-1.88546],[104.60694,-1.88429],[104.60549,-1.88373],[104.60559,-1.88341],[104.60532,-1.88352],[104.60493,-1.88292],[104.60559,-1.88258],[104.60451,-1.88229],[104.60397,-1.88104],[104.60365,-1.88129],[104.60343,-1.88044],[104.60316,-1.88034],[104.60289,-1.88071],[104.60262,-1.8802],[104.60196,-1.88021],[104.60203,-1.87966],[104.60033,-1.87858],[104.59945,-1.87722],[104.59813,-1.87668],[104.59669,-1.87447],[104.59588,-1.87417],[104.59453,-1.87251],[104.59283,-1.87125],[104.59264,-1.87056],[104.5921,-1.87034],[104.59183,-1.87062],[104.59049,-1.86976],[104.58961,-1.87016],[104.58968,-1.8698],[104.59017,-1.86962],[104.59001,-1.86907],[104.59026,-1.8688],[104.58995,-1.86853],[104.58941,-1.86876],[104.58914,-1.86817],[104.58887,-1.86862],[104.58968,-1.86894],[104.58968,-1.86948],[104.58721,-1.8688],[104.58725,-1.86845],[104.58652,-1.86772],[104.58673,-1.86717],[104.58536,-1.86719],[104.58527,-1.86636],[104.58482,-1.86673],[104.58455,-1.86622],[104.58401,-1.86637],[104.58374,-1.86592],[104.58436,-1.86582],[104.58401,-1.86552],[104.5832,-1.86616],[104.58266,-1.86618],[104.58179,-1.86554],[104.58164,-1.86527],[104.58256,-1.86473],[104.58237,-1.86419],[104.58339,-1.86365],[104.58266,-1.86386],[104.58245,-1.86364],[104.58288,-1.86337],[104.58271,-1.8631],[104.58229,-1.86337],[104.58213,-1.86273],[104.58132,-1.86265],[104.58094,-1.86229],[104.58113,-1.86202],[104.57889,-1.86093],[104.57862,-1.86041],[104.57771,-1.85984],[104.577,-1.86],[104.57611,-1.85903],[104.57336,-1.85767],[104.57289,-1.85767],[104.57269,-1.85824],[104.57107,-1.85742],[104.57053,-1.85777],[104.57053,-1.85706],[104.56945,-1.85733],[104.56864,-1.85625],[104.56875,-1.85659],[104.5681,-1.8567],[104.56756,-1.85757],[104.56621,-1.85674],[104.56352,-1.85646],[104.56271,-1.85596],[104.56001,-1.85648],[104.56008,-1.85604],[104.5592,-1.85566],[104.5593,-1.85523],[104.55866,-1.85424],[104.55819,-1.85441],[104.55893,-1.85339],[104.55942,-1.85333],[104.55866,-1.85325],[104.55748,-1.85224],[104.55542,-1.85219],[104.55461,-1.85154],[104.55354,-1.85145],[104.55273,-1.85198],[104.55125,-1.85197],[104.55047,-1.85278],[104.55057,-1.85413],[104.54895,-1.85413],[104.54868,-1.85359],[104.54836,-1.85387],[104.54895,-1.85414],[104.54868,-1.8543],[104.54841,-1.8542],[104.54783,-1.85468],[104.54706,-1.85463],[104.54463,-1.85591],[104.54211,-1.85794],[104.54032,-1.86013],[104.53968,-1.86255],[104.54006,-1.86363],[104.53997,-1.86499],[104.54088,-1.86581],[104.54022,-1.86608],[104.54092,-1.86689],[104.53965,-1.87232],[104.53746,-1.87748],[104.53615,-1.87937],[104.53551,-1.88182],[104.53394,-1.88372],[104.53418,-1.8848],[104.5328,-1.88453],[104.53345,-1.88616],[104.53312,-1.88887],[104.53104,-1.89349],[104.52963,-1.89539],[104.52898,-1.8981],[104.52669,-1.90353],[104.52659,-1.9057],[104.52607,-1.90787],[104.52358,-1.91245]],[[104.56084,-1.85224],[104.56055,-1.85192],[104.55989,-1.85197],[104.56028,-1.85235],[104.56084,-1.85224]],[[104.55499,-1.85251],[104.55596,-1.85226],[104.55679,-1.85251],[104.55568,-1.85278]],[[104.56763,-1.85713],[104.56763,-1.85686],[104.56783,-1.8563],[104.56708,-1.85658],[104.56763,-1.85713]],[[104.58075,-1.86283],[104.58229,-1.86364],[104.58186,-1.86379]],[[104.58568,-1.86473],[104.58536,-1.86469],[104.58424,-1.86392],[104.58455,-1.86454],[104.58536,-1.86479],[104.58568,-1.86473]],[[104.47257,-1.8704],[104.47432,-1.86823],[104.47412,-1.8666],[104.47234,-1.86491],[104.47045,-1.86488],[104.46803,-1.86538]],[[104.47422,-1.88745],[104.47638,-1.88653],[104.47746,-1.88567],[104.47775,-1.88506],[104.47902,-1.8799],[104.479,-1.87556],[104.47852,-1.87339],[104.47867,-1.87257],[104.47791,-1.87149],[104.47817,-1.87122],[104.47787,-1.87094],[104.47801,-1.87027],[104.47774,-1.87057],[104.47738,-1.8704],[104.47773,-1.87013],[104.47751,-1.86932],[104.47639,-1.86896],[104.47558,-1.86922],[104.47323,-1.87094]],[[104.46262,-1.90746],[104.46505,-1.90649],[104.46828,-1.90608],[104.47017,-1.90551],[104.47368,-1.90341],[104.47617,-1.90093]],[[104.47786,-1.89645],[104.47879,-1.8932],[104.47861,-1.89103],[104.47792,-1.88967],[104.47719,-1.88907],[104.47553,-1.88804],[104.47449,-1.88812]],[[104.46472,-1.92604],[104.46479,-1.92386],[104.46369,-1.91925],[104.46367,-1.91627],[104.46533,-1.91084],[104.46541,-1.90948],[104.4637,-1.90929],[104.46289,-1.90971]],[[104.47252,-1.91274],[104.4737,-1.91193],[104.47368,-1.9113],[104.47178,-1.91274],[104.47252,-1.91274]],[[104.49708,-1.94803],[104.49652,-1.94586],[104.4962,-1.94179],[104.49621,-1.9388],[104.49693,-1.93419],[104.49673,-1.93202],[104.49395,-1.92442],[104.49254,-1.92224],[104.49124,-1.91926],[104.48964,-1.91709],[104.48884,-1.91654],[104.48854,-1.91519],[104.4877,-1.91432],[104.48447,-1.91273],[104.48123,-1.91226],[104.47745,-1.91268],[104.4761,-1.91364],[104.47422,-1.91283],[104.47233,-1.91318],[104.47125,-1.91405],[104.47071,-1.91364],[104.47071,-1.91396],[104.47122,-1.9141],[104.47005,-1.916],[104.47036,-1.91627],[104.46953,-1.91925],[104.46918,-1.91952],[104.46911,-1.92088],[104.46873,-1.92088],[104.46882,-1.92278],[104.46842,-1.92441],[104.46801,-1.92437],[104.46818,-1.92468],[104.46759,-1.92549],[104.46774,-1.92616]],[[104.5225,-1.91731],[104.52096,-1.92117],[104.52063,-1.92361],[104.52145,-1.92524],[104.52213,-1.92551]],[[104.46564,-1.92359],[104.46531,-1.92313],[104.46489,-1.92332],[104.46531,-1.92381],[104.46564,-1.92359]],[[104.52169,-1.92645],[104.52034,-1.9259],[104.51899,-1.92606],[104.51654,-1.92524],[104.51333,-1.92509],[104.51261,-1.92578],[104.51198,-1.92717],[104.50874,-1.92834],[104.50793,-1.92913],[104.50658,-1.92965],[104.50496,-1.93467],[104.50341,-1.93609],[104.5013,-1.9388],[104.50055,-1.9426],[104.50073,-1.94722]],[[104.63149,-1.93884],[104.63093,-1.93849],[104.63085,-1.93857],[104.6312,-1.93887],[104.63149,-1.93884]],[[104.61177,-1.98619],[104.61258,-1.98676],[104.61447,-1.98716],[104.61596,-1.98606],[104.61671,-1.98443],[104.6171,-1.98199],[104.61702,-1.97819],[104.61665,-1.97629],[104.61685,-1.97385],[104.61604,-1.97167],[104.61501,-1.97059],[104.61496,-1.97005],[104.61629,-1.96869],[104.61582,-1.9689],[104.61527,-1.96815],[104.61389,-1.96733],[104.61384,-1.96679],[104.61312,-1.96609],[104.61169,-1.9657],[104.61096,-1.9647],[104.61064,-1.96489],[104.61079,-1.96434],[104.61016,-1.9637],[104.60962,-1.96373],[104.60881,-1.96283],[104.608,-1.96251],[104.60787,-1.96272],[104.60836,-1.96299],[104.60783,-1.96326]],[[104.65373,-1.96296],[104.64819,-1.96612],[104.64738,-1.96626],[104.64468,-1.96817],[104.64306,-1.96874],[104.64279,-1.96842],[104.64225,-1.9691],[104.63875,-1.97096],[104.63794,-1.97237],[104.6374,-1.97225],[104.63686,-1.97318],[104.63632,-1.97288],[104.63607,-1.97304],[104.63281,-1.97631],[104.632,-1.97647],[104.63214,-1.97683],[104.63092,-1.97761],[104.63117,-1.97792],[104.62969,-1.97955],[104.62949,-1.98036],[104.62977,-1.98145],[104.63119,-1.98325]],[[104.63065,-1.98416],[104.62876,-1.98306],[104.62831,-1.98335],[104.62776,-1.9847]],[[104.62766,-1.98525],[104.62449,-1.99203],[104.62139,-1.99556]],[[104.61234,-1.99094],[104.61273,-1.98931],[104.61089,-1.98769]],[[104.61488,-1.98986],[104.61527,-1.98962],[104.61527,-1.98953],[104.615,-1.98947],[104.61473,-1.99004],[104.61488,-1.98986]],[[104.57346,-1.99891],[104.57373,-1.99918],[104.57508,-1.99906],[104.58182,-2.00078],[104.58857,-2.00198],[104.6007,-2.00174],[104.60367,-2.00108],[104.60575,-1.9999],[104.60805,-1.99773],[104.61042,-1.99429]],[[104.62094,-1.99614],[104.61895,-1.99773],[104.61743,-2.00041],[104.61446,-2.00303],[104.61337,-2.00343],[104.61257,-2.00498],[104.60691,-2.0077],[104.60263,-2.00831],[104.60248,-2.00913],[104.60349,-2.01048]],[[104.57481,-2.00226],[104.57558,-2.00179],[104.57508,-2.0013],[104.57481,-2.00187]],[[104.57887,-2.00613],[104.57858,-2.00572],[104.57749,-2.00532],[104.5775,-2.00504],[104.57705,-2.00505],[104.57643,-2.00414],[104.57562,-2.00447]],[[104.60325,-2.01075],[104.60151,-2.00927],[104.59935,-2.00843],[104.59612,-2.00831],[104.59504,-2.00868],[104.59342,-2.00831],[104.58964,-2.0082],[104.58344,-2.00574],[104.58209,-2.00598],[104.58139,-2.00858]]]}},{"id":"213","type":"Feature","properties":{"year":2006,"certainty":"insufficient data"},"geometry":{"type":"MultiLineString","coordinates":[[[104.48348,-1.83214],[104.4853,-1.83325],[104.48665,-1.83203],[104.4867,-1.83132],[104.48827,-1.83066],[104.49133,-1.82427],[104.49501,-1.82066],[104.49626,-1.81857],[104.49621,-1.81748],[104.49744,-1.8171],[104.50077,-1.8145],[104.50279,-1.81179],[104.50377,-1.80907]],[[104.47262,-1.85045],[104.47585,-1.85175],[104.47774,-1.85203],[104.48006,-1.85086],[104.48067,-1.85005],[104.48199,-1.84706],[104.48262,-1.83919],[104.48287,-1.83855],[104.48368,-1.83857],[104.48395,-1.83896],[104.48433,-1.83784],[104.48451,-1.83594],[104.48411,-1.83539],[104.48455,-1.83431],[104.48294,-1.83268]],[[104.46722,-1.86341],[104.46857,-1.86259],[104.47241,-1.85846],[104.4721,-1.8571],[104.47275,-1.85602],[104.47192,-1.85574],[104.47319,-1.85493],[104.47328,-1.85276],[104.47289,-1.85214],[104.47181,-1.85146]],[[104.60638,-1.96323],[104.60773,-1.96237],[104.60931,-1.95973],[104.61043,-1.95859],[104.61226,-1.95756],[104.61258,-1.95637],[104.61296,-1.95729],[104.61339,-1.95729],[104.61612,-1.95512],[104.6196,-1.95297],[104.62136,-1.95051],[104.62216,-1.94671],[104.62338,-1.94363],[104.62473,-1.94146],[104.62623,-1.93992],[104.62635,-1.93903],[104.6285,-1.93878],[104.62833,-1.93829],[104.62931,-1.93735],[104.63084,-1.93667],[104.63203,-1.93558],[104.63376,-1.93519]],[[104.6343,-1.93498],[104.63552,-1.93462],[104.63687,-1.93478],[104.63822,-1.93532],[104.63956,-1.93674],[104.64118,-1.93669],[104.64202,-1.93585],[104.64253,-1.93477],[104.64229,-1.93368],[104.64252,-1.93192]],[[104.60626,-1.88462],[104.60316,-1.88153],[104.60181,-1.88076],[104.59799,-1.87722],[104.59735,-1.87586],[104.59669,-1.87572],[104.59623,-1.87505],[104.59722,-1.87478],[104.59672,-1.8745],[104.59698,-1.87423],[104.59615,-1.87477],[104.59221,-1.8707],[104.59117,-1.87016],[104.59076,-1.86934],[104.58806,-1.86766],[104.58644,-1.86719],[104.5859,-1.86638],[104.58482,-1.86608],[104.58347,-1.86497],[104.58344,-1.86527],[104.5831,-1.86527],[104.58293,-1.86464],[104.58266,-1.8651],[104.58239,-1.8642],[104.58159,-1.86387],[104.58105,-1.864],[104.58051,-1.86337],[104.57646,-1.86118],[104.57511,-1.86113],[104.57403,-1.86058],[104.57242,-1.85956],[104.57221,-1.8593],[104.57247,-1.85821],[104.57215,-1.85811],[104.57188,-1.85853],[104.57134,-1.8577],[104.56972,-1.85808],[104.5681,-1.85712],[104.56648,-1.85684],[104.56486,-1.85611],[104.56352,-1.8561],[104.56109,-1.85508],[104.56028,-1.85537],[104.55893,-1.85502],[104.55866,-1.8545],[104.55817,-1.85441],[104.55812,-1.85387],[104.55726,-1.85333],[104.55731,-1.85303],[104.5565,-1.85313],[104.55381,-1.85219],[104.55397,-1.85251],[104.55327,-1.85289],[104.55246,-1.85264],[104.55192,-1.853],[104.55138,-1.8524],[104.55057,-1.85265],[104.55057,-1.85421],[104.54949,-1.8536],[104.54903,-1.85387],[104.54868,-1.8547],[104.54736,-1.85495],[104.54733,-1.85449],[104.54655,-1.85495],[104.54682,-1.85522],[104.54649,-1.85549],[104.5449,-1.85617],[104.54463,-1.85591],[104.5442,-1.85631]],[[104.56486,-1.85363],[104.5654,-1.85359],[104.5657,-1.85306],[104.5652,-1.85278]],[[104.54128,-1.85875],[104.54,-1.86092],[104.5397,-1.86201],[104.54012,-1.86363],[104.54003,-1.86499],[104.54093,-1.86581],[104.54056,-1.86635],[104.54115,-1.86662],[104.54069,-1.86743],[104.54047,-1.87015],[104.53938,-1.87368],[104.53784,-1.87639],[104.53744,-1.87802],[104.53634,-1.87938],[104.536,-1.8814],[104.53397,-1.88372],[104.53423,-1.8848],[104.5329,-1.88453],[104.53353,-1.8867],[104.5332,-1.88887],[104.53179,-1.89213],[104.52969,-1.89539],[104.52906,-1.8981],[104.52673,-1.90353],[104.52632,-1.90733],[104.52303,-1.91357],[104.52304,-1.91443],[104.52385,-1.91436],[104.5251,-1.91357],[104.52709,-1.91139]],[[104.57681,-1.86039],[104.57682,-1.86012],[104.5762,-1.85984],[104.57646,-1.85932],[104.57592,-1.85955],[104.57565,-1.85916],[104.57518,-1.8593],[104.57545,-1.85984],[104.57511,-1.8601],[104.57428,-1.86011],[104.57457,-1.86056],[104.57511,-1.86019],[104.57565,-1.86043],[104.57619,-1.85985],[104.57648,-1.86039],[104.57681,-1.86039]],[[104.47257,-1.8704],[104.47388,-1.86877],[104.4743,-1.86742],[104.4718,-1.86579],[104.47126,-1.86487],[104.46803,-1.86538]],[[104.47422,-1.88747],[104.47638,-1.88653],[104.47733,-1.8856],[104.47812,-1.8837],[104.47894,-1.87977]],[[104.47898,-1.87814],[104.47897,-1.87556],[104.47861,-1.8742],[104.4772,-1.87134],[104.47636,-1.8704],[104.47558,-1.87008],[104.47423,-1.87035],[104.47338,-1.87094]],[[104.46262,-1.9075],[104.46316,-1.90775],[104.46326,-1.90731],[104.4637,-1.90723],[104.46397,-1.9076],[104.46424,-1.90704],[104.46478,-1.90713],[104.46505,-1.9068],[104.46559,-1.90725],[104.46541,-1.90677],[104.46584,-1.9065],[104.46694,-1.90688],[104.46708,-1.9065],[104.46783,-1.90622],[104.46882,-1.90595],[104.46936,-1.90614],[104.47341,-1.90371],[104.47622,-1.90093]],[[104.47705,-1.89934],[104.47706,-1.89931]],[[104.47732,-1.89861],[104.47735,-1.89849]],[[104.47786,-1.89649],[104.47879,-1.89266],[104.47831,-1.89049],[104.47713,-1.88913],[104.4753,-1.88807],[104.47449,-1.88812]],[[104.46778,-1.90812],[104.46694,-1.90708],[104.46617,-1.90704],[104.46667,-1.90804],[104.4672,-1.90831],[104.46778,-1.90812]],[[104.46464,-1.92604],[104.4647,-1.92414],[104.46519,-1.92414],[104.46488,-1.92441],[104.46504,-1.92462],[104.46547,-1.92441],[104.46531,-1.92382],[104.46596,-1.92387],[104.46569,-1.92305],[104.4662,-1.92305],[104.46585,-1.92241],[104.46531,-1.92223],[104.46477,-1.92257],[104.46422,-1.92169],[104.46367,-1.91816],[104.46368,-1.91627],[104.4653,-1.90948],[104.46451,-1.90915],[104.46316,-1.90945],[104.46289,-1.90977]],[[104.47246,-1.91274],[104.47379,-1.91193],[104.47368,-1.91122],[104.47178,-1.91274],[104.47246,-1.91274]],[[104.52736,-1.91169],[104.52363,-1.91574],[104.52239,-1.91764],[104.52124,-1.92035],[104.52068,-1.92361],[104.52219,-1.92551]],[[104.49702,-1.94803],[104.49686,-1.94705],[104.49778,-1.94667],[104.4974,-1.94609],[104.49686,-1.94651],[104.49649,-1.94586],[104.49617,-1.94233],[104.49614,-1.9388],[104.49692,-1.93392],[104.49662,-1.93175],[104.49741,-1.93161],[104.49795,-1.93234],[104.49849,-1.93235],[104.49903,-1.93402],[104.4993,-1.93406],[104.49985,-1.9331],[104.4993,-1.9325],[104.49852,-1.93229],[104.49839,-1.9312],[104.49903,-1.93081],[104.49906,-1.93066],[104.49822,-1.92966],[104.49763,-1.92957],[104.49741,-1.92915],[104.4966,-1.93109],[104.49633,-1.9308],[104.49398,-1.92442],[104.49237,-1.92224],[104.49168,-1.92034],[104.4905,-1.91872],[104.48834,-1.91682],[104.48799,-1.91573],[104.4868,-1.91437],[104.48339,-1.91254],[104.48069,-1.91222],[104.47961,-1.91258],[104.47745,-1.91263],[104.4761,-1.91357],[104.4753,-1.91337],[104.47476,-1.91285],[104.47395,-1.91285],[104.47233,-1.91313],[104.47125,-1.91397],[104.47071,-1.91363],[104.46988,-1.91437],[104.47044,-1.91423],[104.4708,-1.91464],[104.4699,-1.91491],[104.46954,-1.91572],[104.47,-1.916],[104.46963,-1.91627],[104.47014,-1.91654],[104.46981,-1.91681],[104.4699,-1.91746],[104.46936,-1.91752],[104.46936,-1.91708],[104.46747,-1.91637],[104.46666,-1.91667],[104.46634,-1.91654],[104.46639,-1.91708],[104.46692,-1.91735],[104.46654,-1.91789],[104.4672,-1.91824],[104.46823,-1.91789],[104.4674,-1.91762],[104.46816,-1.91735],[104.46801,-1.91691],[104.46855,-1.91684],[104.46834,-1.9179],[104.46882,-1.91801],[104.46931,-1.91871],[104.46892,-1.91898],[104.46941,-1.91898],[104.46936,-1.91935],[104.46882,-1.91935],[104.46855,-1.91979],[104.46824,-1.91952],[104.46855,-1.92034],[104.46876,-1.92007],[104.46855,-1.91979],[104.46882,-1.91959],[104.46917,-1.9198],[104.46881,-1.92142],[104.46828,-1.92147],[104.46801,-1.92193],[104.46747,-1.9212],[104.46729,-1.92142],[104.4676,-1.92197],[104.4672,-1.92234],[104.46669,-1.92224],[104.46701,-1.92251],[104.46693,-1.92291],[104.46747,-1.92312],[104.46801,-1.92305],[104.4685,-1.92359],[104.46828,-1.92463],[104.46812,-1.92387],[104.46774,-1.92346],[104.46751,-1.92359],[104.46824,-1.92468],[104.46787,-1.92495],[104.46828,-1.92567],[104.46763,-1.92549],[104.4679,-1.92604]],[[104.46891,-1.91382],[104.46985,-1.91301],[104.46936,-1.91309],[104.46882,-1.9138],[104.46837,-1.91355],[104.46855,-1.91292],[104.46774,-1.91342],[104.46739,-1.91328],[104.46774,-1.91409],[104.46801,-1.91369],[104.46891,-1.91382]],[[104.46707,-1.91627],[104.46747,-1.91553],[104.46804,-1.91545],[104.46756,-1.91518],[104.46783,-1.91464],[104.46747,-1.9142],[104.46666,-1.91435],[104.46683,-1.91464],[104.46637,-1.91491],[104.46629,-1.91545],[104.46688,-1.91599],[104.46667,-1.91627],[104.46693,-1.9165],[104.46707,-1.91627]],[[104.4672,-1.91567],[104.46703,-1.91518],[104.4672,-1.91447],[104.46767,-1.91464],[104.46721,-1.91491],[104.46742,-1.91545],[104.4672,-1.91567]],[[104.46928,-1.916],[104.46909,-1.91583],[104.46815,-1.916],[104.46909,-1.91619],[104.46928,-1.916]],[[104.46727,-1.91952],[104.46757,-1.91898],[104.46747,-1.91888],[104.46693,-1.91952],[104.46727,-1.91952]],[[104.46828,-1.92288],[104.46747,-1.92303],[104.46722,-1.92278],[104.46828,-1.9222],[104.46858,-1.92251],[104.46828,-1.92288]],[[104.52169,-1.9266],[104.52115,-1.9262],[104.51953,-1.92591],[104.51899,-1.92614],[104.51629,-1.92535],[104.51306,-1.92522],[104.51178,-1.92741],[104.50928,-1.92818],[104.50766,-1.92944],[104.50658,-1.92978],[104.50499,-1.93473],[104.50191,-1.93799]],[[104.49876,-1.93092],[104.49816,-1.93066],[104.49849,-1.93016],[104.49883,-1.93066],[104.49876,-1.93092]],[[104.50134,-1.9388],[104.50058,-1.94315],[104.50085,-1.94722]],[[104.61177,-1.98623],[104.6142,-1.98717],[104.61579,-1.98633],[104.61635,-1.98539],[104.61702,-1.98253],[104.6169,-1.97819],[104.61653,-1.97629],[104.61685,-1.97385],[104.61393,-1.96896],[104.61204,-1.9678],[104.6108,-1.96652],[104.60989,-1.96537],[104.6094,-1.96407],[104.6078,-1.96407],[104.60817,-1.96434],[104.60719,-1.96491]],[[104.65373,-1.96418],[104.64792,-1.96684],[104.64684,-1.96707],[104.64522,-1.96856],[104.64145,-1.96964],[104.63927,-1.97086],[104.63848,-1.97158],[104.63794,-1.97266],[104.6374,-1.9726],[104.63686,-1.97331],[104.63632,-1.973],[104.63578,-1.97341],[104.62983,-1.97955],[104.62958,-1.98036],[104.62976,-1.98118],[104.63119,-1.9832]],[[104.63065,-1.98428],[104.62876,-1.98315],[104.62839,-1.98335],[104.62757,-1.98579],[104.6246,-1.99203],[104.6204,-1.99676],[104.61893,-1.99773],[104.61797,-1.99994],[104.61446,-2.00303],[104.61338,-2.00341],[104.61257,-2.00507],[104.60691,-2.0077],[104.60286,-2.00817],[104.60248,-2.00858],[104.60252,-2.00913],[104.60352,-2.01048]],[[104.61109,-1.99311],[104.61149,-1.99176],[104.61273,-1.98986],[104.61228,-1.98877],[104.61091,-1.98769]],[[104.57346,-1.99891],[104.57373,-1.99918],[104.57508,-1.99906],[104.58182,-2.00078],[104.58857,-2.00198],[104.6007,-2.00174],[104.60367,-2.00108],[104.60575,-1.9999],[104.60805,-1.99773],[104.61042,-1.99429]],[[104.57887,-2.00613],[104.57858,-2.00572],[104.57749,-2.00532],[104.5775,-2.00504],[104.57705,-2.00505],[104.5767,-2.00464],[104.57616,-2.00482],[104.57525,-2.00423]],[[104.60329,-2.01075],[104.60151,-2.00926],[104.59989,-2.00886],[104.59908,-2.00832],[104.59504,-2.00848],[104.58964,-2.0082],[104.58344,-2.00574],[104.58209,-2.00598],[104.58139,-2.00858]]]}},{"id":"214","type":"Feature","properties":{"year":2007,"certainty":"insufficient data"},"geometry":{"type":"MultiLineString","coordinates":[[[104.4835,-1.83214],[104.4853,-1.83322],[104.48661,-1.83187],[104.48665,-1.83131],[104.48827,-1.83053],[104.49105,-1.82454],[104.49447,-1.82118],[104.49582,-1.8194],[104.4963,-1.8183],[104.49596,-1.81748],[104.49623,-1.8173]],[[104.4965,-1.81726],[104.49717,-1.81721],[104.50095,-1.81428],[104.50311,-1.81097],[104.50376,-1.80907]],[[104.47262,-1.85075],[104.47666,-1.85198],[104.47868,-1.85181]],[[104.47895,-1.85155],[104.47897,-1.85154]],[[104.47922,-1.85139],[104.48062,-1.85005],[104.48197,-1.84706],[104.48242,-1.84041]],[[104.48381,-1.83874],[104.48395,-1.83894],[104.48419,-1.83851]],[[104.48435,-1.83681],[104.48446,-1.83594],[104.48402,-1.83539],[104.48444,-1.83431],[104.48301,-1.83271]],[[104.46722,-1.86342],[104.46816,-1.86281]],[[104.46843,-1.86266],[104.46896,-1.86212]],[[104.46897,-1.86211],[104.46922,-1.86185]],[[104.46924,-1.86183],[104.46948,-1.86158]],[[104.4714,-1.85954],[104.47235,-1.85846],[104.47209,-1.8571],[104.47265,-1.85602],[104.47205,-1.85547],[104.47288,-1.85524],[104.47323,-1.85466],[104.47322,-1.85249],[104.47184,-1.8514]],[[104.55695,-1.85333],[104.55677,-1.85278],[104.55408,-1.85248],[104.55381,-1.85219],[104.554,-1.85251],[104.55273,-1.85291],[104.55246,-1.85269],[104.55192,-1.85294],[104.55138,-1.8524],[104.55053,-1.85278],[104.55076,-1.85387],[104.55057,-1.85424],[104.5501,-1.85387],[104.55016,-1.85332],[104.54976,-1.8533],[104.54868,-1.85459],[104.54436,-1.85649]],[[104.54356,-1.85372],[104.54416,-1.85414],[104.5442,-1.85468],[104.54463,-1.85468],[104.54441,-1.85386],[104.54329,-1.85301]],[[104.57269,-1.85981],[104.56945,-1.85801]],[[104.54059,-1.86],[104.53994,-1.86092],[104.53972,-1.86255],[104.54009,-1.86309],[104.54005,-1.86495],[104.54096,-1.86581],[104.54058,-1.86635],[104.54118,-1.86662],[104.54072,-1.86743],[104.54048,-1.87015],[104.53983,-1.87232],[104.53906,-1.87449],[104.53785,-1.87639],[104.53746,-1.87802],[104.53634,-1.87938],[104.53578,-1.88182],[104.5341,-1.88345],[104.53384,-1.88444],[104.53303,-1.88448],[104.53276,-1.88477],[104.53332,-1.88535],[104.53353,-1.88643],[104.5333,-1.88741],[104.53301,-1.88697],[104.5332,-1.88887],[104.53123,-1.89322],[104.52961,-1.89539],[104.52902,-1.8981],[104.52676,-1.90353],[104.52632,-1.90733],[104.52303,-1.91357],[104.52304,-1.91443],[104.52466,-1.91389],[104.52709,-1.9114]],[[104.60638,-1.96323],[104.60765,-1.96244],[104.60923,-1.95973],[104.61068,-1.95837],[104.6122,-1.95756],[104.61258,-1.95647],[104.61312,-1.95734],[104.6193,-1.95322],[104.62136,-1.95023],[104.62199,-1.94671],[104.62286,-1.94508],[104.62276,-1.94453],[104.62328,-1.94345],[104.62619,-1.93965],[104.626,-1.93911],[104.62623,-1.93884],[104.62769,-1.93875],[104.62877,-1.93766],[104.63066,-1.93674],[104.63202,-1.93558],[104.6335,-1.9353]],[[104.6343,-1.93495],[104.63525,-1.93461],[104.63741,-1.93491],[104.63849,-1.93556],[104.63929,-1.93653],[104.64037,-1.93687],[104.64175,-1.93612],[104.64244,-1.93463]],[[104.6424,-1.93448],[104.64234,-1.93436]],[[104.60686,-1.88523],[104.59912,-1.87843],[104.59534,-1.87388],[104.59031,-1.86908],[104.57673,-1.86167],[104.57538,-1.8612],[104.57484,-1.86137],[104.57457,-1.86086],[104.57403,-1.86101],[104.57341,-1.86011]],[[104.4726,-1.8704],[104.47383,-1.86877],[104.47423,-1.8674],[104.47181,-1.86579],[104.47126,-1.86483],[104.46803,-1.86537]],[[104.47422,-1.88747],[104.47609,-1.88669],[104.47709,-1.88587],[104.478,-1.88397],[104.47875,-1.88058]],[[104.47894,-1.87678],[104.47895,-1.87676]],[[104.47895,-1.87651],[104.47826,-1.87312],[104.47639,-1.87044],[104.47531,-1.8701],[104.47333,-1.87094]],[[104.47503,-1.90236],[104.47603,-1.90134],[104.47697,-1.89971],[104.47879,-1.89266],[104.4785,-1.89103],[104.47781,-1.88967],[104.4753,-1.88813],[104.47449,-1.88816]],[[104.46828,-1.90617],[104.46882,-1.90609],[104.46955,-1.90677],[104.46917,-1.90731],[104.46936,-1.90753],[104.4699,-1.9071],[104.47071,-1.90727],[104.47069,-1.9065],[104.4694,-1.90595],[104.47233,-1.9045]],[[104.4685,-1.9084],[104.46974,-1.90812],[104.46909,-1.90785],[104.46855,-1.90828]],[[104.46667,-1.90817],[104.46801,-1.90905],[104.46807,-1.9084]],[[104.47017,-1.90998],[104.4699,-1.91025],[104.46855,-1.90971],[104.46743,-1.91057],[104.46768,-1.91084]],[[104.49664,-1.92252],[104.49687,-1.92375],[104.49741,-1.92358],[104.49765,-1.92387],[104.49746,-1.92496],[104.49633,-1.9237],[104.49511,-1.92442],[104.49476,-1.92387],[104.49526,-1.92333],[104.49498,-1.92322],[104.4944,-1.9236],[104.49466,-1.92415],[104.49419,-1.92469],[104.49444,-1.92501],[104.49417,-1.92505],[104.49353,-1.9236],[104.49229,-1.92225],[104.49219,-1.92143],[104.4907,-1.91899],[104.48831,-1.91682],[104.48777,-1.91546],[104.48581,-1.91371],[104.4831,-1.91247],[104.48069,-1.91225],[104.47961,-1.9126],[104.47745,-1.91262],[104.4761,-1.91362],[104.4753,-1.91345],[104.47476,-1.9128],[104.47226,-1.91301],[104.47383,-1.91193],[104.4739,-1.91165],[104.47341,-1.91133],[104.4726,-1.91225],[104.4719,-1.91247],[104.47179,-1.91294],[104.47072,-1.9122],[104.47083,-1.91192],[104.47044,-1.91208],[104.47007,-1.91165],[104.47048,-1.91138],[104.46968,-1.91084],[104.4699,-1.91051],[104.47076,-1.91084],[104.47023,-1.91002]],[[104.52736,-1.91171],[104.5242,-1.91493],[104.52239,-1.91764],[104.52109,-1.9209],[104.5207,-1.92307],[104.51953,-1.92275],[104.51926,-1.92196],[104.51878,-1.92171],[104.51789,-1.92225],[104.51886,-1.92334],[104.51841,-1.92388],[104.51922,-1.92524],[104.51872,-1.92601],[104.51595,-1.92524],[104.5136,-1.92507]],[[104.49876,-1.93364],[104.49903,-1.93408],[104.4993,-1.93401],[104.49996,-1.9331],[104.49852,-1.93202],[104.49861,-1.93147],[104.49957,-1.9305],[104.49933,-1.92985],[104.49966,-1.92876],[104.49903,-1.92894],[104.49849,-1.92849],[104.49795,-1.929],[104.49768,-1.92848],[104.49714,-1.92875],[104.49667,-1.92849],[104.49795,-1.92666],[104.49984,-1.9269],[104.50011,-1.92648],[104.50146,-1.92634],[104.50107,-1.9255],[104.50227,-1.92534],[104.50204,-1.92442],[104.50237,-1.92388],[104.50281,-1.92402],[104.5029,-1.9236],[104.50281,-1.92332],[104.502,-1.92413],[104.50005,-1.92469],[104.50039,-1.92523],[104.50011,-1.92596],[104.49933,-1.9255],[104.49962,-1.92523],[104.49936,-1.92496],[104.49959,-1.92442],[104.49876,-1.92468],[104.49744,-1.92333],[104.49833,-1.92198],[104.49814,-1.9217]],[[104.51288,-1.92551],[104.51184,-1.92741],[104.50922,-1.92822],[104.5079,-1.92931],[104.50658,-1.92982],[104.5055,-1.93364],[104.50415,-1.93363],[104.5028,-1.93438],[104.50253,-1.93488],[104.50172,-1.93485],[104.50096,-1.93419],[104.50046,-1.93419],[104.5008,-1.93446],[104.50063,-1.93473]],[[104.50311,-1.93039],[104.50288,-1.93012],[104.50307,-1.92947],[104.50277,-1.93012],[104.50311,-1.93039]],[[104.49735,-1.94776],[104.49736,-1.94762]],[[104.49754,-1.94746],[104.49794,-1.94746],[104.49849,-1.94667],[104.49821,-1.9461],[104.49761,-1.94586],[104.49767,-1.94533],[104.49712,-1.94572]],[[104.497,-1.94526],[104.49767,-1.94492],[104.49775,-1.9445],[104.497,-1.94375]],[[104.497,-1.94361],[104.49767,-1.94331],[104.49768,-1.94276],[104.49714,-1.94216],[104.49633,-1.9426],[104.49616,-1.94179],[104.49633,-1.94078],[104.49687,-1.94161],[104.49676,-1.94097],[104.49703,-1.9407],[104.4966,-1.9408],[104.49616,-1.94016],[104.49677,-1.93962],[104.49633,-1.93986],[104.49616,-1.93962],[104.49674,-1.93419]],[[104.50091,-1.93522],[104.50145,-1.93651],[104.50199,-1.93685],[104.5028,-1.93653],[104.503,-1.9369],[104.50172,-1.93806],[104.50145,-1.93819],[104.50145,-1.93766],[104.50064,-1.93816],[104.50047,-1.9388],[104.50074,-1.93935],[104.50031,-1.93962],[104.50037,-1.93998],[104.50091,-1.9396],[104.50097,-1.93989],[104.50045,-1.94097],[104.50075,-1.94722]],[[104.49984,-1.93935],[104.5002,-1.93907],[104.49991,-1.9388],[104.50019,-1.93853],[104.49983,-1.93826],[104.4992,-1.93853],[104.50008,-1.93907],[104.49984,-1.93935]],[[104.49805,-1.94124],[104.49859,-1.94097],[104.49795,-1.94118],[104.49734,-1.94097],[104.49805,-1.94124]],[[104.49672,-1.94274],[104.49738,-1.9426],[104.49762,-1.94287],[104.497,-1.94333]],[[104.61177,-1.98623],[104.6142,-1.98714],[104.61579,-1.98633],[104.61635,-1.98539],[104.61698,-1.98226],[104.61687,-1.97819],[104.6165,-1.97629],[104.61681,-1.97385],[104.6142,-1.96955],[104.61339,-1.9693],[104.6109,-1.96733],[104.61123,-1.96703],[104.60988,-1.96593],[104.60936,-1.96407],[104.60908,-1.96394],[104.60719,-1.96505]],[[104.65373,-1.96429],[104.64954,-1.96589],[104.64792,-1.96685],[104.64684,-1.96707],[104.64495,-1.96873],[104.64279,-1.96909],[104.63956,-1.97073],[104.63794,-1.97267],[104.6374,-1.97275],[104.63686,-1.97333],[104.63632,-1.97305],[104.63578,-1.97342],[104.6319,-1.97738]],[[104.62799,-1.98443],[104.62765,-1.98579],[104.62461,-1.99203],[104.62024,-1.99692],[104.61894,-1.99773],[104.61797,-1.99991],[104.61536,-2.0018],[104.61446,-2.00293],[104.61336,-2.00343],[104.61273,-2.00479],[104.61122,-2.00569],[104.60691,-2.0078],[104.60286,-2.00815],[104.60245,-2.00885],[104.60311,-2.01021],[104.60286,-2.01033],[104.60151,-2.00925],[104.59989,-2.00886],[104.59908,-2.0083],[104.59585,-2.00824],[104.59531,-2.00847],[104.58937,-2.00776],[104.5891,-2.00798],[104.58317,-2.00571],[104.58209,-2.00605],[104.58144,-2.00831]],[[104.61081,-1.99311],[104.61268,-1.98959],[104.6121,-1.9885],[104.61093,-1.98769]],[[104.6088,-1.99679],[104.61009,-1.99474]],[[104.57562,-1.9999],[104.57643,-2.00023],[104.57596,-1.99962],[104.57724,-1.99966],[104.58937,-2.00202],[104.60124,-2.00172]],[[104.60386,-2.00098],[104.60653,-1.99936]],[[104.57865,-2.00695],[104.57902,-2.00586],[104.57745,-2.00532],[104.57749,-2.00423],[104.57724,-2.004],[104.57688,-2.0045]]]}},{"id":"215","type":"Feature","properties":{"year":2008,"certainty":"good"},"geometry":{"type":"MultiLineString","coordinates":[[[104.48346,-1.83214],[104.4853,-1.83327],[104.48645,-1.83214],[104.4867,-1.83132],[104.48827,-1.83061],[104.4886,-1.82942],[104.4907,-1.8259],[104.4913,-1.82427],[104.49573,-1.81965],[104.49591,-1.81884],[104.49635,-1.81857],[104.49603,-1.81748],[104.49744,-1.81709],[104.50108,-1.81409]],[[104.50128,-1.81382],[104.50135,-1.81373]],[[104.50159,-1.81328],[104.50243,-1.81213]],[[104.50258,-1.81192],[104.5027,-1.81171]],[[104.5029,-1.81138],[104.50297,-1.81127]],[[104.50305,-1.81111],[104.50376,-1.80907]],[[104.47262,-1.85051],[104.47423,-1.8514],[104.47774,-1.85204],[104.47998,-1.85086],[104.48061,-1.85005],[104.48194,-1.84706],[104.48264,-1.83919],[104.48287,-1.83866],[104.48399,-1.83892],[104.48436,-1.83756],[104.48447,-1.83594],[104.48417,-1.83539],[104.48448,-1.83431],[104.48301,-1.83268]],[[104.46722,-1.86339],[104.46857,-1.86257],[104.47235,-1.85846],[104.47209,-1.8571],[104.47265,-1.85602],[104.47202,-1.85574],[104.47205,-1.85547],[104.47317,-1.85493],[104.47329,-1.85276],[104.47181,-1.85142]],[[104.6194,-1.95308],[104.61979,-1.95254]],[[104.62945,-1.93722],[104.63228,-1.93546],[104.63309,-1.93553],[104.63525,-1.93461],[104.63795,-1.93514],[104.63956,-1.93673],[104.64091,-1.93678],[104.64175,-1.93612],[104.64237,-1.93477],[104.64217,-1.93314],[104.64256,-1.92907],[104.64371,-1.92608],[104.64392,-1.92473],[104.64342,-1.92174],[104.63937,-1.91658],[104.63035,-1.90817],[104.62662,-1.90381],[104.62015,-1.89785],[104.61557,-1.89296],[104.60572,-1.8842]],[[104.4726,-1.8704],[104.47384,-1.86877],[104.47423,-1.86738],[104.47199,-1.86579],[104.47153,-1.86495],[104.46803,-1.86536]],[[104.47422,-1.88745],[104.47638,-1.88656],[104.47707,-1.88587],[104.47886,-1.88099],[104.47904,-1.878],[104.47825,-1.87312],[104.47666,-1.8707],[104.47612,-1.87023],[104.47531,-1.87009],[104.47396,-1.87044],[104.47334,-1.87094]],[[104.49107,-1.91961],[104.48823,-1.91641]],[[104.48056,-1.91227],[104.48012,-1.91233]],[[104.48002,-1.9124],[104.47967,-1.91261]],[[104.47948,-1.91262],[104.47921,-1.91261]],[[104.47622,-1.90093],[104.47743,-1.89836],[104.47809,-1.89456],[104.47877,-1.8932],[104.47866,-1.89157],[104.47827,-1.89042],[104.47746,-1.88939],[104.4753,-1.88804],[104.47449,-1.8881]],[[104.65373,-1.96437],[104.64684,-1.96707],[104.64495,-1.96873],[104.64279,-1.96906],[104.64158,-1.96964]]]}},{"id":"216","type":"Feature","properties":{"year":2009,"certainty":"good"},"geometry":{"type":"MultiLineString","coordinates":[[[104.48341,-1.83218],[104.4853,-1.83327],[104.48671,-1.83187],[104.48692,-1.83127],[104.48822,-1.83078],[104.48924,-1.82807],[104.4907,-1.8259],[104.4915,-1.824],[104.49528,-1.82047],[104.49639,-1.81857],[104.4964,-1.81775],[104.50068,-1.81474],[104.50297,-1.81151],[104.50383,-1.80907]],[[104.47262,-1.85057],[104.4745,-1.85158],[104.4772,-1.85222],[104.47963,-1.85137],[104.4807,-1.85005],[104.482,-1.84706],[104.48252,-1.83973],[104.48287,-1.83906],[104.48368,-1.83921],[104.48422,-1.83895],[104.48446,-1.83756],[104.48431,-1.83539],[104.48454,-1.83431],[104.48305,-1.83268]],[[104.46749,-1.86408],[104.46792,-1.86307],[104.47021,-1.86117],[104.47219,-1.859],[104.47217,-1.8571],[104.47266,-1.85602],[104.47196,-1.85574],[104.47319,-1.8552],[104.47321,-1.85249],[104.47388,-1.85222],[104.47289,-1.85213],[104.47192,-1.8514]],[[104.47491,-1.85276],[104.47458,-1.85249],[104.47411,-1.85249],[104.4745,-1.85276],[104.47491,-1.85276]],[[104.47279,-1.8704],[104.47435,-1.86796],[104.47417,-1.86714],[104.47288,-1.86633],[104.47153,-1.86475],[104.46992,-1.8649],[104.4694,-1.8647],[104.46965,-1.86454],[104.46965,-1.86429],[104.46937,-1.8647],[104.46924,-1.86497],[104.46884,-1.86507],[104.46835,-1.86497],[104.46776,-1.86427],[104.46749,-1.8644]],[[104.64224,-1.93463],[104.64243,-1.92961],[104.64365,-1.92608],[104.64391,-1.92445],[104.64379,-1.9231],[104.64295,-1.92093],[104.63851,-1.91577],[104.63316,-1.91115],[104.63021,-1.90817],[104.62685,-1.9041],[104.62002,-1.89778]],[[104.47856,-1.88167],[104.47907,-1.87773],[104.47879,-1.87474],[104.478,-1.87255],[104.47695,-1.87094],[104.47585,-1.87009],[104.4745,-1.87009],[104.47315,-1.87088]],[[104.49107,-1.91959],[104.48979,-1.91777]],[[104.65373,-1.96424],[104.65251,-1.96495],[104.65087,-1.9653]],[[104.57184,-1.99848],[104.57225,-1.99861]],[[104.57252,-1.99863],[104.57274,-1.99867]]]}},{"id":"217","type":"Feature","properties":{"year":2010,"certainty":"good"},"geometry":{"type":"MultiLineString","coordinates":[[[104.48341,-1.83221],[104.4853,-1.83325],[104.48665,-1.832],[104.48676,-1.83132],[104.48827,-1.83075],[104.48924,-1.82807],[104.49069,-1.8259],[104.49147,-1.824],[104.49523,-1.82047],[104.49637,-1.81857],[104.49636,-1.81753],[104.49744,-1.81713],[104.50068,-1.81469],[104.50297,-1.81151],[104.50383,-1.80907]],[[104.47262,-1.85051],[104.4745,-1.85154],[104.47693,-1.85192],[104.4772,-1.8522],[104.47855,-1.85181],[104.4799,-1.85098],[104.48098,-1.84956],[104.4812,-1.84842],[104.48201,-1.84706],[104.48221,-1.84136],[104.4826,-1.83891],[104.48287,-1.83854],[104.483,-1.83892],[104.48368,-1.83921],[104.48422,-1.83901],[104.48449,-1.83756],[104.48459,-1.83594],[104.48431,-1.83539],[104.48457,-1.83431],[104.4831,-1.83268]],[[104.46722,-1.86355],[104.46773,-1.86321]],[[104.47332,-1.8529],[104.47306,-1.85222],[104.47181,-1.85146]],[[104.62297,-1.94409],[104.62386,-1.94236],[104.62531,-1.9406]],[[104.63511,-1.93468],[104.63741,-1.93493],[104.63983,-1.93683],[104.64091,-1.93684],[104.64168,-1.93612],[104.64226,-1.93504],[104.64243,-1.92934],[104.64368,-1.92581],[104.64384,-1.92418],[104.64369,-1.92283],[104.64289,-1.92093],[104.63903,-1.91638],[104.6335,-1.91137]],[[104.62919,-1.90687],[104.62514,-1.90255]],[[104.62082,-1.89853],[104.61975,-1.89757]],[[104.47194,-1.86524],[104.47126,-1.86481],[104.46803,-1.86535]],[[104.47858,-1.88167],[104.47905,-1.878],[104.47884,-1.87529],[104.47833,-1.87339],[104.47706,-1.87111]],[[104.65373,-1.96438],[104.65291,-1.9647]],[[104.65281,-1.96476],[104.65264,-1.9649]]]}},{"id":"218","type":"Feature","properties":{"year":2012,"certainty":"good"},"geometry":{"type":"MultiLineString","coordinates":[[[104.48355,-1.83223],[104.4853,-1.83323],[104.48682,-1.83187],[104.48703,-1.83132],[104.48827,-1.83086],[104.48935,-1.82811],[104.49094,-1.82549]],[[104.49812,-1.81665],[104.50041,-1.81491],[104.50203,-1.81304],[104.50303,-1.81151],[104.50386,-1.80907]],[[104.47262,-1.85047],[104.47558,-1.85175],[104.47851,-1.85195],[104.48019,-1.85086],[104.4816,-1.84774]],[[104.48165,-1.8476],[104.48172,-1.84747]],[[104.48206,-1.84258],[104.48239,-1.84001],[104.48314,-1.83932],[104.48422,-1.83895],[104.48445,-1.83756],[104.48456,-1.83431],[104.48304,-1.83268]],[[104.46722,-1.86348],[104.46772,-1.86321]],[[104.47281,-1.85208],[104.47248,-1.85186]],[[104.47241,-1.85181],[104.47183,-1.8514]],[[104.5207,-1.92347],[104.52155,-1.9249]],[[104.60786,-1.96249],[104.60892,-1.96136],[104.60895,-1.96054],[104.60935,-1.95995],[104.61095,-1.95837],[104.61231,-1.9577],[104.61258,-1.95667],[104.61285,-1.95738],[104.61339,-1.95745],[104.61622,-1.95512],[104.61904,-1.95349],[104.62014,-1.95225],[104.62122,-1.95071],[104.62309,-1.94345],[104.62561,-1.94019],[104.62823,-1.93901],[104.62877,-1.93816],[104.63016,-1.93721],[104.63471,-1.93563],[104.6366,-1.93532],[104.63822,-1.93549],[104.63956,-1.93679],[104.64037,-1.93695],[104.64135,-1.93653]],[[104.64456,-1.93268],[104.64534,-1.93043],[104.64496,-1.92893]],[[104.64408,-1.92459],[104.64362,-1.92228],[104.64278,-1.92065],[104.63982,-1.91713],[104.63361,-1.91129]],[[104.62919,-1.90635],[104.62553,-1.90233]],[[104.6184,-1.89573],[104.61826,-1.89593],[104.6167,-1.89459],[104.61563,-1.89269],[104.61058,-1.88811]],[[104.593,-1.87165],[104.59015,-1.86935],[104.58968,-1.86852],[104.58933,-1.86853],[104.58887,-1.86933],[104.5859,-1.86742],[104.58563,-1.86629],[104.58492,-1.86609],[104.58535,-1.86582],[104.58509,-1.86562],[104.58388,-1.86611]],[[104.58253,-1.86514],[104.58279,-1.86446],[104.58239,-1.86373],[104.58136,-1.86446],[104.58101,-1.86432]],[[104.47422,-1.88746],[104.47557,-1.88705],[104.47747,-1.8856],[104.47893,-1.88099],[104.47938,-1.87692],[104.47897,-1.8742],[104.47833,-1.87257],[104.47665,-1.87054]],[[104.4632,-1.90772],[104.46329,-1.90762]],[[104.4634,-1.90744],[104.46383,-1.90695]],[[104.47773,-1.89768],[104.47883,-1.89293],[104.4787,-1.8913],[104.47808,-1.88994],[104.47719,-1.88905],[104.4753,-1.88794],[104.47449,-1.88795]],[[104.47346,-1.91193],[104.47368,-1.91099],[104.47249,-1.91165],[104.47287,-1.91215],[104.47346,-1.91193]],[[104.46842,-1.91418],[104.46888,-1.91382],[104.46882,-1.91366],[104.46842,-1.91403]],[[104.46821,-1.91396],[104.46857,-1.91328],[104.46822,-1.91301],[104.46817,-1.9122],[104.46774,-1.91267],[104.46747,-1.912],[104.4668,-1.91203]],[[104.46678,-1.91206],[104.46666,-1.91233]],[[104.4699,-1.91301],[104.46999,-1.91274],[104.4699,-1.91242],[104.46954,-1.91301],[104.4699,-1.91301]],[[104.49663,-1.93215],[104.4938,-1.92401]],[[104.48835,-1.91587],[104.48811,-1.9156]],[[104.4881,-1.91559],[104.48555,-1.91341],[104.48285,-1.91236],[104.48069,-1.91223],[104.47745,-1.91258],[104.4761,-1.91343],[104.47422,-1.9127],[104.4726,-1.91293],[104.4715,-1.91355],[104.47066,-1.91559]],[[104.46713,-1.91369],[104.46707,-1.91363]],[[104.46681,-1.91314],[104.46747,-1.9131],[104.46769,-1.91328],[104.46752,-1.91369]],[[104.52169,-1.92653],[104.52034,-1.92596],[104.51899,-1.92615],[104.51778,-1.9256]],[[104.61177,-1.9862],[104.6119,-1.98626]],[[104.61667,-1.98511],[104.61726,-1.98267]],[[104.61245,-1.96711],[104.61144,-1.9657],[104.61167,-1.96529]],[[104.60769,-1.96475],[104.60732,-1.96492]],[[104.65373,-1.96444],[104.65177,-1.9649],[104.65224,-1.96396],[104.65102,-1.96452]],[[104.63065,-1.98426],[104.62978,-1.98375]],[[104.60243,-2.00926],[104.60246,-2.00935]],[[104.60259,-2.00953],[104.60273,-2.00975]],[[104.60278,-2.0098],[104.60298,-2.01021],[104.60225,-2.00994],[104.60151,-2.00896],[104.60057,-2.00873]],[[104.58088,-2.00061],[104.58169,-2.00069]],[[104.59652,-2.00212],[104.60274,-2.00139]],[[104.61025,-1.99488],[104.6109,-1.99379]],[[104.57741,-2.00518],[104.57589,-2.00457],[104.57467,-2.00358]],[[104.58155,-2.00342],[104.58074,-2.00242],[104.58008,-2.00315],[104.58047,-2.00368],[104.58155,-2.00342]],[[104.58021,-2.00437],[104.58019,-2.00437]],[[104.58007,-2.00454],[104.58,-2.00464]]]}},{"id":"219","type":"Feature","properties":{"year":2013,"certainty":"good"},"geometry":{"type":"MultiLineString","coordinates":[[[104.48349,-1.83214],[104.4853,-1.83323],[104.48665,-1.8321],[104.48703,-1.83132],[104.48835,-1.83078],[104.48944,-1.82807],[104.49177,-1.824],[104.49529,-1.82047],[104.49706,-1.81748],[104.50041,-1.81498],[104.50159,-1.81369],[104.50311,-1.81144],[104.50394,-1.80907]],[[104.47262,-1.85048],[104.47423,-1.85128],[104.47747,-1.8521],[104.47882,-1.85179],[104.4806,-1.85032],[104.48196,-1.84706],[104.48255,-1.84028],[104.48314,-1.83932],[104.48402,-1.83919],[104.48433,-1.83865],[104.48457,-1.83431],[104.48306,-1.83268]],[[104.46722,-1.86338],[104.46835,-1.8628],[104.47244,-1.85846],[104.47227,-1.85683],[104.47277,-1.85602],[104.47248,-1.85547],[104.47331,-1.85493],[104.47335,-1.8533],[104.47329,-1.85249],[104.47188,-1.8514]],[[104.60639,-1.96326],[104.60849,-1.9619],[104.60935,-1.95991],[104.61099,-1.95837],[104.61216,-1.95783],[104.61258,-1.95663],[104.61285,-1.95733],[104.61339,-1.9574],[104.61614,-1.95512],[104.61906,-1.95344],[104.62122,-1.95072],[104.62216,-1.94698],[104.62403,-1.94236],[104.62477,-1.94155],[104.62468,-1.94128],[104.62608,-1.9404],[104.62635,-1.9399],[104.62723,-1.94019],[104.62742,-1.93975],[104.62796,-1.93962],[104.62904,-1.93785],[104.63255,-1.93619],[104.63498,-1.93549],[104.63687,-1.93533],[104.63822,-1.93566],[104.63956,-1.9368],[104.64064,-1.93685],[104.64394,-1.9345],[104.64519,-1.93097],[104.64451,-1.93015],[104.64496,-1.93023],[104.64523,-1.92961],[104.64362,-1.92228],[104.6428,-1.9207],[104.63955,-1.91685],[104.6366,-1.91397],[104.63542,-1.91333],[104.63283,-1.91093],[104.62986,-1.907],[104.62824,-1.90579],[104.62662,-1.90386],[104.62442,-1.90192],[104.62339,-1.89984],[104.62123,-1.89844],[104.62095,-1.89894],[104.6164,-1.89432],[104.61645,-1.89378],[104.61563,-1.89269],[104.61314,-1.89045],[104.61233,-1.89026],[104.6106,-1.88889],[104.60235,-1.88125],[104.60071,-1.88021],[104.59665,-1.87668],[104.59497,-1.87478],[104.5924,-1.87288],[104.59264,-1.87248],[104.5921,-1.87174],[104.59026,-1.8707],[104.59072,-1.86989],[104.58995,-1.86951],[104.58968,-1.86998],[104.58914,-1.86952],[104.58806,-1.86942],[104.58509,-1.86716],[104.58464,-1.86582],[104.58374,-1.8655],[104.58314,-1.86419],[104.58186,-1.86486],[104.58132,-1.86403],[104.58024,-1.86383],[104.5797,-1.86323],[104.57862,-1.86307],[104.57727,-1.86164],[104.5757,-1.8612],[104.57581,-1.86093],[104.57511,-1.86062],[104.57484,-1.86009],[104.57457,-1.8606],[104.57188,-1.85917],[104.56999,-1.85876],[104.56972,-1.85843],[104.5619,-1.85648],[104.55674,-1.85441],[104.55542,-1.85329],[104.553,-1.85266],[104.55192,-1.85293],[104.54382,-1.85698],[104.54355,-1.85676],[104.5424,-1.85766],[104.54017,-1.86065],[104.53977,-1.86173],[104.54018,-1.86513]],[[104.53262,-1.89012],[104.53108,-1.89362]],[[104.52937,-1.89688],[104.5268,-1.90353],[104.52634,-1.90733],[104.52414,-1.91153]],[[104.5231,-1.91343],[104.52304,-1.9144],[104.52412,-1.91419],[104.52709,-1.91136]],[[104.47259,-1.8704],[104.47445,-1.86796],[104.4745,-1.86731],[104.47396,-1.86654],[104.47195,-1.8647],[104.46803,-1.8653]],[[104.47422,-1.88746],[104.47638,-1.88658],[104.47741,-1.8856],[104.47893,-1.88099],[104.47938,-1.87692],[104.47887,-1.87393],[104.4772,-1.87118],[104.47585,-1.86999],[104.47531,-1.86994],[104.4745,-1.86991],[104.47327,-1.87094]],[[104.46289,-1.90793],[104.46423,-1.90677],[104.46936,-1.90588],[104.47233,-1.90446],[104.47442,-1.90297],[104.47652,-1.90053],[104.47763,-1.89781],[104.4782,-1.89456],[104.47867,-1.89347],[104.47865,-1.8913],[104.47746,-1.8893],[104.4753,-1.88796],[104.47449,-1.88802]],[[104.46464,-1.92262],[104.46384,-1.91952],[104.46379,-1.91708],[104.46549,-1.90948],[104.46505,-1.90904],[104.46343,-1.90918],[104.46289,-1.90856]],[[104.47331,-1.91193],[104.47328,-1.91165],[104.47368,-1.911],[104.47314,-1.91106],[104.4725,-1.91165],[104.4726,-1.91205],[104.47331,-1.91193]],[[104.4676,-1.91437],[104.46836,-1.9141],[104.46807,-1.91382],[104.46857,-1.91328],[104.46822,-1.91301],[104.46817,-1.9122],[104.46774,-1.91267],[104.46747,-1.912],[104.46693,-1.91191],[104.46627,-1.91382],[104.46666,-1.91444],[104.4672,-1.9146],[104.4676,-1.91437]],[[104.52723,-1.91167],[104.52375,-1.91547],[104.52238,-1.91764],[104.52124,-1.92035],[104.52068,-1.92361],[104.52223,-1.92548]],[[104.4963,-1.94165],[104.49628,-1.94111]],[[104.49665,-1.93215],[104.49402,-1.92442],[104.49279,-1.92224],[104.49251,-1.92062],[104.49202,-1.9204],[104.49148,-1.91935],[104.48882,-1.91682],[104.48716,-1.91454],[104.4842,-1.91266],[104.48069,-1.91218],[104.47745,-1.91257],[104.4761,-1.91295],[104.47583,-1.91329],[104.47422,-1.91271],[104.4726,-1.91288],[104.47152,-1.91357],[104.47005,-1.91722]],[[104.47003,-1.91726],[104.46995,-1.91776]],[[104.46976,-1.91826],[104.46916,-1.92075]],[[104.46747,-1.91375],[104.4672,-1.91372],[104.46669,-1.91328],[104.46747,-1.91311],[104.46768,-1.91328],[104.46747,-1.91375]],[[104.46537,-1.91518],[104.46623,-1.91437],[104.46585,-1.91388],[104.46515,-1.91491],[104.46537,-1.91518]],[[104.46531,-1.91717],[104.4645,-1.91762],[104.46531,-1.91787],[104.46555,-1.91762]],[[104.52169,-1.92653],[104.52034,-1.92594],[104.51899,-1.92609],[104.51629,-1.92522],[104.51535,-1.92536]],[[104.51229,-1.92673],[104.51211,-1.92727]],[[104.51211,-1.92727],[104.51184,-1.92746]],[[104.50993,-1.92809],[104.50874,-1.92847],[104.50781,-1.92931],[104.50699,-1.9296]],[[104.61177,-1.98621],[104.6142,-1.98728],[104.61528,-1.98693],[104.61617,-1.98606],[104.61724,-1.9828],[104.61702,-1.98009],[104.61721,-1.97846],[104.61687,-1.97751]],[[104.61522,-1.97045],[104.61447,-1.96927],[104.6142,-1.96954],[104.61387,-1.96923],[104.61393,-1.96867],[104.61285,-1.96742],[104.612,-1.96733],[104.61154,-1.96597],[104.61092,-1.9657],[104.61046,-1.96462],[104.60908,-1.96395],[104.60719,-1.96498]],[[104.65373,-1.96441],[104.65251,-1.96495],[104.65143,-1.96461],[104.65116,-1.96507],[104.65089,-1.9649],[104.64996,-1.96544],[104.6488,-1.96652],[104.64711,-1.96686],[104.64644,-1.9674]],[[104.64467,-1.96883],[104.64279,-1.96912],[104.64131,-1.96993]],[[104.63069,-1.98267],[104.63119,-1.98316]],[[104.63065,-1.98426],[104.62939,-1.98348]],[[104.62796,-1.9843],[104.62782,-1.98449]],[[104.62781,-1.98457],[104.62468,-1.99203],[104.62305,-1.99366],[104.6224,-1.99475],[104.61905,-1.99779],[104.61743,-2.00052],[104.61554,-2.0018],[104.61461,-2.00289],[104.61354,-2.00343],[104.61257,-2.00504],[104.60691,-2.0077],[104.60286,-2.00815],[104.60243,-2.00858],[104.60244,-2.00913],[104.60307,-2.01021],[104.60232,-2.00997],[104.60124,-2.00893],[104.59935,-2.00814],[104.59585,-2.00811],[104.59531,-2.00843],[104.59415,-2.00804],[104.59415,-2.00749],[104.59477,-2.00737],[104.59484,-2.00695],[104.59288,-2.00511],[104.59241,-2.00614],[104.59153,-2.00666],[104.59126,-2.00722],[104.59085,-2.00695],[104.59072,-2.006],[104.58951,-2.00614],[104.58964,-2.00711],[104.59072,-2.00769],[104.59099,-2.00722],[104.59126,-2.00789],[104.58884,-2.00776],[104.58519,-2.00615]],[[104.58951,-2.00224],[104.59666,-2.00215],[104.60178,-2.00168],[104.60367,-2.00114],[104.60583,-1.99998],[104.60943,-1.9961],[104.61285,-1.99034],[104.61288,-1.98931],[104.61096,-1.98764]],[[104.58088,-2.00061],[104.58169,-2.00069]],[[104.58161,-2.00708],[104.58144,-2.00858]],[[104.57741,-2.00518],[104.57589,-2.00457],[104.57467,-2.00358]],[[104.58155,-2.00342],[104.58074,-2.00242],[104.58008,-2.00315],[104.58047,-2.00368],[104.58155,-2.00342]],[[104.58054,-2.00464],[104.5802,-2.00436],[104.58,-2.00464]]]}},{"id":"220","type":"Feature","properties":{"year":2014,"certainty":"good"},"geometry":{"type":"MultiLineString","coordinates":[[[104.48349,-1.83214],[104.4853,-1.83323],[104.48665,-1.8321],[104.48702,-1.83132],[104.48837,-1.83078],[104.48903,-1.82888],[104.49193,-1.82372],[104.49544,-1.82047],[104.49685,-1.81775],[104.50014,-1.81524],[104.50161,-1.81369],[104.50306,-1.81151],[104.5041,-1.80907]],[[104.47262,-1.85048],[104.47531,-1.8516],[104.47801,-1.85204],[104.47963,-1.85137],[104.48079,-1.85005],[104.48197,-1.84706],[104.48299,-1.83946],[104.48395,-1.83929],[104.48435,-1.83865],[104.48459,-1.83431],[104.48306,-1.83268]],[[104.46722,-1.86346],[104.46914,-1.86226],[104.46908,-1.86199],[104.47246,-1.85846],[104.47231,-1.8571],[104.47277,-1.85602],[104.47257,-1.85547],[104.47333,-1.85493],[104.47333,-1.85276],[104.47183,-1.8514]],[[104.60641,-1.96326],[104.60827,-1.96215],[104.60891,-1.96136],[104.60928,-1.96],[104.61103,-1.95837],[104.61211,-1.95783],[104.61258,-1.95658],[104.6128,-1.95729],[104.61339,-1.95741],[104.61617,-1.95512],[104.61925,-1.95322],[104.62122,-1.95072],[104.62226,-1.94671],[104.62257,-1.94691],[104.62257,-1.94579],[104.62407,-1.94236],[104.62599,-1.94019],[104.62635,-1.93999],[104.62709,-1.94019],[104.62806,-1.93965],[104.62838,-1.93856],[104.62904,-1.93792],[104.63255,-1.9362],[104.63309,-1.93635],[104.63687,-1.93541],[104.63822,-1.93567],[104.63983,-1.93694],[104.64118,-1.93667],[104.64293,-1.93504],[104.64402,-1.93205],[104.64511,-1.93124],[104.64519,-1.93097],[104.64469,-1.93073],[104.64404,-1.93097],[104.64489,-1.9288],[104.64482,-1.92825],[104.64469,-1.92767],[104.64415,-1.92831],[104.64399,-1.92798],[104.64445,-1.92663],[104.64363,-1.92228],[104.6428,-1.92071],[104.64027,-1.91767],[104.63579,-1.9135],[104.63544,-1.9136],[104.63304,-1.91142],[104.62986,-1.90708],[104.62905,-1.90682],[104.62878,-1.90654],[104.62905,-1.90627],[104.62878,-1.90653],[104.62852,-1.90572],[104.6277,-1.90483],[104.62393,-1.9014],[104.62394,-1.90084],[104.62339,-1.90015],[104.62015,-1.89769],[104.61961,-1.8976],[104.61638,-1.89434],[104.61611,-1.89339],[104.61368,-1.89103],[104.60855,-1.88726],[104.60828,-1.88671],[104.60748,-1.88626],[104.60248,-1.88129],[104.60082,-1.88021],[104.59681,-1.87668],[104.59642,-1.87575],[104.5928,-1.87342],[104.59206,-1.8726],[104.59183,-1.87184],[104.59022,-1.87031],[104.58806,-1.86939],[104.58505,-1.86717],[104.58374,-1.86578],[104.58098,-1.86446],[104.57997,-1.86382],[104.5797,-1.8633],[104.57835,-1.86311],[104.57511,-1.86077],[104.5708,-1.8588],[104.56047,-1.85631],[104.55727,-1.85468],[104.55657,-1.85468],[104.55569,-1.85377],[104.55461,-1.85353],[104.55381,-1.85279],[104.55192,-1.85274],[104.54985,-1.85414],[104.54436,-1.85674],[104.5414,-1.85893],[104.54004,-1.86092],[104.53973,-1.86255],[104.54009,-1.86363],[104.54,-1.86472],[104.5414,-1.86662],[104.54063,-1.86743],[104.54058,-1.86906],[104.53998,-1.87042],[104.53985,-1.87205],[104.53751,-1.87775],[104.53623,-1.87938],[104.536,-1.88145],[104.53404,-1.88372],[104.53429,-1.8848],[104.53295,-1.88453],[104.5336,-1.88643],[104.53317,-1.88914],[104.53172,-1.8924],[104.52975,-1.89539],[104.52907,-1.8981],[104.5268,-1.90353],[104.52665,-1.90475]],[[104.52642,-1.90692],[104.52641,-1.90695]],[[104.52572,-1.90855],[104.5256,-1.90869]],[[104.52552,-1.90882],[104.52298,-1.91357],[104.523,-1.91438],[104.52439,-1.91403],[104.52709,-1.91134]],[[104.47256,-1.8704],[104.47443,-1.86796],[104.47438,-1.86714],[104.47396,-1.86659],[104.47197,-1.8647],[104.46803,-1.86531]],[[104.47422,-1.88746],[104.47638,-1.88655],[104.47741,-1.8856],[104.4789,-1.88126],[104.47938,-1.87692],[104.47886,-1.87393],[104.477,-1.87094],[104.47585,-1.87],[104.4745,-1.86996],[104.47328,-1.87094]],[[104.46262,-1.90747],[104.46532,-1.90643],[104.46936,-1.90584],[104.47125,-1.90498],[104.47434,-1.90297],[104.47652,-1.90053],[104.47867,-1.89347],[104.47865,-1.8913],[104.47746,-1.8893],[104.4753,-1.88796],[104.47449,-1.88802]],[[104.4646,-1.92604],[104.46465,-1.92278],[104.46387,-1.91979],[104.46369,-1.91654],[104.4653,-1.90948],[104.46424,-1.90913],[104.46289,-1.90964]],[[104.47321,-1.91193],[104.4731,-1.91165],[104.47359,-1.91111],[104.47341,-1.91102],[104.47257,-1.91165],[104.47287,-1.91205],[104.47321,-1.91193]],[[104.52725,-1.91167],[104.52372,-1.91547],[104.52237,-1.91764],[104.52127,-1.92035],[104.5207,-1.92361],[104.52223,-1.92547]],[[104.49703,-1.94803],[104.49618,-1.94206],[104.49619,-1.93853],[104.49685,-1.93365],[104.49622,-1.93039],[104.49402,-1.92442],[104.49279,-1.92224],[104.49247,-1.92062],[104.48882,-1.91682],[104.48689,-1.91433],[104.48285,-1.91234],[104.47853,-1.91237],[104.47745,-1.91258],[104.47662,-1.91328],[104.47583,-1.91347],[104.47449,-1.91279],[104.47287,-1.91283],[104.47186,-1.91328],[104.47058,-1.91572],[104.46973,-1.91844],[104.46834,-1.92631]],[[104.52169,-1.92654],[104.52034,-1.92596],[104.51899,-1.92612],[104.51629,-1.92523],[104.51333,-1.92511],[104.51265,-1.92578],[104.51189,-1.92741],[104.50901,-1.92837],[104.50791,-1.92931],[104.50658,-1.92981],[104.50505,-1.93473],[104.50357,-1.93609],[104.50143,-1.9388],[104.50063,-1.94369],[104.50082,-1.94722]],[[104.65373,-1.96331],[104.6517,-1.96398],[104.64927,-1.96634],[104.64819,-1.96685],[104.64711,-1.96692],[104.64495,-1.96877],[104.64279,-1.96905],[104.63929,-1.97089],[104.63794,-1.97261],[104.63767,-1.97237],[104.63713,-1.97312],[104.63632,-1.97298],[104.63578,-1.9734],[104.62975,-1.97982],[104.62974,-1.98118],[104.63119,-1.98316]],[[104.61177,-1.98622],[104.61447,-1.98727],[104.61581,-1.98649],[104.61662,-1.98518],[104.61726,-1.98253],[104.61719,-1.97819],[104.61672,-1.97683],[104.61694,-1.97385],[104.61549,-1.97059],[104.61321,-1.96787],[104.61324,-1.96733],[104.61246,-1.96706],[104.61177,-1.96634],[104.61144,-1.9657],[104.61181,-1.96489],[104.6115,-1.9644],[104.60908,-1.96394],[104.60719,-1.96498]],[[104.61415,-1.9657],[104.61464,-1.96516],[104.61449,-1.96489],[104.61339,-1.96461],[104.61312,-1.96513],[104.61285,-1.96477],[104.61288,-1.96543],[104.61415,-1.9657]],[[104.63065,-1.98426],[104.62903,-1.98326],[104.62849,-1.98328],[104.62472,-1.99192],[104.6224,-1.99475],[104.61912,-1.99773],[104.61743,-2.00051],[104.61554,-2.00182],[104.61463,-2.00289],[104.61355,-2.00343],[104.61257,-2.00507],[104.60691,-2.00769],[104.60286,-2.00813],[104.60244,-2.00858],[104.60248,-2.00913],[104.60345,-2.01048]],[[104.57184,-1.99844],[104.58619,-2.00179],[104.5858,-2.00234],[104.58622,-2.00288],[104.58502,-2.00369],[104.58476,-2.00478],[104.58526,-2.00532],[104.58506,-2.00564],[104.588,-2.00505],[104.58857,-2.00357],[104.58779,-2.00288],[104.58857,-2.00282],[104.5891,-2.00225],[104.59666,-2.00215],[104.60286,-2.00137],[104.6061,-1.99975],[104.60858,-1.99718],[104.61053,-1.99447],[104.61301,-1.98986],[104.61291,-1.98931],[104.61204,-1.98837],[104.61096,-1.98764]],[[104.57854,-2.00831],[104.57856,-2.00722],[104.57904,-2.00613],[104.57885,-2.00572],[104.57575,-2.0045],[104.57365,-2.00288],[104.57407,-2.00233],[104.57346,-2.00272],[104.57238,-2.00194],[104.57103,-2.00158]],[[104.59379,-2.00614],[104.59324,-2.00532],[104.59288,-2.00514],[104.59261,-2.00569],[104.59369,-2.00636],[104.59379,-2.00614]],[[104.6034,-2.01075],[104.60151,-2.00904],[104.59962,-2.00821],[104.59585,-2.00812],[104.59531,-2.00849],[104.59406,-2.00804],[104.59423,-2.00726],[104.59479,-2.00722],[104.5945,-2.00685],[104.59409,-2.00695],[104.59396,-2.00743],[104.5927,-2.00722],[104.59288,-2.00789],[104.59315,-2.00766],[104.59352,-2.00804],[104.59129,-2.00804],[104.59165,-2.00777],[104.59168,-2.00749],[104.59099,-2.00722],[104.59072,-2.00602],[104.58964,-2.00596],[104.58952,-2.00695],[104.59018,-2.00746],[104.59072,-2.00753],[104.59099,-2.00722],[104.59151,-2.00777],[104.59126,-2.00802],[104.58884,-2.00776],[104.58452,-2.00575],[104.58263,-2.00548],[104.58164,-2.00668],[104.58144,-2.00858]]]}},{"id":"221","type":"Feature","properties":{"year":2015,"certainty":"good"},"geometry":{"type":"MultiLineString","coordinates":[[[104.48348,-1.83214],[104.4853,-1.83325],[104.4867,-1.83214],[104.48701,-1.83132],[104.48827,-1.83095],[104.48905,-1.82888],[104.49183,-1.824],[104.49507,-1.82074],[104.49685,-1.81775],[104.50133,-1.81396],[104.50311,-1.8114],[104.50395,-1.80907]],[[104.47262,-1.85049],[104.47531,-1.8516],[104.47747,-1.85205],[104.47922,-1.85154]],[[104.47923,-1.85154],[104.47949,-1.85141]],[[104.47978,-1.85127],[104.48003,-1.85101]],[[104.48004,-1.851],[104.48082,-1.85005],[104.48199,-1.84706],[104.48308,-1.83946],[104.48395,-1.83931],[104.48435,-1.83865],[104.48461,-1.83431],[104.48308,-1.83268]],[[104.46722,-1.86348],[104.46857,-1.86271],[104.47244,-1.85846],[104.47233,-1.8571],[104.47277,-1.85602],[104.47266,-1.85547],[104.47334,-1.8552],[104.47335,-1.85276],[104.47305,-1.85222],[104.47181,-1.85142]],[[104.60642,-1.96326],[104.60854,-1.96183],[104.60925,-1.96],[104.6107,-1.95854],[104.61206,-1.95783],[104.61258,-1.95649],[104.61285,-1.95729],[104.61326,-1.95743]],[[104.6137,-1.95715],[104.6138,-1.95702]],[[104.61394,-1.95688],[104.61434,-1.95661]],[[104.61435,-1.95661],[104.61744,-1.9543],[104.61879,-1.95364],[104.61987,-1.95233],[104.62094,-1.95159],[104.62154,-1.95078],[104.62179,-1.94861],[104.62259,-1.94725],[104.62261,-1.94589],[104.62418,-1.94318],[104.62417,-1.94263],[104.62635,-1.94024],[104.62662,-1.94046],[104.62742,-1.93998],[104.62796,-1.94028],[104.62877,-1.94005],[104.62886,-1.93911],[104.62853,-1.93856],[104.62931,-1.9377],[104.63228,-1.93669],[104.63255,-1.9363],[104.63309,-1.93675],[104.6339,-1.93669],[104.63417,-1.93604],[104.63633,-1.93569],[104.63768,-1.93575],[104.63956,-1.9369],[104.64064,-1.93691],[104.64268,-1.93531],[104.64374,-1.93314],[104.64428,-1.93151],[104.64404,-1.93097],[104.64443,-1.92934],[104.64498,-1.92853],[104.64469,-1.92773],[104.64415,-1.92865],[104.64394,-1.92798],[104.64419,-1.92554],[104.64345,-1.92201],[104.64059,-1.91821],[104.63696,-1.91468],[104.63498,-1.91333],[104.6339,-1.91202],[104.63297,-1.91142],[104.63245,-1.91034],[104.6304,-1.90799],[104.62986,-1.90792],[104.62859,-1.90654],[104.62852,-1.90572],[104.6277,-1.90483],[104.62123,-1.89884],[104.62096,-1.89822],[104.61961,-1.89767],[104.61152,-1.8896],[104.60731,-1.88618],[104.60702,-1.88563],[104.60721,-1.88518],[104.6056,-1.88428],[104.59986,-1.87939],[104.59831,-1.87695],[104.59682,-1.87559],[104.59534,-1.87509],[104.59513,-1.8745],[104.59426,-1.87426],[104.59366,-1.87369],[104.59256,-1.87342],[104.58895,-1.86989],[104.58564,-1.86772],[104.58455,-1.86665],[104.58212,-1.86498],[104.57989,-1.86392],[104.5797,-1.86337],[104.57835,-1.86305],[104.57484,-1.86066],[104.56972,-1.85853],[104.56648,-1.85761],[104.56217,-1.85693],[104.5568,-1.85482]],[[104.54947,-1.85427],[104.5449,-1.85646],[104.54248,-1.85806],[104.54012,-1.86092],[104.53974,-1.86255],[104.5401,-1.86363],[104.53996,-1.86472],[104.54057,-1.86553],[104.54017,-1.86608],[104.54069,-1.86608],[104.5404,-1.86581],[104.54059,-1.86556],[104.5414,-1.86662],[104.54063,-1.86743],[104.54063,-1.86811]],[[104.53619,-1.87951],[104.536,-1.88138],[104.53405,-1.88372],[104.53427,-1.8848],[104.53291,-1.88453],[104.53358,-1.88616],[104.53333,-1.8886],[104.53172,-1.8924],[104.52976,-1.89539],[104.52906,-1.8981],[104.52681,-1.90353],[104.52666,-1.90475]],[[104.52656,-1.90638],[104.52641,-1.90704]],[[104.52574,-1.90855],[104.5256,-1.90872]],[[104.52554,-1.90882],[104.52294,-1.91357],[104.52292,-1.91438],[104.52412,-1.91423],[104.52709,-1.91136]],[[104.47256,-1.8704],[104.47454,-1.86769],[104.47396,-1.86663],[104.4718,-1.86465],[104.46803,-1.86531]],[[104.47422,-1.88744],[104.47638,-1.88654],[104.47741,-1.8856],[104.47888,-1.88126],[104.47932,-1.87692],[104.47872,-1.87366],[104.47703,-1.87094],[104.47585,-1.87002],[104.47531,-1.86999],[104.47423,-1.87015],[104.47327,-1.87094]],[[104.46262,-1.90746],[104.46532,-1.90642],[104.46828,-1.90609],[104.47017,-1.90547],[104.47341,-1.90365],[104.47649,-1.90053],[104.4775,-1.89809],[104.47815,-1.89456],[104.47865,-1.89347],[104.47864,-1.8913],[104.47773,-1.88955],[104.4753,-1.88795],[104.47449,-1.88801]],[[104.46424,-1.92129],[104.46368,-1.91844],[104.4637,-1.91643],[104.46467,-1.91274],[104.46464,-1.91111],[104.46531,-1.90975],[104.46505,-1.90926],[104.46424,-1.90916],[104.46289,-1.90968]],[[104.47303,-1.91193],[104.47348,-1.91138],[104.47341,-1.91115],[104.47265,-1.91165],[104.47303,-1.91193]],[[104.5272,-1.91167],[104.52373,-1.91547],[104.5224,-1.91764],[104.52129,-1.92035],[104.52073,-1.92252],[104.52074,-1.92388],[104.52223,-1.92547]],[[104.49626,-1.94165],[104.49624,-1.94111]],[[104.49539,-1.92818],[104.49367,-1.9236],[104.49073,-1.91872],[104.48959,-1.91749],[104.48844,-1.91682],[104.48842,-1.91627],[104.48678,-1.91437],[104.48285,-1.91235],[104.47826,-1.91246],[104.47583,-1.91351],[104.47476,-1.91283],[104.47233,-1.9131],[104.47115,-1.91437],[104.46919,-1.92047]],[[104.52169,-1.92659],[104.52034,-1.92598],[104.51899,-1.92613],[104.51629,-1.92522],[104.51333,-1.92511],[104.51264,-1.92578],[104.51189,-1.92741],[104.50901,-1.92839],[104.50793,-1.92936],[104.50658,-1.92984],[104.5057,-1.9327]],[[104.50074,-1.94247],[104.50073,-1.94274]],[[104.65373,-1.96303],[104.65042,-1.96462],[104.6508,-1.9649],[104.65008,-1.96553],[104.64927,-1.96538],[104.64978,-1.96571],[104.6492,-1.96625],[104.64711,-1.96685],[104.64576,-1.96787],[104.64549,-1.96848],[104.64441,-1.96873],[104.64387,-1.96822],[104.64037,-1.97046],[104.63956,-1.97065],[104.63942,-1.97029]],[[104.63903,-1.97073],[104.63888,-1.97107]],[[104.63879,-1.97127],[104.63861,-1.97155]],[[104.63837,-1.97181],[104.63834,-1.97184]],[[104.63827,-1.97209],[104.6378,-1.97253]],[[104.61177,-1.98626],[104.61352,-1.98705]],[[104.61716,-1.98294],[104.61704,-1.98022]],[[104.61377,-1.96828],[104.61312,-1.9678],[104.61333,-1.96733],[104.61298,-1.96706],[104.61276,-1.9657],[104.61393,-1.96596],[104.61439,-1.96543],[104.61285,-1.96498],[104.61204,-1.96646],[104.61161,-1.96543],[104.61177,-1.96513],[104.61204,-1.96587],[104.61212,-1.96516],[104.61164,-1.96462],[104.60935,-1.96395],[104.60719,-1.965]],[[104.62629,-1.9881],[104.6258,-1.98972]],[[104.61712,-2.00058],[104.61703,-2.00065]],[[104.61217,-2.00517],[104.60785,-2.0073]],[[104.60327,-2.01029],[104.60346,-2.01048]],[[104.59625,-2.00207],[104.59868,-2.00202]],[[104.59927,-2.00193],[104.59949,-2.00192]],[[104.61244,-1.98882],[104.61096,-1.98762]],[[104.6034,-2.01075],[104.603,-2.01041]]]}},{"id":"222","type":"Feature","properties":{"year":2016,"certainty":"unstable data"},"geometry":{"type":"MultiLineString","coordinates":[[[104.47869,-1.85189],[104.4789,-1.85181]],[[104.47895,-1.85179],[104.47948,-1.85154]],[[104.47949,-1.85153],[104.47984,-1.85127]],[[104.48003,-1.85108],[104.48011,-1.851]],[[104.4803,-1.85074],[104.48031,-1.85073]],[[104.6084,-1.96199],[104.60918,-1.96014]],[[104.60921,-1.96007],[104.60937,-1.95987]],[[104.61326,-1.95744],[104.61371,-1.95715]],[[104.6138,-1.95704],[104.61476,-1.95634]],[[104.61488,-1.95623],[104.61509,-1.95607]],[[104.60342,-1.8817],[104.6033,-1.88157]],[[104.60319,-1.88143],[104.60276,-1.88116]],[[104.60275,-1.88116],[104.60249,-1.8811]],[[104.60012,-1.87898],[104.60006,-1.87858]],[[104.59988,-1.87844],[104.59979,-1.87834]],[[104.56284,-1.85718],[104.55984,-1.85631],[104.56055,-1.85559],[104.55974,-1.85562],[104.5592,-1.85522],[104.55812,-1.85556],[104.55756,-1.85523],[104.55759,-1.85495],[104.55828,-1.85495],[104.55786,-1.85441],[104.55846,-1.85414],[104.55839,-1.85376],[104.55785,-1.8544],[104.55757,-1.8536],[104.55623,-1.85352],[104.55327,-1.85258],[104.55178,-1.85271]],[[104.53343,-1.88783],[104.53328,-1.88874]],[[104.53316,-1.88919],[104.5331,-1.88928]],[[104.53289,-1.8896],[104.53277,-1.88982]],[[104.53262,-1.89029],[104.53259,-1.89037]],[[104.53235,-1.89098],[104.5312,-1.89335]],[[104.65373,-1.96296],[104.65289,-1.9634]],[[104.65264,-1.9635],[104.65223,-1.96368]],[[104.6521,-1.96373],[104.65113,-1.96422]],[[104.65102,-1.96427],[104.65075,-1.96441]],[[104.64374,-1.9682],[104.6436,-1.96829]],[[104.63996,-1.97007],[104.63983,-1.97019]],[[104.63982,-1.97019],[104.63888,-1.97046]]]}},{"id":"223","type":"Feature","properties":{"year":2017,"certainty":"good"},"geometry":{"type":"MultiLineString","coordinates":[[[104.48351,-1.83214],[104.4853,-1.83318],[104.48746,-1.83123],[104.48827,-1.83091],[104.48901,-1.82888],[104.49169,-1.824],[104.49518,-1.82047],[104.49674,-1.81775],[104.50041,-1.81483],[104.50149,-1.8136],[104.50324,-1.81097],[104.50388,-1.80907]],[[104.47262,-1.8505],[104.47558,-1.85169],[104.47801,-1.85204],[104.47963,-1.8514],[104.48079,-1.85005],[104.48197,-1.84706],[104.48275,-1.84028],[104.48432,-1.83865],[104.48456,-1.83431],[104.48304,-1.83268]],[[104.46722,-1.86351],[104.46857,-1.86282],[104.47241,-1.85846],[104.47227,-1.8571],[104.47276,-1.85602],[104.47235,-1.85547],[104.47328,-1.85493],[104.4733,-1.85276],[104.47303,-1.85222],[104.47181,-1.85141]],[[104.60645,-1.96326],[104.60827,-1.96213],[104.60935,-1.9598],[104.6108,-1.95837],[104.6123,-1.95756],[104.61258,-1.95658],[104.61285,-1.9573],[104.61339,-1.95741],[104.61668,-1.95485],[104.61896,-1.95349],[104.62149,-1.95096],[104.62306,-1.94481],[104.62554,-1.94103],[104.62648,-1.9403]],[[104.63889,-1.93641],[104.63983,-1.93713],[104.64145,-1.93674],[104.6423,-1.93613],[104.6432,-1.93423],[104.64437,-1.92934],[104.64372,-1.92744],[104.64391,-1.92418],[104.64337,-1.92174],[104.63964,-1.91713],[104.63485,-1.91305],[104.6304,-1.90828],[104.62748,-1.90464],[104.62595,-1.90364]],[[104.62352,-1.90138],[104.62341,-1.90124]],[[104.59434,-1.87464],[104.59413,-1.87445]],[[104.58819,-1.8701],[104.58319,-1.86636],[104.58266,-1.86635],[104.58185,-1.86541],[104.57349,-1.86037],[104.57269,-1.86052],[104.57026,-1.85962],[104.56864,-1.85843],[104.56176,-1.85696]],[[104.55475,-1.85337],[104.553,-1.85272],[104.55246,-1.8531],[104.55057,-1.85342],[104.54423,-1.85664]],[[104.54072,-1.8597],[104.53992,-1.86119],[104.53971,-1.86241]],[[104.54078,-1.86567],[104.54153,-1.86645]],[[104.539,-1.87463],[104.53778,-1.8768]],[[104.53611,-1.88032],[104.53559,-1.88193]],[[104.53558,-1.88195],[104.53532,-1.8823]],[[104.53514,-1.8825],[104.53505,-1.88261]],[[104.53491,-1.88277],[104.53405,-1.88399],[104.53432,-1.8848],[104.53293,-1.88453],[104.53361,-1.88616],[104.53355,-1.88711]],[[104.53296,-1.88955],[104.53235,-1.89109]],[[104.53182,-1.89227],[104.53181,-1.89229]],[[104.53109,-1.89362],[104.52994,-1.89511],[104.5297,-1.89606]],[[104.52577,-1.90855],[104.52294,-1.91357],[104.52293,-1.91438],[104.52385,-1.91438],[104.52547,-1.91316],[104.52565,-1.9133],[104.52412,-1.91488],[104.52237,-1.91764],[104.52092,-1.92212]],[[104.52074,-1.92293],[104.52074,-1.92294]],[[104.52069,-1.92347],[104.52072,-1.92388],[104.52223,-1.9255]],[[104.47262,-1.8704],[104.47454,-1.86769],[104.47396,-1.86662],[104.47205,-1.8647],[104.46803,-1.8653]],[[104.47422,-1.88741],[104.47679,-1.88618]],[[104.47699,-1.88601],[104.47706,-1.88595]],[[104.47751,-1.88546],[104.4776,-1.88528]],[[104.47764,-1.88519],[104.47888,-1.88126],[104.47939,-1.87746],[104.47883,-1.87366],[104.47755,-1.87149],[104.47605,-1.87013],[104.4745,-1.87009],[104.47327,-1.87094]],[[104.47489,-1.9023],[104.47543,-1.9018]],[[104.47549,-1.90175],[104.4757,-1.90156]],[[104.47603,-1.90121],[104.47773,-1.89746],[104.47882,-1.89293],[104.47873,-1.89157],[104.47756,-1.8894],[104.4753,-1.88796],[104.47449,-1.88803]],[[104.49523,-1.92781],[104.49403,-1.92455]],[[104.48838,-1.91616],[104.48836,-1.91614]],[[104.48811,-1.91567],[104.48581,-1.91366],[104.48285,-1.91242],[104.4784,-1.91252]],[[104.52169,-1.92651],[104.52034,-1.92596],[104.51912,-1.92609]],[[104.6454,-1.93151],[104.64502,-1.92988],[104.64496,-1.92949],[104.64473,-1.9307],[104.64523,-1.93178],[104.6454,-1.93151]],[[104.65373,-1.96316],[104.65372,-1.96316]],[[104.64419,-1.96802],[104.64374,-1.96816]],[[104.63251,-1.9767],[104.63141,-1.97778]],[[104.61665,-1.97072],[104.61649,-1.97066]],[[104.61438,-1.96937],[104.61366,-1.96818],[104.61266,-1.96733],[104.61258,-1.96615],[104.61249,-1.96652],[104.61204,-1.9665],[104.61233,-1.96489],[104.61042,-1.96429],[104.61042,-1.96519],[104.60935,-1.96404],[104.60719,-1.96507]],[[104.61367,-1.96652],[104.61393,-1.96612],[104.61428,-1.96625],[104.61366,-1.96574],[104.61367,-1.96652]],[[104.61692,-1.96815],[104.6169,-1.96755],[104.61663,-1.9674],[104.61658,-1.96787],[104.61692,-1.96815]],[[104.61678,-1.97005],[104.61555,-1.96888],[104.61557,-1.96937]],[[104.61595,-1.96962],[104.61599,-1.96964]],[[104.61622,-1.96989],[104.61678,-1.97005]],[[104.60327,-2.01025],[104.60351,-2.01048]],[[104.57184,-1.99843],[104.57548,-1.99924]],[[104.5914,-2.0022],[104.59625,-2.0021]],[[104.59965,-2.00193],[104.60434,-2.00085]],[[104.57305,-2.00245],[104.57198,-2.00174]],[[104.57176,-2.00138],[104.57211,-2.00055],[104.5716,-2.00111]],[[104.60338,-2.01075],[104.603,-2.01043]]]}},{"id":"224","type":"Feature","properties":{"year":2018,"certainty":"good"},"geometry":{"type":"MultiLineString","coordinates":[[[104.48354,-1.83214],[104.4853,-1.83314],[104.48693,-1.83132],[104.48827,-1.83063],[104.48923,-1.82807],[104.49173,-1.82372],[104.49504,-1.82047],[104.49586,-1.81938],[104.49661,-1.81748],[104.50001,-1.81504],[104.50155,-1.81341],[104.50329,-1.8107],[104.50383,-1.80907]],[[104.47262,-1.85046],[104.47585,-1.85175],[104.47801,-1.85202],[104.47963,-1.85118],[104.48065,-1.85005],[104.48194,-1.84706],[104.48247,-1.84001],[104.48304,-1.83919],[104.48395,-1.83924],[104.48432,-1.83865],[104.48448,-1.83431],[104.48303,-1.83268]],[[104.46722,-1.86344],[104.46857,-1.86266],[104.47241,-1.85846],[104.47224,-1.8571],[104.47275,-1.85602],[104.47221,-1.85547],[104.47326,-1.85493],[104.47329,-1.85276],[104.473,-1.85222],[104.47181,-1.85144]],[[104.60645,-1.96326],[104.60845,-1.9619],[104.60935,-1.95979],[104.61081,-1.95837],[104.6123,-1.95756],[104.61258,-1.95657],[104.61285,-1.95726],[104.61339,-1.95736],[104.6194,-1.95295],[104.62133,-1.95023],[104.62176,-1.94823],[104.62244,-1.94698],[104.62284,-1.94471],[104.62399,-1.94236],[104.62573,-1.94019],[104.62705,-1.93965],[104.62728,-1.93911],[104.62938,-1.93721],[104.6312,-1.93607],[104.63247,-1.93612],[104.63262,-1.93585],[104.63201,-1.9358],[104.63201,-1.9355],[104.63309,-1.93553],[104.63417,-1.93501],[104.63795,-1.93523],[104.63853,-1.93558],[104.63913,-1.93667],[104.6401,-1.93719],[104.64091,-1.93705],[104.64174,-1.9364],[104.64284,-1.93395],[104.64248,-1.93124],[104.64264,-1.92907],[104.64366,-1.92391],[104.64334,-1.92233],[104.64236,-1.92065],[104.63687,-1.91479],[104.63471,-1.91336],[104.63297,-1.9117],[104.63188,-1.91007],[104.62986,-1.90835],[104.62662,-1.90434],[104.62333,-1.90165],[104.62209,-1.90002],[104.61206,-1.89017],[104.60595,-1.88509],[104.60596,-1.88455],[104.60343,-1.88215],[104.6016,-1.88102],[104.5993,-1.87858],[104.59615,-1.87601],[104.58914,-1.87081],[104.58179,-1.86582],[104.57458,-1.86147],[104.57161,-1.86007],[104.56972,-1.85953],[104.56852,-1.85876],[104.56163,-1.85705],[104.56061,-1.85658],[104.56081,-1.85604],[104.56028,-1.85646],[104.55947,-1.85648],[104.55799,-1.85604],[104.55662,-1.85522],[104.55664,-1.85495],[104.55741,-1.85468],[104.55569,-1.85333],[104.55273,-1.85302],[104.55111,-1.85327],[104.54571,-1.85571],[104.54275,-1.85754],[104.54088,-1.85929],[104.53969,-1.86228],[104.54005,-1.86486],[104.54169,-1.86662],[104.54112,-1.86677],[104.54074,-1.86757]],[[104.539,-1.87463],[104.53735,-1.87797],[104.53675,-1.87829],[104.53672,-1.87883],[104.53622,-1.87937],[104.53594,-1.88155],[104.53415,-1.88372],[104.53438,-1.88507],[104.53357,-1.88451],[104.53295,-1.88453],[104.53362,-1.88616],[104.5332,-1.88914],[104.53179,-1.8924],[104.52982,-1.89539],[104.52908,-1.8981],[104.52674,-1.9038],[104.52655,-1.90651],[104.52603,-1.90814],[104.52294,-1.91357],[104.52296,-1.91438],[104.52331,-1.91452],[104.52466,-1.91392],[104.52547,-1.91312],[104.52569,-1.9133],[104.52295,-1.91655],[104.52106,-1.92117],[104.52075,-1.92388],[104.52222,-1.92551]],[[104.47258,-1.8704],[104.47448,-1.86769],[104.47396,-1.86661],[104.4718,-1.86468],[104.46803,-1.86531]],[[104.47422,-1.88744],[104.47638,-1.88652],[104.47746,-1.88553],[104.47887,-1.88126],[104.47945,-1.87664],[104.47856,-1.87312],[104.47639,-1.87035],[104.47477,-1.87006],[104.47329,-1.87094]],[[104.46262,-1.90749],[104.46532,-1.90642],[104.46828,-1.90608],[104.47031,-1.90539]],[[104.47639,-1.90066],[104.47773,-1.89744],[104.47881,-1.89293],[104.4787,-1.89157],[104.47835,-1.89049],[104.47746,-1.8893],[104.4753,-1.88796],[104.47449,-1.88805]],[[104.46464,-1.9126],[104.46464,-1.9126]],[[104.46329,-1.90932],[104.46324,-1.90934]],[[104.46302,-1.9095],[104.46289,-1.90958]],[[104.49705,-1.94803],[104.49652,-1.94586],[104.49604,-1.94043],[104.49675,-1.93555],[104.49669,-1.93229],[104.49367,-1.92387],[104.49227,-1.92224],[104.49187,-1.92089],[104.49064,-1.91899],[104.48827,-1.91682],[104.4877,-1.91552],[104.48581,-1.91376],[104.48285,-1.91245],[104.48069,-1.91233],[104.47732,-1.91283]],[[104.52169,-1.9265],[104.52034,-1.92593],[104.51899,-1.92612],[104.51629,-1.92523],[104.51314,-1.92524],[104.51198,-1.92746],[104.50901,-1.92846],[104.50793,-1.92942],[104.50666,-1.92985],[104.50625,-1.93039],[104.50636,-1.93093],[104.50591,-1.93148],[104.50581,-1.93283],[104.50512,-1.93473],[104.50357,-1.93623]],[[104.50103,-1.9403],[104.50066,-1.94396],[104.50081,-1.94722]],[[104.50097,-1.93283],[104.50119,-1.93202],[104.50051,-1.93256]],[[104.50078,-1.93288],[104.50097,-1.93283]],[[104.65373,-1.96374],[104.65195,-1.96435],[104.64927,-1.96627],[104.64711,-1.96685],[104.64468,-1.96847],[104.64225,-1.9692],[104.63942,-1.97069]],[[104.63119,-1.97806],[104.62956,-1.98036],[104.63031,-1.98226],[104.63119,-1.98317]],[[104.61419,-1.98728],[104.61574,-1.9866],[104.61665,-1.98511]],[[104.61688,-1.9786],[104.61657,-1.97629],[104.61681,-1.97385],[104.61447,-1.96976],[104.60935,-1.96417],[104.60719,-1.96511]],[[104.63065,-1.98426],[104.62998,-1.98394]],[[104.62974,-1.98375],[104.62971,-1.98372]],[[104.57184,-1.99846],[104.5891,-2.00221],[104.59963,-2.00199],[104.60151,-2.00173],[104.60462,-2.00068]],[[104.61117,-1.99325],[104.61263,-1.99067],[104.61292,-1.98945]],[[104.57218,-2.0007],[104.57237,-2.00043],[104.57211,-1.99989],[104.57184,-1.99951],[104.57211,-1.99989],[104.57171,-2.00043],[104.57218,-2.0007]],[[104.57856,-2.00831],[104.57858,-2.00718],[104.57919,-2.00559],[104.57643,-2.00484],[104.57184,-2.00167],[104.57103,-2.0016]],[[104.58123,-2.00532],[104.58092,-2.00478],[104.5817,-2.00423],[104.58136,-2.00396],[104.58155,-2.00315],[104.58101,-2.0024],[104.58007,-2.00396],[104.58008,-2.00451],[104.58079,-2.00532],[104.58123,-2.00532]],[[104.5949,-2.00836],[104.5891,-2.00781],[104.58425,-2.00573],[104.5829,-2.00544],[104.58175,-2.00641],[104.58141,-2.00858]]]}},{"id":"225","type":"Feature","properties":{"year":2019,"certainty":"good"},"geometry":{"type":"MultiLineString","coordinates":[[[104.48348,-1.83214],[104.4853,-1.83314],[104.48665,-1.83188],[104.48692,-1.83107],[104.48823,-1.83051],[104.48926,-1.82752],[104.49125,-1.824],[104.49555,-1.81972],[104.49625,-1.8183],[104.49615,-1.81748],[104.4969,-1.8173],[104.49933,-1.81544],[104.50144,-1.81341],[104.50322,-1.8107],[104.50377,-1.80907]],[[104.47262,-1.85048],[104.47558,-1.85172],[104.47801,-1.85202],[104.4799,-1.85094],[104.48064,-1.85005],[104.48188,-1.84706],[104.48233,-1.83944],[104.4826,-1.83881],[104.48341,-1.83885],[104.48368,-1.83914],[104.48426,-1.83865],[104.48454,-1.83594],[104.48416,-1.83512],[104.48447,-1.83431],[104.48305,-1.83268]],[[104.46722,-1.86345],[104.46965,-1.86152],[104.47237,-1.85846],[104.4722,-1.8571],[104.47273,-1.85602],[104.47219,-1.85547],[104.47325,-1.85493],[104.47328,-1.85276],[104.47289,-1.8521],[104.47181,-1.85144]],[[104.6064,-1.96326],[104.60844,-1.9619],[104.60935,-1.95977],[104.61078,-1.95837],[104.61228,-1.95756],[104.61258,-1.95653],[104.61285,-1.95715],[104.61339,-1.95736],[104.61654,-1.95485],[104.61887,-1.95349],[104.6213,-1.95023],[104.62176,-1.94766],[104.62242,-1.94698],[104.62217,-1.94643],[104.62311,-1.94348],[104.62446,-1.94123],[104.62591,-1.93992],[104.62608,-1.9391],[104.62635,-1.93898],[104.62658,-1.93965],[104.62689,-1.93968],[104.62704,-1.93884],[104.62888,-1.93748],[104.6312,-1.93604],[104.63243,-1.93612],[104.6326,-1.93585],[104.63201,-1.93581],[104.63201,-1.93548],[104.63309,-1.93551],[104.63396,-1.93504],[104.63525,-1.93485],[104.63795,-1.9352],[104.63857,-1.93558],[104.63929,-1.93684],[104.6401,-1.93721],[104.64091,-1.93706],[104.64172,-1.93631],[104.64237,-1.93504],[104.64243,-1.9288],[104.64344,-1.925],[104.64345,-1.92337],[104.64283,-1.92201],[104.6393,-1.91734],[104.63682,-1.91495],[104.63277,-1.91197],[104.63175,-1.91016],[104.6304,-1.90888],[104.62986,-1.90884],[104.62647,-1.90437],[104.62366,-1.90208],[104.62231,-1.90052],[104.62078,-1.89948],[104.61125,-1.88984],[104.60738,-1.88672],[104.59868,-1.87858],[104.58887,-1.87085],[104.57943,-1.86487],[104.57593,-1.8631],[104.57403,-1.86155],[104.57322,-1.86148],[104.57154,-1.86066],[104.57107,-1.86009],[104.56756,-1.85886],[104.5664,-1.85876],[104.55849,-1.85631],[104.55632,-1.85522],[104.55596,-1.85425],[104.55542,-1.85424],[104.55461,-1.85351],[104.553,-1.85328],[104.55165,-1.85345],[104.54868,-1.8545],[104.54275,-1.85755],[104.54059,-1.85992],[104.53972,-1.86241]],[[104.54051,-1.86947],[104.53908,-1.87449],[104.53806,-1.87612],[104.53742,-1.87802],[104.53681,-1.87841],[104.53667,-1.87912]],[[104.53656,-1.87924],[104.5364,-1.8793]],[[104.53623,-1.87978],[104.53607,-1.88127],[104.53559,-1.88202]],[[104.53449,-1.88331],[104.53407,-1.88399],[104.53438,-1.88514],[104.53357,-1.88451],[104.53296,-1.88453],[104.53361,-1.88616],[104.5332,-1.88914],[104.5318,-1.8924],[104.52983,-1.89539],[104.52907,-1.8981],[104.52672,-1.9038],[104.52628,-1.90752],[104.52298,-1.91357],[104.52297,-1.91438],[104.52385,-1.91442],[104.52547,-1.91312],[104.52568,-1.9133],[104.52412,-1.91484],[104.52297,-1.91655],[104.52101,-1.92115]],[[104.52069,-1.92347],[104.52071,-1.92388],[104.52222,-1.92551]],[[104.47256,-1.8704],[104.47448,-1.86769],[104.47396,-1.86668],[104.4718,-1.86466],[104.46803,-1.86528]],[[104.47422,-1.88745],[104.47638,-1.88656],[104.47741,-1.8856],[104.47888,-1.88099],[104.47943,-1.87692],[104.47872,-1.87366],[104.47666,-1.87067],[104.47585,-1.8701],[104.47504,-1.87004],[104.47331,-1.87094]],[[104.46383,-1.90689],[104.46437,-1.90669]],[[104.46815,-1.90612],[104.47017,-1.90558],[104.47422,-1.9031],[104.47622,-1.90107],[104.47727,-1.8989],[104.47866,-1.8932],[104.47858,-1.8913],[104.47746,-1.88932],[104.4753,-1.88796],[104.47449,-1.88805]],[[104.46982,-1.90894],[104.46994,-1.90812],[104.46963,-1.90812],[104.46954,-1.90894],[104.46982,-1.90894]],[[104.49704,-1.94803],[104.497,-1.94694],[104.49653,-1.94586],[104.49655,-1.94396],[104.49601,-1.94043],[104.49675,-1.93432]],[[104.49673,-1.93336],[104.49621,-1.93066],[104.49406,-1.9255],[104.49389,-1.92442],[104.49223,-1.92224],[104.49209,-1.92143],[104.49061,-1.91899],[104.48826,-1.91682],[104.48718,-1.91492],[104.48581,-1.91383],[104.48285,-1.91251],[104.48096,-1.91233],[104.47745,-1.91271],[104.4761,-1.91376],[104.4753,-1.91357],[104.47476,-1.91284],[104.47287,-1.9129],[104.47175,-1.91355],[104.47047,-1.91518],[104.46909,-1.92056],[104.46882,-1.92039],[104.46855,-1.92111],[104.46829,-1.91925],[104.4672,-1.91971],[104.4645,-1.91946],[104.46442,-1.92007],[104.46491,-1.92007],[104.4645,-1.92251],[104.46359,-1.91762],[104.4646,-1.91233]],[[104.46709,-1.91599],[104.46855,-1.91448],[104.46909,-1.91431],[104.46922,-1.9141],[104.46865,-1.91355],[104.46882,-1.91331],[104.46963,-1.91362],[104.46996,-1.91301],[104.46994,-1.9122],[104.47042,-1.91165],[104.46998,-1.91057],[104.47017,-1.90987],[104.46973,-1.90975],[104.46963,-1.90936],[104.46936,-1.91051],[104.46828,-1.90998],[104.46754,-1.91152]],[[104.46729,-1.9126],[104.46636,-1.91491],[104.46655,-1.91599],[104.46709,-1.91599]],[[104.47078,-1.91165],[104.47146,-1.91138],[104.47098,-1.91091],[104.47058,-1.91111],[104.47086,-1.91138],[104.47053,-1.91165],[104.47078,-1.91165]],[[104.46657,-1.91762],[104.46685,-1.91681],[104.46612,-1.91638],[104.4659,-1.91654],[104.46631,-1.91681],[104.46585,-1.91728],[104.46558,-1.91707],[104.46558,-1.91735],[104.46585,-1.91783],[104.46657,-1.91762]],[[104.46468,-1.92604],[104.46477,-1.92335],[104.46488,-1.92386],[104.46531,-1.92412],[104.46693,-1.92348]],[[104.46739,-1.92359],[104.46573,-1.92441],[104.46585,-1.92469],[104.46639,-1.92457],[104.46666,-1.92508],[104.46828,-1.92394],[104.46829,-1.92631]],[[104.52169,-1.92648],[104.52067,-1.92632],[104.52034,-1.92598],[104.51912,-1.92607]],[[104.50839,-1.9289],[104.50793,-1.9294],[104.50685,-1.92971],[104.50623,-1.93039],[104.50634,-1.93093],[104.50589,-1.93148],[104.50524,-1.93446],[104.50352,-1.93623]],[[104.50107,-1.93975],[104.50053,-1.94586],[104.49954,-1.94722],[104.49983,-1.94697],[104.50065,-1.94722]],[[104.61177,-1.98619],[104.61447,-1.98725],[104.6156,-1.9866],[104.61641,-1.98552],[104.61703,-1.98253],[104.61693,-1.97819],[104.61654,-1.97629],[104.61681,-1.97385],[104.61429,-1.96977],[104.61304,-1.96869],[104.61285,-1.96774],[104.60935,-1.96419],[104.60719,-1.96513]],[[104.65373,-1.96436],[104.65089,-1.965],[104.64927,-1.96634],[104.64711,-1.96691],[104.64603,-1.96753],[104.64522,-1.96855],[104.64252,-1.96914],[104.63942,-1.9708]],[[104.62998,-1.98394],[104.62976,-1.98375]],[[104.62631,-1.9881],[104.62539,-1.99048]],[[104.57198,-1.99848],[104.57521,-1.99913]],[[104.58358,-2.00112],[104.5891,-2.00219],[104.59625,-2.00203]],[[104.59968,-2.00193],[104.60057,-2.00176]],[[104.57857,-2.00831],[104.57885,-2.00704],[104.57945,-2.00695],[104.57912,-2.00654],[104.57926,-2.00585]],[[104.57957,-2.006],[104.57975,-2.006]],[[104.57697,-2.00437],[104.5771,-2.00458]],[[104.57717,-2.00464],[104.57736,-2.00505],[104.57643,-2.00484],[104.57225,-2.00202]],[[104.5949,-2.00836],[104.59081,-2.00804],[104.58816,-2.00747]],[[104.58485,-2.006],[104.58438,-2.00581]],[[104.58426,-2.00573],[104.58263,-2.00556],[104.58174,-2.00654]],[[104.58139,-2.00817],[104.58132,-2.00858]]]}},{"id":"226","type":"Feature","properties":{"year":2020,"certainty":"good"},"geometry":{"type":"MultiLineString","coordinates":[[[104.48343,-1.83214],[104.4853,-1.83315],[104.48665,-1.83187],[104.48692,-1.83106],[104.48825,-1.83051],[104.48886,-1.82834],[104.49143,-1.82372],[104.49555,-1.81975],[104.49623,-1.8183],[104.49617,-1.81748],[104.4969,-1.81729],[104.50122,-1.81364],[104.5026,-1.81179],[104.50376,-1.80907]],[[104.47262,-1.85048],[104.47558,-1.85173],[104.47801,-1.85202],[104.4799,-1.85092],[104.48062,-1.85005],[104.48139,-1.84761],[104.48185,-1.84706],[104.48205,-1.84136],[104.4826,-1.8379],[104.48368,-1.83917],[104.48426,-1.83865],[104.48454,-1.83594],[104.48414,-1.83512],[104.48442,-1.83431],[104.48306,-1.83268]],[[104.46722,-1.86348],[104.46965,-1.86154],[104.47236,-1.85846],[104.47219,-1.8571],[104.47274,-1.85602],[104.47227,-1.85547],[104.47324,-1.85493],[104.47328,-1.85276],[104.47299,-1.85222],[104.47181,-1.85146]],[[104.60643,-1.96326],[104.60847,-1.9619],[104.60869,-1.96082],[104.60935,-1.95977],[104.6107,-1.95845],[104.61228,-1.95756],[104.61258,-1.95656],[104.61285,-1.95728],[104.61339,-1.95734],[104.61663,-1.9548],[104.61887,-1.95349],[104.62129,-1.95023],[104.62176,-1.94766],[104.62243,-1.94698],[104.62213,-1.94643],[104.62311,-1.94319],[104.62446,-1.94123],[104.62591,-1.93992],[104.62608,-1.93909],[104.62635,-1.93898],[104.62655,-1.93965],[104.62689,-1.93971],[104.62704,-1.93884],[104.62888,-1.93748],[104.6312,-1.93603],[104.63244,-1.93612],[104.6326,-1.93585],[104.63201,-1.9358],[104.63201,-1.93547],[104.63309,-1.9355],[104.63399,-1.93504],[104.63525,-1.93487],[104.63795,-1.9352],[104.63857,-1.93558],[104.63929,-1.93694],[104.6401,-1.9372],[104.64091,-1.93702],[104.64172,-1.93635],[104.64229,-1.93504],[104.64227,-1.92961],[104.64342,-1.925],[104.64315,-1.92255],[104.63903,-1.91713],[104.63668,-1.91495],[104.63283,-1.91207],[104.63156,-1.91007],[104.62965,-1.90871],[104.62635,-1.90438],[104.62072,-1.89948],[104.61125,-1.88993],[104.60733,-1.88672],[104.59864,-1.87858],[104.58968,-1.87149],[104.58644,-1.86912],[104.57943,-1.86494],[104.57646,-1.86356],[104.5743,-1.86197],[104.57322,-1.86174],[104.56783,-1.85905],[104.56136,-1.85746],[104.55731,-1.85586],[104.55442,-1.85387],[104.55313,-1.8535]],[[104.54018,-1.86078],[104.53979,-1.86228],[104.54016,-1.86363],[104.54007,-1.86472],[104.54209,-1.86689],[104.54112,-1.86685],[104.54077,-1.86743],[104.54071,-1.86906],[104.53988,-1.87232],[104.53759,-1.87775],[104.53623,-1.87938],[104.53627,-1.88061],[104.53586,-1.88175]],[[104.53428,-1.88358],[104.53424,-1.88363]],[[104.53411,-1.88385],[104.53432,-1.8848],[104.53343,-1.8845]],[[104.53296,-1.88467],[104.53342,-1.88535],[104.53364,-1.8867],[104.53319,-1.88914],[104.53179,-1.8924],[104.52983,-1.89539],[104.52955,-1.89674],[104.52673,-1.9038],[104.52655,-1.90644],[104.52603,-1.90814],[104.52299,-1.91357],[104.52296,-1.91438],[104.52358,-1.91449],[104.52466,-1.9139],[104.52574,-1.91278],[104.52599,-1.91303],[104.52412,-1.91486],[104.52298,-1.91655],[104.52101,-1.92117],[104.52074,-1.92388],[104.52223,-1.92548]],[[104.47257,-1.8704],[104.47448,-1.86769],[104.47396,-1.86663],[104.4718,-1.86466],[104.46803,-1.86526]],[[104.47422,-1.88744],[104.47638,-1.88652],[104.47743,-1.8856],[104.47883,-1.88126],[104.47904,-1.87827],[104.47944,-1.87692],[104.47861,-1.87339],[104.47666,-1.87067],[104.47585,-1.87011],[104.47504,-1.87003],[104.47396,-1.87035],[104.47326,-1.87094]],[[104.46388,-1.9069],[104.46936,-1.90585],[104.47233,-1.90447],[104.47422,-1.90312],[104.47647,-1.90053],[104.47779,-1.897],[104.4786,-1.89347],[104.4786,-1.8913],[104.47746,-1.88932],[104.4753,-1.88796],[104.47449,-1.88802]],[[104.46469,-1.92604],[104.46471,-1.92359],[104.465,-1.92305],[104.46417,-1.92169],[104.46359,-1.91762],[104.46464,-1.91179]],[[104.46709,-1.91599],[104.46855,-1.91448],[104.46909,-1.91431],[104.46922,-1.9141],[104.46865,-1.91355],[104.46882,-1.91331],[104.46909,-1.91361],[104.46969,-1.91355],[104.4701,-1.91192],[104.4711,-1.91165],[104.47098,-1.91091],[104.47044,-1.91115],[104.46936,-1.91071],[104.46801,-1.91104],[104.46647,-1.91247],[104.46628,-1.91328],[104.4667,-1.91382],[104.46639,-1.91427],[104.46607,-1.91409],[104.46638,-1.91464],[104.46581,-1.91518],[104.46638,-1.91545],[104.46666,-1.9161],[104.46709,-1.91599]],[[104.49708,-1.94803],[104.49653,-1.94586],[104.49616,-1.94179],[104.49615,-1.9388],[104.49687,-1.93365],[104.49622,-1.93066],[104.49389,-1.92442],[104.49223,-1.92224],[104.4917,-1.92062],[104.49062,-1.91899],[104.48829,-1.91682],[104.48787,-1.91573],[104.48655,-1.91437],[104.48339,-1.91266],[104.48096,-1.91232],[104.47745,-1.91271],[104.4761,-1.9138],[104.47422,-1.91278],[104.47287,-1.9129],[104.47206,-1.9133],[104.47047,-1.91518],[104.46909,-1.92056],[104.46882,-1.92039],[104.46855,-1.92111],[104.46828,-1.92019],[104.46768,-1.92169],[104.46805,-1.92197],[104.46734,-1.92305],[104.46738,-1.92359],[104.46657,-1.92414],[104.46666,-1.92461],[104.46693,-1.92462],[104.46774,-1.92341],[104.46845,-1.92359],[104.46828,-1.92612]],[[104.46532,-1.91654],[104.46602,-1.91627],[104.46607,-1.91599],[104.46506,-1.91627],[104.46532,-1.91654]],[[104.46462,-1.92007],[104.46509,-1.91952],[104.4645,-1.91918],[104.46425,-1.91952],[104.46462,-1.92007]],[[104.52168,-1.9266],[104.52034,-1.92599],[104.51953,-1.92588],[104.51899,-1.92614],[104.51629,-1.92517],[104.51333,-1.92512],[104.51264,-1.92578],[104.51198,-1.92744],[104.50928,-1.92834],[104.50725,-1.92966]],[[104.50634,-1.93026],[104.50622,-1.93053]],[[104.5063,-1.9308],[104.50618,-1.93117]],[[104.50601,-1.93134],[104.50591,-1.93145]],[[104.50587,-1.93161],[104.50564,-1.93319]],[[104.50537,-1.93405],[104.50488,-1.935],[104.50147,-1.93853],[104.5005,-1.9445],[104.50067,-1.94722]],[[104.50033,-1.93487],[104.50051,-1.93489]],[[104.61177,-1.98619],[104.61447,-1.98722],[104.61554,-1.98666],[104.61638,-1.98552],[104.617,-1.98226],[104.6169,-1.97819],[104.61651,-1.97629],[104.61681,-1.97385],[104.61609,-1.97317],[104.614,-1.9695],[104.61228,-1.96842],[104.6121,-1.96706],[104.60953,-1.96434],[104.60908,-1.96411],[104.60719,-1.96511]],[[104.65373,-1.96463],[104.65062,-1.96517],[104.649,-1.96653],[104.64684,-1.96707],[104.64522,-1.96863],[104.64279,-1.96907],[104.63956,-1.97074],[104.63713,-1.97324],[104.63632,-1.97299],[104.63578,-1.97337],[104.62998,-1.97946]],[[104.62971,-1.98116],[104.62978,-1.98131]],[[104.62998,-1.98166],[104.63119,-1.98315]],[[104.63065,-1.98426],[104.62876,-1.98317],[104.62849,-1.98337],[104.62784,-1.9847],[104.62771,-1.98579],[104.62642,-1.98796],[104.62473,-1.99203],[104.61872,-1.99868]],[[104.61817,-1.99949],[104.61756,-2.00048]],[[104.61748,-2.00058],[104.6173,-2.00073]],[[104.61622,-2.0015],[104.616,-2.00166]],[[104.61224,-2.00519],[104.60691,-2.00782],[104.60313,-2.0081],[104.60262,-2.00858],[104.60257,-2.00913],[104.60357,-2.01048]],[[104.57103,-2.00024],[104.57117,-2.00044]],[[104.5744,-1.99912],[104.57521,-1.99923]],[[104.58411,-2.0012],[104.5891,-2.00226],[104.5941,-2.00221]],[[104.59895,-2.002],[104.60178,-2.00169],[104.60553,-2.00017],[104.60772,-1.99841],[104.61028,-1.99461]],[[104.61116,-1.99325],[104.61133,-1.99271]],[[104.58046,-2.00858],[104.57876,-2.00749],[104.58044,-2.00573]],[[104.57872,-2.00412],[104.5787,-2.0041]],[[104.57843,-2.0041],[104.57804,-2.00445],[104.57724,-2.00377],[104.5767,-2.00421],[104.57642,-2.00396],[104.57589,-2.00451],[104.57251,-2.00212]],[[104.60332,-2.01075],[104.60151,-2.00911],[104.59989,-2.00873],[104.59935,-2.00821],[104.59585,-2.00817],[104.59531,-2.00847],[104.59149,-2.00804],[104.59113,-2.00773]],[[104.59104,-2.00763],[104.59086,-2.00759]],[[104.5908,-2.00546],[104.58883,-2.00293],[104.5884,-2.00342],[104.58835,-2.00424],[104.58903,-2.00492]],[[104.58249,-2.00561],[104.58191,-2.00613],[104.58155,-2.00763],[104.58128,-2.00795],[104.58099,-2.00776],[104.58075,-2.00858]]]}},{"id":"227","type":"Feature","properties":{"year":2021,"certainty":"good"},"geometry":{"type":"MultiLineString","coordinates":[[[104.48342,-1.83214],[104.4853,-1.83317],[104.48663,-1.83187],[104.48692,-1.83111],[104.48827,-1.83054],[104.48902,-1.82807],[104.49146,-1.82372],[104.49555,-1.81978],[104.49625,-1.8183],[104.49621,-1.81748],[104.4969,-1.81731],[104.49933,-1.81544],[104.50141,-1.81341],[104.50284,-1.81142],[104.50379,-1.80907]],[[104.47262,-1.8505],[104.47585,-1.85184],[104.47801,-1.85203],[104.4799,-1.85094],[104.48062,-1.85005],[104.48184,-1.84706],[104.48231,-1.83919],[104.4826,-1.8385],[104.48368,-1.8392],[104.48426,-1.83865],[104.48455,-1.83594],[104.48415,-1.83512],[104.48442,-1.83431],[104.48314,-1.83266]],[[104.46722,-1.8635],[104.46857,-1.86264],[104.47237,-1.85846],[104.47221,-1.8571],[104.47275,-1.85602],[104.47229,-1.85547],[104.47326,-1.85493],[104.47331,-1.85276],[104.47289,-1.85211],[104.47181,-1.85145]],[[104.60645,-1.96326],[104.60759,-1.96264]],[[104.6077,-1.96258],[104.60863,-1.96163],[104.60868,-1.96082],[104.60935,-1.95976],[104.61097,-1.95826],[104.61204,-1.9578],[104.61258,-1.95655],[104.61286,-1.95729],[104.61339,-1.95733],[104.61663,-1.95479],[104.61885,-1.95349],[104.62128,-1.95023],[104.62169,-1.94806],[104.62245,-1.94698],[104.62228,-1.94616],[104.62376,-1.94263],[104.62608,-1.93979],[104.62715,-1.93965],[104.62719,-1.93911],[104.6285,-1.93772],[104.6312,-1.93606],[104.63251,-1.93612],[104.63268,-1.93585],[104.63201,-1.93552],[104.63309,-1.93555],[104.63498,-1.93493],[104.63795,-1.93521],[104.63856,-1.93558],[104.63927,-1.93694],[104.63983,-1.93719],[104.64091,-1.93699],[104.64172,-1.93635],[104.64224,-1.93558],[104.64214,-1.93097],[104.64245,-1.92798],[104.64342,-1.925],[104.64315,-1.92255],[104.63903,-1.91726],[104.6366,-1.91497],[104.63264,-1.91197],[104.6317,-1.91034],[104.6304,-1.90909],[104.62953,-1.90871],[104.62635,-1.90448],[104.62312,-1.90187],[104.6215,-1.9],[104.62069,-1.89966],[104.6188,-1.8974],[104.61125,-1.88994],[104.60694,-1.88646],[104.59858,-1.87858],[104.59121,-1.87287],[104.58968,-1.87109],[104.58806,-1.8704],[104.58581,-1.86772],[104.58347,-1.86635],[104.57596,-1.86337],[104.57376,-1.86192],[104.57295,-1.86177],[104.56993,-1.86011],[104.56756,-1.8591],[104.56109,-1.85747],[104.5592,-1.85642],[104.55731,-1.85592],[104.55529,-1.85455]],[[104.54016,-1.86078],[104.53986,-1.86187]],[[104.54099,-1.86571],[104.54207,-1.86689],[104.54112,-1.86684],[104.54085,-1.86722],[104.54048,-1.87015],[104.53941,-1.87368],[104.53742,-1.87802],[104.53623,-1.87938],[104.53603,-1.88155],[104.53532,-1.88238]],[[104.5341,-1.88385],[104.53427,-1.8848],[104.5337,-1.88459]],[[104.5331,-1.88494],[104.53364,-1.8867],[104.53318,-1.88914],[104.53178,-1.8924],[104.5297,-1.89566],[104.52898,-1.89825],[104.52671,-1.9038],[104.52637,-1.90733],[104.52299,-1.91357],[104.52296,-1.91438],[104.52358,-1.91447],[104.52466,-1.91388],[104.52574,-1.91277],[104.526,-1.91303],[104.52412,-1.91488],[104.52299,-1.91655],[104.52101,-1.92117],[104.52074,-1.92388],[104.52223,-1.92549]],[[104.47257,-1.8704],[104.4745,-1.86769],[104.47396,-1.86663],[104.47207,-1.86469],[104.46803,-1.86525]],[[104.58455,-1.86758],[104.58509,-1.86762],[104.58597,-1.86853]],[[104.47422,-1.88747],[104.47638,-1.88655],[104.47743,-1.8856],[104.47892,-1.88099],[104.47944,-1.87664],[104.47875,-1.87366],[104.47666,-1.87067],[104.47598,-1.87013],[104.47504,-1.87003],[104.47396,-1.87034],[104.47326,-1.87094]],[[104.46289,-1.90796],[104.46316,-1.90738],[104.46405,-1.90677],[104.46936,-1.90585],[104.47233,-1.90447],[104.47422,-1.90314],[104.47633,-1.9008],[104.47781,-1.897],[104.47815,-1.89456],[104.4786,-1.89347],[104.47866,-1.89157],[104.47833,-1.89049],[104.47746,-1.88931],[104.4753,-1.88795],[104.47449,-1.88797]],[[104.49749,-1.94776],[104.49832,-1.94749],[104.49749,-1.94694],[104.4974,-1.94575],[104.49704,-1.94586],[104.49731,-1.9464],[104.49686,-1.94679],[104.4962,-1.94206],[104.49616,-1.93907],[104.49682,-1.935],[104.49671,-1.93229],[104.49375,-1.92415],[104.49227,-1.92224],[104.49214,-1.92143],[104.49062,-1.91899],[104.4883,-1.91682],[104.48789,-1.91573],[104.48635,-1.91423],[104.48285,-1.91252],[104.4784,-1.91252]],[[104.47813,-1.9126],[104.47745,-1.9127],[104.4761,-1.91368],[104.47422,-1.91278],[104.47287,-1.9129],[104.47179,-1.91345],[104.47098,-1.91469],[104.47026,-1.91491],[104.47017,-1.91647],[104.46936,-1.91829],[104.46882,-1.91877],[104.46855,-1.91839],[104.46828,-1.91852],[104.46802,-1.91762],[104.46896,-1.91654],[104.46945,-1.91518],[104.46932,-1.91396]],[[104.4695,-1.91374],[104.46955,-1.91369]],[[104.4714,-1.91152],[104.47138,-1.91101]],[[104.47137,-1.91098],[104.47085,-1.9105]],[[104.4659,-1.91396],[104.46529,-1.91464],[104.46563,-1.91599],[104.4649,-1.91599],[104.46508,-1.91654],[104.46585,-1.91651],[104.46591,-1.91681],[104.46477,-1.91724],[104.46396,-1.92013],[104.46366,-1.91627],[104.46519,-1.90948],[104.46397,-1.90914],[104.46289,-1.90955]],[[104.47353,-1.91138],[104.47357,-1.91111],[104.47314,-1.91091],[104.47277,-1.91138],[104.47353,-1.91138]],[[104.46774,-1.91832],[104.4672,-1.91826],[104.4669,-1.91735],[104.46801,-1.91682],[104.46793,-1.91735],[104.46723,-1.91789],[104.46774,-1.91832]],[[104.46882,-1.92032],[104.46849,-1.92007],[104.46855,-1.9195],[104.46903,-1.91952],[104.46882,-1.92032]],[[104.46774,-1.925],[104.46718,-1.92468],[104.46736,-1.92441],[104.46801,-1.92447],[104.46774,-1.925]],[[104.52169,-1.9266],[104.52034,-1.92599],[104.51953,-1.92586],[104.51899,-1.92612],[104.51629,-1.92518],[104.51333,-1.92514],[104.51265,-1.92578],[104.51198,-1.92745],[104.50928,-1.92834],[104.50793,-1.9294],[104.5067,-1.92985],[104.50622,-1.93039],[104.50635,-1.93093],[104.50591,-1.93148],[104.50555,-1.93365],[104.50506,-1.93473],[104.50148,-1.93853],[104.50074,-1.94152],[104.5005,-1.94586],[104.49867,-1.94776]],[[104.61177,-1.98619],[104.61447,-1.98721],[104.61558,-1.9866],[104.61644,-1.98524],[104.61699,-1.98226],[104.61686,-1.97819],[104.61645,-1.97629],[104.61678,-1.97385],[104.61613,-1.9733],[104.61393,-1.96951],[104.61224,-1.96842],[104.61212,-1.96787],[104.61242,-1.9676],[104.61205,-1.96679],[104.60975,-1.96454]],[[104.65373,-1.96443],[104.65089,-1.96501],[104.64927,-1.96637],[104.64684,-1.96703],[104.64522,-1.96859],[104.64252,-1.96915],[104.63956,-1.97074],[104.63794,-1.97267],[104.63767,-1.97257],[104.63713,-1.97323],[104.63632,-1.97298],[104.63578,-1.97338],[104.63079,-1.97853]],[[104.63065,-1.98426],[104.63052,-1.98414]],[[104.62836,-1.98363],[104.62783,-1.9847],[104.62782,-1.98552],[104.62642,-1.98796],[104.62473,-1.99203],[104.62017,-1.99705]],[[104.61749,-2.00058],[104.6173,-2.00074]],[[104.61622,-2.0015],[104.616,-2.00166]],[[104.61176,-2.00546],[104.60691,-2.00782],[104.60488,-2.00797]],[[104.59814,-2.00815],[104.59571,-2.00823]],[[104.58951,-2.00781],[104.58902,-2.00776],[104.58924,-2.00738]],[[104.61217,-1.98853],[104.61096,-1.98764]]]}},{"id":"228","type":"Feature","properties":{"year":2022,"certainty":"good"},"geometry":{"type":"MultiLineString","coordinates":[[[104.48347,-1.83214],[104.4853,-1.83317],[104.48642,-1.83214],[104.48692,-1.83113],[104.48827,-1.83056],[104.48901,-1.82807],[104.49021,-1.82644],[104.49133,-1.824],[104.49555,-1.81983],[104.49652,-1.81748],[104.50014,-1.81485],[104.50122,-1.81368],[104.50266,-1.81179],[104.50382,-1.80907]],[[104.47262,-1.85049],[104.47558,-1.85178],[104.47801,-1.85208],[104.47963,-1.85118],[104.48065,-1.85005],[104.48186,-1.84706],[104.4826,-1.83799],[104.48314,-1.83912],[104.48395,-1.83924],[104.48432,-1.83865],[104.48442,-1.83431],[104.4831,-1.83268]],[[104.46722,-1.8635],[104.46857,-1.86268],[104.47237,-1.85846],[104.47228,-1.85683],[104.47276,-1.85602],[104.47235,-1.85547],[104.47328,-1.85493],[104.47332,-1.85276],[104.47185,-1.8514]],[[104.60645,-1.96326],[104.60849,-1.9619],[104.60869,-1.96082],[104.60935,-1.95978],[104.6107,-1.95846],[104.61226,-1.95756],[104.61258,-1.95651],[104.61285,-1.95721],[104.61339,-1.95732],[104.61879,-1.95349],[104.62077,-1.95132],[104.62164,-1.94915],[104.62175,-1.94806],[104.62248,-1.94698],[104.62233,-1.94616],[104.62365,-1.94253],[104.62608,-1.9398],[104.62716,-1.93965],[104.62742,-1.93891],[104.62807,-1.93856],[104.62851,-1.93775],[104.63073,-1.93667],[104.63068,-1.93639],[104.63228,-1.93625],[104.63282,-1.9357],[104.63336,-1.9357],[104.63357,-1.93531],[104.63444,-1.93502],[104.63795,-1.93525],[104.63852,-1.93558],[104.63928,-1.93694],[104.63983,-1.93715],[104.64091,-1.93696],[104.64172,-1.93631],[104.64222,-1.93558],[104.64221,-1.92988],[104.64251,-1.92771],[104.64337,-1.92527],[104.64334,-1.92337],[104.64253,-1.92174],[104.63913,-1.9174],[104.6366,-1.91502],[104.63606,-1.91487],[104.63262,-1.91197],[104.6314,-1.91007],[104.62978,-1.90898],[104.62608,-1.90428],[104.62366,-1.90236],[104.62231,-1.90073],[104.62084,-1.89975],[104.61474,-1.89378],[104.61368,-1.89228],[104.61287,-1.89186],[104.61125,-1.89005],[104.60667,-1.88623],[104.60324,-1.88265],[104.59868,-1.87858],[104.59237,-1.87369],[104.58968,-1.87094],[104.58887,-1.87098],[104.58824,-1.87043],[104.58803,-1.86962],[104.58711,-1.86888]],[[104.58704,-1.86894],[104.58689,-1.86894]],[[104.56014,-1.8568],[104.55879,-1.85628]],[[104.53994,-1.86133],[104.53983,-1.86187]],[[104.54075,-1.86784],[104.53984,-1.87232],[104.5377,-1.87748],[104.53622,-1.87938],[104.536,-1.88154],[104.53416,-1.88372],[104.53424,-1.8848],[104.53298,-1.88453],[104.53363,-1.8867],[104.53316,-1.88914],[104.53178,-1.8924],[104.52981,-1.89539],[104.52884,-1.89853]],[[104.52686,-1.90339],[104.52668,-1.90418]],[[104.5264,-1.90692],[104.52452,-1.91078]],[[104.52438,-1.91099],[104.52425,-1.91122]],[[104.52412,-1.91153],[104.52398,-1.9118]],[[104.52374,-1.91235],[104.52371,-1.9124]],[[104.52371,-1.91447],[104.52466,-1.91399],[104.52709,-1.91148]],[[104.4726,-1.8704],[104.47451,-1.86769],[104.47399,-1.8666],[104.4718,-1.8646],[104.46798,-1.86524]],[[104.47427,-1.8875],[104.47557,-1.8871],[104.47748,-1.8856],[104.47892,-1.88099],[104.47947,-1.87664],[104.47857,-1.87312],[104.47639,-1.87036],[104.47585,-1.87004],[104.47477,-1.87004],[104.47328,-1.87094]],[[104.46572,-1.91373],[104.46546,-1.91396]],[[104.46545,-1.91398],[104.46525,-1.91423]],[[104.46383,-1.91613],[104.46383,-1.91611]],[[104.46392,-1.91559],[104.4641,-1.9152]],[[104.46412,-1.91504],[104.46522,-1.90989]],[[104.46518,-1.90938],[104.46405,-1.90894],[104.46366,-1.90758],[104.46398,-1.90731],[104.46372,-1.90704],[104.46491,-1.90663]],[[104.47435,-1.90432],[104.47484,-1.90406],[104.47419,-1.90406],[104.47412,-1.90324],[104.47635,-1.9008],[104.47727,-1.8989],[104.47875,-1.89266],[104.47863,-1.8913],[104.47785,-1.88967],[104.4753,-1.88786],[104.47449,-1.88787]],[[104.47591,-1.90677],[104.47599,-1.90623],[104.47638,-1.90561],[104.47579,-1.90568],[104.47591,-1.90677]],[[104.47356,-1.91138],[104.47343,-1.91098]],[[104.47274,-1.91125],[104.47314,-1.91153],[104.47356,-1.91138]],[[104.52714,-1.91167],[104.52398,-1.91508]],[[104.52226,-1.91805],[104.52125,-1.92035],[104.52096,-1.92185]],[[104.52089,-1.92212],[104.52074,-1.92241]],[[104.52069,-1.92293],[104.52068,-1.92388],[104.52218,-1.92551]],[[104.49806,-1.94776],[104.49828,-1.94749],[104.49749,-1.94694],[104.49767,-1.94665],[104.49825,-1.94667],[104.49782,-1.9464],[104.49781,-1.94559],[104.49686,-1.94538],[104.4966,-1.94588],[104.4962,-1.94206],[104.4962,-1.93907],[104.49692,-1.93365],[104.4967,-1.93229],[104.49393,-1.92442],[104.49081,-1.91899],[104.48851,-1.91698],[104.48728,-1.91492],[104.48555,-1.91362],[104.48271,-1.9125]],[[104.47543,-1.91316],[104.4754,-1.91315]],[[104.47516,-1.91304],[104.47449,-1.91278],[104.47314,-1.91286],[104.47206,-1.91321],[104.47125,-1.91391],[104.47111,-1.91357]],[[104.47111,-1.91349],[104.47111,-1.91279]],[[104.47043,-1.9145],[104.47038,-1.91477]],[[104.52169,-1.92653],[104.52034,-1.92593],[104.51953,-1.92584],[104.51899,-1.92611],[104.51629,-1.92517],[104.51575,-1.92537],[104.51333,-1.92514],[104.51266,-1.92578],[104.51203,-1.92741],[104.50928,-1.92835],[104.50793,-1.9294],[104.5067,-1.92985],[104.50623,-1.93039],[104.50635,-1.93093],[104.50591,-1.93148],[104.50504,-1.93473],[104.50239,-1.93745],[104.50112,-1.93935],[104.50054,-1.94396],[104.50066,-1.94722]],[[104.49682,-1.94667],[104.49686,-1.94626],[104.49713,-1.94628],[104.49713,-1.94707]],[[104.50037,-1.9473],[104.49983,-1.94726],[104.49986,-1.94667],[104.49956,-1.94664],[104.4989,-1.94776]],[[104.61177,-1.98626],[104.61393,-1.98729],[104.61474,-1.98729],[104.61621,-1.98606],[104.61691,-1.98416],[104.61699,-1.97819],[104.61658,-1.97629],[104.61684,-1.97385],[104.61609,-1.97327],[104.61558,-1.97235]],[[104.61245,-1.96869],[104.61245,-1.96867]],[[104.61251,-1.96855],[104.61272,-1.96845]],[[104.61083,-1.96547],[104.60908,-1.96408],[104.60719,-1.96508]],[[104.65373,-1.96448],[104.65143,-1.96459],[104.65008,-1.96578],[104.64964,-1.96571],[104.6482,-1.9668],[104.64625,-1.96734],[104.64549,-1.96843],[104.64252,-1.96916],[104.63956,-1.97074],[104.63875,-1.97195],[104.63713,-1.97321],[104.63632,-1.97295],[104.63578,-1.97335],[104.62973,-1.97982],[104.62951,-1.98063],[104.6298,-1.98145],[104.63119,-1.98316]],[[104.63065,-1.98426],[104.62876,-1.98316],[104.62836,-1.98351]],[[104.62824,-1.98375],[104.62781,-1.98552],[104.6264,-1.98796],[104.62474,-1.99203],[104.62246,-1.99475],[104.61911,-1.998],[104.61743,-2.00064],[104.61554,-2.00193],[104.61472,-2.00289],[104.61356,-2.00343],[104.61257,-2.00515],[104.60826,-2.00723],[104.60596,-2.00785]],[[104.6056,-2.0079],[104.60354,-2.00804]],[[104.6027,-2.00845],[104.60252,-2.00913],[104.60313,-2.01043],[104.60232,-2.01003],[104.60151,-2.00908],[104.59989,-2.00871],[104.59935,-2.00816],[104.59808,-2.00804],[104.59795,-2.00777],[104.59962,-2.0076],[104.60016,-2.00787],[104.60097,-2.00763],[104.60219,-2.00629]],[[104.60212,-2.00573],[104.60173,-2.0056],[104.60187,-2.00505],[104.60115,-2.00451],[104.60151,-2.00406],[104.60215,-2.00397],[104.60267,-2.00315],[104.60259,-2.00249],[104.60221,-2.00261],[104.6026,-2.00207],[104.60215,-2.00153],[104.6057,-2.00008]],[[104.60577,-2.00003],[104.60597,-1.99988]],[[104.60731,-1.99918],[104.60727,-1.99922]],[[104.60708,-1.99922],[104.60704,-1.99893]],[[104.60729,-1.99868],[104.60731,-1.99865]],[[104.60844,-1.99732],[104.60905,-1.99651]],[[104.61105,-1.99325],[104.61293,-1.98986],[104.61231,-1.98863],[104.61096,-1.98757]],[[104.59989,-2.00369],[104.59882,-2.00358],[104.59864,-2.00275]],[[104.59895,-2.00201],[104.60104,-2.0018],[104.59989,-2.00369]]]}},{"id":"229","type":"Feature","properties":{"year":2023,"certainty":"good"},"geometry":{"type":"MultiLineString","coordinates":[[[104.48341,-1.83221],[104.4853,-1.83317],[104.4873,-1.83105],[104.48827,-1.83064],[104.4892,-1.82807],[104.49169,-1.82372],[104.49555,-1.81986],[104.49663,-1.81757],[104.50014,-1.81488],[104.50124,-1.81368],[104.50295,-1.81124],[104.50382,-1.80907]],[[104.47262,-1.85057],[104.47531,-1.8518],[104.47801,-1.8521],[104.47936,-1.85145],[104.48067,-1.85005],[104.48188,-1.84706],[104.48266,-1.84028],[104.48307,-1.83946],[104.48395,-1.83926],[104.48431,-1.83865],[104.48446,-1.83431],[104.48312,-1.83268]],[[104.46722,-1.8635],[104.46857,-1.86274],[104.47238,-1.85846],[104.47228,-1.85683],[104.47276,-1.85602],[104.47254,-1.85547],[104.47327,-1.85493],[104.4733,-1.85276],[104.47304,-1.85222],[104.47189,-1.8514]],[[104.60638,-1.96325],[104.6085,-1.9619],[104.60935,-1.95977],[104.6107,-1.95849],[104.61204,-1.9578],[104.61258,-1.95644],[104.61293,-1.95729],[104.61339,-1.95733],[104.61852,-1.95369],[104.62,-1.95209]],[[104.62007,-1.952],[104.62081,-1.95126]],[[104.62086,-1.95118],[104.62108,-1.95077]],[[104.62116,-1.95064],[104.62249,-1.94698],[104.6224,-1.94589],[104.62333,-1.94399],[104.62365,-1.94252],[104.62547,-1.94074],[104.62608,-1.93968],[104.62715,-1.93968],[104.62742,-1.93885],[104.62769,-1.9389],[104.62769,-1.93941],[104.62796,-1.93929],[104.62904,-1.93778],[104.62883,-1.93748],[104.63066,-1.93675],[104.63093,-1.93628],[104.63228,-1.9363],[104.63282,-1.9358],[104.63336,-1.93587],[104.63525,-1.93502],[104.63806,-1.93531],[104.63928,-1.93694],[104.63983,-1.93713],[104.64084,-1.93694],[104.64203,-1.93585],[104.64233,-1.93504],[104.64196,-1.93287],[104.64212,-1.92961],[104.64343,-1.925],[104.6432,-1.92283],[104.63916,-1.9174],[104.63795,-1.91663],[104.6366,-1.91504],[104.63603,-1.91495],[104.63319,-1.91251],[104.63121,-1.90991],[104.62986,-1.90919],[104.62771,-1.906],[104.62447,-1.90249],[104.62069,-1.89912],[104.61934,-1.89836],[104.6126,-1.89082],[104.61152,-1.89032],[104.60963,-1.88817],[104.60807,-1.88726],[104.60354,-1.88238],[104.59989,-1.87939],[104.59991,-1.87912],[104.59937,-1.87885],[104.59965,-1.87858],[104.59939,-1.87831],[104.59663,-1.8764],[104.59096,-1.87084]],[[104.54081,-1.85943],[104.53976,-1.86173],[104.5399,-1.86418],[104.54028,-1.86526],[104.54165,-1.86662],[104.54112,-1.86677],[104.54073,-1.86743],[104.54042,-1.87015],[104.54008,-1.87042],[104.53981,-1.87232],[104.53906,-1.87449],[104.53736,-1.87802],[104.53673,-1.87829],[104.53667,-1.87893]],[[104.53623,-1.88005],[104.536,-1.88145],[104.53416,-1.88372],[104.53424,-1.8848],[104.53298,-1.88453],[104.53362,-1.88643],[104.53315,-1.88914],[104.53177,-1.8924],[104.52968,-1.89566],[104.52925,-1.89754],[104.52671,-1.9038],[104.52631,-1.90733],[104.52398,-1.91176]],[[104.52372,-1.91235],[104.52371,-1.91235]],[[104.52313,-1.91316],[104.5229,-1.91355]],[[104.52287,-1.9137],[104.52291,-1.91438],[104.52358,-1.91453],[104.52466,-1.91398],[104.52547,-1.91311],[104.5257,-1.9133],[104.52404,-1.91493],[104.52294,-1.91655],[104.52098,-1.9213]],[[104.52067,-1.9232],[104.521,-1.92442],[104.52203,-1.92551]],[[104.47259,-1.8704],[104.47451,-1.86769],[104.47396,-1.86657],[104.47207,-1.86462],[104.46803,-1.86525]],[[104.47422,-1.88744],[104.47638,-1.88657],[104.47748,-1.8856],[104.47884,-1.88126],[104.47946,-1.87664],[104.47888,-1.87366],[104.47679,-1.87067],[104.47585,-1.87001],[104.47477,-1.87],[104.47325,-1.87094]],[[104.46478,-1.90783],[104.46508,-1.90785],[104.46531,-1.9065],[104.46569,-1.9065],[104.46586,-1.90691],[104.46667,-1.90648],[104.46747,-1.90668],[104.46936,-1.90601],[104.47341,-1.90375],[104.4765,-1.90053],[104.47776,-1.89727],[104.47866,-1.89347],[104.47869,-1.89157],[104.47761,-1.8894],[104.4753,-1.8879],[104.47449,-1.88796]],[[104.49707,-1.94803],[104.49655,-1.94586],[104.49615,-1.94179],[104.49633,-1.93744],[104.49681,-1.93446],[104.49664,-1.93229],[104.4939,-1.92442],[104.49067,-1.91878],[104.48913,-1.91682],[104.48851,-1.91661],[104.48859,-1.91627],[104.48782,-1.91519],[104.48501,-1.9133],[104.48339,-1.91264],[104.48123,-1.91233],[104.47826,-1.91254],[104.47583,-1.91359],[104.47476,-1.91284],[104.47395,-1.91281],[104.47287,-1.9129],[104.47165,-1.9135]],[[104.47102,-1.9145],[104.47084,-1.91471]],[[104.47043,-1.91477],[104.4703,-1.91488]],[[104.4703,-1.91503],[104.4703,-1.91545],[104.47003,-1.9155]],[[104.46491,-1.91557],[104.46518,-1.91591]],[[104.46559,-1.91613],[104.4654,-1.91681],[104.46504,-1.91721],[104.46477,-1.91701],[104.46418,-1.91817],[104.46396,-1.92008],[104.46377,-1.91654],[104.46529,-1.90948],[104.46397,-1.90894],[104.46391,-1.90839],[104.46424,-1.90809]],[[104.46666,-1.91692],[104.46633,-1.9164]],[[104.4668,-1.91666],[104.46666,-1.91692]],[[104.52169,-1.92649],[104.5198,-1.92589],[104.51899,-1.92612],[104.51629,-1.92522],[104.51333,-1.92516],[104.51267,-1.92578],[104.51198,-1.92744],[104.50928,-1.92836],[104.50793,-1.92941],[104.50669,-1.92985],[104.50624,-1.93039],[104.50635,-1.93093],[104.50592,-1.93148],[104.5058,-1.93283],[104.50508,-1.93473],[104.50242,-1.93745],[104.50112,-1.93935],[104.50052,-1.94423],[104.5007,-1.94722]],[[104.61177,-1.98625],[104.61447,-1.98737],[104.61581,-1.9866],[104.61672,-1.98497],[104.61715,-1.9828],[104.61673,-1.97249],[104.61695,-1.97222],[104.61609,-1.97223],[104.61636,-1.9708],[104.61555,-1.96996],[104.61501,-1.9702],[104.61355,-1.96869],[104.61691,-1.96842],[104.61558,-1.96652],[104.61447,-1.96646],[104.61326,-1.96543],[104.61231,-1.96525],[104.61123,-1.96574],[104.60908,-1.96406],[104.60719,-1.96506]],[[104.65373,-1.96408],[104.65224,-1.96408],[104.65224,-1.96437],[104.65116,-1.96465],[104.65008,-1.96553],[104.64738,-1.96651],[104.64495,-1.96829],[104.64225,-1.96923],[104.63956,-1.97063],[104.63848,-1.97142],[104.63794,-1.97262],[104.6374,-1.97263],[104.63686,-1.97319],[104.63632,-1.97294],[104.63582,-1.97331],[104.6297,-1.97982],[104.62966,-1.98118],[104.63119,-1.98323]],[[104.61677,-1.9695],[104.6169,-1.96915],[104.61663,-1.96884],[104.61661,-1.9695],[104.61677,-1.9695]],[[104.62071,-1.98335],[104.62094,-1.98309],[104.62122,-1.98307],[104.62067,-1.98309],[104.62071,-1.98335]],[[104.63065,-1.98427],[104.62876,-1.98313],[104.62849,-1.98326],[104.62789,-1.98443],[104.62768,-1.98579],[104.62638,-1.98796],[104.62467,-1.99203],[104.6208,-1.99637]],[[104.62067,-1.99651],[104.62053,-1.99667]],[[104.6119,-2.00529],[104.61055,-2.0061]],[[104.60785,-2.00731],[104.60691,-2.00777],[104.60313,-2.00807],[104.60246,-2.00885],[104.60286,-2.01022],[104.60162,-2.00913],[104.6003,-2.00859]],[[104.60111,-2.00604],[104.60115,-2.006]],[[104.60003,-2.00351],[104.59994,-2.00356]],[[104.59954,-2.00356],[104.59906,-2.00342],[104.59856,-2.0041]],[[104.59895,-2.00414],[104.59949,-2.00386]],[[104.59625,-2.0081],[104.59531,-2.00838],[104.59409,-2.00806]],[[104.59409,-2.00796],[104.59442,-2.00749],[104.59382,-2.0074]],[[104.59178,-2.00247],[104.59194,-2.00233]],[[104.59221,-2.00231],[104.59504,-2.00218],[104.59559,-2.00234],[104.59552,-2.00275]],[[104.59598,-2.00273],[104.59639,-2.00219],[104.59693,-2.00262],[104.5972,-2.00234],[104.59774,-2.00244],[104.59801,-2.00204],[104.60151,-2.00176],[104.6019,-2.00234],[104.6017,-2.00288],[104.60232,-2.00339],[104.60329,-2.00288],[104.603,-2.00261],[104.60323,-2.0018],[104.60394,-2.00098],[104.60583,-2.00016],[104.60705,-1.99895]],[[104.61256,-1.99081],[104.61295,-1.99013],[104.61282,-1.98931],[104.61096,-1.98764]],[[104.62315,-1.98769],[104.62263,-1.98633],[104.62315,-1.98633],[104.62257,-1.98497],[104.62175,-1.9848],[104.62106,-1.98416],[104.62132,-1.98497],[104.62013,-1.98552],[104.62035,-1.98715],[104.62121,-1.98687],[104.62229,-1.98784],[104.62256,-1.98757],[104.6231,-1.98792],[104.62315,-1.98769]],[[104.61676,-1.99094],[104.61703,-1.9909]],[[104.61774,-1.99027],[104.61754,-1.99013],[104.61784,-1.99001]],[[104.61787,-1.98999],[104.61797,-1.98974],[104.61737,-1.98959],[104.6177,-1.98874],[104.61591,-1.98932],[104.61627,-1.98986],[104.61595,-1.99001]],[[104.6168,-1.99393],[104.61732,-1.99379]],[[104.6173,-1.99346],[104.61716,-1.99293],[104.61676,-1.99284]],[[104.61641,-1.99434],[104.61658,-1.99393]],[[104.57184,-1.99848],[104.57469,-1.99908],[104.57463,-1.99989],[104.5742,-2.00043],[104.57427,-2.00133],[104.5751,-2.00125],[104.57521,-2.0007],[104.57491,-2.00016],[104.57541,-1.99962],[104.57535,-1.99929],[104.58034,-2.00058]],[[104.58034,-2.00071],[104.57912,-2.00148],[104.57858,-2.0014],[104.577,-2.00288],[104.57724,-2.0032],[104.578,-2.00288],[104.57831,-2.00186],[104.57875,-2.00274]],[[104.57764,-2.00513],[104.57575,-2.0045],[104.57292,-2.00243],[104.57107,-2.00152],[104.57223,-2.00043],[104.5713,-2.0]],[[104.58868,-2.00329],[104.5887,-2.00324]],[[104.5887,-2.00313],[104.58811,-2.00288],[104.5883,-2.00213],[104.58983,-2.00247]],[[104.60371,-2.00451],[104.60403,-2.00424],[104.60394,-2.00361],[104.60297,-2.00397],[104.60313,-2.00439],[104.60371,-2.00451]]]}},{"id":"230","type":"Feature","properties":{"year":2024,"certainty":"good"},"geometry":{"type":"MultiLineString","coordinates":[[[104.48345,-1.83214],[104.4853,-1.83315],[104.48737,-1.83105],[104.48827,-1.83067],[104.4893,-1.82807],[104.49195,-1.82345],[104.49555,-1.81989],[104.49666,-1.81775],[104.50068,-1.81439],[104.50266,-1.81179],[104.50382,-1.80907]],[[104.47262,-1.85052],[104.47558,-1.85179],[104.47801,-1.85209],[104.47909,-1.85167],[104.48052,-1.85032],[104.48189,-1.84706],[104.48283,-1.84028],[104.48431,-1.83865],[104.48445,-1.83431],[104.48305,-1.83268]],[[104.46722,-1.86349],[104.46857,-1.86276],[104.47237,-1.85846],[104.47227,-1.85683],[104.47276,-1.85602],[104.47257,-1.85547],[104.47326,-1.85493],[104.47329,-1.85276],[104.47289,-1.85208],[104.47181,-1.85143]],[[104.60638,-1.96324],[104.6085,-1.9619],[104.60935,-1.95982],[104.6107,-1.95854],[104.61204,-1.95782],[104.61258,-1.95646],[104.61289,-1.95729],[104.61339,-1.9574],[104.61876,-1.95349],[104.62081,-1.95126]],[[104.62086,-1.95118],[104.62108,-1.95077]],[[104.62117,-1.95064],[104.62251,-1.94698],[104.62223,-1.94616],[104.62303,-1.94535],[104.62282,-1.94453],[104.62365,-1.94238],[104.62419,-1.94211],[104.62458,-1.94101],[104.625,-1.94064],[104.6256,-1.94074],[104.62558,-1.94019],[104.62608,-1.93977],[104.62715,-1.93979],[104.62742,-1.93905],[104.62773,-1.93992],[104.62835,-1.93992],[104.62855,-1.93884],[104.62942,-1.93721],[104.63363,-1.93607],[104.6339,-1.93555],[104.63471,-1.93568],[104.63633,-1.93524],[104.63803,-1.93531],[104.63928,-1.93694],[104.63983,-1.93714],[104.64118,-1.93673],[104.64206,-1.93585],[104.64248,-1.93504],[104.64215,-1.9345],[104.64202,-1.93233],[104.64216,-1.92853],[104.64254,-1.92825],[104.6425,-1.92717],[104.64339,-1.925],[104.64336,-1.9231],[104.6428,-1.92202],[104.6405,-1.91957],[104.63903,-1.91749],[104.63395,-1.91305],[104.63014,-1.90898],[104.625,-1.9026]],[[104.62487,-1.90248],[104.62271,-1.90017]],[[104.62135,-1.8988],[104.61953,-1.89704],[104.6188,-1.8974],[104.61831,-1.89704],[104.61611,-1.89482],[104.61646,-1.89405],[104.61476,-1.89201],[104.61306,-1.89052],[104.61206,-1.89058],[104.61125,-1.8899],[104.60982,-1.88835],[104.60963,-1.88726],[104.60912,-1.88672],[104.60828,-1.88723],[104.60437,-1.88319],[104.60355,-1.88156],[104.60154,-1.88052],[104.59552,-1.87478],[104.59406,-1.87288],[104.59035,-1.86999]],[[104.5739,-1.85981],[104.57365,-1.85971]],[[104.56326,-1.85645],[104.56271,-1.8565],[104.56189,-1.8559]],[[104.55259,-1.85309],[104.55097,-1.85365]],[[104.54079,-1.85943],[104.53988,-1.86146],[104.53995,-1.86445],[104.54032,-1.86525],[104.54166,-1.86662],[104.54112,-1.86678],[104.54075,-1.86743],[104.5404,-1.87015],[104.54007,-1.87042],[104.53983,-1.87232],[104.53897,-1.87476],[104.53807,-1.87612],[104.53735,-1.87802],[104.53672,-1.87829],[104.53667,-1.87895]],[[104.53619,-1.88005],[104.53608,-1.88127],[104.53407,-1.88399],[104.53425,-1.8848],[104.53302,-1.88453],[104.53363,-1.88616],[104.53318,-1.88914],[104.53168,-1.8926],[104.52972,-1.89566],[104.52925,-1.8976],[104.52674,-1.9038],[104.52608,-1.90787],[104.52289,-1.91357],[104.52291,-1.91438],[104.52331,-1.91455],[104.52466,-1.91394],[104.52547,-1.91311],[104.52567,-1.9133],[104.52404,-1.91493],[104.52294,-1.91655],[104.52101,-1.92117],[104.52068,-1.92361],[104.52215,-1.92551]],[[104.47259,-1.8704],[104.47451,-1.86769],[104.47396,-1.86657],[104.47207,-1.86462],[104.46803,-1.86526]],[[104.47422,-1.88742],[104.47638,-1.88652],[104.47747,-1.8856],[104.47891,-1.88099],[104.47949,-1.87664],[104.47881,-1.87346],[104.47747,-1.87133],[104.47558,-1.87],[104.4745,-1.87002],[104.47326,-1.87094]],[[104.46262,-1.90755],[104.4637,-1.90811],[104.4637,-1.9078],[104.46301,-1.90731],[104.46532,-1.90646],[104.46855,-1.90612],[104.47233,-1.9044],[104.47422,-1.90305],[104.4765,-1.90053],[104.47783,-1.897],[104.47866,-1.89347],[104.47868,-1.89157],[104.47759,-1.8894],[104.4753,-1.88792],[104.47449,-1.88798]],[[104.49705,-1.94803],[104.49649,-1.94586],[104.49608,-1.94179],[104.49623,-1.93826],[104.49676,-1.935],[104.49665,-1.93229],[104.49377,-1.92415],[104.49241,-1.92224],[104.49138,-1.92007],[104.48952,-1.9179],[104.48907,-1.91654],[104.48896,-1.91709],[104.48857,-1.91709],[104.48734,-1.91492],[104.48456,-1.91274],[104.48231,-1.91241],[104.47826,-1.91255],[104.4761,-1.91349],[104.4753,-1.91341],[104.47476,-1.91286],[104.47287,-1.91293],[104.47179,-1.91337],[104.47111,-1.91436]],[[104.47106,-1.9145],[104.47084,-1.91498]],[[104.47082,-1.91505],[104.4703,-1.91645]],[[104.46941,-1.91939],[104.46828,-1.9247],[104.46708,-1.92495],[104.46726,-1.92387],[104.46639,-1.9246],[104.46572,-1.92432]],[[104.46373,-1.91911],[104.46365,-1.91654],[104.4653,-1.90948],[104.46397,-1.90901],[104.46289,-1.90955]],[[104.4734,-1.91138],[104.47341,-1.91105],[104.47286,-1.91111],[104.47314,-1.91149],[104.4734,-1.91138]],[[104.48879,-1.91573],[104.48902,-1.91546],[104.48878,-1.91504],[104.48797,-1.91452],[104.48835,-1.91573],[104.48879,-1.91573]],[[104.46558,-1.9261],[104.46567,-1.92481]],[[104.46572,-1.92464],[104.46585,-1.92446],[104.4663,-1.92495],[104.46594,-1.92631]],[[104.52169,-1.92655],[104.52034,-1.92598],[104.51899,-1.9261],[104.51629,-1.92523],[104.51333,-1.92517],[104.51268,-1.92578],[104.51198,-1.92742],[104.50928,-1.92837],[104.50793,-1.92939],[104.50672,-1.92985],[104.50627,-1.93039],[104.50634,-1.93093],[104.50506,-1.93473],[104.50132,-1.93907],[104.50068,-1.9426],[104.50074,-1.94722]],[[104.61177,-1.9862],[104.61447,-1.9873],[104.61576,-1.9866],[104.61669,-1.98497],[104.61715,-1.98307],[104.61692,-1.9714],[104.61555,-1.96996],[104.61496,-1.97005],[104.61408,-1.96869],[104.61691,-1.96842],[104.61558,-1.96652],[104.61447,-1.96646],[104.6142,-1.96598],[104.61258,-1.96525],[104.6115,-1.96574],[104.60935,-1.96407],[104.60719,-1.96501]],[[104.65373,-1.96415],[104.65116,-1.96465],[104.649,-1.96622],[104.64603,-1.96734],[104.64468,-1.96848],[104.64225,-1.96923],[104.63875,-1.97106],[104.63812,-1.97249],[104.63767,-1.97223],[104.63686,-1.97314],[104.63632,-1.97295],[104.63587,-1.97331],[104.62971,-1.97982],[104.62953,-1.98063],[104.6298,-1.98145],[104.63119,-1.9832]],[[104.61693,-1.97032],[104.61692,-1.96923],[104.61663,-1.96884],[104.61636,-1.97012],[104.61663,-1.97047],[104.61693,-1.97032]],[[104.63065,-1.98427],[104.62903,-1.98328],[104.62845,-1.98335],[104.62467,-1.99203],[104.62246,-1.99475],[104.6191,-1.998],[104.61743,-2.00056],[104.61468,-2.00289],[104.61359,-2.00343],[104.61257,-2.00513],[104.60718,-2.00761],[104.60286,-2.00818],[104.6025,-2.00913],[104.60313,-2.01027],[104.60232,-2.00998],[104.60151,-2.00899],[104.6007,-2.0088],[104.60016,-2.00817],[104.59989,-2.00847],[104.59935,-2.00813],[104.59748,-2.00804],[104.59858,-2.00668],[104.59774,-2.00645],[104.59718,-2.0075],[104.59746,-2.00804],[104.59531,-2.00842],[104.58964,-2.00797],[104.58425,-2.00576],[104.5829,-2.0055],[104.58196,-2.00613],[104.58143,-2.00858]],[[104.57184,-1.99839],[104.58884,-2.00218],[104.59612,-2.00223],[104.60151,-2.00166],[104.60475,-2.0006],[104.60718,-1.99876],[104.60889,-1.99691],[104.6115,-1.9922],[104.61189,-1.99203],[104.61271,-1.99063]],[[104.61289,-1.98945],[104.61096,-1.98766]],[[104.5785,-2.00831],[104.57858,-2.00695],[104.579,-2.00613],[104.57885,-2.00565],[104.57589,-2.0046],[104.57292,-2.00241],[104.57103,-2.00159]]]}},{"id":"231","type":"Feature","properties":{"year":2025,"certainty":"unstable data"},"geometry":{"type":"MultiLineString","coordinates":[[[104.59024,-1.86894],[104.58805,-1.86636],[104.5846,-1.86365],[104.58487,-1.86337],[104.58455,-1.86361],[104.58266,-1.86251],[104.58186,-1.86262],[104.57889,-1.86168],[104.57781,-1.86101],[104.577,-1.86102],[104.57565,-1.86043],[104.57498,-1.86065]],[[104.56122,-1.85474],[104.56131,-1.8536],[104.55974,-1.85278],[104.55942,-1.85278],[104.55839,-1.85394],[104.55758,-1.85423],[104.55596,-1.85289],[104.55542,-1.85319],[104.55381,-1.85275],[104.55286,-1.85289]],[[104.55178,-1.85324],[104.54705,-1.85536]],[[104.65373,-1.96465],[104.65106,-1.9649],[104.64927,-1.9663],[104.64621,-1.96747]]]}}]}