{"type":"FeatureCollection","features":[{"id":"0","type":"Feature","properties":{"year":1988,"certainty":"good"},"geometry":{"type":"MultiLineString","coordinates":[[[104.47004,-1.85968],[104.47045,-1.85887]],[[104.62447,-1.9425],[104.62645,-1.93992],[104.62662,-1.93921],[104.62796,-1.93889],[104.62985,-1.93725],[104.63093,-1.93709],[104.63255,-1.93593],[104.63309,-1.9361],[104.63422,-1.93531],[104.63633,-1.93492],[104.63714,-1.93446],[104.63983,-1.93643],[104.64135,-1.93585],[104.64231,-1.93395],[104.64323,-1.92825],[104.64444,-1.92608],[104.64437,-1.92174],[104.64336,-1.9193],[104.64065,-1.91597],[104.63606,-1.912],[104.63256,-1.90857],[104.63013,-1.90564],[104.61765,-1.89364]],[[104.57282,-1.86169],[104.56783,-1.85982],[104.56695,-1.85984],[104.56244,-1.85796],[104.56082,-1.8566],[104.55947,-1.85614],[104.5586,-1.8555],[104.55839,-1.85495],[104.55731,-1.85437],[104.55623,-1.85408],[104.55488,-1.85428],[104.55313,-1.85404]],[[104.55281,-1.854],[104.55259,-1.85395]],[[104.5507,-1.85407],[104.5472,-1.85475]],[[104.54261,-1.85763],[104.54064,-1.8597]],[[104.47238,-1.8704],[104.47225,-1.86931],[104.47142,-1.86769],[104.46943,-1.86579],[104.47023,-1.86524],[104.46803,-1.86553]],[[104.47422,-1.88743],[104.4749,-1.88725]],[[104.4773,-1.88384],[104.47733,-1.88369]],[[104.47783,-1.88221],[104.47814,-1.88118]],[[104.47816,-1.88112],[104.47841,-1.88082]],[[104.47861,-1.88031],[104.47858,-1.88004]],[[104.47851,-1.87977],[104.47773,-1.87692],[104.4775,-1.87366],[104.47704,-1.87257],[104.47531,-1.87044],[104.47342,-1.87139]],[[104.47762,-1.89741],[104.4777,-1.89591],[104.47823,-1.89442]],[[104.4749,-1.88814],[104.47449,-1.88811]],[[104.59113,-2.00805],[104.58883,-2.0078],[104.58573,-2.00642]]]}},{"id":"1","type":"Feature","properties":{"year":1988,"certainty":"insufficient data"},"geometry":{"type":"MultiLineString","coordinates":[[[104.48344,-1.83214],[104.4853,-1.83331],[104.48665,-1.83212],[104.48692,-1.83121],[104.48827,-1.8307],[104.49129,-1.82508],[104.49534,-1.82047],[104.49647,-1.8183],[104.49629,-1.81748],[104.49771,-1.81722],[104.49852,-1.81673],[104.50068,-1.81475],[104.50304,-1.81179],[104.50385,-1.80907]],[[104.47262,-1.85045],[104.47531,-1.85154],[104.47747,-1.85195],[104.4799,-1.85088],[104.48097,-1.8495],[104.48205,-1.84706],[104.48287,-1.83856],[104.48368,-1.83784],[104.48409,-1.83621],[104.48373,-1.83566],[104.48464,-1.83458],[104.4843,-1.83376],[104.483,-1.83268]],[[104.46707,-1.86334],[104.46856,-1.86226],[104.46852,-1.86171],[104.46913,-1.86144],[104.47004,-1.85968]],[[104.47045,-1.85887],[104.47265,-1.85602],[104.47235,-1.85574],[104.4699,-1.85574],[104.47127,-1.85527],[104.47245,-1.85439],[104.47333,-1.85303],[104.47316,-1.85231],[104.47181,-1.85142]],[[104.60935,-1.95996],[104.6107,-1.95859],[104.61231,-1.95769],[104.61258,-1.95665],[104.61312,-1.95728],[104.61366,-1.95716],[104.61609,-1.95509],[104.61879,-1.95362],[104.62023,-1.9524],[104.62148,-1.95051],[104.6223,-1.9469],[104.62447,-1.9425]],[[104.61765,-1.89364],[104.61137,-1.88781],[104.61059,-1.88672],[104.60936,-1.88594],[104.60911,-1.88536],[104.60365,-1.88075],[104.60316,-1.88],[104.60229,-1.87966],[104.60202,-1.87912],[104.6022,-1.87885],[104.60128,-1.87749],[104.59864,-1.87505],[104.5978,-1.87369],[104.59507,-1.87079],[104.59453,-1.87109],[104.59237,-1.86959],[104.59165,-1.87016],[104.59163,-1.87098],[104.59129,-1.87098],[104.58725,-1.86808],[104.58374,-1.86623],[104.58358,-1.86527],[104.58385,-1.865],[104.58347,-1.86435],[104.58293,-1.86439],[104.58186,-1.86371],[104.58051,-1.86431],[104.57889,-1.86435],[104.57376,-1.86238],[104.57282,-1.86169]],[[104.55313,-1.85404],[104.55281,-1.854]],[[104.55259,-1.85395],[104.5507,-1.85407]],[[104.5472,-1.85475],[104.54463,-1.85594],[104.54261,-1.85763]],[[104.54064,-1.8597],[104.54001,-1.86065],[104.53963,-1.86228],[104.54004,-1.86363],[104.53973,-1.86472],[104.54005,-1.86545],[104.54064,-1.86581],[104.54054,-1.86635],[104.54089,-1.86662],[104.5398,-1.87178],[104.53874,-1.87476],[104.5377,-1.87612],[104.53735,-1.87767],[104.5361,-1.87937],[104.53599,-1.88073],[104.53383,-1.88345],[104.53411,-1.88456],[104.5333,-1.88434],[104.53265,-1.88453],[104.53331,-1.88616],[104.53314,-1.88833],[104.53154,-1.89213],[104.52967,-1.89484],[104.52882,-1.8981],[104.5265,-1.9038],[104.52642,-1.90624],[104.52604,-1.9076],[104.52316,-1.91275],[104.52277,-1.91432],[104.52331,-1.91449],[104.52412,-1.91424],[104.52709,-1.91144]],[[104.4749,-1.88725],[104.47692,-1.886],[104.4773,-1.88384]],[[104.47733,-1.88369],[104.47783,-1.88221]],[[104.47814,-1.88118],[104.47816,-1.88112]],[[104.47841,-1.88082],[104.47861,-1.88031]],[[104.47858,-1.88004],[104.47851,-1.87977]],[[104.46262,-1.90739],[104.46451,-1.90666],[104.46963,-1.9057],[104.47314,-1.90389],[104.4763,-1.9008],[104.47762,-1.89741]],[[104.47823,-1.89442],[104.4787,-1.89293],[104.4783,-1.89076],[104.47695,-1.88913],[104.4749,-1.88814]],[[104.46454,-1.92604],[104.46459,-1.92278],[104.4637,-1.91952],[104.46357,-1.91627],[104.46434,-1.91355],[104.46454,-1.91057],[104.46507,-1.90948],[104.46397,-1.90929],[104.46289,-1.90988]],[[104.49705,-1.94803],[104.49617,-1.94097],[104.4962,-1.93853],[104.49693,-1.93392],[104.49687,-1.93229],[104.49636,-1.93039],[104.49415,-1.92523],[104.49396,-1.92415],[104.49254,-1.92224],[104.49211,-1.92089],[104.49067,-1.91874],[104.48861,-1.91682],[104.48815,-1.91546],[104.48689,-1.91409],[104.48474,-1.91284],[104.48285,-1.91214],[104.48209,-1.9122],[104.48204,-1.91193],[104.47745,-1.91256],[104.47691,-1.91314],[104.47583,-1.91348],[104.4753,-1.91345],[104.47476,-1.91284],[104.47314,-1.91279],[104.47287,-1.91234],[104.47243,-1.91247],[104.47223,-1.91274],[104.4726,-1.91301],[104.47206,-1.91316],[104.47102,-1.91464],[104.4698,-1.91817],[104.46835,-1.92631]],[[104.52731,-1.91167],[104.52404,-1.91493],[104.52224,-1.91764],[104.52111,-1.92035],[104.52069,-1.92361],[104.52111,-1.92442],[104.52223,-1.92543]],[[104.52169,-1.92647],[104.51953,-1.92579],[104.51899,-1.92603],[104.51629,-1.92517],[104.5136,-1.92487],[104.51274,-1.92551],[104.51184,-1.92714],[104.50847,-1.9282],[104.50637,-1.92958],[104.50485,-1.93446],[104.50314,-1.93663],[104.50226,-1.9371],[104.50138,-1.93826],[104.50057,-1.94233],[104.50046,-1.94532],[104.50078,-1.94722]],[[104.61177,-1.98612],[104.61366,-1.98698],[104.61447,-1.98693],[104.61565,-1.98606],[104.61645,-1.9847],[104.61693,-1.98226],[104.61659,-1.97629],[104.61698,-1.97357],[104.6142,-1.96927],[104.61171,-1.9676],[104.61075,-1.96652],[104.60989,-1.96532],[104.60963,-1.96407],[104.60908,-1.96388],[104.60854,-1.96422]],[[104.65373,-1.96393],[104.64684,-1.96699],[104.64495,-1.96837],[104.64165,-1.96951],[104.63935,-1.97086],[104.63794,-1.97261],[104.6374,-1.97256],[104.63686,-1.97334],[104.63632,-1.9731],[104.63475,-1.97439]],[[104.632,-1.97709],[104.63007,-1.97901],[104.62948,-1.98036],[104.63032,-1.98226],[104.63119,-1.9831]],[[104.63065,-1.98424],[104.62849,-1.98295],[104.62445,-1.99182],[104.62029,-1.99664],[104.61891,-1.99773],[104.61797,-1.99969],[104.61446,-2.00282],[104.61338,-2.0033],[104.61284,-2.00455],[104.61095,-2.00572],[104.60691,-2.00773],[104.60286,-2.00795],[104.60253,-2.00913],[104.60353,-2.01048]],[[104.57184,-1.99857],[104.58857,-2.00212],[104.59801,-2.00209],[104.60286,-2.0013],[104.60529,-2.00017],[104.60664,-1.99909],[104.61007,-1.99474],[104.61175,-1.99094],[104.61171,-1.9904],[104.61231,-1.99013],[104.6126,-1.98959],[104.61204,-1.98837],[104.61091,-1.98769]],[[104.57851,-2.00831],[104.57885,-2.00583],[104.57562,-2.00451],[104.57346,-2.00277],[104.57103,-2.00146]],[[104.60328,-2.01075],[104.60151,-2.00919],[104.59935,-2.00828],[104.59639,-2.00818],[104.59531,-2.00858],[104.5945,-2.00816],[104.59113,-2.00805]],[[104.58573,-2.00642],[104.58344,-2.00556],[104.58209,-2.00571],[104.5814,-2.00858]]]}},{"id":"2","type":"Feature","properties":{"year":1988,"certainty":"insufficient data"},"geometry":{"type":"MultiLineString","coordinates":[[[104.51918,-1.69914],[104.51909,-1.69902]],[[104.51891,-1.6988],[104.51868,-1.69848]],[[104.51865,-1.69838],[104.51813,-1.69766]],[[104.51811,-1.69763],[104.51793,-1.69739]],[[104.51784,-1.69725],[104.51777,-1.69712]],[[104.48413,-1.64994],[104.48346,-1.64812],[104.48068,-1.64364]],[[104.4727,-1.62709],[104.47187,-1.62451],[104.47076,-1.62288],[104.46977,-1.61989],[104.46692,-1.61433]],[[104.45868,-1.58963],[104.45844,-1.58895],[104.45861,-1.58786],[104.45813,-1.58697],[104.45752,-1.58352],[104.45691,-1.58215]],[[104.44959,-1.53806],[104.44787,-1.53344]],[[104.43812,-1.49409],[104.4382,-1.49083]],[[104.44065,-1.47428],[104.44125,-1.47116],[104.44096,-1.47021]],[[104.44343,-1.46152],[104.44346,-1.46144]],[[104.44349,-1.46125],[104.44546,-1.45569],[104.44542,-1.45433],[104.4464,-1.45297],[104.44656,-1.45154],[104.44743,-1.45053],[104.44737,-1.44917],[104.44764,-1.44895],[104.44791,-1.44949],[104.44804,-1.44917],[104.44785,-1.44809],[104.44984,-1.44809],[104.449,-1.447],[104.45003,-1.44673],[104.4486,-1.44537],[104.44904,-1.44442]],[[104.44991,-1.4428],[104.44994,-1.44258]],[[104.44997,-1.44252],[104.45175,-1.43832],[104.45183,-1.43548]],[[104.45442,-1.42434],[104.45466,-1.42358],[104.45547,-1.42465],[104.45594,-1.42421],[104.45656,-1.42339],[104.45659,-1.42285],[104.4562,-1.42258],[104.45641,-1.4219]],[[104.45749,-1.41942],[104.45798,-1.41729]],[[104.45827,-1.41267],[104.45791,-1.40412],[104.45651,-1.39598],[104.45621,-1.39245],[104.45551,-1.38947],[104.4546,-1.38811],[104.45408,-1.38499]],[[104.45399,-1.38468],[104.45364,-1.37956]],[[104.45365,-1.37929],[104.4536,-1.37644],[104.45301,-1.37372],[104.45319,-1.3706]],[[104.50471,-1.80337],[104.50816,-1.80609],[104.50958,-1.80681],[104.51174,-1.80697],[104.51403,-1.80595]],[[104.51484,-1.80567],[104.51659,-1.805],[104.5174,-1.80414],[104.51821,-1.80412],[104.51875,-1.80373],[104.5201,-1.80401],[104.52064,-1.80378],[104.52078,-1.80333]],[[104.52082,-1.80324],[104.52105,-1.80308]],[[104.52132,-1.80306],[104.52172,-1.803],[104.5228,-1.80186],[104.52496,-1.80176],[104.52631,-1.80027],[104.53017,-1.8008]],[[104.53615,-1.7965],[104.53791,-1.79199],[104.53973,-1.78954],[104.54115,-1.78394],[104.54262,-1.78045]],[[104.54284,-1.78276],[104.54297,-1.78194],[104.54276,-1.78114],[104.54249,-1.78295],[104.54284,-1.78276]],[[104.50385,-1.80904],[104.50419,-1.80582],[104.50311,-1.80447]]]}},{"id":"3","type":"Feature","properties":{"year":1989,"certainty":"insufficient data"},"geometry":{"type":"MultiLineString","coordinates":[[[104.60638,-1.96317],[104.60776,-1.96244],[104.60922,-1.96],[104.6107,-1.95843],[104.61231,-1.95757],[104.61258,-1.95664],[104.61312,-1.95723],[104.61366,-1.95712],[104.61596,-1.95521]],[[104.60303,-1.87976],[104.60181,-1.87854],[104.60138,-1.87749],[104.59897,-1.87532],[104.59777,-1.87357],[104.59588,-1.87171],[104.59453,-1.87163],[104.59372,-1.87086],[104.59264,-1.87059],[104.59249,-1.86989],[104.59143,-1.86934]],[[104.58442,-1.86643],[104.58429,-1.8665]],[[104.58415,-1.8665],[104.5838,-1.86636],[104.58374,-1.86551],[104.58321,-1.86527],[104.58311,-1.86473],[104.58347,-1.86471],[104.58347,-1.86428],[104.58293,-1.86449],[104.58239,-1.86352],[104.58186,-1.86342],[104.58105,-1.86378],[104.58095,-1.86324]],[[104.52947,-1.89606],[104.52938,-1.89645]],[[104.52933,-1.89661],[104.52657,-1.90366]],[[104.46262,-1.90746],[104.46451,-1.90669],[104.46818,-1.90609]],[[104.46459,-1.924],[104.46369,-1.91977],[104.46354,-1.91654],[104.46508,-1.90948],[104.46397,-1.90932],[104.46289,-1.90987]],[[104.52074,-1.92383],[104.52223,-1.92544]],[[104.49704,-1.94803],[104.49657,-1.94586],[104.4962,-1.94111]],[[104.4969,-1.93351],[104.4963,-1.93039],[104.49405,-1.92523],[104.4939,-1.92415],[104.49237,-1.92224],[104.49217,-1.92116],[104.49085,-1.91899],[104.48851,-1.91682],[104.48838,-1.916],[104.48743,-1.91463],[104.48581,-1.91344],[104.48285,-1.91224],[104.48042,-1.91203],[104.47961,-1.91246],[104.47826,-1.91242],[104.47583,-1.91358],[104.4753,-1.91349],[104.47476,-1.91287],[104.47327,-1.91281]],[[104.47125,-1.91423],[104.46981,-1.91817],[104.46863,-1.924]],[[104.52169,-1.92651],[104.5198,-1.92587],[104.51899,-1.92605],[104.51656,-1.92524],[104.51548,-1.9253],[104.51386,-1.92489],[104.51306,-1.92513],[104.51192,-1.92714],[104.51022,-1.92774]],[[104.50989,-1.92781],[104.50847,-1.92828],[104.50645,-1.92958],[104.5057,-1.93148],[104.50537,-1.93369]],[[104.50064,-1.94192],[104.50045,-1.94532],[104.50078,-1.94722]],[[104.65373,-1.96354],[104.65281,-1.96435],[104.65224,-1.96431],[104.65117,-1.96517],[104.64711,-1.96676],[104.6459,-1.9676]],[[104.64571,-1.96775],[104.64495,-1.96837],[104.64158,-1.96957]],[[104.64146,-1.96964],[104.64131,-1.96973]],[[104.63645,-1.97318],[104.63644,-1.97317]],[[104.63622,-1.97317],[104.63054,-1.9786]],[[104.63052,-1.97863],[104.63032,-1.97887]],[[104.63008,-1.98186],[104.63119,-1.98313]],[[104.61189,-1.98619],[104.61393,-1.98704],[104.61528,-1.98644],[104.61656,-1.98443],[104.61707,-1.98185]],[[104.61083,-1.96652],[104.60935,-1.96396],[104.60719,-1.96504]],[[104.63065,-1.98428],[104.62849,-1.983],[104.62445,-1.99199],[104.62107,-1.99564]],[[104.61999,-1.9969],[104.61974,-1.99705]],[[104.61847,-1.99868],[104.61837,-1.99889]],[[104.61832,-1.99895],[104.61725,-2.00044],[104.61635,-2.00089],[104.61446,-2.00289],[104.61338,-2.0033],[104.61284,-2.00455],[104.61109,-2.00565]],[[104.6065,-2.00769],[104.60284,-2.00804],[104.60251,-2.00913],[104.6035,-2.01048]],[[104.57548,-1.99932],[104.58007,-2.00038]],[[104.59733,-2.00203],[104.60273,-2.00135]],[[104.60327,-2.00117],[104.6034,-2.00112]],[[104.60651,-1.99922],[104.6091,-1.99623]],[[104.6092,-1.99609],[104.60929,-1.99596]],[[104.61082,-1.99317],[104.61266,-1.98959],[104.61204,-1.9884],[104.61109,-1.98784]],[[104.57846,-2.0083],[104.57885,-2.00585],[104.57589,-2.00468],[104.57282,-2.00247]],[[104.60328,-2.01075],[104.60124,-2.0091],[104.59989,-2.0088],[104.59935,-2.00835],[104.59652,-2.00831]],[[104.58276,-2.00559],[104.58201,-2.00586],[104.58144,-2.00858]]]}},{"id":"4","type":"Feature","properties":{"year":1989,"certainty":"good"},"geometry":{"type":"MultiLineString","coordinates":[[[104.48344,-1.83214],[104.4853,-1.8333],[104.48665,-1.83212],[104.48699,-1.83132],[104.48836,-1.83078],[104.49091,-1.8259],[104.49532,-1.82047],[104.49666,-1.81775],[104.4996,-1.81593],[104.5026,-1.8126],[104.50395,-1.80907]],[[104.47262,-1.85046],[104.47531,-1.85153],[104.47747,-1.85195],[104.47963,-1.85118],[104.4811,-1.8495],[104.48208,-1.84706],[104.48293,-1.83892],[104.48368,-1.83809],[104.48411,-1.83621],[104.484,-1.83539],[104.48462,-1.83458],[104.48429,-1.83376],[104.483,-1.83268]],[[104.46707,-1.86334],[104.46856,-1.86226],[104.46852,-1.86171],[104.46913,-1.86144],[104.47154,-1.85737],[104.4726,-1.85629],[104.47239,-1.85574],[104.47047,-1.85574],[104.47219,-1.8552],[104.47322,-1.85357],[104.47316,-1.85231],[104.47181,-1.85142]],[[104.61596,-1.95521],[104.61933,-1.95328],[104.62022,-1.9524],[104.62153,-1.95023],[104.62235,-1.94698],[104.6236,-1.94399],[104.62684,-1.93911],[104.62769,-1.93915],[104.62985,-1.9373],[104.63093,-1.93711],[104.63228,-1.93608],[104.63296,-1.93639],[104.63525,-1.93502],[104.63714,-1.93472],[104.6401,-1.93648],[104.64118,-1.93615],[104.64182,-1.93558],[104.64296,-1.93341],[104.64364,-1.92825],[104.64457,-1.92581],[104.64444,-1.92201],[104.64368,-1.91984],[104.64199,-1.9174],[104.63269,-1.90871],[104.63013,-1.90564],[104.61101,-1.88699],[104.61098,-1.88639],[104.6105,-1.88591],[104.6099,-1.88544],[104.60918,-1.88536],[104.60909,-1.88474],[104.60694,-1.88268],[104.60667,-1.88284],[104.60536,-1.88183],[104.60541,-1.88102],[104.60505,-1.88151],[104.60421,-1.88102],[104.60344,-1.88021],[104.60379,-1.87939],[104.60303,-1.87976]],[[104.59143,-1.86934],[104.59049,-1.8689],[104.58914,-1.8674],[104.58779,-1.8678],[104.58739,-1.86745],[104.58759,-1.8669],[104.58617,-1.86642],[104.58574,-1.86609],[104.5859,-1.86578],[104.58563,-1.866],[104.58482,-1.86548],[104.58455,-1.86634],[104.58482,-1.86614],[104.58496,-1.86636],[104.58482,-1.86663],[104.58442,-1.86643]],[[104.58429,-1.8665],[104.58415,-1.8665]],[[104.58095,-1.86324],[104.58075,-1.86283],[104.57457,-1.86084],[104.57403,-1.86175],[104.57322,-1.86179],[104.57187,-1.8612],[104.57242,-1.85956],[104.56999,-1.85927],[104.56864,-1.85863],[104.5681,-1.85977],[104.56648,-1.85948],[104.56109,-1.85642],[104.56055,-1.85641],[104.55866,-1.85488],[104.5565,-1.85389],[104.55434,-1.85426],[104.55246,-1.85393],[104.54976,-1.8541],[104.54706,-1.85475],[104.54475,-1.85576],[104.54187,-1.85821],[104.53993,-1.86092],[104.53965,-1.86201],[104.53998,-1.86363],[104.53968,-1.86418],[104.53976,-1.86499],[104.5408,-1.86608],[104.54084,-1.86662],[104.5398,-1.87178],[104.53876,-1.87476],[104.53617,-1.87937],[104.53554,-1.88155],[104.53389,-1.88345],[104.5341,-1.88453],[104.53267,-1.88453],[104.53318,-1.88535],[104.53339,-1.8867],[104.53315,-1.88833],[104.53155,-1.89213],[104.52963,-1.89511],[104.52947,-1.89606]],[[104.52938,-1.89645],[104.52933,-1.89661]],[[104.52657,-1.90366],[104.5261,-1.9076],[104.52271,-1.91357],[104.52273,-1.91438],[104.52412,-1.91425],[104.52709,-1.91143]],[[104.4724,-1.8704],[104.47183,-1.86823],[104.46948,-1.86579],[104.47023,-1.86524],[104.46803,-1.86558]],[[104.47422,-1.88743],[104.47557,-1.88701],[104.47703,-1.88587],[104.47796,-1.88234],[104.47783,-1.8818],[104.47859,-1.88072],[104.47863,-1.88017],[104.47799,-1.87773],[104.4778,-1.87447],[104.47715,-1.87257],[104.47531,-1.87044],[104.47342,-1.87132]],[[104.60481,-1.88075],[104.60505,-1.88045],[104.60442,-1.88021],[104.60471,-1.88075],[104.60481,-1.88075]],[[104.46818,-1.90609],[104.47098,-1.9051],[104.47395,-1.90328],[104.47617,-1.90107],[104.47756,-1.89809],[104.47779,-1.89591],[104.47879,-1.8932],[104.47857,-1.8913],[104.47804,-1.89021],[104.47695,-1.88913],[104.4753,-1.88822],[104.47449,-1.88811]],[[104.46453,-1.92604],[104.46459,-1.924]],[[104.52727,-1.91167],[104.52515,-1.91411],[104.52405,-1.91493],[104.52223,-1.91769],[104.52096,-1.92117],[104.52074,-1.92383]],[[104.4962,-1.94111],[104.4962,-1.93853],[104.4969,-1.93351]],[[104.47327,-1.91281],[104.47287,-1.91274],[104.47287,-1.91226],[104.47238,-1.91247],[104.47125,-1.91423]],[[104.46863,-1.924],[104.46828,-1.92631]],[[104.51022,-1.92774],[104.50989,-1.92781]],[[104.50537,-1.93369],[104.50485,-1.93473],[104.50145,-1.93821],[104.50064,-1.94192]],[[104.6459,-1.9676],[104.64571,-1.96775]],[[104.64158,-1.96957],[104.64146,-1.96964]],[[104.64131,-1.96973],[104.63929,-1.97092],[104.63794,-1.97263],[104.6374,-1.97259],[104.63686,-1.97328],[104.63645,-1.97318]],[[104.63644,-1.97317],[104.63622,-1.97317]],[[104.63054,-1.9786],[104.63052,-1.97863]],[[104.63032,-1.97887],[104.62955,-1.98036],[104.63008,-1.98186]],[[104.61177,-1.98614],[104.61189,-1.98619]],[[104.61707,-1.98185],[104.61661,-1.97602],[104.61696,-1.97357],[104.61429,-1.96923],[104.61176,-1.9676],[104.61083,-1.96652]],[[104.62107,-1.99564],[104.61999,-1.9969]],[[104.61974,-1.99705],[104.61847,-1.99868]],[[104.61837,-1.99889],[104.61832,-1.99895]],[[104.61109,-2.00565],[104.60826,-2.00714],[104.6065,-2.00769]],[[104.57184,-1.99856],[104.57548,-1.99932]],[[104.58007,-2.00038],[104.58857,-2.00214],[104.59733,-2.00203]],[[104.60273,-2.00135],[104.60327,-2.00117]],[[104.6034,-2.00112],[104.60651,-1.99922]],[[104.6091,-1.99623],[104.6092,-1.99609]],[[104.60929,-1.99596],[104.61082,-1.99317]],[[104.61109,-1.98784],[104.61087,-1.98769]],[[104.57282,-2.00247],[104.57103,-2.00162]],[[104.59652,-2.00831],[104.59531,-2.00865],[104.59396,-2.00814],[104.58964,-2.00799],[104.58802,-2.00755],[104.58452,-2.00589],[104.58276,-2.00559]]]}},{"id":"5","type":"Feature","properties":{"year":1989,"certainty":"good"},"geometry":{"type":"MultiLineString","coordinates":[[[104.52158,-1.7149],[104.52427,-1.71408],[104.52487,-1.71327],[104.52525,-1.71133],[104.52639,-1.71191],[104.52646,-1.71137],[104.5259,-1.7111],[104.52577,-1.71056],[104.52633,-1.71103],[104.5267,-1.71029],[104.52536,-1.70947],[104.52472,-1.70811],[104.5239,-1.70759],[104.52067,-1.70106],[104.51678,-1.69563],[104.51536,-1.69291],[104.51155,-1.68775],[104.50829,-1.68477],[104.50526,-1.68287],[104.50233,-1.67988],[104.50152,-1.67942],[104.50036,-1.67961],[104.50035,-1.6788],[104.4991,-1.67717],[104.49937,-1.67672],[104.49859,-1.67554],[104.49829,-1.67414],[104.49765,-1.67364],[104.49786,-1.67337],[104.49741,-1.67337],[104.49748,-1.67228],[104.49666,-1.67147],[104.49668,-1.67065],[104.4964,-1.67109],[104.49501,-1.66902],[104.49458,-1.66631],[104.49328,-1.66577],[104.4929,-1.66522],[104.49263,-1.66387],[104.49319,-1.6636],[104.49263,-1.66386],[104.49211,-1.66251],[104.49148,-1.66197],[104.49105,-1.66034],[104.4902,-1.65925],[104.4902,-1.65865],[104.4896,-1.65844],[104.48841,-1.65599],[104.48669,-1.65409],[104.48643,-1.6527],[104.48616,-1.65291],[104.48535,-1.65174],[104.48535,-1.65114],[104.48508,-1.65123],[104.48441,-1.64948],[104.48367,-1.64867],[104.4827,-1.64568],[104.4822,-1.64541],[104.4793,-1.63916],[104.47942,-1.63889],[104.4791,-1.63889],[104.47861,-1.63781],[104.47807,-1.6378],[104.47753,-1.63685],[104.47755,-1.63564],[104.4766,-1.63401],[104.47597,-1.63211],[104.4743,-1.62889],[104.47376,-1.62881],[104.47395,-1.62831],[104.47304,-1.62641],[104.47263,-1.62614],[104.47206,-1.62369],[104.47091,-1.62179],[104.47052,-1.62016],[104.46967,-1.61881],[104.46839,-1.61555],[104.46847,-1.61501],[104.46796,-1.61446],[104.4681,-1.61365],[104.46777,-1.61311],[104.46637,-1.61256],[104.46634,-1.61175],[104.46594,-1.6113],[104.46537,-1.60931],[104.46564,-1.60876],[104.46484,-1.60822],[104.46487,-1.60741],[104.46459,-1.60772],[104.46436,-1.60605],[104.46339,-1.60442],[104.46345,-1.60361],[104.4639,-1.60306],[104.46379,-1.60241],[104.46324,-1.60171],[104.4634,-1.60144],[104.46276,-1.60008],[104.46244,-1.59974],[104.46183,-1.59981],[104.46153,-1.59845],[104.46192,-1.59818],[104.46163,-1.59815],[104.46129,-1.59736],[104.46125,-1.59628],[104.4606,-1.59519],[104.46036,-1.59384],[104.45947,-1.59355],[104.45909,-1.59248],[104.4592,-1.59112],[104.46006,-1.59085],[104.45974,-1.5901],[104.45863,-1.59058],[104.45898,-1.58949],[104.45958,-1.58922],[104.45957,-1.58759],[104.45912,-1.58678],[104.45819,-1.58216],[104.45732,-1.58275],[104.45715,-1.58162],[104.45673,-1.58135],[104.45679,-1.58054],[104.45646,-1.58026],[104.45716,-1.57972],[104.45705,-1.57945],[104.45651,-1.5798],[104.45624,-1.57926],[104.45508,-1.57484],[104.45449,-1.57049],[104.45467,-1.57022],[104.45435,-1.57003],[104.45418,-1.56914],[104.45426,-1.56805],[104.45193,-1.56308],[104.45193,-1.56279],[104.45249,-1.56316],[104.45255,-1.56072],[104.45211,-1.55746],[104.4522,-1.54954],[104.45152,-1.54797],[104.45149,-1.54525],[104.45193,-1.54453],[104.45351,-1.54444],[104.4518,-1.54254],[104.45166,-1.54145],[104.45113,-1.54122],[104.45086,-1.54146],[104.45061,-1.54009],[104.44807,-1.53412],[104.44697,-1.53005],[104.44573,-1.52831],[104.44531,-1.52652],[104.44487,-1.52598],[104.44508,-1.52408],[104.44459,-1.52137],[104.4441,-1.52055],[104.44433,-1.51947],[104.44361,-1.51865],[104.44331,-1.51708],[104.44304,-1.51685],[104.44223,-1.517],[104.44215,-1.51621],[104.44272,-1.51567],[104.44237,-1.51485],[104.44113,-1.51431],[104.44132,-1.51377],[104.44196,-1.51357],[104.44186,-1.51295],[104.44115,-1.51251],[104.44115,-1.51203],[104.43964,-1.51132],[104.44035,-1.5107],[104.44166,-1.51187],[104.44169,-1.51229],[104.44196,-1.51187],[104.44087,-1.51078],[104.44131,-1.51024],[104.44101,-1.50888],[104.43981,-1.50926],[104.43896,-1.50861],[104.43981,-1.50709],[104.44018,-1.50725],[104.44035,-1.50816],[104.44121,-1.50725],[104.4403,-1.50508],[104.44089,-1.50363],[104.44012,-1.50237],[104.44043,-1.5002],[104.44044,-1.49884],[104.44011,-1.49802],[104.44038,-1.49721],[104.4402,-1.49612],[104.44057,-1.49097],[104.44011,-1.48744],[104.44029,-1.48581],[104.44064,-1.48581],[104.44034,-1.48337],[104.44082,-1.47903],[104.44116,-1.47818],[104.44143,-1.47874],[104.44174,-1.47821],[104.44211,-1.47658],[104.44142,-1.47604],[104.44242,-1.47523],[104.44245,-1.47387],[104.44284,-1.4736],[104.44282,-1.47278],[104.44232,-1.47278],[104.44218,-1.47116],[104.44245,-1.47061],[104.44155,-1.47061],[104.44191,-1.46817],[104.44224,-1.46879],[104.44251,-1.46815],[104.44311,-1.4679],[104.44395,-1.466],[104.44386,-1.46554],[104.44424,-1.46546],[104.44393,-1.46519],[104.44466,-1.4603],[104.44574,-1.4584],[104.4457,-1.45759],[104.44633,-1.45731],[104.44615,-1.45704],[104.44665,-1.45623],[104.44647,-1.45596],[104.4469,-1.45569],[104.44666,-1.45542],[104.44684,-1.4546],[104.44737,-1.45429],[104.44764,-1.45452],[104.448,-1.45297],[104.44926,-1.4513],[104.4492,-1.4508],[104.45005,-1.45026],[104.44982,-1.44972],[104.45007,-1.44947],[104.45088,-1.44928],[104.4512,-1.44782],[104.45164,-1.44727],[104.45173,-1.44673],[104.45115,-1.44619],[104.45112,-1.44565],[104.4522,-1.44266],[104.45196,-1.4419],[104.45169,-1.44208],[104.45142,-1.44175],[104.45165,-1.44212],[104.45115,-1.44248],[104.45066,-1.44239],[104.45065,-1.44212],[104.45088,-1.44098],[104.45115,-1.44157],[104.45169,-1.44119],[104.45223,-1.44155],[104.45304,-1.43888],[104.45331,-1.43939],[104.45302,-1.43805],[104.45345,-1.4375],[104.45288,-1.43615],[104.45308,-1.43506],[104.45202,-1.43398],[104.45223,-1.43266],[104.4525,-1.43292],[104.45318,-1.43235],[104.4525,-1.43283],[104.45226,-1.43262],[104.45265,-1.43018],[104.45332,-1.42882],[104.45385,-1.4257],[104.45429,-1.42611],[104.45412,-1.42666],[104.45466,-1.42652],[104.45466,-1.42611],[104.4552,-1.42579],[104.45561,-1.42692],[104.45692,-1.42746],[104.45666,-1.42665],[104.45699,-1.42502],[104.45734,-1.42475],[104.45756,-1.42122],[104.45843,-1.41579],[104.45857,-1.41091],[104.45761,-1.40222],[104.45616,-1.39327],[104.45526,-1.38947],[104.45433,-1.38702],[104.45321,-1.37291],[104.45332,-1.3719],[104.45379,-1.37182],[104.45324,-1.37074],[104.45346,-1.36938],[104.45322,-1.36857],[104.45401,-1.36802],[104.45376,-1.36748],[104.45436,-1.36477],[104.45566,-1.36287],[104.45575,-1.36219],[104.45642,-1.36178],[104.45662,-1.35988],[104.45626,-1.35934],[104.45658,-1.35669]],[[104.50471,-1.80337],[104.50908,-1.80663],[104.51147,-1.80703],[104.51633,-1.80516],[104.5174,-1.80413],[104.51875,-1.80373],[104.5201,-1.80401],[104.52064,-1.80376],[104.52088,-1.80311],[104.52172,-1.803],[104.5228,-1.80186],[104.52491,-1.80175],[104.52631,-1.80027],[104.53089,-1.80086],[104.5317,-1.80048],[104.5359,-1.79687],[104.53868,-1.79225],[104.54098,-1.78927],[104.54195,-1.78683],[104.54164,-1.78493],[104.54303,-1.78239],[104.54331,-1.78248],[104.54303,-1.78194],[104.54357,-1.7796],[104.54272,-1.77977],[104.54351,-1.77896],[104.54364,-1.77787],[104.5433,-1.7775],[104.54411,-1.77748],[104.54467,-1.77679],[104.54431,-1.7757],[104.54445,-1.77407],[104.54357,-1.7719],[104.54385,-1.77153],[104.54438,-1.77193],[104.54466,-1.77136],[104.5444,-1.76946],[104.54286,-1.76376],[104.54201,-1.75806],[104.54115,-1.75507],[104.53995,-1.75317],[104.54011,-1.75263],[104.53603,-1.73987],[104.53556,-1.7377],[104.53576,-1.73551],[104.53109,-1.72521],[104.52745,-1.71924],[104.52417,-1.71534],[104.52255,-1.71513],[104.5218,-1.71544]],[[104.54283,-1.78547],[104.54303,-1.78503],[104.5433,-1.78522],[104.54357,-1.78507],[104.54387,-1.78438],[104.5433,-1.78509],[104.5433,-1.78335],[104.54268,-1.78466],[104.54283,-1.78547]],[[104.54365,-1.78656],[104.54411,-1.78608],[104.54411,-1.78586],[104.54351,-1.78656],[104.54365,-1.78656]],[[104.50396,-1.80904],[104.50419,-1.80582],[104.50311,-1.80447]]]}},{"id":"6","type":"Feature","properties":{"year":1990,"certainty":"good"},"geometry":{"type":"MultiLineString","coordinates":[[[104.52158,-1.7149],[104.52424,-1.71408],[104.52473,-1.71354],[104.52498,-1.71145],[104.5255,-1.71137],[104.52639,-1.71191],[104.52643,-1.71137],[104.5259,-1.7111],[104.52577,-1.71056],[104.52633,-1.71098],[104.52639,-1.71056],[104.52536,-1.70947],[104.52444,-1.7077],[104.52381,-1.7073],[104.52094,-1.70161],[104.51533,-1.69291],[104.51194,-1.6883],[104.5084,-1.68477],[104.50455,-1.68205],[104.50287,-1.68022],[104.50174,-1.67961],[104.50044,-1.67976],[104.49971,-1.67825],[104.49928,-1.67798],[104.49925,-1.67744],[104.49853,-1.6769],[104.49818,-1.67445],[104.49662,-1.67174],[104.49673,-1.67065],[104.49521,-1.66794],[104.49426,-1.66522],[104.4929,-1.66246],[104.48958,-1.65762],[104.48922,-1.65681],[104.48939,-1.65627],[104.48556,-1.65138],[104.48408,-1.64867],[104.48151,-1.64351],[104.4811,-1.64188],[104.47834,-1.63618],[104.47834,-1.63564],[104.47773,-1.63482],[104.47753,-1.63376],[104.47503,-1.63021],[104.47332,-1.62668],[104.4716,-1.62234],[104.46951,-1.61826],[104.46944,-1.61677],[104.46855,-1.61555],[104.46801,-1.61338],[104.46635,-1.61094],[104.46621,-1.60985],[104.46539,-1.60822],[104.46459,-1.60394],[104.46335,-1.60116],[104.46325,-1.60008],[104.46258,-1.59926],[104.46242,-1.59818],[104.46153,-1.59655],[104.4602,-1.59112],[104.45957,-1.58976],[104.45953,-1.58732],[104.45819,-1.58216],[104.45639,-1.58026],[104.45705,-1.58012],[104.4573,-1.57945],[104.45624,-1.5791],[104.45534,-1.57728],[104.45509,-1.57511],[104.45462,-1.57461],[104.45462,-1.57402],[104.45556,-1.57348],[104.4556,-1.57239],[104.45467,-1.56995],[104.45474,-1.56805],[104.45355,-1.56609],[104.45305,-1.56588],[104.45252,-1.56425],[104.4522,-1.56479],[104.45168,-1.56425],[104.45172,-1.56235],[104.45193,-1.56204],[104.4522,-1.56246],[104.45244,-1.56235],[104.4527,-1.56045],[104.45207,-1.55774],[104.45235,-1.55692],[104.45222,-1.55529],[104.45178,-1.55475],[104.45228,-1.55367],[104.45206,-1.55231],[104.45247,-1.55225],[104.45278,-1.55177],[104.45301,-1.54963],[104.45335,-1.54932],[104.45307,-1.54905],[104.45328,-1.54804],[104.4528,-1.54742],[104.45302,-1.54688],[104.45254,-1.54634],[104.45306,-1.54525],[104.45267,-1.54471],[104.4536,-1.54444],[104.45307,-1.54389],[104.4533,-1.54362],[104.45187,-1.54227],[104.45195,-1.54172],[104.4514,-1.54076],[104.45113,-1.54099],[104.45086,-1.54074],[104.45075,-1.54009],[104.45022,-1.53955],[104.44917,-1.53657],[104.44843,-1.53535],[104.44674,-1.52978],[104.44571,-1.52842],[104.44466,-1.52579],[104.44503,-1.52408],[104.44415,-1.52055],[104.44421,-1.51919],[104.44351,-1.51865],[104.44363,-1.51784],[104.44312,-1.51621],[104.44276,-1.51594],[104.44277,-1.51491],[104.44203,-1.51404],[104.44224,-1.51349],[104.44192,-1.51268],[104.44224,-1.51214],[104.4415,-1.51132],[104.44127,-1.50969],[104.44149,-1.50942],[104.44098,-1.50915],[104.44074,-1.50834],[104.44125,-1.50725],[104.44095,-1.50671],[104.44155,-1.50617],[104.4403,-1.50508],[104.44092,-1.50345],[104.44068,-1.50264],[104.44024,-1.50237],[104.44088,-1.50074],[104.4405,-1.5002],[104.44027,-1.49748],[104.44062,-1.49667],[104.44035,-1.49422],[104.44061,-1.48961],[104.44017,-1.48907],[104.44063,-1.48717],[104.44044,-1.48337],[104.44069,-1.48228],[104.44041,-1.48201],[104.44109,-1.48011],[104.44091,-1.47957],[104.44197,-1.4776],[104.44214,-1.47658],[104.44165,-1.47577],[104.44244,-1.47523],[104.44289,-1.4736],[104.44322,-1.47116],[104.44264,-1.47116],[104.44314,-1.46844],[104.44342,-1.46844],[104.44386,-1.46961],[104.44386,-1.46844],[104.44442,-1.46708],[104.44434,-1.46491],[104.44526,-1.46464],[104.4444,-1.46439],[104.44477,-1.4641],[104.44436,-1.46329],[104.44526,-1.46247],[104.44544,-1.46166],[104.44491,-1.46139],[104.44535,-1.46111],[104.44517,-1.46057],[104.44554,-1.4603],[104.44533,-1.46003],[104.44575,-1.459],[104.44629,-1.45885],[104.44656,-1.45936],[104.44672,-1.45921],[104.44663,-1.45867],[104.44603,-1.45813],[104.44608,-1.45759],[104.44649,-1.4565],[104.44746,-1.45596],[104.44719,-1.45569],[104.44727,-1.4546],[104.44764,-1.45452],[104.44808,-1.45297],[104.44897,-1.45216],[104.44886,-1.45189],[104.44926,-1.45166],[104.44959,-1.4508],[104.45034,-1.45036],[104.44999,-1.44972],[104.45114,-1.4489],[104.4512,-1.44782],[104.45173,-1.44673],[104.45124,-1.44619],[104.45151,-1.44456],[104.452,-1.4432],[104.45281,-1.44239],[104.45277,-1.44159],[104.45304,-1.44188],[104.45317,-1.44158],[104.4529,-1.4413],[104.45349,-1.4394],[104.45302,-1.43805],[104.45352,-1.4375],[104.45313,-1.43615],[104.45338,-1.43235],[104.4525,-1.43233],[104.45212,-1.4318],[104.45242,-1.43126],[104.45218,-1.4299],[104.45269,-1.4299],[104.45258,-1.43045],[104.45358,-1.43128],[104.45391,-1.43099],[104.45359,-1.43072],[104.45359,-1.4299],[104.45319,-1.42963],[104.45359,-1.42855],[104.45169,-1.4284],[104.45169,-1.42806],[104.45223,-1.4274],[104.45253,-1.42746],[104.45229,-1.428],[104.45275,-1.428],[104.45321,-1.42665],[104.45287,-1.42556],[104.45342,-1.42529],[104.45358,-1.42482],[104.45399,-1.42502],[104.45412,-1.42677],[104.45493,-1.42722],[104.45494,-1.42638],[104.4552,-1.42627],[104.45574,-1.42709],[104.45682,-1.42761],[104.4571,-1.42746],[104.45695,-1.42421],[104.45736,-1.42312],[104.45827,-1.41688],[104.45844,-1.40955],[104.45621,-1.39408],[104.45404,-1.38594],[104.45346,-1.37562],[104.45295,-1.3721],[104.45327,-1.36965],[104.453,-1.36775],[104.45383,-1.36395],[104.45413,-1.36352],[104.45467,-1.36344],[104.45416,-1.36314],[104.45467,-1.36288],[104.45494,-1.36227],[104.45521,-1.36258],[104.45548,-1.36241],[104.45642,-1.36097],[104.45608,-1.35934],[104.45625,-1.35669]],[[104.45196,-1.42945],[104.45178,-1.42936],[104.45196,-1.42878],[104.45227,-1.42909],[104.45196,-1.42945]],[[104.45604,-1.42936],[104.45603,-1.42882],[104.45574,-1.42879],[104.45596,-1.42936],[104.45604,-1.42936]],[[104.45503,-1.42936],[104.45466,-1.42933],[104.45439,-1.42889],[104.45466,-1.42942],[104.45503,-1.42936]],[[104.45416,-1.43208],[104.45452,-1.43126],[104.45439,-1.43062],[104.454,-1.43153],[104.45416,-1.43208]],[[104.45389,-1.55909],[104.4536,-1.55774],[104.45382,-1.55624],[104.45328,-1.5533],[104.45274,-1.5525],[104.45299,-1.55475],[104.4526,-1.55557],[104.45349,-1.55747],[104.45382,-1.55932],[104.45389,-1.55909]],[[104.49913,-1.67662],[104.49883,-1.67635],[104.49883,-1.67585],[104.49858,-1.67608],[104.4991,-1.67683],[104.49913,-1.67662]],[[104.50648,-1.80469],[104.50931,-1.80676],[104.51147,-1.80705],[104.51633,-1.80514],[104.5174,-1.80412],[104.51875,-1.80372],[104.5201,-1.80402],[104.52064,-1.80373],[104.52086,-1.80311],[104.52172,-1.80298],[104.5228,-1.80185],[104.52469,-1.80187],[104.52631,-1.80025],[104.53008,-1.8008],[104.53143,-1.80056],[104.53575,-1.7968],[104.54087,-1.78936],[104.54099,-1.78845],[104.54195,-1.78683],[104.54153,-1.78655],[104.5418,-1.78628],[104.54163,-1.78411],[104.54249,-1.78095],[104.54269,-1.78113],[104.542,-1.78357],[104.54222,-1.78382],[104.54303,-1.78255],[104.54337,-1.78248],[104.54303,-1.78167],[104.54357,-1.7793],[104.54303,-1.77999],[104.54267,-1.77977],[104.54303,-1.77873],[104.5433,-1.77876],[104.54364,-1.77814],[104.54318,-1.77733],[104.54384,-1.77663],[104.54398,-1.77841],[104.54434,-1.77896],[104.54404,-1.77923],[104.54411,-1.77985],[104.54447,-1.77896],[104.54502,-1.77868],[104.5452,-1.77733],[104.54483,-1.77679],[104.54492,-1.77623],[104.54433,-1.7757],[104.54446,-1.77407],[104.54411,-1.77271],[104.54356,-1.77217],[104.54385,-1.77158],[104.54446,-1.7719],[104.54466,-1.77081],[104.54274,-1.76349],[104.54213,-1.75779],[104.54142,-1.75499],[104.53999,-1.75317],[104.54029,-1.7529],[104.5363,-1.74137],[104.53519,-1.73716],[104.53576,-1.73551],[104.53253,-1.72899],[104.53115,-1.72549],[104.52767,-1.71979],[104.52417,-1.71534],[104.52199,-1.71544]],[[104.54276,-1.78105],[104.5427,-1.78031],[104.54303,-1.78015],[104.54301,-1.78086],[104.54276,-1.78105]],[[104.5428,-1.78547],[104.54279,-1.78493],[104.54327,-1.78438],[104.5433,-1.78331],[104.54268,-1.78466],[104.5428,-1.78547]],[[104.54335,-1.78683],[104.54418,-1.78601],[104.54384,-1.78425],[104.54325,-1.7852],[104.54384,-1.78533],[104.54409,-1.78574],[104.543,-1.78683],[104.54335,-1.78683]],[[104.50399,-1.80904],[104.50423,-1.80609],[104.50392,-1.80532],[104.50311,-1.80458]]]}},{"id":"7","type":"Feature","properties":{"year":1990,"certainty":"insufficient data"},"geometry":{"type":"MultiLineString","coordinates":[[[104.60638,-1.96317],[104.60776,-1.96244],[104.60922,-1.96],[104.6107,-1.95839],[104.61231,-1.95757],[104.61258,-1.95664],[104.61312,-1.95723],[104.61366,-1.95712],[104.61596,-1.95521]],[[104.46364,-1.91884],[104.46357,-1.91627],[104.46459,-1.91233]],[[104.65048,-1.96525],[104.64711,-1.96652],[104.6459,-1.9675]],[[104.64556,-1.96775],[104.64495,-1.96825],[104.6432,-1.96882]],[[104.64315,-1.96883],[104.64158,-1.96955]],[[104.64141,-1.96964],[104.64131,-1.96971]],[[104.63733,-1.97263],[104.63686,-1.97324],[104.63632,-1.97305],[104.63497,-1.9741],[104.63107,-1.97806]],[[104.63106,-1.97807],[104.63055,-1.9786]],[[104.63052,-1.97864],[104.63032,-1.97887]],[[104.62971,-1.98102],[104.63033,-1.98226],[104.63119,-1.98314]],[[104.61177,-1.98613],[104.6142,-1.98704],[104.61568,-1.98606],[104.61668,-1.98416],[104.6171,-1.98077]],[[104.61687,-1.97697],[104.61698,-1.97357],[104.61489,-1.96991]],[[104.6138,-1.96867],[104.61153,-1.96733],[104.61044,-1.9657],[104.61045,-1.96516],[104.60989,-1.96487],[104.60948,-1.96407],[104.60719,-1.96504]],[[104.63065,-1.98428],[104.62876,-1.98304],[104.62822,-1.98335],[104.62457,-1.99176],[104.62229,-1.99461]],[[104.61999,-1.99692],[104.61976,-1.99705]],[[104.61887,-1.99787],[104.61786,-1.9999],[104.61635,-2.00086],[104.61446,-2.00292],[104.61338,-2.00331],[104.61257,-2.0048],[104.60691,-2.00774],[104.60286,-2.00802],[104.60247,-2.00858],[104.60251,-2.00913],[104.6035,-2.01048]],[[104.57548,-1.99932],[104.58411,-2.00123]],[[104.58843,-2.00213],[104.59909,-2.00199],[104.60286,-2.00132],[104.60529,-2.00019],[104.6088,-1.9967],[104.61258,-1.99009],[104.61276,-1.98959],[104.61251,-1.98904],[104.61087,-1.98769]],[[104.57846,-2.0083],[104.57885,-2.00585],[104.57562,-2.00454],[104.57282,-2.00247]],[[104.60328,-2.01075],[104.60124,-2.0091],[104.59989,-2.0088],[104.59935,-2.00835],[104.59787,-2.00822]],[[104.58835,-2.00763],[104.58452,-2.0059],[104.58263,-2.00558],[104.58202,-2.00586],[104.58144,-2.00858]]]}},{"id":"8","type":"Feature","properties":{"year":1990,"certainty":"unstable data"},"geometry":{"type":"MultiLineString","coordinates":[[[104.46731,-1.86321],[104.4683,-1.86248],[104.46848,-1.86171],[104.46951,-1.86076]],[[104.5332,-1.88792],[104.53222,-1.89089],[104.53073,-1.89376]],[[104.53042,-1.89417],[104.53019,-1.89441]],[[104.52997,-1.89471],[104.52965,-1.89514]],[[104.52962,-1.89525],[104.52926,-1.89701],[104.52799,-1.90014]],[[104.52645,-1.90583],[104.52587,-1.90809]],[[104.47051,-1.90528],[104.47394,-1.90324],[104.47651,-1.90043]],[[104.47668,-1.90012],[104.47678,-1.89991]],[[104.47692,-1.89958],[104.47705,-1.89929]],[[104.47712,-1.89904],[104.47732,-1.89859]],[[104.46463,-1.92346],[104.4646,-1.92291]],[[104.46448,-1.92237],[104.4644,-1.9221]],[[104.46437,-1.92202],[104.46416,-1.92156]],[[104.46413,-1.92129],[104.46369,-1.91939]],[[104.49698,-1.94803],[104.49649,-1.94586],[104.49617,-1.94029]],[[104.49616,-1.93948],[104.49619,-1.93924]],[[104.4962,-1.93894],[104.49636,-1.93758]],[[104.49649,-1.93677],[104.49687,-1.93283],[104.49551,-1.92862]],[[104.49539,-1.92836],[104.49385,-1.92428]],[[104.49377,-1.9241],[104.49357,-1.92374]],[[104.4935,-1.92365],[104.49323,-1.9232]],[[104.49323,-1.92319],[104.4928,-1.92265]],[[104.49269,-1.92251],[104.49099,-1.91926],[104.48845,-1.91682],[104.48837,-1.916],[104.4874,-1.91464],[104.48581,-1.91345],[104.48393,-1.91263],[104.48163,-1.91223]],[[104.48109,-1.9121],[104.48029,-1.91212]],[[104.48002,-1.91231],[104.47745,-1.9126],[104.47691,-1.91319],[104.4757,-1.91351]],[[104.52166,-1.9266],[104.52041,-1.92619]],[[104.5202,-1.92607],[104.5198,-1.92592]],[[104.51947,-1.92592],[104.51872,-1.92608],[104.5167,-1.92535]],[[104.50363,-1.93595],[104.50348,-1.93608]],[[104.50337,-1.93623],[104.50228,-1.93718],[104.50107,-1.93962],[104.50058,-1.94423],[104.50085,-1.94722]]]}},{"id":"9","type":"Feature","properties":{"year":1990,"certainty":"good"},"geometry":{"type":"MultiLineString","coordinates":[[[104.48345,-1.83214],[104.4853,-1.83332],[104.48711,-1.83132],[104.4883,-1.83078],[104.49126,-1.82535],[104.49532,-1.82047],[104.49678,-1.81775],[104.4996,-1.81595],[104.50261,-1.8126],[104.50399,-1.80907]],[[104.47262,-1.85045],[104.47612,-1.85176],[104.47747,-1.85194],[104.4799,-1.85119],[104.48098,-1.85005],[104.48207,-1.84733],[104.48285,-1.83973],[104.4837,-1.83811],[104.48411,-1.83539],[104.48462,-1.83458],[104.48446,-1.83404],[104.48295,-1.83268]],[[104.46709,-1.86334],[104.46731,-1.86321]],[[104.46951,-1.86076],[104.47009,-1.86036],[104.46991,-1.86009],[104.47018,-1.85954],[104.47266,-1.85602],[104.47043,-1.85574],[104.47154,-1.85516],[104.47209,-1.8552],[104.47216,-1.85466],[104.47327,-1.8533],[104.47319,-1.85249],[104.47181,-1.85146]],[[104.61596,-1.95521],[104.61933,-1.95331],[104.6206,-1.95186],[104.62149,-1.9504],[104.62222,-1.94752],[104.62365,-1.94384],[104.62684,-1.93911],[104.62796,-1.93907],[104.62985,-1.93729],[104.63093,-1.93711],[104.63228,-1.9363],[104.63309,-1.93644],[104.6339,-1.93614],[104.6339,-1.93573],[104.63525,-1.93513],[104.6366,-1.93504],[104.63714,-1.93472],[104.63727,-1.93504],[104.63849,-1.93534],[104.63914,-1.93612],[104.6401,-1.9365],[104.64118,-1.93616],[104.64182,-1.93558],[104.64279,-1.93395],[104.64358,-1.93097],[104.64379,-1.92825],[104.64471,-1.92473],[104.64447,-1.92201],[104.64369,-1.91984],[104.642,-1.91741],[104.63264,-1.90871],[104.63013,-1.90567],[104.61101,-1.88699],[104.61098,-1.88647],[104.61021,-1.88564],[104.60918,-1.88536],[104.60909,-1.88474],[104.60694,-1.88268],[104.60667,-1.88284],[104.60536,-1.88183],[104.60533,-1.88102],[104.60505,-1.88151],[104.60421,-1.88102],[104.60298,-1.87966],[104.60343,-1.87952],[104.60478,-1.88078],[104.60499,-1.88048],[104.60478,-1.88021],[104.60262,-1.87846],[104.60262,-1.87931],[104.60165,-1.87831],[104.60138,-1.87749],[104.59588,-1.87195],[104.59453,-1.87173],[104.59372,-1.87096],[104.59291,-1.87083],[104.59199,-1.86962],[104.59071,-1.86908],[104.58973,-1.86772],[104.58887,-1.86713],[104.58833,-1.8675],[104.58779,-1.8672],[104.58702,-1.86609],[104.58644,-1.86643],[104.58482,-1.86537],[104.58439,-1.86636],[104.58401,-1.86641],[104.58378,-1.86555],[104.58321,-1.86527],[104.58293,-1.86464],[104.58218,-1.86446],[104.58239,-1.86403],[104.58269,-1.86419],[104.58213,-1.86353],[104.58105,-1.86378],[104.58075,-1.86283],[104.57494,-1.86093],[104.57496,-1.86066],[104.57457,-1.86071],[104.57242,-1.85949],[104.56999,-1.85918],[104.56621,-1.85767],[104.56486,-1.85794],[104.56457,-1.85767],[104.56466,-1.85686],[104.56352,-1.85636],[104.56341,-1.85604],[104.56136,-1.85548],[104.56055,-1.85622],[104.56028,-1.85509],[104.5565,-1.85382],[104.55532,-1.85414],[104.55461,-1.85479],[104.55381,-1.85424],[104.55165,-1.85373],[104.54895,-1.85386],[104.54506,-1.85549],[104.54312,-1.85685],[104.54113,-1.85892],[104.5402,-1.86038],[104.53968,-1.86201],[104.53998,-1.86363],[104.53972,-1.86472],[104.54085,-1.86662],[104.53982,-1.87178],[104.5388,-1.87476],[104.53617,-1.87937],[104.53573,-1.88127],[104.53393,-1.88345],[104.53411,-1.88464],[104.53303,-1.88436],[104.53268,-1.88453],[104.53339,-1.88616],[104.5332,-1.88792]],[[104.53073,-1.89376],[104.53042,-1.89417]],[[104.53019,-1.89441],[104.52997,-1.89471]],[[104.52965,-1.89514],[104.52962,-1.89525]],[[104.52799,-1.90014],[104.52653,-1.9038],[104.52645,-1.90583]],[[104.52587,-1.90809],[104.52264,-1.91384],[104.52277,-1.9143],[104.52331,-1.91449],[104.52412,-1.91422],[104.52709,-1.91142]],[[104.47249,-1.8704],[104.47343,-1.86904],[104.47345,-1.8685],[104.4726,-1.86931],[104.47226,-1.86823],[104.47095,-1.8666],[104.46995,-1.86606],[104.47018,-1.86521],[104.46803,-1.86556]],[[104.47422,-1.88743],[104.47557,-1.88701],[104.47708,-1.88587],[104.47863,-1.88017],[104.47781,-1.87393],[104.47676,-1.87149],[104.47531,-1.87036],[104.47342,-1.87123]],[[104.46262,-1.90746],[104.46451,-1.90668],[104.46828,-1.90609],[104.47051,-1.90528]],[[104.47651,-1.90043],[104.47668,-1.90012]],[[104.47678,-1.89991],[104.47692,-1.89958]],[[104.47705,-1.89929],[104.47712,-1.89904]],[[104.47732,-1.89859],[104.47817,-1.89456],[104.47879,-1.8932],[104.47857,-1.8913],[104.47719,-1.88933],[104.4753,-1.88819],[104.47449,-1.88814]],[[104.46455,-1.92604],[104.46463,-1.92346]],[[104.4646,-1.92291],[104.46448,-1.92237]],[[104.4644,-1.9221],[104.46437,-1.92202]],[[104.46416,-1.92156],[104.46413,-1.92129]],[[104.46369,-1.91939],[104.46364,-1.91884]],[[104.46459,-1.91233],[104.46509,-1.90948],[104.4637,-1.90938],[104.46289,-1.90984]],[[104.52729,-1.91167],[104.52407,-1.91493],[104.52167,-1.919],[104.52096,-1.92117],[104.52069,-1.92361],[104.52223,-1.92542]],[[104.49617,-1.94029],[104.49616,-1.93948]],[[104.49619,-1.93924],[104.4962,-1.93894]],[[104.49636,-1.93758],[104.49649,-1.93677]],[[104.49551,-1.92862],[104.49539,-1.92836]],[[104.49385,-1.92428],[104.49377,-1.9241]],[[104.49357,-1.92374],[104.4935,-1.92365]],[[104.49323,-1.9232],[104.49323,-1.92319]],[[104.4928,-1.92265],[104.49269,-1.92251]],[[104.48163,-1.91223],[104.48109,-1.9121]],[[104.48029,-1.91212],[104.48002,-1.91231]],[[104.4757,-1.91351],[104.4753,-1.91348],[104.47476,-1.91287],[104.47292,-1.91274],[104.47287,-1.91226],[104.47233,-1.9125],[104.47229,-1.91301],[104.47116,-1.91437],[104.46968,-1.91871],[104.46831,-1.92631]],[[104.52041,-1.92619],[104.5202,-1.92607]],[[104.5198,-1.92592],[104.51947,-1.92592]],[[104.5167,-1.92535],[104.51386,-1.92488],[104.51306,-1.92514],[104.51171,-1.92732],[104.5086,-1.92822],[104.50645,-1.92958],[104.50571,-1.93148],[104.50534,-1.93392],[104.50363,-1.93595]],[[104.50348,-1.93608],[104.50337,-1.93623]],[[104.65373,-1.96334],[104.65143,-1.96442],[104.65048,-1.96525]],[[104.6459,-1.9675],[104.64556,-1.96775]],[[104.6432,-1.96882],[104.64315,-1.96883]],[[104.64158,-1.96955],[104.64141,-1.96964]],[[104.64131,-1.96971],[104.63898,-1.97114],[104.63816,-1.97249],[104.63733,-1.97263]],[[104.63107,-1.97806],[104.63106,-1.97807]],[[104.63055,-1.9786],[104.63052,-1.97864]],[[104.63032,-1.97887],[104.62957,-1.98036],[104.62971,-1.98102]],[[104.6171,-1.98077],[104.61687,-1.97697]],[[104.61489,-1.96991],[104.6138,-1.96867]],[[104.62229,-1.99461],[104.61999,-1.99692]],[[104.61976,-1.99705],[104.61887,-1.99787]],[[104.57184,-1.99856],[104.57548,-1.99932]],[[104.58411,-2.00123],[104.58843,-2.00213]],[[104.57282,-2.00247],[104.57103,-2.00162]],[[104.59787,-2.00822],[104.59585,-2.00832],[104.59531,-2.00867],[104.59396,-2.00817],[104.58964,-2.00806],[104.58835,-2.00763]]]}},{"id":"10","type":"Feature","properties":{"year":1991,"certainty":"good"},"geometry":{"type":"MultiLineString","coordinates":[[[104.4835,-1.83214],[104.4853,-1.83333],[104.48719,-1.8313],[104.48839,-1.83078],[104.48977,-1.82779],[104.49182,-1.82454],[104.49532,-1.82047],[104.49708,-1.81775],[104.50028,-1.81531],[104.50261,-1.8126],[104.50397,-1.80907]],[[104.47262,-1.85041],[104.47558,-1.85157],[104.47747,-1.8519],[104.4799,-1.85123],[104.48071,-1.85047],[104.48207,-1.84733],[104.4829,-1.83973],[104.48378,-1.83811],[104.48415,-1.83566],[104.48465,-1.83458],[104.48445,-1.83404],[104.48296,-1.83268]],[[104.46843,-1.86234],[104.46857,-1.86178],[104.47051,-1.86009],[104.47041,-1.85954],[104.471,-1.85923],[104.471,-1.85873],[104.47268,-1.85602],[104.47065,-1.85574],[104.47289,-1.85493],[104.47257,-1.85466],[104.47316,-1.85375],[104.47328,-1.85276],[104.47181,-1.85143]],[[104.61596,-1.95523],[104.61933,-1.95338],[104.6206,-1.95186],[104.62162,-1.94996],[104.62226,-1.94698],[104.62348,-1.94399],[104.62634,-1.93992],[104.62662,-1.93905],[104.62769,-1.939],[104.62985,-1.9372],[104.63093,-1.93709],[104.63228,-1.93613],[104.6331,-1.93612],[104.63525,-1.93502],[104.63714,-1.93473],[104.6397,-1.9364]],[[104.64273,-1.93409],[104.64354,-1.92893]],[[104.64375,-1.9281],[104.64384,-1.92785]],[[104.64443,-1.92215],[104.64368,-1.92011],[104.6422,-1.91794],[104.63201,-1.90844],[104.62997,-1.90572],[104.62217,-1.89785],[104.62037,-1.89677],[104.61718,-1.89308],[104.61557,-1.89147],[104.61449,-1.89108],[104.61465,-1.89079],[104.61422,-1.89015],[104.61268,-1.88862],[104.61179,-1.88821],[104.60907,-1.88591],[104.60818,-1.88455],[104.60775,-1.88461],[104.60694,-1.88402],[104.60667,-1.8834],[104.60477,-1.88211],[104.60505,-1.88183],[104.60397,-1.88132],[104.6037,-1.88067],[104.60235,-1.88044],[104.5991,-1.87776],[104.59889,-1.87695],[104.59912,-1.87668],[104.59831,-1.87564],[104.59786,-1.87586],[104.5975,-1.87545]],[[104.5975,-1.87545],[104.59765,-1.87586],[104.59723,-1.87629],[104.59664,-1.87573]],[[104.59655,-1.87564],[104.59631,-1.87545]],[[104.59089,-1.87124],[104.58887,-1.87006],[104.58814,-1.86935],[104.58833,-1.86907],[104.58563,-1.86806],[104.58374,-1.86692],[104.5832,-1.86731],[104.58177,-1.86663],[104.58212,-1.86631],[104.58266,-1.86677],[104.58286,-1.86636],[104.5797,-1.86407],[104.57781,-1.86385],[104.57215,-1.86153],[104.57107,-1.86057],[104.56675,-1.85974],[104.56567,-1.85915],[104.56405,-1.85884],[104.56349,-1.85848],[104.5634,-1.85794],[104.56378,-1.85601],[104.56217,-1.85561],[104.56136,-1.85618],[104.56055,-1.85621],[104.56056,-1.85468],[104.56028,-1.85483],[104.55974,-1.85425],[104.55893,-1.85466],[104.55785,-1.85438],[104.55731,-1.85522],[104.55677,-1.85533],[104.55664,-1.85495],[104.5573,-1.85441],[104.55623,-1.85377],[104.55515,-1.85404],[104.55488,-1.85384],[104.55461,-1.85425],[104.55381,-1.8539],[104.54949,-1.85374],[104.54512,-1.85549],[104.54277,-1.85712],[104.54084,-1.85929],[104.53976,-1.86173],[104.54004,-1.86363],[104.53971,-1.86418],[104.53982,-1.86499],[104.54093,-1.86608],[104.54054,-1.86906],[104.53875,-1.87503],[104.53776,-1.87639],[104.53735,-1.8779],[104.53621,-1.87937],[104.53565,-1.88155],[104.53399,-1.88345],[104.53414,-1.8848],[104.53275,-1.88453],[104.53346,-1.88643],[104.53313,-1.8886],[104.53126,-1.89294],[104.52969,-1.89511],[104.52881,-1.89837],[104.52652,-1.90407],[104.52614,-1.9076],[104.52265,-1.91411],[104.52304,-1.91443],[104.52385,-1.91433],[104.52493,-1.91362],[104.52655,-1.91186],[104.52698,-1.91194],[104.52409,-1.91493],[104.52223,-1.91782],[104.52097,-1.92117],[104.52069,-1.92361],[104.52088,-1.92402]],[[104.52101,-1.9242],[104.52107,-1.92429]],[[104.47251,-1.8704],[104.47367,-1.8685],[104.47342,-1.86827],[104.47288,-1.86875],[104.47234,-1.86866],[104.47245,-1.86823],[104.47149,-1.86741],[104.47219,-1.8666],[104.47208,-1.86633],[104.47099,-1.86649],[104.47064,-1.86592]],[[104.47422,-1.88749],[104.47584,-1.88688],[104.47727,-1.8856],[104.47873,-1.88017],[104.47825,-1.87529],[104.47764,-1.87284],[104.47703,-1.87203],[104.47722,-1.87176],[104.47558,-1.87031],[104.47342,-1.87096]],[[104.46262,-1.90745],[104.46417,-1.90677],[104.46721,-1.90634],[104.47044,-1.90537],[104.47356,-1.90351],[104.47649,-1.90053],[104.47773,-1.89743],[104.47809,-1.89483],[104.47881,-1.8932],[104.4787,-1.89184],[104.47827,-1.89049],[104.47763,-1.88967],[104.4753,-1.88808],[104.47449,-1.88809]],[[104.46455,-1.92604],[104.46462,-1.92332],[104.46368,-1.91884]],[[104.46464,-1.91233],[104.46505,-1.90938],[104.4637,-1.90931],[104.46289,-1.90979]],[[104.49683,-1.94803],[104.4961,-1.94016],[104.49689,-1.93365],[104.49636,-1.93066],[104.4939,-1.92443],[104.49236,-1.92224],[104.49179,-1.92062],[104.4908,-1.91899],[104.48845,-1.91682],[104.48804,-1.91546],[104.48689,-1.91426],[104.48581,-1.91347],[104.48285,-1.91229],[104.48069,-1.91208],[104.47961,-1.91255],[104.47826,-1.91242],[104.47583,-1.91362],[104.4753,-1.9135],[104.47476,-1.91289],[104.47287,-1.91277],[104.47287,-1.91218],[104.47233,-1.91247],[104.47031,-1.91627],[104.46874,-1.92278],[104.46829,-1.92631]],[[104.51901,-1.92619],[104.51891,-1.92619]],[[104.51859,-1.92606],[104.51629,-1.92522],[104.51548,-1.92536],[104.5136,-1.92494],[104.51279,-1.92552],[104.51204,-1.92714],[104.5113,-1.92755]],[[104.50672,-1.92942],[104.50668,-1.92944]],[[104.50645,-1.92968],[104.50631,-1.92998]],[[104.50618,-1.9303],[104.50618,-1.93054]],[[104.50618,-1.93079],[104.50573,-1.93148],[104.50563,-1.9331],[104.50509,-1.93446],[104.50287,-1.9369],[104.50224,-1.93718],[104.50133,-1.9388],[104.50061,-1.94233],[104.50083,-1.94722]],[[104.65373,-1.96384],[104.65081,-1.9653]],[[104.6459,-1.9676],[104.6457,-1.96775]],[[104.64158,-1.96957],[104.64143,-1.96964]],[[104.64131,-1.96972],[104.63902,-1.97108],[104.63794,-1.9727],[104.63735,-1.97263]],[[104.63457,-1.97463],[104.62999,-1.97928],[104.62957,-1.98036],[104.62969,-1.98104]],[[104.617,-1.98077],[104.61676,-1.97716]],[[104.61463,-1.96991],[104.61353,-1.96901]],[[104.60977,-1.96502],[104.60952,-1.96407],[104.60921,-1.96396]],[[104.62228,-1.99461],[104.61889,-1.99787]],[[104.57198,-1.99853],[104.57548,-1.99929]],[[104.58277,-2.00095],[104.58332,-2.00111]],[[104.58384,-2.00123],[104.58441,-2.00139]],[[104.58465,-2.00144],[104.5887,-2.00227]],[[104.60906,-1.99623],[104.6092,-1.99604]],[[104.5728,-2.00247],[104.57198,-2.002]],[[104.59787,-2.00829],[104.59585,-2.00836],[104.59531,-2.00868],[104.59369,-2.00812],[104.58964,-2.0081],[104.58838,-2.00763]]]}},{"id":"11","type":"Feature","properties":{"year":1991,"certainty":"unstable data"},"geometry":{"type":"MultiLineString","coordinates":[[[104.6397,-1.9364],[104.6401,-1.9365],[104.64147,-1.93585],[104.64273,-1.93409]],[[104.64354,-1.92893],[104.64375,-1.9281]],[[104.64384,-1.92785],[104.64457,-1.925],[104.64443,-1.92215]]]}},{"id":"12","type":"Feature","properties":{"year":1991,"certainty":"insufficient data"},"geometry":{"type":"MultiLineString","coordinates":[[[104.46704,-1.86334],[104.46843,-1.86234]],[[104.60638,-1.96322],[104.60777,-1.96244],[104.60933,-1.95973],[104.6107,-1.95839],[104.61228,-1.95756],[104.61258,-1.9565],[104.61312,-1.95724],[104.61366,-1.95715],[104.61596,-1.95523]],[[104.5975,-1.87545],[104.5975,-1.87545]],[[104.59664,-1.87573],[104.59655,-1.87564]],[[104.59631,-1.87545],[104.59089,-1.87124]],[[104.52088,-1.92402],[104.52101,-1.9242]],[[104.52107,-1.92429],[104.52223,-1.92544]],[[104.47064,-1.86592],[104.47018,-1.86509],[104.46803,-1.86555]],[[104.46368,-1.91884],[104.46355,-1.91627],[104.46464,-1.91233]],[[104.52151,-1.9266],[104.5198,-1.92596],[104.51901,-1.92619]],[[104.51891,-1.92619],[104.51859,-1.92606]],[[104.5113,-1.92755],[104.50874,-1.92819],[104.50739,-1.92926],[104.50672,-1.92942]],[[104.50668,-1.92944],[104.50645,-1.92968]],[[104.50631,-1.92998],[104.50618,-1.9303]],[[104.50618,-1.93054],[104.50618,-1.93079]],[[104.65081,-1.9653],[104.64738,-1.96663],[104.6459,-1.9676]],[[104.6457,-1.96775],[104.64495,-1.96839],[104.64158,-1.96957]],[[104.64143,-1.96964],[104.64131,-1.96972]],[[104.63735,-1.97263],[104.63686,-1.97325],[104.63632,-1.9731],[104.63578,-1.97347],[104.63457,-1.97463]],[[104.62969,-1.98104],[104.63011,-1.98206],[104.63119,-1.98319]],[[104.61177,-1.98616],[104.61366,-1.98707],[104.61528,-1.98649],[104.61654,-1.98443],[104.617,-1.98077]],[[104.61676,-1.97716],[104.61658,-1.97602],[104.61691,-1.97357],[104.61463,-1.96991]],[[104.61353,-1.96901],[104.61135,-1.96733],[104.60977,-1.96502]],[[104.60921,-1.96396],[104.60719,-1.96506]],[[104.63065,-1.98433],[104.62876,-1.98311],[104.62823,-1.98335],[104.6253,-1.9904],[104.62445,-1.99198],[104.62228,-1.99461]],[[104.61889,-1.99787],[104.61789,-1.9999],[104.61635,-2.00088],[104.6145,-2.00289],[104.61321,-2.00343],[104.61257,-2.00485],[104.60691,-2.00777],[104.60286,-2.0081],[104.60245,-2.00913],[104.60342,-2.01048]],[[104.57184,-1.99855],[104.57198,-1.99853]],[[104.57548,-1.99929],[104.58277,-2.00095]],[[104.58332,-2.00111],[104.58384,-2.00123]],[[104.58441,-2.00139],[104.58465,-2.00144]],[[104.5887,-2.00227],[104.59936,-2.00204],[104.60259,-2.00146],[104.60529,-2.00029],[104.60724,-1.99854],[104.60906,-1.99623]],[[104.6092,-1.99604],[104.61248,-1.98959],[104.61216,-1.9885],[104.61081,-1.98769]],[[104.57844,-2.0083],[104.57879,-2.00586],[104.57562,-2.00453],[104.5728,-2.00247]],[[104.57198,-2.002],[104.57103,-2.00177]],[[104.60313,-2.01077],[104.60124,-2.00919],[104.59989,-2.00888],[104.59935,-2.00841],[104.59787,-2.00829]],[[104.58838,-2.00763],[104.58479,-2.00606],[104.58263,-2.00563],[104.58206,-2.00586],[104.58177,-2.00641],[104.58143,-2.00858]]]}},{"id":"13","type":"Feature","properties":{"year":1991,"certainty":"good"},"geometry":{"type":"MultiLineString","coordinates":[[[104.52592,-1.71012],[104.52539,-1.70947],[104.52552,-1.70866],[104.52498,-1.70798]],[[104.52272,-1.70445],[104.52269,-1.70442]],[[104.52249,-1.70418],[104.52228,-1.70376],[104.52202,-1.70388],[104.52094,-1.70089],[104.52067,-1.70088],[104.52013,-1.69967],[104.51961,-1.69943],[104.51959,-1.69861],[104.51878,-1.69792],[104.51716,-1.69473],[104.51662,-1.69402],[104.51635,-1.69409],[104.51501,-1.69136],[104.51312,-1.68898],[104.51231,-1.68869],[104.51217,-1.68776],[104.51042,-1.68526],[104.50711,-1.68124],[104.50644,-1.67988],[104.50557,-1.67929],[104.50638,-1.68105],[104.50818,-1.6826],[104.50773,-1.68302],[104.5081,-1.68341],[104.508,-1.68379],[104.50633,-1.68205],[104.50384,-1.68043],[104.50331,-1.67961],[104.50341,-1.67915],[104.50206,-1.6791],[104.50096,-1.67947]],[[104.50035,-1.67947],[104.50066,-1.67825],[104.50048,-1.67744],[104.49897,-1.67554],[104.49722,-1.67147],[104.4963,-1.67011],[104.49613,-1.66921],[104.49521,-1.66794],[104.49317,-1.66267],[104.49118,-1.65979],[104.49157,-1.65952],[104.49047,-1.65814],[104.4902,-1.65816],[104.48969,-1.65654],[104.48643,-1.65201],[104.48556,-1.65138],[104.48571,-1.65084],[104.48406,-1.64867],[104.48161,-1.64242],[104.48008,-1.63971],[104.48023,-1.63932],[104.47773,-1.63482],[104.47758,-1.63374],[104.47642,-1.63238],[104.47237,-1.62464]],[[104.47227,-1.62446],[104.47217,-1.62437]],[[104.46941,-1.61677],[104.46909,-1.61636],[104.46928,-1.61609],[104.46903,-1.61528],[104.46848,-1.61501],[104.46829,-1.61351]],[[104.4649,-1.60429],[104.46395,-1.60279],[104.46342,-1.60116],[104.46355,-1.60008],[104.46252,-1.59818],[104.46237,-1.59682],[104.4613,-1.59438],[104.46163,-1.59434],[104.46148,-1.5937]],[[104.46018,-1.58746],[104.46015,-1.58742]],[[104.46004,-1.58719],[104.46003,-1.58624],[104.45964,-1.58542],[104.45959,-1.58298],[104.45907,-1.58197]],[[104.45598,-1.5728],[104.45597,-1.57122],[104.4557,-1.57068],[104.45505,-1.57049],[104.45522,-1.56914],[104.45489,-1.5675],[104.45458,-1.56724],[104.45464,-1.56642],[104.45389,-1.56615],[104.45491,-1.56452],[104.45436,-1.56457],[104.45341,-1.56339]],[[104.45332,-1.5633],[104.45322,-1.5633]],[[104.45287,-1.56186],[104.45355,-1.56182],[104.45382,-1.56216],[104.45452,-1.56181],[104.45339,-1.56045],[104.45382,-1.55952],[104.45384,-1.55855],[104.45354,-1.55801],[104.45383,-1.55638],[104.45356,-1.55584],[104.45394,-1.55448],[104.45344,-1.55421],[104.45343,-1.55339],[104.45296,-1.55285],[104.45382,-1.55258],[104.45322,-1.55122],[104.45361,-1.55095],[104.45315,-1.55014],[104.45355,-1.54945],[104.45307,-1.54905],[104.45335,-1.54851],[104.45274,-1.54797],[104.45309,-1.54769],[104.45254,-1.54661],[104.4525,-1.54607],[104.4529,-1.54552],[104.45274,-1.5453],[104.45247,-1.5457],[104.45223,-1.54552],[104.45242,-1.54498],[104.4522,-1.54469],[104.45247,-1.54426],[104.45307,-1.54444],[104.45293,-1.54389],[104.45328,-1.54362],[104.45171,-1.54227],[104.45198,-1.54172],[104.4514,-1.54079],[104.45086,-1.54154],[104.45053,-1.54118],[104.45092,-1.54091],[104.45005,-1.53869],[104.44957,-1.53847],[104.44684,-1.53032],[104.44569,-1.52842],[104.44466,-1.52584],[104.44497,-1.52408],[104.44412,-1.52055],[104.44414,-1.51919],[104.44353,-1.51865],[104.44361,-1.51784],[104.44304,-1.51561],[104.4425,-1.5146],[104.4419,-1.51431],[104.4425,-1.5138],[104.44304,-1.51378],[104.44264,-1.51268],[104.44292,-1.51214],[104.44277,-1.5117],[104.44223,-1.51207],[104.4415,-1.51132],[104.44134,-1.50969],[104.44178,-1.50888],[104.44169,-1.50826],[104.4413,-1.50915],[104.44058,-1.50888],[104.44045,-1.50752],[104.44062,-1.50723],[104.44116,-1.50848],[104.4414,-1.50834],[104.44124,-1.50807],[104.44172,-1.5078],[104.44146,-1.50752],[104.44182,-1.50671],[104.44119,-1.50535],[104.44091,-1.50074],[104.4405,-1.5002],[104.4402,-1.49612],[104.44051,-1.49151],[104.44092,-1.4907],[104.44044,-1.4888],[104.44072,-1.48147],[104.44131,-1.47957],[104.44199,-1.47875],[104.44187,-1.47821],[104.44275,-1.47577],[104.44263,-1.47468],[104.44309,-1.47414],[104.44324,-1.4717],[104.44364,-1.47143],[104.44347,-1.47088],[104.44418,-1.46953],[104.44435,-1.4679],[104.44495,-1.46709],[104.44529,-1.46491],[104.44579,-1.46383],[104.44559,-1.46193],[104.44694,-1.45894],[104.44659,-1.4584],[104.44747,-1.45704],[104.44728,-1.45542],[104.44764,-1.45469],[104.44769,-1.45514],[104.44819,-1.45514],[104.44769,-1.4546],[104.44773,-1.45379],[104.44847,-1.45297],[104.44881,-1.45162],[104.44981,-1.44999],[104.44955,-1.44782],[104.44908,-1.44754],[104.44953,-1.447],[104.44949,-1.44592],[104.44831,-1.4451],[104.44872,-1.44491],[104.44899,-1.44519],[104.44926,-1.44485],[104.44974,-1.44537],[104.44965,-1.44619],[104.45088,-1.44724],[104.45074,-1.44619],[104.45134,-1.44402],[104.45172,-1.44402],[104.45189,-1.44293],[104.45226,-1.44266],[104.45305,-1.44049],[104.45287,-1.43805],[104.45342,-1.43723],[104.45308,-1.43615],[104.4533,-1.4337],[104.45299,-1.43343],[104.45332,-1.43235],[104.4526,-1.43126],[104.45304,-1.43091],[104.45331,-1.43119],[104.45369,-1.43072],[104.45299,-1.42936],[104.4536,-1.42855],[104.45304,-1.42853],[104.45288,-1.428],[104.45331,-1.42809],[104.45331,-1.4273],[104.45412,-1.42801],[104.45466,-1.42727],[104.45536,-1.42719],[104.4552,-1.42637],[104.45628,-1.42725],[104.45703,-1.42746],[104.45709,-1.42611],[104.45666,-1.42583],[104.4573,-1.42475],[104.45741,-1.42176],[104.45851,-1.41579],[104.45847,-1.41118],[104.45791,-1.40602],[104.45742,-1.40494],[104.45723,-1.40168],[104.45602,-1.39357],[104.45474,-1.38974],[104.45403,-1.38567],[104.45423,-1.38512],[104.45307,-1.37264],[104.45386,-1.37169],[104.45426,-1.3702],[104.45413,-1.36941],[104.45363,-1.36938],[104.45326,-1.36857],[104.45332,-1.36699],[104.45359,-1.36697],[104.45359,-1.3664],[104.45427,-1.3664],[104.45413,-1.36813],[104.4544,-1.3673],[104.45494,-1.36757],[104.45488,-1.36667],[104.45548,-1.36666],[104.45548,-1.36586],[104.45575,-1.3656],[104.45602,-1.36616],[104.45615,-1.36585],[104.45672,-1.35669]],[[104.44196,-1.51247],[104.44223,-1.51246],[104.44265,-1.51322],[104.44223,-1.51396],[104.44205,-1.51349]],[[104.45457,-1.56262],[104.4549,-1.56237],[104.4549,-1.56198],[104.454,-1.56262],[104.45457,-1.56262]],[[104.50473,-1.80337],[104.50904,-1.80664],[104.51066,-1.80712],[104.51174,-1.807],[104.51633,-1.80509],[104.5174,-1.80397],[104.51794,-1.80407],[104.51875,-1.80363],[104.5201,-1.804],[104.52077,-1.80311],[104.52172,-1.80294],[104.5228,-1.8018],[104.52469,-1.80177],[104.5255,-1.80071],[104.52631,-1.8002],[104.53008,-1.80071],[104.53143,-1.80044],[104.53609,-1.79632],[104.53878,-1.79171],[104.54052,-1.78954],[104.54032,-1.78927],[104.5406,-1.78843],[104.54141,-1.7882],[104.54141,-1.78753],[104.54185,-1.78683],[104.54139,-1.78655],[104.54168,-1.78584],[104.54196,-1.78601],[104.54184,-1.78466],[104.543,-1.78248],[104.54343,-1.78221],[104.54357,-1.78013],[104.54387,-1.78031],[104.54381,-1.78086],[104.54465,-1.78105],[104.54485,-1.78086],[104.54446,-1.78058],[104.54546,-1.77997],[104.54493,-1.78058],[104.54574,-1.78167],[104.54557,-1.78113],[104.54579,-1.78086],[104.54527,-1.78086],[104.54603,-1.78004],[104.54454,-1.77733],[104.54465,-1.7769],[104.54509,-1.77733],[104.54544,-1.77733],[104.54486,-1.77679],[104.54534,-1.77597],[104.54472,-1.77434],[104.54501,-1.77271],[104.54474,-1.77244],[104.54415,-1.76837],[104.54285,-1.76349],[104.54253,-1.75887],[104.54215,-1.75806],[104.54223,-1.75579],[104.54019,-1.75181],[104.53799,-1.74598]],[[104.53553,-1.73539],[104.53318,-1.72996]],[[104.54446,-1.78194],[104.54417,-1.78167],[104.54477,-1.7814],[104.54438,-1.78119],[104.54407,-1.78167],[104.54438,-1.78221],[104.54446,-1.78194]],[[104.54285,-1.7852],[104.54337,-1.78411],[104.5433,-1.78333],[104.54237,-1.78493],[104.54249,-1.78532],[104.54285,-1.7852]],[[104.54392,-1.78547],[104.54441,-1.78466],[104.54392,-1.78466],[104.54411,-1.7837],[104.54344,-1.78493],[104.54384,-1.78572],[104.54392,-1.78547]],[[104.5442,-1.7871],[104.54448,-1.78683],[104.54413,-1.78656],[104.54438,-1.78601],[104.54384,-1.78575],[104.54342,-1.78628],[104.54357,-1.78666],[104.54411,-1.78664],[104.54411,-1.78729],[104.5442,-1.7871]],[[104.54304,-1.7871],[104.54327,-1.78683],[104.54303,-1.78634],[104.54276,-1.78729],[104.54304,-1.7871]],[[104.54234,-1.78818],[104.5426,-1.78791],[104.54249,-1.78755],[104.54222,-1.78829],[104.54234,-1.78818]],[[104.50397,-1.80904],[104.50422,-1.80582],[104.50311,-1.80455]]]}},{"id":"14","type":"Feature","properties":{"year":1992,"certainty":"good"},"geometry":{"type":"MultiLineString","coordinates":[[[104.52147,-1.7149],[104.5239,-1.7143],[104.52457,-1.71381],[104.52741,-1.7111],[104.52763,-1.71001],[104.52687,-1.70951],[104.5266,-1.70985],[104.52587,-1.7092],[104.52229,-1.7032],[104.52202,-1.70388],[104.52143,-1.70268],[104.52172,-1.70187],[104.52122,-1.6997],[104.51976,-1.69807],[104.51992,-1.6978],[104.51797,-1.6959],[104.51688,-1.694],[104.51573,-1.69346],[104.51547,-1.69264],[104.51581,-1.69265],[104.51584,-1.69237],[104.51395,-1.68966],[104.51339,-1.68939],[104.51312,-1.68971],[104.51258,-1.68956],[104.51236,-1.68911],[104.51288,-1.6883],[104.51177,-1.68698],[104.51133,-1.68694],[104.51096,-1.68629],[104.51042,-1.68605],[104.50926,-1.68395],[104.50746,-1.68205],[104.50771,-1.6826],[104.50746,-1.6831],[104.50624,-1.68291]],[[104.50612,-1.68273],[104.50603,-1.68273]],[[104.50472,-1.68273],[104.50163,-1.68002]],[[104.50193,-1.67983],[104.50247,-1.67975]],[[104.50274,-1.67967],[104.50285,-1.67947]],[[104.50058,-1.67968],[104.50028,-1.67947]],[[104.49638,-1.67025],[104.49561,-1.66794],[104.49523,-1.66767],[104.49559,-1.66698],[104.49532,-1.66673],[104.49476,-1.66685],[104.49336,-1.66414],[104.49271,-1.66359],[104.4918,-1.66142],[104.49183,-1.66061],[104.49155,-1.66073],[104.49114,-1.66034],[104.49161,-1.66007],[104.4902,-1.6586],[104.49024,-1.65789],[104.48993,-1.65798],[104.48893,-1.65518],[104.48777,-1.65408],[104.48751,-1.65274],[104.48556,-1.65029],[104.48423,-1.64717]],[[104.48414,-1.64705],[104.48408,-1.6469]],[[104.48171,-1.64249],[104.48104,-1.64135],[104.47996,-1.64137],[104.47983,-1.64106],[104.4805,-1.64094],[104.48104,-1.64132],[104.48111,-1.64107],[104.48019,-1.63971],[104.48023,-1.63915],[104.47901,-1.63727],[104.47882,-1.63645],[104.47735,-1.63455],[104.47677,-1.63292],[104.47618,-1.63254],[104.47335,-1.62559],[104.47295,-1.62527],[104.47268,-1.62548],[104.47201,-1.62459]],[[104.46723,-1.61596],[104.46675,-1.61357],[104.46756,-1.61357],[104.46811,-1.61311],[104.4679,-1.61284],[104.46814,-1.61256],[104.46776,-1.61229],[104.46795,-1.61202],[104.46711,-1.61148],[104.4675,-1.61121],[104.46711,-1.61066],[104.46732,-1.61012],[104.46665,-1.60958],[104.46637,-1.60795],[104.46594,-1.60728],[104.46566,-1.60741],[104.46567,-1.60666],[104.46598,-1.60686],[104.46521,-1.60551],[104.4651,-1.60415],[104.46432,-1.60401],[104.46298,-1.60491],[104.46271,-1.6039],[104.4633,-1.60415],[104.4629,-1.60388],[104.46289,-1.60306],[104.46232,-1.60225],[104.46254,-1.60144],[104.46212,-1.60116],[104.46241,-1.60089],[104.46209,-1.60062],[104.4619,-1.5992],[104.46082,-1.59946],[104.46049,-1.59899],[104.46071,-1.59818],[104.46043,-1.59736],[104.46092,-1.59628],[104.46055,-1.59585],[104.46028,-1.596],[104.46001,-1.59549],[104.45913,-1.59221],[104.4592,-1.59192],[104.45982,-1.59194],[104.45941,-1.59166],[104.45974,-1.59136],[104.46109,-1.59181],[104.46165,-1.59139],[104.46082,-1.59114],[104.46075,-1.59085],[104.46109,-1.59054],[104.46136,-1.59108],[104.46163,-1.59036],[104.4619,-1.59073],[104.46172,-1.59031],[104.46195,-1.59004],[104.46136,-1.59052],[104.46112,-1.59031],[104.46134,-1.59004],[104.4607,-1.58976],[104.46096,-1.58949],[104.46082,-1.58902],[104.45974,-1.58907],[104.45974,-1.58853],[104.46086,-1.58786],[104.46055,-1.58771],[104.46001,-1.58836],[104.45974,-1.58817],[104.45866,-1.5895],[104.45832,-1.58922],[104.45801,-1.58786],[104.4586,-1.58759],[104.45866,-1.5872],[104.45896,-1.58732],[104.45895,-1.58705],[104.45782,-1.58651],[104.45813,-1.58618],[104.4592,-1.58664],[104.45982,-1.58624],[104.45947,-1.5864],[104.45905,-1.58542],[104.45954,-1.58488],[104.4593,-1.58461],[104.45947,-1.5842]],[[104.4561,-1.58089],[104.4561,-1.58078]],[[104.45617,-1.58067],[104.456,-1.57836],[104.45624,-1.57811],[104.45673,-1.57836],[104.45635,-1.57809],[104.45656,-1.57782],[104.45624,-1.57717],[104.45538,-1.57755],[104.45514,-1.57592],[104.4541,-1.57294],[104.45498,-1.57239],[104.45432,-1.57131],[104.45433,-1.57104],[104.45497,-1.57076],[104.45475,-1.56995],[104.45522,-1.56995],[104.455,-1.56941],[104.45545,-1.56859],[104.45516,-1.56869],[104.45491,-1.56832],[104.4549,-1.56751],[104.45518,-1.56724],[104.45462,-1.56738],[104.45465,-1.56642],[104.45389,-1.56615],[104.45442,-1.56506],[104.45409,-1.56495],[104.45328,-1.56575],[104.45269,-1.56588],[104.4522,-1.56488],[104.45166,-1.56453],[104.45153,-1.56289],[104.45166,-1.56189],[104.45214,-1.56181],[104.45273,-1.56099],[104.45221,-1.55964],[104.45247,-1.55912],[104.45257,-1.55991],[104.45299,-1.56018],[104.45288,-1.56072],[104.45382,-1.5616],[104.45463,-1.56192],[104.4549,-1.56167],[104.45517,-1.56195],[104.45554,-1.56181],[104.45474,-1.56127],[104.45503,-1.56099],[104.45503,-1.55991],[104.45396,-1.55964],[104.45466,-1.55909],[104.45425,-1.55855],[104.45436,-1.55778],[104.4549,-1.55873],[104.45519,-1.55828],[104.45533,-1.55719],[104.45494,-1.55611],[104.45436,-1.55572],[104.4533,-1.55665],[104.4522,-1.55916],[104.45145,-1.55502],[104.45109,-1.55448],[104.45112,-1.55278],[104.45139,-1.55231],[104.45193,-1.55248],[104.45263,-1.55204],[104.45311,-1.55014],[104.45358,-1.54959],[104.45328,-1.54943],[104.45274,-1.5501],[104.4522,-1.5501],[104.4522,-1.55078],[104.45166,-1.55031],[104.45134,-1.55095],[104.45112,-1.54987],[104.45145,-1.54905],[104.45098,-1.54634],[104.45143,-1.54525],[104.45112,-1.5455],[104.45085,-1.54417],[104.45139,-1.54366],[104.45193,-1.54405],[104.4522,-1.54375],[104.45328,-1.54394],[104.45366,-1.54607],[104.45418,-1.54661],[104.45397,-1.54688],[104.45436,-1.54738],[104.45468,-1.54715],[104.45397,-1.54498],[104.4542,-1.54417],[104.45355,-1.54323],[104.45274,-1.54321],[104.45267,-1.54254],[104.45113,-1.54172],[104.45093,-1.53928],[104.45015,-1.53874],[104.45066,-1.53819],[104.45005,-1.53863],[104.4499,-1.53819],[104.44951,-1.53841],[104.44918,-1.53819],[104.44681,-1.53114],[104.44654,-1.53151],[104.4462,-1.53005],[104.44579,-1.52964]],[[104.44425,-1.5237],[104.44403,-1.52191],[104.44328,-1.52082],[104.44354,-1.51947],[104.44304,-1.51904],[104.4427,-1.51757],[104.44198,-1.51729],[104.44169,-1.51683],[104.44203,-1.51621],[104.44169,-1.51639],[104.44081,-1.51594],[104.44056,-1.51512],[104.44088,-1.51485],[104.4407,-1.51377],[104.44001,-1.51349],[104.43926,-1.51024],[104.43944,-1.50997],[104.439,-1.50955],[104.43896,-1.50874]],[[104.43887,-1.50467],[104.43883,-1.50209],[104.43832,-1.50155],[104.43836,-1.50047],[104.43927,-1.5004],[104.43883,-1.50074],[104.439,-1.5011],[104.43954,-1.50082],[104.44008,-1.50118],[104.44067,-1.50074],[104.44052,-1.50047],[104.44131,-1.49911],[104.44099,-1.4983],[104.44116,-1.4979],[104.44056,-1.49748],[104.44104,-1.49694],[104.44104,-1.4964],[104.44008,-1.49593],[104.43846,-1.49601],[104.43859,-1.49477],[104.43817,-1.4945],[104.43835,-1.49205],[104.43812,-1.49015],[104.43869,-1.4888],[104.43849,-1.48744],[104.43875,-1.48717],[104.43819,-1.48721],[104.43855,-1.48662],[104.43824,-1.48635],[104.43879,-1.48445],[104.43871,-1.48337],[104.43943,-1.48283],[104.43927,-1.48237],[104.43976,-1.48255],[104.43962,-1.48283],[104.44008,-1.48317],[104.44089,-1.48339],[104.44148,-1.48337],[104.4417,-1.48283],[104.44153,-1.48228],[104.44116,-1.48243],[104.43954,-1.48192],[104.439,-1.48147],[104.43927,-1.4793],[104.43954,-1.47814],[104.44008,-1.4776],[104.43996,-1.47875],[104.44008,-1.47905],[104.44035,-1.47893],[104.44046,-1.47957],[104.44023,-1.47984],[104.44144,-1.48174],[104.44154,-1.48065],[104.44198,-1.48011],[104.44159,-1.47984],[104.44224,-1.47925],[104.44224,-1.47821],[104.44289,-1.47794],[104.44246,-1.47767],[104.44308,-1.4774],[104.44266,-1.47713],[104.44309,-1.47658],[104.44265,-1.47577],[104.44342,-1.47523],[104.44346,-1.47464]],[[104.4455,-1.46939],[104.44518,-1.46871],[104.44569,-1.46654],[104.44486,-1.46627],[104.44454,-1.46519],[104.4433,-1.4641],[104.44359,-1.46161],[104.44471,-1.45921],[104.44434,-1.4584],[104.44472,-1.45813],[104.44467,-1.45622],[104.44573,-1.45189],[104.44764,-1.44603],[104.44948,-1.44673],[104.44899,-1.44755],[104.4498,-1.44728],[104.4501,-1.447],[104.4502,-1.44565],[104.45131,-1.44429],[104.45084,-1.4432],[104.45106,-1.44266],[104.45169,-1.44257],[104.45237,-1.44185],[104.45253,-1.44103],[104.45216,-1.43995],[104.45262,-1.43913],[104.452,-1.43859],[104.45269,-1.43832],[104.45286,-1.43669],[104.45342,-1.43588],[104.45298,-1.43533],[104.45344,-1.43506],[104.45363,-1.43316],[104.45401,-1.43262],[104.45277,-1.4318],[104.4526,-1.43126],[104.45304,-1.43091],[104.45404,-1.4318],[104.45412,-1.43227],[104.45428,-1.4318],[104.45466,-1.43174],[104.45601,-1.43224],[104.45665,-1.43099],[104.4563,-1.43045],[104.45644,-1.42991],[104.45595,-1.42963],[104.45601,-1.42878],[104.45533,-1.42855],[104.4552,-1.42805],[104.45493,-1.42841],[104.45447,-1.42801],[104.45466,-1.42775],[104.45493,-1.42798],[104.45574,-1.42686],[104.45655,-1.42753],[104.45724,-1.42665],[104.45655,-1.4261],[104.45597,-1.42638],[104.45601,-1.42573],[104.4552,-1.42531],[104.45477,-1.42556],[104.45601,-1.42451],[104.45682,-1.42118],[104.45742,-1.42041],[104.45709,-1.42006],[104.45776,-1.41824],[104.45805,-1.41444],[104.45773,-1.40792],[104.45668,-1.39897],[104.45526,-1.39218],[104.45344,-1.38702],[104.45321,-1.38105],[104.45355,-1.38024],[104.4532,-1.37915],[104.45353,-1.37834],[104.45285,-1.37386]],[[104.45508,-1.36387],[104.45548,-1.36368],[104.45575,-1.36391],[104.45597,-1.36341],[104.45572,-1.36287],[104.45621,-1.35961],[104.4562,-1.3569],[104.4566,-1.35669]],[[104.45442,-1.55475],[104.45409,-1.5541],[104.45339,-1.55448],[104.45436,-1.55486],[104.45442,-1.55475]],[[104.45605,-1.57076],[104.45597,-1.57049],[104.4557,-1.57006],[104.45561,-1.57076],[104.45605,-1.57076]],[[104.50598,-1.6807],[104.50574,-1.68043],[104.50601,-1.68015],[104.50557,-1.68002],[104.50549,-1.68043],[104.50598,-1.6807]],[[104.50473,-1.80332],[104.50931,-1.80672],[104.51066,-1.80708],[104.51174,-1.80698],[104.51642,-1.805],[104.51713,-1.80399],[104.51794,-1.804],[104.51848,-1.80361],[104.5201,-1.80398],[104.52076,-1.80311],[104.52172,-1.80289],[104.5228,-1.80177],[104.52469,-1.80172],[104.52604,-1.80023],[104.53008,-1.80062],[104.53089,-1.80043],[104.53525,-1.79687],[104.53613,-1.79578],[104.53872,-1.79159],[104.53961,-1.79063],[104.53995,-1.78981],[104.5398,-1.78959],[104.53926,-1.79004],[104.53906,-1.78954],[104.54022,-1.78927],[104.54046,-1.78845],[104.54001,-1.78791],[104.54034,-1.78772],[104.54114,-1.78815],[104.54141,-1.78809],[104.54114,-1.78751],[104.5406,-1.78783],[104.53995,-1.7871],[104.54045,-1.78601],[104.54127,-1.7852],[104.54147,-1.78384],[104.54253,-1.78357],[104.54303,-1.78243],[104.54334,-1.78276],[104.54266,-1.78411],[104.54303,-1.7846],[104.54411,-1.78335],[104.54462,-1.78357],[104.54415,-1.78438],[104.5438,-1.78438],[104.54357,-1.78533],[104.54384,-1.78573],[104.54411,-1.78513],[104.54492,-1.78517],[104.54419,-1.78547],[104.5453,-1.78574],[104.54492,-1.78605],[104.54411,-1.78574],[104.54411,-1.78713],[104.54576,-1.78574],[104.5453,-1.78493],[104.54573,-1.78405],[104.546,-1.78432],[104.5463,-1.78384],[104.54627,-1.78315],[104.54599,-1.78303],[104.54631,-1.78221],[104.54586,-1.78113],[104.54611,-1.78086],[104.54565,-1.78031],[104.54587,-1.78004],[104.54556,-1.77896],[104.54481,-1.77787],[104.54492,-1.77743],[104.5456,-1.77733],[104.54494,-1.77706],[104.54601,-1.77651],[104.5454,-1.7757],[104.54374,-1.76701],[104.54306,-1.76539],[104.54253,-1.75887],[104.54226,-1.7586],[104.54244,-1.75507],[104.54163,-1.75371],[104.54088,-1.75326],[104.53762,-1.74503],[104.53803,-1.74394],[104.53795,-1.74123],[104.53588,-1.73716],[104.53349,-1.73119],[104.53178,-1.72657],[104.5318,-1.72521],[104.53139,-1.72494],[104.53145,-1.72462],[104.53091,-1.72519],[104.53066,-1.72494],[104.53064,-1.72443],[104.53098,-1.7244],[104.53079,-1.72386],[104.53037,-1.72346],[104.53012,-1.72359],[104.53077,-1.72413],[104.53037,-1.72437],[104.52798,-1.72033],[104.52772,-1.71924],[104.52444,-1.71541],[104.5239,-1.7151],[104.52185,-1.71544]],[[104.50399,-1.80904],[104.50425,-1.80582],[104.50311,-1.80453]]]}},{"id":"15","type":"Feature","properties":{"year":1992,"certainty":"insufficient data"},"geometry":{"type":"MultiLineString","coordinates":[[[104.54086,-1.86676],[104.54056,-1.86811]],[[104.53856,-1.87526],[104.53785,-1.87612],[104.5372,-1.87802],[104.53612,-1.87937],[104.53564,-1.88155],[104.53398,-1.88345],[104.53411,-1.8847],[104.53275,-1.88453],[104.53332,-1.88548]],[[104.52803,-1.90014],[104.52676,-1.90326],[104.52613,-1.9076],[104.525,-1.90963]],[[104.52092,-1.9213],[104.52071,-1.92361],[104.52223,-1.92544]],[[104.46461,-1.92604],[104.46464,-1.92419]],[[104.46464,-1.9241],[104.46465,-1.924]],[[104.46866,-1.924],[104.46834,-1.92631]],[[104.52169,-1.92648],[104.52101,-1.92622]],[[104.51119,-1.92754],[104.50847,-1.92826],[104.50645,-1.92964]],[[104.5063,-1.92998],[104.50618,-1.93082]],[[104.65081,-1.9653],[104.64738,-1.96662],[104.64495,-1.96832],[104.64118,-1.96964],[104.63861,-1.97152]],[[104.63733,-1.97263],[104.63686,-1.97323],[104.63605,-1.97318],[104.63497,-1.97411],[104.62994,-1.97928],[104.62959,-1.98036],[104.62998,-1.98199],[104.63119,-1.98325]],[[104.61177,-1.98617],[104.61393,-1.98709],[104.61501,-1.98674],[104.61646,-1.98497],[104.61714,-1.98239]],[[104.61721,-1.98131],[104.61675,-1.97656],[104.61697,-1.97357],[104.61461,-1.9695],[104.61177,-1.96757],[104.61096,-1.96624],[104.61144,-1.96597],[104.61083,-1.96543]],[[104.63065,-1.98416],[104.62876,-1.98294],[104.6281,-1.98335],[104.62741,-1.98575],[104.6266,-1.98688],[104.62472,-1.9914],[104.62256,-1.99434]],[[104.62242,-1.99449],[104.62228,-1.99461]],[[104.62109,-1.99569],[104.61884,-1.99773],[104.61743,-2.00027],[104.61554,-2.00168],[104.61446,-2.00293],[104.61338,-2.00334],[104.61257,-2.00479],[104.60691,-2.00771],[104.60434,-2.008]],[[104.60219,-2.00922],[104.59989,-2.00875],[104.59935,-2.00827],[104.59787,-2.00822]],[[104.5949,-2.00839],[104.59423,-2.00771],[104.59369,-2.0082],[104.59126,-2.00817],[104.59072,-2.00789],[104.58964,-2.00812],[104.58479,-2.00589],[104.58317,-2.00556],[104.58203,-2.00586],[104.58138,-2.00858]],[[104.57184,-1.99853],[104.58641,-2.00193],[104.5891,-2.00226],[104.58964,-2.00264],[104.59099,-2.00225],[104.60178,-2.00173],[104.60475,-2.00066],[104.60704,-1.99874]],[[104.60927,-1.99596],[104.6128,-1.98959],[104.61204,-1.98841],[104.61094,-1.98769]],[[104.57863,-2.00831],[104.57885,-2.00594],[104.57727,-2.00518]],[[104.57575,-2.00456],[104.57265,-2.00209],[104.57103,-2.00165]]]}},{"id":"16","type":"Feature","properties":{"year":1992,"certainty":"unstable data"},"geometry":{"type":"LineString","coordinates":[[104.64364,-1.92839],[104.64457,-1.925],[104.64447,-1.92215]]}},{"id":"17","type":"Feature","properties":{"year":1992,"certainty":"good"},"geometry":{"type":"MultiLineString","coordinates":[[[104.48353,-1.83214],[104.48503,-1.8332],[104.48557,-1.83325],[104.48746,-1.83127],[104.48868,-1.83078],[104.48977,-1.82779],[104.49204,-1.82424],[104.49582,-1.81999],[104.4969,-1.81817],[104.50073,-1.81504],[104.5023,-1.81318],[104.50338,-1.81144],[104.50407,-1.80907]],[[104.47262,-1.85039],[104.47612,-1.85175],[104.47774,-1.85192],[104.4802,-1.85113],[104.48119,-1.85005],[104.48214,-1.84733],[104.48297,-1.84055],[104.48368,-1.83905],[104.48471,-1.83431],[104.48303,-1.83268]],[[104.46704,-1.86334],[104.4683,-1.86251],[104.46942,-1.8609],[104.47011,-1.86063],[104.46984,-1.86009],[104.47019,-1.85938],[104.47046,-1.85992],[104.47214,-1.85873],[104.47202,-1.85737],[104.47275,-1.85602],[104.47181,-1.85556],[104.47154,-1.85575],[104.47072,-1.85574],[104.47306,-1.85493],[104.47331,-1.85276],[104.47312,-1.85222],[104.47181,-1.85141]],[[104.60638,-1.96325],[104.6079,-1.96244],[104.60935,-1.95985],[104.61085,-1.95837],[104.61231,-1.95776],[104.61258,-1.95682],[104.61312,-1.95731],[104.61366,-1.95728],[104.6169,-1.95469],[104.61933,-1.9534],[104.6203,-1.9524],[104.62189,-1.94969],[104.62338,-1.94422],[104.62634,-1.93992],[104.62662,-1.93905],[104.62769,-1.939],[104.62985,-1.9372],[104.63093,-1.93715],[104.63228,-1.93606],[104.63309,-1.93612],[104.63525,-1.93503],[104.63741,-1.93526],[104.63795,-1.93502],[104.63983,-1.93644],[104.64064,-1.93631],[104.64177,-1.93558],[104.64271,-1.93423],[104.64335,-1.93097],[104.64334,-1.93061],[104.643,-1.92988],[104.64342,-1.92988],[104.64364,-1.92839]],[[104.64447,-1.92215],[104.64359,-1.91984],[104.64213,-1.91767],[104.63121,-1.90709],[104.62905,-1.90473],[104.62905,-1.90414],[104.62837,-1.90328],[104.6277,-1.90348],[104.62719,-1.90274],[104.62598,-1.90192],[104.62541,-1.90084],[104.62421,-1.90002],[104.6247,-1.89948],[104.62453,-1.89921],[104.62333,-1.89894],[104.62285,-1.89785],[104.62224,-1.89758],[104.62233,-1.89731],[104.61356,-1.88916],[104.61287,-1.88801],[104.6126,-1.88849],[104.61206,-1.88863],[104.61098,-1.8873],[104.60872,-1.88564],[104.60814,-1.88482],[104.60693,-1.88401],[104.60667,-1.8834],[104.60575,-1.88292],[104.60478,-1.88151],[104.60289,-1.88044],[104.60181,-1.87905],[104.60154,-1.87933],[104.601,-1.87887],[104.60113,-1.87858],[104.60044,-1.87776],[104.59939,-1.87736],[104.59885,-1.87637],[104.5975,-1.87576],[104.59626,-1.87478],[104.59647,-1.8745],[104.59588,-1.87443],[104.59507,-1.8736],[104.59395,-1.87342],[104.59348,-1.8726],[104.59237,-1.87207],[104.59253,-1.87179],[104.59195,-1.87152],[104.59219,-1.87125],[104.5921,-1.87088],[104.59156,-1.87063],[104.59205,-1.87125],[104.59129,-1.87138],[104.5895,-1.87043],[104.58833,-1.86937],[104.58347,-1.86669],[104.58266,-1.86598],[104.58266,-1.86528],[104.58212,-1.86487],[104.58132,-1.86459],[104.58105,-1.86486],[104.5797,-1.86393],[104.57835,-1.86384],[104.57538,-1.86275],[104.57215,-1.86152],[104.5708,-1.86064],[104.56405,-1.85898],[104.56271,-1.85808],[104.55758,-1.85611],[104.55461,-1.85404],[104.55327,-1.85345],[104.55219,-1.85395],[104.55111,-1.85399],[104.55084,-1.85374],[104.55084,-1.85414],[104.5476,-1.85475],[104.5449,-1.8559],[104.54301,-1.85711],[104.54084,-1.85929],[104.54018,-1.86065],[104.5398,-1.86255],[104.54017,-1.86336],[104.54017,-1.86526],[104.54121,-1.86635],[104.54086,-1.86676]],[[104.54056,-1.86811],[104.53983,-1.87178],[104.53856,-1.87526]],[[104.53332,-1.88548],[104.5332,-1.88833],[104.53124,-1.89294],[104.52969,-1.89511],[104.52899,-1.8981],[104.52803,-1.90014]],[[104.525,-1.90963],[104.52275,-1.91357],[104.52292,-1.91438],[104.52358,-1.91444],[104.52547,-1.9131],[104.5257,-1.9133],[104.52407,-1.91493],[104.52246,-1.91737],[104.52092,-1.9213]],[[104.47251,-1.8704],[104.47354,-1.86904],[104.47396,-1.86766],[104.47288,-1.86821],[104.47249,-1.86796],[104.4725,-1.86633],[104.47126,-1.86579],[104.47113,-1.86497],[104.46803,-1.86539]],[[104.47422,-1.88749],[104.47584,-1.8869],[104.47718,-1.88587],[104.47773,-1.88461],[104.47881,-1.87963],[104.47841,-1.87474],[104.47741,-1.87176],[104.47666,-1.87083],[104.47558,-1.87021],[104.47341,-1.87094]],[[104.46262,-1.90746],[104.46417,-1.90677],[104.46828,-1.9061],[104.47044,-1.90535],[104.47368,-1.90333],[104.47564,-1.90161],[104.47661,-1.90026],[104.47759,-1.89781],[104.47812,-1.89483],[104.47881,-1.8932],[104.47871,-1.89157],[104.47833,-1.89049],[104.47746,-1.88938],[104.47557,-1.88818],[104.47449,-1.8881]],[[104.46464,-1.92419],[104.46464,-1.9241]],[[104.46465,-1.924],[104.46362,-1.91735],[104.46519,-1.90948],[104.4637,-1.90929],[104.46289,-1.90979]],[[104.49699,-1.94803],[104.49648,-1.94559],[104.49612,-1.94016],[104.49695,-1.93392],[104.49633,-1.93042],[104.49393,-1.92415],[104.49186,-1.92034],[104.49032,-1.91817],[104.48851,-1.91664],[104.48834,-1.91573],[104.48743,-1.91454],[104.48528,-1.9131],[104.48285,-1.91216],[104.48069,-1.91199],[104.47961,-1.91244],[104.47826,-1.91233],[104.47583,-1.91341],[104.47449,-1.91275],[104.47309,-1.91274],[104.47314,-1.91201],[104.4726,-1.91226],[104.47042,-1.916],[104.46866,-1.924]],[[104.52101,-1.92622],[104.51953,-1.92592],[104.51899,-1.92608],[104.51629,-1.92517],[104.51548,-1.9253],[104.51386,-1.92491],[104.51306,-1.92516],[104.51198,-1.92709],[104.51119,-1.92754]],[[104.50645,-1.92964],[104.5063,-1.92998]],[[104.50618,-1.93082],[104.50574,-1.93148],[104.5056,-1.93338],[104.50496,-1.93473],[104.50292,-1.9369],[104.50226,-1.93713],[104.5014,-1.93853],[104.50067,-1.94233],[104.50056,-1.94477],[104.50085,-1.94722]],[[104.64276,-1.9307],[104.6428,-1.93037],[104.64333,-1.93097],[104.64291,-1.93124],[104.643,-1.93205],[104.64249,-1.9326]],[[104.65373,-1.96384],[104.65081,-1.9653]],[[104.63861,-1.97152],[104.63821,-1.97272],[104.63733,-1.97263]],[[104.61714,-1.98239],[104.61721,-1.98131]],[[104.61083,-1.96543],[104.60935,-1.96392],[104.60719,-1.96498]],[[104.62256,-1.99434],[104.62242,-1.99449]],[[104.62228,-1.99461],[104.62109,-1.99569]],[[104.60434,-2.008],[104.60286,-2.00803],[104.60218,-2.00858],[104.60219,-2.00922]],[[104.59787,-2.00822],[104.5949,-2.00839]],[[104.60704,-1.99874],[104.60927,-1.99596]],[[104.57727,-2.00518],[104.57575,-2.00456]]]}},{"id":"18","type":"Feature","properties":{"year":1993,"certainty":"unstable data"},"geometry":{"type":"MultiLineString","coordinates":[[[104.59355,-2.00814],[104.59301,-2.00815]],[[104.59275,-2.00815],[104.59167,-2.0081]]]}},{"id":"19","type":"Feature","properties":{"year":1993,"certainty":"insufficient data"},"geometry":{"type":"MultiLineString","coordinates":[[[104.53559,-1.8812],[104.53384,-1.88372],[104.53411,-1.88466],[104.5333,-1.88443],[104.53271,-1.88467]],[[104.53286,-1.88494],[104.5333,-1.88574],[104.53335,-1.88711]]]}},{"id":"20","type":"Feature","properties":{"year":1993,"certainty":"good"},"geometry":{"type":"MultiLineString","coordinates":[[[104.48354,-1.83214],[104.48503,-1.8332],[104.48557,-1.83324],[104.48746,-1.83135],[104.4886,-1.83078],[104.48987,-1.82779],[104.49171,-1.82481],[104.49543,-1.82047],[104.49672,-1.8183],[104.50041,-1.81534],[104.50233,-1.81314],[104.50345,-1.81124],[104.50402,-1.80907]],[[104.47262,-1.85038],[104.476,-1.85167],[104.47774,-1.8519],[104.48018,-1.85113],[104.48124,-1.84978],[104.48219,-1.84706],[104.48292,-1.84055],[104.48388,-1.83811],[104.48473,-1.83431],[104.48305,-1.83268]],[[104.46697,-1.86334],[104.46857,-1.86255],[104.46892,-1.86171],[104.47225,-1.85846],[104.47216,-1.8571],[104.47269,-1.85602],[104.47203,-1.85547],[104.47308,-1.85493],[104.47334,-1.85276],[104.47308,-1.85222],[104.47181,-1.85141]],[[104.60638,-1.96324],[104.60777,-1.96244],[104.60931,-1.95973],[104.61097,-1.9582],[104.61231,-1.95752],[104.61258,-1.95657],[104.61312,-1.95726],[104.61366,-1.95713],[104.61617,-1.95512],[104.61933,-1.95331],[104.6202,-1.9524],[104.6216,-1.95023],[104.62257,-1.94657],[104.62392,-1.94345],[104.62601,-1.94101],[104.62662,-1.93935],[104.62769,-1.93901],[104.62966,-1.93748],[104.63093,-1.93712],[104.63228,-1.93605],[104.63309,-1.93612],[104.63525,-1.93503],[104.63822,-1.93531],[104.63983,-1.93642],[104.64145,-1.93585],[104.64253,-1.93463],[104.64376,-1.93205],[104.64388,-1.93081],[104.6442,-1.93097],[104.64396,-1.93015],[104.64458,-1.92961],[104.64439,-1.92825],[104.64468,-1.92717],[104.64436,-1.92663],[104.64475,-1.92608],[104.64452,-1.92554],[104.64474,-1.925],[104.64404,-1.92093],[104.64292,-1.91875],[104.64038,-1.91561],[104.63175,-1.90731],[104.63121,-1.90712],[104.62905,-1.9042],[104.62581,-1.90078],[104.6106,-1.88618],[104.60828,-1.88458],[104.60802,-1.88401],[104.60615,-1.88265],[104.60532,-1.88155],[104.60156,-1.87831],[104.60053,-1.87776],[104.59904,-1.87613],[104.59615,-1.87395],[104.59534,-1.87375],[104.59426,-1.87262],[104.59384,-1.8726],[104.59372,-1.87204],[104.59156,-1.87063],[104.5911,-1.8707],[104.59176,-1.87098],[104.59102,-1.87114],[104.59079,-1.87098],[104.59101,-1.8707],[104.58975,-1.87016],[104.58968,-1.86962],[104.58906,-1.86962],[104.58928,-1.86935],[104.58891,-1.8688],[104.58811,-1.86907],[104.58806,-1.86837],[104.58476,-1.8669],[104.58381,-1.86609],[104.58401,-1.86582],[104.58293,-1.86557],[104.58257,-1.86473],[104.58132,-1.86456],[104.57976,-1.86337],[104.57862,-1.86313],[104.57808,-1.86281],[104.57808,-1.86228],[104.5759,-1.8612],[104.57511,-1.86137],[104.57484,-1.86116],[104.57457,-1.86158],[104.57268,-1.86068],[104.57188,-1.8612],[104.5708,-1.86058],[104.56729,-1.85967],[104.56675,-1.85905],[104.56594,-1.85931],[104.56513,-1.85898],[104.56482,-1.85821],[104.56351,-1.85851],[104.56351,-1.85705],[104.56217,-1.85622],[104.56163,-1.85646],[104.56147,-1.85604],[104.56082,-1.85598],[104.56055,-1.85559],[104.55839,-1.85633],[104.55488,-1.85426],[104.55219,-1.85325],[104.54544,-1.85565],[104.54355,-1.85677],[104.54172,-1.85848],[104.54058,-1.85983],[104.53986,-1.86173],[104.54007,-1.86499],[104.54121,-1.86635],[104.5405,-1.86771],[104.54047,-1.86906],[104.53977,-1.87193],[104.53877,-1.87476],[104.53772,-1.87612],[104.53559,-1.8812]],[[104.53271,-1.88467],[104.53286,-1.88494]],[[104.53335,-1.88711],[104.53229,-1.89077],[104.53122,-1.89294],[104.52967,-1.89511],[104.52898,-1.89799],[104.52823,-1.89919],[104.52653,-1.90353],[104.5264,-1.90651],[104.52601,-1.9078],[104.52371,-1.91221],[104.52263,-1.9133],[104.5226,-1.91411],[104.52304,-1.91451],[104.52433,-1.91411],[104.52547,-1.91311],[104.52566,-1.9133],[104.52406,-1.91493],[104.52228,-1.91764],[104.52091,-1.92117],[104.52076,-1.92388],[104.52223,-1.92545]],[[104.47243,-1.8704],[104.47342,-1.86922],[104.47396,-1.86766],[104.47369,-1.86743],[104.47315,-1.86766],[104.47255,-1.86633],[104.47134,-1.86579],[104.47128,-1.86497],[104.46803,-1.86536]],[[104.47422,-1.88735],[104.47561,-1.88696],[104.47727,-1.8856],[104.47878,-1.88044],[104.47876,-1.87936],[104.47833,-1.8742],[104.47723,-1.87149],[104.47558,-1.8702],[104.47396,-1.87049],[104.4734,-1.87094]],[[104.46262,-1.90746],[104.46505,-1.90646],[104.47017,-1.90546],[104.47341,-1.90363],[104.47638,-1.90068],[104.47778,-1.89754],[104.47798,-1.89537],[104.47884,-1.89293],[104.47874,-1.89157],[104.47746,-1.88938],[104.47557,-1.88817],[104.47449,-1.88811]],[[104.46464,-1.92604],[104.46467,-1.92332],[104.46383,-1.91979],[104.4636,-1.91681],[104.46518,-1.90948],[104.4637,-1.90931],[104.46289,-1.90979]],[[104.49695,-1.94803],[104.49646,-1.94559],[104.49612,-1.94016],[104.49692,-1.93337],[104.49629,-1.93039],[104.49399,-1.92415],[104.49205,-1.92062],[104.49013,-1.91783],[104.4886,-1.91654],[104.48824,-1.91541],[104.48689,-1.91406],[104.48285,-1.91214],[104.48069,-1.91198],[104.47961,-1.91246],[104.47826,-1.91231],[104.47583,-1.9134],[104.47476,-1.91281],[104.47314,-1.91256],[104.47314,-1.91199],[104.47233,-1.91236],[104.47041,-1.916],[104.46897,-1.92197],[104.46832,-1.92631]],[[104.52169,-1.92642],[104.52034,-1.92594],[104.51899,-1.92607],[104.51629,-1.92519],[104.51548,-1.9253],[104.51386,-1.92484],[104.51294,-1.92524],[104.51181,-1.92714],[104.50847,-1.92828],[104.50766,-1.92906],[104.50646,-1.92958],[104.50616,-1.93093],[104.50573,-1.93148],[104.50522,-1.93419],[104.50289,-1.9369],[104.50226,-1.93713],[104.50134,-1.93853],[104.50057,-1.94287],[104.50085,-1.94722]],[[104.61177,-1.98608],[104.6142,-1.98706],[104.61543,-1.98633],[104.6165,-1.9847],[104.61716,-1.98117],[104.61684,-1.98036],[104.61689,-1.97792],[104.61656,-1.97629],[104.61691,-1.97357],[104.61445,-1.9695],[104.61105,-1.96679],[104.61101,-1.9657],[104.60994,-1.96434],[104.60908,-1.96394],[104.60719,-1.96501]],[[104.65373,-1.96399],[104.64657,-1.96702],[104.64495,-1.96839],[104.64204,-1.96924],[104.63929,-1.97076],[104.63846,-1.97168],[104.63821,-1.97257],[104.6374,-1.97251],[104.63686,-1.97325],[104.63632,-1.97302],[104.63524,-1.97384],[104.63108,-1.97792],[104.62984,-1.97954],[104.62976,-1.98118],[104.63134,-1.98308]],[[104.63065,-1.9842],[104.62849,-1.98304],[104.62472,-1.9915],[104.62246,-1.99447],[104.61886,-1.99773],[104.61797,-1.99976],[104.61554,-2.00167],[104.61456,-2.00289],[104.61338,-2.00336],[104.61284,-2.00456],[104.61122,-2.00563],[104.60718,-2.00758],[104.60285,-2.00804],[104.60238,-2.00885],[104.60363,-2.01048]],[[104.57184,-1.99849],[104.58857,-2.00221],[104.59936,-2.00198],[104.60259,-2.00144],[104.60475,-2.00056],[104.60637,-1.99944],[104.60973,-1.99529],[104.61112,-1.99203],[104.61204,-1.99106],[104.61279,-1.98959],[104.61204,-1.98844],[104.61096,-1.98769]],[[104.57853,-2.00831],[104.57879,-2.00586],[104.57616,-2.00482],[104.57265,-2.00227],[104.57103,-2.00164]],[[104.60331,-2.01075],[104.60124,-2.00903],[104.59908,-2.00824],[104.59612,-2.00818],[104.59504,-2.00845],[104.59355,-2.00814]],[[104.59301,-2.00815],[104.59275,-2.00815]],[[104.59167,-2.0081],[104.58856,-2.00776],[104.58479,-2.00589],[104.5829,-2.00546],[104.58236,-2.00562],[104.58179,-2.00641],[104.58142,-2.00858]]]}},{"id":"21","type":"Feature","properties":{"year":1993,"certainty":"good"},"geometry":{"type":"MultiLineString","coordinates":[[[104.52147,-1.71485],[104.52417,-1.71408],[104.52553,-1.71273],[104.52552,-1.71225],[104.52579,-1.71243],[104.52778,-1.71001],[104.52684,-1.70947],[104.52714,-1.70913],[104.52579,-1.7093],[104.52454,-1.70893],[104.52464,-1.70866],[104.52396,-1.70811],[104.52257,-1.70431],[104.52136,-1.70268],[104.52148,-1.70226],[104.52094,-1.70169],[104.52062,-1.70024],[104.51974,-1.69861],[104.51932,-1.6981],[104.51797,-1.69748],[104.51738,-1.69671],[104.51525,-1.69318],[104.51245,-1.68966],[104.51096,-1.68652],[104.50638,-1.68278],[104.5055,-1.68151],[104.50503,-1.68129],[104.50422,-1.68165],[104.50422,-1.6811],[104.50395,-1.68132],[104.5032,-1.68097],[104.50347,-1.68042],[104.50325,-1.68015],[104.50314,-1.68069],[104.50227,-1.68042],[104.50206,-1.67992],[104.50179,-1.68015],[104.50098,-1.6797],[104.50017,-1.67979],[104.50029,-1.67798],[104.4997,-1.67771],[104.49856,-1.67588],[104.49795,-1.67581],[104.49809,-1.675],[104.49546,-1.67011],[104.49529,-1.6693],[104.49471,-1.66875],[104.49444,-1.66712],[104.4933,-1.66604],[104.49329,-1.66522],[104.49209,-1.66394],[104.49132,-1.66197],[104.48966,-1.65987],[104.48942,-1.65925],[104.48957,-1.65817],[104.48804,-1.65527],[104.48724,-1.65455],[104.48697,-1.65308],[104.48508,-1.65032],[104.48447,-1.65002],[104.48426,-1.64894],[104.484,-1.64874],[104.48373,-1.64908],[104.48352,-1.64839],[104.48375,-1.64785],[104.48356,-1.64731],[104.48307,-1.64704],[104.48319,-1.64665],[104.48251,-1.64649],[104.48205,-1.64541],[104.48157,-1.64532],[104.48145,-1.64487],[104.48173,-1.64459],[104.4813,-1.64464],[104.48136,-1.64405],[104.48096,-1.64405],[104.48082,-1.64188],[104.48023,-1.6412],[104.47942,-1.64162],[104.47888,-1.64086],[104.47969,-1.64058],[104.48013,-1.64079],[104.47915,-1.6387],[104.47857,-1.63889],[104.47888,-1.63822],[104.4778,-1.63604],[104.47713,-1.63564],[104.47694,-1.63401],[104.47602,-1.63211],[104.47537,-1.63188],[104.47568,-1.63129],[104.47512,-1.63075],[104.47489,-1.62966],[104.47376,-1.62804],[104.47358,-1.62695],[104.4731,-1.62668],[104.47322,-1.62579],[104.47246,-1.62532],[104.47152,-1.62261],[104.46994,-1.62234],[104.47039,-1.62152],[104.4711,-1.62125],[104.47058,-1.62098],[104.47052,-1.62047],[104.47025,-1.62062],[104.46973,-1.62016],[104.47007,-1.61962],[104.46971,-1.61919],[104.46944,-1.6196],[104.46931,-1.61935],[104.46917,-1.61785],[104.46837,-1.61791],[104.46891,-1.61739],[104.4675,-1.61691],[104.46733,-1.61582],[104.46756,-1.61538],[104.46835,-1.61528],[104.46796,-1.61501],[104.46816,-1.61392],[104.4679,-1.61284],[104.46756,-1.61276],[104.46731,-1.61175],[104.46665,-1.61094],[104.4671,-1.61039],[104.46638,-1.60958],[104.46621,-1.60857],[104.46575,-1.60849],[104.46567,-1.60795],[104.46486,-1.607],[104.46463,-1.60551],[104.46503,-1.60524],[104.46502,-1.60469],[104.46427,-1.60388],[104.46441,-1.60252],[104.46352,-1.60268],[104.46271,-1.60201],[104.46193,-1.59954],[104.46211,-1.59899],[104.46136,-1.5987],[104.46109,-1.59888],[104.46082,-1.59815],[104.46082,-1.59777],[104.46163,-1.59836],[104.463,-1.59764],[104.46217,-1.59569],[104.46136,-1.59533],[104.46054,-1.59546],[104.46023,-1.59438],[104.46066,-1.59248],[104.46119,-1.59166],[104.46086,-1.59085],[104.46107,-1.59058],[104.46087,-1.58949],[104.46016,-1.58841],[104.46028,-1.58723],[104.45991,-1.58705],[104.45992,-1.58759],[104.4592,-1.58826],[104.45891,-1.58786],[104.45886,-1.58678],[104.45974,-1.58669],[104.46003,-1.58596],[104.45921,-1.58369],[104.45853,-1.58298],[104.45887,-1.58216],[104.45835,-1.58189],[104.45867,-1.58135],[104.45824,-1.58081],[104.4584,-1.57976],[104.45786,-1.57983],[104.45759,-1.57905],[104.45705,-1.57904],[104.45688,-1.57945],[104.4574,-1.57999],[104.45705,-1.58083],[104.45624,-1.57969],[104.45613,-1.57836],[104.45678,-1.5788],[104.45694,-1.57864],[104.45711,-1.57728],[104.45753,-1.57674],[104.45678,-1.57717],[104.45651,-1.57701],[104.45703,-1.57619],[104.45689,-1.57511],[104.45587,-1.57429],[104.45599,-1.57266],[104.45519,-1.57212],[104.4557,-1.57205],[104.45576,-1.57158],[104.45502,-1.57131],[104.45605,-1.57022],[104.45597,-1.56958],[104.45561,-1.56941],[104.4558,-1.56914],[104.45545,-1.56886],[104.45583,-1.56859],[104.45552,-1.56832],[104.45576,-1.56805],[104.45532,-1.56805],[104.45443,-1.56506],[104.45324,-1.56479],[104.45451,-1.56452],[104.45409,-1.56365],[104.45345,-1.56344],[104.45328,-1.56244],[104.45301,-1.56296],[104.45274,-1.56208],[104.45355,-1.56182],[104.45382,-1.56216],[104.45436,-1.56137],[104.45463,-1.56157],[104.45478,-1.56127],[104.45409,-1.56072],[104.45463,-1.56045],[104.45436,-1.56009],[104.45382,-1.56007],[104.45323,-1.56072],[104.45305,-1.55936],[104.45382,-1.55898],[104.45409,-1.55937],[104.45437,-1.55882],[104.45409,-1.55815],[104.45382,-1.55857],[104.45306,-1.55774],[104.45373,-1.55747],[104.45436,-1.55624],[104.45464,-1.55719],[104.45529,-1.55774],[104.45505,-1.55584],[104.45532,-1.55557],[104.4549,-1.55475],[104.45463,-1.55537],[104.45426,-1.55502],[104.45436,-1.55359],[104.45409,-1.55384],[104.45382,-1.55319],[104.45299,-1.55312],[104.45405,-1.55258],[104.45382,-1.55124],[104.4531,-1.55149],[104.45328,-1.55102],[104.45367,-1.55095],[104.45292,-1.55095],[104.45274,-1.55169],[104.45166,-1.55031],[104.45147,-1.55095],[104.45122,-1.55095],[104.45111,-1.54932],[104.45137,-1.54878],[104.45102,-1.54769],[104.45112,-1.54673],[104.45084,-1.54661],[104.45085,-1.54604],[104.45139,-1.54594],[104.45193,-1.54536],[104.4524,-1.54417],[104.4531,-1.54444],[104.45326,-1.54389],[104.45274,-1.54335],[104.45302,-1.54308],[104.4527,-1.54281],[104.45309,-1.54227],[104.45168,-1.54172],[104.45193,-1.54105],[104.45116,-1.54037],[104.45086,-1.53923],[104.44982,-1.53819],[104.44945,-1.53819],[104.44865,-1.53575],[104.44789,-1.53504],[104.44789,-1.53443],[104.44824,-1.53439],[104.44756,-1.53222],[104.44672,-1.53087],[104.44681,-1.53054],[104.4457,-1.52951],[104.44425,-1.52625],[104.44448,-1.52489],[104.44406,-1.52164],[104.4435,-1.52055],[104.44354,-1.51947],[104.44303,-1.51892],[104.44306,-1.51784],[104.4425,-1.517],[104.44208,-1.51702],[104.44253,-1.51648],[104.44187,-1.51431],[104.44205,-1.51241],[104.44101,-1.51024],[104.44162,-1.50942],[104.44142,-1.50889],[104.44089,-1.50931],[104.44071,-1.50915],[104.44053,-1.50807],[104.44104,-1.50779],[104.44142,-1.50888],[104.44175,-1.50834],[104.44169,-1.50766],[104.44118,-1.50752],[104.44135,-1.50671],[104.44101,-1.50617],[104.44116,-1.50579],[104.44143,-1.50609],[104.44149,-1.5059],[104.44119,-1.50427],[104.44143,-1.50372],[104.44116,-1.50396],[104.44062,-1.50365],[104.44035,-1.50414],[104.44007,-1.50399],[104.44079,-1.50291],[104.44106,-1.50182],[104.44094,-1.50074],[104.44049,-1.50047],[104.44106,-1.49938],[104.4407,-1.49748],[104.44091,-1.4964],[104.44062,-1.4955],[104.43981,-1.49534],[104.43894,-1.4945],[104.43845,-1.4926],[104.43881,-1.49205],[104.43869,-1.49124],[104.43908,-1.48988],[104.43884,-1.4888],[104.43954,-1.4881],[104.44092,-1.48771],[104.44089,-1.48725],[104.44051,-1.48717],[104.44122,-1.4869],[104.44098,-1.48663],[104.44124,-1.48635],[104.44092,-1.48608],[104.44158,-1.48473],[104.44143,-1.48441],[104.44035,-1.48465],[104.44012,-1.48418],[104.44035,-1.48376],[104.43954,-1.48458],[104.43927,-1.48442],[104.43894,-1.48391],[104.43897,-1.4831],[104.43943,-1.48283],[104.43927,-1.48237],[104.44008,-1.48246],[104.43962,-1.48283],[104.44008,-1.48317],[104.44062,-1.4831],[104.44051,-1.48337],[104.44148,-1.48391],[104.4412,-1.48364],[104.4417,-1.48283],[104.44149,-1.48147],[104.44172,-1.48093],[104.44147,-1.48065],[104.44193,-1.48011],[104.44151,-1.47984],[104.44252,-1.47875],[104.44235,-1.47821],[104.44282,-1.4774],[104.44262,-1.47713],[104.44305,-1.4768],[104.44285,-1.47577],[104.44334,-1.47523],[104.44315,-1.47496],[104.44361,-1.47414],[104.44359,-1.47374],[104.44331,-1.47414],[104.44318,-1.4736],[104.44358,-1.47333],[104.4433,-1.47306],[104.44385,-1.47251],[104.44372,-1.47197],[104.44427,-1.47197],[104.44389,-1.47143],[104.44502,-1.47034],[104.44485,-1.46926],[104.44521,-1.46763],[104.44576,-1.46681],[104.44518,-1.466],[104.44551,-1.46573],[104.4457,-1.46464],[104.44507,-1.46437],[104.4453,-1.4641],[104.44507,-1.46383],[104.4442,-1.46356],[104.44455,-1.46301],[104.44621,-1.46193],[104.44606,-1.46111],[104.44685,-1.46057],[104.44656,-1.45937],[104.4451,-1.46166],[104.44413,-1.46141],[104.44417,-1.46003],[104.44486,-1.45894],[104.44459,-1.45867],[104.44503,-1.45759],[104.44494,-1.4568],[104.44529,-1.45704],[104.44494,-1.45675],[104.44494,-1.45557],[104.4456,-1.45433],[104.44548,-1.45353],[104.44629,-1.45317],[104.44737,-1.45361],[104.44764,-1.45317],[104.44808,-1.45324],[104.44846,-1.45243],[104.44818,-1.45135],[104.44845,-1.45155],[104.44863,-1.45134],[104.44797,-1.45026],[104.4481,-1.44972],[104.44893,-1.4489],[104.44877,-1.44836],[104.45011,-1.447],[104.45041,-1.4451],[104.45119,-1.44402],[104.45053,-1.4432],[104.45109,-1.44293],[104.45115,-1.44231],[104.45169,-1.44257],[104.45191,-1.44239],[104.45154,-1.44212],[104.45169,-1.44174],[104.45196,-1.44209],[104.45256,-1.44157],[104.45214,-1.44022],[104.45261,-1.43913],[104.45184,-1.43886],[104.4518,-1.43859],[104.45264,-1.43832],[104.45309,-1.43696],[104.45288,-1.43669],[104.4534,-1.43615],[104.45313,-1.4356],[104.45358,-1.43533],[104.45345,-1.43452],[104.45419,-1.43343],[104.45352,-1.43316],[104.45393,-1.43262],[104.45282,-1.4318],[104.45331,-1.43107],[104.45367,-1.43126],[104.45358,-1.43159],[104.45439,-1.43061],[104.45456,-1.43153],[104.45537,-1.43099],[104.45511,-1.43072],[104.45571,-1.43018],[104.45566,-1.42936],[104.4552,-1.4286],[104.45493,-1.42904],[104.45471,-1.42855],[104.45682,-1.42782],[104.45663,-1.42746],[104.45709,-1.42692],[104.45691,-1.42638],[104.45618,-1.42611],[104.4567,-1.42583],[104.45756,-1.42339],[104.45733,-1.42258],[104.45771,-1.42231],[104.45759,-1.42095],[104.45824,-1.41688],[104.45823,-1.41416],[104.45681,-1.39897],[104.45492,-1.39191],[104.45407,-1.39001],[104.45424,-1.38947],[104.45344,-1.38702],[104.45327,-1.37915],[104.45332,-1.37885],[104.45386,-1.37901],[104.45425,-1.37861],[104.4539,-1.37779],[104.4534,-1.37752],[104.45371,-1.37725],[104.45342,-1.37671],[104.45391,-1.37617],[104.45366,-1.37535],[104.45322,-1.37508],[104.45389,-1.37372],[104.45347,-1.37264],[104.45287,-1.37264],[104.45285,-1.37182],[104.45305,-1.3692],[104.45386,-1.36877],[104.45391,-1.37074],[104.45524,-1.3721],[104.45465,-1.36992],[104.45504,-1.36911],[104.45471,-1.36857],[104.45523,-1.3683],[104.45491,-1.36802],[104.45587,-1.3645],[104.45611,-1.36124],[104.4566,-1.35934],[104.45636,-1.35744],[104.45646,-1.3569],[104.45686,-1.35669]],[[104.45682,-1.42314],[104.45724,-1.42312],[104.45655,-1.42457]],[[104.4527,-1.55068],[104.45309,-1.55041],[104.45301,-1.54977],[104.45217,-1.55014],[104.45233,-1.55068],[104.4527,-1.55068]],[[104.46255,-1.59899],[104.46302,-1.59872],[104.46298,-1.59857],[104.46229,-1.59899],[104.46255,-1.59899]],[[104.50473,-1.80329],[104.50931,-1.8067],[104.51174,-1.80695],[104.51633,-1.80503],[104.51713,-1.80387],[104.51794,-1.80388],[104.51848,-1.80353],[104.5201,-1.8039],[104.52091,-1.80292],[104.52172,-1.80284],[104.5228,-1.80169],[104.52447,-1.80175],[104.52604,-1.80019],[104.52981,-1.80057],[104.53062,-1.80036],[104.53494,-1.79684],[104.53684,-1.79442],[104.53683,-1.79386],[104.53902,-1.79063],[104.53867,-1.79008],[104.53919,-1.78927],[104.53892,-1.789],[104.54026,-1.78764],[104.53982,-1.78737],[104.54125,-1.78655],[104.54114,-1.7862],[104.54168,-1.7861],[104.54225,-1.78547],[104.54212,-1.78466],[104.54249,-1.78424],[104.54303,-1.78442],[104.54292,-1.78411],[104.54384,-1.78343],[104.54463,-1.7833],[104.54249,-1.78681],[104.54276,-1.78664],[104.54301,-1.7871],[104.5435,-1.78601],[104.54424,-1.78601],[104.54438,-1.78648],[104.54546,-1.78633],[104.54578,-1.78547],[104.54602,-1.78276],[104.5455,-1.78221],[104.546,-1.78239],[104.54628,-1.78167],[104.5455,-1.7795],[104.5442,-1.77],[104.54265,-1.76376],[104.54221,-1.76023],[104.54251,-1.75751],[104.54225,-1.75507],[104.54165,-1.75371],[104.54088,-1.75314],[104.53967,-1.75127],[104.5384,-1.74829],[104.53822,-1.74639],[104.53758,-1.74503],[104.53801,-1.74394],[104.53792,-1.74211],[104.53306,-1.73037],[104.53176,-1.72657],[104.5318,-1.72521],[104.53139,-1.72494],[104.53145,-1.72462],[104.53091,-1.72519],[104.5306,-1.72467],[104.53109,-1.7244],[104.53094,-1.72413],[104.52983,-1.72335],[104.5296,-1.7225],[104.52853,-1.72141],[104.52768,-1.71951],[104.52444,-1.71542],[104.5239,-1.71508],[104.52192,-1.71544]],[[104.50395,-1.80904],[104.50425,-1.80582],[104.50311,-1.80453]]]}},{"id":"22","type":"Feature","properties":{"year":1994,"certainty":"good"},"geometry":{"type":"MultiLineString","coordinates":[[[104.5212,-1.71461],[104.52394,-1.71381],[104.52486,-1.71218],[104.52471,-1.71024],[104.52552,-1.70977],[104.5267,-1.71001],[104.52673,-1.70947],[104.5273,-1.7092],[104.52606,-1.70914],[104.52525,-1.7095],[104.52386,-1.70811],[104.52255,-1.70483],[104.52202,-1.70443],[104.52067,-1.70199],[104.51996,-1.69943],[104.51769,-1.6978],[104.51635,-1.69591],[104.51469,-1.69264],[104.51177,-1.6883],[104.51092,-1.68775],[104.51072,-1.68721],[104.51096,-1.68668],[104.50988,-1.68581],[104.5098,-1.6864],[104.50936,-1.6864],[104.50737,-1.6845],[104.50696,-1.68287],[104.50556,-1.68178],[104.5053,-1.68097],[104.50476,-1.68098],[104.50502,-1.6807],[104.50451,-1.68015],[104.50341,-1.67986],[104.50233,-1.68015],[104.50206,-1.67987],[104.50017,-1.67987],[104.49883,-1.67841],[104.49775,-1.67647],[104.49758,-1.675],[104.49657,-1.67282],[104.49383,-1.66875],[104.49398,-1.66658],[104.49277,-1.66617]],[[104.49202,-1.664],[104.49145,-1.66251],[104.49074,-1.66185],[104.48939,-1.65952],[104.48885,-1.65678],[104.4878,-1.65518],[104.48681,-1.65437],[104.48622,-1.65247],[104.48508,-1.65043],[104.48447,-1.65002],[104.48426,-1.64894],[104.484,-1.64874],[104.48373,-1.64908],[104.48352,-1.64785],[104.48234,-1.64677],[104.48211,-1.64584],[104.48184,-1.64622],[104.482,-1.64541],[104.48157,-1.64532],[104.48145,-1.64487],[104.48173,-1.64459],[104.4813,-1.64464],[104.48136,-1.64405],[104.48096,-1.64405],[104.48081,-1.64188],[104.48023,-1.6412],[104.47942,-1.64195],[104.47915,-1.64167],[104.47564,-1.63496],[104.47564,-1.63411],[104.47655,-1.63374],[104.47574,-1.63211],[104.47537,-1.63262],[104.4749,-1.63211],[104.47532,-1.63184],[104.47502,-1.63156],[104.47533,-1.63102],[104.47484,-1.63052],[104.47457,-1.63094],[104.4747,-1.62966],[104.4743,-1.62973],[104.47409,-1.62939],[104.4743,-1.62903],[104.47369,-1.62912],[104.47359,-1.62804],[104.4731,-1.62749],[104.47329,-1.62722],[104.47268,-1.62672],[104.47268,-1.62637],[104.4724,-1.62641],[104.47257,-1.62586],[104.47158,-1.62424],[104.47187,-1.62406],[104.47214,-1.62439],[104.47214,-1.62409],[104.47155,-1.62342],[104.47141,-1.62261],[104.46971,-1.62239],[104.46971,-1.62193],[104.4703,-1.62179],[104.47053,-1.62125],[104.46973,-1.62016],[104.47001,-1.61962],[104.46924,-1.61908],[104.46944,-1.61854],[104.46828,-1.61772],[104.46867,-1.61718],[104.46849,-1.61609],[104.4681,-1.61597],[104.46783,-1.61632],[104.46765,-1.61609],[104.46823,-1.61528],[104.46779,-1.61446],[104.46827,-1.61338],[104.4677,-1.61256],[104.46765,-1.61121],[104.46706,-1.60958],[104.46636,-1.60876],[104.46636,-1.60795],[104.46589,-1.60741],[104.46567,-1.60616],[104.46499,-1.60551],[104.46517,-1.60442],[104.46468,-1.60361],[104.46466,-1.60279],[104.46414,-1.60225],[104.46432,-1.60198],[104.46359,-1.60116],[104.46379,-1.60086],[104.46352,-1.6011],[104.46314,-1.60089],[104.46356,-1.60035],[104.46286,-1.59926],[104.46309,-1.59872],[104.46298,-1.5985],[104.46217,-1.59862],[104.46184,-1.59818],[104.46283,-1.59764],[104.46274,-1.59709],[104.46163,-1.59492],[104.46168,-1.59356],[104.46136,-1.5922],[104.461,-1.59194],[104.46021,-1.58814],[104.45974,-1.58773],[104.4592,-1.5881],[104.45893,-1.58767],[104.4592,-1.5868],[104.45961,-1.58678],[104.45987,-1.58624],[104.45931,-1.58488],[104.45947,-1.58445],[104.4592,-1.58471],[104.45836,-1.58434],[104.45928,-1.58406],[104.45881,-1.58189],[104.45818,-1.58135],[104.45855,-1.58108],[104.45828,-1.58081],[104.45832,-1.57972],[104.45786,-1.57955],[104.45776,-1.57918],[104.45705,-1.57912],[104.45678,-1.57992],[104.45611,-1.57972],[104.45602,-1.57836],[104.45624,-1.57819],[104.45678,-1.57872],[104.45741,-1.57674],[104.45709,-1.57646],[104.4572,-1.57538],[104.45683,-1.57429],[104.45589,-1.57429],[104.45628,-1.57375],[104.45589,-1.57321],[104.45626,-1.57266],[104.45593,-1.57212],[104.45627,-1.57158],[104.45502,-1.57131],[104.45543,-1.57069],[104.45643,-1.57104],[104.45627,-1.56968],[104.45585,-1.56914],[104.45597,-1.56805],[104.45505,-1.56724],[104.45463,-1.56536],[104.45409,-1.56488],[104.45324,-1.56479],[104.45428,-1.56425],[104.45429,-1.56344],[104.45367,-1.56289],[104.45394,-1.56181],[104.4549,-1.56135],[104.45517,-1.56187],[104.45557,-1.56127],[104.45478,-1.55991],[104.45409,-1.55992],[104.45381,-1.56045],[104.45342,-1.56045],[104.45323,-1.55936],[104.45382,-1.55931],[104.45382,-1.55984],[104.45434,-1.55937],[104.45445,-1.55828],[104.45392,-1.55774],[104.45409,-1.55697],[104.45436,-1.55684],[104.45544,-1.55804],[104.45571,-1.55732],[104.455,-1.55502],[104.45447,-1.55502],[104.45427,-1.55448],[104.4545,-1.55367],[104.45379,-1.55204],[104.45382,-1.54997],[104.45328,-1.54995],[104.45229,-1.54905],[104.45247,-1.54873],[104.45301,-1.54916],[104.45349,-1.54878],[104.45301,-1.54808],[104.45274,-1.5485],[104.45247,-1.54783],[104.4522,-1.54838],[104.45139,-1.54858],[104.4512,-1.54824],[104.45139,-1.54767],[104.45196,-1.54769],[104.45247,-1.54705],[104.45328,-1.54789],[104.4529,-1.54661],[104.45324,-1.54607],[104.45291,-1.54552],[104.45329,-1.54525],[104.45327,-1.54389],[104.45309,-1.54308],[104.45271,-1.54281],[104.45303,-1.54227],[104.45203,-1.54145],[104.45188,-1.54091],[104.45113,-1.54038],[104.45034,-1.53901],[104.44924,-1.5379],[104.44872,-1.53575],[104.44789,-1.53507],[104.44789,-1.53442],[104.44819,-1.53439],[104.44762,-1.53429],[104.44735,-1.53164],[104.44627,-1.52981],[104.44573,-1.52956],[104.4452,-1.52821],[104.4454,-1.52734],[104.44447,-1.52517],[104.44436,-1.52164],[104.44354,-1.52055],[104.44385,-1.52013],[104.44386,-1.51974],[104.44358,-1.52023],[104.44298,-1.51811],[104.44306,-1.51729],[104.44277,-1.51742],[104.44223,-1.51682],[104.44255,-1.51648],[104.44223,-1.51574],[104.44115,-1.51589],[104.44108,-1.51567],[104.44196,-1.51566],[104.44222,-1.51539],[104.44181,-1.51512],[104.44187,-1.51431],[104.44238,-1.51377],[104.44173,-1.51214],[104.44169,-1.51038],[104.44142,-1.51075],[104.44121,-1.50997],[104.44169,-1.5095],[104.4412,-1.50915],[104.44167,-1.50888],[104.44163,-1.50834],[104.44109,-1.50807],[104.4412,-1.50671],[104.44074,-1.50644],[104.44069,-1.50589],[104.44136,-1.50481],[104.44118,-1.504],[104.44062,-1.50365],[104.44035,-1.50414],[104.44006,-1.50399],[104.44087,-1.50264],[104.44089,-1.50074],[104.44049,-1.50047],[104.44093,-1.49911],[104.44062,-1.49643],[104.44008,-1.49602],[104.43927,-1.49604],[104.43938,-1.49504],[104.43882,-1.4945],[104.43882,-1.4926],[104.43925,-1.49151],[104.43881,-1.4888],[104.43992,-1.48798],[104.43927,-1.48788],[104.439,-1.48732],[104.44095,-1.48744],[104.44075,-1.48717],[104.44122,-1.4869],[104.44098,-1.48663],[104.44127,-1.48635],[104.44104,-1.48581],[104.44158,-1.48473],[104.44143,-1.48443],[104.44035,-1.48468],[104.44012,-1.48418],[104.44035,-1.48374],[104.43927,-1.48436],[104.43896,-1.48391],[104.439,-1.4832],[104.43981,-1.48289],[104.44008,-1.48323],[104.44051,-1.4831],[104.44051,-1.48337],[104.44143,-1.48394],[104.44171,-1.48364],[104.44145,-1.48337],[104.44175,-1.48283],[104.44149,-1.48147],[104.44172,-1.48093],[104.44147,-1.48065],[104.44231,-1.4793],[104.44237,-1.47794],[104.4429,-1.47658],[104.44277,-1.47577],[104.44327,-1.47441],[104.44299,-1.47333],[104.44326,-1.47251],[104.4437,-1.47224],[104.44322,-1.4717],[104.444,-1.47116],[104.44392,-1.47034],[104.44429,-1.47007],[104.44425,-1.46926],[104.44524,-1.46681],[104.44557,-1.46464],[104.44507,-1.46437],[104.4453,-1.4641],[104.44507,-1.46383],[104.44418,-1.46356],[104.44453,-1.46301],[104.44602,-1.4623],[104.44606,-1.46111],[104.44657,-1.46111],[104.44629,-1.4598],[104.44494,-1.46184],[104.44413,-1.46141],[104.44423,-1.46003],[104.44494,-1.45812],[104.44548,-1.45854],[104.44683,-1.45878],[104.44741,-1.45786],[104.44703,-1.45542],[104.44737,-1.45516],[104.44764,-1.45568],[104.44818,-1.45529],[104.44828,-1.45433],[104.44784,-1.45379],[104.44872,-1.45257],[104.44844,-1.45189],[104.44898,-1.45162],[104.44862,-1.45107],[104.44899,-1.4508],[104.4486,-1.45053],[104.44868,-1.44999],[104.44899,-1.45046],[104.44926,-1.45039],[104.44934,-1.44944],[104.44984,-1.44863],[104.44919,-1.44836],[104.44953,-1.44772],[104.4498,-1.44822],[104.45003,-1.44809],[104.45049,-1.44646],[104.45121,-1.44537],[104.45096,-1.4451],[104.45122,-1.44429],[104.45075,-1.4432],[104.45115,-1.44284],[104.45142,-1.44305],[104.45169,-1.44264],[104.45196,-1.44329],[104.45225,-1.44266],[104.45192,-1.44239],[104.45258,-1.44157],[104.45216,-1.44022],[104.4526,-1.43995],[104.45214,-1.43886],[104.45336,-1.43696],[104.45291,-1.43669],[104.45351,-1.43615],[104.45314,-1.4356],[104.45377,-1.43533],[104.45358,-1.43475],[104.45385,-1.43504],[104.45406,-1.43479],[104.45368,-1.43452],[104.45424,-1.43343],[104.45399,-1.43289],[104.45416,-1.43208],[104.45385,-1.43219],[104.4536,-1.43153],[104.45439,-1.43125],[104.45466,-1.43156],[104.45574,-1.43147],[104.45635,-1.42963],[104.45605,-1.42963],[104.45617,-1.42991],[104.45574,-1.43036],[104.45598,-1.42963],[104.45568,-1.42909],[104.45601,-1.42867],[104.45709,-1.42928],[104.45742,-1.42909],[104.45736,-1.42844],[104.45667,-1.42746],[104.45745,-1.42692],[104.45682,-1.42616],[104.45655,-1.42666],[104.45645,-1.42638],[104.45689,-1.42583],[104.45736,-1.42411],[104.45764,-1.42421],[104.45734,-1.42258],[104.45771,-1.42231],[104.45763,-1.42068],[104.45818,-1.41742],[104.45819,-1.41362],[104.45688,-1.40032],[104.45523,-1.39327],[104.45397,-1.39028],[104.45305,-1.38603],[104.45319,-1.37888],[104.45402,-1.37861],[104.45325,-1.37779],[104.4534,-1.3759],[104.45319,-1.37454],[104.4528,-1.374],[104.45268,-1.37128],[104.45313,-1.36911],[104.45386,-1.36877],[104.45385,-1.36965],[104.4544,-1.37005],[104.45423,-1.36911],[104.45467,-1.36887],[104.455,-1.36911],[104.45463,-1.36857],[104.455,-1.3683],[104.45483,-1.36802],[104.45529,-1.36667],[104.455,-1.3664],[104.45532,-1.36558],[104.45503,-1.36504],[104.45521,-1.36432],[104.45579,-1.36423],[104.45643,-1.35907],[104.45625,-1.35744],[104.45658,-1.35669]],[[104.45536,-1.3721],[104.45557,-1.37182],[104.45548,-1.37148],[104.45514,-1.37182],[104.45536,-1.3721]],[[104.45653,-1.56018],[104.45612,-1.55991],[104.45616,-1.55909],[104.45571,-1.5587],[104.45597,-1.56019],[104.45653,-1.56018]],[[104.50473,-1.80327],[104.50931,-1.80668],[104.51174,-1.80696],[104.51636,-1.805],[104.51713,-1.80386],[104.51848,-1.80355],[104.5201,-1.80393],[104.52091,-1.80293],[104.52172,-1.80283],[104.52263,-1.80175],[104.52469,-1.80156],[104.52604,-1.80009],[104.52981,-1.80055],[104.53062,-1.80027],[104.53533,-1.79632],[104.53629,-1.79423],[104.53902,-1.79008],[104.53995,-1.7871],[104.5398,-1.78625],[104.54114,-1.78634],[104.54198,-1.78547],[104.54138,-1.78466],[104.54191,-1.78411],[104.5433,-1.78381],[104.54384,-1.78301],[104.54487,-1.7833],[104.54252,-1.78656],[104.54303,-1.78656],[104.54411,-1.78574],[104.54438,-1.78483],[104.54519,-1.785],[104.54546,-1.78545],[104.54596,-1.78276],[104.54526,-1.78248],[104.54546,-1.78194],[104.546,-1.78208],[104.54627,-1.7817],[104.54544,-1.7795],[104.54478,-1.77434],[104.54423,-1.77271],[104.54415,-1.77027],[104.54346,-1.76864],[104.54257,-1.7643],[104.54217,-1.76023],[104.54242,-1.75996],[104.54242,-1.75697],[104.54175,-1.75534],[104.54196,-1.75514],[104.54223,-1.75537],[104.54225,-1.75507],[104.54189,-1.75399],[104.53973,-1.75127],[104.53972,-1.75073],[104.53792,-1.74779],[104.53763,-1.74639],[104.53827,-1.74611],[104.53787,-1.74557],[104.53792,-1.74215],[104.53697,-1.73987],[104.53658,-1.73797],[104.53532,-1.7358],[104.53199,-1.72714],[104.53182,-1.7263],[104.53226,-1.72568],[104.5328,-1.7263],[104.53279,-1.72576],[104.53118,-1.72433],[104.53064,-1.72523],[104.52762,-1.72006],[104.52414,-1.71544],[104.52336,-1.71512],[104.52196,-1.71544]],[[104.50395,-1.80904],[104.5043,-1.80609],[104.50311,-1.80456]]]}},{"id":"23","type":"Feature","properties":{"year":1994,"certainty":"good"},"geometry":{"type":"MultiLineString","coordinates":[[[104.48351,-1.83214],[104.48557,-1.83326],[104.48746,-1.83139],[104.4887,-1.83078],[104.48977,-1.82807],[104.49204,-1.82427],[104.4954,-1.82047],[104.49733,-1.81748],[104.49975,-1.81586],[104.50183,-1.81369],[104.50313,-1.81179],[104.50402,-1.80907]],[[104.47262,-1.85042],[104.47531,-1.85153],[104.47774,-1.85194],[104.47979,-1.8514],[104.4811,-1.85005],[104.48216,-1.84733],[104.48292,-1.84082],[104.48401,-1.83811],[104.48472,-1.83431],[104.48305,-1.83268]],[[104.46708,-1.86334],[104.46857,-1.86268],[104.46934,-1.86144],[104.47073,-1.86038],[104.47232,-1.85846],[104.47226,-1.85683],[104.47275,-1.85602],[104.4722,-1.85547],[104.47321,-1.85493],[104.47335,-1.85276],[104.47311,-1.85222],[104.47186,-1.8514]],[[104.60638,-1.96323],[104.60779,-1.96244],[104.60931,-1.95973],[104.61076,-1.95837],[104.61231,-1.95757],[104.61258,-1.9566],[104.61312,-1.95729],[104.61366,-1.95717],[104.6162,-1.95512],[104.61933,-1.95333],[104.62019,-1.9524],[104.62162,-1.95023],[104.62272,-1.94643],[104.6237,-1.94426],[104.62639,-1.94074],[104.62662,-1.93971],[104.62742,-1.93945],[104.62823,-1.94016],[104.62877,-1.93994],[104.62877,-1.93927],[104.62843,-1.93884],[104.62985,-1.93766],[104.63174,-1.93672],[104.63417,-1.93642],[104.63444,-1.93592],[104.63579,-1.93543],[104.63795,-1.93544],[104.63983,-1.93643],[104.64091,-1.93622],[104.64241,-1.93504],[104.64346,-1.93368],[104.64325,-1.93314],[104.64373,-1.93178],[104.6438,-1.92988],[104.64535,-1.92934],[104.64543,-1.92744],[104.64445,-1.92201],[104.64319,-1.91903],[104.64018,-1.91523],[104.63491,-1.91061],[104.62447,-1.89942],[104.6106,-1.88618],[104.6103,-1.88645],[104.61061,-1.88672],[104.61044,-1.88716],[104.60882,-1.88576],[104.60855,-1.88485],[104.60781,-1.88401],[104.60603,-1.88265],[104.60397,-1.88048],[104.60046,-1.87781],[104.59904,-1.87613],[104.59615,-1.87395],[104.59534,-1.87375],[104.59426,-1.87262],[104.59384,-1.8726],[104.59372,-1.87204],[104.5921,-1.87088],[104.58995,-1.87027],[104.58968,-1.86962],[104.58906,-1.86962],[104.58928,-1.86935],[104.58891,-1.8688],[104.58833,-1.8689],[104.58779,-1.86818],[104.58563,-1.86744],[104.58024,-1.8638],[104.57673,-1.86258],[104.57727,-1.86244],[104.57727,-1.86202],[104.57592,-1.86089],[104.57538,-1.86085],[104.57511,-1.86137],[104.57484,-1.86116],[104.57457,-1.86158],[104.57268,-1.86068],[104.57201,-1.8612],[104.57188,-1.86074],[104.57009,-1.86039],[104.56945,-1.85983],[104.56729,-1.85963],[104.56729,-1.85927],[104.56675,-1.85905],[104.56594,-1.85931],[104.56513,-1.85884],[104.56482,-1.85821],[104.56218,-1.85713],[104.56271,-1.85685],[104.5608,-1.85685],[104.56055,-1.85628],[104.55952,-1.85604],[104.55958,-1.8555],[104.5592,-1.85522],[104.55812,-1.85612],[104.55488,-1.85423],[104.55219,-1.85323],[104.54544,-1.85556],[104.54328,-1.85692],[104.54113,-1.85897],[104.53967,-1.86255],[104.53997,-1.86336],[104.5398,-1.86472],[104.54073,-1.86581],[104.54055,-1.86608],[104.54091,-1.86662],[104.54049,-1.86771],[104.54048,-1.86906],[104.53974,-1.87096],[104.53977,-1.87205],[104.53868,-1.87476],[104.53764,-1.87612],[104.5372,-1.87775],[104.53658,-1.87829],[104.53546,-1.88168],[104.53391,-1.88345],[104.53415,-1.88453],[104.53264,-1.88453],[104.53337,-1.88616],[104.53307,-1.8886],[104.53195,-1.89159],[104.52965,-1.89511],[104.52879,-1.89837],[104.52737,-1.90081],[104.52738,-1.90163],[104.52647,-1.90353],[104.5264,-1.90651],[104.52607,-1.9076],[104.52369,-1.91221],[104.52254,-1.91357],[104.52272,-1.91438],[104.52331,-1.91452],[104.5243,-1.91411],[104.52547,-1.91312],[104.52569,-1.9133],[104.52407,-1.91493],[104.52228,-1.91764],[104.521,-1.9209],[104.52076,-1.92388],[104.52223,-1.92543]],[[104.47252,-1.8704],[104.47388,-1.8685],[104.47399,-1.86742],[104.4718,-1.86593],[104.47153,-1.86497],[104.46803,-1.86536]],[[104.47422,-1.88737],[104.47638,-1.88654],[104.47745,-1.88533],[104.47882,-1.88044],[104.47884,-1.87827],[104.47842,-1.8742],[104.47747,-1.87157],[104.47613,-1.8704],[104.47531,-1.87021],[104.47396,-1.87043],[104.47341,-1.87094]],[[104.46262,-1.90747],[104.46505,-1.90646],[104.46936,-1.90572],[104.47233,-1.90442],[104.47616,-1.90107],[104.47787,-1.89727],[104.47791,-1.89564],[104.47884,-1.89293],[104.47874,-1.89157],[104.47805,-1.88994],[104.47746,-1.88937],[104.47557,-1.88818],[104.47449,-1.88812]],[[104.46469,-1.92373],[104.46356,-1.91816],[104.46361,-1.91654],[104.46456,-1.91328],[104.46517,-1.90948],[104.46343,-1.90937],[104.46289,-1.90982]],[[104.497,-1.94803],[104.49632,-1.94477],[104.49604,-1.94097],[104.49696,-1.9331],[104.49614,-1.92985],[104.4939,-1.924],[104.49013,-1.91763],[104.48866,-1.91654],[104.48832,-1.91546],[104.48689,-1.91404],[104.48285,-1.91214],[104.48042,-1.91204],[104.47961,-1.91249],[104.47816,-1.91233]],[[104.47759,-1.91252],[104.47737,-1.91261]],[[104.47543,-1.91331],[104.47476,-1.91282],[104.47314,-1.91258],[104.47314,-1.91181],[104.47225,-1.91247],[104.47225,-1.91301],[104.47134,-1.9141],[104.47041,-1.91627],[104.46865,-1.924]],[[104.52169,-1.92644],[104.52034,-1.92594],[104.51899,-1.92598],[104.51629,-1.92521],[104.51508,-1.92525]],[[104.50806,-1.9287],[104.50645,-1.92958],[104.50574,-1.93148],[104.50525,-1.93419],[104.50289,-1.9369],[104.50226,-1.93713],[104.50131,-1.93853],[104.50059,-1.94233],[104.5008,-1.94722]],[[104.65373,-1.9627],[104.65224,-1.96347],[104.65278,-1.96357],[104.65251,-1.96435],[104.65197,-1.96389],[104.6517,-1.96425],[104.65143,-1.96406],[104.65085,-1.96435],[104.65083,-1.96517],[104.64693,-1.96652],[104.6463,-1.9672],[104.63953,-1.97059],[104.63848,-1.97152],[104.63794,-1.97249],[104.6374,-1.97239],[104.63686,-1.97321],[104.63632,-1.97298],[104.6343,-1.97489]],[[104.63102,-1.97806],[104.62984,-1.97947],[104.62956,-1.98036],[104.63019,-1.98199],[104.6313,-1.98308]],[[104.61177,-1.9861],[104.61285,-1.9867],[104.61447,-1.98701],[104.61555,-1.98627],[104.6165,-1.98497],[104.61718,-1.98199],[104.61671,-1.9752],[104.61687,-1.97357],[104.61522,-1.97005],[104.61258,-1.96745],[104.61177,-1.96719],[104.61158,-1.96652],[104.6111,-1.96624],[104.61122,-1.9657],[104.60996,-1.96434],[104.60908,-1.96395],[104.60719,-1.96504]],[[104.63065,-1.98425],[104.62971,-1.9836]],[[104.62767,-1.98484],[104.62454,-1.99176],[104.62246,-1.99447],[104.62111,-1.99569]],[[104.61885,-1.99787],[104.61797,-1.99974],[104.61554,-2.00167],[104.61473,-2.00276],[104.61333,-2.00343],[104.61284,-2.00455],[104.6123,-2.00497],[104.60691,-2.00767],[104.60282,-2.00804],[104.60243,-2.00885],[104.60358,-2.01048]],[[104.57184,-1.99847],[104.58219,-2.00084]],[[104.59113,-2.00217],[104.6007,-2.0018],[104.60286,-2.00135],[104.6058,-1.9999],[104.60907,-1.99637],[104.61295,-1.98959],[104.61093,-1.98769]],[[104.57848,-2.0083],[104.57876,-2.00586],[104.57589,-2.00468],[104.57265,-2.00222],[104.57103,-2.00164]],[[104.60329,-2.01075],[104.60124,-2.00904],[104.59989,-2.00874],[104.59935,-2.00832],[104.59612,-2.00819],[104.59517,-2.00851]],[[104.59059,-2.00802],[104.58829,-2.00769],[104.58627,-2.0067]],[[104.58159,-2.00763],[104.58152,-2.00817]]]}},{"id":"24","type":"Feature","properties":{"year":1994,"certainty":"insufficient data"},"geometry":{"type":"MultiLineString","coordinates":[[[104.46465,-1.92604],[104.46469,-1.92373]],[[104.47816,-1.91233],[104.47759,-1.91252]],[[104.47737,-1.91261],[104.4761,-1.91339],[104.47543,-1.91331]],[[104.46865,-1.924],[104.46834,-1.92631]],[[104.51508,-1.92525],[104.51413,-1.92494],[104.51306,-1.92517],[104.51178,-1.92714],[104.50847,-1.92829],[104.50806,-1.9287]],[[104.6343,-1.97489],[104.63102,-1.97806]],[[104.62971,-1.9836],[104.62849,-1.98305],[104.62767,-1.98484]],[[104.62111,-1.99569],[104.61885,-1.99787]],[[104.58219,-2.00084],[104.58857,-2.00221],[104.59113,-2.00217]],[[104.59517,-2.00851],[104.59423,-2.00818],[104.59059,-2.00802]],[[104.58627,-2.0067],[104.58344,-2.00555],[104.58236,-2.00561],[104.5818,-2.00641],[104.58159,-2.00763]],[[104.58152,-2.00817],[104.58142,-2.00858]]]}},{"id":"25","type":"Feature","properties":{"year":1995,"certainty":"good"},"geometry":{"type":"MultiLineString","coordinates":[[[104.48348,-1.83214],[104.4853,-1.83329],[104.48719,-1.83143],[104.48827,-1.83099],[104.48972,-1.82779],[104.49177,-1.82442],[104.49532,-1.82047],[104.49663,-1.81787],[104.50014,-1.81541],[104.50203,-1.81326],[104.50317,-1.81151],[104.50389,-1.80907]],[[104.47262,-1.85053],[104.47504,-1.85153],[104.47774,-1.85195],[104.4799,-1.85124],[104.48067,-1.85032],[104.48211,-1.84706],[104.48291,-1.83946],[104.48386,-1.83784],[104.48428,-1.83621],[104.48418,-1.83539],[104.48463,-1.83458],[104.48458,-1.83404],[104.48304,-1.83268]],[[104.46722,-1.8634],[104.46857,-1.86269],[104.47226,-1.85846],[104.47209,-1.8571],[104.47272,-1.85602],[104.47191,-1.85547],[104.47303,-1.85493],[104.47333,-1.85276],[104.47309,-1.85222],[104.4719,-1.8514]],[[104.60638,-1.96321],[104.60776,-1.96244],[104.60935,-1.95961],[104.61071,-1.95837],[104.61229,-1.95756],[104.61258,-1.95659],[104.61312,-1.95725],[104.61366,-1.9571],[104.61798,-1.95376],[104.61892,-1.95346]],[[104.62023,-1.95227],[104.62027,-1.95221]],[[104.62043,-1.952],[104.62161,-1.94996],[104.6223,-1.9471],[104.62365,-1.94373],[104.62635,-1.94015],[104.62662,-1.93935],[104.62769,-1.93916],[104.62995,-1.93721],[104.63093,-1.93704],[104.63244,-1.93585],[104.63309,-1.93594],[104.63405,-1.93531],[104.63498,-1.93537],[104.63633,-1.93493],[104.63768,-1.93516],[104.63929,-1.93624],[104.6401,-1.93641],[104.64172,-1.93568],[104.64294,-1.93423],[104.64373,-1.93178],[104.6438,-1.92988],[104.64438,-1.92961],[104.64382,-1.9288],[104.64411,-1.92853],[104.64445,-1.92608],[104.64449,-1.92391],[104.64419,-1.92174],[104.64235,-1.91821],[104.63881,-1.91441],[104.63107,-1.90735],[104.6286,-1.90437],[104.62275,-1.89867],[104.62258,-1.89829],[104.62295,-1.89812],[104.62177,-1.89695],[104.62069,-1.89644],[104.62015,-1.89549],[104.61988,-1.89557],[104.61961,-1.89486],[104.61934,-1.89491],[104.61907,-1.89442],[104.6188,-1.89483],[104.61315,-1.88916],[104.60882,-1.88575],[104.60802,-1.88445],[104.60748,-1.88431],[104.60724,-1.88374],[104.60667,-1.88347],[104.6041,-1.88075],[104.60288,-1.88021],[104.60307,-1.87993],[104.60006,-1.87749],[104.59399,-1.87315],[104.58831,-1.86962],[104.5859,-1.86766],[104.58212,-1.86591],[104.58106,-1.86473],[104.57813,-1.8631],[104.57484,-1.8626],[104.56972,-1.86023],[104.56594,-1.85935],[104.56438,-1.85848],[104.56459,-1.8582],[104.56432,-1.85843],[104.56378,-1.85795],[104.56298,-1.85801],[104.56271,-1.85766],[104.56163,-1.85738],[104.56055,-1.85667],[104.56055,-1.8563],[104.55974,-1.85622],[104.5592,-1.85551],[104.55839,-1.85546],[104.55785,-1.85583],[104.55709,-1.85536]],[[104.55475,-1.85415],[104.55273,-1.85322],[104.55057,-1.85324],[104.5449,-1.85573],[104.5432,-1.85685],[104.54047,-1.85983],[104.5397,-1.86173],[104.53973,-1.86296]],[[104.53883,-1.87442],[104.53771,-1.87612],[104.53735,-1.87758],[104.53611,-1.87937],[104.53558,-1.88155],[104.53394,-1.88345],[104.53399,-1.88426],[104.53264,-1.88453],[104.53325,-1.88562],[104.53342,-1.8867],[104.53266,-1.88955]],[[104.53111,-1.89308],[104.531,-1.89319]],[[104.53089,-1.89335],[104.53073,-1.8936]],[[104.53057,-1.89389],[104.53046,-1.89405]],[[104.5304,-1.89417],[104.53019,-1.8944]],[[104.52942,-1.89634],[104.52938,-1.89652]],[[104.52934,-1.89661],[104.52911,-1.89721]],[[104.52809,-1.89986],[104.52733,-1.90081],[104.52731,-1.90163],[104.52645,-1.90353],[104.52644,-1.90475]],[[104.52623,-1.90556],[104.5264,-1.90651],[104.52602,-1.90787],[104.52344,-1.91261]],[[104.52452,-1.91397],[104.52547,-1.91312],[104.52566,-1.9133],[104.52231,-1.91764],[104.52115,-1.92076]],[[104.47252,-1.8704],[104.4739,-1.8685],[104.47411,-1.86769],[104.47315,-1.8673],[104.47099,-1.86483],[104.46965,-1.86467],[104.46938,-1.86504],[104.46803,-1.86495],[104.46803,-1.86524]],[[104.47422,-1.88735],[104.4749,-1.88714]],[[104.475,-1.88709],[104.47517,-1.88704]],[[104.47625,-1.88651],[104.4771,-1.88587],[104.47874,-1.88044],[104.47849,-1.8761],[104.47801,-1.87474],[104.4783,-1.8742],[104.47739,-1.8723],[104.47748,-1.87176],[104.47639,-1.87077],[104.47504,-1.87024],[104.47333,-1.87094]],[[104.46815,-1.90607],[104.46936,-1.90585],[104.47085,-1.90509]],[[104.47624,-1.90094],[104.47624,-1.90093]],[[104.47651,-1.90045],[104.47669,-1.90012]],[[104.47678,-1.89996],[104.47788,-1.89727],[104.4779,-1.89564],[104.47879,-1.89306]],[[104.47463,-1.88808],[104.47449,-1.88811]],[[104.4639,-1.9202],[104.46381,-1.91966]],[[104.46372,-1.91884],[104.46356,-1.91824]],[[104.46356,-1.91802],[104.46358,-1.91749]],[[104.46362,-1.9164],[104.46439,-1.91369]],[[104.497,-1.94803],[104.49632,-1.94477],[104.49604,-1.94097],[104.49683,-1.93297]],[[104.49282,-1.92238],[104.49247,-1.92157]],[[104.48541,-1.91315],[104.4846,-1.91281]],[[104.47337,-1.9126],[104.47311,-1.91247],[104.47368,-1.91135],[104.47222,-1.91247],[104.4722,-1.91301],[104.47155,-1.91355],[104.47078,-1.91505]],[[104.46924,-1.92047],[104.4689,-1.92237]],[[104.51859,-1.9258],[104.51589,-1.92527]],[[104.50806,-1.9287],[104.5064,-1.92958],[104.50613,-1.93093],[104.50567,-1.93148],[104.50525,-1.93419],[104.50131,-1.93826],[104.50041,-1.94369],[104.50076,-1.94722]],[[104.65373,-1.96299],[104.65251,-1.96429],[104.65206,-1.96435],[104.65218,-1.96463],[104.65143,-1.96436],[104.65092,-1.96517],[104.64711,-1.96666],[104.64522,-1.96784],[104.64495,-1.96833],[104.64279,-1.96889],[104.63929,-1.97077],[104.63794,-1.97241],[104.6374,-1.97242],[104.63686,-1.97319],[104.63632,-1.97293],[104.6343,-1.97486]],[[104.63107,-1.97806],[104.62984,-1.97946],[104.62952,-1.98036],[104.63028,-1.98226],[104.63119,-1.98309]],[[104.61177,-1.98608],[104.61285,-1.98667],[104.61447,-1.987],[104.61555,-1.98627],[104.61647,-1.9847],[104.61689,-1.98253],[104.61691,-1.97846],[104.61652,-1.9752],[104.61677,-1.97357],[104.61433,-1.9695],[104.61258,-1.96842],[104.61277,-1.96814],[104.6124,-1.9676],[104.61094,-1.96679],[104.611,-1.96624],[104.61022,-1.96543],[104.60955,-1.96407],[104.60908,-1.96392],[104.60719,-1.96498]],[[104.63065,-1.98414],[104.62849,-1.98305],[104.62457,-1.99176],[104.62269,-1.99415]],[[104.61881,-1.99787],[104.61797,-1.99973],[104.61635,-2.00086],[104.61473,-2.00271],[104.61331,-2.00343],[104.61284,-2.00455],[104.61211,-2.00506],[104.60691,-2.00763],[104.60313,-2.00794],[104.60259,-2.00823],[104.6026,-2.0094],[104.60351,-2.01048]],[[104.57157,-1.99925],[104.57211,-1.99873],[104.57293,-1.9988],[104.57292,-1.9994],[104.57319,-1.99902],[104.57346,-1.99936],[104.574,-1.99905],[104.57508,-1.99904],[104.5825,-2.00092]],[[104.59113,-2.00219],[104.6007,-2.00182],[104.60286,-2.00135],[104.60556,-2.00008],[104.60923,-1.9961],[104.61128,-1.99203],[104.61267,-1.99013],[104.61277,-1.98931],[104.61096,-1.98768]],[[104.58215,-2.00206],[104.58223,-2.00202]],[[104.58223,-2.00187],[104.58215,-2.00206]],[[104.57853,-2.00831],[104.57881,-2.00586],[104.57563,-2.0045],[104.57265,-2.00192],[104.57103,-2.00158]],[[104.60331,-2.01075],[104.60124,-2.009],[104.59989,-2.00877],[104.59908,-2.00822],[104.59612,-2.00821],[104.59531,-2.00855],[104.59423,-2.00818],[104.58937,-2.00797],[104.58668,-2.00682],[104.58537,-2.00586],[104.58357,-2.00559]],[[104.5833,-2.00551],[104.58319,-2.00546]],[[104.58284,-2.00546],[104.58209,-2.00571],[104.58163,-2.00641],[104.58141,-2.00858]]]}},{"id":"26","type":"Feature","properties":{"year":1995,"certainty":"insufficient data"},"geometry":{"type":"MultiLineString","coordinates":[[[104.61892,-1.95346],[104.62023,-1.95227]],[[104.62027,-1.95221],[104.62043,-1.952]],[[104.55709,-1.85536],[104.55688,-1.85523],[104.55778,-1.85441],[104.55596,-1.85478],[104.55542,-1.85415],[104.55475,-1.85415]],[[104.53973,-1.86296],[104.53996,-1.86336],[104.53981,-1.86472],[104.54073,-1.86581],[104.54042,-1.86608],[104.54088,-1.86662],[104.54038,-1.86961],[104.53994,-1.87042],[104.53984,-1.87205],[104.53883,-1.87442]],[[104.53266,-1.88955],[104.53111,-1.89308]],[[104.531,-1.89319],[104.53089,-1.89335]],[[104.53073,-1.8936],[104.53057,-1.89389]],[[104.53046,-1.89405],[104.5304,-1.89417]],[[104.53019,-1.8944],[104.52961,-1.89511],[104.52942,-1.89634]],[[104.52938,-1.89652],[104.52934,-1.89661]],[[104.52911,-1.89721],[104.52809,-1.89986]],[[104.52644,-1.90475],[104.52623,-1.90556]],[[104.52344,-1.91261],[104.52267,-1.9133],[104.52276,-1.91438],[104.52358,-1.91444],[104.52452,-1.91397]],[[104.52115,-1.92076],[104.52063,-1.92252],[104.52072,-1.92388],[104.52223,-1.92541]],[[104.4749,-1.88714],[104.475,-1.88709]],[[104.47517,-1.88704],[104.47625,-1.88651]],[[104.46262,-1.90747],[104.46505,-1.90646],[104.46815,-1.90607]],[[104.47085,-1.90509],[104.47314,-1.90389],[104.47624,-1.90094]],[[104.47624,-1.90093],[104.47651,-1.90045]],[[104.47669,-1.90012],[104.47678,-1.89996]],[[104.47879,-1.89306],[104.47864,-1.8913],[104.47773,-1.88967],[104.47557,-1.88819],[104.47463,-1.88808]],[[104.46464,-1.92604],[104.46441,-1.92576],[104.46467,-1.92332],[104.4639,-1.9202]],[[104.46381,-1.91966],[104.46372,-1.91884]],[[104.46356,-1.91824],[104.46356,-1.91802]],[[104.46358,-1.91749],[104.46362,-1.9164]],[[104.46439,-1.91369],[104.46458,-1.91138],[104.46518,-1.90948],[104.46343,-1.90934],[104.46289,-1.9098]],[[104.49683,-1.93297],[104.49489,-1.92659],[104.49282,-1.92238]],[[104.49247,-1.92157],[104.4904,-1.91823],[104.48851,-1.91672],[104.48793,-1.91519],[104.48541,-1.91315]],[[104.4846,-1.91281],[104.48285,-1.91212],[104.48069,-1.91206],[104.47961,-1.91253],[104.47826,-1.91232],[104.47583,-1.91342],[104.47476,-1.91284],[104.47337,-1.9126]],[[104.47078,-1.91505],[104.46924,-1.92047]],[[104.4689,-1.92237],[104.46839,-1.92631]],[[104.52169,-1.92643],[104.52007,-1.92586],[104.51859,-1.9258]],[[104.51589,-1.92527],[104.51386,-1.92491],[104.51306,-1.92517],[104.51194,-1.92714],[104.50874,-1.92814],[104.50806,-1.9287]],[[104.6343,-1.97486],[104.63107,-1.97806]],[[104.62269,-1.99415],[104.61881,-1.99787]],[[104.5825,-2.00092],[104.58317,-2.00108],[104.58344,-2.00155],[104.58354,-2.00125],[104.58427,-2.00125],[104.5839,-2.00152],[104.58391,-2.00206],[104.58425,-2.00236],[104.58452,-2.00212],[104.58479,-2.00266],[104.58533,-2.00248],[104.58587,-2.0017],[104.5883,-2.00218],[104.59113,-2.00219]],[[104.58223,-2.00202],[104.58271,-2.00179],[104.58236,-2.00148],[104.58223,-2.00187]],[[104.58357,-2.00559],[104.5833,-2.00551]],[[104.58319,-2.00546],[104.58284,-2.00546]]]}},{"id":"27","type":"Feature","properties":{"year":1995,"certainty":"good"},"geometry":{"type":"MultiLineString","coordinates":[[[104.52147,-1.71486],[104.5239,-1.71419],[104.52471,-1.71355],[104.52633,-1.7112],[104.52772,-1.71001],[104.52715,-1.70947],[104.52789,-1.7092],[104.52741,-1.70891],[104.52633,-1.70915],[104.52579,-1.70888],[104.52525,-1.70925],[104.52498,-1.70884],[104.52454,-1.70893],[104.52464,-1.70866],[104.52394,-1.70811],[104.52067,-1.70133],[104.52009,-1.70078],[104.51983,-1.69943],[104.5175,-1.69698],[104.5115,-1.68808],[104.50909,-1.68585],[104.50855,-1.6845],[104.50746,-1.68416],[104.50695,-1.68314],[104.50546,-1.68151],[104.50476,-1.68132],[104.50449,-1.68169],[104.50408,-1.68151],[104.5044,-1.68124],[104.50422,-1.6811],[104.50395,-1.68132],[104.50341,-1.68106],[104.50315,-1.6807],[104.50347,-1.68042],[104.50325,-1.68015],[104.50314,-1.68069],[104.50044,-1.67957],[104.50054,-1.67988],[104.50012,-1.67988],[104.49991,-1.67821],[104.49937,-1.67802],[104.49873,-1.67717],[104.49795,-1.67581],[104.4975,-1.67418],[104.49717,-1.67418],[104.49647,-1.67255],[104.49559,-1.67172],[104.49488,-1.66984],[104.49451,-1.6698],[104.49392,-1.66875],[104.49428,-1.66712],[104.49257,-1.66577],[104.49123,-1.66251],[104.4898,-1.66061],[104.48857,-1.65789],[104.48327,-1.64921],[104.48319,-1.64763],[104.48234,-1.64677],[104.48211,-1.64584],[104.48184,-1.64622],[104.48157,-1.64449],[104.4813,-1.64446],[104.48023,-1.64124],[104.47992,-1.64106],[104.47969,-1.63985],[104.47888,-1.63873],[104.47857,-1.63889],[104.47836,-1.63754],[104.47754,-1.63645],[104.4775,-1.63591],[104.47645,-1.63552],[104.47588,-1.63401],[104.47621,-1.63346],[104.47564,-1.63336],[104.47502,-1.63211],[104.47532,-1.63184],[104.47502,-1.63156],[104.47533,-1.63102],[104.47484,-1.63052],[104.47457,-1.63082],[104.47468,-1.62966],[104.4743,-1.62973],[104.47409,-1.62939],[104.47437,-1.62912],[104.47361,-1.62885],[104.47378,-1.62858],[104.4714,-1.62261],[104.4703,-1.62206],[104.47055,-1.62125],[104.46993,-1.62016],[104.4701,-1.61989],[104.46959,-1.61826],[104.46836,-1.61636],[104.46845,-1.61528],[104.46794,-1.61501],[104.46779,-1.61446],[104.46837,-1.61338],[104.4675,-1.61229],[104.46702,-1.60865],[104.46636,-1.60822],[104.46548,-1.60578],[104.46499,-1.60551],[104.46526,-1.60524],[104.46502,-1.60388],[104.46305,-1.59926],[104.46325,-1.59858],[104.46265,-1.59818],[104.46298,-1.59764],[104.46266,-1.59736],[104.46237,-1.59601],[104.46163,-1.59492],[104.46163,-1.59332],[104.46106,-1.59221],[104.46013,-1.58814],[104.45944,-1.58705],[104.45981,-1.58624],[104.45959,-1.58515],[104.45903,-1.58488],[104.45917,-1.58461],[104.45885,-1.58434],[104.45926,-1.58379],[104.45863,-1.58298],[104.45887,-1.58216],[104.45867,-1.58196],[104.4584,-1.58223],[104.45807,-1.58135],[104.45842,-1.58108],[104.45824,-1.57999],[104.45773,-1.57972],[104.45733,-1.57891],[104.45705,-1.57701],[104.45734,-1.57674],[104.4562,-1.57402],[104.45489,-1.56579],[104.45391,-1.56479],[104.45438,-1.56425],[104.45416,-1.56398],[104.45434,-1.56371],[104.45409,-1.56345],[104.45382,-1.56363],[104.45347,-1.56316],[104.45384,-1.56235],[104.45368,-1.56208],[104.45409,-1.56161],[104.45436,-1.56175],[104.4549,-1.56135],[104.45517,-1.56188],[104.45553,-1.56127],[104.45478,-1.55991],[104.45409,-1.55992],[104.45382,-1.56058],[104.45324,-1.56045],[104.45328,-1.55928],[104.45382,-1.55931],[104.45362,-1.55964],[104.45409,-1.55989],[104.45434,-1.55937],[104.45445,-1.55828],[104.45392,-1.55774],[104.45436,-1.55613],[104.45457,-1.55692],[104.45545,-1.55801],[104.45503,-1.55665],[104.45445,-1.55611],[104.4549,-1.55606],[104.4549,-1.55569],[104.45409,-1.55481],[104.45359,-1.55475],[104.45382,-1.55438],[104.45409,-1.55469],[104.45428,-1.55421],[104.45379,-1.55204],[104.45384,-1.55068],[104.45328,-1.55084],[104.45318,-1.54987],[104.45271,-1.54932],[104.45351,-1.54878],[104.45297,-1.54769],[104.45301,-1.54739],[104.4533,-1.54742],[104.45294,-1.54688],[104.45293,-1.54634],[104.45326,-1.54607],[104.45291,-1.54552],[104.45328,-1.54519],[104.45274,-1.54498],[104.45323,-1.54471],[104.45321,-1.54389],[104.45274,-1.54335],[104.45311,-1.54308],[104.45247,-1.54203],[104.45168,-1.54172],[104.45166,-1.54082],[104.45113,-1.54062],[104.44991,-1.53928],[104.44978,-1.53861],[104.44897,-1.5377],[104.44871,-1.53629],[104.44838,-1.53602],[104.44859,-1.53575],[104.44762,-1.53483],[104.44735,-1.53222],[104.44627,-1.52983],[104.44552,-1.52924],[104.44572,-1.52815],[104.4452,-1.52771],[104.44545,-1.52734],[104.4445,-1.52517],[104.44433,-1.52245],[104.44396,-1.52082],[104.44358,-1.52065],[104.4437,-1.52028],[104.44303,-1.51892],[104.44302,-1.51784],[104.44223,-1.51682],[104.44253,-1.51648],[104.44231,-1.51594],[104.44169,-1.51601],[104.44148,-1.51567],[104.44202,-1.51322],[104.44157,-1.51159],[104.4418,-1.51078],[104.44169,-1.51038],[104.44142,-1.51075],[104.44127,-1.51024],[104.44151,-1.50942],[104.4412,-1.50915],[104.4415,-1.50861],[104.44109,-1.50779],[104.44123,-1.50671],[104.44081,-1.50644],[104.4407,-1.50589],[104.44123,-1.50508],[104.44097,-1.50427],[104.44116,-1.50366],[104.44082,-1.50345],[104.44089,-1.50067],[104.44062,-1.50093],[104.4404,-1.50074],[104.44062,-1.49992],[104.43998,-1.49965],[104.44013,-1.49748],[104.43979,-1.49694],[104.4401,-1.49585],[104.43919,-1.49477],[104.43927,-1.49418],[104.43981,-1.49499],[104.43999,-1.49477],[104.43966,-1.4945],[104.44014,-1.49341],[104.44042,-1.4907],[104.44025,-1.48934],[104.44098,-1.48527],[104.44089,-1.48416],[104.44026,-1.48418],[104.44061,-1.48364],[104.44116,-1.48349],[104.44146,-1.48174],[104.44125,-1.48093],[104.44226,-1.47875],[104.44248,-1.47767],[104.44228,-1.4774],[104.44257,-1.47686],[104.44234,-1.47604],[104.44292,-1.4755],[104.44281,-1.47333],[104.44338,-1.47224],[104.44307,-1.47143],[104.44366,-1.47088],[104.44418,-1.46708],[104.44499,-1.46627],[104.44463,-1.46519],[104.44499,-1.46274],[104.44552,-1.46193],[104.44603,-1.46003],[104.44589,-1.45949],[104.4471,-1.45843],[104.44696,-1.45813],[104.44737,-1.45773],[104.44723,-1.45542],[104.44737,-1.45516],[104.44764,-1.45568],[104.44791,-1.45555],[104.44789,-1.45379],[104.44818,-1.45395],[104.44818,-1.45349],[104.44845,-1.45348],[104.44878,-1.4527],[104.4483,-1.45189],[104.44911,-1.45134],[104.44867,-1.45107],[104.44926,-1.45068],[104.44985,-1.44863],[104.44953,-1.4481],[104.45007,-1.4481],[104.44996,-1.447],[104.45007,-1.44676],[104.45035,-1.447],[104.45005,-1.44592],[104.45067,-1.44537],[104.45046,-1.4451],[104.45091,-1.44456],[104.45087,-1.44347],[104.45124,-1.44266],[104.45175,-1.44239],[104.45151,-1.44185],[104.45205,-1.43967],[104.45196,-1.43838],[104.45226,-1.43832],[104.45297,-1.43696],[104.45258,-1.43669],[104.45289,-1.43615],[104.45269,-1.43533],[104.45304,-1.43506],[104.45304,-1.43457],[104.45331,-1.43475],[104.45394,-1.43425],[104.4537,-1.43343],[104.45257,-1.43235],[104.45304,-1.43228],[104.45412,-1.43113],[104.45493,-1.43149],[104.45585,-1.43126],[104.45574,-1.43102],[104.4552,-1.43125],[104.45507,-1.43099],[104.4557,-1.43072],[104.4554,-1.42936],[104.45601,-1.429],[104.45601,-1.42971],[104.45682,-1.42973],[104.45633,-1.42909],[104.45682,-1.42891],[104.45709,-1.42931],[104.45754,-1.42855],[104.45712,-1.42719],[104.45756,-1.42692],[104.45722,-1.42665],[104.45724,-1.42611],[104.4578,-1.42393],[104.45744,-1.42312],[104.45822,-1.41661],[104.45701,-1.40168],[104.4561,-1.39679],[104.45391,-1.39028],[104.4536,-1.38838],[104.45293,-1.38729],[104.45277,-1.38567],[104.45312,-1.38241],[104.45302,-1.37535],[104.45363,-1.37291],[104.45302,-1.37264],[104.45302,-1.36965],[104.4535,-1.36965],[104.45358,-1.3702],[104.45386,-1.37011],[104.4544,-1.37149],[104.4548,-1.37047],[104.45465,-1.36965],[104.45522,-1.3683],[104.45655,-1.35669]],[[104.44035,-1.48307],[104.44093,-1.4831],[104.44035,-1.4835],[104.4401,-1.48337],[104.44033,-1.4831]],[[104.4548,-1.56316],[104.45473,-1.56262],[104.45463,-1.56234],[104.45452,-1.56289],[104.4548,-1.56316]],[[104.50473,-1.80328],[104.50931,-1.80664],[104.51039,-1.80699],[104.51147,-1.80692],[104.51633,-1.80493],[104.51713,-1.80383],[104.51875,-1.8035],[104.52005,-1.80392],[104.52091,-1.8029],[104.52172,-1.80273],[104.52253,-1.80174],[104.52442,-1.80157],[104.52577,-1.80005],[104.53005,-1.80039],[104.53473,-1.7966],[104.53683,-1.79334],[104.53779,-1.79117],[104.53841,-1.79063],[104.53872,-1.78977],[104.53919,-1.78954],[104.53926,-1.78869],[104.54007,-1.7879],[104.54034,-1.78805],[104.54042,-1.78737],[104.54187,-1.78574],[104.54249,-1.78552],[104.54239,-1.7852],[104.54357,-1.78425],[104.54371,-1.78357],[104.54456,-1.78357],[104.54367,-1.7852],[104.54276,-1.78598],[104.54281,-1.78683],[104.54357,-1.78628],[104.54546,-1.78595],[104.54573,-1.78551],[104.54584,-1.78303],[104.5455,-1.78248],[104.54494,-1.77868],[104.54475,-1.77543],[104.54213,-1.76131],[104.54172,-1.75426],[104.54029,-1.75236],[104.5388,-1.74937],[104.53816,-1.7472],[104.5383,-1.74666],[104.53738,-1.74465],[104.53768,-1.74421],[104.53682,-1.74123],[104.53635,-1.73797],[104.53509,-1.7358],[104.53199,-1.72732],[104.5318,-1.72576],[104.52617,-1.71761],[104.52417,-1.7153],[104.52336,-1.71508],[104.52194,-1.71544]],[[104.50383,-1.80904],[104.50426,-1.80609],[104.50311,-1.80453]]]}},{"id":"28","type":"Feature","properties":{"year":1996,"certainty":"good"},"geometry":{"type":"MultiLineString","coordinates":[[[104.52147,-1.71487],[104.52444,-1.71386],[104.52699,-1.71056],[104.52713,-1.71029],[104.5267,-1.71001],[104.52727,-1.70974],[104.5266,-1.70963],[104.52638,-1.7092],[104.52552,-1.70885],[104.52498,-1.70912],[104.52405,-1.70811],[104.52101,-1.70214],[104.51906,-1.69916],[104.51161,-1.68857],[104.51017,-1.68694],[104.50826,-1.68509],[104.50341,-1.68141],[104.50125,-1.68055],[104.50125,-1.68012],[104.50017,-1.67995],[104.50049,-1.67961],[104.50023,-1.67934],[104.50039,-1.67907],[104.49937,-1.6789],[104.49826,-1.67771],[104.49763,-1.67635],[104.49758,-1.67472],[104.49387,-1.66902],[104.49403,-1.66685],[104.49303,-1.66658],[104.49243,-1.66577],[104.49155,-1.6635],[104.48956,-1.66034],[104.48863,-1.65817],[104.48353,-1.64975],[104.47878,-1.64052],[104.4792,-1.63998],[104.47888,-1.63925],[104.47794,-1.63889],[104.47349,-1.63123],[104.47002,-1.62315],[104.46968,-1.62288],[104.46905,-1.62125],[104.46931,-1.61962],[104.46807,-1.61799],[104.46844,-1.61745],[104.46777,-1.61609],[104.46794,-1.61555],[104.46675,-1.61493],[104.46675,-1.61454],[104.46764,-1.61446],[104.46702,-1.61443],[104.46653,-1.61392],[104.46706,-1.61202],[104.46655,-1.61039],[104.46601,-1.60985],[104.46604,-1.60931],[104.46552,-1.60849],[104.46513,-1.60818],[104.46486,-1.60875],[104.46477,-1.60849],[104.46443,-1.60714],[104.46486,-1.60669],[104.46567,-1.60749],[104.46567,-1.6069],[104.46352,-1.60027],[104.46293,-1.59899],[104.46233,-1.59845],[104.46244,-1.59774],[104.46183,-1.59764],[104.46233,-1.59736],[104.46131,-1.59519],[104.46136,-1.59444],[104.45975,-1.58922],[104.45976,-1.58841],[104.4592,-1.5878],[104.45893,-1.58802],[104.45874,-1.58759],[104.45906,-1.58705],[104.45899,-1.58596],[104.45839,-1.58542],[104.45786,-1.58135],[104.45757,-1.58135],[104.4576,-1.57945],[104.45732,-1.57937],[104.45678,-1.57991],[104.45654,-1.57972],[104.45637,-1.57755],[104.45458,-1.57104],[104.45451,-1.56941],[104.45515,-1.56832],[104.45472,-1.56724],[104.45482,-1.56642],[104.45434,-1.56588],[104.45462,-1.56611],[104.45492,-1.56561],[104.45363,-1.56452],[104.45373,-1.56371],[104.45317,-1.56316],[104.45382,-1.56268],[104.45369,-1.56208],[104.45409,-1.56164],[104.45475,-1.56316],[104.45543,-1.56317],[104.45551,-1.56262],[104.45518,-1.56208],[104.45517,-1.56071],[104.45436,-1.55909],[104.45436,-1.55747],[104.45268,-1.54959],[104.45237,-1.54688],[104.45274,-1.54576],[104.45202,-1.54579],[104.4522,-1.54542],[104.45274,-1.54543],[104.45279,-1.54498],[104.4522,-1.54326],[104.45074,-1.54227],[104.44663,-1.53304],[104.44485,-1.52788],[104.44446,-1.52761],[104.44465,-1.52707],[104.4439,-1.52625],[104.44367,-1.52137],[104.44303,-1.52028],[104.44233,-1.51784],[104.44167,-1.51757],[104.44136,-1.51675],[104.44061,-1.51603],[104.43977,-1.51295],[104.44008,-1.51295],[104.44013,-1.51241],[104.43981,-1.5126],[104.43954,-1.51184],[104.43919,-1.50779],[104.43976,-1.50264],[104.43956,-1.49857],[104.43986,-1.49748],[104.43955,-1.49667],[104.4401,-1.49097],[104.43986,-1.4907],[104.43986,-1.48744],[104.44042,-1.4869],[104.44019,-1.48581],[104.44066,-1.485],[104.44098,-1.48011],[104.44116,-1.4796],[104.44152,-1.47984],[104.44118,-1.47957],[104.44247,-1.47061],[104.44477,-1.46166],[104.44656,-1.45777],[104.44802,-1.45189],[104.44928,-1.44863],[104.44924,-1.44782],[104.45007,-1.44623],[104.44971,-1.44592],[104.45061,-1.44465],[104.45044,-1.44429],[104.45142,-1.44185],[104.45139,-1.44157],[104.45066,-1.4413],[104.45097,-1.44076],[104.45108,-1.43913],[104.45169,-1.43841],[104.45221,-1.43588],[104.45307,-1.43425],[104.4525,-1.43413],[104.45223,-1.4345],[104.45142,-1.43399],[104.45142,-1.4336],[104.45223,-1.43347],[104.45277,-1.4339],[104.45331,-1.43351],[104.45338,-1.43289],[104.45282,-1.43262],[104.45333,-1.4318],[104.45304,-1.43121],[104.45493,-1.43081],[104.45544,-1.42936],[104.45601,-1.42871],[104.45767,-1.42828],[104.45741,-1.42746],[104.45791,-1.42366],[104.45776,-1.42122],[104.45822,-1.41661],[104.45693,-1.40168],[104.45501,-1.39354],[104.45275,-1.38784],[104.45285,-1.38282]],[[104.45275,-1.38064],[104.45287,-1.37902]],[[104.45296,-1.37576],[104.45295,-1.37372],[104.45332,-1.37309],[104.45413,-1.37273],[104.45467,-1.37155],[104.45413,-1.37077],[104.45354,-1.37074],[104.45406,-1.37047],[104.45454,-1.36952]],[[104.45452,-1.36843],[104.45454,-1.3684]],[[104.45454,-1.36823],[104.45437,-1.36775],[104.45497,-1.36667],[104.45508,-1.36548]],[[104.45409,-1.5672],[104.45457,-1.56724],[104.45451,-1.56805],[104.45481,-1.56832],[104.45435,-1.56847]],[[104.50473,-1.80333],[104.50926,-1.80663],[104.51039,-1.80701],[104.51147,-1.80695],[104.5162,-1.805],[104.51713,-1.80382],[104.51848,-1.80349],[104.52002,-1.80392],[104.52091,-1.80285],[104.52145,-1.80285],[104.52253,-1.80166],[104.52442,-1.80154],[104.52577,-1.79998],[104.53008,-1.80032],[104.53251,-1.79804],[104.53469,-1.7966],[104.53683,-1.79184],[104.53737,-1.79109],[104.53769,-1.79117],[104.53761,-1.79063],[104.53818,-1.79066],[104.53844,-1.79035],[104.5417,-1.78547],[104.54222,-1.78571],[104.5433,-1.78502],[104.54384,-1.78379],[104.54492,-1.78315],[104.54516,-1.78357],[104.54452,-1.78411],[104.54531,-1.78438],[104.54438,-1.78455],[104.54333,-1.78601],[104.54384,-1.78627],[104.54535,-1.78574],[104.54579,-1.78466],[104.5455,-1.78411],[104.546,-1.78357],[104.54573,-1.78292],[104.54474,-1.78248],[104.54489,-1.78167],[104.54447,-1.78004],[104.54472,-1.7795],[104.54422,-1.77868],[104.54417,-1.77787],[104.54465,-1.77782],[104.54476,-1.7757],[104.54156,-1.75904]],[[104.54149,-1.75819],[104.54147,-1.75792]],[[104.54143,-1.75765],[104.54115,-1.75522],[104.54084,-1.75507],[104.54091,-1.75399],[104.53969,-1.75127],[104.53988,-1.751],[104.53902,-1.74856],[104.53846,-1.74797],[104.53849,-1.74693],[104.53669,-1.74123],[104.53633,-1.73851],[104.53219,-1.72766],[104.53246,-1.72711],[104.52423,-1.71544],[104.52336,-1.71506],[104.52201,-1.71546]],[[104.50386,-1.80904],[104.50429,-1.80609],[104.50395,-1.80527],[104.50311,-1.80448]]]}},{"id":"29","type":"Feature","properties":{"year":1996,"certainty":"insufficient data"},"geometry":{"type":"MultiLineString","coordinates":[[[104.50297,-1.81182],[104.50388,-1.80907]],[[104.61731,-1.95445],[104.61732,-1.95444]],[[104.61812,-1.95398],[104.61933,-1.95336],[104.62047,-1.952]],[[104.62054,-1.95189],[104.62065,-1.95173]],[[104.62108,-1.95096],[104.62111,-1.95091]],[[104.55721,-1.85509],[104.55675,-1.85468],[104.55569,-1.85455],[104.55542,-1.85357],[104.55515,-1.85385],[104.553,-1.85255],[104.55192,-1.85321],[104.54558,-1.85553]],[[104.54015,-1.86051],[104.53964,-1.86201],[104.53997,-1.86336],[104.53976,-1.86445],[104.54078,-1.86581],[104.54037,-1.86608],[104.54094,-1.86662],[104.54063,-1.86743],[104.54071,-1.86866]],[[104.54015,-1.87083],[104.54018,-1.87096]],[[104.54018,-1.87096],[104.53904,-1.87476],[104.53797,-1.87612],[104.53775,-1.87728]],[[104.53667,-1.87852],[104.53665,-1.8787]],[[104.53316,-1.88843],[104.53195,-1.89159],[104.53057,-1.89389]],[[104.53046,-1.89405],[104.5304,-1.89417]],[[104.53019,-1.89442],[104.52962,-1.89511],[104.52943,-1.89647],[104.52821,-1.89973],[104.52763,-1.9005],[104.52726,-1.90054],[104.52761,-1.90109],[104.5267,-1.90353],[104.52638,-1.90706],[104.52489,-1.90991]],[[104.52394,-1.91208],[104.52317,-1.91357],[104.52267,-1.91384],[104.52278,-1.91438],[104.52412,-1.91422],[104.52695,-1.91155]],[[104.47865,-1.87732],[104.47748,-1.87271]],[[104.47706,-1.87191],[104.47683,-1.87122],[104.47531,-1.87029],[104.47342,-1.87095]],[[104.46369,-1.92923],[104.46261,-1.92979],[104.46215,-1.92956],[104.46214,-1.92848],[104.4633,-1.92576],[104.46288,-1.92528],[104.46207,-1.92521],[104.46108,-1.92414],[104.46055,-1.92169],[104.46127,-1.92151],[104.46342,-1.92231],[104.464,-1.92169],[104.46382,-1.92142],[104.46408,-1.92088],[104.46352,-1.91952],[104.46355,-1.91654],[104.46447,-1.91233]],[[104.46436,-1.91179],[104.46427,-1.91084],[104.46491,-1.90998]],[[104.46437,-1.90924],[104.4637,-1.90929],[104.46289,-1.91007]],[[104.52721,-1.91181],[104.52543,-1.91411],[104.52422,-1.91493],[104.52221,-1.91791],[104.52236,-1.91873],[104.52133,-1.9209],[104.52084,-1.92361],[104.52128,-1.92442],[104.52229,-1.92524]],[[104.4977,-1.94776],[104.49679,-1.94694],[104.49604,-1.94097],[104.49621,-1.93744],[104.497,-1.93446],[104.49699,-1.9331],[104.49617,-1.92985],[104.49445,-1.92591]],[[104.49225,-1.92184],[104.49103,-1.91926],[104.48843,-1.91682],[104.48834,-1.916],[104.48698,-1.91437],[104.48528,-1.91325],[104.48298,-1.91236]],[[104.47867,-1.91243],[104.47745,-1.91268],[104.4761,-1.9138],[104.47543,-1.91365]],[[104.46901,-1.92264],[104.46893,-1.92332],[104.46965,-1.92414],[104.46978,-1.92522],[104.47032,-1.92604],[104.46961,-1.92794],[104.4699,-1.92815],[104.47017,-1.92776],[104.4703,-1.92821],[104.4699,-1.92836],[104.4696,-1.92875],[104.4699,-1.92852],[104.47061,-1.92875],[104.46993,-1.93065],[104.4709,-1.93119],[104.4705,-1.93147],[104.4707,-1.93298],[104.47012,-1.93147],[104.46959,-1.93119],[104.46982,-1.93092],[104.46909,-1.93022]],[[104.5215,-1.9266],[104.52034,-1.92605],[104.51386,-1.92499],[104.51297,-1.92551],[104.51296,-1.92632],[104.51225,-1.92741],[104.50928,-1.92816],[104.50739,-1.92931],[104.50632,-1.92958],[104.50611,-1.93093],[104.50564,-1.93148],[104.50544,-1.93338],[104.50472,-1.93473],[104.50321,-1.93609],[104.50307,-1.93674],[104.50205,-1.93772],[104.50055,-1.93826],[104.50118,-1.93828],[104.50131,-1.9388],[104.50078,-1.9407],[104.5,-1.94179],[104.50053,-1.9426],[104.50021,-1.94369],[104.50071,-1.94722]],[[104.50205,-1.92958],[104.50173,-1.92913],[104.5008,-1.9293],[104.50092,-1.92957],[104.50146,-1.92936],[104.50205,-1.92958]],[[104.50129,-1.935],[104.50144,-1.93473],[104.50074,-1.93419],[104.50145,-1.93411],[104.50166,-1.93338],[104.50147,-1.9331],[104.50242,-1.93256],[104.50118,-1.93274],[104.50125,-1.93229],[104.50094,-1.93202],[104.50118,-1.93158],[104.50084,-1.93148],[104.50133,-1.9312],[104.50065,-1.93114],[104.50022,-1.93175],[104.50048,-1.93229],[104.50001,-1.93256],[104.50038,-1.93303],[104.50077,-1.93256],[104.5008,-1.9331],[104.50038,-1.93355],[104.50001,-1.93337],[104.50038,-1.93392],[104.50003,-1.93419],[104.50064,-1.93435],[104.50091,-1.93508],[104.50129,-1.935]],[[104.63672,-1.97303],[104.63551,-1.97215],[104.63551,-1.97271],[104.63433,-1.97222],[104.6347,-1.97286],[104.63497,-1.97259],[104.63594,-1.97304],[104.62971,-1.97955],[104.6295,-1.98036],[104.62974,-1.98131]],[[104.61177,-1.98613],[104.6142,-1.9871],[104.61587,-1.98606],[104.61657,-1.98497],[104.61689,-1.98362],[104.61693,-1.98049]],[[104.61694,-1.97941],[104.61687,-1.97792],[104.61657,-1.97737],[104.61688,-1.97357],[104.61436,-1.9695],[104.61311,-1.96869],[104.61258,-1.96779],[104.61192,-1.9676],[104.61204,-1.96731],[104.61146,-1.96733],[104.60973,-1.96448]],[[104.60948,-1.96401],[104.6094,-1.96394]],[[104.60903,-1.96394],[104.60719,-1.96502]],[[104.62944,-1.98343],[104.62908,-1.98321]],[[104.6289,-1.98311],[104.62849,-1.98305],[104.62801,-1.98389],[104.62743,-1.98579],[104.62667,-1.98688],[104.62445,-1.99203],[104.62337,-1.99295],[104.6229,-1.99285],[104.62267,-1.99312],[104.62291,-1.99393],[104.62256,-1.99426],[104.62202,-1.99409],[104.62188,-1.99366],[104.62242,-1.99312],[104.62256,-1.992],[104.62202,-1.99172],[104.62104,-1.99203],[104.62075,-1.99393],[104.6217,-1.9942],[104.6219,-1.99475],[104.62121,-1.99542],[104.62067,-1.99421],[104.61959,-1.99498],[104.61986,-1.99522],[104.62013,-1.99485],[104.6204,-1.99549],[104.62094,-1.99539],[104.62104,-1.99583],[104.61966,-1.99692],[104.61932,-1.99759],[104.61882,-1.99773],[104.61851,-1.99838],[104.6181,-1.99854],[104.61849,-1.99882],[104.61809,-1.99909],[104.61797,-1.99973],[104.61676,-2.00062]],[[104.61499,-2.00221],[104.61473,-2.00269],[104.61327,-2.00343],[104.61284,-2.00451],[104.60829,-2.00709]],[[104.60273,-2.00815],[104.6027,-2.00818]],[[104.60163,-2.00926],[104.59989,-2.0088],[104.59908,-2.0082],[104.59612,-2.00819],[104.59531,-2.00854],[104.59396,-2.00801],[104.59288,-2.00821],[104.58937,-2.00783],[104.58829,-2.00661],[104.58802,-2.00656],[104.58775,-2.00708],[104.58699,-2.00668],[104.58757,-2.00641],[104.58668,-2.00671],[104.58537,-2.00586],[104.58344,-2.00536],[104.58182,-2.00544],[104.58155,-2.00684],[104.58128,-2.00638],[104.58088,-2.00667]],[[104.58115,-2.007],[104.58142,-2.00695],[104.58132,-2.00736]],[[104.58034,-2.00043],[104.58302,-2.00098],[104.58182,-2.00161],[104.58193,-2.00315],[104.58155,-2.0036],[104.5813,-2.00342],[104.58152,-2.00315],[104.58101,-2.00313],[104.58128,-2.00389],[104.58205,-2.00369],[104.58263,-2.00239],[104.58344,-2.00275],[104.58327,-2.00206],[104.58371,-2.0012],[104.58403,-2.00125],[104.58364,-2.00206],[104.58417,-2.00234],[104.58391,-2.00261],[104.58452,-2.00224],[104.58466,-2.00261],[104.58587,-2.00316],[104.58543,-2.00261],[104.58554,-2.00206],[104.58614,-2.00174],[104.58649,-2.00179],[104.58668,-2.00224],[104.58695,-2.00197],[104.58964,-2.00224],[104.59423,-2.0021],[104.59639,-2.00241],[104.59671,-2.00207],[104.59774,-2.00201],[104.59801,-2.00229],[104.59828,-2.00201],[104.59963,-2.00216],[104.60017,-2.00177],[104.60151,-2.00178],[104.60483,-2.00058]],[[104.60872,-1.99678],[104.61312,-1.9896],[104.6134,-1.99013],[104.61339,-1.98976],[104.61231,-1.98864],[104.61096,-1.98768]],[[104.58323,-2.00505],[104.58345,-2.00451],[104.58399,-2.00451],[104.58344,-2.0042],[104.58317,-2.00493],[104.58268,-2.00451],[104.58348,-2.00342],[104.58302,-2.00342],[104.5829,-2.00297],[104.58214,-2.00369],[104.5825,-2.00396],[104.58182,-2.00409],[104.5817,-2.00451],[104.58236,-2.00437],[104.5829,-2.00507],[104.58323,-2.00505]],[[104.58845,-2.00749],[104.58802,-2.00705],[104.58856,-2.00702],[104.5888,-2.00749],[104.58856,-2.00752]]]}},{"id":"30","type":"Feature","properties":{"year":1996,"certainty":"unstable data"},"geometry":{"type":"MultiLineString","coordinates":[[[104.48283,-1.83933],[104.483,-1.8388]],[[104.48409,-1.83553],[104.48435,-1.83505]],[[104.48442,-1.83499],[104.48459,-1.83471]],[[104.48435,-1.83388],[104.48307,-1.83268]],[[104.54071,-1.86866],[104.54015,-1.87083]],[[104.54018,-1.87096],[104.54018,-1.87096]],[[104.53775,-1.87728],[104.53694,-1.87833]],[[104.53665,-1.8787],[104.5364,-1.87923]],[[104.53638,-1.87924],[104.53604,-1.88005]],[[104.47835,-1.88112],[104.47841,-1.88101]],[[104.47849,-1.88085],[104.47864,-1.87895]],[[104.46262,-1.90754],[104.46478,-1.9066],[104.46855,-1.90608],[104.47017,-1.90555],[104.47341,-1.90368],[104.47636,-1.9008],[104.4776,-1.89809],[104.47786,-1.89582]],[[104.47803,-1.89524],[104.4788,-1.89279]],[[104.47876,-1.89252],[104.4787,-1.89225]],[[104.47867,-1.89185],[104.47866,-1.89171]],[[104.46447,-1.91233],[104.46436,-1.91179]],[[104.49269,-1.9225],[104.49215,-1.92224],[104.49225,-1.92184]],[[104.47543,-1.91365],[104.47476,-1.9129],[104.47287,-1.91296],[104.47273,-1.91274],[104.47316,-1.91233]],[[104.47231,-1.9126],[104.47233,-1.91291],[104.47278,-1.91301],[104.47119,-1.91437],[104.4702,-1.91708],[104.46901,-1.92264]]]}},{"id":"31","type":"Feature","properties":{"year":1996,"certainty":"good"},"geometry":{"type":"MultiLineString","coordinates":[[[104.48348,-1.83214],[104.4853,-1.83328],[104.48746,-1.83098],[104.48837,-1.83078],[104.49097,-1.82544],[104.49531,-1.82047],[104.49659,-1.81775],[104.50014,-1.81528],[104.50297,-1.81182]],[[104.47262,-1.85057],[104.47504,-1.85151],[104.47774,-1.85195],[104.47936,-1.85148],[104.48058,-1.85032],[104.482,-1.84733],[104.48283,-1.83933]],[[104.483,-1.8388],[104.48384,-1.83784],[104.48425,-1.83621],[104.48409,-1.83553]],[[104.48435,-1.83505],[104.48442,-1.83499]],[[104.48459,-1.83471],[104.48435,-1.83388]],[[104.46722,-1.86349],[104.46857,-1.86248],[104.47225,-1.85846],[104.4719,-1.8571],[104.47271,-1.85602],[104.47182,-1.85547],[104.47301,-1.85493],[104.47288,-1.85439],[104.47343,-1.85276],[104.47325,-1.85222],[104.47196,-1.8514]],[[104.60638,-1.9632],[104.60782,-1.96244],[104.60917,-1.96],[104.6107,-1.95848],[104.61231,-1.95766],[104.61258,-1.95685],[104.61339,-1.95728],[104.61731,-1.95445]],[[104.61732,-1.95444],[104.61812,-1.95398]],[[104.62047,-1.952],[104.62054,-1.95189]],[[104.62065,-1.95173],[104.62108,-1.95096]],[[104.62111,-1.95091],[104.62357,-1.94399],[104.62641,-1.94019],[104.62662,-1.93931],[104.62796,-1.93923],[104.62997,-1.93721],[104.63093,-1.93704],[104.63255,-1.93587],[104.63336,-1.93591],[104.63525,-1.93489],[104.63795,-1.93524],[104.63903,-1.93612],[104.6401,-1.93651],[104.64172,-1.93572],[104.64307,-1.93437],[104.64359,-1.93233],[104.64358,-1.92907],[104.64443,-1.92608],[104.64453,-1.92445],[104.6442,-1.92174],[104.64254,-1.91859],[104.63957,-1.91526],[104.63235,-1.90871],[104.62743,-1.90338],[104.6153,-1.89157],[104.60531,-1.88265],[104.59534,-1.87469],[104.58887,-1.87009],[104.57943,-1.86469],[104.57333,-1.86256],[104.57118,-1.86147],[104.57107,-1.86116],[104.56837,-1.86049],[104.56459,-1.85896],[104.56001,-1.85692],[104.55721,-1.85509]],[[104.54558,-1.85553],[104.54452,-1.85604],[104.54194,-1.85813],[104.54015,-1.86051]],[[104.53694,-1.87833],[104.53667,-1.87852]],[[104.5364,-1.87923],[104.53638,-1.87924]],[[104.53604,-1.88005],[104.53548,-1.88182],[104.534,-1.88345],[104.53411,-1.88474],[104.5333,-1.88438],[104.53268,-1.88453],[104.53344,-1.88616],[104.53316,-1.88843]],[[104.53057,-1.89389],[104.53046,-1.89405]],[[104.5304,-1.89417],[104.53019,-1.89442]],[[104.52489,-1.90991],[104.52394,-1.91208]],[[104.52695,-1.91155],[104.52709,-1.91145]],[[104.47253,-1.8704],[104.47345,-1.86932],[104.47413,-1.86769],[104.47321,-1.86796],[104.47288,-1.86703],[104.47221,-1.86633],[104.47126,-1.86617],[104.47099,-1.86583],[104.47122,-1.86524],[104.47099,-1.86491],[104.46803,-1.86532]],[[104.47424,-1.8875],[104.47557,-1.88701],[104.47711,-1.88587],[104.47835,-1.88112]],[[104.47841,-1.88101],[104.47849,-1.88085]],[[104.47864,-1.87895],[104.47865,-1.87732]],[[104.47748,-1.87271],[104.47706,-1.87191]],[[104.47786,-1.89582],[104.47803,-1.89524]],[[104.4788,-1.89279],[104.47876,-1.89252]],[[104.4787,-1.89225],[104.47867,-1.89185]],[[104.47866,-1.89171],[104.47746,-1.88942],[104.47557,-1.88828],[104.47449,-1.88811]],[[104.46491,-1.90998],[104.46514,-1.90948],[104.46437,-1.90924]],[[104.52736,-1.91169],[104.52721,-1.91181]],[[104.49445,-1.92591],[104.4939,-1.92415],[104.49269,-1.9225]],[[104.48298,-1.91236],[104.48204,-1.91256],[104.48042,-1.91216],[104.47988,-1.91255],[104.47867,-1.91243]],[[104.47316,-1.91233],[104.47314,-1.91196],[104.47231,-1.9126]],[[104.65373,-1.96348],[104.65108,-1.96517],[104.64684,-1.96699],[104.64522,-1.96834],[104.64145,-1.96959],[104.63848,-1.97152],[104.63821,-1.9714],[104.63794,-1.97192],[104.63767,-1.97135],[104.6374,-1.97146],[104.63728,-1.97195],[104.63782,-1.97222],[104.63672,-1.97303]],[[104.62974,-1.98131],[104.63006,-1.98226],[104.63119,-1.98318]],[[104.61693,-1.98049],[104.61694,-1.97941]],[[104.60973,-1.96448],[104.60948,-1.96401]],[[104.6094,-1.96394],[104.60903,-1.96394]],[[104.63065,-1.98404],[104.62944,-1.98343]],[[104.62908,-1.98321],[104.6289,-1.98311]],[[104.61676,-2.00062],[104.61499,-2.00221]],[[104.60829,-2.00709],[104.60691,-2.00767],[104.60273,-2.00815]],[[104.6027,-2.00818],[104.60244,-2.00885],[104.60275,-2.00994],[104.60236,-2.00994],[104.60163,-2.00926]],[[104.58088,-2.00667],[104.58075,-2.00695],[104.58115,-2.007]],[[104.58132,-2.00736],[104.58029,-2.00858]],[[104.5713,-1.99972],[104.57157,-1.99946],[104.57184,-1.99966],[104.57211,-2.00067],[104.57238,-2.0],[104.57265,-2.00032],[104.57338,-2.00016],[104.57319,-1.99928],[104.574,-1.99992],[104.57481,-1.99926],[104.57589,-1.99934],[104.57923,-2.00016],[104.57939,-2.00045],[104.57855,-2.00071],[104.57915,-2.00098],[104.57887,-2.00125],[104.57912,-2.00133],[104.57939,-2.0011],[104.57966,-2.00136],[104.58015,-2.00098],[104.57964,-2.00071],[104.58034,-2.00043]],[[104.60483,-2.00058],[104.60718,-1.9987],[104.60872,-1.99678]],[[104.57103,-2.00087],[104.57164,-2.00043],[104.57157,-2.00013],[104.5713,-2.00041],[104.57109,-2.00016]],[[104.57383,-2.00152],[104.57441,-2.00098],[104.57427,-2.00057],[104.574,-2.00068],[104.57418,-2.00098],[104.57383,-2.00152]],[[104.57898,-2.00831],[104.57856,-2.00803],[104.57885,-2.00646],[104.57921,-2.00668],[104.57892,-2.00586],[104.57643,-2.00485],[104.57426,-2.00342],[104.57331,-2.0026],[104.57374,-2.00233],[104.57319,-2.00192],[104.57177,-2.00179],[104.5713,-2.001],[104.57103,-2.00154]]]}},{"id":"32","type":"Feature","properties":{"year":1997,"certainty":"unstable data"},"geometry":{"type":"MultiLineString","coordinates":[[[104.50198,-1.81301],[104.50216,-1.81274]],[[104.50217,-1.81274],[104.50243,-1.81239]],[[104.50261,-1.81219],[104.5027,-1.81209]],[[104.48273,-1.83987],[104.483,-1.83841]],[[104.48408,-1.83571],[104.48397,-1.83539],[104.48453,-1.83485],[104.48461,-1.83431],[104.48308,-1.83268]],[[104.47825,-1.88112],[104.47868,-1.88044],[104.47863,-1.87895]],[[104.46269,-1.90744],[104.46451,-1.90667],[104.47017,-1.9055],[104.47408,-1.90312]],[[104.46457,-1.92536],[104.46456,-1.92251],[104.46357,-1.91816],[104.46361,-1.91627],[104.46444,-1.91342]],[[104.4645,-1.91179],[104.46439,-1.91152]],[[104.46329,-1.90954],[104.46289,-1.9099]],[[104.4962,-1.93867],[104.49641,-1.93785]],[[104.49643,-1.93731],[104.49673,-1.93541]],[[104.49269,-1.92264],[104.49217,-1.92224],[104.49212,-1.92129]],[[104.47621,-1.91342],[104.4753,-1.91346],[104.47476,-1.91282],[104.47298,-1.91274],[104.47324,-1.91233]],[[104.47226,-1.9126],[104.47232,-1.91301],[104.47149,-1.91382],[104.4708,-1.91518],[104.46978,-1.91817],[104.46835,-1.92631]]]}},{"id":"33","type":"Feature","properties":{"year":1997,"certainty":"good"},"geometry":{"type":"MultiLineString","coordinates":[[[104.48347,-1.83214],[104.4853,-1.83322],[104.48665,-1.83204],[104.48692,-1.83121],[104.48827,-1.83072],[104.49083,-1.82535],[104.49582,-1.8195],[104.49645,-1.8183],[104.49613,-1.81748],[104.49744,-1.81711],[104.49964,-1.81558],[104.50198,-1.81301]],[[104.50216,-1.81274],[104.50217,-1.81274]],[[104.50243,-1.81239],[104.50261,-1.81219]],[[104.5027,-1.81209],[104.50387,-1.80907]],[[104.47262,-1.85047],[104.47531,-1.85154],[104.47747,-1.85191],[104.47855,-1.85171],[104.48001,-1.85086],[104.48101,-1.8495],[104.48202,-1.84706],[104.48273,-1.83987]],[[104.483,-1.83841],[104.48344,-1.83838],[104.48381,-1.83784],[104.48408,-1.83571]],[[104.46722,-1.86335],[104.46857,-1.86245],[104.46992,-1.86069],[104.47212,-1.85873],[104.4719,-1.8571],[104.47272,-1.85602],[104.47182,-1.85547],[104.47303,-1.85493],[104.47284,-1.85439],[104.47333,-1.85276],[104.47313,-1.85222],[104.47181,-1.85141]],[[104.60638,-1.96314],[104.60779,-1.96244],[104.60935,-1.95977],[104.61084,-1.95837],[104.61231,-1.95764],[104.61258,-1.95669],[104.61312,-1.95724],[104.61366,-1.95708],[104.61992,-1.95268],[104.62157,-1.94996],[104.62227,-1.94698],[104.62356,-1.94372],[104.62633,-1.93992],[104.62662,-1.939],[104.62769,-1.93915],[104.62985,-1.93713],[104.63093,-1.937],[104.63228,-1.93585],[104.63336,-1.93577],[104.63543,-1.93477],[104.63687,-1.93471],[104.6401,-1.93648],[104.64145,-1.93601],[104.64253,-1.93512],[104.64334,-1.93368],[104.64311,-1.92961],[104.64433,-1.92527],[104.64398,-1.92147],[104.64208,-1.91821],[104.63892,-1.91495],[104.63175,-1.90834],[104.62716,-1.90336],[104.61519,-1.89188],[104.60478,-1.88255],[104.59858,-1.87744],[104.59049,-1.87143],[104.58465,-1.86772],[104.57943,-1.8651],[104.57754,-1.86473],[104.57026,-1.86163],[104.5658,-1.86038],[104.55839,-1.85672],[104.5541,-1.85387],[104.55273,-1.85334],[104.55084,-1.8536],[104.54598,-1.8554],[104.54382,-1.85665],[104.54123,-1.85902],[104.54017,-1.86038],[104.53961,-1.86201],[104.54009,-1.86363],[104.53999,-1.86499],[104.54088,-1.86581],[104.54027,-1.86608],[104.5412,-1.86662],[104.54066,-1.86743],[104.54044,-1.87015],[104.53902,-1.87449],[104.53797,-1.87612],[104.53783,-1.8772],[104.53632,-1.87938],[104.53577,-1.88155],[104.53402,-1.88345],[104.53411,-1.88474],[104.53357,-1.88444],[104.53271,-1.88453],[104.53346,-1.88616],[104.53327,-1.88833],[104.53125,-1.89294],[104.52966,-1.89511],[104.52899,-1.89783],[104.52675,-1.90326],[104.52632,-1.90706],[104.52277,-1.91401],[104.52304,-1.91448],[104.52385,-1.91438],[104.52655,-1.91191],[104.52682,-1.91171],[104.52697,-1.91194],[104.52293,-1.91655],[104.52127,-1.92035],[104.52075,-1.92361],[104.52223,-1.9254]],[[104.47248,-1.8704],[104.4736,-1.86904],[104.47417,-1.86769],[104.47315,-1.86755],[104.47223,-1.86633],[104.47126,-1.86613],[104.47099,-1.86489],[104.46803,-1.86531]],[[104.47422,-1.88747],[104.47665,-1.88641],[104.47708,-1.88587],[104.47825,-1.88112]],[[104.47863,-1.87895],[104.47834,-1.87529],[104.47705,-1.87149],[104.47531,-1.8703],[104.47341,-1.87094]],[[104.46262,-1.90754],[104.46269,-1.90744]],[[104.47408,-1.90312],[104.47615,-1.90107],[104.47697,-1.89971],[104.47778,-1.89727],[104.47798,-1.8951],[104.47873,-1.89347],[104.47859,-1.8913],[104.47773,-1.88967],[104.47557,-1.88827],[104.47449,-1.88811]],[[104.46448,-1.92631],[104.46457,-1.92536]],[[104.46444,-1.91342],[104.4645,-1.91179]],[[104.46439,-1.91152],[104.46451,-1.91057],[104.46514,-1.90948],[104.46424,-1.90923],[104.46329,-1.90954]],[[104.49706,-1.94803],[104.49715,-1.94694],[104.49686,-1.94709],[104.49678,-1.94613],[104.49714,-1.94532],[104.4966,-1.94481],[104.49631,-1.94314],[104.4962,-1.93867]],[[104.49641,-1.93785],[104.49643,-1.93731]],[[104.49673,-1.93541],[104.49698,-1.93365],[104.4963,-1.93039],[104.49392,-1.92442],[104.49269,-1.92264]],[[104.49212,-1.92129],[104.49054,-1.91872],[104.48836,-1.91682],[104.48793,-1.91546],[104.48581,-1.91346],[104.48312,-1.91233],[104.48069,-1.91211],[104.47961,-1.91253],[104.47745,-1.9126],[104.47621,-1.91342]],[[104.47324,-1.91233],[104.47314,-1.91195],[104.47226,-1.9126]],[[104.52169,-1.92655],[104.52034,-1.92601],[104.51899,-1.92607],[104.51629,-1.92521],[104.51548,-1.92533],[104.51386,-1.92488],[104.51306,-1.92514],[104.51198,-1.92719],[104.50874,-1.92818],[104.50739,-1.9294],[104.50648,-1.92958],[104.50613,-1.93093],[104.50568,-1.93148],[104.50561,-1.93283],[104.50503,-1.93446],[104.50341,-1.93609],[104.50307,-1.93683],[104.50226,-1.93731],[104.50074,-1.94043],[104.50043,-1.94477],[104.50076,-1.94722]],[[104.65373,-1.96362],[104.65137,-1.96517],[104.64684,-1.96707],[104.64522,-1.96845],[104.64306,-1.96889],[104.64118,-1.96976],[104.63921,-1.97086],[104.63794,-1.97261],[104.6374,-1.97263],[104.63686,-1.97329],[104.63632,-1.97305],[104.63578,-1.97335],[104.62978,-1.97955],[104.62957,-1.98036],[104.6301,-1.98226],[104.63119,-1.98318]],[[104.61177,-1.98615],[104.61366,-1.98702],[104.61474,-1.98695],[104.61581,-1.98606],[104.61657,-1.98443],[104.61689,-1.98253],[104.61691,-1.97846],[104.61654,-1.97629],[104.6169,-1.97357],[104.6142,-1.96934],[104.61251,-1.96842],[104.61227,-1.96814],[104.61258,-1.96783],[104.61204,-1.96791],[104.61122,-1.96733],[104.60964,-1.96489],[104.60955,-1.96407],[104.60908,-1.96393],[104.60719,-1.96505]],[[104.63065,-1.98405],[104.62849,-1.98312],[104.62451,-1.99203],[104.62034,-1.99664],[104.61892,-1.99773],[104.61797,-1.99974],[104.61635,-2.00088],[104.61473,-2.00267],[104.61338,-2.00334],[104.61257,-2.00478],[104.60691,-2.00766],[104.60313,-2.00796],[104.60249,-2.00858],[104.60285,-2.00994],[104.60259,-2.0101],[104.60151,-2.00906],[104.59989,-2.00877],[104.59908,-2.00816],[104.59787,-2.00811]],[[104.59736,-2.00817],[104.59733,-2.00818]],[[104.5949,-2.00837],[104.59396,-2.00797],[104.58937,-2.00781],[104.58828,-2.00749],[104.58751,-2.00695],[104.58749,-2.00658],[104.58668,-2.00671],[104.58452,-2.00548],[104.58317,-2.00541],[104.58209,-2.0056],[104.58155,-2.00684],[104.58128,-2.00652],[104.58066,-2.00668],[104.58101,-2.00713],[104.58142,-2.00695],[104.58074,-2.00829],[104.58047,-2.00843],[104.5802,-2.00809],[104.58037,-2.00858]],[[104.5713,-1.99962],[104.57157,-1.99938],[104.57211,-1.99994],[104.57238,-1.99966],[104.57265,-2.00003],[104.57319,-1.99999],[104.57248,-1.99908],[104.57268,-1.9988],[104.57346,-1.99952],[104.57508,-1.99924],[104.57747,-1.99989],[104.57724,-2.00028],[104.57751,-1.99994],[104.57778,-2.00042],[104.57798,-2.00016],[104.5776,-1.99989],[104.57912,-2.00011],[104.57915,-2.00043],[104.57856,-2.00071],[104.57927,-2.00098],[104.5789,-2.00125],[104.57966,-2.00129],[104.57993,-2.00103],[104.58074,-2.00134],[104.58128,-2.00069],[104.5827,-2.00098],[104.5821,-2.00125],[104.58209,-2.00162],[104.58101,-2.00185],[104.58074,-2.00252],[104.57966,-2.00257],[104.57955,-2.00288],[104.57993,-2.00319],[104.5802,-2.00269],[104.58101,-2.00275],[104.58128,-2.00225],[104.58182,-2.00277],[104.58182,-2.00203],[104.58236,-2.00231],[104.58263,-2.0019],[104.5829,-2.00239],[104.58371,-2.0012],[104.58413,-2.00125],[104.58368,-2.00206],[104.58398,-2.00224],[104.58425,-2.00161],[104.58479,-2.00266],[104.5856,-2.00245],[104.5856,-2.00188],[104.58614,-2.00174],[104.58884,-2.0022],[104.59275,-2.00232]],[[104.59298,-2.0022],[104.59329,-2.00213]],[[104.60435,-2.00076],[104.60619,-1.99963],[104.60794,-1.99773],[104.60976,-1.99529],[104.61177,-1.99068],[104.61204,-1.99041],[104.61231,-1.99065],[104.61285,-1.98987],[104.61312,-1.99014],[104.61339,-1.98999],[104.61221,-1.9885],[104.61096,-1.98761]],[[104.57103,-2.00086],[104.57157,-2.00014],[104.57103,-2.00055]],[[104.57994,-2.00043],[104.58041,-2.00071],[104.57966,-2.00108],[104.57993,-2.00043]],[[104.57895,-2.00831],[104.57863,-2.00803],[104.5789,-2.00776],[104.57864,-2.00749],[104.57885,-2.00647],[104.5792,-2.00668],[104.57885,-2.00576],[104.57685,-2.00505],[104.5742,-2.00342],[104.57347,-2.0026],[104.57387,-2.00233],[104.57346,-2.00204],[104.57238,-2.00209],[104.57157,-2.00154],[104.57103,-2.00157]],[[104.57319,-2.00263],[104.57292,-2.00218],[104.57346,-2.00214],[104.5736,-2.00233],[104.57319,-2.00263]]]}},{"id":"34","type":"Feature","properties":{"year":1997,"certainty":"insufficient data"},"geometry":{"type":"MultiLineString","coordinates":[[[104.59787,-2.00811],[104.59736,-2.00817]],[[104.59733,-2.00818],[104.59585,-2.00822],[104.59531,-2.00854],[104.5949,-2.00837]],[[104.59275,-2.00232],[104.59298,-2.0022]],[[104.59329,-2.00213],[104.59558,-2.00219],[104.59612,-2.00245],[104.59693,-2.0021],[104.59963,-2.00208],[104.60286,-2.00145],[104.60435,-2.00076]]]}},{"id":"35","type":"Feature","properties":{"year":1997,"certainty":"good"},"geometry":{"type":"MultiLineString","coordinates":[[[104.52147,-1.71488],[104.52406,-1.71408],[104.52553,-1.71219],[104.52512,-1.71191],[104.52552,-1.71113],[104.52598,-1.71137],[104.52579,-1.71176],[104.5266,-1.7108],[104.52554,-1.71056],[104.5249,-1.70893],[104.52363,-1.70748],[104.52094,-1.70218],[104.51098,-1.68803],[104.50826,-1.68528],[104.50638,-1.6843],[104.50314,-1.6814],[104.4999,-1.68019],[104.49992,-1.67934],[104.4991,-1.6791],[104.49775,-1.67743],[104.49731,-1.67635],[104.49749,-1.675],[104.49667,-1.67434],[104.49353,-1.66875],[104.49394,-1.66794],[104.49385,-1.66712],[104.4929,-1.66667],[104.49224,-1.66577],[104.49142,-1.66359],[104.48835,-1.65789],[104.48237,-1.64785],[104.47942,-1.64188],[104.47448,-1.63319],[104.46783,-1.61877],[104.46456,-1.60876],[104.46399,-1.60551],[104.46435,-1.60551],[104.46427,-1.60496],[104.46298,-1.60293],[104.46309,-1.60144],[104.46263,-1.60008],[104.46203,-1.59981],[104.46182,-1.59926],[104.46195,-1.59845],[104.46004,-1.59302],[104.46014,-1.59221],[104.45897,-1.59031],[104.45923,-1.58976],[104.45895,-1.58868],[104.45806,-1.58624],[104.45766,-1.58596],[104.45736,-1.58325],[104.45633,-1.57972],[104.45629,-1.57809],[104.45563,-1.57538],[104.45529,-1.57429],[104.45447,-1.57348],[104.45491,-1.57294],[104.45484,-1.57212],[104.45431,-1.57076],[104.45355,-1.56539],[104.45301,-1.56382],[104.45243,-1.56371],[104.45235,-1.56316],[104.45271,-1.56235],[104.45269,-1.56126],[104.45216,-1.56045],[104.45266,-1.55991],[104.45247,-1.55965],[104.4522,-1.5598],[104.4522,-1.55953],[104.45247,-1.55962],[104.45274,-1.55925],[104.45301,-1.55957],[104.45358,-1.55909],[104.45328,-1.55885],[104.45306,-1.55692],[104.45329,-1.55665],[104.45271,-1.55638],[104.45281,-1.55421],[104.45228,-1.55285],[104.4518,-1.54797],[104.45142,-1.54715],[104.45183,-1.54688],[104.45127,-1.54634],[104.45075,-1.54281],[104.44597,-1.53195],[104.44473,-1.52815],[104.44423,-1.52761],[104.44433,-1.52707],[104.44363,-1.52598],[104.44345,-1.52164],[104.44298,-1.52082],[104.44288,-1.51974],[104.44203,-1.51784],[104.44142,-1.51747],[104.44123,-1.51675],[104.44048,-1.51594],[104.44017,-1.51458],[104.43964,-1.51377],[104.43984,-1.51322],[104.43954,-1.51329],[104.4394,-1.51268],[104.43965,-1.51241],[104.43931,-1.51214],[104.43913,-1.51105],[104.43936,-1.51078],[104.43896,-1.50779],[104.43967,-1.50291],[104.43956,-1.49531],[104.4399,-1.49124],[104.4396,-1.48934],[104.43994,-1.48473],[104.44064,-1.48065],[104.44059,-1.48011],[104.43974,-1.47984],[104.44006,-1.47794],[104.44035,-1.47727],[104.44059,-1.4774],[104.44011,-1.47875],[104.44062,-1.47976],[104.44115,-1.47631],[104.44093,-1.47468],[104.44265,-1.4679],[104.44766,-1.45297],[104.44872,-1.44712],[104.44855,-1.44646],[104.44889,-1.44483],[104.44927,-1.44456],[104.44946,-1.44239],[104.45066,-1.43859],[104.45112,-1.43398],[104.45212,-1.42963],[104.45277,-1.42924],[104.45331,-1.42939],[104.45385,-1.4282],[104.45385,-1.42967],[104.45421,-1.42963],[104.45493,-1.42841],[104.45547,-1.42893],[104.45639,-1.42855],[104.45769,-1.42339],[104.45778,-1.42122],[104.45751,-1.42041],[104.45792,-1.41362],[104.4567,-1.40087],[104.45593,-1.39707],[104.45345,-1.39028],[104.45271,-1.38919],[104.45229,-1.38675],[104.45259,-1.38458],[104.45223,-1.38132],[104.45265,-1.37888],[104.45264,-1.37427],[104.4544,-1.37097],[104.4555,-1.36477],[104.45635,-1.35669]],[[104.45316,-1.56045],[104.45368,-1.56018],[104.45355,-1.55944],[104.45292,-1.56018],[104.45301,-1.56066],[104.45316,-1.56045]],[[104.45332,-1.56126],[104.4538,-1.56099],[104.45382,-1.56067],[104.45329,-1.56099],[104.45332,-1.56126]],[[104.50473,-1.80331],[104.50926,-1.80663],[104.51039,-1.80698],[104.51147,-1.8069],[104.51633,-1.80489],[104.51713,-1.80376],[104.51821,-1.8034],[104.51983,-1.80399],[104.52064,-1.80295],[104.52145,-1.80276],[104.52253,-1.80157],[104.52423,-1.80148],[104.5255,-1.8],[104.52631,-1.79984],[104.52981,-1.80036],[104.53498,-1.79578],[104.53681,-1.79062],[104.53816,-1.78873],[104.53924,-1.78628],[104.54034,-1.78476],[104.54088,-1.78465],[104.54136,-1.78221],[104.54207,-1.78167],[104.5422,-1.78086],[104.54251,-1.78058],[104.54232,-1.78113],[104.54295,-1.7814],[104.54284,-1.78194],[104.5433,-1.78252],[104.54384,-1.78219],[104.54411,-1.78242],[104.54372,-1.78031],[104.54436,-1.77706],[104.54377,-1.77081],[104.5409,-1.75643],[104.53995,-1.75344],[104.54012,-1.75317],[104.53954,-1.751],[104.53645,-1.7415],[104.53613,-1.73879],[104.53546,-1.73743],[104.5326,-1.7282],[104.53103,-1.72521],[104.52755,-1.72006],[104.52393,-1.71544],[104.52309,-1.71506],[104.52201,-1.71544]],[[104.50382,-1.80904],[104.50412,-1.80582],[104.50311,-1.80448]]]}},{"id":"36","type":"Feature","properties":{"year":1998,"certainty":"good"},"geometry":{"type":"MultiLineString","coordinates":[[[104.52147,-1.71488],[104.52429,-1.71381],[104.52516,-1.71246],[104.52496,-1.71219],[104.52579,-1.71082],[104.52579,-1.71001],[104.52525,-1.70973],[104.52387,-1.70784],[104.5204,-1.70148],[104.51109,-1.6883],[104.50826,-1.6854],[104.50638,-1.68445],[104.5026,-1.68113],[104.4999,-1.6803],[104.49991,-1.67934],[104.49932,-1.67934],[104.49773,-1.67744],[104.49704,-1.675],[104.49331,-1.66875],[104.49386,-1.66794],[104.49384,-1.66739],[104.49282,-1.66685],[104.49183,-1.66549],[104.4912,-1.66359],[104.48756,-1.65654],[104.47618,-1.63672],[104.46945,-1.62288],[104.46538,-1.61175],[104.46397,-1.60551],[104.46294,-1.60279],[104.4626,-1.60035],[104.46182,-1.59926],[104.46195,-1.59845],[104.46119,-1.59655],[104.46131,-1.59601],[104.45759,-1.58635],[104.45483,-1.57484],[104.45467,-1.57294],[104.45326,-1.56832],[104.4534,-1.56724],[104.45291,-1.56615],[104.4522,-1.5653],[104.45157,-1.56506],[104.45135,-1.56452],[104.4522,-1.55842],[104.4524,-1.55909],[104.45275,-1.55882],[104.45256,-1.55665],[104.45224,-1.55611],[104.45248,-1.55584],[104.45235,-1.55421],[104.45199,-1.55339],[104.45199,-1.55177],[104.45076,-1.54362],[104.44961,-1.54037],[104.44621,-1.53277],[104.44472,-1.52842],[104.44404,-1.52761],[104.44334,-1.52164],[104.44273,-1.52055],[104.44206,-1.51811],[104.44052,-1.51621],[104.43945,-1.51268],[104.43885,-1.50779],[104.4396,-1.50454],[104.43931,-1.50399],[104.43956,-1.50318],[104.43925,-1.50155],[104.43964,-1.50047],[104.43899,-1.49911],[104.43895,-1.49802],[104.43927,-1.49803],[104.43976,-1.49721],[104.43986,-1.49232],[104.43942,-1.48934],[104.43965,-1.48527],[104.43925,-1.48445],[104.44008,-1.48359],[104.44076,-1.48147],[104.44078,-1.48011],[104.44008,-1.47994],[104.44003,-1.47957],[104.44062,-1.47967],[104.44093,-1.47903],[104.44135,-1.4736],[104.44195,-1.47088],[104.44225,-1.47061],[104.44247,-1.4679],[104.44381,-1.46491],[104.44381,-1.46356],[104.44413,-1.46332],[104.44397,-1.46301],[104.4444,-1.46256],[104.44517,-1.45976],[104.44631,-1.45813],[104.44686,-1.45623],[104.44645,-1.45596],[104.44659,-1.45542],[104.44683,-1.45519],[104.4471,-1.45542],[104.4469,-1.45487],[104.44809,-1.45107],[104.4476,-1.45026],[104.4478,-1.4489],[104.44818,-1.44863],[104.44869,-1.447],[104.44842,-1.44646],[104.44872,-1.44429],[104.44953,-1.44231],[104.4498,-1.44279],[104.45016,-1.44266],[104.44965,-1.44212],[104.45026,-1.43832],[104.45102,-1.43669],[104.45088,-1.43575],[104.45151,-1.43506],[104.45176,-1.43343],[104.45226,-1.43289],[104.45196,-1.433],[104.45191,-1.43262],[104.45221,-1.43235],[104.45205,-1.43072],[104.45237,-1.43018],[104.45215,-1.4299],[104.45331,-1.43003],[104.45385,-1.42884],[104.45412,-1.42934],[104.45493,-1.42797],[104.45601,-1.4278],[104.45632,-1.42665],[104.45655,-1.42644],[104.45685,-1.42665],[104.4574,-1.42421],[104.45791,-1.41362],[104.45687,-1.40249],[104.45553,-1.39598],[104.45261,-1.38892],[104.45219,-1.38675],[104.45261,-1.37454],[104.45413,-1.37141],[104.45517,-1.3664],[104.45521,-1.36423],[104.45625,-1.35669]],[[104.50473,-1.80328],[104.50931,-1.80662],[104.51039,-1.80695],[104.51147,-1.80686],[104.51606,-1.80497],[104.51713,-1.80367],[104.51821,-1.80335],[104.51983,-1.80387],[104.52064,-1.80289],[104.52145,-1.80271],[104.52253,-1.80156],[104.52415,-1.80147],[104.5255,-1.79994],[104.52981,-1.8003],[104.53224,-1.79788],[104.53413,-1.79666],[104.53479,-1.79578],[104.53657,-1.79225],[104.53656,-1.79159],[104.53758,-1.78927],[104.53816,-1.78873],[104.53922,-1.78628],[104.54067,-1.78438],[104.54142,-1.78239],[104.54222,-1.78171],[104.54249,-1.78239],[104.54276,-1.78225],[104.5433,-1.78269],[104.54384,-1.78194],[104.54366,-1.78031],[104.54441,-1.77787],[104.54416,-1.77353],[104.54165,-1.76131],[104.54142,-1.75903],[104.5396,-1.751],[104.53676,-1.74259],[104.53585,-1.73933],[104.53588,-1.73824],[104.53533,-1.73743],[104.53343,-1.73064],[104.53152,-1.7263],[104.52498,-1.71659],[104.52332,-1.71517],[104.52196,-1.71544]],[[104.50381,-1.80904],[104.50414,-1.80582],[104.50311,-1.80452]]]}},{"id":"37","type":"Feature","properties":{"year":1998,"certainty":"good"},"geometry":{"type":"MultiLineString","coordinates":[[[104.48351,-1.83214],[104.4853,-1.83321],[104.48665,-1.83202],[104.48692,-1.83113],[104.48827,-1.8307],[104.4885,-1.82942],[104.4912,-1.82454],[104.49582,-1.81938],[104.49629,-1.8183],[104.49603,-1.81748],[104.49744,-1.81704],[104.50047,-1.81477],[104.50311,-1.8113],[104.50379,-1.80907]],[[104.47262,-1.85041],[104.47531,-1.85149],[104.47747,-1.85188],[104.47853,-1.85168],[104.48017,-1.85063],[104.48101,-1.8495],[104.48201,-1.84706],[104.48268,-1.83987]],[[104.483,-1.8382],[104.48341,-1.83843],[104.48374,-1.83811],[104.48418,-1.83594],[104.48386,-1.83539],[104.48459,-1.83458],[104.48435,-1.834]],[[104.46714,-1.86334],[104.46803,-1.86295],[104.46965,-1.86078],[104.47019,-1.8606],[104.47209,-1.85873],[104.47184,-1.8571],[104.47268,-1.85602],[104.47235,-1.8557],[104.47064,-1.85574],[104.47057,-1.85547],[104.47235,-1.85532],[104.47299,-1.85493],[104.47278,-1.85439],[104.47331,-1.85276],[104.47305,-1.85222],[104.47181,-1.85145]],[[104.60638,-1.96312],[104.60773,-1.96241],[104.6093,-1.95973],[104.61044,-1.95864],[104.61228,-1.95756],[104.61258,-1.95662],[104.61285,-1.95708],[104.61339,-1.95722],[104.61653,-1.95485],[104.61933,-1.95333],[104.61991,-1.95268],[104.62131,-1.95051],[104.62219,-1.94698],[104.62347,-1.94372],[104.6263,-1.93992],[104.62643,-1.93911],[104.62769,-1.93902],[104.62958,-1.93727],[104.63093,-1.93695],[104.63228,-1.93573],[104.63336,-1.93573],[104.63552,-1.93471],[104.63712,-1.93477],[104.63929,-1.93624],[104.6401,-1.93645],[104.64172,-1.93587],[104.64261,-1.93504],[104.64333,-1.93368],[104.64303,-1.92961],[104.64423,-1.92554],[104.64425,-1.92364],[104.64375,-1.9212],[104.64151,-1.91767],[104.63633,-1.91249],[104.63175,-1.90844],[104.62716,-1.90346],[104.61503,-1.89176],[104.60019,-1.87877],[104.59345,-1.87367],[104.58617,-1.86882],[104.5797,-1.86536],[104.57592,-1.86419],[104.56918,-1.86141],[104.56567,-1.86039],[104.5565,-1.85586],[104.55354,-1.85405],[104.55192,-1.85368],[104.55057,-1.85384],[104.54625,-1.85529],[104.54382,-1.8567],[104.54058,-1.85983],[104.53971,-1.86173],[104.53968,-1.86255],[104.54012,-1.86363],[104.53999,-1.86499],[104.5409,-1.86581],[104.54027,-1.86608],[104.54135,-1.86662],[104.54067,-1.86743],[104.54044,-1.87015],[104.53902,-1.87449],[104.53797,-1.87612],[104.5376,-1.87761]],[[104.53694,-1.87852],[104.53686,-1.8787]],[[104.53615,-1.8806],[104.53573,-1.88165],[104.53394,-1.88372],[104.53418,-1.8848],[104.53293,-1.88453],[104.53349,-1.88616],[104.53329,-1.88833],[104.53098,-1.89349],[104.52972,-1.89511],[104.52898,-1.89783],[104.52671,-1.90326],[104.52629,-1.90706],[104.52274,-1.91411],[104.52304,-1.91444],[104.52385,-1.91437],[104.52655,-1.91184],[104.52682,-1.91168],[104.52699,-1.91194],[104.5252,-1.91411],[104.52412,-1.91491],[104.5225,-1.91726],[104.52128,-1.92035],[104.52073,-1.92361],[104.52223,-1.92543]],[[104.47242,-1.8704],[104.47369,-1.8689],[104.47413,-1.86769],[104.47342,-1.86752],[104.47224,-1.86633],[104.47153,-1.86624],[104.47099,-1.86491],[104.46803,-1.86537]],[[104.47422,-1.88743],[104.47557,-1.88696],[104.47705,-1.88587],[104.47807,-1.88262],[104.47824,-1.88099],[104.47867,-1.88044],[104.47849,-1.87936],[104.47874,-1.87773],[104.47827,-1.87379],[104.47705,-1.87149],[104.47531,-1.87033],[104.47342,-1.87098]],[[104.46262,-1.90734],[104.46424,-1.90666],[104.47017,-1.90548],[104.47341,-1.90363],[104.47648,-1.90053],[104.47755,-1.89809],[104.47797,-1.8951],[104.47865,-1.89347],[104.47858,-1.8913],[104.47739,-1.8894],[104.4753,-1.88819],[104.47449,-1.88814]],[[104.46437,-1.91381],[104.46451,-1.91061],[104.46514,-1.90948],[104.4637,-1.90929],[104.4629,-1.90989]],[[104.49706,-1.94803],[104.49618,-1.94043],[104.49694,-1.93365],[104.4967,-1.93202],[104.49499,-1.92713],[104.494,-1.92523],[104.49392,-1.92442],[104.49218,-1.92224],[104.49228,-1.9217],[104.49179,-1.92062],[104.49051,-1.91872],[104.48832,-1.91682],[104.48818,-1.916],[104.48725,-1.91464],[104.48501,-1.91316],[104.48285,-1.9123],[104.48069,-1.91207],[104.47961,-1.91252],[104.47745,-1.91256],[104.47691,-1.91316],[104.47615,-1.91342]],[[104.47435,-1.9128],[104.47381,-1.91282]],[[104.47309,-1.9126],[104.47314,-1.91197],[104.47233,-1.91245],[104.47227,-1.91288]],[[104.47219,-1.91308],[104.4719,-1.91342]],[[104.47165,-1.91369],[104.47143,-1.91396]],[[104.47138,-1.91406],[104.47128,-1.91423]],[[104.47084,-1.91512],[104.47047,-1.91613]],[[104.52169,-1.92655],[104.52034,-1.92602],[104.51899,-1.9261],[104.51629,-1.92528],[104.5136,-1.92497],[104.51295,-1.92524],[104.51171,-1.92744],[104.50874,-1.92833],[104.5076,-1.92931],[104.50658,-1.92964],[104.50569,-1.93148],[104.50563,-1.93283],[104.5051,-1.93446],[104.50226,-1.93745],[104.50106,-1.93962],[104.50054,-1.94396],[104.50081,-1.94722]],[[104.65373,-1.96383],[104.65251,-1.96466],[104.64688,-1.96707],[104.64522,-1.96853],[104.64306,-1.96891],[104.64145,-1.96962],[104.63929,-1.97079],[104.63794,-1.97265],[104.6374,-1.97262],[104.63686,-1.97331],[104.63632,-1.97306],[104.63577,-1.97331],[104.62984,-1.97948],[104.62963,-1.98063],[104.63017,-1.98226],[104.63119,-1.98314]],[[104.61177,-1.98616],[104.6142,-1.98705],[104.6157,-1.98606],[104.61646,-1.9847],[104.61696,-1.98144],[104.61652,-1.97629],[104.61693,-1.97357],[104.6142,-1.96935],[104.61258,-1.96852],[104.61091,-1.96706],[104.60985,-1.96543],[104.60935,-1.96392],[104.60719,-1.96508]],[[104.63065,-1.98418],[104.62849,-1.98315],[104.62769,-1.98443],[104.62751,-1.98579],[104.62672,-1.98688],[104.62637,-1.98823],[104.62455,-1.99203],[104.62035,-1.99664],[104.61883,-1.99773],[104.61854,-1.99882],[104.61797,-1.99908],[104.61797,-1.99981],[104.61747,-2.00044],[104.61635,-2.00094],[104.61446,-2.00286],[104.61338,-2.00328],[104.61258,-2.00479],[104.61149,-2.00543],[104.60691,-2.00764],[104.60286,-2.00814],[104.6025,-2.00913],[104.60345,-2.01048]],[[104.57184,-1.99878],[104.57481,-1.999],[104.57676,-1.99962],[104.57654,-2.00098],[104.5767,-2.00115],[104.57696,-2.00098],[104.57682,-2.00016],[104.57724,-1.99985],[104.57885,-2.00005],[104.57912,-2.00083],[104.57966,-2.00041],[104.58169,-2.00075]],[[104.5887,-2.00215],[104.59841,-2.002]],[[104.6048,-2.00058],[104.60637,-1.99962],[104.60826,-1.99741],[104.61017,-1.99447],[104.61177,-1.99068],[104.61306,-1.98959],[104.61273,-1.98931],[104.61285,-1.98903],[104.61096,-1.98761]],[[104.57584,-2.0007],[104.57616,-2.00046],[104.57616,-2.00003],[104.57554,-2.0007],[104.57584,-2.0007]],[[104.57697,-2.00179],[104.57697,-2.00136],[104.5767,-2.00157],[104.57616,-2.00103],[104.57562,-2.0011],[104.57549,-2.00152],[104.57697,-2.00179]],[[104.57855,-2.00831],[104.57885,-2.0058],[104.57616,-2.00473],[104.57367,-2.00288],[104.57103,-2.0016]],[[104.58061,-2.00243],[104.58046,-2.00274]],[[104.57706,-2.00261],[104.57697,-2.00227],[104.5767,-2.0026],[104.57643,-2.00213],[104.57583,-2.0026],[104.57706,-2.00261]],[[104.60335,-2.01075],[104.60147,-2.00913],[104.59989,-2.00876],[104.59908,-2.00814],[104.59585,-2.00823],[104.59531,-2.00856],[104.5945,-2.00818],[104.58964,-2.0079],[104.58904,-2.00776],[104.5891,-2.00739],[104.58829,-2.00753],[104.5862,-2.00654]],[[104.5833,-2.00552],[104.58277,-2.00546]],[[104.58276,-2.00546],[104.58199,-2.00586],[104.58155,-2.00739],[104.58123,-2.00749],[104.58136,-2.00858]]]}},{"id":"38","type":"Feature","properties":{"year":1998,"certainty":"unstable data"},"geometry":{"type":"MultiLineString","coordinates":[[[104.48268,-1.83987],[104.48287,-1.83801],[104.483,-1.8382]],[[104.48435,-1.834],[104.48306,-1.83268]],[[104.5376,-1.87761],[104.53694,-1.87852]],[[104.53686,-1.8787],[104.53615,-1.8806]],[[104.46452,-1.92604],[104.46458,-1.92251],[104.46357,-1.91816],[104.46361,-1.91627],[104.46437,-1.91381]],[[104.4629,-1.90989],[104.46289,-1.9099]],[[104.47615,-1.91342],[104.4753,-1.91346],[104.47476,-1.91283],[104.47435,-1.9128]],[[104.47381,-1.91282],[104.47294,-1.91274],[104.47309,-1.9126]],[[104.47227,-1.91288],[104.47219,-1.91308]],[[104.4719,-1.91342],[104.47165,-1.91369]],[[104.47143,-1.91396],[104.47138,-1.91406]],[[104.47128,-1.91423],[104.47084,-1.91512]],[[104.47047,-1.91613],[104.46901,-1.92169],[104.46835,-1.92631]]]}},{"id":"39","type":"Feature","properties":{"year":1998,"certainty":"insufficient data"},"geometry":{"type":"MultiLineString","coordinates":[[[104.58169,-2.00075],[104.5887,-2.00215]],[[104.59841,-2.002],[104.60178,-2.00171],[104.6048,-2.00058]],[[104.58116,-2.00261],[104.58101,-2.00196],[104.58061,-2.00243]],[[104.58046,-2.00274],[104.58116,-2.00261]],[[104.5862,-2.00654],[104.5833,-2.00552]],[[104.58277,-2.00546],[104.58276,-2.00546]]]}},{"id":"40","type":"Feature","properties":{"year":1999,"certainty":"good"},"geometry":{"type":"MultiLineString","coordinates":[[[104.48348,-1.83214],[104.4853,-1.83322],[104.48665,-1.83206],[104.48692,-1.83117],[104.48827,-1.83071],[104.4912,-1.82454],[104.49555,-1.81992],[104.49632,-1.8183],[104.49598,-1.81748],[104.49744,-1.81703],[104.50075,-1.8145],[104.50311,-1.81131],[104.5038,-1.80907]],[[104.47262,-1.8504],[104.47531,-1.85151],[104.47747,-1.85192],[104.47865,-1.85168],[104.4799,-1.85096],[104.48102,-1.8495],[104.48204,-1.84706],[104.48283,-1.83838],[104.48341,-1.83856],[104.48428,-1.83756],[104.48427,-1.83594],[104.48388,-1.83539],[104.4846,-1.83431],[104.48309,-1.83268]],[[104.46722,-1.86341],[104.46803,-1.86301],[104.47214,-1.85873],[104.47213,-1.85683],[104.47262,-1.85578],[104.47127,-1.85551],[104.47073,-1.85571],[104.4706,-1.85547],[104.47235,-1.85535],[104.47307,-1.85493],[104.47288,-1.85439],[104.47332,-1.85276],[104.47311,-1.85222],[104.47181,-1.85142]],[[104.60638,-1.96311],[104.60773,-1.96237],[104.60923,-1.95973],[104.61224,-1.95756],[104.61258,-1.95648],[104.61285,-1.95707],[104.61339,-1.95719],[104.61609,-1.95511],[104.61942,-1.95322],[104.62129,-1.95051],[104.62225,-1.94671],[104.6236,-1.94345],[104.62627,-1.93992],[104.62662,-1.93894],[104.62769,-1.93902],[104.62889,-1.93775],[104.62985,-1.9371],[104.63093,-1.93692],[104.63228,-1.93573],[104.63336,-1.93572],[104.63552,-1.93471],[104.63712,-1.93477],[104.63983,-1.93643],[104.64118,-1.93615],[104.64253,-1.93512],[104.6433,-1.93368],[104.64295,-1.93043],[104.6432,-1.92825],[104.64423,-1.92554],[104.64402,-1.92201],[104.64231,-1.91875],[104.63903,-1.91517],[104.63175,-1.90844],[104.62716,-1.90346],[104.61572,-1.89242],[104.60505,-1.8829],[104.60019,-1.87879],[104.59118,-1.87206],[104.58617,-1.86883],[104.57939,-1.86527],[104.57808,-1.86505],[104.57053,-1.86199],[104.5654,-1.86033],[104.56055,-1.85769],[104.55219,-1.85376],[104.54895,-1.85434],[104.54598,-1.85541],[104.54409,-1.85649],[104.54123,-1.85902],[104.54021,-1.86038],[104.53963,-1.86201],[104.5401,-1.86363],[104.54,-1.86499],[104.54087,-1.86581],[104.54027,-1.86608],[104.54123,-1.86662],[104.54062,-1.86743],[104.54041,-1.87015],[104.53988,-1.87178],[104.53872,-1.87503],[104.5379,-1.87612],[104.53751,-1.87775],[104.53623,-1.87938],[104.53635,-1.87992],[104.53576,-1.88155],[104.53389,-1.88372],[104.53415,-1.8848],[104.53357,-1.88449],[104.53272,-1.88453],[104.53347,-1.88616],[104.53317,-1.8886],[104.53125,-1.89294],[104.5297,-1.89511],[104.52898,-1.89783],[104.52674,-1.90326],[104.52624,-1.90706],[104.52271,-1.91411],[104.52304,-1.91446],[104.52385,-1.91437],[104.52547,-1.91309],[104.52573,-1.9133],[104.52407,-1.91493],[104.5225,-1.91724],[104.52104,-1.9209],[104.52075,-1.92388],[104.52223,-1.9255]],[[104.47247,-1.8704],[104.47381,-1.86877],[104.4742,-1.86769],[104.47162,-1.86606],[104.47099,-1.86487],[104.46803,-1.8653]],[[104.47422,-1.88744],[104.47584,-1.88685],[104.47707,-1.88587],[104.47857,-1.88126],[104.47877,-1.87719],[104.47827,-1.87366],[104.47694,-1.87122],[104.47531,-1.87026],[104.47396,-1.87052],[104.47333,-1.87094]],[[104.46262,-1.90735],[104.46424,-1.90669],[104.47017,-1.90548],[104.47314,-1.90385],[104.47614,-1.90107],[104.47767,-1.89781],[104.47801,-1.8951],[104.47874,-1.8932],[104.47865,-1.89157],[104.47829,-1.89049],[104.47746,-1.8894],[104.4753,-1.88813],[104.47449,-1.88809]],[[104.4646,-1.92604],[104.46467,-1.92278],[104.46358,-1.91816],[104.46365,-1.91627],[104.46478,-1.91292],[104.46558,-1.91281],[104.46612,-1.91182],[104.46612,-1.91282],[104.4667,-1.91219],[104.46649,-1.91192],[104.46671,-1.91165],[104.46605,-1.91138],[104.46586,-1.91044],[104.46559,-1.91121],[104.46532,-1.91052],[104.46478,-1.91095],[104.46451,-1.91084],[104.46523,-1.90948],[104.46505,-1.90925],[104.4637,-1.90925],[104.46289,-1.90985]],[[104.49707,-1.94803],[104.49664,-1.94477],[104.49694,-1.9445],[104.49647,-1.94396],[104.49621,-1.94179],[104.4962,-1.93853],[104.49694,-1.93365],[104.49628,-1.93039],[104.4939,-1.92438],[104.4931,-1.92292],[104.49229,-1.92226],[104.49237,-1.9217],[104.49183,-1.92062],[104.49058,-1.91872],[104.48839,-1.91682],[104.48797,-1.91546],[104.48689,-1.91424],[104.48312,-1.91235],[104.48069,-1.91207],[104.47961,-1.91251],[104.47745,-1.91257],[104.47691,-1.91315],[104.4753,-1.9134],[104.47476,-1.9128],[104.47321,-1.91274],[104.47321,-1.91193],[104.47383,-1.91165],[104.47368,-1.91124],[104.47341,-1.91137],[104.47206,-1.91266],[104.47005,-1.91708],[104.46897,-1.92142],[104.46829,-1.92631]],[[104.52169,-1.92653],[104.5198,-1.92587],[104.51899,-1.92599],[104.51683,-1.92532],[104.5136,-1.9249],[104.51266,-1.92551],[104.51196,-1.92714],[104.50874,-1.92818],[104.50748,-1.92931],[104.50656,-1.92958],[104.50608,-1.93093],[104.50567,-1.93121],[104.50504,-1.93446],[104.50307,-1.93681],[104.50236,-1.93718],[104.50107,-1.93935],[104.50042,-1.94477],[104.50072,-1.94722]],[[104.65373,-1.96386],[104.65318,-1.96435],[104.64684,-1.96707],[104.64522,-1.96852],[104.64306,-1.9689],[104.64131,-1.96969]],[[104.63355,-1.97561],[104.62982,-1.97955],[104.62962,-1.98063],[104.63017,-1.98226],[104.63119,-1.98321]],[[104.61177,-1.98619],[104.61366,-1.98699],[104.61478,-1.98687],[104.61577,-1.98606],[104.61663,-1.98375]],[[104.61652,-1.97615],[104.6169,-1.97357],[104.6142,-1.96936],[104.61258,-1.96852],[104.61087,-1.96706],[104.60985,-1.96543],[104.60935,-1.96393],[104.60719,-1.96507]],[[104.63065,-1.98418],[104.62876,-1.98306],[104.6283,-1.98335],[104.62769,-1.98443],[104.62751,-1.98579],[104.62672,-1.98688],[104.62454,-1.99203],[104.62037,-1.99664],[104.61905,-1.99753],[104.61745,-2.00044],[104.61635,-2.00093],[104.61444,-2.00289],[104.61338,-2.0033],[104.61258,-2.00479],[104.61136,-2.00545]],[[104.61123,-2.00546],[104.61109,-2.00556]],[[104.60327,-2.00803],[104.60268,-2.00831],[104.60243,-2.00885],[104.60345,-2.01048]],[[104.57184,-1.99852],[104.57508,-1.99902],[104.57508,-1.99953],[104.57562,-1.99933],[104.5767,-1.99988],[104.57764,-1.99984]],[[104.59571,-2.00213],[104.59841,-2.002]],[[104.60888,-1.99651],[104.61057,-1.99366],[104.61148,-1.99121],[104.61266,-1.98959],[104.61177,-1.98799],[104.61096,-1.98754]],[[104.57683,-2.00062],[104.5767,-1.99991],[104.57643,-2.00041],[104.57616,-2.00014],[104.57559,-2.0007],[104.57643,-2.00048],[104.57662,-2.00084]],[[104.57683,-2.00504],[104.57211,-2.0019],[104.57103,-2.00162]],[[104.57646,-2.0022],[104.57636,-2.0022]],[[104.57629,-2.00226],[104.57603,-2.00247]],[[104.60335,-2.01075],[104.60148,-2.00913],[104.59989,-2.00876],[104.59908,-2.00814],[104.59585,-2.00823],[104.59531,-2.00856],[104.5945,-2.00818],[104.59221,-2.00811]],[[104.5816,-2.00736],[104.5814,-2.00844]]]}},{"id":"41","type":"Feature","properties":{"year":1999,"certainty":"insufficient data"},"geometry":{"type":"MultiLineString","coordinates":[[[104.64131,-1.96969],[104.63929,-1.9708],[104.63794,-1.97267],[104.6374,-1.97261],[104.63686,-1.97331],[104.63632,-1.97307],[104.63589,-1.97331],[104.63355,-1.97561]],[[104.61663,-1.98375],[104.61684,-1.97927],[104.61652,-1.97615]],[[104.61136,-2.00545],[104.61123,-2.00546]],[[104.61109,-2.00556],[104.60691,-2.00765],[104.60327,-2.00803]],[[104.57764,-1.99984],[104.58425,-2.00119],[104.58614,-2.00188],[104.58964,-2.00228],[104.59571,-2.00213]],[[104.59841,-2.002],[104.60178,-2.00171],[104.60529,-2.00037],[104.60583,-2.00054],[104.60637,-2.0013],[104.60691,-2.00108],[104.60694,-2.00017],[104.60644,-1.9999],[104.60684,-1.99963],[104.60691,-1.99895],[104.60718,-1.99926],[104.60743,-1.99908],[104.60698,-1.99881],[104.60888,-1.99651]],[[104.5771,-2.00098],[104.57683,-2.00062]],[[104.57662,-2.00084],[104.5767,-2.00112],[104.5771,-2.00098]],[[104.57851,-2.00831],[104.57883,-2.00586],[104.57683,-2.00504]],[[104.57706,-2.00261],[104.57697,-2.00227],[104.5767,-2.0026],[104.57646,-2.0022]],[[104.57636,-2.0022],[104.57629,-2.00226]],[[104.57603,-2.00247],[104.57589,-2.0027],[104.57706,-2.00261]],[[104.59221,-2.00811],[104.5891,-2.00783],[104.58614,-2.00653],[104.58587,-2.00614],[104.58533,-2.00623],[104.5829,-2.00549],[104.58202,-2.00586],[104.5816,-2.00736]],[[104.5814,-2.00844],[104.58139,-2.00858]]]}},{"id":"42","type":"Feature","properties":{"year":1999,"certainty":"good"},"geometry":{"type":"MultiLineString","coordinates":[[[104.52147,-1.71486],[104.52309,-1.71448],[104.5243,-1.71381],[104.52648,-1.7111],[104.52633,-1.71011],[104.52304,-1.70621],[104.52094,-1.70218],[104.51116,-1.6883],[104.50826,-1.6854],[104.50638,-1.68441],[104.50341,-1.68167],[104.4999,-1.68024],[104.49985,-1.67907],[104.49908,-1.67852],[104.49829,-1.67716],[104.49748,-1.67698],[104.49748,-1.6749],[104.49667,-1.67443],[104.49314,-1.66875],[104.4937,-1.66821],[104.49371,-1.66739],[104.49263,-1.66682],[104.49177,-1.66549],[104.49109,-1.66359],[104.48508,-1.6519],[104.48334,-1.64948],[104.4833,-1.64894],[104.48103,-1.64552],[104.48019,-1.64351],[104.47618,-1.63672],[104.47546,-1.63482],[104.4751,-1.6346],[104.47239,-1.62939],[104.46891,-1.62125],[104.46594,-1.61326],[104.46403,-1.60605],[104.46418,-1.60551],[104.46218,-1.59899],[104.46164,-1.59546],[104.4608,-1.59438],[104.45929,-1.59004],[104.45866,-1.58949],[104.45874,-1.58868],[104.45732,-1.58516],[104.45481,-1.57429],[104.45496,-1.57375],[104.45326,-1.56832],[104.4534,-1.56724],[104.4529,-1.56615],[104.45143,-1.56452],[104.45205,-1.55991],[104.45278,-1.55882],[104.45204,-1.55339],[104.45241,-1.55285],[104.45221,-1.55095],[104.45176,-1.55014],[104.45079,-1.54389],[104.44472,-1.52842],[104.44401,-1.52761],[104.44333,-1.52164],[104.44204,-1.51811],[104.44136,-1.51757],[104.44007,-1.51516],[104.4397,-1.51349],[104.43981,-1.51236],[104.43949,-1.51268],[104.4396,-1.51132],[104.44041,-1.51078],[104.43927,-1.51008],[104.43916,-1.50969],[104.43954,-1.50917],[104.44008,-1.50915],[104.43981,-1.50834],[104.43954,-1.50855],[104.43934,-1.50834],[104.43983,-1.50454],[104.43948,-1.50291],[104.43968,-1.50047],[104.43914,-1.49938],[104.43902,-1.4983],[104.43965,-1.4983],[104.4399,-1.49748],[104.44021,-1.49504],[104.44,-1.49341],[104.44032,-1.49287],[104.43966,-1.48961],[104.4395,-1.48635],[104.43981,-1.4851],[104.4403,-1.48473],[104.43992,-1.48391],[104.44014,-1.4831],[104.44062,-1.48278],[104.44089,-1.48341],[104.44116,-1.4831],[104.4408,-1.4812],[104.44117,-1.48011],[104.44111,-1.47848],[104.44149,-1.47794],[104.44169,-1.47414],[104.44149,-1.47278],[104.44219,-1.47251],[104.44176,-1.47197],[104.44226,-1.47143],[104.44194,-1.47088],[104.44259,-1.47034],[104.44224,-1.4699],[104.44229,-1.46926],[104.44375,-1.46491],[104.44348,-1.46437],[104.44374,-1.46329],[104.4444,-1.4625],[104.44467,-1.46053],[104.44558,-1.4603],[104.44548,-1.46001],[104.44521,-1.46018],[104.44516,-1.45976],[104.44575,-1.4596],[104.44655,-1.45704],[104.44659,-1.45542],[104.44822,-1.45107],[104.44759,-1.45026],[104.44823,-1.44944],[104.44791,-1.4496],[104.44787,-1.44917],[104.4488,-1.447],[104.44855,-1.44646],[104.44953,-1.44272],[104.45,-1.44239],[104.44975,-1.44185],[104.45027,-1.4394],[104.45196,-1.43447],[104.45249,-1.43099],[104.45331,-1.43016],[104.45385,-1.4289],[104.45412,-1.42986],[104.45466,-1.4285],[104.4552,-1.42824],[104.45554,-1.42855],[104.4554,-1.42773],[104.45601,-1.4278],[104.45655,-1.42644],[104.45682,-1.42694],[104.45736,-1.42438],[104.45782,-1.41389],[104.45667,-1.40168],[104.4555,-1.39625],[104.45251,-1.38864],[104.45215,-1.38648],[104.45255,-1.37508],[104.4527,-1.37427],[104.45386,-1.37251],[104.45541,-1.36694],[104.45521,-1.36531],[104.45638,-1.35669]],[[104.49974,-1.67771],[104.49977,-1.67717],[104.49937,-1.67709],[104.49941,-1.67744],[104.49974,-1.67771]],[[104.50473,-1.80328],[104.50931,-1.80659],[104.51039,-1.80695],[104.51174,-1.80679],[104.51633,-1.8048],[104.51713,-1.80363],[104.51821,-1.80331],[104.51983,-1.80385],[104.52064,-1.80288],[104.52145,-1.80264],[104.52253,-1.80152],[104.52415,-1.80142],[104.5257,-1.79985],[104.53008,-1.80014],[104.53224,-1.79782],[104.53437,-1.79632],[104.53508,-1.79524],[104.53657,-1.79225],[104.5371,-1.79013],[104.5381,-1.78873],[104.53872,-1.78707],[104.54067,-1.78438],[104.54142,-1.78246],[104.5422,-1.78194],[104.54276,-1.783],[104.54369,-1.78303],[104.54331,-1.78276],[104.54384,-1.78194],[104.54371,-1.78031],[104.5446,-1.77733],[104.54415,-1.77353],[104.54165,-1.76131],[104.54144,-1.75887],[104.5402,-1.75399],[104.5404,-1.75263],[104.53672,-1.74231],[104.53588,-1.73906],[104.53601,-1.7377],[104.53512,-1.73634],[104.53307,-1.72917],[104.53102,-1.72521],[104.52499,-1.71653],[104.52309,-1.71514],[104.52191,-1.71544]],[[104.5038,-1.80904],[104.50414,-1.80582],[104.50311,-1.80454]]]}},{"id":"43","type":"Feature","properties":{"year":2000,"certainty":"good"},"geometry":{"type":"MultiLineString","coordinates":[[[104.52147,-1.71486],[104.5239,-1.71415],[104.52633,-1.71155],[104.52645,-1.7111],[104.52594,-1.70947],[104.52327,-1.70621],[104.52095,-1.70214],[104.51109,-1.6883],[104.50826,-1.68549],[104.50638,-1.68445],[104.50449,-1.68253],[104.50045,-1.67988],[104.50043,-1.67934],[104.49955,-1.67852],[104.49992,-1.67825],[104.49964,-1.67766],[104.49586,-1.67337],[104.4932,-1.66875],[104.49369,-1.66821],[104.49368,-1.66739],[104.4929,-1.66708],[104.49203,-1.66604],[104.48621,-1.65409],[104.4836,-1.65002],[104.48344,-1.64921],[104.48265,-1.64831],[104.48021,-1.64351],[104.47615,-1.63672],[104.47531,-1.63509],[104.47552,-1.63482],[104.4751,-1.63457],[104.47214,-1.62889],[104.4722,-1.62831],[104.4716,-1.62676],[104.47025,-1.62474],[104.4684,-1.62044],[104.46813,-1.61854],[104.46695,-1.61555],[104.46641,-1.61311],[104.46486,-1.60958],[104.46482,-1.60849],[104.46354,-1.60442],[104.46302,-1.60116],[104.46167,-1.59628],[104.45904,-1.59058],[104.45729,-1.58542],[104.45624,-1.58098],[104.45633,-1.57918],[104.45324,-1.56832],[104.45343,-1.56724],[104.45238,-1.56534],[104.45136,-1.56452],[104.45159,-1.56262],[104.45196,-1.56208],[104.45166,-1.5621],[104.45165,-1.56181],[104.4521,-1.56072],[104.45208,-1.55991],[104.45276,-1.55909],[104.45222,-1.55095],[104.45191,-1.55068],[104.4507,-1.54362],[104.44967,-1.54037],[104.44654,-1.53358],[104.44475,-1.52842],[104.44396,-1.52761],[104.44326,-1.52327],[104.44333,-1.52191],[104.44277,-1.52103],[104.44191,-1.51811],[104.4412,-1.51757],[104.44029,-1.51594],[104.43954,-1.51295],[104.43942,-1.51051],[104.43981,-1.50987],[104.44015,-1.51024],[104.44047,-1.50861],[104.44012,-1.50589],[104.43937,-1.50535],[104.43961,-1.50454],[104.43942,-1.50399],[104.43971,-1.50372],[104.4393,-1.50291],[104.43934,-1.50182],[104.43966,-1.50047],[104.43924,-1.49911],[104.43962,-1.49884],[104.44031,-1.49694],[104.44045,-1.49477],[104.44011,-1.49341],[104.4404,-1.49124],[104.43979,-1.49042],[104.44012,-1.48934],[104.43975,-1.4888],[104.43967,-1.48771],[104.43981,-1.48608],[104.44047,-1.48581],[104.43954,-1.48395],[104.44019,-1.48337],[104.44035,-1.48262],[104.44096,-1.48228],[104.4408,-1.4812],[104.44157,-1.47794],[104.44154,-1.47278],[104.44221,-1.47251],[104.44252,-1.47088],[104.44305,-1.47034],[104.44234,-1.46953],[104.44278,-1.46866],[104.44285,-1.46763],[104.44359,-1.46602],[104.44386,-1.46631],[104.44415,-1.466],[104.44417,-1.46519],[104.44348,-1.46464],[104.44383,-1.46329],[104.44413,-1.46295],[104.44479,-1.46301],[104.44526,-1.46111],[104.4447,-1.46111],[104.44494,-1.46068],[104.44575,-1.46057],[104.44615,-1.46003],[104.44594,-1.45949],[104.44633,-1.45921],[104.44608,-1.45894],[104.44691,-1.45732],[104.44698,-1.45569],[104.4466,-1.45542],[104.4471,-1.45519],[104.44694,-1.45433],[104.44766,-1.45352],[104.44822,-1.45107],[104.44818,-1.45046],[104.44791,-1.45065],[104.44758,-1.45026],[104.44818,-1.45025],[104.44846,-1.44944],[104.44791,-1.4496],[104.44781,-1.44917],[104.44818,-1.44876],[104.44845,-1.44895],[104.44891,-1.44809],[104.44859,-1.44754],[104.44892,-1.44673],[104.44874,-1.44592],[104.44953,-1.44486],[104.44944,-1.44402],[104.45007,-1.44388],[104.45029,-1.44347],[104.45026,-1.44157],[104.4506,-1.44076],[104.45027,-1.4394],[104.45058,-1.43913],[104.45094,-1.43723],[104.45166,-1.43642],[104.45136,-1.43615],[104.45169,-1.43556],[104.45235,-1.4356],[104.45204,-1.43506],[104.45223,-1.43382],[104.4525,-1.43448],[104.45277,-1.434],[104.45304,-1.43425],[104.45313,-1.43398],[104.45277,-1.43339],[104.4525,-1.43395],[104.45225,-1.4337],[104.4525,-1.43258],[104.45304,-1.4327],[104.45336,-1.43262],[104.45304,-1.43227],[104.45277,-1.4326],[104.4525,-1.43219],[104.45269,-1.43099],[104.45304,-1.43089],[104.45301,-1.43045],[104.45385,-1.429],[104.45412,-1.42986],[104.45466,-1.4285],[104.4552,-1.42826],[104.45547,-1.42871],[104.45595,-1.42828],[104.45655,-1.42673],[104.45682,-1.42705],[104.45709,-1.42668],[104.45771,-1.42258],[104.45747,-1.42231],[104.45756,-1.42041],[104.45804,-1.41742],[104.45653,-1.40114],[104.45559,-1.39707],[104.45308,-1.38974],[104.45197,-1.38759],[104.45194,-1.38648],[104.45221,-1.38268],[104.45198,-1.38132],[104.45256,-1.37861],[104.45251,-1.37642],[104.45272,-1.37562],[104.45306,-1.37562],[104.45302,-1.37481],[104.45332,-1.37469],[104.45345,-1.37318],[104.45421,-1.37155],[104.45521,-1.36691],[104.45541,-1.36341],[104.45605,-1.36124],[104.456,-1.35825],[104.45629,-1.35669]],[[104.50473,-1.80327],[104.5085,-1.80615],[104.51039,-1.80696],[104.51201,-1.80673],[104.51606,-1.80495],[104.5171,-1.80365],[104.51794,-1.80335],[104.51983,-1.80383],[104.52064,-1.80284],[104.52145,-1.80263],[104.52253,-1.80154],[104.52415,-1.80137],[104.52577,-1.79979],[104.52981,-1.80023],[104.53143,-1.79834],[104.53409,-1.79632],[104.53529,-1.7947],[104.53657,-1.79225],[104.53753,-1.78927],[104.53899,-1.78666],[104.54142,-1.78371],[104.54222,-1.78324],[104.54411,-1.78417],[104.54465,-1.78384],[104.54408,-1.7814],[104.54438,-1.78074],[104.54457,-1.77733],[104.54415,-1.77353],[104.54043,-1.7548],[104.54048,-1.75263],[104.53672,-1.74231],[104.53583,-1.73906],[104.53577,-1.73716],[104.5351,-1.73634],[104.53441,-1.73283],[104.53407,-1.73254],[104.5328,-1.72874],[104.53097,-1.72521],[104.52499,-1.71653],[104.52282,-1.71508],[104.52174,-1.71542]],[[104.50381,-1.80904],[104.50412,-1.80582],[104.50311,-1.80456]]]}},{"id":"44","type":"Feature","properties":{"year":2000,"certainty":"good"},"geometry":{"type":"MultiLineString","coordinates":[[[104.48352,-1.83214],[104.4853,-1.83321],[104.4868,-1.83187],[104.48638,-1.83093],[104.48692,-1.83114],[104.48827,-1.83064],[104.48849,-1.82942],[104.48881,-1.82934],[104.49178,-1.82347],[104.49517,-1.8202],[104.49449,-1.81965],[104.49528,-1.81816],[104.49608,-1.81803],[104.49555,-1.81738],[104.49528,-1.81786],[104.495,-1.81748],[104.49663,-1.81676],[104.49731,-1.81694],[104.49825,-1.81575],[104.49933,-1.81559],[104.50041,-1.8148],[104.50293,-1.81151],[104.5038,-1.80907]],[[104.47262,-1.85037],[104.47612,-1.85173],[104.47774,-1.85188],[104.4799,-1.85116],[104.48071,-1.85029],[104.48205,-1.84706],[104.48283,-1.83811],[104.48341,-1.83872],[104.48431,-1.83756],[104.48431,-1.83594],[104.48387,-1.83539],[104.48431,-1.83512],[104.48462,-1.83431],[104.48305,-1.83268]],[[104.46722,-1.86341],[104.46803,-1.86301],[104.47213,-1.85873],[104.472,-1.8571],[104.47265,-1.85602],[104.47235,-1.85569],[104.47056,-1.85547],[104.47235,-1.85535],[104.47304,-1.85493],[104.47321,-1.85249],[104.47181,-1.85141]],[[104.60638,-1.96311],[104.60773,-1.9624],[104.60911,-1.96],[104.61073,-1.95837],[104.6122,-1.95756],[104.61258,-1.95642],[104.61312,-1.95727],[104.61339,-1.95723],[104.61609,-1.95511],[104.61933,-1.95338],[104.6213,-1.95051],[104.62217,-1.94698],[104.62342,-1.94372],[104.62626,-1.93992],[104.62662,-1.93893],[104.62769,-1.93898],[104.62888,-1.93775],[104.62985,-1.93711],[104.63093,-1.93689],[104.63228,-1.93573],[104.63309,-1.93582],[104.63552,-1.93476],[104.63714,-1.93481],[104.63929,-1.9363],[104.64037,-1.93647],[104.64205,-1.93558],[104.64303,-1.93368],[104.64299,-1.92961],[104.6441,-1.92635],[104.6443,-1.92473],[104.64415,-1.92242],[104.64284,-1.91957],[104.64011,-1.9164],[104.63049,-1.90735],[104.62668,-1.90301],[104.61845,-1.89527]],[[104.60794,-1.88577],[104.60552,-1.8836]],[[104.60222,-1.88063],[104.60219,-1.88061]],[[104.60195,-1.88044],[104.6006,-1.87925]],[[104.59736,-1.87674],[104.59102,-1.87197],[104.58347,-1.86738],[104.57997,-1.86561],[104.56783,-1.86113],[104.56702,-1.86059],[104.56594,-1.86049],[104.56014,-1.8573]],[[104.54881,-1.85451],[104.54866,-1.85454]],[[104.54855,-1.85458],[104.54598,-1.85541],[104.54409,-1.85651],[104.54086,-1.85947],[104.53993,-1.86106]],[[104.54072,-1.86646],[104.5412,-1.86662],[104.54045,-1.86743],[104.54057,-1.86838]],[[104.5256,-1.91284],[104.52579,-1.91262]],[[104.47247,-1.8704],[104.47346,-1.86932],[104.47417,-1.86769],[104.47164,-1.86606],[104.47099,-1.86488],[104.46803,-1.86531]],[[104.47422,-1.88744],[104.47584,-1.88685],[104.47707,-1.88587],[104.47861,-1.88126],[104.47883,-1.87746],[104.47836,-1.87366],[104.4772,-1.87149],[104.47585,-1.87035],[104.47396,-1.87054],[104.4733,-1.87094]],[[104.46356,-1.90697],[104.47017,-1.9055],[104.47314,-1.90382],[104.47625,-1.9008],[104.47749,-1.89809],[104.47811,-1.89456],[104.4787,-1.8932],[104.47865,-1.89157],[104.47746,-1.8894],[104.4753,-1.88811],[104.47449,-1.8881]],[[104.46466,-1.92291],[104.46468,-1.92264]],[[104.49706,-1.94803],[104.49618,-1.94179],[104.49619,-1.9388],[104.49689,-1.93365],[104.49624,-1.93039],[104.49394,-1.92442],[104.49239,-1.92224],[104.49175,-1.92047],[104.49057,-1.91872],[104.4885,-1.91682],[104.48814,-1.91573],[104.48689,-1.91427],[104.48312,-1.91238],[104.48069,-1.91205],[104.47961,-1.91252],[104.47826,-1.91235],[104.47718,-1.91263],[104.47691,-1.91305],[104.47583,-1.91348],[104.4753,-1.91341],[104.47476,-1.91275],[104.47341,-1.9127],[104.47325,-1.91193],[104.4738,-1.91165],[104.47341,-1.91128],[104.47314,-1.91182],[104.47194,-1.91247],[104.4701,-1.91681],[104.46924,-1.9198],[104.46821,-1.92604]],[[104.52587,-1.91305],[104.52524,-1.91398]],[[104.52384,-1.91506],[104.52369,-1.91533]],[[104.52098,-1.92157],[104.52074,-1.9232]],[[104.50634,-1.92998],[104.50591,-1.93082]],[[104.50564,-1.93156],[104.50564,-1.93184]],[[104.50563,-1.93188],[104.50493,-1.93473],[104.50229,-1.93745],[104.50111,-1.93935],[104.50061,-1.94233],[104.50054,-1.94532],[104.50085,-1.94722]],[[104.61177,-1.9861],[104.6142,-1.98706],[104.61555,-1.98634],[104.61599,-1.98565]],[[104.61677,-1.97805],[104.61652,-1.97602],[104.61695,-1.97466],[104.6169,-1.97357],[104.61464,-1.97005],[104.6142,-1.96947],[104.61123,-1.96753],[104.61011,-1.96597],[104.60935,-1.96396],[104.60719,-1.96507]],[[104.65373,-1.96417],[104.64711,-1.96688],[104.64522,-1.96856],[104.64172,-1.96947],[104.63929,-1.97083],[104.63794,-1.97265],[104.63767,-1.97254],[104.63686,-1.97329],[104.63632,-1.97304],[104.63572,-1.97344]],[[104.63137,-1.97778],[104.63133,-1.97784]],[[104.63109,-1.97806],[104.62983,-1.97955],[104.62961,-1.98036],[104.6302,-1.98186]],[[104.6257,-1.98972],[104.62511,-1.99081]],[[104.62446,-1.99217],[104.62431,-1.99229]],[[104.62418,-1.99244],[104.62342,-1.99325]],[[104.62089,-1.99597],[104.61888,-1.99773],[104.61742,-2.00044],[104.61635,-2.0009],[104.61446,-2.00294],[104.61338,-2.00332],[104.61258,-2.00479],[104.61136,-2.00546]],[[104.61135,-2.00546],[104.61109,-2.00558]],[[104.61087,-2.00573],[104.61082,-2.00578]],[[104.60327,-2.008],[104.60259,-2.00839],[104.60246,-2.00913],[104.60355,-2.01048]],[[104.57683,-1.99988],[104.5771,-1.99988]],[[104.61136,-1.99172],[104.61264,-1.98931],[104.61204,-1.98835],[104.61096,-1.98761]],[[104.57184,-1.9986],[104.57287,-1.9988],[104.57262,-1.99908],[104.57292,-1.99939],[104.5731,-1.9988],[104.57373,-1.99936],[104.57383,-1.99908],[104.57454,-1.99908],[104.57454,-1.9997]],[[104.57494,-2.00376],[104.57423,-2.00328]],[[104.57239,-2.00138],[104.57211,-2.00106],[104.57184,-2.00161],[104.57103,-2.0016]],[[104.60333,-2.01075],[104.60124,-2.00904],[104.59989,-2.00877],[104.59935,-2.00829],[104.59828,-2.0081],[104.59585,-2.00827],[104.59531,-2.00856],[104.59275,-2.00822]],[[104.58142,-2.00817],[104.58138,-2.00844]]]}},{"id":"45","type":"Feature","properties":{"year":2000,"certainty":"insufficient data"},"geometry":{"type":"MultiLineString","coordinates":[[[104.61845,-1.89527],[104.61534,-1.89215],[104.60794,-1.88577]],[[104.60552,-1.8836],[104.60222,-1.88063]],[[104.60219,-1.88061],[104.60195,-1.88044]],[[104.6006,-1.87925],[104.59736,-1.87674]],[[104.56014,-1.8573],[104.55677,-1.85606],[104.55246,-1.85395],[104.55138,-1.85381],[104.54881,-1.85451]],[[104.54866,-1.85454],[104.54855,-1.85458]],[[104.53993,-1.86106],[104.53965,-1.86255],[104.54006,-1.86336],[104.54,-1.86499],[104.5409,-1.86581],[104.54029,-1.86608],[104.54072,-1.86646]],[[104.54057,-1.86838],[104.53994,-1.87178],[104.53892,-1.87476],[104.53785,-1.87639],[104.53767,-1.87775],[104.53641,-1.87965],[104.53597,-1.88127],[104.53392,-1.88372],[104.53446,-1.88507],[104.53357,-1.88447],[104.53286,-1.88453],[104.53349,-1.88616],[104.53319,-1.8886],[104.53114,-1.89311],[104.5297,-1.89511],[104.52891,-1.8981],[104.52669,-1.90353],[104.52614,-1.90733],[104.52275,-1.91411],[104.52331,-1.9145],[104.52412,-1.91423],[104.5256,-1.91284]],[[104.52579,-1.91262],[104.52709,-1.91138]],[[104.46257,-1.90731],[104.46356,-1.90697]],[[104.46459,-1.92604],[104.46474,-1.92441],[104.4652,-1.92414],[104.46477,-1.92376],[104.46466,-1.92291]],[[104.46468,-1.92264],[104.46364,-1.91871],[104.46366,-1.91627],[104.46451,-1.91277],[104.46478,-1.91274],[104.46472,-1.91219],[104.4654,-1.91057],[104.46488,-1.91029],[104.46525,-1.90948],[104.46505,-1.90926],[104.4637,-1.90914],[104.46289,-1.90964]],[[104.52711,-1.91167],[104.52587,-1.91305]],[[104.52524,-1.91398],[104.52384,-1.91506]],[[104.52369,-1.91533],[104.52232,-1.91737],[104.52098,-1.92157]],[[104.52074,-1.9232],[104.52072,-1.92361],[104.52223,-1.92532]],[[104.52169,-1.92649],[104.52007,-1.92594],[104.51899,-1.92608],[104.51683,-1.92534],[104.51333,-1.92504],[104.51252,-1.92567],[104.51219,-1.92686],[104.51171,-1.92735],[104.5088,-1.92822],[104.50634,-1.92998]],[[104.50591,-1.93082],[104.5056,-1.93093],[104.50564,-1.93156]],[[104.50564,-1.93184],[104.50563,-1.93188]],[[104.61599,-1.98565],[104.61718,-1.98144],[104.61677,-1.97805]],[[104.63572,-1.97344],[104.63137,-1.97778]],[[104.63133,-1.97784],[104.63109,-1.97806]],[[104.6302,-1.98186],[104.63119,-1.98314]],[[104.63065,-1.9842],[104.62849,-1.98318],[104.6257,-1.98972]],[[104.62511,-1.99081],[104.62446,-1.99217]],[[104.62431,-1.99229],[104.62418,-1.99244]],[[104.62342,-1.99325],[104.62256,-1.99449],[104.62089,-1.99597]],[[104.61136,-2.00546],[104.61135,-2.00546]],[[104.61109,-2.00558],[104.61087,-2.00573]],[[104.61082,-2.00578],[104.60691,-2.00766],[104.60583,-2.0075],[104.60327,-2.008]],[[104.57553,-1.99962],[104.57683,-1.99988]],[[104.5771,-1.99988],[104.58418,-2.00125],[104.58614,-2.00195],[104.58964,-2.00233],[104.59936,-2.002],[104.60448,-2.00088],[104.60502,-2.00041],[104.60583,-2.00062],[104.60637,-2.00137],[104.60677,-2.00098],[104.60654,-1.9999],[104.60691,-1.99953],[104.60772,-1.99944],[104.60794,-1.99963],[104.60769,-1.9999],[104.60799,-2.00021],[104.60788,-1.9999],[104.60826,-1.99945],[104.60898,-1.99936],[104.60838,-1.99746],[104.60853,-1.9971],[104.60907,-1.99753],[104.60968,-1.99746],[104.60929,-1.9961],[104.61026,-1.99447],[104.6109,-1.99447],[104.61052,-1.99529],[104.61153,-1.99556],[104.61106,-1.99529],[104.61132,-1.99366],[104.61081,-1.99311],[104.61136,-1.99172]],[[104.6102,-2.00017],[104.61009,-1.99963],[104.61069,-1.99927],[104.61092,-1.99827],[104.61177,-1.99802],[104.61187,-1.99746],[104.61158,-1.99664],[104.61069,-1.99568],[104.61141,-1.99719],[104.60961,-1.99896],[104.60912,-1.99908],[104.60891,-1.9999],[104.60907,-2.00026],[104.60988,-1.99992],[104.6102,-2.00017]],[[104.57535,-2.00077],[104.57629,-2.00098],[104.57589,-2.00063],[104.57643,-2.00061],[104.57693,-2.00016],[104.5767,-1.9999],[104.57589,-2.00035]],[[104.57405,-2.00125],[104.57454,-2.00099],[104.57454,-2.00092],[104.57427,-2.00073],[104.57378,-2.00125],[104.57405,-2.00125]],[[104.57843,-2.0083],[104.57875,-2.00586],[104.57616,-2.00466],[104.57494,-2.00376]],[[104.57423,-2.00328],[104.57271,-2.00233],[104.57239,-2.00138]],[[104.57629,-2.0026],[104.57564,-2.00233],[104.57634,-2.00206],[104.57589,-2.00197],[104.57562,-2.00227],[104.57535,-2.00165],[104.57562,-2.00284],[104.57629,-2.0026]],[[104.57616,-2.00342],[104.57644,-2.00315],[104.57643,-2.00305],[104.57616,-2.0034],[104.57562,-2.00289],[104.57543,-2.00315],[104.57562,-2.00349],[104.57616,-2.00342]],[[104.59275,-2.00822],[104.5891,-2.00785],[104.5829,-2.00549],[104.58199,-2.00586],[104.58142,-2.00817]],[[104.58138,-2.00844],[104.58134,-2.00858]]]}},{"id":"46","type":"Feature","properties":{"year":2001,"certainty":"insufficient data"},"geometry":{"type":"MultiLineString","coordinates":[[[104.48837,-1.83037],[104.4884,-1.83014]],[[104.48841,-1.8301],[104.48849,-1.82942],[104.48881,-1.82939],[104.49119,-1.82495]],[[104.49544,-1.82006],[104.49587,-1.81884],[104.49639,-1.8183],[104.49584,-1.81735]],[[104.49569,-1.81732],[104.49528,-1.8178],[104.495,-1.81748],[104.49543,-1.81708]],[[104.49566,-1.81708],[104.49569,-1.81709]],[[104.50179,-1.81301],[104.50311,-1.81133],[104.50384,-1.80907]],[[104.55678,-1.84925],[104.55706,-1.84871],[104.55704,-1.84816],[104.55675,-1.84817],[104.55703,-1.84871],[104.55677,-1.84896],[104.55596,-1.84867],[104.5554,-1.84898]],[[104.55057,-1.8482],[104.55246,-1.84848],[104.55327,-1.84899],[104.55383,-1.84817]],[[104.55088,-1.84925],[104.55112,-1.84898],[104.55084,-1.84867],[104.55057,-1.84865],[104.5511,-1.84898],[104.55088,-1.84925]],[[104.55239,-1.85007],[104.55247,-1.8498],[104.55219,-1.85004],[104.55196,-1.8498],[104.55223,-1.84925],[104.55192,-1.84896],[104.55162,-1.84925],[104.55188,-1.84952],[104.55165,-1.85007],[104.55239,-1.85007]],[[104.46716,-1.86334],[104.46871,-1.86226],[104.47059,-1.86022]],[[104.47221,-1.8517],[104.47181,-1.8514]],[[104.55408,-1.85224],[104.55408,-1.85197],[104.55381,-1.85169],[104.55407,-1.85197],[104.55408,-1.85224]],[[104.5498,-1.85251],[104.55003,-1.85224],[104.54976,-1.85247],[104.54947,-1.85224],[104.5498,-1.85251]],[[104.55138,-1.85398],[104.54814,-1.85465],[104.54525,-1.85576],[104.54275,-1.85758],[104.54035,-1.86011],[104.53982,-1.86119],[104.53968,-1.86255],[104.54008,-1.86309],[104.54009,-1.86499],[104.54097,-1.86581],[104.5403,-1.86608],[104.5412,-1.86662],[104.54045,-1.86743],[104.5406,-1.86906],[104.53988,-1.87205],[104.53893,-1.87476],[104.53785,-1.87639],[104.53772,-1.87775],[104.53655,-1.87938],[104.53615,-1.881],[104.53401,-1.88345],[104.53426,-1.88453],[104.53411,-1.88475],[104.5333,-1.88432],[104.53278,-1.88453],[104.5333,-1.88532]],[[104.59723,-1.8766],[104.58968,-1.87115],[104.58132,-1.8663],[104.56918,-1.86138],[104.56756,-1.86101],[104.56777,-1.86038],[104.5674,-1.85984],[104.56648,-1.8594],[104.56621,-1.8594],[104.56614,-1.85984],[104.56657,-1.86038],[104.56553,-1.86038],[104.56449,-1.85957],[104.56432,-1.85905],[104.56405,-1.85931],[104.56346,-1.85903],[104.56405,-1.85888],[104.5641,-1.85848],[104.56324,-1.85886],[104.56271,-1.85813],[104.56128,-1.8574],[104.5592,-1.85679]],[[104.47086,-1.86487],[104.46803,-1.86532]],[[104.60638,-1.96309],[104.60773,-1.96236],[104.60908,-1.96001],[104.61077,-1.95837],[104.61223,-1.95756],[104.61258,-1.9564],[104.61312,-1.95723],[104.61339,-1.95719],[104.6169,-1.95455],[104.61933,-1.95349],[104.62141,-1.95023],[104.62334,-1.94372],[104.62626,-1.93992],[104.62645,-1.93911],[104.62662,-1.93896],[104.62742,-1.93962],[104.62796,-1.9395],[104.62811,-1.93856],[104.62877,-1.93784],[104.62985,-1.9371],[104.63093,-1.93688],[104.63242,-1.93583]],[[104.63565,-1.93491],[104.63568,-1.9349]],[[104.63592,-1.9349],[104.63768,-1.93489],[104.63929,-1.93632],[104.64064,-1.93655],[104.64172,-1.93597],[104.64267,-1.93463]],[[104.64298,-1.93273],[104.64294,-1.93263]],[[104.64293,-1.93246],[104.64307,-1.93209],[104.64336,-1.93233],[104.64344,-1.93124],[104.64301,-1.93097],[104.64295,-1.93015],[104.64332,-1.92988],[104.64308,-1.92961],[104.64422,-1.92595]],[[104.64427,-1.92323],[104.64387,-1.92147],[104.64309,-1.91998]],[[104.62759,-1.90396],[104.61691,-1.8939],[104.61571,-1.89242],[104.60721,-1.88524],[104.60194,-1.88021],[104.59912,-1.8781]],[[104.53357,-1.88651],[104.53315,-1.8886],[104.53062,-1.89403],[104.52966,-1.89511],[104.52901,-1.8981],[104.52709,-1.90227],[104.52588,-1.90814],[104.52422,-1.91085]],[[104.46244,-1.90731],[104.4664,-1.90639],[104.46828,-1.90689],[104.46828,-1.90656],[104.46774,-1.90657],[104.46774,-1.90633],[104.46936,-1.90618],[104.47341,-1.90365],[104.47591,-1.90134],[104.47727,-1.8989],[104.47811,-1.89456],[104.47866,-1.89334]],[[104.51883,-1.90624],[104.519,-1.90573],[104.51926,-1.90606],[104.51953,-1.90589],[104.51954,-1.90509],[104.519,-1.90566],[104.51873,-1.9054],[104.51858,-1.90543],[104.51897,-1.9057],[104.51873,-1.90594],[104.51846,-1.90574],[104.51816,-1.90651],[104.51873,-1.90652]],[[104.46462,-1.92604],[104.46477,-1.92505],[104.46504,-1.92539],[104.46558,-1.92473],[104.46558,-1.92532],[104.46639,-1.92499],[104.46705,-1.92387],[104.46666,-1.92321],[104.46639,-1.92348],[104.46585,-1.92296],[104.46534,-1.92332],[104.46609,-1.92387],[104.46558,-1.92437],[104.46477,-1.92369],[104.46363,-1.91871],[104.46367,-1.91599],[104.46445,-1.91355],[104.4644,-1.91084],[104.46511,-1.90948],[104.46424,-1.90917],[104.46289,-1.90978]],[[104.49673,-1.93519],[104.49665,-1.93202],[104.49553,-1.92862]],[[104.48213,-1.91234],[104.48069,-1.91209],[104.47961,-1.91254],[104.47826,-1.91238],[104.47668,-1.91315]],[[104.47333,-1.9126],[104.47333,-1.91193],[104.4738,-1.91165],[104.47341,-1.91122],[104.47314,-1.91173],[104.47185,-1.91247],[104.46971,-1.9179],[104.46907,-1.92102]],[[104.46895,-1.92173],[104.46812,-1.92604]],[[104.52288,-1.91357],[104.52268,-1.91411],[104.52358,-1.91494]],[[104.52361,-1.91547],[104.52223,-1.91731],[104.52217,-1.91791]],[[104.52158,-1.91954],[104.52102,-1.9209],[104.5207,-1.92334],[104.52223,-1.92529]],[[104.52169,-1.9265],[104.52034,-1.92599],[104.51899,-1.92608],[104.51683,-1.92534],[104.51386,-1.92492],[104.51306,-1.92511],[104.51252,-1.92567],[104.51198,-1.92714],[104.50928,-1.92796],[104.50739,-1.92934],[104.50657,-1.92958],[104.50598,-1.93039],[104.50604,-1.93081],[104.5056,-1.93093],[104.50564,-1.93156]],[[104.50564,-1.93184],[104.50563,-1.93188]],[[104.50092,-1.9403],[104.50055,-1.9445],[104.50085,-1.94722]],[[104.61177,-1.98602],[104.6142,-1.98707],[104.61558,-1.98633],[104.61631,-1.98524],[104.61702,-1.98144],[104.61679,-1.97819],[104.61649,-1.97765],[104.61667,-1.97683],[104.6163,-1.97602],[104.617,-1.97466],[104.617,-1.97385],[104.61415,-1.9695],[104.61079,-1.96706],[104.60935,-1.96401],[104.60719,-1.96508]],[[104.65373,-1.96431],[104.64711,-1.96697],[104.64549,-1.96847],[104.64172,-1.96946],[104.63935,-1.97086],[104.63794,-1.97266],[104.63767,-1.97257],[104.63686,-1.9733],[104.63632,-1.973],[104.63586,-1.97331],[104.62983,-1.97955],[104.62975,-1.98091],[104.63119,-1.98309]],[[104.62043,-1.9771],[104.62067,-1.97662],[104.62094,-1.97691],[104.62127,-1.97683],[104.62075,-1.97656],[104.62094,-1.97607],[104.62152,-1.97629],[104.62129,-1.97493],[104.62067,-1.97399],[104.61984,-1.97412],[104.61983,-1.97493],[104.61959,-1.97504],[104.61905,-1.97459],[104.61744,-1.97487],[104.61771,-1.97575],[104.62043,-1.9771]],[[104.61863,-1.97765],[104.61829,-1.97656],[104.61771,-1.97654],[104.61758,-1.97737],[104.61797,-1.97786],[104.61863,-1.97765]],[[104.63065,-1.98426],[104.62903,-1.98321],[104.62849,-1.98321],[104.62468,-1.99203],[104.6204,-1.99675],[104.61905,-1.99759],[104.61736,-2.00044],[104.61635,-2.00095],[104.61446,-2.00298],[104.61334,-2.00343],[104.61271,-2.00479],[104.60691,-2.0077],[104.60286,-2.00809],[104.60243,-2.00858],[104.60286,-2.01017],[104.60218,-2.00994],[104.60124,-2.00904],[104.59989,-2.00874],[104.59935,-2.0083],[104.59828,-2.00812],[104.59531,-2.00854],[104.58964,-2.008],[104.58479,-2.00598]],[[104.60994,-1.99501],[104.61076,-1.99366],[104.61123,-1.99171],[104.6126,-1.98959],[104.61195,-1.98823],[104.61096,-1.98758]],[[104.62056,-1.98932],[104.62099,-1.98877],[104.6204,-1.98897],[104.6202,-1.98877],[104.62047,-1.9885],[104.62013,-1.98817],[104.62034,-1.9885],[104.61979,-1.98877],[104.62056,-1.98932]],[[104.6115,-1.9981],[104.61187,-1.99746],[104.61123,-1.99624]],[[104.59747,-2.00158],[104.60124,-2.00158],[104.6026,-2.00125]],[[104.58795,-2.00261],[104.58821,-2.00288],[104.58791,-2.00342],[104.58712,-2.00396],[104.58776,-2.00447],[104.588,-2.00424],[104.58776,-2.00385],[104.58811,-2.00396],[104.58814,-2.00451],[104.58803,-2.00475],[104.58776,-2.00455],[104.58776,-2.00484],[104.58803,-2.0048],[104.58856,-2.00453],[104.58857,-2.00376],[104.58909,-2.00369],[104.58816,-2.00315],[104.5891,-2.0032],[104.58937,-2.00294],[104.58999,-2.00315],[104.59018,-2.00218],[104.59477,-2.0018]]]}},{"id":"47","type":"Feature","properties":{"year":2001,"certainty":"good"},"geometry":{"type":"MultiLineString","coordinates":[[[104.48353,-1.83214],[104.4853,-1.83321],[104.48665,-1.83207],[104.48692,-1.83119],[104.48827,-1.83068],[104.48837,-1.83037]],[[104.4884,-1.83014],[104.48841,-1.8301]],[[104.49119,-1.82495],[104.49211,-1.82318],[104.49258,-1.82266],[104.49285,-1.8229],[104.49544,-1.82006]],[[104.49584,-1.81735],[104.49569,-1.81732]],[[104.49543,-1.81708],[104.49566,-1.81708]],[[104.49569,-1.81709],[104.49663,-1.81675],[104.49663,-1.81723],[104.49744,-1.81702],[104.49817,-1.81558],[104.4995,-1.81558],[104.50179,-1.81301]],[[104.47262,-1.85037],[104.47423,-1.85117],[104.47747,-1.85191],[104.4799,-1.85116],[104.48071,-1.85029],[104.48204,-1.84706],[104.48287,-1.83908],[104.48389,-1.83838],[104.48431,-1.83756],[104.4843,-1.83539],[104.48464,-1.83431],[104.4831,-1.83268]],[[104.47059,-1.86022],[104.47225,-1.85846],[104.47212,-1.8571],[104.47271,-1.85602],[104.47157,-1.85547],[104.47309,-1.85493],[104.47322,-1.85249],[104.47221,-1.8517]],[[104.47247,-1.8704],[104.47344,-1.86932],[104.47419,-1.86769],[104.47167,-1.86606],[104.47126,-1.86502],[104.47086,-1.86487]],[[104.47422,-1.88746],[104.47611,-1.88675],[104.47724,-1.8856],[104.47862,-1.88126],[104.47882,-1.87692],[104.47836,-1.87366],[104.47693,-1.87116],[104.47603,-1.8704],[104.47531,-1.8703],[104.47329,-1.87094]],[[104.63242,-1.93583],[104.63336,-1.93614],[104.6339,-1.93543],[104.63565,-1.93491]],[[104.63568,-1.9349],[104.63592,-1.9349]],[[104.64267,-1.93463],[104.64298,-1.93273]],[[104.64294,-1.93263],[104.64293,-1.93246]],[[104.64422,-1.92595],[104.64427,-1.92323]],[[104.64309,-1.91998],[104.63957,-1.91589],[104.63175,-1.90862],[104.62759,-1.90396]],[[104.47866,-1.89334],[104.47859,-1.8913],[104.47773,-1.88968],[104.4753,-1.88809],[104.47449,-1.88808]],[[104.49703,-1.94803],[104.49615,-1.94179],[104.49616,-1.93907],[104.49673,-1.93519]],[[104.49553,-1.92862],[104.49394,-1.92442],[104.49239,-1.92224],[104.49214,-1.92116],[104.49067,-1.91878],[104.48851,-1.91682],[104.48803,-1.91546],[104.48581,-1.91351],[104.48312,-1.91237],[104.48213,-1.91234]],[[104.47668,-1.91315],[104.47583,-1.91352],[104.4753,-1.91343],[104.47476,-1.9128],[104.47333,-1.9126]],[[104.46907,-1.92102],[104.46895,-1.92173]],[[104.50564,-1.93156],[104.50564,-1.93184]],[[104.50563,-1.93188],[104.50493,-1.93473],[104.50147,-1.93853],[104.50092,-1.9403]]]}},{"id":"48","type":"Feature","properties":{"year":2001,"certainty":"insufficient data"},"geometry":{"type":"MultiLineString","coordinates":[[[104.52147,-1.71486],[104.5239,-1.71416],[104.52667,-1.71137],[104.52603,-1.70947],[104.52371,-1.70676],[104.51944,-1.69983]],[[104.51396,-1.69196],[104.5102,-1.68721],[104.50826,-1.68549],[104.50615,-1.68423],[104.50449,-1.68246],[104.50258,-1.68124],[104.5026,-1.68069],[104.50233,-1.68091],[104.5007,-1.67934],[104.49748,-1.67495],[104.49559,-1.67323],[104.49518,-1.67201],[104.49419,-1.67065],[104.4942,-1.67011],[104.4937,-1.66996],[104.49333,-1.66875],[104.49367,-1.66767],[104.4929,-1.66722],[104.49152,-1.66522],[104.48885,-1.65877],[104.4836,-1.65002],[104.48344,-1.64921],[104.48265,-1.64831],[104.47894,-1.64079],[104.47564,-1.63525],[104.47414,-1.63211],[104.47427,-1.63184],[104.47322,-1.63099],[104.47212,-1.62885],[104.47247,-1.62858],[104.47112,-1.62532],[104.47052,-1.62526],[104.46988,-1.62424],[104.46934,-1.62234],[104.4681,-1.61989],[104.46795,-1.61881],[104.46864,-1.61871],[104.46891,-1.61826],[104.46837,-1.61845],[104.46803,-1.61799],[104.46788,-1.61664],[104.46675,-1.6134],[104.46658,-1.61148],[104.46511,-1.61039],[104.4649,-1.60876],[104.46363,-1.60524],[104.46338,-1.6033]],[[104.46269,-1.59994],[104.46257,-1.59982]],[[104.46245,-1.59913],[104.4623,-1.59886]],[[104.46165,-1.59641],[104.46136,-1.59574],[104.46109,-1.5959],[104.46055,-1.59542],[104.4594,-1.59166],[104.45853,-1.59004],[104.45882,-1.58949],[104.45859,-1.58909]],[[104.45723,-1.58529],[104.45624,-1.5812],[104.45643,-1.57918],[104.45565,-1.57646],[104.45552,-1.57511],[104.45577,-1.57484],[104.45529,-1.57456],[104.45518,-1.57348],[104.45416,-1.57117]],[[104.45146,-1.56466],[104.45148,-1.56262],[104.45201,-1.56235],[104.4522,-1.56181],[104.45247,-1.56229],[104.45275,-1.56208],[104.45247,-1.56154],[104.4522,-1.5618],[104.45189,-1.56154],[104.45238,-1.56126],[104.45204,-1.56045],[104.45267,-1.55909],[104.45231,-1.55828],[104.45237,-1.55774],[104.4528,-1.55746],[104.45269,-1.55679]],[[104.45234,-1.5524],[104.45072,-1.54389],[104.4497,-1.54009],[104.449,-1.53887]],[[104.44859,-1.53779],[104.44672,-1.53412],[104.4456,-1.5308]],[[104.44479,-1.52883],[104.44466,-1.52805],[104.44381,-1.52761],[104.44401,-1.52707],[104.44356,-1.52571],[104.44333,-1.52191],[104.44277,-1.52102],[104.44261,-1.51987]],[[104.44042,-1.50847],[104.44008,-1.50764],[104.43954,-1.50785],[104.43909,-1.50752],[104.43901,-1.50644],[104.43961,-1.50617],[104.439,-1.50613],[104.43911,-1.50481],[104.43872,-1.50427],[104.43913,-1.50345],[104.43872,-1.50264],[104.43927,-1.50136],[104.43908,-1.49965],[104.43927,-1.49908],[104.43996,-1.49884],[104.44008,-1.49789]],[[104.44009,-1.4854],[104.43999,-1.48473],[104.43926,-1.48391],[104.44004,-1.48093],[104.43981,-1.47901],[104.44008,-1.47738],[104.44048,-1.47713],[104.44032,-1.47631],[104.44064,-1.47604],[104.44089,-1.47358],[104.4416,-1.47211]],[[104.45299,-1.43058],[104.45291,-1.43046]],[[104.45291,-1.43043],[104.45346,-1.4299],[104.45439,-1.42761],[104.45547,-1.42887],[104.45599,-1.42828],[104.45671,-1.42665],[104.4572,-1.42407]],[[104.45798,-1.41674],[104.45673,-1.40426]],[[104.45248,-1.37657],[104.45251,-1.37572],[104.45305,-1.37545],[104.45302,-1.37481],[104.45332,-1.37469],[104.45332,-1.37317],[104.45418,-1.3721],[104.45408,-1.37074],[104.45504,-1.36721],[104.45604,-1.3611]],[[104.50473,-1.80326],[104.50823,-1.80597],[104.51039,-1.80698],[104.51224,-1.80663],[104.51606,-1.80491],[104.51713,-1.80358],[104.51862,-1.80338]],[[104.53232,-1.79754],[104.5344,-1.79575],[104.53602,-1.7928],[104.5369,-1.79022]],[[104.5375,-1.78912],[104.53899,-1.78646],[104.54182,-1.78333]],[[104.54441,-1.77936],[104.54389,-1.77733],[104.54421,-1.77624],[104.5429,-1.76895]],[[104.5429,-1.76837],[104.54007,-1.75371],[104.54064,-1.75344],[104.54041,-1.75249]],[[104.53408,-1.73186],[104.53098,-1.72521],[104.52892,-1.7225],[104.52743,-1.71979],[104.52568,-1.71775]],[[104.52553,-1.71748],[104.52498,-1.71653],[104.52309,-1.71522],[104.52174,-1.71536]],[[104.50384,-1.80904],[104.5041,-1.80581],[104.50311,-1.80461]]]}},{"id":"49","type":"Feature","properties":{"year":2002,"certainty":"insufficient data"},"geometry":{"type":"MultiLineString","coordinates":[[[104.45175,-1.38621],[104.45184,-1.38051],[104.4524,-1.37888],[104.45234,-1.37562],[104.45332,-1.37445],[104.45304,-1.37318],[104.45359,-1.37219],[104.45393,-1.37237],[104.45386,-1.37129],[104.45415,-1.37155],[104.45393,-1.37074],[104.45486,-1.36667],[104.45593,-1.35669]],[[104.52336,-1.71408],[104.52396,-1.71381],[104.52471,-1.71262],[104.52525,-1.71273],[104.52575,-1.71191],[104.52548,-1.71164],[104.52571,-1.71056],[104.52498,-1.70882],[104.52363,-1.70711],[104.51996,-1.70078],[104.5111,-1.6883],[104.50825,-1.68558],[104.50611,-1.68429],[104.50449,-1.68253],[104.50242,-1.68124],[104.50044,-1.67922],[104.49937,-1.67739],[104.49735,-1.675],[104.49667,-1.67445],[104.4964,-1.67472],[104.4962,-1.67445],[104.49639,-1.67418],[104.49559,-1.67335],[104.49466,-1.67119],[104.49335,-1.66929],[104.49321,-1.66875],[104.49351,-1.66848],[104.49357,-1.66767],[104.4929,-1.66727],[104.49178,-1.66577],[104.49059,-1.66278],[104.48876,-1.65898],[104.4872,-1.65654],[104.48715,-1.65599],[104.48269,-1.64867],[104.47955,-1.64242],[104.47304,-1.63102],[104.46988,-1.62424],[104.46899,-1.62152],[104.46837,-1.62066],[104.46778,-1.61881],[104.46808,-1.61826],[104.46783,-1.6173],[104.46752,-1.61718],[104.46685,-1.61555],[104.46657,-1.61311],[104.46591,-1.61284],[104.46531,-1.61094],[104.46546,-1.61066],[104.46485,-1.60958],[104.46466,-1.60795],[104.46244,-1.60146],[104.46244,-1.60035],[104.4619,-1.59986],[104.46155,-1.59791],[104.46109,-1.59709],[104.46119,-1.59655],[104.45853,-1.59004],[104.45708,-1.58515],[104.45614,-1.58108],[104.45546,-1.57565],[104.45318,-1.56832],[104.45343,-1.56724],[104.45247,-1.56521],[104.45166,-1.565],[104.45134,-1.56452],[104.45166,-1.56316],[104.45148,-1.56262],[104.45201,-1.56235],[104.4522,-1.56181],[104.45247,-1.56229],[104.45275,-1.56208],[104.45247,-1.56154],[104.4522,-1.5618],[104.45189,-1.56154],[104.45238,-1.56126],[104.45204,-1.56045],[104.45267,-1.55909],[104.45234,-1.55882],[104.45248,-1.55719],[104.45218,-1.55611],[104.45247,-1.55421],[104.45202,-1.55177],[104.45173,-1.55149],[104.45178,-1.54959],[104.45112,-1.54764],[104.45008,-1.54172],[104.44833,-1.53738],[104.44627,-1.53357],[104.44449,-1.52842],[104.44373,-1.52761],[104.44397,-1.52707],[104.44355,-1.52571],[104.44329,-1.52191],[104.4425,-1.52091],[104.44184,-1.51811],[104.44112,-1.51757],[104.44032,-1.51621],[104.4403,-1.51539],[104.43951,-1.51349],[104.43868,-1.50807],[104.43856,-1.49775],[104.43869,-1.49585],[104.43911,-1.49558],[104.4392,-1.49422],[104.43868,-1.48961],[104.43922,-1.48635],[104.43898,-1.48527],[104.43946,-1.48038],[104.44058,-1.47414],[104.44291,-1.46573],[104.44276,-1.46464],[104.44351,-1.46383],[104.4449,-1.45949],[104.44595,-1.45759],[104.44622,-1.45569],[104.44603,-1.45541],[104.44719,-1.45243],[104.44786,-1.44564],[104.44903,-1.4432],[104.4498,-1.44017],[104.44996,-1.44157],[104.44967,-1.44239],[104.45007,-1.44345],[104.45108,-1.43995],[104.45061,-1.43964],[104.45007,-1.44001],[104.44986,-1.4394],[104.45158,-1.43099],[104.45311,-1.43072],[104.45296,-1.43018],[104.45342,-1.4299],[104.45439,-1.42743],[104.45535,-1.42773],[104.45547,-1.42867],[104.45606,-1.42801],[104.45669,-1.42638],[104.45709,-1.4229],[104.45763,-1.42312],[104.45785,-1.42258],[104.45774,-1.42203],[104.45717,-1.42176],[104.45751,-1.41878],[104.45804,-1.41742],[104.458,-1.41661],[104.45759,-1.41606],[104.4567,-1.40222],[104.45521,-1.39624],[104.45473,-1.39625],[104.45467,-1.39683]],[[104.52733,-1.72033],[104.52714,-1.71963],[104.52525,-1.7172],[104.52336,-1.71574]],[[104.50473,-1.80326],[104.50837,-1.80609],[104.51039,-1.80699],[104.51201,-1.80664],[104.51606,-1.80478],[104.51687,-1.80359],[104.51821,-1.80329],[104.51983,-1.80378],[104.52048,-1.80283],[104.52145,-1.80256],[104.52226,-1.8016],[104.52415,-1.80126],[104.52577,-1.79974],[104.52981,-1.80019],[104.53118,-1.79849],[104.53438,-1.79578],[104.53577,-1.79334],[104.53668,-1.79062],[104.53836,-1.78737],[104.54122,-1.78384],[104.54222,-1.78317],[104.54249,-1.78361],[104.5433,-1.78331],[104.54325,-1.78384],[104.54411,-1.78412],[104.54492,-1.78402],[104.54397,-1.7814],[104.5445,-1.78004],[104.54443,-1.77868],[104.54348,-1.7776],[104.54357,-1.77701],[104.544,-1.77706],[104.54404,-1.77651],[104.5429,-1.76891],[104.543,-1.76783],[104.54245,-1.76701],[104.54162,-1.76104],[104.5398,-1.75335],[104.53978,-1.75181],[104.53896,-1.74964],[104.539,-1.74844],[104.53687,-1.74313],[104.53605,-1.73933],[104.53515,-1.73716],[104.53522,-1.73682],[104.53576,-1.73736],[104.53593,-1.73716],[104.53573,-1.73634],[104.53549,-1.73607],[104.53507,-1.73634],[104.53489,-1.73471],[104.53374,-1.73173],[104.53141,-1.7263],[104.53091,-1.72576]],[[104.50382,-1.80904],[104.5041,-1.80581],[104.50311,-1.80461]]]}},{"id":"50","type":"Feature","properties":{"year":2002,"certainty":"insufficient data"},"geometry":{"type":"MultiLineString","coordinates":[[[104.48367,-1.83214],[104.4853,-1.83309],[104.48673,-1.83159],[104.48629,-1.83078],[104.48692,-1.83092],[104.48829,-1.83051],[104.48843,-1.82942],[104.48926,-1.82779],[104.49157,-1.82454],[104.49167,-1.82345],[104.49523,-1.8202],[104.49531,-1.81938],[104.49615,-1.81803],[104.49582,-1.81738],[104.49528,-1.8178],[104.495,-1.81748],[104.49519,-1.81721],[104.49663,-1.81675],[104.49669,-1.81721],[104.49744,-1.81703],[104.49813,-1.81558],[104.49933,-1.81559],[104.50046,-1.81477],[104.50292,-1.81151],[104.50382,-1.80907]],[[104.47268,-1.85032],[104.47585,-1.85151],[104.47801,-1.85174],[104.4799,-1.85076],[104.48098,-1.84929],[104.48192,-1.84706],[104.4826,-1.83782],[104.48341,-1.83837],[104.48424,-1.83756],[104.48431,-1.83594],[104.48394,-1.83539],[104.48446,-1.83431],[104.48298,-1.83268]],[[104.55678,-1.84925],[104.55706,-1.84871],[104.55704,-1.84816],[104.55675,-1.84817],[104.55703,-1.84871],[104.55677,-1.84896],[104.55596,-1.84867],[104.5554,-1.84898]],[[104.55057,-1.8482],[104.55246,-1.84848],[104.55327,-1.84899],[104.55383,-1.84817]],[[104.55088,-1.84925],[104.55112,-1.84898],[104.55084,-1.84867],[104.55057,-1.84865],[104.5511,-1.84898],[104.55088,-1.84925]],[[104.55239,-1.85007],[104.55247,-1.8498],[104.55219,-1.85004],[104.55196,-1.8498],[104.55223,-1.84925],[104.55192,-1.84896],[104.55162,-1.84925],[104.55188,-1.84952],[104.55165,-1.85007],[104.55239,-1.85007]],[[104.46938,-1.86098],[104.47217,-1.85873],[104.47193,-1.85683],[104.47251,-1.85602],[104.47047,-1.85547],[104.47295,-1.85493],[104.47317,-1.85249],[104.47181,-1.85147]],[[104.55408,-1.85224],[104.55408,-1.85197],[104.55381,-1.85169],[104.55407,-1.85197],[104.55408,-1.85224]],[[104.5498,-1.85251],[104.55003,-1.85224],[104.54976,-1.85247],[104.54947,-1.85224],[104.5498,-1.85251]],[[104.56865,-1.85333],[104.56894,-1.85306],[104.56894,-1.85279],[104.56864,-1.8525],[104.56851,-1.85251],[104.56889,-1.85279],[104.56865,-1.85333]],[[104.55138,-1.85398],[104.54598,-1.85541],[104.54248,-1.85782],[104.54221,-1.85763]],[[104.59723,-1.8766],[104.58968,-1.87115],[104.58132,-1.8663],[104.56884,-1.8612],[104.56729,-1.85965],[104.56621,-1.85938],[104.56582,-1.86011],[104.56525,-1.86011],[104.56432,-1.85905],[104.56405,-1.85931],[104.56346,-1.85903],[104.56405,-1.85888],[104.5641,-1.85848],[104.56297,-1.85884],[104.56136,-1.85747],[104.5592,-1.85679]],[[104.54194,-1.85826],[104.54019,-1.86011],[104.54038,-1.86038],[104.53988,-1.86065],[104.54006,-1.86092],[104.53942,-1.86119],[104.53983,-1.86173]],[[104.53786,-1.85956],[104.54009,-1.85956],[104.54011,-1.85929],[104.53951,-1.8592],[104.53897,-1.85866]],[[104.539,-1.86092],[104.53967,-1.86065],[104.53924,-1.86004],[104.53897,-1.86089]],[[104.54011,-1.86363],[104.54009,-1.86499],[104.54104,-1.86581],[104.54034,-1.86608],[104.54097,-1.86662],[104.53988,-1.87205],[104.53893,-1.87476],[104.53785,-1.87639],[104.53772,-1.87775],[104.53655,-1.87938],[104.53615,-1.881],[104.53401,-1.88345],[104.53426,-1.88453],[104.53411,-1.88475],[104.5333,-1.88432],[104.53278,-1.88453],[104.5333,-1.88532]],[[104.47234,-1.8703],[104.47361,-1.86904],[104.47412,-1.86769],[104.47153,-1.86611],[104.47111,-1.86497],[104.46936,-1.86497]],[[104.5386,-1.86852],[104.53984,-1.86852],[104.53924,-1.86733],[104.53897,-1.86816]],[[104.53784,-1.86906],[104.53806,-1.8696],[104.53784,-1.87042],[104.53816,-1.87073],[104.53849,-1.87042],[104.53826,-1.86879]],[[104.47422,-1.88747],[104.47634,-1.88669],[104.47719,-1.88569],[104.47861,-1.88126],[104.47884,-1.87692],[104.47835,-1.87366],[104.47693,-1.87118],[104.47585,-1.87036],[104.47396,-1.87059],[104.47335,-1.87094]],[[104.63066,-1.93664],[104.63228,-1.93569],[104.63336,-1.93568],[104.6339,-1.93519],[104.63552,-1.93463],[104.63768,-1.93467],[104.63956,-1.93642],[104.64091,-1.93653],[104.6423,-1.93531],[104.64294,-1.93385]],[[104.64297,-1.93355],[104.64283,-1.93233],[104.64335,-1.93151],[104.64294,-1.93124],[104.64288,-1.93015],[104.64337,-1.92988],[104.64297,-1.92961],[104.64414,-1.92608],[104.64423,-1.92283],[104.64373,-1.9212],[104.64253,-1.91932],[104.63967,-1.91604],[104.63067,-1.90767],[104.6277,-1.90416],[104.61535,-1.89215],[104.60721,-1.88524],[104.60194,-1.88021],[104.59912,-1.8781]],[[104.53357,-1.88651],[104.53324,-1.88779],[104.53341,-1.88833],[104.53094,-1.89349],[104.52976,-1.89511],[104.52905,-1.8981],[104.5282,-1.89946]],[[104.47098,-1.9051],[104.47395,-1.90301],[104.47614,-1.9008],[104.47721,-1.8989],[104.47796,-1.89456],[104.47855,-1.8932],[104.47859,-1.8913],[104.47773,-1.88969],[104.4753,-1.88807],[104.47449,-1.88814]],[[104.52817,-1.89951],[104.52659,-1.9038],[104.52635,-1.90706],[104.52466,-1.9105],[104.52422,-1.91085]],[[104.51883,-1.90624],[104.519,-1.90573],[104.51926,-1.90606],[104.51953,-1.90589],[104.51954,-1.90509],[104.519,-1.90566],[104.51873,-1.9054],[104.51858,-1.90543],[104.51897,-1.9057],[104.51873,-1.90594],[104.51846,-1.90574],[104.51816,-1.90651],[104.51873,-1.90652]],[[104.46244,-1.90731],[104.46505,-1.9064],[104.46828,-1.90608]],[[104.46453,-1.92604],[104.46477,-1.92512],[104.46585,-1.92516],[104.46675,-1.92468],[104.46647,-1.92441],[104.46678,-1.92387],[104.46626,-1.92278],[104.46673,-1.92224],[104.46612,-1.92115],[104.46531,-1.92157],[104.46504,-1.92141],[104.46477,-1.9219],[104.46421,-1.92169],[104.46368,-1.91952],[104.46355,-1.91654],[104.46436,-1.91328],[104.46434,-1.91084],[104.46492,-1.90948],[104.46424,-1.90917],[104.46289,-1.90978]],[[104.49701,-1.94803],[104.49651,-1.94586],[104.49615,-1.94179],[104.49615,-1.9388],[104.4969,-1.93392],[104.49621,-1.93039],[104.49411,-1.9255],[104.49393,-1.92442],[104.49231,-1.92224],[104.49179,-1.92062],[104.49077,-1.91899],[104.48851,-1.91681],[104.48808,-1.91573],[104.48698,-1.91437],[104.48528,-1.91327],[104.48285,-1.91228],[104.48069,-1.91204],[104.47959,-1.91247],[104.47745,-1.91249],[104.47583,-1.91354],[104.4753,-1.91347],[104.47472,-1.91274],[104.47314,-1.91275],[104.47277,-1.91247],[104.47373,-1.91165],[104.47341,-1.91131],[104.47314,-1.91184],[104.47202,-1.91247],[104.47214,-1.91301],[104.47085,-1.91491],[104.46969,-1.91817],[104.46882,-1.92227],[104.46849,-1.92224]],[[104.52155,-1.91954],[104.52081,-1.92334],[104.52223,-1.92529]],[[104.46855,-1.92229],[104.46864,-1.92332],[104.46819,-1.92387],[104.46859,-1.92414],[104.46819,-1.92468],[104.46811,-1.92604]],[[104.52169,-1.9265],[104.52007,-1.92593],[104.51899,-1.92608],[104.5171,-1.92538],[104.51333,-1.92498],[104.51277,-1.92524],[104.51201,-1.92714],[104.50901,-1.92809],[104.50755,-1.92931],[104.50658,-1.92964],[104.50569,-1.93148],[104.5056,-1.9331],[104.50498,-1.93473],[104.50253,-1.9372],[104.50111,-1.93935],[104.5006,-1.94233],[104.50056,-1.94505],[104.50091,-1.94722]],[[104.5061,-1.92903],[104.50616,-1.92876],[104.50577,-1.92839],[104.50566,-1.92849],[104.5061,-1.92903]],[[104.50284,-1.92985],[104.50261,-1.92958],[104.50285,-1.92903],[104.50226,-1.929],[104.50247,-1.9293],[104.50222,-1.92958],[104.50284,-1.92985]],[[104.60638,-1.96308],[104.60773,-1.96225],[104.60912,-1.95973],[104.61086,-1.9581],[104.61204,-1.95755],[104.61258,-1.95615],[104.61312,-1.9572],[104.61609,-1.95498],[104.61933,-1.95349],[104.62141,-1.95023],[104.62334,-1.94372],[104.62627,-1.93992],[104.62623,-1.93911],[104.62716,-1.93861]],[[104.61177,-1.98602],[104.6142,-1.98692],[104.61583,-1.98606],[104.61655,-1.98416],[104.61702,-1.98144],[104.61679,-1.97819],[104.61649,-1.97765],[104.61667,-1.97683],[104.6163,-1.97602],[104.617,-1.97466],[104.617,-1.97385],[104.61415,-1.9695],[104.61079,-1.96706],[104.60955,-1.96516],[104.60935,-1.96405],[104.60719,-1.96509]],[[104.65373,-1.96431],[104.64684,-1.96716],[104.64549,-1.96855],[104.64172,-1.96948],[104.63935,-1.97086],[104.63794,-1.97266],[104.63767,-1.97257],[104.63686,-1.9733],[104.63632,-1.973],[104.63586,-1.97331],[104.62984,-1.97955],[104.62964,-1.98063],[104.63119,-1.98309]],[[104.62043,-1.9771],[104.62067,-1.97662],[104.62094,-1.97691],[104.62127,-1.97683],[104.62075,-1.97656],[104.62094,-1.97607],[104.62152,-1.97629],[104.62129,-1.97493],[104.62067,-1.97399],[104.61984,-1.97412],[104.61983,-1.97493],[104.61959,-1.97504],[104.61905,-1.97459],[104.61744,-1.97487],[104.61771,-1.97575],[104.62043,-1.9771]],[[104.61863,-1.97765],[104.61829,-1.97656],[104.61771,-1.97654],[104.61758,-1.97737],[104.61797,-1.97786],[104.61863,-1.97765]],[[104.63065,-1.98426],[104.62903,-1.98321],[104.62849,-1.98321],[104.62468,-1.99203],[104.62303,-1.99366],[104.62256,-1.99453],[104.62013,-1.99689],[104.61959,-1.99707],[104.61818,-1.99909],[104.61794,-1.9999],[104.61635,-2.00095],[104.61446,-2.00296],[104.61339,-2.00343],[104.61257,-2.00488],[104.60691,-2.00767],[104.60286,-2.00809],[104.60243,-2.00858],[104.60261,-2.0094],[104.60369,-2.01048]],[[104.61015,-1.99465],[104.6125,-1.98931],[104.61204,-1.98836],[104.61096,-1.98758]],[[104.62056,-1.98932],[104.62099,-1.98877],[104.6204,-1.98897],[104.6202,-1.98877],[104.62047,-1.9885],[104.62013,-1.98817],[104.62034,-1.9885],[104.61979,-1.98877],[104.62056,-1.98932]],[[104.6115,-1.9981],[104.61187,-1.99746],[104.61123,-1.99624]],[[104.59747,-2.00158],[104.60124,-2.00158],[104.6026,-2.00125]],[[104.58795,-2.00261],[104.58821,-2.00288],[104.58791,-2.00342],[104.58712,-2.00396],[104.58776,-2.00447],[104.588,-2.00424],[104.58776,-2.00385],[104.58811,-2.00396],[104.58814,-2.00451],[104.58803,-2.00475],[104.58776,-2.00455],[104.58776,-2.00484],[104.58803,-2.0048],[104.58856,-2.00453],[104.58857,-2.00376],[104.58909,-2.00369],[104.58816,-2.00315],[104.5891,-2.0032],[104.58937,-2.00294],[104.58999,-2.00315],[104.59018,-2.00218],[104.59477,-2.0018]],[[104.60331,-2.01075],[104.60124,-2.00904],[104.59989,-2.00874],[104.59935,-2.0083],[104.59828,-2.00812],[104.59531,-2.00854],[104.58964,-2.008],[104.58479,-2.00598]]]}},{"id":"51","type":"Feature","properties":{"year":2002,"certainty":"good"},"geometry":{"type":"LineString","coordinates":[[104.64294,-1.93385],[104.64297,-1.93355]]}},{"id":"52","type":"Feature","properties":{"year":2003,"certainty":"insufficient data"},"geometry":{"type":"MultiLineString","coordinates":[[[104.48346,-1.83214],[104.4853,-1.83329],[104.48638,-1.83264],[104.48683,-1.83268],[104.48656,-1.83241],[104.48719,-1.83137],[104.4886,-1.83078],[104.48958,-1.82807],[104.49177,-1.82441],[104.49544,-1.82047],[104.49628,-1.81884],[104.49672,-1.81857],[104.49678,-1.81775],[104.49771,-1.81755],[104.49761,-1.81721],[104.49852,-1.81685],[104.50157,-1.81396],[104.50338,-1.81108],[104.50402,-1.80907]],[[104.47239,-1.85086],[104.47343,-1.85084],[104.47612,-1.85182],[104.47801,-1.85201],[104.47963,-1.85141],[104.4809,-1.85005],[104.48219,-1.84706],[104.48286,-1.83946],[104.48422,-1.83902],[104.48453,-1.83756],[104.48473,-1.83431],[104.48307,-1.83268]],[[104.46857,-1.86259],[104.47288,-1.85875],[104.47273,-1.85792],[104.47347,-1.85737],[104.47288,-1.85751],[104.47243,-1.85683],[104.47369,-1.85586],[104.47387,-1.85493],[104.47338,-1.85439],[104.47331,-1.85249],[104.47216,-1.85113]],[[104.57323,-1.85713],[104.57269,-1.85705],[104.57228,-1.8574],[104.57201,-1.85821],[104.57257,-1.8593],[104.57242,-1.85985],[104.57215,-1.85967],[104.57161,-1.86038],[104.57107,-1.8599],[104.57053,-1.86023],[104.57026,-1.85981],[104.56897,-1.85957],[104.56864,-1.85918],[104.5654,-1.85787],[104.56486,-1.85806],[104.56325,-1.85743],[104.5619,-1.85739],[104.56163,-1.85704],[104.56055,-1.85713],[104.56001,-1.85669],[104.5588,-1.85658],[104.55542,-1.85487],[104.55461,-1.85355],[104.55408,-1.85336],[104.55354,-1.85359],[104.553,-1.8532],[104.55199,-1.85387],[104.55111,-1.85384],[104.54625,-1.85536],[104.54382,-1.85664],[104.5423,-1.85794],[104.54045,-1.86011],[104.53973,-1.86173],[104.53966,-1.86255],[104.54007,-1.86309],[104.53988,-1.86499],[104.54044,-1.86553],[104.53996,-1.86581],[104.5408,-1.86689],[104.5395,-1.87259],[104.53735,-1.8776],[104.53656,-1.87829],[104.53544,-1.88182],[104.53402,-1.88345],[104.53386,-1.88399],[104.53411,-1.88472],[104.5333,-1.88436],[104.53272,-1.88453],[104.53338,-1.88616],[104.53311,-1.8886],[104.53241,-1.88914],[104.53276,-1.8893],[104.53231,-1.88996],[104.53249,-1.89023],[104.53094,-1.89349],[104.52963,-1.89511],[104.52905,-1.89783],[104.52824,-1.89891],[104.52794,-1.9],[104.52748,-1.90027],[104.52778,-1.90054],[104.52767,-1.90109]],[[104.6037,-1.88007],[104.60289,-1.8806],[104.60258,-1.88048],[104.60262,-1.88013],[104.60203,-1.88021],[104.60204,-1.87966],[104.60147,-1.87939],[104.60127,-1.87881],[104.60033,-1.87858],[104.60046,-1.87802],[104.59977,-1.87803],[104.59939,-1.87742],[104.59912,-1.87759],[104.59862,-1.87695],[104.59831,-1.877],[104.59669,-1.87586],[104.59723,-1.8758],[104.59723,-1.87536],[104.59615,-1.87482],[104.59561,-1.87515],[104.595,-1.87396],[104.59542,-1.87369],[104.59399,-1.87369],[104.59281,-1.87288],[104.59323,-1.8726],[104.59312,-1.87233],[104.59272,-1.87233],[104.59264,-1.87272],[104.59237,-1.87259],[104.5913,-1.87152],[104.59129,-1.87117],[104.59019,-1.87125],[104.589,-1.86989],[104.58845,-1.87016],[104.58818,-1.86962],[104.58563,-1.86859],[104.5837,-1.86745],[104.5836,-1.8669],[104.58293,-1.86643],[104.58183,-1.86636],[104.58078,-1.86528],[104.58051,-1.86542],[104.57997,-1.86486],[104.57889,-1.86466],[104.57781,-1.86371],[104.577,-1.86358],[104.57565,-1.86227],[104.57589,-1.86256],[104.57511,-1.86256],[104.57489,-1.86229],[104.57511,-1.86184],[104.577,-1.86184],[104.57862,-1.86081],[104.57894,-1.85984],[104.57835,-1.85954]],[[104.47261,-1.8704],[104.4738,-1.86904],[104.47439,-1.86769],[104.47198,-1.86579],[104.47126,-1.8648],[104.46991,-1.86505]],[[104.47923,-1.8799],[104.47931,-1.87936],[104.47896,-1.87882],[104.47896,-1.87529],[104.47779,-1.87203],[104.47639,-1.87024],[104.47585,-1.87001],[104.47342,-1.87031],[104.47315,-1.87094]],[[104.46262,-1.90741],[104.46532,-1.90639],[104.4699,-1.90555],[104.47314,-1.90383],[104.47517,-1.90216],[104.47709,-1.89917],[104.47891,-1.89293]],[[104.46463,-1.92305],[104.46369,-1.91925],[104.46361,-1.91735],[104.46479,-1.91192],[104.4647,-1.91084],[104.46525,-1.90948],[104.4637,-1.90936],[104.46289,-1.90986]],[[104.47321,-1.91247],[104.47385,-1.91165],[104.47368,-1.91139],[104.47341,-1.91133],[104.47212,-1.91247],[104.47225,-1.91274]],[[104.497,-1.94749],[104.49655,-1.94586],[104.49619,-1.94043],[104.49633,-1.93744],[104.49697,-1.93365],[104.49626,-1.93012],[104.49422,-1.9255],[104.49401,-1.92442],[104.49255,-1.92224],[104.49163,-1.92007],[104.49037,-1.91844],[104.48848,-1.91682],[104.48817,-1.91573],[104.48716,-1.91454],[104.48501,-1.913],[104.48258,-1.9124]],[[104.52075,-1.91981],[104.52094,-1.9209],[104.52015,-1.92307],[104.52042,-1.92334],[104.52052,-1.9247],[104.52088,-1.92497],[104.52112,-1.9247],[104.52075,-1.92442],[104.52088,-1.92421],[104.52115,-1.92442]],[[104.4691,-1.92169],[104.46857,-1.92441],[104.46818,-1.92468],[104.46833,-1.92522]],[[104.52107,-1.92578],[104.52034,-1.92506],[104.51953,-1.92534],[104.51926,-1.92488],[104.51872,-1.92559],[104.51818,-1.92525],[104.51726,-1.92524],[104.51737,-1.92488],[104.5171,-1.92515],[104.51656,-1.92457],[104.51645,-1.92497],[104.51548,-1.92525],[104.51386,-1.92489],[104.51295,-1.92524],[104.51192,-1.92714],[104.50847,-1.92842],[104.50766,-1.92928],[104.50658,-1.92964],[104.50496,-1.93467],[104.5034,-1.93609],[104.50133,-1.9388],[104.50055,-1.9426],[104.50076,-1.94722]],[[104.62587,-1.94508],[104.62607,-1.94481],[104.6266,-1.94508],[104.62672,-1.94481],[104.62603,-1.94454],[104.62634,-1.94413],[104.62661,-1.94441],[104.62715,-1.94441],[104.62742,-1.94399],[104.62823,-1.94444],[104.6286,-1.94426],[104.62805,-1.94399],[104.62813,-1.94372],[104.6287,-1.94372],[104.6286,-1.94318],[104.62902,-1.94291],[104.62839,-1.94209],[104.62877,-1.94154],[104.62945,-1.94128],[104.62928,-1.94074],[104.62986,-1.94046],[104.62968,-1.93992],[104.63001,-1.93965],[104.62954,-1.93911],[104.63003,-1.93884],[104.62981,-1.93857],[104.63039,-1.93772],[104.6312,-1.93821],[104.63174,-1.93808],[104.63099,-1.93775],[104.63187,-1.93721],[104.63174,-1.93689],[104.63309,-1.93715],[104.63444,-1.93673],[104.63471,-1.93621],[104.63552,-1.93612],[104.63579,-1.93532],[104.6366,-1.93573],[104.63849,-1.9357],[104.63956,-1.93682],[104.64091,-1.93688],[104.64199,-1.93609],[104.6428,-1.9349],[104.64272,-1.93423],[104.64314,-1.93395],[104.64303,-1.93341],[104.64336,-1.93314],[104.64327,-1.9326],[104.6428,-1.93254]],[[104.63149,-1.93884],[104.63093,-1.93849],[104.63085,-1.93857],[104.6312,-1.93887],[104.63149,-1.93884]],[[104.63821,-1.96761],[104.63761,-1.96815],[104.63794,-1.96852]],[[104.61986,-1.97376],[104.6196,-1.97303],[104.62003,-1.97222],[104.61927,-1.9714],[104.61973,-1.97113]],[[104.63876,-1.97114],[104.63848,-1.9718],[104.63713,-1.97136],[104.63624,-1.97276],[104.63518,-1.97304],[104.63537,-1.97331],[104.6347,-1.97416],[104.6334,-1.97548],[104.63308,-1.97537],[104.63257,-1.97575],[104.63284,-1.97602],[104.63269,-1.97629],[104.63205,-1.97629],[104.63173,-1.97707],[104.63119,-1.97675],[104.63129,-1.97711],[104.63065,-1.97831]],[[104.61878,-1.9756],[104.62028,-1.97412],[104.62013,-1.97385]],[[104.63184,-1.97548],[104.63156,-1.97493],[104.63177,-1.97466],[104.63112,-1.97466],[104.63106,-1.97493],[104.63162,-1.97521],[104.63153,-1.97548],[104.63184,-1.97548]],[[104.63106,-1.97629],[104.63119,-1.97587],[104.63065,-1.97573],[104.63092,-1.97655],[104.63106,-1.97629]]]}},{"id":"53","type":"Feature","properties":{"year":2003,"certainty":"insufficient data"},"geometry":{"type":"MultiLineString","coordinates":[[[104.45374,-1.39164],[104.45298,-1.38974]],[[104.44385,-1.52203],[104.44442,-1.52218],[104.44399,-1.52137],[104.44364,-1.51892],[104.44252,-1.51702],[104.44229,-1.51322],[104.44177,-1.51132],[104.44219,-1.51078],[104.44171,-1.51051],[104.44181,-1.50942],[104.44154,-1.50942],[104.44142,-1.51007],[104.44094,-1.50969],[104.44163,-1.50888],[104.44181,-1.50807],[104.44141,-1.50779],[104.44182,-1.50725],[104.44155,-1.50698],[104.44203,-1.50671],[104.44136,-1.50454],[104.44183,-1.50372],[104.44141,-1.50318],[104.4417,-1.50291],[104.44143,-1.50237],[104.44178,-1.50182],[104.44141,-1.50155],[104.44171,-1.50074],[104.44135,-1.5002],[104.44164,-1.49992],[104.44152,-1.49775],[104.44187,-1.49694],[104.44165,-1.49667],[104.44209,-1.49612],[104.4414,-1.49585],[104.44198,-1.4945],[104.44168,-1.49422],[104.44255,-1.49287],[104.44206,-1.49205],[104.44224,-1.49155],[104.44251,-1.49179],[104.44261,-1.49151],[104.44224,-1.49134],[104.44224,-1.49071],[104.44251,-1.49117],[104.44264,-1.49043],[104.44219,-1.48961],[104.44265,-1.48853],[104.44245,-1.48825],[104.44276,-1.48798],[104.4423,-1.48771],[104.44218,-1.4869],[104.44278,-1.48671],[104.44305,-1.4861],[104.44268,-1.48581],[104.44312,-1.48283],[104.4439,-1.48147],[104.44386,-1.48065],[104.44324,-1.48065],[104.44396,-1.47957],[104.4437,-1.47903],[104.44413,-1.47821],[104.4439,-1.47794],[104.44411,-1.47631],[104.4437,-1.4755],[104.44429,-1.47496],[104.44379,-1.47468],[104.44474,-1.4736],[104.44456,-1.47224],[104.44536,-1.47061],[104.44525,-1.46899],[104.44572,-1.46844],[104.44563,-1.46763],[104.44604,-1.46709],[104.44591,-1.466],[104.4471,-1.46417],[104.44683,-1.46375],[104.44741,-1.46329],[104.44706,-1.46274],[104.44719,-1.46166],[104.44836,-1.45949],[104.44827,-1.45894],[104.44872,-1.45871],[104.44872,-1.45704],[104.44986,-1.4565],[104.44938,-1.45297],[104.45014,-1.45216],[104.45012,-1.45134],[104.45072,-1.4508],[104.45088,-1.44948],[104.45134,-1.44945],[104.45126,-1.44972],[104.45196,-1.45019],[104.45277,-1.44972],[104.45271,-1.44836],[104.45187,-1.44727],[104.45242,-1.44673],[104.45152,-1.44646],[104.45145,-1.44619],[104.45169,-1.44579],[104.45227,-1.44565],[104.45214,-1.44537],[104.45251,-1.4451],[104.45225,-1.44483],[104.45263,-1.44456],[104.45249,-1.44375],[104.45185,-1.44347],[104.45259,-1.44293],[104.45205,-1.44266],[104.45235,-1.44212],[104.45223,-1.44142],[104.45265,-1.44157],[104.45236,-1.44076],[104.45331,-1.43968],[104.45236,-1.43886],[104.45333,-1.43832],[104.453,-1.43805],[104.45326,-1.4375],[104.453,-1.43723],[104.45353,-1.43696],[104.4537,-1.43615],[104.45339,-1.4356],[104.45413,-1.43533],[104.45412,-1.43504],[104.45354,-1.43506],[104.45304,-1.43398],[104.45331,-1.43385],[104.45412,-1.43452],[104.45439,-1.43224],[104.45478,-1.43343],[104.45456,-1.43452],[104.45487,-1.4356],[104.45482,-1.43805],[104.4552,-1.43871],[104.45574,-1.43792],[104.45581,-1.43859],[104.45679,-1.43913],[104.45643,-1.4394],[104.45654,-1.43995],[104.4569,-1.4394],[104.45651,-1.43805],[104.45698,-1.4375],[104.45661,-1.43615],[104.45735,-1.43535],[104.45762,-1.43566],[104.4579,-1.43506],[104.45762,-1.4353],[104.45706,-1.43452],[104.45736,-1.43398],[104.45754,-1.43126],[104.45789,-1.43047],[104.45819,-1.43072],[104.45823,-1.42991],[104.45789,-1.42991],[104.45771,-1.42936],[104.45806,-1.42909],[104.45816,-1.42831],[104.45871,-1.42855],[104.45829,-1.42801],[104.45873,-1.42638],[104.45837,-1.42638],[104.45865,-1.42583],[104.45829,-1.42556],[104.45872,-1.42421],[104.45844,-1.42447],[104.45825,-1.42068],[104.45796,-1.41986],[104.45837,-1.41878],[104.45821,-1.41634],[104.45733,-1.41064],[104.45714,-1.40602],[104.45681,-1.40548],[104.45686,-1.40412],[104.45638,-1.40222]],[[104.45747,-1.56398],[104.45643,-1.56045],[104.45639,-1.55937],[104.45543,-1.55719],[104.45583,-1.55665],[104.45507,-1.55448]],[[104.46041,-1.58488],[104.46217,-1.58865],[104.46271,-1.58891],[104.46366,-1.59031],[104.46433,-1.59197],[104.4641,-1.58977],[104.46167,-1.58379],[104.4606,-1.57918],[104.45998,-1.57728],[104.45963,-1.57701],[104.45991,-1.57674],[104.45979,-1.57592],[104.45881,-1.57321]],[[104.4592,-1.58565],[104.45971,-1.58596],[104.45951,-1.58624],[104.46011,-1.58732],[104.46001,-1.58802],[104.46066,-1.58786],[104.46016,-1.58705],[104.46001,-1.58597],[104.45964,-1.58569],[104.45976,-1.58515]],[[104.48706,-1.65464],[104.4846,-1.65029],[104.48427,-1.64896],[104.48364,-1.64867],[104.48375,-1.64812],[104.48263,-1.64622],[104.48292,-1.64563],[104.48265,-1.64523],[104.48238,-1.64559],[104.48163,-1.64459],[104.48153,-1.64378],[104.47978,-1.64025],[104.47969,-1.63932],[104.47888,-1.63748],[104.47802,-1.63781],[104.4781,-1.63618],[104.47781,-1.63618],[104.4778,-1.63669],[104.477,-1.63401],[104.47564,-1.63201],[104.47457,-1.62925],[104.47407,-1.62885],[104.47405,-1.62776],[104.47348,-1.62722],[104.47376,-1.62689],[104.47331,-1.62668],[104.47349,-1.62639],[104.47254,-1.62478],[104.47282,-1.62451],[104.47248,-1.62424],[104.47264,-1.62396],[104.47176,-1.62315],[104.47187,-1.62287],[104.47241,-1.62313],[104.4729,-1.62288],[104.47193,-1.62044],[104.47052,-1.61844],[104.47079,-1.62097],[104.47033,-1.62044],[104.46978,-1.61745],[104.46901,-1.61609],[104.46931,-1.61528],[104.46902,-1.61501],[104.46908,-1.61419],[104.46833,-1.61229],[104.46785,-1.60958],[104.46705,-1.60768],[104.467,-1.60659],[104.46656,-1.60578],[104.46603,-1.60551],[104.46624,-1.60524],[104.46573,-1.60442],[104.46581,-1.60388],[104.46226,-1.59465],[104.4619,-1.59475],[104.46161,-1.59438],[104.46197,-1.59356],[104.46137,-1.59112],[104.46162,-1.59085],[104.4611,-1.59004],[104.46114,-1.58949],[104.46001,-1.58825],[104.45972,-1.58841],[104.45956,-1.58759],[104.45918,-1.58732],[104.45943,-1.58705],[104.45852,-1.58651],[104.4585,-1.58596]],[[104.47608,-1.62966],[104.47596,-1.62885],[104.47564,-1.62879],[104.47586,-1.62966],[104.47608,-1.62966]],[[104.47935,-1.63509],[104.47887,-1.63374],[104.47645,-1.6294],[104.47627,-1.62994],[104.47778,-1.63319],[104.47902,-1.63509],[104.47935,-1.63509]],[[104.49738,-1.67282],[104.49777,-1.67255],[104.49748,-1.67194],[104.49667,-1.67262],[104.49432,-1.67038],[104.4935,-1.67011],[104.49291,-1.66875],[104.49308,-1.66794],[104.49247,-1.66712],[104.49115,-1.66332],[104.48845,-1.65762]],[[104.52147,-1.7148],[104.52376,-1.71408],[104.52687,-1.71175],[104.52744,-1.71219],[104.52768,-1.71183],[104.52849,-1.71195],[104.52849,-1.71151],[104.52984,-1.7112],[104.53037,-1.71192],[104.53065,-1.71137],[104.52849,-1.70923],[104.52579,-1.708],[104.52443,-1.70703],[104.52282,-1.70484],[104.52148,-1.70217],[104.52001,-1.70051],[104.51693,-1.6959],[104.51407,-1.6921],[104.50988,-1.68734]],[[104.53132,-1.71409],[104.53137,-1.71327],[104.53118,-1.71287],[104.53066,-1.71354],[104.53118,-1.71424],[104.53132,-1.71409]],[[104.52938,-1.71789],[104.53064,-1.71676],[104.53118,-1.71539],[104.53024,-1.71544],[104.53055,-1.71599],[104.53037,-1.71626],[104.52937,-1.71571],[104.52941,-1.71544],[104.52822,-1.71501],[104.52898,-1.71789],[104.52938,-1.71789]],[[104.53552,-1.73444],[104.53169,-1.72576],[104.52859,-1.72223],[104.52687,-1.71854],[104.52363,-1.71551],[104.52182,-1.71544]],[[104.53524,-1.72332],[104.53527,-1.72304],[104.53523,-1.7225],[104.53509,-1.72304],[104.53524,-1.72332]],[[104.53901,-1.74639],[104.53818,-1.74367],[104.5385,-1.74313],[104.53806,-1.74069]],[[104.50473,-1.80323],[104.50931,-1.80663],[104.51147,-1.80688],[104.51606,-1.80487],[104.5174,-1.80343],[104.51983,-1.80354],[104.52253,-1.80145],[104.52415,-1.80119],[104.52556,-1.79985],[104.52973,-1.80012],[104.53332,-1.79638],[104.53622,-1.79225],[104.53683,-1.79179],[104.53737,-1.78979],[104.53789,-1.79008],[104.53764,-1.79026],[104.53764,-1.79051],[104.53824,-1.79008],[104.53752,-1.78954],[104.53829,-1.78954],[104.53904,-1.78873],[104.53912,-1.78845],[104.53872,-1.78817],[104.53953,-1.78802],[104.54009,-1.78737],[104.53953,-1.78683],[104.54039,-1.78628],[104.54021,-1.78601],[104.54061,-1.78579],[104.54101,-1.78683],[104.54222,-1.78739],[104.54222,-1.78647],[104.54249,-1.78631],[104.54276,-1.78657],[104.54276,-1.78547],[104.5433,-1.78529],[104.54411,-1.78553],[104.54721,-1.78466],[104.54577,-1.78276],[104.54463,-1.77977],[104.54517,-1.7795],[104.54535,-1.77624],[104.54483,-1.77543],[104.54499,-1.77489],[104.54468,-1.77434],[104.54542,-1.77353],[104.54556,-1.77244],[104.5451,-1.77136],[104.54548,-1.77081],[104.54492,-1.76996],[104.54412,-1.76984],[104.54385,-1.77009],[104.54274,-1.76946],[104.54277,-1.76906],[104.54304,-1.76931],[104.54329,-1.76864],[104.54275,-1.7681],[104.54255,-1.76674],[104.54279,-1.76593],[104.5414,-1.76104],[104.5425,-1.76185],[104.5428,-1.76159],[104.54275,-1.75969],[104.54303,-1.75941],[104.54332,-1.7567],[104.54306,-1.75616],[104.54331,-1.75587],[104.54286,-1.75507],[104.54271,-1.75371],[104.54223,-1.75328],[104.54156,-1.75371],[104.54172,-1.75236],[104.5414,-1.75236]],[[104.54108,-1.78764],[104.54073,-1.7871],[104.54061,-1.78666],[104.54034,-1.78764],[104.54108,-1.78764]],[[104.50408,-1.80904],[104.50434,-1.80609],[104.50311,-1.80455]]]}},{"id":"54","type":"Feature","properties":{"year":2004,"certainty":"insufficient data"},"geometry":{"type":"MultiLineString","coordinates":[[[104.45479,-1.37725],[104.4544,-1.37644],[104.45456,-1.37562],[104.4543,-1.37508],[104.45462,-1.37372],[104.45437,-1.37237],[104.45475,-1.37074],[104.45494,-1.37049],[104.45557,-1.37074],[104.45588,-1.36748],[104.45557,-1.36694],[104.45598,-1.3664],[104.45598,-1.36504],[104.45649,-1.36477],[104.45639,-1.36423],[104.45701,-1.3626],[104.45667,-1.36233],[104.45634,-1.35669]],[[104.45278,-1.38223],[104.45339,-1.38214],[104.45305,-1.38132],[104.45314,-1.38051]],[[104.52147,-1.71487],[104.52386,-1.71408],[104.527,-1.7119]],[[104.52781,-1.7119],[104.52849,-1.71192],[104.52849,-1.71151],[104.52984,-1.7112],[104.53037,-1.71192],[104.53065,-1.71164],[104.52957,-1.71026],[104.52903,-1.7112],[104.52888,-1.71083],[104.52925,-1.71001],[104.52835,-1.70934]],[[104.52835,-1.70974],[104.52835,-1.70976]],[[104.52824,-1.70988],[104.52814,-1.70988]],[[104.52593,-1.70804],[104.52578,-1.70798]],[[104.52566,-1.70781],[104.52553,-1.70771]],[[104.52539,-1.70759],[104.52526,-1.70744]],[[104.52485,-1.70726],[104.52462,-1.70716]],[[104.52377,-1.70611],[104.52375,-1.70608]],[[104.5235,-1.70571],[104.52335,-1.70554]],[[104.52323,-1.70541],[104.52297,-1.70499]],[[104.52296,-1.70499],[104.52243,-1.70418]],[[104.52242,-1.70415],[104.5223,-1.70391]],[[104.52215,-1.70365],[104.52214,-1.70363]],[[104.52152,-1.70228],[104.51757,-1.69681]],[[104.51721,-1.69631],[104.51069,-1.6882],[104.50624,-1.68395],[104.50341,-1.6807],[104.50314,-1.68078],[104.50317,-1.68015],[104.50273,-1.67988],[104.50233,-1.67884],[104.50152,-1.67829],[104.50125,-1.67715],[104.50071,-1.6769],[104.49964,-1.675],[104.49883,-1.67477],[104.49845,-1.67418],[104.49775,-1.67409],[104.49731,-1.67282],[104.49667,-1.67213],[104.49532,-1.67099],[104.4945,-1.67092],[104.49433,-1.67038],[104.49347,-1.66984],[104.49284,-1.66875],[104.493,-1.66794],[104.49129,-1.66441],[104.49115,-1.66332],[104.49048,-1.66197],[104.49099,-1.66169],[104.4902,-1.66129],[104.48979,-1.66061],[104.48765,-1.65572],[104.48708,-1.65518],[104.48618,-1.65274],[104.48488,-1.65084],[104.48434,-1.64921],[104.48387,-1.64883]],[[104.47497,-1.63034],[104.47512,-1.62966],[104.47389,-1.62858],[104.47403,-1.62776],[104.47348,-1.62722],[104.47376,-1.62689],[104.47331,-1.62668],[104.47349,-1.62639],[104.47252,-1.62478],[104.47282,-1.62451],[104.47248,-1.62424],[104.47259,-1.62396],[104.47179,-1.62315],[104.47187,-1.62282],[104.47241,-1.62302],[104.47272,-1.62261],[104.47187,-1.62056],[104.47135,-1.62016],[104.47133,-1.61964],[104.47052,-1.61844],[104.47068,-1.61989],[104.47042,-1.61989],[104.46888,-1.6146]],[[104.46806,-1.61134],[104.46815,-1.61012],[104.46729,-1.60849],[104.46675,-1.60628],[104.466,-1.60551],[104.46623,-1.60524],[104.46567,-1.60466],[104.46567,-1.60401]],[[104.46021,-1.58664],[104.46033,-1.58664]],[[104.46392,-1.5911],[104.46406,-1.59151],[104.46398,-1.5899]],[[104.46177,-1.58404],[104.46136,-1.58299],[104.46074,-1.58271],[104.46109,-1.58265],[104.4612,-1.58217],[104.46055,-1.58135],[104.46036,-1.57959]],[[104.45875,-1.57416],[104.45826,-1.57394]],[[104.45816,-1.57389],[104.45782,-1.57294],[104.45803,-1.57239],[104.4572,-1.57049],[104.45732,-1.57003],[104.45705,-1.56977],[104.45623,-1.56995],[104.45597,-1.57187],[104.45539,-1.57158],[104.45484,-1.57049],[104.45527,-1.57022],[104.45487,-1.56995],[104.45558,-1.56941],[104.45606,-1.56805],[104.45526,-1.56642],[104.45573,-1.56588],[104.45558,-1.56452],[104.45624,-1.56411],[104.45771,-1.56507],[104.45756,-1.56452],[104.4571,-1.56425],[104.4574,-1.56371],[104.45657,-1.56072],[104.45595,-1.56018],[104.4566,-1.55991],[104.45598,-1.55909],[104.45598,-1.55801],[104.45553,-1.55719],[104.45578,-1.55638],[104.4553,-1.55557],[104.45555,-1.55529],[104.4549,-1.5543],[104.45444,-1.55421],[104.45425,-1.55312],[104.45473,-1.55258],[104.45445,-1.55204],[104.45464,-1.55177],[104.45397,-1.55068],[104.45423,-1.55041],[104.45446,-1.54987],[104.45402,-1.55014],[104.4542,-1.54905],[104.45363,-1.54851],[104.454,-1.54797],[104.4535,-1.54715],[104.45382,-1.54675],[104.45436,-1.54785],[104.45468,-1.54688],[104.45423,-1.54498],[104.45366,-1.54335],[104.45328,-1.54322],[104.45355,-1.54677],[104.4522,-1.5428],[104.45167,-1.54281],[104.45263,-1.54607],[104.45247,-1.54659],[104.45179,-1.54634],[104.4521,-1.54579],[104.45198,-1.54498],[104.45108,-1.54362],[104.45128,-1.54254],[104.45086,-1.54236],[104.45039,-1.54145],[104.45059,-1.54113],[104.45121,-1.54118],[104.44978,-1.53889],[104.44735,-1.53333],[104.44664,-1.53222],[104.44602,-1.53195],[104.44633,-1.53032],[104.44603,-1.53005],[104.44631,-1.52951],[104.44573,-1.52842],[104.4461,-1.52788],[104.44557,-1.52761],[104.44602,-1.52734],[104.44496,-1.52598],[104.4452,-1.52509],[104.44466,-1.52534],[104.44417,-1.52489],[104.44442,-1.52435],[104.44383,-1.52299],[104.44441,-1.52191],[104.44399,-1.52137],[104.44362,-1.51947],[104.44304,-1.5195],[104.44291,-1.51919],[104.44304,-1.51825],[104.44331,-1.51798],[104.4437,-1.51811],[104.44316,-1.51702],[104.44351,-1.51648],[104.44281,-1.51621],[104.44331,-1.5161],[104.44344,-1.51567],[104.44277,-1.51465],[104.4425,-1.51532],[104.44235,-1.51512],[104.44225,-1.51322],[104.44141,-1.51132],[104.44173,-1.50997],[104.44114,-1.50969],[104.44141,-1.50861],[104.44119,-1.50725],[104.44143,-1.50663],[104.44187,-1.50671],[104.44149,-1.50644],[104.44197,-1.50568],[104.44253,-1.5059],[104.44194,-1.50508],[104.44219,-1.50427],[104.4417,-1.504],[104.44155,-1.50318],[104.44183,-1.50291],[104.44085,-1.50182],[104.4418,-1.50128],[104.44177,-1.50047],[104.44138,-1.5002],[104.44146,-1.49802],[104.44192,-1.49748],[104.44143,-1.49749],[104.44131,-1.49721],[104.44181,-1.4964],[104.44156,-1.49558],[104.44185,-1.4945],[104.44153,-1.49422],[104.44187,-1.49395],[104.44197,-1.49301],[104.44238,-1.49287],[104.4419,-1.49232],[104.44224,-1.49151],[104.44191,-1.49015],[104.44222,-1.48825],[104.44255,-1.48798],[104.44217,-1.4869],[104.44278,-1.48666],[104.44305,-1.4861],[104.44249,-1.48473],[104.44292,-1.48418],[104.44299,-1.48255],[104.44332,-1.48266],[104.44386,-1.48147],[104.44326,-1.48065],[104.44332,-1.47999],[104.44388,-1.4793],[104.44349,-1.47876],[104.44387,-1.47821],[104.44359,-1.47844],[104.44332,-1.47821],[104.44402,-1.4774],[104.4439,-1.4755],[104.44423,-1.47523],[104.44432,-1.47387],[104.44467,-1.47333],[104.44438,-1.47251],[104.4447,-1.47197],[104.44444,-1.4717],[104.44534,-1.47061],[104.44475,-1.47034],[104.44521,-1.4702],[104.44518,-1.46899],[104.44573,-1.46844],[104.44577,-1.466],[104.4471,-1.4645],[104.44716,-1.46383],[104.44768,-1.46356],[104.44724,-1.46166],[104.44818,-1.45998],[104.44877,-1.46003],[104.44928,-1.45786],[104.44886,-1.45704],[104.4499,-1.4565],[104.44953,-1.4546],[104.4498,-1.45384],[104.45007,-1.45421],[104.4503,-1.45406],[104.44953,-1.45345],[104.44943,-1.4527],[104.45072,-1.45189],[104.45023,-1.45134],[104.45082,-1.4508],[104.45115,-1.44978],[104.45196,-1.45013],[104.45277,-1.44972],[104.45271,-1.44836],[104.45184,-1.44755],[104.4523,-1.44673],[104.45158,-1.44592],[104.45207,-1.44565],[104.45199,-1.44483],[104.45247,-1.44456],[104.45237,-1.44375],[104.4519,-1.4432],[104.45228,-1.44293],[104.45186,-1.44266],[104.45196,-1.44217],[104.45225,-1.44212],[104.45196,-1.44041],[104.45223,-1.44022],[104.4525,-1.44058],[104.45298,-1.44022],[104.45263,-1.43995],[104.45277,-1.4395],[104.45304,-1.4399],[104.45326,-1.43968],[104.45231,-1.43859],[104.45306,-1.43859],[104.45295,-1.43805],[104.45327,-1.43778],[104.45297,-1.43696],[104.45347,-1.43696],[104.4537,-1.43615],[104.45339,-1.4356],[104.45413,-1.43533],[104.45412,-1.43504],[104.45354,-1.43506],[104.45304,-1.43398],[104.45331,-1.43385],[104.45412,-1.43452],[104.45439,-1.43224],[104.45478,-1.43343],[104.45456,-1.43452],[104.45487,-1.4356],[104.45475,-1.43805],[104.4552,-1.4388],[104.456,-1.43856],[104.45654,-1.43902],[104.45654,-1.43773],[104.45709,-1.4375],[104.45661,-1.43615],[104.45735,-1.43535],[104.45762,-1.43566],[104.4579,-1.43506],[104.45762,-1.4353],[104.45706,-1.43452],[104.45736,-1.43398],[104.45754,-1.43126],[104.45789,-1.43052],[104.45827,-1.43072],[104.45788,-1.42936],[104.45816,-1.42897],[104.45843,-1.42931],[104.45889,-1.42855],[104.45836,-1.42773],[104.45879,-1.42665],[104.45854,-1.42475],[104.4588,-1.42421],[104.45839,-1.42421],[104.45845,-1.42231],[104.45805,-1.42122],[104.45799,-1.41959],[104.45837,-1.41878],[104.4574,-1.41064],[104.45733,-1.40575],[104.45701,-1.40548],[104.45611,-1.40005],[104.45526,-1.39707],[104.45437,-1.39544],[104.45453,-1.39462],[104.45368,-1.39109],[104.45346,-1.39055],[104.45288,-1.39028],[104.45279,-1.38811],[104.45221,-1.38784],[104.45232,-1.38567],[104.45302,-1.38539],[104.45296,-1.38485]],[[104.45709,-1.44022],[104.45681,-1.43985],[104.45633,-1.43995],[104.45681,-1.43997],[104.45709,-1.44022]],[[104.44248,-1.51567],[104.44277,-1.51521],[104.44277,-1.51619],[104.4425,-1.51572]],[[104.47608,-1.62966],[104.47591,-1.62898],[104.47564,-1.62895],[104.47586,-1.62966],[104.47608,-1.62966]],[[104.47718,-1.63116],[104.47645,-1.62961],[104.47629,-1.62994],[104.4767,-1.63089]],[[104.47686,-1.63111],[104.4769,-1.63116]],[[104.53131,-1.71409],[104.53136,-1.71327],[104.53118,-1.71296],[104.53066,-1.71354],[104.53131,-1.71409]],[[104.50473,-1.80327],[104.50929,-1.80663],[104.51147,-1.80687],[104.51606,-1.80485],[104.5174,-1.80338],[104.51983,-1.80353],[104.52245,-1.80148],[104.52415,-1.80116],[104.5257,-1.79958],[104.52969,-1.80012],[104.53353,-1.79605],[104.53675,-1.79198],[104.53691,-1.79171],[104.53652,-1.79144],[104.53707,-1.7909],[104.53737,-1.78985],[104.53818,-1.79018],[104.53831,-1.78954],[104.53906,-1.78873],[104.53901,-1.78818],[104.54007,-1.78748],[104.54087,-1.78781],[104.54114,-1.78764],[104.54061,-1.78666],[104.54034,-1.78757],[104.5403,-1.7871],[104.5398,-1.78717],[104.53962,-1.78683],[104.54003,-1.78655],[104.5398,-1.78626],[104.54034,-1.7865],[104.5405,-1.78628],[104.54035,-1.78601],[104.54088,-1.78498],[104.54075,-1.78628],[104.54103,-1.78683],[104.54195,-1.78737],[104.54231,-1.78628],[104.54249,-1.78612],[104.54276,-1.78642],[104.54292,-1.78547],[104.54411,-1.78557],[104.54465,-1.78519],[104.5471,-1.78466],[104.54559,-1.78248],[104.54461,-1.77977],[104.54508,-1.7795],[104.54528,-1.77706],[104.5452,-1.7757],[104.54464,-1.77543],[104.54499,-1.7738],[104.54536,-1.77353],[104.54546,-1.7722],[104.54519,-1.77173],[104.54473,-1.7719],[104.5448,-1.77109],[104.54435,-1.77054],[104.5445,-1.77],[104.54345,-1.76919],[104.54215,-1.76403],[104.54227,-1.76213],[104.54188,-1.76159],[104.54223,-1.76174],[104.5424,-1.75969],[104.54261,-1.75887],[104.54304,-1.75857],[104.54317,-1.75561],[104.54267,-1.75507],[104.5425,-1.75366],[104.54223,-1.7539],[104.54196,-1.75371],[104.54142,-1.75249],[104.54058,-1.75209],[104.54088,-1.75181],[104.54033,-1.75181],[104.53846,-1.74666],[104.53823,-1.74584],[104.53852,-1.7453],[104.53841,-1.74421],[104.53785,-1.74367],[104.53779,-1.74286],[104.53798,-1.73906],[104.53741,-1.73879],[104.53773,-1.73851],[104.53769,-1.73797],[104.53567,-1.73499],[104.53169,-1.72576],[104.52859,-1.72223],[104.52721,-1.71911]],[[104.52687,-1.71856],[104.5239,-1.71572],[104.52201,-1.71546]],[[104.52962,-1.71789],[104.53039,-1.71734],[104.53091,-1.71624],[104.53064,-1.7161],[104.53027,-1.7168],[104.52983,-1.71683],[104.53008,-1.71653],[104.52941,-1.71544],[104.52916,-1.71569]],[[104.52883,-1.71558],[104.52872,-1.71558]],[[104.52864,-1.71612],[104.52892,-1.71789],[104.52962,-1.71789]],[[104.50398,-1.80904],[104.50431,-1.80609],[104.50311,-1.80458]]]}},{"id":"55","type":"Feature","properties":{"year":2004,"certainty":"insufficient data"},"geometry":{"type":"MultiLineString","coordinates":[[[104.48348,-1.83214],[104.48449,-1.83297],[104.48557,-1.83319],[104.4884,-1.83078],[104.49166,-1.82454],[104.49539,-1.82047],[104.49663,-1.81822],[104.50143,-1.81396],[104.50336,-1.81097],[104.50388,-1.80907]],[[104.47262,-1.85066],[104.47747,-1.85206],[104.47936,-1.85171],[104.48098,-1.85068],[104.48211,-1.84706],[104.48289,-1.84055],[104.48327,-1.83973],[104.48425,-1.83892],[104.4845,-1.83756],[104.48468,-1.83431],[104.483,-1.83268]],[[104.46722,-1.86342],[104.47007,-1.86144],[104.47167,-1.85982],[104.47297,-1.85792],[104.473,-1.85602],[104.47208,-1.85577],[104.47208,-1.85555],[104.47342,-1.85548],[104.47376,-1.85466],[104.47333,-1.85249],[104.47186,-1.8514]],[[104.62043,-1.95186],[104.62154,-1.95078],[104.62254,-1.94616],[104.62347,-1.94426],[104.62559,-1.94101],[104.62639,-1.94074],[104.62662,-1.93987],[104.62715,-1.94043],[104.62877,-1.94023],[104.62904,-1.93993],[104.62985,-1.94047],[104.62968,-1.93992],[104.63001,-1.93965],[104.62958,-1.93917],[104.62912,-1.93938],[104.62925,-1.93911],[104.62894,-1.93884],[104.62958,-1.93807],[104.62985,-1.93846],[104.63012,-1.93829],[104.63039,-1.93772],[104.6312,-1.93821],[104.63174,-1.93808],[104.63099,-1.93775],[104.63187,-1.93721],[104.63174,-1.93689],[104.63309,-1.93715],[104.63363,-1.93686],[104.63443,-1.93694],[104.63417,-1.93721],[104.63471,-1.93806],[104.63445,-1.93721],[104.63498,-1.93713],[104.63579,-1.93531],[104.6366,-1.93562],[104.63714,-1.9364],[104.63744,-1.9364],[104.63695,-1.93585],[104.63714,-1.93572],[104.63849,-1.9357],[104.63927,-1.93667],[104.6401,-1.93698],[104.64091,-1.93688],[104.64199,-1.93609],[104.6428,-1.9349],[104.64307,-1.9333],[104.64365,-1.9326],[104.64361,-1.93231],[104.64334,-1.93257],[104.64253,-1.93226],[104.6428,-1.93012],[104.64364,-1.92771],[104.64422,-1.92744],[104.6439,-1.92717],[104.64447,-1.92554],[104.64447,-1.92418],[104.64343,-1.92093],[104.6402,-1.91685],[104.6405,-1.91631],[104.63984,-1.91571],[104.63846,-1.91523],[104.63687,-1.9136],[104.63633,-1.91262],[104.63424,-1.91115],[104.63346,-1.91007],[104.63148,-1.90844],[104.62689,-1.90317],[104.62554,-1.90227],[104.62366,-1.90038],[104.62339,-1.89962],[104.62312,-1.89977],[104.62285,-1.8992],[104.621,-1.89785],[104.62123,-1.89753],[104.62042,-1.89748],[104.62012,-1.89677],[104.61933,-1.89622],[104.6194,-1.89595],[104.6182,-1.89514],[104.61772,-1.89399],[104.61706,-1.89405],[104.61715,-1.89351],[104.61659,-1.89269],[104.61557,-1.892],[104.61529,-1.89215],[104.61476,-1.89109],[104.61287,-1.88962],[104.6126,-1.88974],[104.61234,-1.88889],[104.61206,-1.88905],[104.61155,-1.88808],[104.61047,-1.88754],[104.60963,-1.88641],[104.60909,-1.88649],[104.60887,-1.88564],[104.60855,-1.88572],[104.60699,-1.88428],[104.60721,-1.88399],[104.60667,-1.88433],[104.60559,-1.88373],[104.60572,-1.88346],[104.60559,-1.88326],[104.60532,-1.88347],[104.60528,-1.88319],[104.60559,-1.88255],[104.60451,-1.88223],[104.60397,-1.88084],[104.6037,-1.88094],[104.60316,-1.88028],[104.60266,-1.88048],[104.60288,-1.88021],[104.60208,-1.87996],[104.60208,-1.87942],[104.60181,-1.87958],[104.60127,-1.87876],[104.60073,-1.87871],[104.5994,-1.87749],[104.59945,-1.87722],[104.59813,-1.87668],[104.59642,-1.87404],[104.59534,-1.87415],[104.59566,-1.87342],[104.59518,-1.8726],[104.59429,-1.8726],[104.59485,-1.87288],[104.59475,-1.87342],[104.59404,-1.87288],[104.59409,-1.87233],[104.59345,-1.87271],[104.59263,-1.87152],[104.59167,-1.87125],[104.5921,-1.87122],[104.59237,-1.87075],[104.59264,-1.87087],[104.59271,-1.87043],[104.59237,-1.8702],[104.59183,-1.87067],[104.59156,-1.87033],[104.59102,-1.87038],[104.59129,-1.8709],[104.59156,-1.87072],[104.59156,-1.87122],[104.59022,-1.87094],[104.59025,-1.87043],[104.58954,-1.87016],[104.58988,-1.86962],[104.5886,-1.86965],[104.58725,-1.8689],[104.58725,-1.86845],[104.58652,-1.86772],[104.58673,-1.86717],[104.58536,-1.86719],[104.58527,-1.86636],[104.58482,-1.86673],[104.58455,-1.86622],[104.58401,-1.86637],[104.58374,-1.86592],[104.58436,-1.86582],[104.58401,-1.86552],[104.5832,-1.86616],[104.58244,-1.86609],[104.58164,-1.86527],[104.58256,-1.86473],[104.58237,-1.86419],[104.58339,-1.86365],[104.58266,-1.86386],[104.58245,-1.86364],[104.58288,-1.86337],[104.58271,-1.8631],[104.58229,-1.86337],[104.58213,-1.86273],[104.58132,-1.86265],[104.58094,-1.86229],[104.58113,-1.86202],[104.57889,-1.86093],[104.57862,-1.86041],[104.57771,-1.85984],[104.577,-1.86],[104.57611,-1.85903],[104.57407,-1.85794],[104.57242,-1.85737],[104.57188,-1.85828],[104.57107,-1.85743],[104.57055,-1.85794],[104.57092,-1.85849],[104.5708,-1.85882],[104.57012,-1.85821],[104.5705,-1.85794],[104.57053,-1.85706],[104.56945,-1.85733],[104.56864,-1.85625],[104.56875,-1.85659],[104.56792,-1.85686],[104.56783,-1.85744],[104.56763,-1.85713],[104.56783,-1.8563],[104.56648,-1.85681],[104.56546,-1.85658],[104.5654,-1.85625],[104.56352,-1.85646],[104.56271,-1.85596],[104.56001,-1.85648],[104.56008,-1.85604],[104.5592,-1.85566],[104.5593,-1.85523],[104.55866,-1.85424],[104.55819,-1.85441],[104.55893,-1.85339],[104.55942,-1.85333],[104.55866,-1.85325],[104.55731,-1.85218],[104.55542,-1.85219],[104.55461,-1.85154],[104.55354,-1.85145],[104.55273,-1.85198],[104.55192,-1.85184],[104.55084,-1.85216],[104.55018,-1.85278],[104.55039,-1.85387],[104.54895,-1.85413],[104.54868,-1.85359],[104.54841,-1.85398],[104.54895,-1.85414],[104.54783,-1.85468],[104.54693,-1.85468],[104.54463,-1.85591],[104.54132,-1.85875],[104.54032,-1.86013],[104.5397,-1.86173],[104.53998,-1.86336],[104.53985,-1.86472],[104.54087,-1.86581],[104.54019,-1.86608],[104.54089,-1.86689],[104.53965,-1.87232],[104.53744,-1.87748],[104.53614,-1.87937],[104.5355,-1.88182],[104.53394,-1.88372],[104.53418,-1.8848],[104.5328,-1.88453],[104.53345,-1.88616],[104.53312,-1.88887],[104.53104,-1.89349],[104.52963,-1.89539],[104.52898,-1.8981],[104.52669,-1.90353],[104.52658,-1.9057],[104.52606,-1.90787],[104.52358,-1.91245]],[[104.56084,-1.85224],[104.56055,-1.85192],[104.55989,-1.85197],[104.56028,-1.85235],[104.56084,-1.85224]],[[104.55499,-1.85251],[104.55596,-1.85226],[104.55679,-1.85251],[104.55568,-1.85278]],[[104.58075,-1.86283],[104.58229,-1.86364],[104.58186,-1.86379]],[[104.58568,-1.86473],[104.58536,-1.86469],[104.58424,-1.86392],[104.58455,-1.86454],[104.58536,-1.86479],[104.58568,-1.86473]],[[104.47257,-1.8704],[104.47432,-1.86823],[104.47412,-1.8666],[104.47234,-1.86491],[104.47045,-1.86488],[104.46803,-1.86536]],[[104.47422,-1.88746],[104.47658,-1.88641],[104.47775,-1.88506],[104.47911,-1.8799],[104.479,-1.87556],[104.47852,-1.87339],[104.47867,-1.87257],[104.47791,-1.87149],[104.47817,-1.87122],[104.47787,-1.87094],[104.47801,-1.87027],[104.47774,-1.87057],[104.47738,-1.8704],[104.47773,-1.87013],[104.47751,-1.86932],[104.47639,-1.86896],[104.47558,-1.86922],[104.47323,-1.87094]],[[104.46262,-1.90746],[104.46505,-1.90649],[104.46963,-1.90572],[104.47341,-1.90361],[104.47628,-1.9008],[104.47773,-1.89727],[104.47888,-1.89211],[104.47773,-1.88948],[104.47554,-1.88804],[104.47449,-1.8881]],[[104.46476,-1.92604],[104.46464,-1.92278],[104.46369,-1.9195],[104.46362,-1.91735],[104.46369,-1.91599],[104.46533,-1.91084],[104.46541,-1.90948],[104.4637,-1.90929],[104.46289,-1.90971]],[[104.47242,-1.91274],[104.47368,-1.91187],[104.4737,-1.91138],[104.47341,-1.91133],[104.47196,-1.91247],[104.47206,-1.91285],[104.47242,-1.91274]],[[104.497,-1.94749],[104.49655,-1.94586],[104.49622,-1.94179],[104.49621,-1.9388],[104.49697,-1.93419],[104.49674,-1.93202],[104.49395,-1.92442],[104.49254,-1.92224],[104.49124,-1.91926],[104.48964,-1.91709],[104.48884,-1.91654],[104.48854,-1.91519],[104.4877,-1.91432],[104.48608,-1.91332],[104.48285,-1.91236],[104.47826,-1.91246],[104.47583,-1.91369],[104.47476,-1.91289],[104.47233,-1.91314],[104.47137,-1.9141],[104.47034,-1.91627],[104.46888,-1.92142],[104.46849,-1.92441],[104.46828,-1.92508],[104.468,-1.92495],[104.46833,-1.92549],[104.46789,-1.92604]],[[104.5225,-1.91731],[104.52096,-1.92117],[104.52063,-1.92361],[104.52145,-1.92524],[104.52213,-1.92551]],[[104.52169,-1.92645],[104.52034,-1.9259],[104.51899,-1.92606],[104.51654,-1.92524],[104.51333,-1.92509],[104.51261,-1.92578],[104.51197,-1.92714],[104.50901,-1.92819],[104.50793,-1.92912],[104.50658,-1.92964],[104.50497,-1.93473],[104.50341,-1.93609],[104.5013,-1.9388],[104.50052,-1.9426],[104.50076,-1.94722]],[[104.63149,-1.93884],[104.63093,-1.93849],[104.63085,-1.93857],[104.6312,-1.93887],[104.63149,-1.93884]],[[104.61582,-1.95537],[104.61744,-1.95433],[104.61782,-1.95458]],[[104.61409,-1.96407],[104.61356,-1.96299],[104.61366,-1.96195],[104.61484,-1.96217],[104.61403,-1.96299],[104.61501,-1.96369],[104.61506,-1.9619],[104.61555,-1.96133],[104.61636,-1.96205],[104.61663,-1.96174],[104.6169,-1.96205],[104.61717,-1.96089],[104.61771,-1.96148],[104.61855,-1.96109],[104.61852,-1.96077],[104.61771,-1.96133],[104.61717,-1.96076],[104.61663,-1.96082],[104.61636,-1.95983],[104.61717,-1.95954],[104.61771,-1.96007],[104.61778,-1.95973],[104.61726,-1.95946],[104.61744,-1.95929],[104.61879,-1.95924],[104.61933,-1.95953],[104.61967,-1.95892],[104.61933,-1.95801],[104.61896,-1.95838],[104.61937,-1.95892],[104.61906,-1.95924],[104.61798,-1.95911],[104.61801,-1.95838],[104.61755,-1.95783],[104.6169,-1.95804],[104.61666,-1.95783],[104.61717,-1.95705],[104.61755,-1.95729],[104.61728,-1.95648],[104.61744,-1.95589],[104.6169,-1.95719],[104.61646,-1.95702],[104.61674,-1.95675],[104.61663,-1.95635],[104.61555,-1.95647]],[[104.62478,-1.95783],[104.62418,-1.95781],[104.62388,-1.95756],[104.62418,-1.95788],[104.62478,-1.95783]],[[104.62203,-1.95826],[104.62228,-1.95919],[104.62256,-1.95925],[104.62283,-1.95898],[104.6232,-1.95919],[104.62287,-1.95865],[104.6231,-1.95837],[104.6228,-1.95838],[104.62256,-1.95912],[104.62232,-1.95892],[104.62234,-1.95783]],[[104.61546,-1.9581],[104.61574,-1.95837],[104.61501,-1.95997],[104.61474,-1.95934]],[[104.62025,-1.95973],[104.62078,-1.95946],[104.62068,-1.95912],[104.61979,-1.95946],[104.62025,-1.95973]],[[104.62181,-1.95946],[104.62176,-1.95914],[104.62114,-1.95946],[104.62149,-1.95972],[104.62181,-1.95946]],[[104.62002,-1.96055],[104.61977,-1.96],[104.61852,-1.96022],[104.61832,-1.96],[104.61859,-1.95973],[104.61817,-1.95973],[104.61825,-1.96034],[104.62002,-1.96055]],[[104.62239,-1.96],[104.62256,-1.9597],[104.62186,-1.96],[104.62203,-1.96009],[104.62239,-1.96]],[[104.61464,-1.96027],[104.6142,-1.9605],[104.61366,-1.95989],[104.61312,-1.96042],[104.61296,-1.96]],[[104.61258,-1.96297],[104.61229,-1.96245],[104.61257,-1.96217],[104.61226,-1.9619],[104.61258,-1.96127],[104.6128,-1.96272],[104.61258,-1.96297]],[[104.61709,-1.98009],[104.61704,-1.97357],[104.61642,-1.97276],[104.61664,-1.97249],[104.61623,-1.9714],[104.61681,-1.97113],[104.61683,-1.97032],[104.61749,-1.96977],[104.61752,-1.96923],[104.61717,-1.96929],[104.61702,-1.96896],[104.61723,-1.96787],[104.61652,-1.96733],[104.61609,-1.9658],[104.61582,-1.96627],[104.61528,-1.96554],[104.61483,-1.9657],[104.61501,-1.96482],[104.6142,-1.96524],[104.61393,-1.96592],[104.61339,-1.96577],[104.61312,-1.96528],[104.61231,-1.96521],[104.61177,-1.96443],[104.61113,-1.96434],[104.6115,-1.96377],[104.61177,-1.96426],[104.61197,-1.96407],[104.61147,-1.96326],[104.61197,-1.96299],[104.61177,-1.96265],[104.6123,-1.96272],[104.61205,-1.96326],[104.61242,-1.96407],[104.61215,-1.96434],[104.61258,-1.96476],[104.61266,-1.96407],[104.61312,-1.96359],[104.61366,-1.96358],[104.61388,-1.96407]],[[104.61339,-1.96346],[104.61292,-1.96326],[104.61297,-1.96272],[104.61348,-1.96272],[104.61323,-1.96299],[104.61361,-1.96326],[104.61339,-1.96346]],[[104.617,-1.96326],[104.61704,-1.96299],[104.61645,-1.96272],[104.6169,-1.9634],[104.617,-1.96326]],[[104.65373,-1.96293],[104.64819,-1.96612],[104.64738,-1.96626],[104.64468,-1.96817],[104.64306,-1.96874],[104.64279,-1.96842],[104.64202,-1.96924],[104.63875,-1.97096],[104.63794,-1.97237],[104.6374,-1.97225],[104.63686,-1.97318],[104.63632,-1.97288],[104.63607,-1.97304],[104.63281,-1.97631],[104.632,-1.97647],[104.63214,-1.97683],[104.63092,-1.97761],[104.63117,-1.97792],[104.62969,-1.97955],[104.62949,-1.98036],[104.62977,-1.98145],[104.63119,-1.98325]],[[104.63065,-1.98416],[104.62876,-1.98306],[104.62831,-1.98335],[104.62776,-1.9847]],[[104.62766,-1.98525],[104.62449,-1.99203],[104.62139,-1.99556]],[[104.61366,-1.98941],[104.61473,-1.99004],[104.6153,-1.98959],[104.61511,-1.98904]],[[104.59828,-2.00197],[104.60367,-2.00108],[104.60556,-2.00002],[104.60805,-1.99773],[104.61042,-1.99429]],[[104.62094,-1.99614],[104.61895,-1.99773],[104.61743,-2.00041],[104.61446,-2.00299],[104.61338,-2.00337],[104.61257,-2.00494],[104.60691,-2.0077],[104.60259,-2.00829],[104.60245,-2.00913],[104.60349,-2.01048]],[[104.60329,-2.01075],[104.60097,-2.00889],[104.59908,-2.00828]]]}},{"id":"56","type":"Feature","properties":{"year":2005,"certainty":"unstable data"},"geometry":{"type":"MultiLineString","coordinates":[[[104.64309,-1.92052],[104.64159,-1.91868]],[[104.63593,-1.91266],[104.63465,-1.91156]],[[104.62831,-1.90505],[104.62788,-1.9045]],[[104.62784,-1.90447],[104.62568,-1.90253]]]}},{"id":"57","type":"Feature","properties":{"year":2005,"certainty":"good"},"geometry":{"type":"MultiLineString","coordinates":[[[104.62788,-1.9045],[104.62784,-1.90447]],[[104.60951,-1.88713],[104.6095,-1.88712]],[[104.609,-1.88659],[104.60882,-1.88598],[104.60842,-1.88625]],[[104.60815,-1.88567],[104.60815,-1.88557]],[[104.60808,-1.8855],[104.60788,-1.88546]],[[104.47617,-1.90093],[104.47729,-1.89863],[104.47786,-1.89645]]]}},{"id":"58","type":"Feature","properties":{"year":2005,"certainty":"insufficient data"},"geometry":{"type":"MultiLineString","coordinates":[[[104.48348,-1.83214],[104.48449,-1.83297],[104.48557,-1.83319],[104.4884,-1.83078],[104.49166,-1.82454],[104.49536,-1.82047],[104.49648,-1.81857],[104.49658,-1.81775],[104.49936,-1.81586],[104.50143,-1.81396],[104.50336,-1.81097],[104.50388,-1.80907]],[[104.47262,-1.85066],[104.47747,-1.85206],[104.47936,-1.85171],[104.48098,-1.85068],[104.48211,-1.84706],[104.48289,-1.84055],[104.48327,-1.83973],[104.48425,-1.83892],[104.4845,-1.83756],[104.48468,-1.83431],[104.483,-1.83268]],[[104.46722,-1.86341],[104.46992,-1.86148],[104.47297,-1.85792],[104.473,-1.85602],[104.47208,-1.85577],[104.47208,-1.85555],[104.47342,-1.85548],[104.47376,-1.85466],[104.47333,-1.85249],[104.47186,-1.8514]],[[104.60766,-1.96299],[104.60809,-1.96163],[104.60866,-1.96136],[104.6091,-1.95973],[104.61056,-1.95837],[104.61212,-1.95756],[104.61257,-1.9562],[104.61285,-1.95704],[104.61339,-1.9572],[104.61609,-1.95505],[104.61926,-1.95322],[104.62068,-1.95134],[104.62124,-1.95105],[104.62252,-1.94616],[104.62327,-1.94453],[104.62555,-1.94101],[104.6265,-1.94046],[104.62629,-1.94019],[104.62662,-1.9398],[104.62715,-1.94033],[104.62796,-1.94033],[104.62931,-1.93977],[104.62955,-1.94046],[104.62985,-1.94047],[104.62968,-1.93992],[104.63001,-1.93965],[104.62958,-1.93917],[104.62912,-1.93938],[104.62894,-1.93884],[104.6293,-1.93829],[104.62958,-1.93807],[104.62985,-1.93846],[104.63039,-1.93772],[104.6312,-1.93821],[104.63174,-1.93808],[104.63099,-1.93775],[104.63201,-1.93686],[104.63228,-1.93713],[104.63443,-1.93694],[104.63417,-1.93721],[104.63471,-1.93806],[104.63445,-1.93721],[104.63498,-1.93713],[104.63579,-1.93531],[104.6366,-1.93562],[104.63714,-1.9364],[104.63744,-1.9364],[104.63695,-1.93585],[104.63714,-1.93572],[104.63849,-1.9357],[104.63927,-1.93667],[104.6401,-1.93698],[104.64091,-1.93688],[104.64199,-1.93609],[104.64299,-1.93423],[104.64299,-1.93341],[104.64336,-1.93314],[104.64312,-1.93233],[104.6434,-1.93151],[104.6428,-1.93108],[104.64272,-1.93015],[104.64413,-1.925],[104.64401,-1.92283],[104.64309,-1.92052]],[[104.64159,-1.91868],[104.63593,-1.91266]],[[104.63465,-1.91156],[104.63086,-1.90817],[104.62831,-1.90505]],[[104.62568,-1.90253],[104.61542,-1.89242],[104.60951,-1.88713]],[[104.6095,-1.88712],[104.609,-1.88659]],[[104.60842,-1.88625],[104.60801,-1.88626],[104.60779,-1.88591],[104.60815,-1.88567]],[[104.60815,-1.88557],[104.60808,-1.8855]],[[104.60788,-1.88546],[104.60694,-1.88429],[104.60549,-1.88373],[104.60559,-1.88341],[104.60532,-1.88352],[104.60493,-1.88292],[104.60559,-1.88258],[104.60451,-1.88229],[104.60397,-1.88104],[104.60365,-1.88129],[104.60343,-1.88044],[104.60316,-1.88034],[104.60289,-1.88071],[104.60262,-1.8802],[104.60196,-1.88021],[104.60203,-1.87966],[104.60033,-1.87858],[104.59945,-1.87722],[104.59813,-1.87668],[104.59669,-1.87447],[104.59588,-1.87417],[104.59453,-1.87251],[104.59283,-1.87125],[104.59264,-1.87056],[104.5921,-1.87034],[104.59183,-1.87062],[104.59049,-1.86976],[104.58961,-1.87016],[104.58968,-1.8698],[104.59017,-1.86962],[104.59001,-1.86907],[104.59026,-1.8688],[104.58995,-1.86853],[104.58941,-1.86876],[104.58914,-1.86817],[104.58887,-1.86862],[104.58968,-1.86894],[104.58968,-1.86948],[104.58721,-1.8688],[104.58725,-1.86845],[104.58652,-1.86772],[104.58673,-1.86717],[104.58536,-1.86719],[104.58527,-1.86636],[104.58482,-1.86673],[104.58455,-1.86622],[104.58401,-1.86637],[104.58374,-1.86592],[104.58436,-1.86582],[104.58401,-1.86552],[104.5832,-1.86616],[104.58266,-1.86618],[104.58179,-1.86554],[104.58164,-1.86527],[104.58256,-1.86473],[104.58237,-1.86419],[104.58339,-1.86365],[104.58266,-1.86386],[104.58245,-1.86364],[104.58288,-1.86337],[104.58271,-1.8631],[104.58229,-1.86337],[104.58213,-1.86273],[104.58132,-1.86265],[104.58094,-1.86229],[104.58113,-1.86202],[104.57889,-1.86093],[104.57862,-1.86041],[104.57771,-1.85984],[104.577,-1.86],[104.57611,-1.85903],[104.57336,-1.85767],[104.57289,-1.85767],[104.57269,-1.85824],[104.57107,-1.85742],[104.57053,-1.85777],[104.57053,-1.85706],[104.56945,-1.85733],[104.56864,-1.85625],[104.56875,-1.85659],[104.5681,-1.8567],[104.56756,-1.85757],[104.56621,-1.85674],[104.56352,-1.85646],[104.56271,-1.85596],[104.56001,-1.85648],[104.56008,-1.85604],[104.5592,-1.85566],[104.5593,-1.85523],[104.55866,-1.85424],[104.55819,-1.85441],[104.55893,-1.85339],[104.55942,-1.85333],[104.55866,-1.85325],[104.55748,-1.85224],[104.55542,-1.85219],[104.55461,-1.85154],[104.55354,-1.85145],[104.55273,-1.85198],[104.55125,-1.85197],[104.55047,-1.85278],[104.55057,-1.85413],[104.54895,-1.85413],[104.54868,-1.85359],[104.54836,-1.85387],[104.54895,-1.85414],[104.54868,-1.8543],[104.54841,-1.8542],[104.54783,-1.85468],[104.54706,-1.85463],[104.54463,-1.85591],[104.54211,-1.85794],[104.54032,-1.86013],[104.53968,-1.86255],[104.54006,-1.86363],[104.53997,-1.86499],[104.54088,-1.86581],[104.54022,-1.86608],[104.54092,-1.86689],[104.53965,-1.87232],[104.53746,-1.87748],[104.53615,-1.87937],[104.53551,-1.88182],[104.53394,-1.88372],[104.53418,-1.8848],[104.5328,-1.88453],[104.53345,-1.88616],[104.53312,-1.88887],[104.53104,-1.89349],[104.52963,-1.89539],[104.52898,-1.8981],[104.52669,-1.90353],[104.52659,-1.9057],[104.52607,-1.90787],[104.52358,-1.91245]],[[104.56084,-1.85224],[104.56055,-1.85192],[104.55989,-1.85197],[104.56028,-1.85235],[104.56084,-1.85224]],[[104.55499,-1.85251],[104.55596,-1.85226],[104.55679,-1.85251],[104.55568,-1.85278]],[[104.56763,-1.85713],[104.56763,-1.85686],[104.56783,-1.8563],[104.56708,-1.85658],[104.56763,-1.85713]],[[104.58075,-1.86283],[104.58229,-1.86364],[104.58186,-1.86379]],[[104.58568,-1.86473],[104.58536,-1.86469],[104.58424,-1.86392],[104.58455,-1.86454],[104.58536,-1.86479],[104.58568,-1.86473]],[[104.47257,-1.8704],[104.47432,-1.86823],[104.47412,-1.8666],[104.47234,-1.86491],[104.47045,-1.86488],[104.46803,-1.86538]],[[104.47422,-1.88745],[104.47638,-1.88653],[104.47746,-1.88567],[104.47775,-1.88506],[104.47902,-1.8799],[104.479,-1.87556],[104.47852,-1.87339],[104.47867,-1.87257],[104.47791,-1.87149],[104.47817,-1.87122],[104.47787,-1.87094],[104.47801,-1.87027],[104.47774,-1.87057],[104.47738,-1.8704],[104.47773,-1.87013],[104.47751,-1.86932],[104.47639,-1.86896],[104.47558,-1.86922],[104.47323,-1.87094]],[[104.46262,-1.90746],[104.46505,-1.90649],[104.46828,-1.90608],[104.47017,-1.90551],[104.47368,-1.90341],[104.47617,-1.90093]],[[104.47786,-1.89645],[104.47879,-1.8932],[104.47861,-1.89103],[104.47792,-1.88967],[104.47719,-1.88907],[104.47553,-1.88804],[104.47449,-1.88812]],[[104.46472,-1.92604],[104.46479,-1.92386],[104.46369,-1.91925],[104.46367,-1.91627],[104.46533,-1.91084],[104.46541,-1.90948],[104.4637,-1.90929],[104.46289,-1.90971]],[[104.47252,-1.91274],[104.4737,-1.91193],[104.47368,-1.9113],[104.47178,-1.91274],[104.47252,-1.91274]],[[104.49708,-1.94803],[104.49652,-1.94586],[104.4962,-1.94179],[104.49621,-1.9388],[104.49693,-1.93419],[104.49673,-1.93202],[104.49395,-1.92442],[104.49254,-1.92224],[104.49124,-1.91926],[104.48964,-1.91709],[104.48884,-1.91654],[104.48854,-1.91519],[104.4877,-1.91432],[104.48447,-1.91273],[104.48123,-1.91226],[104.47745,-1.91268],[104.4761,-1.91364],[104.47422,-1.91283],[104.47233,-1.91318],[104.47125,-1.91405],[104.47071,-1.91364],[104.47071,-1.91396],[104.47122,-1.9141],[104.47005,-1.916],[104.47036,-1.91627],[104.46953,-1.91925],[104.46918,-1.91952],[104.46911,-1.92088],[104.46873,-1.92088],[104.46882,-1.92278],[104.46842,-1.92441],[104.46801,-1.92437],[104.46818,-1.92468],[104.46759,-1.92549],[104.46774,-1.92616]],[[104.5225,-1.91731],[104.52096,-1.92117],[104.52063,-1.92361],[104.52145,-1.92524],[104.52213,-1.92551]],[[104.46564,-1.92359],[104.46531,-1.92313],[104.46489,-1.92332],[104.46531,-1.92381],[104.46564,-1.92359]],[[104.52169,-1.92645],[104.52034,-1.9259],[104.51899,-1.92606],[104.51654,-1.92524],[104.51333,-1.92509],[104.51261,-1.92578],[104.51198,-1.92717],[104.50874,-1.92834],[104.50793,-1.92913],[104.50658,-1.92965],[104.50496,-1.93467],[104.50341,-1.93609],[104.5013,-1.9388],[104.50055,-1.9426],[104.50073,-1.94722]],[[104.63149,-1.93884],[104.63093,-1.93849],[104.63085,-1.93857],[104.6312,-1.93887],[104.63149,-1.93884]],[[104.61177,-1.98619],[104.61258,-1.98676],[104.61447,-1.98716],[104.61596,-1.98606],[104.61671,-1.98443],[104.6171,-1.98199],[104.61702,-1.97819],[104.61665,-1.97629],[104.61685,-1.97385],[104.61604,-1.97167],[104.61501,-1.97059],[104.61496,-1.97005],[104.61629,-1.96869],[104.61582,-1.9689],[104.61527,-1.96815],[104.61389,-1.96733],[104.61384,-1.96679],[104.61312,-1.96609],[104.61169,-1.9657],[104.61096,-1.9647],[104.61064,-1.96489],[104.61079,-1.96434],[104.61016,-1.9637],[104.60962,-1.96373],[104.60881,-1.96283],[104.608,-1.96251],[104.60787,-1.96272],[104.60836,-1.96299],[104.60783,-1.96326]],[[104.65373,-1.96296],[104.64819,-1.96612],[104.64738,-1.96626],[104.64468,-1.96817],[104.64306,-1.96874],[104.64279,-1.96842],[104.64225,-1.9691],[104.63875,-1.97096],[104.63794,-1.97237],[104.6374,-1.97225],[104.63686,-1.97318],[104.63632,-1.97288],[104.63607,-1.97304],[104.63281,-1.97631],[104.632,-1.97647],[104.63214,-1.97683],[104.63092,-1.97761],[104.63117,-1.97792],[104.62969,-1.97955],[104.62949,-1.98036],[104.62977,-1.98145],[104.63119,-1.98325]],[[104.63065,-1.98416],[104.62876,-1.98306],[104.62831,-1.98335],[104.62776,-1.9847]],[[104.62766,-1.98525],[104.62449,-1.99203],[104.62139,-1.99556]],[[104.61234,-1.99094],[104.61273,-1.98931],[104.61089,-1.98769]],[[104.61488,-1.98986],[104.61527,-1.98962],[104.61527,-1.98953],[104.615,-1.98947],[104.61473,-1.99004],[104.61488,-1.98986]],[[104.57346,-1.99891],[104.57373,-1.99918],[104.57508,-1.99906],[104.58182,-2.00078],[104.58857,-2.00198],[104.6007,-2.00174],[104.60367,-2.00108],[104.60575,-1.9999],[104.60805,-1.99773],[104.61042,-1.99429]],[[104.62094,-1.99614],[104.61895,-1.99773],[104.61743,-2.00041],[104.61446,-2.00303],[104.61337,-2.00343],[104.61257,-2.00498],[104.60691,-2.0077],[104.60263,-2.00831],[104.60248,-2.00913],[104.60349,-2.01048]],[[104.57481,-2.00226],[104.57558,-2.00179],[104.57508,-2.0013],[104.57481,-2.00187]],[[104.57887,-2.00613],[104.57858,-2.00572],[104.57749,-2.00532],[104.5775,-2.00504],[104.57705,-2.00505],[104.57643,-2.00414],[104.57562,-2.00447]],[[104.60325,-2.01075],[104.60151,-2.00927],[104.59935,-2.00843],[104.59612,-2.00831],[104.59504,-2.00868],[104.59342,-2.00831],[104.58964,-2.0082],[104.58344,-2.00574],[104.58209,-2.00598],[104.58139,-2.00858]]]}},{"id":"59","type":"Feature","properties":{"year":2005,"certainty":"insufficient data"},"geometry":{"type":"MultiLineString","coordinates":[[[104.5033,-1.68083],[104.50233,-1.67882],[104.50152,-1.67811],[104.50125,-1.67712],[104.49937,-1.67485],[104.49849,-1.67418],[104.49775,-1.67415],[104.49729,-1.67282],[104.49683,-1.67282],[104.49669,-1.67242]],[[104.46747,-1.61107],[104.46741,-1.61066],[104.4681,-1.61049],[104.46815,-1.61012],[104.46729,-1.60849],[104.46677,-1.60632],[104.46581,-1.60512]],[[104.44237,-1.48663],[104.44252,-1.48581],[104.44225,-1.48568]],[[104.45182,-1.4499],[104.45196,-1.44951],[104.45155,-1.44949]],[[104.45155,-1.44929],[104.45155,-1.44892]],[[104.45155,-1.4489],[104.45196,-1.44827],[104.45182,-1.448]],[[104.45175,-1.44334],[104.45182,-1.44309]],[[104.45186,-1.4428],[104.4517,-1.44212],[104.45142,-1.44237],[104.45117,-1.44185],[104.45198,-1.43967],[104.4519,-1.43886],[104.45275,-1.43818]],[[104.4529,-1.43737],[104.45297,-1.43696],[104.45335,-1.43696],[104.45331,-1.4356],[104.45386,-1.43533],[104.45313,-1.43452],[104.45304,-1.43397],[104.45358,-1.43398],[104.45412,-1.43449],[104.45439,-1.43223],[104.45478,-1.43343],[104.45456,-1.43452],[104.45493,-1.4352],[104.45513,-1.43506],[104.45547,-1.43402],[104.45618,-1.43316],[104.45676,-1.43018],[104.45709,-1.42992],[104.45762,-1.43019],[104.45801,-1.43018],[104.45759,-1.4295]],[[104.45803,-1.42174],[104.45735,-1.41498],[104.45727,-1.40914]],[[104.457,-1.40589],[104.45675,-1.40548],[104.45673,-1.40358],[104.45612,-1.40222],[104.45566,-1.39951],[104.45447,-1.39639]],[[104.45376,-1.39476],[104.45293,-1.39164],[104.45363,-1.39109],[104.45332,-1.39055],[104.45305,-1.39133],[104.45271,-1.39082],[104.45224,-1.38865],[104.45161,-1.38757],[104.45156,-1.38404],[104.4517,-1.38241],[104.45219,-1.38159],[104.45222,-1.37969],[104.45355,-1.37671],[104.45345,-1.37562],[104.45387,-1.37535],[104.45406,-1.37264],[104.45451,-1.37182],[104.45515,-1.36721],[104.4558,-1.3664],[104.45584,-1.36504],[104.45664,-1.36233],[104.45623,-1.35669]],[[104.50473,-1.80327],[104.50929,-1.80663],[104.51147,-1.80687],[104.51606,-1.80485],[104.5174,-1.80338],[104.51983,-1.80353],[104.52245,-1.80148],[104.52415,-1.80116],[104.5257,-1.79958],[104.52927,-1.80017],[104.53049,-1.7992]],[[104.53103,-1.79847],[104.53353,-1.79605],[104.53675,-1.79198],[104.53691,-1.79171],[104.53652,-1.79144],[104.53707,-1.7909],[104.53737,-1.78985],[104.5377,-1.78981],[104.53764,-1.78935],[104.53806,-1.7894]],[[104.53837,-1.78913],[104.53858,-1.78892]],[[104.53863,-1.78886],[104.53899,-1.78805],[104.53964,-1.78764],[104.53977,-1.78628],[104.54039,-1.78628],[104.54021,-1.78601],[104.54088,-1.78505],[104.54125,-1.7852],[104.54071,-1.78601],[104.54114,-1.78671],[104.54168,-1.78615],[104.5421,-1.78656],[104.54276,-1.78574],[104.54222,-1.78551],[104.54249,-1.78535],[104.54533,-1.78513]],[[104.54466,-1.77936],[104.54481,-1.77597],[104.54456,-1.77543],[104.5448,-1.77421]],[[104.54473,-1.77231],[104.54447,-1.7719],[104.54465,-1.77126],[104.54416,-1.77054],[104.54441,-1.77],[104.54385,-1.77016],[104.54353,-1.76932]],[[104.54131,-1.75276],[104.54123,-1.75236],[104.54057,-1.75209],[104.54088,-1.75181],[104.54033,-1.75181],[104.53822,-1.74584],[104.53846,-1.7453],[104.53803,-1.74476],[104.53768,-1.74259],[104.53795,-1.73974]],[[104.50398,-1.80904],[104.50431,-1.80609],[104.50311,-1.80458]]]}},{"id":"60","type":"Feature","properties":{"year":2006,"certainty":"good"},"geometry":{"type":"MultiLineString","coordinates":[[[104.52147,-1.71487],[104.52422,-1.71381],[104.52625,-1.71191],[104.52744,-1.71001],[104.52633,-1.70974],[104.52552,-1.70912],[104.51798,-1.69807],[104.51219,-1.69047],[104.50948,-1.68748],[104.50746,-1.68555],[104.5065,-1.68504],[104.50233,-1.68087],[104.49316,-1.6705],[104.49246,-1.66848],[104.49278,-1.66821],[104.49116,-1.66577],[104.49128,-1.66477],[104.49101,-1.66505],[104.48993,-1.66341],[104.48818,-1.65952],[104.48838,-1.65925],[104.48804,-1.65926],[104.48772,-1.65871],[104.48655,-1.65599],[104.48218,-1.64839],[104.48026,-1.64378],[104.47769,-1.63916],[104.47579,-1.63482],[104.4751,-1.63371],[104.47474,-1.63374],[104.47494,-1.63319],[104.47388,-1.63129],[104.47345,-1.62966],[104.47242,-1.62804],[104.47218,-1.62641],[104.47109,-1.62369],[104.47053,-1.62016],[104.46987,-1.61908],[104.46918,-1.61682],[104.46864,-1.61664],[104.46878,-1.61609],[104.46827,-1.61419],[104.46709,-1.61121],[104.46656,-1.61066],[104.46648,-1.60993],[104.4661,-1.60985],[104.46621,-1.60921],[104.46559,-1.60849],[104.46579,-1.60795],[104.46486,-1.60648],[104.46467,-1.60496],[104.46405,-1.60442],[104.46432,-1.60415],[104.46405,-1.60333],[104.4635,-1.60306],[104.46374,-1.60252],[104.46303,-1.60144],[104.46325,-1.60109],[104.46298,-1.59999],[104.4611,-1.59465],[104.46036,-1.59356],[104.46032,-1.59248],[104.46066,-1.59221],[104.45935,-1.59031],[104.45968,-1.58949],[104.45884,-1.58895],[104.45868,-1.58786],[104.45906,-1.58732],[104.45866,-1.58783],[104.45831,-1.58732],[104.45908,-1.58678],[104.45826,-1.58542],[104.45867,-1.58496],[104.4592,-1.58582],[104.45947,-1.58532],[104.45974,-1.58539],[104.46028,-1.58651],[104.46032,-1.58596],[104.45967,-1.58488],[104.45974,-1.58333],[104.45935,-1.58271],[104.45867,-1.57939],[104.4584,-1.57913],[104.45799,-1.57972],[104.45855,-1.58054],[104.4584,-1.58144],[104.45786,-1.58046],[104.45759,-1.58066],[104.45718,-1.58026],[104.45687,-1.57836],[104.45759,-1.57778],[104.45813,-1.57823],[104.45818,-1.57782],[104.45651,-1.57175],[104.45624,-1.57183],[104.45589,-1.57131],[104.4562,-1.57185],[104.4557,-1.57223],[104.45543,-1.5707],[104.45516,-1.57074],[104.45468,-1.56995],[104.45519,-1.56968],[104.45518,-1.56886],[104.45409,-1.56486],[104.45354,-1.56479],[104.45452,-1.56398],[104.45425,-1.56289],[104.45442,-1.56208],[104.45374,-1.56072],[104.45394,-1.55991],[104.45361,-1.55611],[104.45253,-1.55095],[104.4518,-1.54959],[104.45194,-1.54905],[104.4514,-1.54878],[104.45149,-1.54824],[104.45085,-1.54759],[104.45031,-1.54417],[104.45004,-1.54389],[104.45043,-1.54308],[104.44964,-1.54227],[104.44926,-1.54064],[104.44681,-1.53467],[104.44439,-1.52991],[104.44381,-1.52951],[104.44259,-1.52381],[104.44268,-1.52218],[104.44216,-1.52191],[104.4416,-1.51974],[104.44173,-1.51919],[104.44142,-1.51835],[104.44115,-1.5184],[104.44061,-1.51764],[104.43954,-1.51399],[104.43917,-1.51159],[104.43982,-1.51105],[104.43986,-1.50834],[104.43954,-1.50757],[104.439,-1.50807],[104.439,-1.50856],[104.43899,-1.50752],[104.43903,-1.50725],[104.43901,-1.50698],[104.43938,-1.50644],[104.43982,-1.50427],[104.43955,-1.50318],[104.43966,-1.50074],[104.44028,-1.49558],[104.44021,-1.49314],[104.44058,-1.49287],[104.44031,-1.49097],[104.4407,-1.48907],[104.44083,-1.48568]],[[104.44302,-1.47292],[104.4439,-1.46844],[104.4437,-1.46708],[104.44413,-1.4671],[104.44753,-1.45569],[104.44772,-1.45487],[104.4472,-1.4546],[104.44737,-1.45422],[104.44764,-1.45448],[104.44791,-1.45425],[104.4489,-1.45026],[104.4483,-1.44972],[104.44842,-1.447],[104.44881,-1.44456],[104.44958,-1.44239],[104.44959,-1.44103],[104.44989,-1.43995],[104.45039,-1.43967],[104.45011,-1.4394],[104.45102,-1.43615],[104.45168,-1.43479],[104.45277,-1.43382],[104.45412,-1.4338],[104.45439,-1.43237],[104.45437,-1.43452],[104.45548,-1.43343],[104.45574,-1.43143],[104.45701,-1.42828],[104.45768,-1.42421],[104.45751,-1.41742],[104.45586,-1.40168],[104.45504,-1.39842],[104.45332,-1.39455],[104.45134,-1.38756],[104.45131,-1.38458],[104.45189,-1.38078],[104.45248,-1.37861],[104.45281,-1.37834],[104.45273,-1.37725],[104.45307,-1.37535],[104.45357,-1.37454],[104.45393,-1.37101],[104.45468,-1.36965],[104.4544,-1.3683],[104.4547,-1.36667],[104.45577,-1.36395],[104.4563,-1.3607],[104.45613,-1.35669]],[[104.50473,-1.80327],[104.50891,-1.80635]],[[104.54371,-1.7849],[104.5448,-1.78384],[104.54397,-1.78235]],[[104.54419,-1.77339],[104.54366,-1.77054],[104.54299,-1.76946],[104.5431,-1.76891],[104.54257,-1.76783],[104.54161,-1.76213],[104.54189,-1.75561],[104.53918,-1.74964],[104.53757,-1.74503],[104.53712,-1.74259],[104.53749,-1.74069],[104.53657,-1.73793],[104.53172,-1.7268],[104.5304,-1.72467],[104.52836,-1.72223],[104.52714,-1.71956],[104.52459,-1.71653],[104.52282,-1.71562],[104.52201,-1.71555]],[[104.50377,-1.80904],[104.50414,-1.80582],[104.50311,-1.80456]]]}},{"id":"61","type":"Feature","properties":{"year":2006,"certainty":"insufficient data"},"geometry":{"type":"MultiLineString","coordinates":[[[104.48348,-1.83214],[104.4853,-1.83325],[104.48665,-1.83203],[104.4867,-1.83132],[104.48827,-1.83066],[104.49133,-1.82427],[104.49501,-1.82066],[104.49626,-1.81857],[104.49621,-1.81748],[104.49744,-1.8171],[104.50077,-1.8145],[104.50279,-1.81179],[104.50377,-1.80907]],[[104.47262,-1.85045],[104.47585,-1.85175],[104.47774,-1.85203],[104.48006,-1.85086],[104.48067,-1.85005],[104.48199,-1.84706],[104.48262,-1.83919],[104.48287,-1.83855],[104.48368,-1.83857],[104.48395,-1.83896],[104.48433,-1.83784],[104.48451,-1.83594],[104.48411,-1.83539],[104.48455,-1.83431],[104.48294,-1.83268]],[[104.46722,-1.86341],[104.46857,-1.86259],[104.47241,-1.85846],[104.4721,-1.8571],[104.47275,-1.85602],[104.47192,-1.85574],[104.47319,-1.85493],[104.47328,-1.85276],[104.47289,-1.85214],[104.47181,-1.85146]],[[104.60638,-1.96323],[104.60773,-1.96237],[104.60931,-1.95973],[104.61043,-1.95859],[104.61226,-1.95756],[104.61258,-1.95637],[104.61296,-1.95729],[104.61339,-1.95729],[104.61612,-1.95512],[104.6196,-1.95297],[104.62136,-1.95051],[104.62216,-1.94671],[104.62338,-1.94363],[104.62473,-1.94146],[104.62623,-1.93992],[104.62635,-1.93903],[104.6285,-1.93878],[104.62833,-1.93829],[104.62931,-1.93735],[104.63084,-1.93667],[104.63203,-1.93558],[104.63376,-1.93519]],[[104.6343,-1.93498],[104.63552,-1.93462],[104.63687,-1.93478],[104.63822,-1.93532],[104.63956,-1.93674],[104.64118,-1.93669],[104.64202,-1.93585],[104.64253,-1.93477],[104.64229,-1.93368],[104.64252,-1.93192]],[[104.60626,-1.88462],[104.60316,-1.88153],[104.60181,-1.88076],[104.59799,-1.87722],[104.59735,-1.87586],[104.59669,-1.87572],[104.59623,-1.87505],[104.59722,-1.87478],[104.59672,-1.8745],[104.59698,-1.87423],[104.59615,-1.87477],[104.59221,-1.8707],[104.59117,-1.87016],[104.59076,-1.86934],[104.58806,-1.86766],[104.58644,-1.86719],[104.5859,-1.86638],[104.58482,-1.86608],[104.58347,-1.86497],[104.58344,-1.86527],[104.5831,-1.86527],[104.58293,-1.86464],[104.58266,-1.8651],[104.58239,-1.8642],[104.58159,-1.86387],[104.58105,-1.864],[104.58051,-1.86337],[104.57646,-1.86118],[104.57511,-1.86113],[104.57403,-1.86058],[104.57242,-1.85956],[104.57221,-1.8593],[104.57247,-1.85821],[104.57215,-1.85811],[104.57188,-1.85853],[104.57134,-1.8577],[104.56972,-1.85808],[104.5681,-1.85712],[104.56648,-1.85684],[104.56486,-1.85611],[104.56352,-1.8561],[104.56109,-1.85508],[104.56028,-1.85537],[104.55893,-1.85502],[104.55866,-1.8545],[104.55817,-1.85441],[104.55812,-1.85387],[104.55726,-1.85333],[104.55731,-1.85303],[104.5565,-1.85313],[104.55381,-1.85219],[104.55397,-1.85251],[104.55327,-1.85289],[104.55246,-1.85264],[104.55192,-1.853],[104.55138,-1.8524],[104.55057,-1.85265],[104.55057,-1.85421],[104.54949,-1.8536],[104.54903,-1.85387],[104.54868,-1.8547],[104.54736,-1.85495],[104.54733,-1.85449],[104.54655,-1.85495],[104.54682,-1.85522],[104.54649,-1.85549],[104.5449,-1.85617],[104.54463,-1.85591],[104.5442,-1.85631]],[[104.56486,-1.85363],[104.5654,-1.85359],[104.5657,-1.85306],[104.5652,-1.85278]],[[104.54128,-1.85875],[104.54,-1.86092],[104.5397,-1.86201],[104.54012,-1.86363],[104.54003,-1.86499],[104.54093,-1.86581],[104.54056,-1.86635],[104.54115,-1.86662],[104.54069,-1.86743],[104.54047,-1.87015],[104.53938,-1.87368],[104.53784,-1.87639],[104.53744,-1.87802],[104.53634,-1.87938],[104.536,-1.8814],[104.53397,-1.88372],[104.53423,-1.8848],[104.5329,-1.88453],[104.53353,-1.8867],[104.5332,-1.88887],[104.53179,-1.89213],[104.52969,-1.89539],[104.52906,-1.8981],[104.52673,-1.90353],[104.52632,-1.90733],[104.52303,-1.91357],[104.52304,-1.91443],[104.52385,-1.91436],[104.5251,-1.91357],[104.52709,-1.91139]],[[104.57681,-1.86039],[104.57682,-1.86012],[104.5762,-1.85984],[104.57646,-1.85932],[104.57592,-1.85955],[104.57565,-1.85916],[104.57518,-1.8593],[104.57545,-1.85984],[104.57511,-1.8601],[104.57428,-1.86011],[104.57457,-1.86056],[104.57511,-1.86019],[104.57565,-1.86043],[104.57619,-1.85985],[104.57648,-1.86039],[104.57681,-1.86039]],[[104.47257,-1.8704],[104.47388,-1.86877],[104.4743,-1.86742],[104.4718,-1.86579],[104.47126,-1.86487],[104.46803,-1.86538]],[[104.47422,-1.88747],[104.47638,-1.88653],[104.47733,-1.8856],[104.47812,-1.8837],[104.47894,-1.87977]],[[104.47898,-1.87814],[104.47897,-1.87556],[104.47861,-1.8742],[104.4772,-1.87134],[104.47636,-1.8704],[104.47558,-1.87008],[104.47423,-1.87035],[104.47338,-1.87094]],[[104.46262,-1.9075],[104.46316,-1.90775],[104.46326,-1.90731],[104.4637,-1.90723],[104.46397,-1.9076],[104.46424,-1.90704],[104.46478,-1.90713],[104.46505,-1.9068],[104.46559,-1.90725],[104.46541,-1.90677],[104.46584,-1.9065],[104.46694,-1.90688],[104.46708,-1.9065],[104.46783,-1.90622],[104.46882,-1.90595],[104.46936,-1.90614],[104.47341,-1.90371],[104.47622,-1.90093]],[[104.47705,-1.89934],[104.47706,-1.89931]],[[104.47732,-1.89861],[104.47735,-1.89849]],[[104.47786,-1.89649],[104.47879,-1.89266],[104.47831,-1.89049],[104.47713,-1.88913],[104.4753,-1.88807],[104.47449,-1.88812]],[[104.46778,-1.90812],[104.46694,-1.90708],[104.46617,-1.90704],[104.46667,-1.90804],[104.4672,-1.90831],[104.46778,-1.90812]],[[104.46464,-1.92604],[104.4647,-1.92414],[104.46519,-1.92414],[104.46488,-1.92441],[104.46504,-1.92462],[104.46547,-1.92441],[104.46531,-1.92382],[104.46596,-1.92387],[104.46569,-1.92305],[104.4662,-1.92305],[104.46585,-1.92241],[104.46531,-1.92223],[104.46477,-1.92257],[104.46422,-1.92169],[104.46367,-1.91816],[104.46368,-1.91627],[104.4653,-1.90948],[104.46451,-1.90915],[104.46316,-1.90945],[104.46289,-1.90977]],[[104.47246,-1.91274],[104.47379,-1.91193],[104.47368,-1.91122],[104.47178,-1.91274],[104.47246,-1.91274]],[[104.52736,-1.91169],[104.52363,-1.91574],[104.52239,-1.91764],[104.52124,-1.92035],[104.52068,-1.92361],[104.52219,-1.92551]],[[104.49702,-1.94803],[104.49686,-1.94705],[104.49778,-1.94667],[104.4974,-1.94609],[104.49686,-1.94651],[104.49649,-1.94586],[104.49617,-1.94233],[104.49614,-1.9388],[104.49692,-1.93392],[104.49662,-1.93175],[104.49741,-1.93161],[104.49795,-1.93234],[104.49849,-1.93235],[104.49903,-1.93402],[104.4993,-1.93406],[104.49985,-1.9331],[104.4993,-1.9325],[104.49852,-1.93229],[104.49839,-1.9312],[104.49903,-1.93081],[104.49906,-1.93066],[104.49822,-1.92966],[104.49763,-1.92957],[104.49741,-1.92915],[104.4966,-1.93109],[104.49633,-1.9308],[104.49398,-1.92442],[104.49237,-1.92224],[104.49168,-1.92034],[104.4905,-1.91872],[104.48834,-1.91682],[104.48799,-1.91573],[104.4868,-1.91437],[104.48339,-1.91254],[104.48069,-1.91222],[104.47961,-1.91258],[104.47745,-1.91263],[104.4761,-1.91357],[104.4753,-1.91337],[104.47476,-1.91285],[104.47395,-1.91285],[104.47233,-1.91313],[104.47125,-1.91397],[104.47071,-1.91363],[104.46988,-1.91437],[104.47044,-1.91423],[104.4708,-1.91464],[104.4699,-1.91491],[104.46954,-1.91572],[104.47,-1.916],[104.46963,-1.91627],[104.47014,-1.91654],[104.46981,-1.91681],[104.4699,-1.91746],[104.46936,-1.91752],[104.46936,-1.91708],[104.46747,-1.91637],[104.46666,-1.91667],[104.46634,-1.91654],[104.46639,-1.91708],[104.46692,-1.91735],[104.46654,-1.91789],[104.4672,-1.91824],[104.46823,-1.91789],[104.4674,-1.91762],[104.46816,-1.91735],[104.46801,-1.91691],[104.46855,-1.91684],[104.46834,-1.9179],[104.46882,-1.91801],[104.46931,-1.91871],[104.46892,-1.91898],[104.46941,-1.91898],[104.46936,-1.91935],[104.46882,-1.91935],[104.46855,-1.91979],[104.46824,-1.91952],[104.46855,-1.92034],[104.46876,-1.92007],[104.46855,-1.91979],[104.46882,-1.91959],[104.46917,-1.9198],[104.46881,-1.92142],[104.46828,-1.92147],[104.46801,-1.92193],[104.46747,-1.9212],[104.46729,-1.92142],[104.4676,-1.92197],[104.4672,-1.92234],[104.46669,-1.92224],[104.46701,-1.92251],[104.46693,-1.92291],[104.46747,-1.92312],[104.46801,-1.92305],[104.4685,-1.92359],[104.46828,-1.92463],[104.46812,-1.92387],[104.46774,-1.92346],[104.46751,-1.92359],[104.46824,-1.92468],[104.46787,-1.92495],[104.46828,-1.92567],[104.46763,-1.92549],[104.4679,-1.92604]],[[104.46891,-1.91382],[104.46985,-1.91301],[104.46936,-1.91309],[104.46882,-1.9138],[104.46837,-1.91355],[104.46855,-1.91292],[104.46774,-1.91342],[104.46739,-1.91328],[104.46774,-1.91409],[104.46801,-1.91369],[104.46891,-1.91382]],[[104.46707,-1.91627],[104.46747,-1.91553],[104.46804,-1.91545],[104.46756,-1.91518],[104.46783,-1.91464],[104.46747,-1.9142],[104.46666,-1.91435],[104.46683,-1.91464],[104.46637,-1.91491],[104.46629,-1.91545],[104.46688,-1.91599],[104.46667,-1.91627],[104.46693,-1.9165],[104.46707,-1.91627]],[[104.4672,-1.91567],[104.46703,-1.91518],[104.4672,-1.91447],[104.46767,-1.91464],[104.46721,-1.91491],[104.46742,-1.91545],[104.4672,-1.91567]],[[104.46928,-1.916],[104.46909,-1.91583],[104.46815,-1.916],[104.46909,-1.91619],[104.46928,-1.916]],[[104.46727,-1.91952],[104.46757,-1.91898],[104.46747,-1.91888],[104.46693,-1.91952],[104.46727,-1.91952]],[[104.46828,-1.92288],[104.46747,-1.92303],[104.46722,-1.92278],[104.46828,-1.9222],[104.46858,-1.92251],[104.46828,-1.92288]],[[104.52169,-1.9266],[104.52115,-1.9262],[104.51953,-1.92591],[104.51899,-1.92614],[104.51629,-1.92535],[104.51306,-1.92522],[104.51178,-1.92741],[104.50928,-1.92818],[104.50766,-1.92944],[104.50658,-1.92978],[104.50499,-1.93473],[104.50191,-1.93799]],[[104.49876,-1.93092],[104.49816,-1.93066],[104.49849,-1.93016],[104.49883,-1.93066],[104.49876,-1.93092]],[[104.50134,-1.9388],[104.50058,-1.94315],[104.50085,-1.94722]],[[104.61177,-1.98623],[104.6142,-1.98717],[104.61579,-1.98633],[104.61635,-1.98539],[104.61702,-1.98253],[104.6169,-1.97819],[104.61653,-1.97629],[104.61685,-1.97385],[104.61393,-1.96896],[104.61204,-1.9678],[104.6108,-1.96652],[104.60989,-1.96537],[104.6094,-1.96407],[104.6078,-1.96407],[104.60817,-1.96434],[104.60719,-1.96491]],[[104.65373,-1.96418],[104.64792,-1.96684],[104.64684,-1.96707],[104.64522,-1.96856],[104.64145,-1.96964],[104.63927,-1.97086],[104.63848,-1.97158],[104.63794,-1.97266],[104.6374,-1.9726],[104.63686,-1.97331],[104.63632,-1.973],[104.63578,-1.97341],[104.62983,-1.97955],[104.62958,-1.98036],[104.62976,-1.98118],[104.63119,-1.9832]],[[104.63065,-1.98428],[104.62876,-1.98315],[104.62839,-1.98335],[104.62757,-1.98579],[104.6246,-1.99203],[104.6204,-1.99676],[104.61893,-1.99773],[104.61797,-1.99994],[104.61446,-2.00303],[104.61338,-2.00341],[104.61257,-2.00507],[104.60691,-2.0077],[104.60286,-2.00817],[104.60248,-2.00858],[104.60252,-2.00913],[104.60352,-2.01048]],[[104.61109,-1.99311],[104.61149,-1.99176],[104.61273,-1.98986],[104.61228,-1.98877],[104.61091,-1.98769]],[[104.57346,-1.99891],[104.57373,-1.99918],[104.57508,-1.99906],[104.58182,-2.00078],[104.58857,-2.00198],[104.6007,-2.00174],[104.60367,-2.00108],[104.60575,-1.9999],[104.60805,-1.99773],[104.61042,-1.99429]],[[104.57887,-2.00613],[104.57858,-2.00572],[104.57749,-2.00532],[104.5775,-2.00504],[104.57705,-2.00505],[104.5767,-2.00464],[104.57616,-2.00482],[104.57525,-2.00423]],[[104.60329,-2.01075],[104.60151,-2.00926],[104.59989,-2.00886],[104.59908,-2.00832],[104.59504,-2.00848],[104.58964,-2.0082],[104.58344,-2.00574],[104.58209,-2.00598],[104.58139,-2.00858]]]}},{"id":"62","type":"Feature","properties":{"year":2006,"certainty":"good"},"geometry":{"type":"MultiLineString","coordinates":[[[104.63376,-1.93519],[104.6343,-1.93498]],[[104.64252,-1.93192],[104.6428,-1.92887],[104.64371,-1.92663],[104.64402,-1.92473],[104.64398,-1.9231],[104.6428,-1.92037],[104.63843,-1.9155],[104.63015,-1.90762],[104.62712,-1.9041],[104.62015,-1.89763],[104.6153,-1.89263],[104.60626,-1.88462]],[[104.47894,-1.87977],[104.47898,-1.87814]],[[104.47622,-1.90093],[104.47705,-1.89934]],[[104.47706,-1.89931],[104.47732,-1.89861]],[[104.47735,-1.89849],[104.47786,-1.89649]]]}},{"id":"63","type":"Feature","properties":{"year":2007,"certainty":"good"},"geometry":{"type":"MultiLineString","coordinates":[[[104.49623,-1.8173],[104.4965,-1.81726]],[[104.47868,-1.85181],[104.47895,-1.85155]],[[104.47897,-1.85154],[104.47922,-1.85139]],[[104.48242,-1.84041],[104.48287,-1.83854],[104.48381,-1.83874]],[[104.48419,-1.83851],[104.48435,-1.83681]],[[104.48301,-1.83271],[104.48298,-1.83268]],[[104.46816,-1.86281],[104.46843,-1.86266]],[[104.46896,-1.86212],[104.46897,-1.86211]],[[104.46922,-1.86185],[104.46924,-1.86183]],[[104.46948,-1.86158],[104.4714,-1.85954]],[[104.6335,-1.9353],[104.6343,-1.93495]],[[104.64244,-1.93463],[104.6424,-1.93448]],[[104.64234,-1.93436],[104.64265,-1.92907],[104.64363,-1.92663],[104.64399,-1.92473],[104.64391,-1.9231],[104.6429,-1.92065],[104.6393,-1.9164],[104.63052,-1.90817],[104.62689,-1.9039],[104.62015,-1.89776],[104.6153,-1.89267],[104.60686,-1.88523]],[[104.47895,-1.87972],[104.47895,-1.87929]],[[104.47894,-1.87922],[104.47894,-1.87678]],[[104.47895,-1.87676],[104.47895,-1.87651]],[[104.49736,-1.94762],[104.49754,-1.94746]],[[104.49712,-1.94572],[104.49686,-1.94621],[104.49657,-1.94586],[104.49687,-1.94489],[104.497,-1.94526]],[[104.497,-1.94375],[104.497,-1.94361]],[[104.49653,-1.94314],[104.49672,-1.94274]],[[104.497,-1.94333],[104.4966,-1.94333]]]}},{"id":"64","type":"Feature","properties":{"year":2007,"certainty":"unstable data"},"geometry":{"type":"MultiLineString","coordinates":[[[104.47875,-1.88058],[104.47895,-1.87972]],[[104.47895,-1.87929],[104.47894,-1.87922]]]}},{"id":"65","type":"Feature","properties":{"year":2007,"certainty":"insufficient data"},"geometry":{"type":"MultiLineString","coordinates":[[[104.4835,-1.83214],[104.4853,-1.83322],[104.48661,-1.83187],[104.48665,-1.83131],[104.48827,-1.83053],[104.49105,-1.82454],[104.49447,-1.82118],[104.49582,-1.8194],[104.4963,-1.8183],[104.49596,-1.81748],[104.49623,-1.8173]],[[104.4965,-1.81726],[104.49717,-1.81721],[104.50095,-1.81428],[104.50311,-1.81097],[104.50376,-1.80907]],[[104.47262,-1.85075],[104.47666,-1.85198],[104.47868,-1.85181]],[[104.47895,-1.85155],[104.47897,-1.85154]],[[104.47922,-1.85139],[104.48062,-1.85005],[104.48197,-1.84706],[104.48242,-1.84041]],[[104.48381,-1.83874],[104.48395,-1.83894],[104.48419,-1.83851]],[[104.48435,-1.83681],[104.48446,-1.83594],[104.48402,-1.83539],[104.48444,-1.83431],[104.48301,-1.83271]],[[104.46722,-1.86342],[104.46816,-1.86281]],[[104.46843,-1.86266],[104.46896,-1.86212]],[[104.46897,-1.86211],[104.46922,-1.86185]],[[104.46924,-1.86183],[104.46948,-1.86158]],[[104.4714,-1.85954],[104.47235,-1.85846],[104.47209,-1.8571],[104.47265,-1.85602],[104.47205,-1.85547],[104.47288,-1.85524],[104.47323,-1.85466],[104.47322,-1.85249],[104.47184,-1.8514]],[[104.55695,-1.85333],[104.55677,-1.85278],[104.55408,-1.85248],[104.55381,-1.85219],[104.554,-1.85251],[104.55273,-1.85291],[104.55246,-1.85269],[104.55192,-1.85294],[104.55138,-1.8524],[104.55053,-1.85278],[104.55076,-1.85387],[104.55057,-1.85424],[104.5501,-1.85387],[104.55016,-1.85332],[104.54976,-1.8533],[104.54868,-1.85459],[104.54436,-1.85649]],[[104.54356,-1.85372],[104.54416,-1.85414],[104.5442,-1.85468],[104.54463,-1.85468],[104.54441,-1.85386],[104.54329,-1.85301]],[[104.57269,-1.85981],[104.56945,-1.85801]],[[104.54059,-1.86],[104.53994,-1.86092],[104.53972,-1.86255],[104.54009,-1.86309],[104.54005,-1.86495],[104.54096,-1.86581],[104.54058,-1.86635],[104.54118,-1.86662],[104.54072,-1.86743],[104.54048,-1.87015],[104.53983,-1.87232],[104.53906,-1.87449],[104.53785,-1.87639],[104.53746,-1.87802],[104.53634,-1.87938],[104.53578,-1.88182],[104.5341,-1.88345],[104.53384,-1.88444],[104.53303,-1.88448],[104.53276,-1.88477],[104.53332,-1.88535],[104.53353,-1.88643],[104.5333,-1.88741],[104.53301,-1.88697],[104.5332,-1.88887],[104.53123,-1.89322],[104.52961,-1.89539],[104.52902,-1.8981],[104.52676,-1.90353],[104.52632,-1.90733],[104.52303,-1.91357],[104.52304,-1.91443],[104.52466,-1.91389],[104.52709,-1.9114]],[[104.60638,-1.96323],[104.60765,-1.96244],[104.60923,-1.95973],[104.61068,-1.95837],[104.6122,-1.95756],[104.61258,-1.95647],[104.61312,-1.95734],[104.6193,-1.95322],[104.62136,-1.95023],[104.62199,-1.94671],[104.62286,-1.94508],[104.62276,-1.94453],[104.62328,-1.94345],[104.62619,-1.93965],[104.626,-1.93911],[104.62623,-1.93884],[104.62769,-1.93875],[104.62877,-1.93766],[104.63066,-1.93674],[104.63202,-1.93558],[104.6335,-1.9353]],[[104.6343,-1.93495],[104.63525,-1.93461],[104.63741,-1.93491],[104.63849,-1.93556],[104.63929,-1.93653],[104.64037,-1.93687],[104.64175,-1.93612],[104.64244,-1.93463]],[[104.6424,-1.93448],[104.64234,-1.93436]],[[104.60686,-1.88523],[104.59912,-1.87843],[104.59534,-1.87388],[104.59031,-1.86908],[104.57673,-1.86167],[104.57538,-1.8612],[104.57484,-1.86137],[104.57457,-1.86086],[104.57403,-1.86101],[104.57341,-1.86011]],[[104.4726,-1.8704],[104.47383,-1.86877],[104.47423,-1.8674],[104.47181,-1.86579],[104.47126,-1.86483],[104.46803,-1.86537]],[[104.47422,-1.88747],[104.47609,-1.88669],[104.47709,-1.88587],[104.478,-1.88397],[104.47875,-1.88058]],[[104.47894,-1.87678],[104.47895,-1.87676]],[[104.47895,-1.87651],[104.47826,-1.87312],[104.47639,-1.87044],[104.47531,-1.8701],[104.47333,-1.87094]],[[104.47503,-1.90236],[104.47603,-1.90134],[104.47697,-1.89971],[104.47879,-1.89266],[104.4785,-1.89103],[104.47781,-1.88967],[104.4753,-1.88813],[104.47449,-1.88816]],[[104.46828,-1.90617],[104.46882,-1.90609],[104.46955,-1.90677],[104.46917,-1.90731],[104.46936,-1.90753],[104.4699,-1.9071],[104.47071,-1.90727],[104.47069,-1.9065],[104.4694,-1.90595],[104.47233,-1.9045]],[[104.4685,-1.9084],[104.46974,-1.90812],[104.46909,-1.90785],[104.46855,-1.90828]],[[104.46667,-1.90817],[104.46801,-1.90905],[104.46807,-1.9084]],[[104.47017,-1.90998],[104.4699,-1.91025],[104.46855,-1.90971],[104.46743,-1.91057],[104.46768,-1.91084]],[[104.49664,-1.92252],[104.49687,-1.92375],[104.49741,-1.92358],[104.49765,-1.92387],[104.49746,-1.92496],[104.49633,-1.9237],[104.49511,-1.92442],[104.49476,-1.92387],[104.49526,-1.92333],[104.49498,-1.92322],[104.4944,-1.9236],[104.49466,-1.92415],[104.49419,-1.92469],[104.49444,-1.92501],[104.49417,-1.92505],[104.49353,-1.9236],[104.49229,-1.92225],[104.49219,-1.92143],[104.4907,-1.91899],[104.48831,-1.91682],[104.48777,-1.91546],[104.48581,-1.91371],[104.4831,-1.91247],[104.48069,-1.91225],[104.47961,-1.9126],[104.47745,-1.91262],[104.4761,-1.91362],[104.4753,-1.91345],[104.47476,-1.9128],[104.47226,-1.91301],[104.47383,-1.91193],[104.4739,-1.91165],[104.47341,-1.91133],[104.4726,-1.91225],[104.4719,-1.91247],[104.47179,-1.91294],[104.47072,-1.9122],[104.47083,-1.91192],[104.47044,-1.91208],[104.47007,-1.91165],[104.47048,-1.91138],[104.46968,-1.91084],[104.4699,-1.91051],[104.47076,-1.91084],[104.47023,-1.91002]],[[104.52736,-1.91171],[104.5242,-1.91493],[104.52239,-1.91764],[104.52109,-1.9209],[104.5207,-1.92307],[104.51953,-1.92275],[104.51926,-1.92196],[104.51878,-1.92171],[104.51789,-1.92225],[104.51886,-1.92334],[104.51841,-1.92388],[104.51922,-1.92524],[104.51872,-1.92601],[104.51595,-1.92524],[104.5136,-1.92507]],[[104.49876,-1.93364],[104.49903,-1.93408],[104.4993,-1.93401],[104.49996,-1.9331],[104.49852,-1.93202],[104.49861,-1.93147],[104.49957,-1.9305],[104.49933,-1.92985],[104.49966,-1.92876],[104.49903,-1.92894],[104.49849,-1.92849],[104.49795,-1.929],[104.49768,-1.92848],[104.49714,-1.92875],[104.49667,-1.92849],[104.49795,-1.92666],[104.49984,-1.9269],[104.50011,-1.92648],[104.50146,-1.92634],[104.50107,-1.9255],[104.50227,-1.92534],[104.50204,-1.92442],[104.50237,-1.92388],[104.50281,-1.92402],[104.5029,-1.9236],[104.50281,-1.92332],[104.502,-1.92413],[104.50005,-1.92469],[104.50039,-1.92523],[104.50011,-1.92596],[104.49933,-1.9255],[104.49962,-1.92523],[104.49936,-1.92496],[104.49959,-1.92442],[104.49876,-1.92468],[104.49744,-1.92333],[104.49833,-1.92198],[104.49814,-1.9217]],[[104.51288,-1.92551],[104.51184,-1.92741],[104.50922,-1.92822],[104.5079,-1.92931],[104.50658,-1.92982],[104.5055,-1.93364],[104.50415,-1.93363],[104.5028,-1.93438],[104.50253,-1.93488],[104.50172,-1.93485],[104.50096,-1.93419],[104.50046,-1.93419],[104.5008,-1.93446],[104.50063,-1.93473]],[[104.50311,-1.93039],[104.50288,-1.93012],[104.50307,-1.92947],[104.50277,-1.93012],[104.50311,-1.93039]],[[104.49735,-1.94776],[104.49736,-1.94762]],[[104.49754,-1.94746],[104.49794,-1.94746],[104.49849,-1.94667],[104.49821,-1.9461],[104.49761,-1.94586],[104.49767,-1.94533],[104.49712,-1.94572]],[[104.497,-1.94526],[104.49767,-1.94492],[104.49775,-1.9445],[104.497,-1.94375]],[[104.497,-1.94361],[104.49767,-1.94331],[104.49768,-1.94276],[104.49714,-1.94216],[104.49633,-1.9426],[104.49616,-1.94179],[104.49633,-1.94078],[104.49687,-1.94161],[104.49676,-1.94097],[104.49703,-1.9407],[104.4966,-1.9408],[104.49616,-1.94016],[104.49677,-1.93962],[104.49633,-1.93986],[104.49616,-1.93962],[104.49674,-1.93419]],[[104.50091,-1.93522],[104.50145,-1.93651],[104.50199,-1.93685],[104.5028,-1.93653],[104.503,-1.9369],[104.50172,-1.93806],[104.50145,-1.93819],[104.50145,-1.93766],[104.50064,-1.93816],[104.50047,-1.9388],[104.50074,-1.93935],[104.50031,-1.93962],[104.50037,-1.93998],[104.50091,-1.9396],[104.50097,-1.93989],[104.50045,-1.94097],[104.50075,-1.94722]],[[104.49984,-1.93935],[104.5002,-1.93907],[104.49991,-1.9388],[104.50019,-1.93853],[104.49983,-1.93826],[104.4992,-1.93853],[104.50008,-1.93907],[104.49984,-1.93935]],[[104.49805,-1.94124],[104.49859,-1.94097],[104.49795,-1.94118],[104.49734,-1.94097],[104.49805,-1.94124]],[[104.49672,-1.94274],[104.49738,-1.9426],[104.49762,-1.94287],[104.497,-1.94333]],[[104.61177,-1.98623],[104.6142,-1.98714],[104.61579,-1.98633],[104.61635,-1.98539],[104.61698,-1.98226],[104.61687,-1.97819],[104.6165,-1.97629],[104.61681,-1.97385],[104.6142,-1.96955],[104.61339,-1.9693],[104.6109,-1.96733],[104.61123,-1.96703],[104.60988,-1.96593],[104.60936,-1.96407],[104.60908,-1.96394],[104.60719,-1.96505]],[[104.65373,-1.96429],[104.64954,-1.96589],[104.64792,-1.96685],[104.64684,-1.96707],[104.64495,-1.96873],[104.64279,-1.96909],[104.63956,-1.97073],[104.63794,-1.97267],[104.6374,-1.97275],[104.63686,-1.97333],[104.63632,-1.97305],[104.63578,-1.97342],[104.6319,-1.97738]],[[104.62799,-1.98443],[104.62765,-1.98579],[104.62461,-1.99203],[104.62024,-1.99692],[104.61894,-1.99773],[104.61797,-1.99991],[104.61536,-2.0018],[104.61446,-2.00293],[104.61336,-2.00343],[104.61273,-2.00479],[104.61122,-2.00569],[104.60691,-2.0078],[104.60286,-2.00815],[104.60245,-2.00885],[104.60311,-2.01021],[104.60286,-2.01033],[104.60151,-2.00925],[104.59989,-2.00886],[104.59908,-2.0083],[104.59585,-2.00824],[104.59531,-2.00847],[104.58937,-2.00776],[104.5891,-2.00798],[104.58317,-2.00571],[104.58209,-2.00605],[104.58144,-2.00831]],[[104.61081,-1.99311],[104.61268,-1.98959],[104.6121,-1.9885],[104.61093,-1.98769]],[[104.6088,-1.99679],[104.61009,-1.99474]],[[104.57562,-1.9999],[104.57643,-2.00023],[104.57596,-1.99962],[104.57724,-1.99966],[104.58937,-2.00202],[104.60124,-2.00172]],[[104.60386,-2.00098],[104.60653,-1.99936]],[[104.57865,-2.00695],[104.57902,-2.00586],[104.57745,-2.00532],[104.57749,-2.00423],[104.57724,-2.004],[104.57688,-2.0045]]]}},{"id":"66","type":"Feature","properties":{"year":2007,"certainty":"good"},"geometry":{"type":"MultiLineString","coordinates":[[[104.52147,-1.71486],[104.52444,-1.7136],[104.52633,-1.71164],[104.52691,-1.71029],[104.52552,-1.7093],[104.52379,-1.70703],[104.51594,-1.69536],[104.5115,-1.6898],[104.50776,-1.68585],[104.50638,-1.68505],[104.50179,-1.68092],[104.50098,-1.67955],[104.49667,-1.67567],[104.4941,-1.67174],[104.49316,-1.6709],[104.49234,-1.66794],[104.48988,-1.66359],[104.4873,-1.65762],[104.4813,-1.64725],[104.47822,-1.64106],[104.4758,-1.63726],[104.4738,-1.63265],[104.47271,-1.62885],[104.47196,-1.62776],[104.4712,-1.62532],[104.47037,-1.62234],[104.47016,-1.62016],[104.46897,-1.61935],[104.46716,-1.61501],[104.466,-1.61121],[104.46603,-1.61039],[104.46518,-1.60876],[104.46454,-1.60551],[104.46352,-1.60335],[104.46311,-1.60306],[104.46043,-1.59574],[104.45941,-1.59004],[104.45885,-1.58949],[104.45947,-1.58899],[104.45924,-1.58868],[104.45975,-1.58841],[104.4592,-1.58772],[104.45928,-1.58705],[104.45867,-1.58629],[104.4585,-1.58542],[104.4584,-1.58427],[104.45927,-1.58569],[104.45843,-1.58108],[104.45813,-1.58102],[104.45817,-1.58162],[104.45786,-1.58204],[104.45759,-1.58197],[104.45717,-1.57918],[104.45633,-1.57782],[104.45651,-1.57712],[104.45678,-1.5772],[104.45706,-1.57674],[104.45706,-1.57619],[104.45673,-1.57619],[104.45651,-1.5755],[104.45597,-1.5754],[104.45559,-1.57429],[104.4557,-1.57408],[104.45629,-1.57429],[104.45586,-1.57456],[104.45651,-1.57522],[104.45678,-1.57444],[104.4555,-1.57185],[104.45488,-1.57185],[104.45391,-1.56832],[104.45345,-1.56506],[104.45305,-1.56479],[104.4534,-1.56398],[104.45274,-1.56419],[104.45255,-1.56398],[104.45263,-1.56289],[104.45328,-1.56285],[104.45351,-1.56235],[104.45314,-1.55991],[104.45341,-1.55882],[104.45311,-1.55665],[104.45333,-1.55611],[104.45259,-1.55448],[104.45274,-1.55349],[104.4518,-1.55041],[104.45194,-1.54987],[104.4517,-1.54905],[104.45139,-1.54924],[104.45101,-1.54851],[104.45005,-1.54326],[104.44946,-1.54227],[104.44798,-1.53765],[104.44316,-1.52788],[104.44247,-1.52381],[104.44262,-1.52245],[104.44196,-1.52155],[104.44181,-1.52028],[104.44022,-1.51675],[104.43946,-1.51404],[104.43885,-1.50997],[104.43883,-1.50725],[104.43933,-1.50589],[104.43933,-1.50237],[104.43981,-1.49938],[104.43963,-1.49748],[104.44052,-1.4869],[104.44034,-1.48445],[104.44062,-1.48388],[104.44089,-1.48391],[104.4412,-1.48147],[104.44148,-1.4812],[104.44231,-1.47523],[104.44233,-1.4736],[104.44173,-1.47333],[104.4418,-1.47224],[104.44298,-1.46871],[104.44313,-1.466],[104.44387,-1.46356],[104.44467,-1.46195],[104.44536,-1.46139],[104.44604,-1.45786],[104.44703,-1.45542],[104.44686,-1.45514],[104.44738,-1.45487],[104.44699,-1.4546],[104.44703,-1.45406],[104.44737,-1.45365],[104.44764,-1.45395],[104.44783,-1.45379],[104.44729,-1.45216],[104.44791,-1.45136],[104.44818,-1.45146],[104.44818,-1.45101],[104.44863,-1.4508],[104.44879,-1.45026],[104.4483,-1.44972],[104.44842,-1.447],[104.44965,-1.44212],[104.45007,-1.44157],[104.45021,-1.44022],[104.45151,-1.43696],[104.45304,-1.43501],[104.45331,-1.43405],[104.45358,-1.43379],[104.45385,-1.43535],[104.4557,-1.43316],[104.45737,-1.42611],[104.45746,-1.41769],[104.45686,-1.41064],[104.4563,-1.40846],[104.45609,-1.40358],[104.45537,-1.39978],[104.4517,-1.38974],[104.45123,-1.38648],[104.452,-1.38051],[104.45312,-1.37779],[104.4533,-1.37562],[104.45388,-1.37454],[104.45368,-1.37291],[104.45393,-1.37101],[104.45468,-1.36965],[104.45471,-1.36667],[104.45603,-1.36124],[104.45612,-1.35669]],[[104.50473,-1.80325],[104.50891,-1.80633]],[[104.53018,-1.79917],[104.53049,-1.79892]],[[104.53051,-1.7989],[104.53103,-1.79822]],[[104.53661,-1.7894],[104.53774,-1.78737],[104.53983,-1.78465],[104.54088,-1.78426],[104.54115,-1.78383],[104.54168,-1.78416],[104.54195,-1.78376],[104.54222,-1.7842],[104.5433,-1.78448],[104.54465,-1.78386],[104.54374,-1.78276],[104.5436,-1.77963]],[[104.54366,-1.77393],[104.54385,-1.77271],[104.54358,-1.77284],[104.54346,-1.77054],[104.54304,-1.77002],[104.54284,-1.76919],[104.54305,-1.76891],[104.54249,-1.76783],[104.54167,-1.76294],[104.54143,-1.75616],[104.54048,-1.75426],[104.54042,-1.75399],[104.54061,-1.7538],[104.54088,-1.75407],[104.54088,-1.75376],[104.5394,-1.75046],[104.53735,-1.74421],[104.53687,-1.7396],[104.53641,-1.73879],[104.53603,-1.73685],[104.53159,-1.72684],[104.52847,-1.7225],[104.52714,-1.71965],[104.52444,-1.71654],[104.52201,-1.71555]],[[104.50377,-1.80904],[104.50413,-1.80582],[104.50311,-1.80454]]]}},{"id":"67","type":"Feature","properties":{"year":2008,"certainty":"good"},"geometry":{"type":"MultiLineString","coordinates":[[[104.52147,-1.71485],[104.52363,-1.71414],[104.52447,-1.71354],[104.52634,-1.71137],[104.52614,-1.71001],[104.52552,-1.70957],[104.52011,-1.70133],[104.51299,-1.69183],[104.50746,-1.6857],[104.50638,-1.68514],[104.50422,-1.68301],[104.50098,-1.68058],[104.49559,-1.67442],[104.49399,-1.67174],[104.49292,-1.67092],[104.49234,-1.66875],[104.49178,-1.66821],[104.49196,-1.66767],[104.4898,-1.66387],[104.48735,-1.65789],[104.47587,-1.63726],[104.47392,-1.63292],[104.47106,-1.62512],[104.46801,-1.61854],[104.46834,-1.61826],[104.46731,-1.61636],[104.46567,-1.61046],[104.46452,-1.60768],[104.46461,-1.60714],[104.46415,-1.60659],[104.46208,-1.60116],[104.46142,-1.59872],[104.46027,-1.59655],[104.45881,-1.59193],[104.45833,-1.58976],[104.45872,-1.58841],[104.45824,-1.58732],[104.45822,-1.58406],[104.45755,-1.58162],[104.45679,-1.58026],[104.45678,-1.57945],[104.45635,-1.57891],[104.45657,-1.57836],[104.45624,-1.57718],[104.45533,-1.57538],[104.45435,-1.56999],[104.45408,-1.56967],[104.45381,-1.57029],[104.45351,-1.56968],[104.45342,-1.56859],[104.45355,-1.5684],[104.45382,-1.56892],[104.45361,-1.56832],[104.45383,-1.56805],[104.45252,-1.56534],[104.45208,-1.56506],[104.45293,-1.56235],[104.45273,-1.56208],[104.45328,-1.56185],[104.45284,-1.56072],[104.45298,-1.55747],[104.44987,-1.54308],[104.44769,-1.53711],[104.4431,-1.52788],[104.44239,-1.52381],[104.44252,-1.52245],[104.44186,-1.52137],[104.44179,-1.52028],[104.44059,-1.51784],[104.43948,-1.51404],[104.43872,-1.50942],[104.43945,-1.50345],[104.43899,-1.50318],[104.43933,-1.50291],[104.43967,-1.49992],[104.4396,-1.49884],[104.43923,-1.4983],[104.43987,-1.4964],[104.44001,-1.49477],[104.43969,-1.49395],[104.44013,-1.49287],[104.43929,-1.49178],[104.43936,-1.4888],[104.44016,-1.48771],[104.43975,-1.4869],[104.4403,-1.48663],[104.44055,-1.48527],[104.44035,-1.48438],[104.44089,-1.48391],[104.4412,-1.48147],[104.44147,-1.4812],[104.44145,-1.47957],[104.4421,-1.47685],[104.44204,-1.47604],[104.44143,-1.47614],[104.44132,-1.47577],[104.44285,-1.46898],[104.44384,-1.46654],[104.4437,-1.46518],[104.44424,-1.46437],[104.44404,-1.46356],[104.4444,-1.46384],[104.44474,-1.46301],[104.4445,-1.46247],[104.44494,-1.46168],[104.44533,-1.46166],[104.44548,-1.46101],[104.44557,-1.46139],[104.4459,-1.46139],[104.44563,-1.46057],[104.44581,-1.45921],[104.44629,-1.45867],[104.44683,-1.45864],[104.44701,-1.45813],[104.4477,-1.45433],[104.44748,-1.45406],[104.44828,-1.45107],[104.44879,-1.45026],[104.44839,-1.44972],[104.44862,-1.44863],[104.44953,-1.44784],[104.44959,-1.44537],[104.4505,-1.44239],[104.451,-1.43913],[104.45115,-1.43867],[104.45142,-1.43961],[104.45196,-1.4378],[104.45274,-1.43669],[104.45249,-1.43615],[104.45266,-1.43533],[104.45358,-1.43487],[104.45393,-1.4356],[104.45466,-1.43563],[104.45628,-1.43288],[104.45756,-1.42448],[104.45738,-1.41661],[104.4567,-1.40928],[104.4563,-1.40846],[104.45603,-1.40358],[104.4553,-1.40005],[104.45164,-1.38974],[104.45122,-1.38648],[104.45153,-1.38322],[104.45191,-1.38159],[104.45251,-1.38123],[104.45259,-1.38051],[104.45227,-1.38024],[104.45278,-1.38006],[104.45307,-1.37861],[104.4529,-1.37807],[104.45324,-1.37779],[104.45301,-1.37725],[104.45378,-1.37671],[104.45396,-1.37617],[104.45365,-1.37562],[104.45421,-1.37535],[104.45413,-1.37366],[104.45368,-1.37291],[104.4544,-1.37128],[104.45431,-1.37047],[104.45492,-1.36857],[104.4547,-1.36775],[104.45502,-1.36694],[104.45507,-1.36504],[104.45609,-1.36043],[104.45586,-1.35825],[104.45608,-1.35669]],[[104.45376,-1.43669],[104.45394,-1.43642],[104.45358,-1.436],[104.45284,-1.43615],[104.45331,-1.43682],[104.45376,-1.43669]],[[104.45899,-1.58488],[104.45867,-1.58325],[104.4584,-1.5831],[104.45854,-1.58434],[104.45899,-1.58488]],[[104.50473,-1.80329],[104.50835,-1.80609],[104.51039,-1.8069],[104.51228,-1.80648],[104.51498,-1.80528],[104.51579,-1.80478],[104.51713,-1.80319],[104.51956,-1.80342],[104.52118,-1.80243],[104.52199,-1.80145],[104.52388,-1.80107],[104.5255,-1.79945],[104.52954,-1.79997],[104.53207,-1.79714],[104.53496,-1.7928],[104.53712,-1.78818],[104.5393,-1.7852],[104.53984,-1.78465],[104.54115,-1.78407],[104.54168,-1.78416],[104.54195,-1.78378],[104.54222,-1.7842],[104.54303,-1.78445],[104.54419,-1.78384],[104.54333,-1.78248],[104.54347,-1.77787],[104.54306,-1.77651],[104.54365,-1.77461],[104.54351,-1.77217],[104.54139,-1.76131],[104.54129,-1.75643],[104.54004,-1.75344],[104.54034,-1.75339],[104.54036,-1.7529],[104.5376,-1.74503],[104.53638,-1.73797],[104.53588,-1.7377],[104.53605,-1.73689],[104.53499,-1.73444],[104.53444,-1.7339],[104.53172,-1.72738],[104.53051,-1.72521],[104.52825,-1.72223],[104.52694,-1.71951],[104.52444,-1.71659],[104.52201,-1.71556]],[[104.50377,-1.80904],[104.50413,-1.80582],[104.50311,-1.80454]]]}},{"id":"68","type":"Feature","properties":{"year":2008,"certainty":"insufficient data"},"geometry":{"type":"MultiLineString","coordinates":[[[104.50108,-1.81409],[104.50128,-1.81382]],[[104.50135,-1.81373],[104.50159,-1.81328]],[[104.50243,-1.81213],[104.50258,-1.81192]],[[104.5027,-1.81171],[104.5029,-1.81138]],[[104.50297,-1.81127],[104.50305,-1.81111]],[[104.60638,-1.96321],[104.60773,-1.96247],[104.60935,-1.95973],[104.6107,-1.95842],[104.61225,-1.95756],[104.61258,-1.95671],[104.61285,-1.95723],[104.6133,-1.95729],[104.6194,-1.95308]],[[104.61979,-1.95254],[104.62136,-1.95023],[104.62203,-1.94686],[104.62285,-1.94508],[104.62271,-1.94453],[104.62387,-1.94236],[104.62608,-1.93982],[104.62627,-1.93884],[104.62769,-1.93879],[104.62945,-1.93722]],[[104.60572,-1.8842],[104.59912,-1.87842],[104.59534,-1.87393],[104.59215,-1.8707],[104.58919,-1.86826],[104.58428,-1.86553],[104.58374,-1.86557],[104.58253,-1.86419],[104.57997,-1.86341],[104.57646,-1.86115],[104.57538,-1.86115],[104.5743,-1.86072],[104.5681,-1.85712],[104.56225,-1.8555],[104.56109,-1.85478],[104.56028,-1.85499],[104.56045,-1.85468],[104.55974,-1.85465],[104.5597,-1.85441],[104.56038,-1.8536],[104.56001,-1.85299],[104.55974,-1.85299],[104.55994,-1.85333],[104.5592,-1.85425],[104.55883,-1.8536],[104.55731,-1.85304],[104.55688,-1.85224],[104.55623,-1.85187],[104.55285,-1.8517],[104.55165,-1.8524],[104.55119,-1.85224],[104.54787,-1.85466],[104.5479,-1.85495],[104.54409,-1.85672],[104.54167,-1.85875]],[[104.56352,-1.85255],[104.56298,-1.8521],[104.56314,-1.85333],[104.56406,-1.85421],[104.56442,-1.85387]],[[104.5414,-1.85901],[104.54,-1.86092],[104.53975,-1.86201],[104.53978,-1.86281],[104.54015,-1.86309],[104.54005,-1.86497],[104.54098,-1.86581],[104.54058,-1.86635],[104.54139,-1.86662],[104.54066,-1.86743],[104.54047,-1.87015],[104.53938,-1.87368],[104.53785,-1.87639],[104.53745,-1.87802],[104.53627,-1.87962],[104.53597,-1.88155],[104.5341,-1.88345],[104.53384,-1.88444],[104.53303,-1.88448],[104.53276,-1.88477],[104.53332,-1.88535],[104.53353,-1.88643],[104.53312,-1.88914],[104.53183,-1.89213],[104.52961,-1.89539],[104.52958,-1.89606]],[[104.529,-1.89824],[104.52676,-1.90353],[104.52632,-1.90733],[104.52299,-1.91357],[104.52297,-1.91438],[104.52358,-1.91445],[104.52466,-1.91394],[104.52709,-1.91147]],[[104.49849,-1.92246],[104.49822,-1.92178],[104.49774,-1.92225],[104.49768,-1.92303],[104.49685,-1.92333],[104.4975,-1.9236],[104.49741,-1.92465],[104.49606,-1.92385],[104.49577,-1.92469],[104.49617,-1.92523],[104.49552,-1.92588],[104.49444,-1.92596],[104.49444,-1.92518],[104.49417,-1.92523],[104.49335,-1.92333],[104.49235,-1.92224],[104.49198,-1.92089],[104.49107,-1.91961]],[[104.48823,-1.91641],[104.48801,-1.91573],[104.48689,-1.91449],[104.48546,-1.91356],[104.48285,-1.91242],[104.48056,-1.91227]],[[104.48012,-1.91233],[104.48002,-1.9124]],[[104.47967,-1.91261],[104.47948,-1.91262]],[[104.47921,-1.91261],[104.47745,-1.91267],[104.4761,-1.91364],[104.4753,-1.91353],[104.47476,-1.91289],[104.47395,-1.91285],[104.47206,-1.91335],[104.47125,-1.91421],[104.47071,-1.91369],[104.46986,-1.91437],[104.47098,-1.91432],[104.47103,-1.91464],[104.4699,-1.91492],[104.46959,-1.91572],[104.47009,-1.916],[104.46955,-1.91627],[104.47002,-1.91654],[104.46965,-1.91681],[104.46963,-1.91729],[104.46774,-1.91656],[104.46747,-1.91612],[104.4672,-1.91642],[104.46698,-1.91599],[104.46737,-1.91572],[104.46696,-1.91545],[104.46693,-1.91484],[104.46639,-1.91479],[104.46711,-1.91572],[104.46682,-1.91627],[104.46711,-1.91762],[104.46657,-1.91789],[104.46693,-1.91799],[104.4672,-1.91766],[104.46747,-1.91799],[104.46828,-1.918],[104.46855,-1.91886],[104.46882,-1.91797],[104.4693,-1.91817],[104.46907,-1.91844],[104.46931,-1.91871],[104.46888,-1.91898],[104.46947,-1.91925],[104.46882,-1.91928],[104.46838,-1.92007],[104.46855,-1.92026],[104.46855,-1.91979],[104.46936,-1.91956],[104.46936,-1.92034],[104.46882,-1.92148],[104.46801,-1.92193],[104.46748,-1.92142],[104.46747,-1.92099],[104.46693,-1.9214],[104.46585,-1.92056],[104.46525,-1.92061],[104.46531,-1.92104],[104.46482,-1.92142],[104.46477,-1.92242],[104.46421,-1.92115],[104.46367,-1.91816],[104.46371,-1.91654],[104.46517,-1.90975],[104.46434,-1.90894],[104.46451,-1.90851],[104.46532,-1.90837],[104.46586,-1.90779],[104.46613,-1.90818],[104.46667,-1.90788],[104.46774,-1.90822],[104.46804,-1.90785],[104.46774,-1.90807],[104.46747,-1.90786],[104.4673,-1.90704],[104.46774,-1.907],[104.46788,-1.90622],[104.46882,-1.90616],[104.46936,-1.90667],[104.47016,-1.90677],[104.46936,-1.90712],[104.46909,-1.90696],[104.46936,-1.90746],[104.4699,-1.9071],[104.47055,-1.90731],[104.47071,-1.906],[104.46998,-1.90568],[104.47341,-1.90397],[104.47622,-1.90093]],[[104.46958,-1.90812],[104.46909,-1.90785],[104.46873,-1.90812],[104.46936,-1.90832],[104.46958,-1.90812]],[[104.47336,-1.9122],[104.47385,-1.91165],[104.47341,-1.91143],[104.47275,-1.91193],[104.47287,-1.91234],[104.47336,-1.9122]],[[104.52731,-1.91167],[104.52358,-1.91566],[104.521,-1.92062],[104.52072,-1.9247],[104.52115,-1.92532],[104.52169,-1.92508],[104.52223,-1.9255]],[[104.46759,-1.91382],[104.46766,-1.91274],[104.46747,-1.91245],[104.4672,-1.91257],[104.46735,-1.91301],[104.46703,-1.91328],[104.46689,-1.91382],[104.4672,-1.91339],[104.46759,-1.91382]],[[104.46831,-1.91355],[104.4683,-1.91328],[104.46857,-1.91301],[104.46828,-1.91307],[104.4681,-1.91355],[104.46831,-1.91355]],[[104.46828,-1.91784],[104.46731,-1.91762],[104.46747,-1.91693],[104.46774,-1.91752],[104.46819,-1.91735],[104.46779,-1.91708],[104.46801,-1.91695],[104.46852,-1.91708],[104.46828,-1.91784]],[[104.46732,-1.91952],[104.46722,-1.91925],[104.46747,-1.91888],[104.46693,-1.91952],[104.46732,-1.91952]],[[104.46721,-1.92034],[104.46666,-1.91997],[104.46649,-1.92007],[104.46693,-1.9206],[104.46721,-1.92034]],[[104.49703,-1.92279],[104.49754,-1.92197],[104.49714,-1.92155],[104.49678,-1.92252],[104.49703,-1.92279]],[[104.52169,-1.92646],[104.52137,-1.92632],[104.52142,-1.92584],[104.5198,-1.92489],[104.51926,-1.92566],[104.51899,-1.92542],[104.51872,-1.92601],[104.51595,-1.92524],[104.5136,-1.92507]],[[104.61177,-1.98624],[104.6142,-1.98711],[104.61555,-1.98645],[104.61639,-1.98497],[104.61691,-1.98226],[104.61647,-1.97629],[104.61682,-1.97385],[104.61398,-1.9695],[104.61339,-1.96936],[104.61076,-1.96733],[104.60962,-1.96569],[104.60935,-1.96413],[104.60908,-1.96399],[104.60719,-1.96508]],[[104.64158,-1.96964],[104.63927,-1.97086],[104.63794,-1.97267],[104.6374,-1.97275],[104.63686,-1.97333],[104.63632,-1.97305],[104.63578,-1.97342],[104.6319,-1.97738]],[[104.62978,-1.98009],[104.62986,-1.98145],[104.63119,-1.9832]],[[104.63065,-1.98429],[104.62903,-1.98331],[104.62849,-1.98329],[104.62772,-1.9847],[104.62763,-1.98579],[104.62461,-1.99203],[104.62024,-1.99692],[104.61894,-1.99773],[104.61797,-1.99994],[104.61536,-2.0018],[104.61449,-2.00289],[104.61324,-2.00343],[104.61257,-2.00494],[104.61122,-2.00569],[104.60691,-2.0078],[104.60286,-2.00811],[104.60243,-2.00885],[104.60311,-2.01021],[104.60286,-2.01033],[104.60124,-2.00905],[104.59989,-2.00884],[104.59908,-2.00823],[104.59585,-2.00815],[104.59531,-2.00844],[104.58883,-2.00761]],[[104.61015,-1.99462],[104.61123,-1.99183],[104.61255,-1.98959],[104.61212,-1.9885],[104.61092,-1.98769]],[[104.6088,-1.99679],[104.61009,-1.99474]],[[104.60386,-2.00098],[104.60653,-1.99936]],[[104.59099,-2.00223],[104.60178,-2.00171]]]}},{"id":"69","type":"Feature","properties":{"year":2008,"certainty":"unstable data"},"geometry":{"type":"LineString","coordinates":[[104.52958,-1.89606],[104.529,-1.89824]]}},{"id":"70","type":"Feature","properties":{"year":2008,"certainty":"good"},"geometry":{"type":"MultiLineString","coordinates":[[[104.48346,-1.83214],[104.4853,-1.83327],[104.48645,-1.83214],[104.4867,-1.83132],[104.48827,-1.83061],[104.4886,-1.82942],[104.4907,-1.8259],[104.4913,-1.82427],[104.49573,-1.81965],[104.49591,-1.81884],[104.49635,-1.81857],[104.49603,-1.81748],[104.49744,-1.81709],[104.50108,-1.81409]],[[104.50128,-1.81382],[104.50135,-1.81373]],[[104.50159,-1.81328],[104.50243,-1.81213]],[[104.50258,-1.81192],[104.5027,-1.81171]],[[104.5029,-1.81138],[104.50297,-1.81127]],[[104.50305,-1.81111],[104.50376,-1.80907]],[[104.47262,-1.85051],[104.47423,-1.8514],[104.47774,-1.85204],[104.47998,-1.85086],[104.48061,-1.85005],[104.48194,-1.84706],[104.48264,-1.83919],[104.48287,-1.83866],[104.48399,-1.83892],[104.48436,-1.83756],[104.48447,-1.83594],[104.48417,-1.83539],[104.48448,-1.83431],[104.48301,-1.83268]],[[104.46722,-1.86339],[104.46857,-1.86257],[104.47235,-1.85846],[104.47209,-1.8571],[104.47265,-1.85602],[104.47202,-1.85574],[104.47205,-1.85547],[104.47317,-1.85493],[104.47329,-1.85276],[104.47181,-1.85142]],[[104.6194,-1.95308],[104.61979,-1.95254]],[[104.62945,-1.93722],[104.63228,-1.93546],[104.63309,-1.93553],[104.63525,-1.93461],[104.63795,-1.93514],[104.63956,-1.93673],[104.64091,-1.93678],[104.64175,-1.93612],[104.64237,-1.93477],[104.64217,-1.93314],[104.64256,-1.92907],[104.64371,-1.92608],[104.64392,-1.92473],[104.64342,-1.92174],[104.63937,-1.91658],[104.63035,-1.90817],[104.62662,-1.90381],[104.62015,-1.89785],[104.61557,-1.89296],[104.60572,-1.8842]],[[104.4726,-1.8704],[104.47384,-1.86877],[104.47423,-1.86738],[104.47199,-1.86579],[104.47153,-1.86495],[104.46803,-1.86536]],[[104.47422,-1.88745],[104.47638,-1.88656],[104.47707,-1.88587],[104.47886,-1.88099],[104.47904,-1.878],[104.47825,-1.87312],[104.47666,-1.8707],[104.47612,-1.87023],[104.47531,-1.87009],[104.47396,-1.87044],[104.47334,-1.87094]],[[104.49107,-1.91961],[104.48823,-1.91641]],[[104.48056,-1.91227],[104.48012,-1.91233]],[[104.48002,-1.9124],[104.47967,-1.91261]],[[104.47948,-1.91262],[104.47921,-1.91261]],[[104.47622,-1.90093],[104.47743,-1.89836],[104.47809,-1.89456],[104.47877,-1.8932],[104.47866,-1.89157],[104.47827,-1.89042],[104.47746,-1.88939],[104.4753,-1.88804],[104.47449,-1.8881]],[[104.65373,-1.96437],[104.64684,-1.96707],[104.64495,-1.96873],[104.64279,-1.96906],[104.64158,-1.96964]]]}},{"id":"71","type":"Feature","properties":{"year":2009,"certainty":"good"},"geometry":{"type":"MultiLineString","coordinates":[[[104.52147,-1.71485],[104.52363,-1.71415],[104.52552,-1.7128],[104.52591,-1.71219],[104.52606,-1.71008],[104.52517,-1.7092],[104.5197,-1.70078],[104.51339,-1.69237],[104.50773,-1.68597],[104.50638,-1.68519],[104.50422,-1.68309],[104.50131,-1.68097],[104.49977,-1.67931]],[[104.49554,-1.67432],[104.49397,-1.67185],[104.49297,-1.67119],[104.49228,-1.66875],[104.49178,-1.66821],[104.49188,-1.66767],[104.48966,-1.66395],[104.48616,-1.65574],[104.48176,-1.64839],[104.47585,-1.63726],[104.47241,-1.62858],[104.47064,-1.62505],[104.46946,-1.62152],[104.46696,-1.61664],[104.46628,-1.61392],[104.4654,-1.61233],[104.46514,-1.61094],[104.46291,-1.60496],[104.46138,-1.59926],[104.46001,-1.5966],[104.45913,-1.59356],[104.4581,-1.58976],[104.45872,-1.58868],[104.4584,-1.58746],[104.45813,-1.5876],[104.458,-1.58732],[104.45848,-1.58624],[104.45825,-1.58461],[104.45759,-1.58209],[104.45705,-1.58267],[104.45618,-1.58135],[104.45522,-1.57728],[104.4558,-1.57674],[104.45532,-1.57646],[104.45557,-1.57619],[104.45498,-1.57429],[104.45389,-1.57239],[104.45327,-1.57049],[104.45288,-1.56669],[104.4522,-1.56567],[104.45104,-1.56561],[104.45098,-1.56534],[104.45196,-1.56479],[104.45283,-1.56262],[104.45231,-1.55774],[104.45248,-1.55692],[104.44986,-1.54335],[104.44833,-1.53955],[104.44807,-1.53819],[104.44495,-1.53141],[104.44511,-1.53087],[104.44453,-1.52978],[104.44382,-1.52978],[104.44303,-1.52788],[104.44316,-1.52734],[104.44265,-1.52598],[104.44221,-1.52299],[104.44249,-1.52245],[104.44169,-1.52117],[104.44055,-1.51702],[104.44115,-1.51635],[104.44169,-1.51737],[104.442,-1.51648],[104.44115,-1.51575],[104.44034,-1.51558],[104.43978,-1.51485],[104.43979,-1.51377],[104.4395,-1.51349],[104.43844,-1.50779],[104.43819,-1.50448],[104.43927,-1.50397],[104.43936,-1.50345],[104.43927,-1.50231],[104.43866,-1.50264],[104.43894,-1.49992],[104.4387,-1.49938],[104.43923,-1.49667],[104.43886,-1.49612],[104.43927,-1.4888],[104.43993,-1.48581],[104.44063,-1.48581],[104.4412,-1.48147],[104.44147,-1.4812],[104.44174,-1.47767],[104.4421,-1.47685],[104.44204,-1.47604],[104.44134,-1.47604],[104.44269,-1.47007],[104.44511,-1.46193],[104.44575,-1.4615],[104.44602,-1.46196],[104.44629,-1.46187],[104.44651,-1.46139],[104.44612,-1.46084],[104.44629,-1.46044],[104.44687,-1.46084],[104.44683,-1.46027],[104.44656,-1.46047],[104.44602,-1.46024],[104.44576,-1.45976],[104.44588,-1.45921],[104.44629,-1.45871],[104.44683,-1.45867],[104.4471,-1.45808],[104.44808,-1.45189],[104.44949,-1.44863],[104.44962,-1.44727],[104.45061,-1.44483],[104.45045,-1.44429],[104.45088,-1.44415],[104.45142,-1.44294],[104.45142,-1.44259],[104.45085,-1.44239],[104.45155,-1.44212],[104.45173,-1.4413],[104.45115,-1.44113],[104.45108,-1.44076],[104.45136,-1.43995],[104.45196,-1.44014],[104.4521,-1.4394],[104.45169,-1.43943],[104.45169,-1.43902],[104.4525,-1.43844],[104.45277,-1.4386],[104.45269,-1.43805],[104.45319,-1.43723],[104.45385,-1.43726],[104.45492,-1.43642],[104.45358,-1.4359],[104.45358,-1.43516],[104.45364,-1.4356],[104.45493,-1.43598],[104.45547,-1.43511],[104.45581,-1.43533],[104.45566,-1.43479],[104.4563,-1.43452],[104.45606,-1.43371],[104.45655,-1.43332],[104.45686,-1.42963],[104.45742,-1.42719],[104.45771,-1.42231],[104.45677,-1.41199],[104.45684,-1.40928],[104.4562,-1.40819],[104.45667,-1.40792],[104.45662,-1.40738],[104.45512,-1.39978],[104.45215,-1.39218],[104.45208,-1.39055],[104.45161,-1.38974],[104.4517,-1.38878],[104.45224,-1.38892],[104.45226,-1.38865],[104.4517,-1.38757],[104.45253,-1.38702],[104.45187,-1.38567],[104.45197,-1.3853],[104.45224,-1.3856],[104.4523,-1.38539],[104.45198,-1.38404],[104.45236,-1.38377],[104.45199,-1.38268],[104.45231,-1.38214],[104.45209,-1.38187],[104.45278,-1.3813],[104.45357,-1.38159],[104.45327,-1.38187],[104.45358,-1.38187],[104.45376,-1.37779],[104.4544,-1.37741],[104.45473,-1.37644],[104.45475,-1.37318],[104.4544,-1.37296],[104.45413,-1.37337],[104.45386,-1.37291],[104.45467,-1.37282],[104.45528,-1.37237],[104.45514,-1.37128],[104.45548,-1.3708],[104.45575,-1.37089],[104.45489,-1.36911],[104.45551,-1.36802],[104.45497,-1.3664],[104.45559,-1.36423],[104.45548,-1.36367],[104.45575,-1.36273],[104.45606,-1.3626],[104.45633,-1.35669]],[[104.44866,-1.4546],[104.44865,-1.45433],[104.44813,-1.45406],[104.44811,-1.45433],[104.44866,-1.4546]],[[104.44937,-1.45433],[104.44955,-1.45406],[104.44926,-1.45427],[104.44879,-1.45406],[104.44899,-1.45452],[104.44937,-1.45433]],[[104.50473,-1.80335],[104.5085,-1.80621],[104.51039,-1.80696],[104.51174,-1.80674],[104.51552,-1.80511],[104.51713,-1.80319],[104.51956,-1.80333],[104.52118,-1.80248],[104.52226,-1.80137],[104.52388,-1.80109],[104.52523,-1.79956],[104.52954,-1.79997],[104.53223,-1.79687],[104.53629,-1.79035],[104.53712,-1.78818],[104.53845,-1.78626],[104.54051,-1.78438],[104.54222,-1.78469],[104.54389,-1.78411],[104.5439,-1.78357],[104.54327,-1.78276],[104.5434,-1.77841],[104.54394,-1.77814],[104.54384,-1.77746],[104.5433,-1.77749],[104.54302,-1.77651],[104.54362,-1.77488],[104.54337,-1.77109],[104.54138,-1.76104],[104.54127,-1.75643],[104.54004,-1.75344],[104.54013,-1.75236],[104.53764,-1.74503],[104.53748,-1.7434],[104.53675,-1.7415],[104.53679,-1.73987],[104.53633,-1.73879],[104.53638,-1.73797],[104.53596,-1.73716],[104.53631,-1.73689],[104.53443,-1.7339],[104.53168,-1.72739],[104.52824,-1.72223],[104.52693,-1.71951],[104.52444,-1.71663],[104.52201,-1.71557]],[[104.50385,-1.80904],[104.50411,-1.80581],[104.50311,-1.80453]]]}},{"id":"72","type":"Feature","properties":{"year":2009,"certainty":"good"},"geometry":{"type":"MultiLineString","coordinates":[[[104.48341,-1.83218],[104.4853,-1.83327],[104.48671,-1.83187],[104.48692,-1.83127],[104.48822,-1.83078],[104.48924,-1.82807],[104.4907,-1.8259],[104.4915,-1.824],[104.49528,-1.82047],[104.49639,-1.81857],[104.4964,-1.81775],[104.50068,-1.81474],[104.50297,-1.81151],[104.50383,-1.80907]],[[104.47262,-1.85057],[104.4745,-1.85158],[104.4772,-1.85222],[104.47963,-1.85137],[104.4807,-1.85005],[104.482,-1.84706],[104.48252,-1.83973],[104.48287,-1.83906],[104.48368,-1.83921],[104.48422,-1.83895],[104.48446,-1.83756],[104.48431,-1.83539],[104.48454,-1.83431],[104.48305,-1.83268]],[[104.46749,-1.86408],[104.46792,-1.86307],[104.47021,-1.86117],[104.47219,-1.859],[104.47217,-1.8571],[104.47266,-1.85602],[104.47196,-1.85574],[104.47319,-1.8552],[104.47321,-1.85249],[104.47388,-1.85222],[104.47289,-1.85213],[104.47192,-1.8514]],[[104.47491,-1.85276],[104.47458,-1.85249],[104.47411,-1.85249],[104.4745,-1.85276],[104.47491,-1.85276]],[[104.47279,-1.8704],[104.47435,-1.86796],[104.47417,-1.86714],[104.47288,-1.86633],[104.47153,-1.86475],[104.46992,-1.8649],[104.4694,-1.8647],[104.46965,-1.86454],[104.46965,-1.86429],[104.46937,-1.8647],[104.46924,-1.86497],[104.46884,-1.86507],[104.46835,-1.86497],[104.46776,-1.86427],[104.46749,-1.8644]],[[104.64224,-1.93463],[104.64243,-1.92961],[104.64365,-1.92608],[104.64391,-1.92445],[104.64379,-1.9231],[104.64295,-1.92093],[104.63851,-1.91577],[104.63316,-1.91115],[104.63021,-1.90817],[104.62685,-1.9041],[104.62002,-1.89778]],[[104.47856,-1.88167],[104.47907,-1.87773],[104.47879,-1.87474],[104.478,-1.87255],[104.47695,-1.87094],[104.47585,-1.87009],[104.4745,-1.87009],[104.47315,-1.87088]],[[104.49107,-1.91959],[104.48979,-1.91777]],[[104.65373,-1.96424],[104.65251,-1.96495],[104.65087,-1.9653]],[[104.57184,-1.99848],[104.57225,-1.99861]],[[104.57252,-1.99863],[104.57274,-1.99867]]]}},{"id":"73","type":"Feature","properties":{"year":2009,"certainty":"insufficient data"},"geometry":{"type":"MultiLineString","coordinates":[[[104.55542,-1.85085],[104.55346,-1.85115]],[[104.553,-1.85131],[104.55173,-1.8517],[104.54751,-1.85495],[104.54389,-1.85685],[104.54167,-1.85875]],[[104.54059,-1.86001],[104.53993,-1.86092],[104.53979,-1.86201]],[[104.58593,-1.86609],[104.58455,-1.86537],[104.58377,-1.86555],[104.58342,-1.86527],[104.58376,-1.865],[104.58211,-1.86364],[104.58051,-1.86323],[104.58051,-1.86369],[104.57857,-1.8631],[104.578,-1.86256],[104.57851,-1.86202],[104.57808,-1.86162]],[[104.53357,-1.86578],[104.53276,-1.86768]],[[104.60638,-1.96321],[104.60692,-1.9632],[104.6078,-1.96244],[104.60935,-1.95974],[104.61069,-1.95837],[104.61222,-1.95756],[104.61258,-1.95671],[104.61285,-1.95727],[104.61331,-1.95729],[104.61609,-1.95515],[104.61929,-1.95322],[104.62122,-1.9505],[104.62188,-1.94725],[104.62323,-1.94345],[104.62608,-1.93982],[104.62627,-1.93884],[104.62769,-1.93879],[104.62877,-1.93763],[104.63204,-1.93558],[104.63309,-1.93554],[104.63525,-1.93463],[104.63795,-1.93517],[104.63902,-1.93643],[104.64037,-1.93689],[104.64118,-1.93669],[104.64175,-1.93612],[104.64224,-1.93463]],[[104.62002,-1.89778],[104.61236,-1.88998],[104.60534,-1.88373],[104.59641,-1.87396],[104.59561,-1.8737],[104.59453,-1.87232],[104.58833,-1.86769]],[[104.53249,-1.86933],[104.53247,-1.87096],[104.53193,-1.87205],[104.53191,-1.87367],[104.53087,-1.87447],[104.53033,-1.87449]],[[104.47422,-1.88744],[104.47638,-1.88655],[104.47692,-1.88601],[104.47795,-1.88397],[104.47856,-1.88167]],[[104.46289,-1.90799],[104.46343,-1.90878],[104.46376,-1.90867],[104.46404,-1.90731],[104.46424,-1.9071],[104.46445,-1.90731],[104.46451,-1.90808],[104.4648,-1.90785],[104.46456,-1.90758],[104.46477,-1.90731],[104.46429,-1.90704],[104.46559,-1.90641],[104.466,-1.9065],[104.4664,-1.90712],[104.46651,-1.9065],[104.46694,-1.90625],[104.46747,-1.90647],[104.46874,-1.90622],[104.46882,-1.90682],[104.46909,-1.90603],[104.46966,-1.90623],[104.46936,-1.90631],[104.46936,-1.90685],[104.46963,-1.90651],[104.4699,-1.90664],[104.47044,-1.90595],[104.47008,-1.90568],[104.47033,-1.90541],[104.47341,-1.90375],[104.47624,-1.9008],[104.47738,-1.89836],[104.47809,-1.89456],[104.47877,-1.8932],[104.47863,-1.89157],[104.47746,-1.8894],[104.4753,-1.88797],[104.47449,-1.88808]],[[104.52628,-1.88924],[104.52601,-1.88984],[104.52574,-1.88969],[104.52736,-1.8916],[104.52817,-1.89216],[104.52952,-1.89243],[104.53006,-1.89297],[104.5306,-1.89298],[104.53095,-1.89349],[104.52986,-1.89484],[104.52919,-1.89756],[104.5279,-1.90081]],[[104.52562,-1.89973],[104.52517,-1.89973],[104.52479,-1.90054],[104.52564,-1.90108]],[[104.52223,-1.90245],[104.52034,-1.90294],[104.52025,-1.90353]],[[104.47611,-1.90602],[104.47611,-1.90568],[104.47584,-1.90541],[104.47557,-1.90541],[104.47611,-1.90568],[104.47604,-1.90596]],[[104.47208,-1.90677],[104.47179,-1.90651],[104.47152,-1.90672],[104.47071,-1.90585],[104.47045,-1.90595],[104.4709,-1.9065],[104.47069,-1.90677],[104.47208,-1.90677]],[[104.46753,-1.90704],[104.46747,-1.90661],[104.4669,-1.90677],[104.4672,-1.90713],[104.46753,-1.90704]],[[104.47584,-1.90662],[104.47557,-1.90707],[104.47614,-1.90704],[104.47599,-1.90677]],[[104.46751,-1.90785],[104.46704,-1.90758],[104.46667,-1.90753],[104.46667,-1.90778],[104.46751,-1.90785]],[[104.49876,-1.9334],[104.49804,-1.93419],[104.49876,-1.93547],[104.4993,-1.93604],[104.5001,-1.93542],[104.50031,-1.93555],[104.49956,-1.9375],[104.49916,-1.93717],[104.4993,-1.93644],[104.49876,-1.93631],[104.49849,-1.93658],[104.49795,-1.9363],[104.49768,-1.93678],[104.4966,-1.93634],[104.49698,-1.93365],[104.49665,-1.93229],[104.49689,-1.93202],[104.49641,-1.93175],[104.49553,-1.92849],[104.49412,-1.9255],[104.494,-1.92442],[104.49107,-1.91959]],[[104.48979,-1.91777],[104.4887,-1.91682],[104.48787,-1.91546],[104.4877,-1.91447],[104.48716,-1.91456],[104.48643,-1.9141],[104.4856,-1.91329],[104.48574,-1.91302],[104.48405,-1.91274],[104.4844,-1.91247],[104.4842,-1.91223],[104.48393,-1.91265],[104.48069,-1.91223],[104.47853,-1.9125],[104.47745,-1.91272],[104.4761,-1.91365],[104.4753,-1.91349],[104.47476,-1.9129],[104.47314,-1.9129],[104.47171,-1.91355],[104.47044,-1.91544],[104.47023,-1.91518],[104.47045,-1.91464],[104.47017,-1.91486],[104.4699,-1.91449],[104.46977,-1.91464],[104.47043,-1.91545],[104.47017,-1.91649],[104.4699,-1.91628],[104.46931,-1.91681],[104.46963,-1.91684],[104.46981,-1.91762],[104.46936,-1.91786],[104.46909,-1.91745],[104.46909,-1.91781],[104.4698,-1.91817],[104.46943,-1.91871],[104.46921,-1.92061],[104.46874,-1.92061],[104.46904,-1.92034],[104.46882,-1.91979],[104.46871,-1.92034],[104.46805,-1.92061],[104.46826,-1.92088],[104.46801,-1.92112],[104.46757,-1.92088],[104.46796,-1.92061],[104.46666,-1.91988],[104.46666,-1.92033],[104.46709,-1.92061],[104.46693,-1.92152],[104.46666,-1.92062],[104.46396,-1.91994],[104.4636,-1.91816],[104.46366,-1.91654],[104.46424,-1.91465],[104.46451,-1.91444],[104.46474,-1.91464],[104.46443,-1.91572],[104.46477,-1.91583],[104.46489,-1.91437],[104.46558,-1.91495],[104.46537,-1.91464],[104.46558,-1.91437],[104.46622,-1.91464],[104.46714,-1.91409],[104.46718,-1.91355],[104.46666,-1.91318],[104.46666,-1.91382],[104.46531,-1.91285],[104.46554,-1.91328],[104.46477,-1.91426],[104.46506,-1.90921],[104.46424,-1.90906],[104.46289,-1.90961]],[[104.47334,-1.9122],[104.47394,-1.91165],[104.47341,-1.91129],[104.47265,-1.91193],[104.47287,-1.91225],[104.47334,-1.9122]],[[104.52412,-1.91143],[104.52284,-1.91357],[104.52283,-1.91438],[104.52385,-1.91443],[104.5252,-1.91345],[104.52538,-1.91384],[104.52357,-1.91547],[104.52167,-1.919],[104.5216,-1.91981],[104.52007,-1.92146],[104.52006,-1.92198],[104.52034,-1.92184],[104.52079,-1.92225],[104.52069,-1.92361],[104.52104,-1.92442],[104.52071,-1.92497],[104.52034,-1.92541],[104.5198,-1.92505],[104.51899,-1.9261],[104.51633,-1.92524],[104.51632,-1.92469],[104.51602,-1.92441],[104.51627,-1.92497],[104.51575,-1.92521]],[[104.46829,-1.91382],[104.46855,-1.91328],[104.46801,-1.91298],[104.46819,-1.91382],[104.46829,-1.91382]],[[104.46913,-1.91437],[104.46936,-1.91417],[104.46965,-1.9141],[104.46936,-1.91401],[104.46913,-1.91437]],[[104.46753,-1.91599],[104.4671,-1.91572],[104.4672,-1.91541],[104.4669,-1.91572],[104.4672,-1.91613],[104.46753,-1.91599]],[[104.46887,-1.91627],[104.46862,-1.916],[104.46893,-1.91572],[104.46882,-1.91547],[104.46824,-1.916],[104.46882,-1.91653],[104.46887,-1.91627]],[[104.46658,-1.91762],[104.46674,-1.91735],[104.46639,-1.91707],[104.4659,-1.91735],[104.46658,-1.91762]],[[104.46863,-1.91817],[104.46872,-1.9179],[104.46833,-1.91762],[104.46855,-1.9172],[104.46801,-1.91759],[104.46774,-1.91722],[104.46796,-1.91789],[104.46863,-1.91817]],[[104.5145,-1.92035],[104.51468,-1.91981],[104.51382,-1.91954],[104.51441,-1.92062],[104.5145,-1.92035]],[[104.51198,-1.92089],[104.51225,-1.92118],[104.51252,-1.92124],[104.51288,-1.92035],[104.51225,-1.92113],[104.51198,-1.92089]],[[104.4645,-1.92195],[104.46418,-1.92088],[104.46477,-1.9204],[104.46547,-1.92115],[104.46504,-1.92139],[104.46477,-1.92115],[104.4645,-1.92195]],[[104.46801,-1.92218],[104.46734,-1.92197],[104.46783,-1.92169],[104.46725,-1.92142],[104.46747,-1.92119],[104.46836,-1.92142],[104.46801,-1.92218]],[[104.49849,-1.92414],[104.49795,-1.92471],[104.49849,-1.92469],[104.4985,-1.92415]],[[104.49825,-1.92876],[104.49875,-1.92849],[104.49824,-1.92795],[104.49851,-1.92767],[104.49852,-1.9274],[104.49825,-1.92686],[104.49903,-1.92579],[104.50011,-1.92522],[104.49957,-1.92549],[104.49903,-1.92502],[104.49876,-1.9255],[104.49822,-1.92521],[104.49846,-1.9255],[104.4982,-1.92577],[104.49874,-1.92605],[104.49739,-1.92632],[104.49819,-1.92713],[104.49792,-1.9274],[104.49822,-1.92715],[104.49846,-1.9274],[104.4982,-1.92795],[104.49825,-1.92876]],[[104.51278,-1.92551],[104.51198,-1.92735],[104.50847,-1.92855],[104.50739,-1.92953],[104.50631,-1.92948],[104.50604,-1.92921],[104.50569,-1.92958],[104.50604,-1.92996],[104.50496,-1.92989],[104.50442,-1.93197],[104.50361,-1.93225],[104.50313,-1.93175],[104.50327,-1.93066],[104.5028,-1.93057],[104.50226,-1.9314],[104.50145,-1.93168],[104.50077,-1.93148],[104.50065,-1.93294],[104.49984,-1.93301],[104.49932,-1.93256],[104.49957,-1.9321],[104.50021,-1.93202],[104.49984,-1.93151],[104.49857,-1.9331],[104.49876,-1.93336]],[[104.50149,-1.9274],[104.502,-1.92685],[104.502,-1.9263],[104.50173,-1.92685],[104.5009,-1.92686],[104.50172,-1.92713],[104.50088,-1.9274],[104.50149,-1.9274]],[[104.50445,-1.92903],[104.50486,-1.92876],[104.50401,-1.92849],[104.50509,-1.92795],[104.50506,-1.92768],[104.50442,-1.92743],[104.50361,-1.92808],[104.50316,-1.9274],[104.50378,-1.92713],[104.5028,-1.9269],[104.50264,-1.92713],[104.50307,-1.92817],[104.50334,-1.92807],[104.50361,-1.92857],[104.50445,-1.92903]],[[104.4996,-1.92903],[104.49933,-1.92876],[104.4993,-1.92848],[104.49903,-1.92908],[104.4993,-1.92879],[104.4996,-1.92903]],[[104.49806,-1.93337],[104.49833,-1.93283],[104.49822,-1.93255],[104.49773,-1.93283],[104.49781,-1.93337],[104.49806,-1.93337]],[[104.61177,-1.98624],[104.61339,-1.98698],[104.61447,-1.98706],[104.61566,-1.98633],[104.61639,-1.98497],[104.61691,-1.98226],[104.61644,-1.97656],[104.61681,-1.97385],[104.61398,-1.9695],[104.61339,-1.96936],[104.61076,-1.96733],[104.60962,-1.96569],[104.60935,-1.96413],[104.60908,-1.964],[104.60719,-1.96508]],[[104.65087,-1.9653],[104.64873,-1.96654],[104.64684,-1.96702],[104.64495,-1.96873],[104.64198,-1.96937],[104.63929,-1.97083],[104.63851,-1.97195]],[[104.63524,-1.97379],[104.63168,-1.97738]],[[104.63073,-1.97711],[104.63038,-1.97666],[104.62937,-1.97765],[104.63011,-1.97801]],[[104.62964,-1.98009],[104.62947,-1.98036],[104.62981,-1.98145],[104.63119,-1.9832]],[[104.63065,-1.98429],[104.62876,-1.98321],[104.6284,-1.98335],[104.62763,-1.98498],[104.62762,-1.98579],[104.62668,-1.98715],[104.62458,-1.99203],[104.62284,-1.99366],[104.62267,-1.9942]],[[104.57225,-1.99861],[104.57252,-1.99863]],[[104.57274,-1.99867],[104.5891,-2.00222],[104.59612,-2.00203],[104.59639,-2.00235],[104.60286,-2.0013],[104.60475,-2.00062],[104.60664,-1.99922],[104.60893,-1.99664],[104.61032,-1.99447],[104.61123,-1.99183],[104.61255,-1.98959],[104.61214,-1.9885],[104.61096,-1.98767]],[[104.62256,-1.99431],[104.62013,-1.99695],[104.61888,-1.99773],[104.61797,-1.99994],[104.61527,-2.00191],[104.61451,-2.00289],[104.61329,-2.00343],[104.61257,-2.00491],[104.60691,-2.00781],[104.60286,-2.0081],[104.60234,-2.00885],[104.60311,-2.01021],[104.60286,-2.01033],[104.60124,-2.00902],[104.59989,-2.00879],[104.59908,-2.00822],[104.59585,-2.00814],[104.59504,-2.00839],[104.58883,-2.00778],[104.58479,-2.00594],[104.58317,-2.00552],[104.582,-2.00586],[104.58143,-2.00776],[104.58148,-2.00858]],[[104.57852,-2.00831],[104.57885,-2.00585],[104.57562,-2.00453],[104.57292,-2.00245],[104.57103,-2.00162]]]}},{"id":"74","type":"Feature","properties":{"year":2010,"certainty":"good"},"geometry":{"type":"MultiLineString","coordinates":[[[104.48341,-1.83221],[104.4853,-1.83325],[104.48665,-1.832],[104.48676,-1.83132],[104.48827,-1.83075],[104.48924,-1.82807],[104.49069,-1.8259],[104.49147,-1.824],[104.49523,-1.82047],[104.49637,-1.81857],[104.49636,-1.81753],[104.49744,-1.81713],[104.50068,-1.81469],[104.50297,-1.81151],[104.50383,-1.80907]],[[104.47262,-1.85051],[104.4745,-1.85154],[104.47693,-1.85192],[104.4772,-1.8522],[104.47855,-1.85181],[104.4799,-1.85098],[104.48098,-1.84956],[104.4812,-1.84842],[104.48201,-1.84706],[104.48221,-1.84136],[104.4826,-1.83891],[104.48287,-1.83854],[104.483,-1.83892],[104.48368,-1.83921],[104.48422,-1.83901],[104.48449,-1.83756],[104.48459,-1.83594],[104.48431,-1.83539],[104.48457,-1.83431],[104.4831,-1.83268]],[[104.46722,-1.86355],[104.46773,-1.86321]],[[104.47332,-1.8529],[104.47306,-1.85222],[104.47181,-1.85146]],[[104.62297,-1.94409],[104.62386,-1.94236],[104.62531,-1.9406]],[[104.63511,-1.93468],[104.63741,-1.93493],[104.63983,-1.93683],[104.64091,-1.93684],[104.64168,-1.93612],[104.64226,-1.93504],[104.64243,-1.92934],[104.64368,-1.92581],[104.64384,-1.92418],[104.64369,-1.92283],[104.64289,-1.92093],[104.63903,-1.91638],[104.6335,-1.91137]],[[104.62919,-1.90687],[104.62514,-1.90255]],[[104.62082,-1.89853],[104.61975,-1.89757]],[[104.47194,-1.86524],[104.47126,-1.86481],[104.46803,-1.86535]],[[104.47858,-1.88167],[104.47905,-1.878],[104.47884,-1.87529],[104.47833,-1.87339],[104.47706,-1.87111]],[[104.65373,-1.96438],[104.65291,-1.9647]],[[104.65281,-1.96476],[104.65264,-1.9649]]]}},{"id":"75","type":"Feature","properties":{"year":2010,"certainty":"insufficient data"},"geometry":{"type":"MultiLineString","coordinates":[[[104.55542,-1.85085],[104.55435,-1.85098],[104.55394,-1.85142],[104.55368,-1.85224],[104.55381,-1.8536],[104.55246,-1.85343],[104.55111,-1.85414],[104.54841,-1.85479],[104.54382,-1.85704],[104.54124,-1.85929],[104.53975,-1.86228],[104.54023,-1.86309],[104.54003,-1.86472],[104.54108,-1.86581],[104.54085,-1.86635],[104.54139,-1.86639],[104.54223,-1.86716],[104.54112,-1.86681],[104.54068,-1.86743],[104.54066,-1.86933],[104.53943,-1.8734]],[[104.46773,-1.86321],[104.46992,-1.86149],[104.47223,-1.859],[104.47216,-1.8571],[104.47267,-1.85602],[104.47192,-1.85574],[104.47321,-1.85493],[104.47332,-1.8529]],[[104.57592,-1.8606],[104.57486,-1.86039],[104.57457,-1.85984],[104.57294,-1.85903],[104.57188,-1.85907],[104.56999,-1.85831],[104.56945,-1.85752],[104.56729,-1.85625]],[[104.61679,-1.97412],[104.61406,-1.9695],[104.61302,-1.96896],[104.61289,-1.96814],[104.61177,-1.96754],[104.61123,-1.96783],[104.61066,-1.96733],[104.60961,-1.96543],[104.60935,-1.96408],[104.60746,-1.96479],[104.607,-1.96434],[104.60755,-1.96407],[104.60743,-1.96272],[104.61034,-1.95864],[104.61222,-1.95756],[104.61258,-1.9567],[104.61289,-1.95729],[104.61341,-1.95729],[104.61933,-1.95315],[104.62122,-1.95049],[104.62196,-1.94698],[104.62297,-1.94409]],[[104.62531,-1.9406],[104.62599,-1.93992],[104.62601,-1.93911],[104.62635,-1.93881],[104.62769,-1.93879],[104.62877,-1.93763],[104.63203,-1.93558],[104.63309,-1.93553],[104.63511,-1.93468]],[[104.6335,-1.91137],[104.62919,-1.90687]],[[104.62514,-1.90255],[104.62082,-1.89853]],[[104.61975,-1.89757],[104.61179,-1.88963],[104.60775,-1.88615],[104.60575,-1.88401],[104.60532,-1.88399],[104.60451,-1.88286],[104.60359,-1.88238],[104.60219,-1.88021],[104.59641,-1.87396],[104.5956,-1.87369],[104.59534,-1.87309],[104.5948,-1.87327],[104.59369,-1.87233],[104.59363,-1.87206],[104.594,-1.87206],[104.59374,-1.87179],[104.5891,-1.86826],[104.58877,-1.86826],[104.58887,-1.86906],[104.5859,-1.86742],[104.58563,-1.86629],[104.58492,-1.86609],[104.58535,-1.86582],[104.58509,-1.86562],[104.58482,-1.86593],[104.58374,-1.86609],[104.58288,-1.86554],[104.58254,-1.86527],[104.5828,-1.865],[104.58269,-1.86419],[104.58213,-1.86372],[104.58132,-1.86434],[104.57862,-1.86292],[104.5782,-1.86229],[104.57851,-1.86202],[104.57808,-1.86162]],[[104.47277,-1.8704],[104.47443,-1.86769],[104.47423,-1.86714],[104.47194,-1.86524]],[[104.47422,-1.88741],[104.47638,-1.88652],[104.47692,-1.88596],[104.47791,-1.88397],[104.47858,-1.88167]],[[104.47706,-1.87111],[104.47612,-1.8702],[104.47531,-1.86999],[104.47423,-1.87015],[104.4732,-1.87094]],[[104.46289,-1.90799],[104.46343,-1.90878],[104.46376,-1.90867],[104.46404,-1.90731],[104.46424,-1.9071],[104.46445,-1.90731],[104.46451,-1.90808],[104.4648,-1.90785],[104.46456,-1.90758],[104.46477,-1.90731],[104.46429,-1.90704],[104.46559,-1.90641],[104.466,-1.9065],[104.4664,-1.90712],[104.46667,-1.90638],[104.46909,-1.906],[104.47009,-1.9065],[104.47044,-1.90595],[104.47008,-1.90568],[104.47033,-1.90541],[104.47341,-1.90375],[104.47624,-1.9008],[104.47738,-1.89836],[104.47809,-1.89456],[104.4786,-1.89374],[104.47863,-1.89157],[104.478,-1.88999],[104.47741,-1.8894],[104.4753,-1.88811],[104.47449,-1.8881]],[[104.52998,-1.89484],[104.52948,-1.89674],[104.53006,-1.89659]],[[104.52838,-1.89946],[104.52728,-1.90244]],[[104.52223,-1.90245],[104.52034,-1.90296],[104.51976,-1.90434]],[[104.47624,-1.90596],[104.47611,-1.90568],[104.47584,-1.90541],[104.47557,-1.90541],[104.47624,-1.90596]],[[104.47208,-1.90677],[104.47179,-1.90651],[104.47152,-1.90672],[104.47071,-1.90585],[104.47045,-1.90595],[104.47098,-1.90661],[104.47152,-1.90678],[104.47208,-1.90677]],[[104.4675,-1.90785],[104.46704,-1.90758],[104.46667,-1.90753],[104.46667,-1.90778],[104.4675,-1.90785]],[[104.50159,-1.93717],[104.50064,-1.93669],[104.49956,-1.93731],[104.49876,-1.93725],[104.49795,-1.93653],[104.49657,-1.9369],[104.49682,-1.93392],[104.49664,-1.93229],[104.4939,-1.92442],[104.49256,-1.92249],[104.49102,-1.91926],[104.48941,-1.91736],[104.48946,-1.91682],[104.48878,-1.91662],[104.48885,-1.91627],[104.48787,-1.91546],[104.4877,-1.91447],[104.48716,-1.9147],[104.48528,-1.91339],[104.48285,-1.91241],[104.48069,-1.91226],[104.47961,-1.91261],[104.47826,-1.91256],[104.47583,-1.91373],[104.4753,-1.91361],[104.47476,-1.91292],[104.47287,-1.91301],[104.47179,-1.91361],[104.47084,-1.91518],[104.46909,-1.92078],[104.46874,-1.92061],[104.46904,-1.92034],[104.46882,-1.91979],[104.46871,-1.92034],[104.46805,-1.92061],[104.46826,-1.92088],[104.46801,-1.92112],[104.46757,-1.92088],[104.46796,-1.92061],[104.46666,-1.91988],[104.46666,-1.92033],[104.46709,-1.92061],[104.46693,-1.92152],[104.46666,-1.92062],[104.46396,-1.91994],[104.46357,-1.91816],[104.46364,-1.91654],[104.46449,-1.91437],[104.46514,-1.90975],[104.46505,-1.90919],[104.46424,-1.90906],[104.46289,-1.90968]],[[104.4734,-1.9122],[104.47386,-1.91165],[104.47341,-1.91136],[104.47264,-1.91193],[104.4734,-1.9122]],[[104.52412,-1.91143],[104.52284,-1.91357],[104.52283,-1.91438],[104.52385,-1.91443],[104.5252,-1.91345],[104.52538,-1.91384],[104.52357,-1.91547],[104.52167,-1.919],[104.52164,-1.91981],[104.52056,-1.9209],[104.52099,-1.92171],[104.52069,-1.92388],[104.52223,-1.92547]],[[104.46559,-1.91491],[104.46532,-1.91464],[104.46531,-1.91389],[104.46507,-1.91409],[104.4653,-1.91464],[104.46559,-1.91491]],[[104.46475,-1.91572],[104.46483,-1.91545],[104.46477,-1.91516],[104.46448,-1.91572],[104.46475,-1.91572]],[[104.46643,-1.91762],[104.46673,-1.91735],[104.46597,-1.91735],[104.46612,-1.91738],[104.46643,-1.91762]],[[104.4645,-1.92195],[104.46418,-1.92088],[104.46477,-1.9204],[104.46547,-1.92115],[104.46504,-1.92139],[104.46477,-1.92115],[104.4645,-1.92195]],[[104.46801,-1.92218],[104.46734,-1.92197],[104.46783,-1.92169],[104.46725,-1.92142],[104.46747,-1.92119],[104.46836,-1.92142],[104.46801,-1.92218]],[[104.52163,-1.9266],[104.52129,-1.92632],[104.52142,-1.92601],[104.52071,-1.92632],[104.52061,-1.92574],[104.52007,-1.92601],[104.51953,-1.92577],[104.51899,-1.92618],[104.51629,-1.92524]],[[104.51225,-1.92657],[104.51215,-1.92714],[104.51171,-1.92749],[104.50874,-1.92845],[104.50784,-1.92931],[104.50661,-1.92985],[104.50624,-1.93093],[104.50569,-1.93148],[104.50566,-1.93311],[104.50496,-1.93479],[104.50361,-1.93593],[104.50334,-1.93665],[104.50274,-1.93663],[104.50324,-1.9369],[104.50287,-1.93718]],[[104.50354,-1.92822],[104.50388,-1.92851],[104.50501,-1.92795],[104.50469,-1.92756]],[[104.65291,-1.9647],[104.65281,-1.96476]],[[104.65264,-1.9649],[104.65089,-1.96533],[104.649,-1.96644],[104.64684,-1.96707],[104.64495,-1.96869],[104.64252,-1.96915],[104.63906,-1.97114]],[[104.62742,-1.97429],[104.62688,-1.974],[104.62647,-1.97493],[104.62643,-1.97656],[104.62665,-1.97738],[104.62715,-1.97774],[104.62721,-1.97683]],[[104.62964,-1.98009],[104.62947,-1.98036],[104.62981,-1.98145],[104.63119,-1.9832]],[[104.63065,-1.98429],[104.62849,-1.98323],[104.62762,-1.98498],[104.62761,-1.98579],[104.6262,-1.9885]]]}},{"id":"76","type":"Feature","properties":{"year":2010,"certainty":"good"},"geometry":{"type":"MultiLineString","coordinates":[[[104.52248,-1.71449],[104.52363,-1.71415],[104.52536,-1.713],[104.52633,-1.71136],[104.51962,-1.70078],[104.51331,-1.69237],[104.50813,-1.68663]],[[104.50166,-1.68125],[104.4992,-1.67852],[104.49971,-1.67771],[104.4996,-1.67717],[104.49856,-1.6768],[104.49586,-1.67439],[104.49377,-1.67174],[104.49296,-1.67119],[104.49223,-1.66848],[104.48966,-1.66411],[104.48708,-1.65762],[104.47729,-1.64011]],[[104.47525,-1.63604],[104.47282,-1.63034]],[[104.46982,-1.62383],[104.46939,-1.62288],[104.46974,-1.62261],[104.46945,-1.62179],[104.46643,-1.61582],[104.4623,-1.60333],[104.46125,-1.59926],[104.45991,-1.59655],[104.45889,-1.59261]],[[104.45474,-1.57606],[104.45336,-1.57158],[104.45266,-1.56724],[104.45215,-1.56642],[104.4523,-1.56615],[104.45193,-1.5657],[104.45096,-1.56561],[104.45213,-1.56316],[104.45221,-1.55611],[104.44984,-1.54389],[104.44749,-1.53724]],[[104.44351,-1.52937],[104.44299,-1.52815],[104.44223,-1.52435],[104.44215,-1.52299],[104.44252,-1.52191],[104.44196,-1.52196],[104.44169,-1.52137],[104.44057,-1.51784],[104.44075,-1.51773]],[[104.43921,-1.48975],[104.43895,-1.48934],[104.43944,-1.48676]],[[104.44239,-1.47102],[104.44245,-1.46926],[104.4436,-1.46654],[104.44383,-1.46491],[104.44421,-1.46464],[104.44394,-1.4641],[104.44449,-1.46247],[104.44548,-1.46086],[104.44602,-1.46196],[104.447,-1.46084],[104.44683,-1.46024],[104.44597,-1.46003],[104.44596,-1.45921],[104.44626,-1.45921],[104.44656,-1.45976],[104.44726,-1.45921],[104.44779,-1.45677],[104.44809,-1.4565],[104.44799,-1.45542],[104.44824,-1.45487],[104.44757,-1.45406],[104.44778,-1.45324],[104.44845,-1.45261],[104.44818,-1.45189],[104.44884,-1.45094]],[[104.44996,-1.44768],[104.45021,-1.44375],[104.45167,-1.43859],[104.45304,-1.43618],[104.45331,-1.43671],[104.45392,-1.43642],[104.45358,-1.43597],[104.45265,-1.43588],[104.45304,-1.43542],[104.45331,-1.43567],[104.45358,-1.43545],[104.45467,-1.4356],[104.4563,-1.43289],[104.45683,-1.42977]],[[104.45708,-1.42597],[104.4573,-1.42326]],[[104.45714,-1.41647],[104.4569,-1.41349]],[[104.45681,-1.41294],[104.45672,-1.41213]],[[104.45658,-1.40724],[104.45645,-1.40697]],[[104.456,-1.40426],[104.455,-1.39978],[104.45279,-1.39408],[104.45261,-1.39109],[104.45213,-1.39028],[104.45251,-1.38943],[104.45163,-1.38892],[104.45251,-1.38896],[104.45251,-1.3885],[104.4517,-1.38757],[104.45251,-1.38707],[104.45251,-1.38672],[104.45212,-1.38594],[104.45125,-1.38567],[104.45116,-1.38512],[104.45169,-1.38187],[104.45224,-1.38139],[104.45359,-1.38155],[104.45365,-1.38132],[104.45349,-1.38078],[104.45381,-1.37942],[104.45304,-1.37807],[104.45311,-1.37752],[104.45359,-1.37684],[104.45458,-1.37698],[104.4547,-1.37644],[104.45456,-1.37481],[104.45359,-1.37431],[104.45346,-1.37372],[104.45378,-1.37291],[104.45373,-1.37155],[104.45521,-1.37114],[104.45557,-1.37074],[104.45521,-1.3702],[104.45393,-1.3702],[104.45388,-1.36938],[104.4543,-1.36911],[104.4544,-1.36775],[104.45495,-1.36694],[104.45498,-1.36504],[104.45621,-1.35669]],[[104.50473,-1.80335],[104.50831,-1.80609],[104.51039,-1.807],[104.51174,-1.80673],[104.51552,-1.80511],[104.51713,-1.80319],[104.51956,-1.80333],[104.52118,-1.80246],[104.52209,-1.80148],[104.52388,-1.80114],[104.52523,-1.7995],[104.52954,-1.79997],[104.53059,-1.79904],[104.53212,-1.79687],[104.53622,-1.79035],[104.53737,-1.78766],[104.53926,-1.78523],[104.54088,-1.78421],[104.54222,-1.78466],[104.54387,-1.78411],[104.54314,-1.78276],[104.54344,-1.78058],[104.54319,-1.77977],[104.54336,-1.77868],[104.54357,-1.77847],[104.54411,-1.7787],[104.54416,-1.77814],[104.54384,-1.77728],[104.54346,-1.77733],[104.54294,-1.77678],[104.54304,-1.77616],[104.5436,-1.77624],[104.54316,-1.7757],[104.54363,-1.77516],[104.54356,-1.77217],[104.54144,-1.7624],[104.54119,-1.75589],[104.54068,-1.75453],[104.53969,-1.75317],[104.5401,-1.7529],[104.53998,-1.75236],[104.53821,-1.74611],[104.53764,-1.74503],[104.53748,-1.7434],[104.53667,-1.7415],[104.53682,-1.73987],[104.53624,-1.73824],[104.53561,-1.73743],[104.5356,-1.73634],[104.53069,-1.72576],[104.52821,-1.7225],[104.527,-1.71978],[104.52465,-1.71707],[104.52323,-1.71622]],[[104.50384,-1.80904],[104.50411,-1.80581],[104.50311,-1.80456]]]}},{"id":"77","type":"Feature","properties":{"year":2011,"certainty":"insufficient data"},"geometry":{"type":"MultiLineString","coordinates":[[[104.45253,-1.38621],[104.45251,-1.38565],[104.45105,-1.38567],[104.45098,-1.38458],[104.4517,-1.37957],[104.45371,-1.37047],[104.45358,-1.36965],[104.45423,-1.36802],[104.45617,-1.35669]],[[104.44449,-1.47088],[104.44448,-1.47034],[104.44413,-1.4703],[104.44346,-1.47061],[104.44343,-1.47116],[104.44307,-1.47116],[104.44277,-1.47061],[104.44318,-1.47034],[104.44228,-1.4698],[104.44332,-1.46573],[104.44448,-1.46247],[104.44539,-1.46084],[104.44704,-1.45921],[104.44733,-1.4584],[104.44728,-1.45759],[104.44766,-1.45704],[104.44721,-1.45677],[104.44791,-1.45651],[104.44794,-1.45623],[104.4476,-1.4546],[104.44856,-1.45297],[104.44891,-1.45053],[104.44953,-1.44978],[104.45008,-1.44972],[104.45028,-1.44917],[104.45008,-1.44836],[104.45064,-1.44755],[104.45059,-1.44646],[104.45017,-1.44592],[104.45062,-1.4451],[104.45031,-1.44429],[104.45088,-1.44213],[104.45069,-1.44103],[104.45168,-1.43859],[104.45295,-1.43723],[104.45292,-1.43642],[104.45331,-1.43577],[104.45358,-1.43634],[104.45412,-1.4365],[104.45371,-1.43479],[104.45466,-1.43464],[104.45574,-1.43262],[104.45686,-1.42719],[104.4573,-1.42149],[104.45705,-1.41444],[104.45658,-1.41199],[104.45669,-1.41036],[104.45585,-1.40819],[104.45628,-1.40675],[104.45623,-1.40548],[104.4548,-1.39951]],[[104.44103,-1.49097],[104.44089,-1.49035],[104.43872,-1.4907],[104.43902,-1.48717],[104.4397,-1.48581],[104.44061,-1.48554],[104.4407,-1.485],[104.44024,-1.48473],[104.4419,-1.48364],[104.4417,-1.4833],[104.44231,-1.48283],[104.44224,-1.48203]],[[104.44084,-1.48907],[104.44107,-1.48853],[104.44089,-1.48847],[104.44051,-1.4888],[104.44051,-1.48907],[104.44084,-1.48907]],[[104.5028,-1.68205],[104.50151,-1.68097],[104.50165,-1.67934],[104.50089,-1.67907],[104.4999,-1.67798],[104.49975,-1.67771],[104.50028,-1.67744],[104.49964,-1.67672],[104.49874,-1.67635],[104.49829,-1.67551],[104.49747,-1.67527],[104.49775,-1.67489],[104.49664,-1.67445],[104.49635,-1.67337],[104.49451,-1.67261],[104.49309,-1.67147],[104.49259,-1.67011],[104.49305,-1.66875],[104.49204,-1.66767],[104.49228,-1.66739],[104.49209,-1.66701],[104.49155,-1.66719],[104.49125,-1.66685],[104.4903,-1.66468],[104.48966,-1.6642],[104.48777,-1.65997],[104.48722,-1.65789],[104.47583,-1.63781],[104.46917,-1.62288],[104.4689,-1.62136],[104.46642,-1.61582],[104.46208,-1.60279],[104.46121,-1.59926],[104.46016,-1.59763],[104.45906,-1.59329],[104.45755,-1.58949],[104.45766,-1.58895],[104.45695,-1.58705],[104.4545,-1.57538],[104.4533,-1.57158],[104.45265,-1.56751],[104.45215,-1.56642],[104.4523,-1.56615],[104.45193,-1.5657],[104.45101,-1.56561],[104.45214,-1.56398],[104.4519,-1.56316],[104.45226,-1.55991],[104.45199,-1.55556],[104.44997,-1.54417],[104.44814,-1.53901],[104.44816,-1.53841],[104.44862,-1.53819],[104.44843,-1.53788],[104.44792,-1.53792]],[[104.49411,-1.66875],[104.4937,-1.66836],[104.4933,-1.66875],[104.4937,-1.66856],[104.49411,-1.66875]],[[104.50985,-1.68613],[104.50907,-1.68519],[104.50884,-1.68531],[104.50912,-1.68585],[104.50881,-1.68613],[104.50985,-1.68613]],[[104.52152,-1.7149],[104.52363,-1.71421],[104.52586,-1.71273],[104.52611,-1.71164],[104.5251,-1.70947],[104.52053,-1.70214],[104.51561,-1.69536],[104.51129,-1.68993],[104.50853,-1.68712],[104.50773,-1.68576],[104.50692,-1.68533]],[[104.50473,-1.80329],[104.50825,-1.80609],[104.51039,-1.80703],[104.51552,-1.80515],[104.51687,-1.80322],[104.51794,-1.80303],[104.51929,-1.80342],[104.52037,-1.8025],[104.52118,-1.80245],[104.52211,-1.80148],[104.52388,-1.80116],[104.52523,-1.79942],[104.52954,-1.79997],[104.53212,-1.79687],[104.53326,-1.79442],[104.53586,-1.79062],[104.53702,-1.78791],[104.53839,-1.78601],[104.5398,-1.78432],[104.54088,-1.78396],[104.54168,-1.78405],[104.54308,-1.78276],[104.54264,-1.78086],[104.54313,-1.77814],[104.54281,-1.77543],[104.54314,-1.77298],[104.54272,-1.7719],[104.54253,-1.76783],[104.54136,-1.76294],[104.54075,-1.75697],[104.53493,-1.73499],[104.5316,-1.72739],[104.52835,-1.72277],[104.52724,-1.72006],[104.52465,-1.71707],[104.52201,-1.71562]],[[104.50385,-1.80904],[104.50411,-1.80581],[104.50311,-1.80456]]]}},{"id":"78","type":"Feature","properties":{"year":2011,"certainty":"insufficient data"},"geometry":{"type":"MultiLineString","coordinates":[[[104.48341,-1.83226],[104.4853,-1.83322],[104.4867,-1.83187],[104.48665,-1.83111],[104.48814,-1.83078],[104.48916,-1.82807],[104.49063,-1.8259],[104.49049,-1.82562],[104.49163,-1.82345],[104.49347,-1.82183],[104.49366,-1.82131],[104.49497,-1.82047],[104.49527,-1.81965],[104.49626,-1.81857],[104.49622,-1.81748],[104.49744,-1.81709],[104.50068,-1.81459],[104.50296,-1.81151],[104.50384,-1.80907]],[[104.47262,-1.85057],[104.4745,-1.85158],[104.4772,-1.85221],[104.47828,-1.85213],[104.47963,-1.85137],[104.48074,-1.85005],[104.4812,-1.84842],[104.48201,-1.84706],[104.48256,-1.83783],[104.48314,-1.83895],[104.48395,-1.83919],[104.48432,-1.83865],[104.48454,-1.83594],[104.48412,-1.83539],[104.48453,-1.83431],[104.48311,-1.83268]],[[104.47291,-1.86389],[104.4716,-1.8628],[104.47185,-1.86226],[104.47153,-1.86223],[104.47136,-1.86172],[104.4718,-1.86117],[104.47118,-1.86036],[104.47227,-1.859],[104.47242,-1.85819],[104.47216,-1.8571],[104.47265,-1.85602],[104.47188,-1.85574],[104.47321,-1.85493],[104.47327,-1.85249],[104.47381,-1.85222],[104.47289,-1.85209],[104.47183,-1.8514]],[[104.47515,-1.8533],[104.47477,-1.85258],[104.47416,-1.85249],[104.47449,-1.85276],[104.47423,-1.85315],[104.47515,-1.8533]],[[104.54652,-1.85576],[104.54412,-1.85685],[104.5414,-1.85919],[104.54028,-1.86092],[104.53985,-1.86255]],[[104.46776,-1.86493],[104.46842,-1.8647],[104.46756,-1.86416],[104.46813,-1.86361],[104.46794,-1.86307],[104.47046,-1.8611],[104.47039,-1.86199],[104.47087,-1.86226],[104.47072,-1.86255],[104.47019,-1.86243],[104.46965,-1.86288],[104.46911,-1.86273],[104.46911,-1.86288],[104.47019,-1.86324],[104.47072,-1.8643],[104.47089,-1.86361],[104.47153,-1.86307],[104.4719,-1.86362],[104.47286,-1.86389]],[[104.47013,-1.86389],[104.46992,-1.86358],[104.46868,-1.86361],[104.46965,-1.86412],[104.47013,-1.86389]],[[104.58853,-1.86935],[104.57997,-1.86367]],[[104.47277,-1.8704],[104.47441,-1.86796],[104.47436,-1.86714],[104.4725,-1.86579],[104.47153,-1.8644],[104.47018,-1.86485],[104.46965,-1.86422],[104.46923,-1.8647],[104.46951,-1.86497],[104.46803,-1.86525]],[[104.47589,-1.86742],[104.47639,-1.86666],[104.47678,-1.8666],[104.4772,-1.86579],[104.47612,-1.86554],[104.47524,-1.86579],[104.47559,-1.86687],[104.47518,-1.86714],[104.47589,-1.86742]],[[104.59556,-1.87315],[104.59534,-1.87295],[104.5948,-1.87333],[104.59318,-1.87219],[104.59237,-1.87189],[104.59204,-1.87206],[104.59031,-1.8707],[104.59004,-1.87016],[104.5886,-1.86939]],[[104.47817,-1.88289],[104.47902,-1.87936],[104.479,-1.87529],[104.47868,-1.87366],[104.47772,-1.87176],[104.47612,-1.87008],[104.47423,-1.87005],[104.47315,-1.87084]],[[104.60668,-1.87722],[104.6064,-1.87719],[104.60612,-1.87695],[104.60613,-1.87722],[104.60668,-1.87722]],[[104.60613,-1.88366],[104.60559,-1.88338],[104.60532,-1.88397],[104.60519,-1.88319],[104.60467,-1.88292],[104.60482,-1.88238],[104.60424,-1.88303],[104.60367,-1.88265],[104.60307,-1.88156],[104.60324,-1.88102],[104.60283,-1.88075]],[[104.62211,-1.89839],[104.62177,-1.89812],[104.62107,-1.89894],[104.61969,-1.89758],[104.61907,-1.89586],[104.6188,-1.89567],[104.61826,-1.89608],[104.61799,-1.89588],[104.61011,-1.88808],[104.60991,-1.88781],[104.61023,-1.88726],[104.6099,-1.88683]],[[104.62068,-1.95092],[104.62124,-1.95051],[104.62181,-1.94752],[104.62308,-1.94345],[104.62599,-1.93992],[104.62654,-1.93884],[104.62769,-1.93878],[104.62877,-1.93768],[104.63201,-1.93557],[104.63309,-1.93555],[104.63417,-1.93497],[104.63471,-1.93525],[104.63606,-1.93492],[104.63795,-1.93521],[104.63939,-1.93667],[104.64037,-1.93696],[104.64118,-1.93667],[104.64189,-1.93558],[104.64253,-1.92914],[104.64384,-1.925],[104.64338,-1.92201],[104.64288,-1.92093],[104.6397,-1.91713],[104.6331,-1.9112],[104.63271,-1.91034]],[[104.60771,-1.9638],[104.6074,-1.96272],[104.60819,-1.9619],[104.60932,-1.95973],[104.6107,-1.95835],[104.61222,-1.95756],[104.61258,-1.95672],[104.61312,-1.95733],[104.61474,-1.95628]]]}},{"id":"79","type":"Feature","properties":{"year":2012,"certainty":"good"},"geometry":{"type":"MultiLineString","coordinates":[[[104.48355,-1.83223],[104.4853,-1.83323],[104.48682,-1.83187],[104.48703,-1.83132],[104.48827,-1.83086],[104.48935,-1.82811],[104.49094,-1.82549]],[[104.49812,-1.81665],[104.50041,-1.81491],[104.50203,-1.81304],[104.50303,-1.81151],[104.50386,-1.80907]],[[104.47262,-1.85047],[104.47558,-1.85175],[104.47851,-1.85195],[104.48019,-1.85086],[104.4816,-1.84774]],[[104.48165,-1.8476],[104.48172,-1.84747]],[[104.48206,-1.84258],[104.48239,-1.84001],[104.48314,-1.83932],[104.48422,-1.83895],[104.48445,-1.83756],[104.48456,-1.83431],[104.48304,-1.83268]],[[104.46722,-1.86348],[104.46772,-1.86321]],[[104.47281,-1.85208],[104.47248,-1.85186]],[[104.47241,-1.85181],[104.47183,-1.8514]],[[104.5207,-1.92347],[104.52155,-1.9249]],[[104.60786,-1.96249],[104.60892,-1.96136],[104.60895,-1.96054],[104.60935,-1.95995],[104.61095,-1.95837],[104.61231,-1.9577],[104.61258,-1.95667],[104.61285,-1.95738],[104.61339,-1.95745],[104.61622,-1.95512],[104.61904,-1.95349],[104.62014,-1.95225],[104.62122,-1.95071],[104.62309,-1.94345],[104.62561,-1.94019],[104.62823,-1.93901],[104.62877,-1.93816],[104.63016,-1.93721],[104.63471,-1.93563],[104.6366,-1.93532],[104.63822,-1.93549],[104.63956,-1.93679],[104.64037,-1.93695],[104.64135,-1.93653]],[[104.64456,-1.93268],[104.64534,-1.93043],[104.64496,-1.92893]],[[104.64408,-1.92459],[104.64362,-1.92228],[104.64278,-1.92065],[104.63982,-1.91713],[104.63361,-1.91129]],[[104.62919,-1.90635],[104.62553,-1.90233]],[[104.6184,-1.89573],[104.61826,-1.89593],[104.6167,-1.89459],[104.61563,-1.89269],[104.61058,-1.88811]],[[104.593,-1.87165],[104.59015,-1.86935],[104.58968,-1.86852],[104.58933,-1.86853],[104.58887,-1.86933],[104.5859,-1.86742],[104.58563,-1.86629],[104.58492,-1.86609],[104.58535,-1.86582],[104.58509,-1.86562],[104.58388,-1.86611]],[[104.58253,-1.86514],[104.58279,-1.86446],[104.58239,-1.86373],[104.58136,-1.86446],[104.58101,-1.86432]],[[104.47422,-1.88746],[104.47557,-1.88705],[104.47747,-1.8856],[104.47893,-1.88099],[104.47938,-1.87692],[104.47897,-1.8742],[104.47833,-1.87257],[104.47665,-1.87054]],[[104.4632,-1.90772],[104.46329,-1.90762]],[[104.4634,-1.90744],[104.46383,-1.90695]],[[104.47773,-1.89768],[104.47883,-1.89293],[104.4787,-1.8913],[104.47808,-1.88994],[104.47719,-1.88905],[104.4753,-1.88794],[104.47449,-1.88795]],[[104.47346,-1.91193],[104.47368,-1.91099],[104.47249,-1.91165],[104.47287,-1.91215],[104.47346,-1.91193]],[[104.46842,-1.91418],[104.46888,-1.91382],[104.46882,-1.91366],[104.46842,-1.91403]],[[104.46821,-1.91396],[104.46857,-1.91328],[104.46822,-1.91301],[104.46817,-1.9122],[104.46774,-1.91267],[104.46747,-1.912],[104.4668,-1.91203]],[[104.46678,-1.91206],[104.46666,-1.91233]],[[104.4699,-1.91301],[104.46999,-1.91274],[104.4699,-1.91242],[104.46954,-1.91301],[104.4699,-1.91301]],[[104.49663,-1.93215],[104.4938,-1.92401]],[[104.48835,-1.91587],[104.48811,-1.9156]],[[104.4881,-1.91559],[104.48555,-1.91341],[104.48285,-1.91236],[104.48069,-1.91223],[104.47745,-1.91258],[104.4761,-1.91343],[104.47422,-1.9127],[104.4726,-1.91293],[104.4715,-1.91355],[104.47066,-1.91559]],[[104.46713,-1.91369],[104.46707,-1.91363]],[[104.46681,-1.91314],[104.46747,-1.9131],[104.46769,-1.91328],[104.46752,-1.91369]],[[104.52169,-1.92653],[104.52034,-1.92596],[104.51899,-1.92615],[104.51778,-1.9256]],[[104.61177,-1.9862],[104.6119,-1.98626]],[[104.61667,-1.98511],[104.61726,-1.98267]],[[104.61245,-1.96711],[104.61144,-1.9657],[104.61167,-1.96529]],[[104.60769,-1.96475],[104.60732,-1.96492]],[[104.65373,-1.96444],[104.65177,-1.9649],[104.65224,-1.96396],[104.65102,-1.96452]],[[104.63065,-1.98426],[104.62978,-1.98375]],[[104.60243,-2.00926],[104.60246,-2.00935]],[[104.60259,-2.00953],[104.60273,-2.00975]],[[104.60278,-2.0098],[104.60298,-2.01021],[104.60225,-2.00994],[104.60151,-2.00896],[104.60057,-2.00873]],[[104.58088,-2.00061],[104.58169,-2.00069]],[[104.59652,-2.00212],[104.60274,-2.00139]],[[104.61025,-1.99488],[104.6109,-1.99379]],[[104.57741,-2.00518],[104.57589,-2.00457],[104.57467,-2.00358]],[[104.58155,-2.00342],[104.58074,-2.00242],[104.58008,-2.00315],[104.58047,-2.00368],[104.58155,-2.00342]],[[104.58021,-2.00437],[104.58019,-2.00437]],[[104.58007,-2.00454],[104.58,-2.00464]]]}},{"id":"80","type":"Feature","properties":{"year":2012,"certainty":"unstable data"},"geometry":{"type":"MultiLineString","coordinates":[[[104.64135,-1.93653],[104.64307,-1.93493],[104.64388,-1.93456],[104.64456,-1.93268]],[[104.64496,-1.92893],[104.64408,-1.92459]]]}},{"id":"81","type":"Feature","properties":{"year":2012,"certainty":"insufficient data"},"geometry":{"type":"MultiLineString","coordinates":[[[104.48341,-1.83216],[104.48355,-1.83223]],[[104.49094,-1.82549],[104.49178,-1.82372],[104.49582,-1.81959],[104.49645,-1.8183],[104.49636,-1.81758],[104.49812,-1.81665]],[[104.4816,-1.84774],[104.48165,-1.8476]],[[104.48172,-1.84747],[104.48206,-1.84258]],[[104.46772,-1.86321],[104.46934,-1.86226],[104.47241,-1.85846],[104.47226,-1.85683],[104.47275,-1.85602],[104.47244,-1.85547],[104.47315,-1.85518],[104.47333,-1.85466],[104.4733,-1.85276],[104.47281,-1.85208]],[[104.47248,-1.85186],[104.47241,-1.85181]],[[104.55434,-1.85389],[104.55246,-1.85315],[104.55084,-1.85417],[104.54463,-1.8565],[104.54221,-1.85807],[104.54024,-1.86092],[104.53976,-1.86228],[104.5401,-1.86309],[104.53997,-1.86472],[104.54032,-1.86538],[104.54103,-1.86581],[104.54096,-1.86635],[104.54166,-1.86662],[104.54112,-1.86677],[104.5407,-1.86743],[104.54069,-1.86906],[104.54005,-1.87042],[104.53984,-1.87232],[104.53879,-1.87503],[104.53802,-1.87612],[104.53758,-1.87775],[104.53622,-1.87938],[104.536,-1.88137],[104.53404,-1.88372],[104.53435,-1.8848],[104.53293,-1.88453],[104.53362,-1.8867],[104.53318,-1.88914],[104.53127,-1.89322],[104.52973,-1.89539],[104.52907,-1.8981],[104.52679,-1.90353],[104.52634,-1.90733],[104.52322,-1.91303],[104.52294,-1.91438],[104.52412,-1.91424],[104.52601,-1.91253],[104.52618,-1.91276],[104.52517,-1.91411],[104.52412,-1.91493],[104.52237,-1.91764],[104.52103,-1.92117],[104.5207,-1.92347]],[[104.52155,-1.9249],[104.52223,-1.92547]],[[104.56244,-1.85648],[104.56101,-1.85604],[104.56199,-1.85523],[104.56163,-1.85485],[104.5592,-1.85483],[104.55731,-1.85431],[104.55677,-1.85473],[104.55515,-1.85419]],[[104.60645,-1.96326],[104.60786,-1.96249]],[[104.63361,-1.91129],[104.62919,-1.90635]],[[104.62553,-1.90233],[104.62318,-1.89948],[104.6215,-1.89856],[104.6188,-1.8956],[104.6184,-1.89573]],[[104.61058,-1.88811],[104.60397,-1.88101],[104.60154,-1.87918],[104.60114,-1.87939],[104.60127,-1.88003],[104.601,-1.87996],[104.59912,-1.87826],[104.59892,-1.87803],[104.59965,-1.87785],[104.6011,-1.87885],[104.59968,-1.87722],[104.59878,-1.87668],[104.5975,-1.87498],[104.59696,-1.87494],[104.59669,-1.87416],[104.593,-1.87165]],[[104.58388,-1.86611],[104.58253,-1.86514]],[[104.58101,-1.86432],[104.57847,-1.86256],[104.57835,-1.86229],[104.57889,-1.86213],[104.57898,-1.86174],[104.57727,-1.86072],[104.57565,-1.86007],[104.57538,-1.86062],[104.57484,-1.86028],[104.57457,-1.86046],[104.57431,-1.86011],[104.57457,-1.85976],[104.57308,-1.85984],[104.57275,-1.8593],[104.57296,-1.85904],[104.57376,-1.8595],[104.57393,-1.8593],[104.57322,-1.85875],[104.57296,-1.85901],[104.57134,-1.85885],[104.56985,-1.85821],[104.56945,-1.85763]],[[104.47265,-1.8704],[104.47461,-1.86769],[104.4745,-1.86696],[104.47288,-1.86506],[104.47153,-1.86464],[104.46803,-1.8653]],[[104.54039,-1.86608],[104.54032,-1.86565],[104.53969,-1.86553],[104.54005,-1.8661],[104.54039,-1.86608]],[[104.47665,-1.87054],[104.47585,-1.86991],[104.4745,-1.86989],[104.47324,-1.87094]],[[104.46289,-1.90793],[104.4632,-1.90772]],[[104.46329,-1.90762],[104.4634,-1.90744]],[[104.46383,-1.90695],[104.46532,-1.90647],[104.46936,-1.90595],[104.47233,-1.90448],[104.47422,-1.90316],[104.47596,-1.90134],[104.47773,-1.89768]],[[104.46464,-1.92604],[104.46464,-1.92278],[104.46392,-1.92006],[104.46372,-1.91735],[104.46535,-1.90948],[104.46451,-1.90908],[104.4635,-1.90921],[104.46289,-1.90856]],[[104.46786,-1.91464],[104.46842,-1.91418]],[[104.46842,-1.91403],[104.46821,-1.91396]],[[104.4668,-1.91203],[104.46678,-1.91206]],[[104.46666,-1.91233],[104.46632,-1.91382],[104.46666,-1.91442],[104.46786,-1.91464]],[[104.49703,-1.94803],[104.49617,-1.94179],[104.49614,-1.9388],[104.49682,-1.93392],[104.49663,-1.93215]],[[104.4938,-1.92401],[104.49251,-1.92224],[104.49229,-1.92043],[104.4889,-1.91682],[104.48904,-1.91654],[104.48835,-1.91587]],[[104.48811,-1.9156],[104.4881,-1.91559]],[[104.47066,-1.91559],[104.46921,-1.92061],[104.46835,-1.92631]],[[104.46747,-1.91374],[104.46713,-1.91369]],[[104.46707,-1.91363],[104.46681,-1.91314]],[[104.46752,-1.91369],[104.46747,-1.91374]],[[104.46562,-1.91491],[104.46568,-1.91437],[104.46558,-1.91428],[104.4651,-1.91491],[104.46562,-1.91491]],[[104.46555,-1.91762],[104.46558,-1.91703],[104.46492,-1.91762],[104.46531,-1.91787],[104.46555,-1.91762]],[[104.51778,-1.9256],[104.51602,-1.9252],[104.51333,-1.92511],[104.51265,-1.92578],[104.51198,-1.92727],[104.50874,-1.92841],[104.50779,-1.92931],[104.50649,-1.92985],[104.50508,-1.93473],[104.50235,-1.93745],[104.50151,-1.93853],[104.50114,-1.93962],[104.50053,-1.94532],[104.50079,-1.94722]],[[104.6119,-1.98626],[104.61393,-1.98721],[104.61474,-1.98721],[104.61581,-1.98649],[104.61667,-1.98511]],[[104.61726,-1.98267],[104.61721,-1.97792],[104.61681,-1.97683],[104.61707,-1.97412],[104.61605,-1.97113],[104.61666,-1.97059],[104.61688,-1.96977],[104.61501,-1.96985],[104.61397,-1.96869],[104.61386,-1.96815],[104.61337,-1.96815],[104.61245,-1.96711]],[[104.61167,-1.96529],[104.61206,-1.96462],[104.61173,-1.96434],[104.60935,-1.96395],[104.60769,-1.96475]],[[104.60732,-1.96492],[104.60719,-1.96496]],[[104.65102,-1.96452],[104.64876,-1.96652],[104.64684,-1.96697],[104.64549,-1.9678],[104.64495,-1.96871],[104.64279,-1.96905],[104.64064,-1.9701],[104.6392,-1.97114],[104.63794,-1.9726],[104.63686,-1.97327],[104.63632,-1.97297],[104.63578,-1.97338],[104.62973,-1.97982],[104.62973,-1.98118],[104.63119,-1.98316]],[[104.62978,-1.98375],[104.62849,-1.98326],[104.6246,-1.99203],[104.62238,-1.99475],[104.61905,-1.99782],[104.61801,-1.9999],[104.6146,-2.00289],[104.61355,-2.00343],[104.61257,-2.00504],[104.60691,-2.00768],[104.60313,-2.008],[104.60239,-2.00858],[104.60243,-2.00926]],[[104.60246,-2.00935],[104.60259,-2.00953]],[[104.60273,-2.00975],[104.60278,-2.0098]],[[104.60057,-2.00873],[104.59935,-2.00814],[104.59585,-2.0081],[104.59531,-2.00847],[104.5945,-2.00813],[104.5891,-2.00784],[104.58452,-2.00578],[104.5829,-2.00546],[104.58209,-2.0058],[104.58175,-2.00641],[104.58141,-2.00858]],[[104.57184,-1.99841],[104.58088,-2.00061]],[[104.58169,-2.00069],[104.58619,-2.00179],[104.58575,-2.00234],[104.58614,-2.003],[104.58506,-2.00362],[104.58472,-2.00478],[104.58506,-2.00525],[104.58695,-2.0051],[104.58776,-2.00574],[104.58803,-2.00575],[104.58883,-2.00428],[104.58991,-2.00362],[104.59003,-2.00315],[104.58964,-2.00231],[104.59018,-2.00252],[104.59207,-2.00218],[104.59652,-2.00212]],[[104.60274,-2.00139],[104.60583,-1.99999],[104.60813,-1.99773],[104.61025,-1.99488]],[[104.6109,-1.99379],[104.61302,-1.98986],[104.61216,-1.9885],[104.61095,-1.98769]],[[104.57855,-2.00831],[104.57903,-2.00586],[104.57741,-2.00518]],[[104.57467,-2.00358],[104.57368,-2.00288],[104.57428,-2.00233],[104.57346,-2.00024],[104.5713,-1.99984]],[[104.5713,-1.99995],[104.57238,-2.00081],[104.57238,-2.00113],[104.57184,-2.00139],[104.57103,-2.00059]],[[104.57676,-2.00125],[104.57648,-2.00043],[104.57616,-2.00032],[104.57534,-2.00098],[104.57676,-2.00125]],[[104.58043,-2.00532],[104.58063,-2.00478],[104.58021,-2.00437]],[[104.58019,-2.00437],[104.58007,-2.00454]],[[104.58,-2.00464],[104.5796,-2.00532],[104.58043,-2.00532]]]}},{"id":"82","type":"Feature","properties":{"year":2012,"certainty":"good"},"geometry":{"type":"MultiLineString","coordinates":[[[104.52147,-1.71487],[104.52552,-1.71396],[104.52702,-1.71246],[104.52714,-1.71148],[104.5266,-1.71149],[104.52595,-1.71083],[104.51997,-1.70133],[104.50914,-1.68748],[104.49924,-1.67662],[104.49775,-1.67411],[104.4964,-1.67298],[104.49541,-1.67282],[104.49438,-1.67201],[104.49403,-1.67092],[104.49272,-1.66984],[104.49263,-1.66936],[104.49343,-1.66903],[104.49388,-1.66929],[104.49407,-1.66875],[104.49495,-1.66848],[104.49447,-1.66821],[104.4953,-1.66794],[104.49564,-1.6674],[104.49463,-1.66685],[104.49471,-1.66631],[104.49398,-1.6658],[104.49398,-1.66522],[104.49334,-1.66549],[104.49317,-1.6663],[104.49263,-1.6658],[104.49186,-1.66685],[104.49128,-1.66705],[104.49106,-1.66685],[104.49031,-1.66414],[104.48769,-1.65952],[104.48721,-1.65789],[104.48103,-1.64721],[104.48079,-1.64541],[104.47995,-1.64486],[104.47761,-1.63998],[104.47781,-1.63971],[104.4769,-1.63889],[104.47531,-1.63591],[104.47456,-1.63515],[104.47068,-1.62559],[104.46917,-1.62288],[104.46944,-1.62261],[104.46932,-1.62179],[104.46712,-1.61718],[104.46668,-1.61501],[104.46399,-1.60822],[104.46135,-1.59953],[104.46078,-1.59845],[104.46109,-1.59816],[104.46044,-1.59791],[104.46055,-1.59766],[104.46082,-1.59781],[104.4609,-1.59736],[104.46037,-1.59465],[104.45998,-1.59411],[104.46021,-1.59384],[104.45966,-1.59356],[104.46003,-1.59329],[104.45974,-1.59214],[104.4594,-1.59194],[104.45963,-1.59139],[104.4592,-1.59037],[104.45837,-1.59031],[104.45839,-1.58996],[104.45902,-1.58976],[104.45839,-1.58922],[104.45812,-1.58973],[104.45775,-1.58922],[104.45874,-1.58732],[104.45801,-1.58705],[104.45825,-1.58678],[104.45747,-1.58624],[104.45802,-1.58488],[104.45725,-1.58406],[104.45745,-1.58244],[104.4571,-1.57999],[104.45666,-1.57972],[104.4562,-1.57646],[104.45543,-1.57467],[104.45537,-1.57348],[104.45463,-1.57131],[104.4542,-1.56751],[104.45297,-1.56615],[104.4545,-1.56588],[104.45463,-1.56556],[104.45377,-1.56534],[104.45463,-1.56506],[104.45484,-1.56452],[104.45361,-1.56371],[104.45358,-1.56316],[104.45309,-1.56262],[104.45212,-1.55529],[104.45058,-1.54728],[104.45072,-1.54661],[104.44816,-1.53926],[104.44786,-1.53819],[104.44789,-1.5379],[104.44816,-1.53814],[104.44816,-1.53762],[104.44762,-1.53573],[104.44587,-1.53231]],[[104.44358,-1.52449],[104.44311,-1.52218],[104.44196,-1.52217],[104.44152,-1.52137],[104.44178,-1.51838],[104.4403,-1.51349],[104.44014,-1.51078],[104.44035,-1.51047],[104.4399,-1.50807],[104.44037,-1.50671],[104.43984,-1.50617],[104.44027,-1.50589],[104.44037,-1.50535],[104.44025,-1.50427],[104.43973,-1.50372],[104.44037,-1.50318],[104.43987,-1.50291],[104.44004,-1.50182],[104.43962,-1.50155],[104.43988,-1.50101],[104.43967,-1.49992],[104.44013,-1.49938],[104.44022,-1.49802],[104.43989,-1.49775],[104.44035,-1.49736],[104.44045,-1.49585],[104.43954,-1.49531],[104.44031,-1.49504],[104.43977,-1.4945],[104.44078,-1.49395],[104.44061,-1.49368],[104.44105,-1.49287],[104.44099,-1.49205],[104.44047,-1.49178],[104.44105,-1.49151],[104.44118,-1.49042],[104.44008,-1.49029],[104.43994,-1.48988],[104.44035,-1.48865],[104.44078,-1.48907],[104.44117,-1.48853],[104.44047,-1.48852],[104.44052,-1.48663],[104.44101,-1.48771],[104.44147,-1.48798],[104.44127,-1.4869],[104.44154,-1.48635],[104.4409,-1.48581],[104.44175,-1.48527],[104.44175,-1.48486]],[[104.44184,-1.48463],[104.44186,-1.48459]],[[104.44319,-1.47723],[104.44319,-1.47704]],[[104.44295,-1.47672],[104.44311,-1.47523],[104.44356,-1.47468],[104.44328,-1.47414],[104.44386,-1.47333],[104.4434,-1.47251],[104.44419,-1.47197],[104.44498,-1.46871],[104.44386,-1.46968],[104.44369,-1.46953],[104.44404,-1.4679],[104.44648,-1.46003],[104.44764,-1.45825],[104.44845,-1.45834],[104.44845,-1.45791],[104.44746,-1.45732],[104.44838,-1.45677],[104.44757,-1.45623],[104.44915,-1.45569],[104.44787,-1.45514],[104.44791,-1.45485],[104.44872,-1.45501],[104.44943,-1.45433],[104.44915,-1.45406],[104.44945,-1.45352],[104.44856,-1.45297],[104.44857,-1.4527],[104.45,-1.45243],[104.44981,-1.45189],[104.45015,-1.45162],[104.45009,-1.45107],[104.44891,-1.45053],[104.44926,-1.45017],[104.45041,-1.44999],[104.44964,-1.44917],[104.45061,-1.44924],[104.45102,-1.4489],[104.45167,-1.44592],[104.45197,-1.44565],[104.45149,-1.44483],[104.45191,-1.44402],[104.45304,-1.44443],[104.45299,-1.44402],[104.4521,-1.4432],[104.4525,-1.44252],[104.45304,-1.44274],[104.45266,-1.44185],[104.45301,-1.44158],[104.4529,-1.44103],[104.45332,-1.44076],[104.45242,-1.43995],[104.45277,-1.43985],[104.45393,-1.44049],[104.456,-1.43857],[104.45595,-1.43913],[104.45627,-1.43936],[104.45654,-1.43875],[104.45672,-1.43886],[104.45627,-1.44073],[104.45573,-1.44073],[104.45552,-1.44049],[104.45581,-1.43995],[104.45547,-1.43983],[104.45439,-1.44116],[104.45481,-1.44158],[104.45409,-1.44348],[104.45412,-1.44498],[104.45544,-1.44402],[104.45546,-1.44364],[104.45573,-1.44409],[104.456,-1.44324],[104.45573,-1.44365],[104.45551,-1.44348],[104.456,-1.44237],[104.45654,-1.44312],[104.45638,-1.44239],[104.45682,-1.4413],[104.45637,-1.44158],[104.45627,-1.44223],[104.45625,-1.4413],[104.45721,-1.43886],[104.45701,-1.43778],[104.45748,-1.43696],[104.45802,-1.43452],[104.45786,-1.43289],[104.45816,-1.43235],[104.45816,-1.43126],[104.45787,-1.42991],[104.45783,-1.42448],[104.45704,-1.41444],[104.45708,-1.41254],[104.45746,-1.41199],[104.45687,-1.41009],[104.45709,-1.40939],[104.45763,-1.41093],[104.45765,-1.41009],[104.45695,-1.40738],[104.45622,-1.40629],[104.45526,-1.40168],[104.45267,-1.39462],[104.45212,-1.39028],[104.4526,-1.38431],[104.45313,-1.38404],[104.45359,-1.38316],[104.45386,-1.38332],[104.45447,-1.37725],[104.45551,-1.37454],[104.45472,-1.37454],[104.45575,-1.37248],[104.45609,-1.37237],[104.45573,-1.3721],[104.45629,-1.372],[104.45609,-1.36992],[104.45563,-1.36884],[104.45624,-1.36667],[104.45609,-1.36504],[104.45521,-1.36447],[104.4551,-1.36395],[104.456,-1.35669]],[[104.45469,-1.44646],[104.45454,-1.44538],[104.45439,-1.44515],[104.45433,-1.44592],[104.45469,-1.44646]],[[104.45745,-1.57212],[104.4576,-1.57104],[104.45732,-1.57043],[104.45696,-1.57104],[104.45732,-1.57238],[104.45745,-1.57212]],[[104.45873,-1.57484],[104.45851,-1.57321],[104.45813,-1.57251],[104.45804,-1.57484],[104.45813,-1.57503],[104.4584,-1.57475],[104.45867,-1.57508],[104.45873,-1.57484]],[[104.45885,-1.57728],[104.45898,-1.57565],[104.45867,-1.57512],[104.45828,-1.57538],[104.45837,-1.57701],[104.45867,-1.57755],[104.45885,-1.57728]],[[104.45943,-1.57945],[104.45964,-1.57864],[104.45921,-1.57662],[104.45921,-1.57965],[104.45943,-1.57945]],[[104.46056,-1.58189],[104.46074,-1.58081],[104.46028,-1.58012],[104.46028,-1.58162],[104.46056,-1.58189]],[[104.46136,-1.58434],[104.46136,-1.58333],[104.46109,-1.58317],[104.46109,-1.58439],[104.46136,-1.58434]],[[104.50473,-1.80328],[104.50796,-1.80585],[104.51039,-1.80692],[104.51174,-1.80668],[104.51498,-1.80523],[104.51713,-1.80303],[104.51929,-1.80318],[104.52118,-1.80218],[104.52199,-1.80131],[104.52377,-1.80093],[104.5255,-1.79926],[104.52927,-1.79992],[104.53035,-1.79902],[104.53278,-1.79492],[104.53686,-1.78927],[104.53818,-1.78614],[104.53845,-1.78581],[104.53872,-1.78619],[104.53932,-1.78547],[104.53926,-1.78524],[104.53899,-1.78544],[104.53899,-1.78514],[104.53953,-1.7852],[104.54007,-1.78471],[104.54061,-1.78468],[104.54141,-1.78504],[104.54357,-1.78256],[104.54329,-1.78357],[104.54357,-1.78382],[104.54576,-1.78248],[104.54481,-1.77814],[104.54526,-1.77814],[104.54524,-1.7776],[104.5445,-1.77516],[104.54451,-1.77461],[104.54492,-1.77445],[104.54499,-1.77407],[104.54465,-1.77097],[104.54245,-1.7662],[104.54167,-1.7624],[104.54223,-1.76151],[104.54236,-1.7624],[104.54304,-1.76268],[104.54311,-1.7624],[104.54282,-1.75561],[104.54223,-1.75384],[104.54088,-1.75199],[104.54061,-1.75231],[104.5405,-1.75209],[104.53968,-1.74964],[104.53985,-1.74937],[104.53717,-1.74231],[104.53609,-1.73661],[104.53478,-1.73471],[104.53176,-1.72766],[104.52837,-1.7225],[104.52714,-1.7196],[104.52444,-1.71654],[104.52201,-1.71552]],[[104.52941,-1.71897],[104.52936,-1.71761],[104.52902,-1.71706],[104.52768,-1.71668],[104.52759,-1.71707],[104.52829,-1.71816],[104.52941,-1.71897]],[[104.52888,-1.71979],[104.52902,-1.71933],[104.52795,-1.71887],[104.52831,-1.71979],[104.52888,-1.71979]],[[104.50384,-1.80904],[104.50417,-1.80582],[104.5032,-1.80446]]]}},{"id":"83","type":"Feature","properties":{"year":2013,"certainty":"good"},"geometry":{"type":"MultiLineString","coordinates":[[[104.49546,-1.66171],[104.49534,-1.66156]],[[104.49531,-1.66156],[104.49435,-1.66305],[104.4934,-1.66387],[104.49172,-1.66658],[104.49112,-1.66685],[104.49034,-1.66414],[104.48723,-1.65866],[104.48676,-1.65708],[104.48562,-1.65539],[104.48461,-1.65274],[104.484,-1.65229],[104.48103,-1.64704],[104.48023,-1.6452],[104.48041,-1.64486],[104.48007,-1.64405],[104.4781,-1.64025],[104.47691,-1.63889],[104.47531,-1.63591],[104.47456,-1.63546],[104.47187,-1.62878],[104.46839,-1.62152],[104.46867,-1.61989],[104.46635,-1.61474],[104.46624,-1.61284],[104.46562,-1.61202],[104.4648,-1.60904],[104.46405,-1.60821],[104.46319,-1.60605],[104.46211,-1.60225],[104.46251,-1.60116],[104.4619,-1.60112],[104.46136,-1.60015],[104.46058,-1.59492],[104.45948,-1.59166],[104.45945,-1.59058],[104.45854,-1.59031],[104.4591,-1.58976],[104.45802,-1.58895],[104.45879,-1.58786],[104.45877,-1.58732],[104.45813,-1.58712],[104.45825,-1.58678],[104.45747,-1.58624],[104.45802,-1.58488],[104.45725,-1.58406],[104.45737,-1.58271],[104.45701,-1.58216],[104.4572,-1.58081],[104.45617,-1.57782],[104.45614,-1.57646],[104.45548,-1.57511],[104.45433,-1.57104],[104.45445,-1.56914],[104.4542,-1.56859],[104.45445,-1.56805],[104.45295,-1.56642],[104.45328,-1.56604],[104.45425,-1.56615],[104.45493,-1.56561],[104.45354,-1.56371],[104.45296,-1.56208],[104.45285,-1.56126],[104.45337,-1.56045],[104.45325,-1.56018],[104.45389,-1.55991],[104.45336,-1.55936],[104.45319,-1.55747],[104.45246,-1.55665],[104.45306,-1.55665],[104.45356,-1.55529],[104.45209,-1.55448],[104.45283,-1.55421],[104.45258,-1.55312],[104.45274,-1.55204],[104.45203,-1.55231],[104.45162,-1.54905],[104.4509,-1.54742],[104.45114,-1.54715],[104.45085,-1.54727],[104.45033,-1.54607],[104.44839,-1.53901],[104.44776,-1.53792],[104.44782,-1.53684],[104.44633,-1.53385],[104.44543,-1.53304],[104.44528,-1.53195],[104.44426,-1.53032],[104.44398,-1.52842],[104.44458,-1.52815],[104.44439,-1.52784],[104.44385,-1.52781],[104.44336,-1.52652],[104.44343,-1.52544],[104.4437,-1.52517],[104.44327,-1.52327],[104.44277,-1.52241],[104.44196,-1.52217],[104.44147,-1.52164],[104.44179,-1.51974],[104.44078,-1.51838],[104.44115,-1.51748],[104.44045,-1.51702],[104.44001,-1.51567],[104.44011,-1.51485],[104.44075,-1.51458],[104.4403,-1.51349],[104.44035,-1.51262],[104.43983,-1.51187],[104.44012,-1.51078],[104.43967,-1.51051],[104.43932,-1.50888],[104.43954,-1.50823],[104.43908,-1.50671],[104.43965,-1.50671],[104.4395,-1.50535],[104.43983,-1.50508],[104.43955,-1.50481],[104.43949,-1.50399],[104.43981,-1.50441],[104.44005,-1.50427],[104.43964,-1.50372],[104.44007,-1.50345],[104.43972,-1.50264],[104.44001,-1.50182],[104.43962,-1.50155],[104.43948,-1.50074],[104.43981,-1.50042],[104.4396,-1.49992],[104.43981,-1.49938],[104.43929,-1.49884],[104.44004,-1.49802],[104.43971,-1.49748],[104.43996,-1.49721],[104.43979,-1.49667],[104.44024,-1.49585],[104.43954,-1.49531],[104.44031,-1.49504],[104.43991,-1.4945],[104.44049,-1.49422],[104.44039,-1.49368],[104.44081,-1.49314],[104.44062,-1.49178],[104.4411,-1.49015],[104.44098,-1.4888],[104.44167,-1.48717],[104.44128,-1.4869],[104.44106,-1.48581],[104.44172,-1.48527],[104.44211,-1.48364],[104.442,-1.48283],[104.4426,-1.48174],[104.44216,-1.48093],[104.44285,-1.48011],[104.44326,-1.47821],[104.44311,-1.47523],[104.44356,-1.47468],[104.44328,-1.47414],[104.44386,-1.47333],[104.4434,-1.47251],[104.44419,-1.47197],[104.44552,-1.46709],[104.44559,-1.46573],[104.44629,-1.46494],[104.44761,-1.4603],[104.44827,-1.45867],[104.44882,-1.45813],[104.44814,-1.45732],[104.44886,-1.4565],[104.44851,-1.45623],[104.44926,-1.45559],[104.45007,-1.45337],[104.45044,-1.45134],[104.44953,-1.45081],[104.4493,-1.45026],[104.45041,-1.44999],[104.44947,-1.44944],[104.44953,-1.4489],[104.45007,-1.44865],[104.45037,-1.4489],[104.4501,-1.44863],[104.45088,-1.44845],[104.45142,-1.44778],[104.45207,-1.44565],[104.45199,-1.44429],[104.45269,-1.44347],[104.4524,-1.44293],[104.45277,-1.44262],[104.45331,-1.44323],[104.45292,-1.44212],[104.45358,-1.44225],[104.45385,-1.4419],[104.45341,-1.44158],[104.45314,-1.44049],[104.45412,-1.44051],[104.45574,-1.43899],[104.45589,-1.4394],[104.45439,-1.44107],[104.45439,-1.44145],[104.45472,-1.44158],[104.45403,-1.44348],[104.45403,-1.44483],[104.45463,-1.44646],[104.45461,-1.44727],[104.45492,-1.44729],[104.45573,-1.44535],[104.45547,-1.44483],[104.45603,-1.4432],[104.4566,-1.44293],[104.45671,-1.44049],[104.45739,-1.43805],[104.45708,-1.43822],[104.45706,-1.43778],[104.45735,-1.43738],[104.45766,-1.43751],[104.45753,-1.43669],[104.45807,-1.43452],[104.45791,-1.43289],[104.4582,-1.43235],[104.45817,-1.43099],[104.4579,-1.42991],[104.45784,-1.42448],[104.45704,-1.41444],[104.45756,-1.41199],[104.45704,-1.41091],[104.45698,-1.40982],[104.45709,-1.40938],[104.45736,-1.40972],[104.45743,-1.40928],[104.45714,-1.40901],[104.45696,-1.40738],[104.45615,-1.40602],[104.45527,-1.40168],[104.45267,-1.39462],[104.45212,-1.39001],[104.45262,-1.38431],[104.45317,-1.38404],[104.45359,-1.3832],[104.45386,-1.38337],[104.45452,-1.37725],[104.45521,-1.3759],[104.45633,-1.3721],[104.45621,-1.36965],[104.45591,-1.36911],[104.45602,-1.36865],[104.45656,-1.36887],[104.45663,-1.36857],[104.45642,-1.36477],[104.45673,-1.36368],[104.45652,-1.36178],[104.45686,-1.3607],[104.45683,-1.35911],[104.45629,-1.36028],[104.45617,-1.35988],[104.45688,-1.35853],[104.45708,-1.35717],[104.45685,-1.35669]],[[104.45307,-1.44456],[104.45299,-1.44402],[104.45251,-1.44402],[104.45261,-1.44456],[104.45307,-1.44456]],[[104.44122,-1.51648],[104.44115,-1.5158],[104.44088,-1.51587],[104.44086,-1.51621],[104.44122,-1.51648]],[[104.45826,-1.57456],[104.45833,-1.57429],[104.45813,-1.57327],[104.45813,-1.57472],[104.45826,-1.57456]],[[104.45879,-1.57728],[104.45867,-1.57663],[104.4584,-1.57617],[104.45859,-1.57674],[104.45837,-1.57701],[104.45867,-1.57752],[104.45879,-1.57728]],[[104.45931,-1.57945],[104.4595,-1.57809],[104.45922,-1.57782],[104.45921,-1.57693],[104.45921,-1.57958],[104.45931,-1.57945]],[[104.52147,-1.71485],[104.52534,-1.71408],[104.52702,-1.71246],[104.52726,-1.71137],[104.52631,-1.7111],[104.52063,-1.70214],[104.51096,-1.68971],[104.49834,-1.67527],[104.49862,-1.67472],[104.49667,-1.67289],[104.49599,-1.67282],[104.49443,-1.67174],[104.49436,-1.67092],[104.49379,-1.67065],[104.49325,-1.66957],[104.494,-1.66929],[104.49397,-1.66884],[104.49451,-1.66874],[104.49478,-1.66904],[104.49559,-1.66866],[104.49625,-1.66875],[104.49623,-1.66957],[104.49667,-1.66964],[104.49789,-1.6689]],[[104.50473,-1.80331],[104.50904,-1.80646],[104.51039,-1.80689],[104.51147,-1.80676],[104.51525,-1.80508],[104.51713,-1.80303],[104.51929,-1.80319],[104.52118,-1.80218],[104.52199,-1.8013],[104.52377,-1.80093],[104.52538,-1.79931],[104.52927,-1.79992],[104.53035,-1.79897],[104.53274,-1.79497],[104.53386,-1.79366],[104.53548,-1.79277],[104.53608,-1.79171],[104.53568,-1.79117],[104.53611,-1.7909],[104.53683,-1.78939],[104.53737,-1.78956],[104.5382,-1.78873],[104.53842,-1.78818],[104.53787,-1.78764],[104.53845,-1.78752],[104.53917,-1.78683],[104.539,-1.78601],[104.53953,-1.7852],[104.54007,-1.78483],[104.54088,-1.78499],[104.54115,-1.78536],[104.5433,-1.78279],[104.54357,-1.7828],[104.54357,-1.78366],[104.54532,-1.78276],[104.54484,-1.77814],[104.54533,-1.77814],[104.54529,-1.7776],[104.54462,-1.77516],[104.54505,-1.77407],[104.54467,-1.77081],[104.54344,-1.76837],[104.54197,-1.76376],[104.54223,-1.76271],[104.5425,-1.76335],[104.54317,-1.7624],[104.54287,-1.75561],[104.54223,-1.75371],[104.541,-1.75181],[104.54061,-1.75187],[104.54038,-1.75154],[104.53903,-1.74801],[104.53715,-1.74177],[104.53681,-1.7415],[104.53643,-1.73987],[104.53676,-1.73933],[104.53609,-1.73661],[104.53478,-1.73471],[104.53037,-1.72516],[104.52956,-1.7245],[104.52821,-1.72242],[104.52717,-1.71978],[104.52475,-1.7168],[104.52363,-1.7159],[104.52188,-1.71544]],[[104.52941,-1.71897],[104.52936,-1.71761],[104.52902,-1.71706],[104.52754,-1.71653],[104.52829,-1.71816],[104.52941,-1.71897]],[[104.5039,-1.80904],[104.50425,-1.80609],[104.50392,-1.80518],[104.50321,-1.80446]]]}},{"id":"84","type":"Feature","properties":{"year":2013,"certainty":"good"},"geometry":{"type":"MultiLineString","coordinates":[[[104.48349,-1.83214],[104.4853,-1.83323],[104.48665,-1.8321],[104.48703,-1.83132],[104.48835,-1.83078],[104.48944,-1.82807],[104.49177,-1.824],[104.49529,-1.82047],[104.49706,-1.81748],[104.50041,-1.81498],[104.50159,-1.81369],[104.50311,-1.81144],[104.50394,-1.80907]],[[104.47262,-1.85048],[104.47423,-1.85128],[104.47747,-1.8521],[104.47882,-1.85179],[104.4806,-1.85032],[104.48196,-1.84706],[104.48255,-1.84028],[104.48314,-1.83932],[104.48402,-1.83919],[104.48433,-1.83865],[104.48457,-1.83431],[104.48306,-1.83268]],[[104.46722,-1.86338],[104.46835,-1.8628],[104.47244,-1.85846],[104.47227,-1.85683],[104.47277,-1.85602],[104.47248,-1.85547],[104.47331,-1.85493],[104.47335,-1.8533],[104.47329,-1.85249],[104.47188,-1.8514]],[[104.60639,-1.96326],[104.60849,-1.9619],[104.60935,-1.95991],[104.61099,-1.95837],[104.61216,-1.95783],[104.61258,-1.95663],[104.61285,-1.95733],[104.61339,-1.9574],[104.61614,-1.95512],[104.61906,-1.95344],[104.62122,-1.95072],[104.62216,-1.94698],[104.62403,-1.94236],[104.62477,-1.94155],[104.62468,-1.94128],[104.62608,-1.9404],[104.62635,-1.9399],[104.62723,-1.94019],[104.62742,-1.93975],[104.62796,-1.93962],[104.62904,-1.93785],[104.63255,-1.93619],[104.63498,-1.93549],[104.63687,-1.93533],[104.63822,-1.93566],[104.63956,-1.9368],[104.64064,-1.93685],[104.64394,-1.9345],[104.64519,-1.93097],[104.64451,-1.93015],[104.64496,-1.93023],[104.64523,-1.92961],[104.64362,-1.92228],[104.6428,-1.9207],[104.63955,-1.91685],[104.6366,-1.91397],[104.63542,-1.91333],[104.63283,-1.91093],[104.62986,-1.907],[104.62824,-1.90579],[104.62662,-1.90386],[104.62442,-1.90192],[104.62339,-1.89984],[104.62123,-1.89844],[104.62095,-1.89894],[104.6164,-1.89432],[104.61645,-1.89378],[104.61563,-1.89269],[104.61314,-1.89045],[104.61233,-1.89026],[104.6106,-1.88889],[104.60235,-1.88125],[104.60071,-1.88021],[104.59665,-1.87668],[104.59497,-1.87478],[104.5924,-1.87288],[104.59264,-1.87248],[104.5921,-1.87174],[104.59026,-1.8707],[104.59072,-1.86989],[104.58995,-1.86951],[104.58968,-1.86998],[104.58914,-1.86952],[104.58806,-1.86942],[104.58509,-1.86716],[104.58464,-1.86582],[104.58374,-1.8655],[104.58314,-1.86419],[104.58186,-1.86486],[104.58132,-1.86403],[104.58024,-1.86383],[104.5797,-1.86323],[104.57862,-1.86307],[104.57727,-1.86164],[104.5757,-1.8612],[104.57581,-1.86093],[104.57511,-1.86062],[104.57484,-1.86009],[104.57457,-1.8606],[104.57188,-1.85917],[104.56999,-1.85876],[104.56972,-1.85843],[104.5619,-1.85648],[104.55674,-1.85441],[104.55542,-1.85329],[104.553,-1.85266],[104.55192,-1.85293],[104.54382,-1.85698],[104.54355,-1.85676],[104.5424,-1.85766],[104.54017,-1.86065],[104.53977,-1.86173],[104.54018,-1.86513]],[[104.53262,-1.89012],[104.53108,-1.89362]],[[104.52937,-1.89688],[104.5268,-1.90353],[104.52634,-1.90733],[104.52414,-1.91153]],[[104.5231,-1.91343],[104.52304,-1.9144],[104.52412,-1.91419],[104.52709,-1.91136]],[[104.47259,-1.8704],[104.47445,-1.86796],[104.4745,-1.86731],[104.47396,-1.86654],[104.47195,-1.8647],[104.46803,-1.8653]],[[104.47422,-1.88746],[104.47638,-1.88658],[104.47741,-1.8856],[104.47893,-1.88099],[104.47938,-1.87692],[104.47887,-1.87393],[104.4772,-1.87118],[104.47585,-1.86999],[104.47531,-1.86994],[104.4745,-1.86991],[104.47327,-1.87094]],[[104.46289,-1.90793],[104.46423,-1.90677],[104.46936,-1.90588],[104.47233,-1.90446],[104.47442,-1.90297],[104.47652,-1.90053],[104.47763,-1.89781],[104.4782,-1.89456],[104.47867,-1.89347],[104.47865,-1.8913],[104.47746,-1.8893],[104.4753,-1.88796],[104.47449,-1.88802]],[[104.46464,-1.92262],[104.46384,-1.91952],[104.46379,-1.91708],[104.46549,-1.90948],[104.46505,-1.90904],[104.46343,-1.90918],[104.46289,-1.90856]],[[104.47331,-1.91193],[104.47328,-1.91165],[104.47368,-1.911],[104.47314,-1.91106],[104.4725,-1.91165],[104.4726,-1.91205],[104.47331,-1.91193]],[[104.4676,-1.91437],[104.46836,-1.9141],[104.46807,-1.91382],[104.46857,-1.91328],[104.46822,-1.91301],[104.46817,-1.9122],[104.46774,-1.91267],[104.46747,-1.912],[104.46693,-1.91191],[104.46627,-1.91382],[104.46666,-1.91444],[104.4672,-1.9146],[104.4676,-1.91437]],[[104.52723,-1.91167],[104.52375,-1.91547],[104.52238,-1.91764],[104.52124,-1.92035],[104.52068,-1.92361],[104.52223,-1.92548]],[[104.4963,-1.94165],[104.49628,-1.94111]],[[104.49665,-1.93215],[104.49402,-1.92442],[104.49279,-1.92224],[104.49251,-1.92062],[104.49202,-1.9204],[104.49148,-1.91935],[104.48882,-1.91682],[104.48716,-1.91454],[104.4842,-1.91266],[104.48069,-1.91218],[104.47745,-1.91257],[104.4761,-1.91295],[104.47583,-1.91329],[104.47422,-1.91271],[104.4726,-1.91288],[104.47152,-1.91357],[104.47005,-1.91722]],[[104.47003,-1.91726],[104.46995,-1.91776]],[[104.46976,-1.91826],[104.46916,-1.92075]],[[104.46747,-1.91375],[104.4672,-1.91372],[104.46669,-1.91328],[104.46747,-1.91311],[104.46768,-1.91328],[104.46747,-1.91375]],[[104.46537,-1.91518],[104.46623,-1.91437],[104.46585,-1.91388],[104.46515,-1.91491],[104.46537,-1.91518]],[[104.46531,-1.91717],[104.4645,-1.91762],[104.46531,-1.91787],[104.46555,-1.91762]],[[104.52169,-1.92653],[104.52034,-1.92594],[104.51899,-1.92609],[104.51629,-1.92522],[104.51535,-1.92536]],[[104.51229,-1.92673],[104.51211,-1.92727]],[[104.51211,-1.92727],[104.51184,-1.92746]],[[104.50993,-1.92809],[104.50874,-1.92847],[104.50781,-1.92931],[104.50699,-1.9296]],[[104.61177,-1.98621],[104.6142,-1.98728],[104.61528,-1.98693],[104.61617,-1.98606],[104.61724,-1.9828],[104.61702,-1.98009],[104.61721,-1.97846],[104.61687,-1.97751]],[[104.61522,-1.97045],[104.61447,-1.96927],[104.6142,-1.96954],[104.61387,-1.96923],[104.61393,-1.96867],[104.61285,-1.96742],[104.612,-1.96733],[104.61154,-1.96597],[104.61092,-1.9657],[104.61046,-1.96462],[104.60908,-1.96395],[104.60719,-1.96498]],[[104.65373,-1.96441],[104.65251,-1.96495],[104.65143,-1.96461],[104.65116,-1.96507],[104.65089,-1.9649],[104.64996,-1.96544],[104.6488,-1.96652],[104.64711,-1.96686],[104.64644,-1.9674]],[[104.64467,-1.96883],[104.64279,-1.96912],[104.64131,-1.96993]],[[104.63069,-1.98267],[104.63119,-1.98316]],[[104.63065,-1.98426],[104.62939,-1.98348]],[[104.62796,-1.9843],[104.62782,-1.98449]],[[104.62781,-1.98457],[104.62468,-1.99203],[104.62305,-1.99366],[104.6224,-1.99475],[104.61905,-1.99779],[104.61743,-2.00052],[104.61554,-2.0018],[104.61461,-2.00289],[104.61354,-2.00343],[104.61257,-2.00504],[104.60691,-2.0077],[104.60286,-2.00815],[104.60243,-2.00858],[104.60244,-2.00913],[104.60307,-2.01021],[104.60232,-2.00997],[104.60124,-2.00893],[104.59935,-2.00814],[104.59585,-2.00811],[104.59531,-2.00843],[104.59415,-2.00804],[104.59415,-2.00749],[104.59477,-2.00737],[104.59484,-2.00695],[104.59288,-2.00511],[104.59241,-2.00614],[104.59153,-2.00666],[104.59126,-2.00722],[104.59085,-2.00695],[104.59072,-2.006],[104.58951,-2.00614],[104.58964,-2.00711],[104.59072,-2.00769],[104.59099,-2.00722],[104.59126,-2.00789],[104.58884,-2.00776],[104.58519,-2.00615]],[[104.58951,-2.00224],[104.59666,-2.00215],[104.60178,-2.00168],[104.60367,-2.00114],[104.60583,-1.99998],[104.60943,-1.9961],[104.61285,-1.99034],[104.61288,-1.98931],[104.61096,-1.98764]],[[104.58088,-2.00061],[104.58169,-2.00069]],[[104.58161,-2.00708],[104.58144,-2.00858]],[[104.57741,-2.00518],[104.57589,-2.00457],[104.57467,-2.00358]],[[104.58155,-2.00342],[104.58074,-2.00242],[104.58008,-2.00315],[104.58047,-2.00368],[104.58155,-2.00342]],[[104.58054,-2.00464],[104.5802,-2.00436],[104.58,-2.00464]]]}},{"id":"85","type":"Feature","properties":{"year":2013,"certainty":"insufficient data"},"geometry":{"type":"MultiLineString","coordinates":[[[104.54018,-1.86513],[104.54107,-1.86608],[104.54085,-1.86633],[104.54032,-1.86576],[104.54001,-1.86581],[104.54005,-1.86608],[104.54106,-1.86662],[104.54063,-1.86743],[104.54069,-1.86906],[104.54004,-1.87042],[104.53978,-1.87232],[104.5388,-1.87503],[104.53802,-1.87612],[104.53761,-1.87767],[104.53629,-1.87938],[104.536,-1.88152],[104.53407,-1.88372],[104.53434,-1.8848],[104.53299,-1.88453],[104.53363,-1.8867],[104.53318,-1.88914],[104.53262,-1.89012]],[[104.53108,-1.89362],[104.52975,-1.89539],[104.52937,-1.89688]],[[104.52414,-1.91153],[104.5231,-1.91343]],[[104.46467,-1.92604],[104.46464,-1.92262]],[[104.49709,-1.94803],[104.49656,-1.94586],[104.4963,-1.94165]],[[104.49628,-1.94111],[104.49615,-1.9388],[104.49683,-1.93392],[104.49665,-1.93215]],[[104.47005,-1.91722],[104.47003,-1.91726]],[[104.46995,-1.91776],[104.46976,-1.91826]],[[104.46916,-1.92075],[104.46832,-1.92631]],[[104.51535,-1.92536],[104.51333,-1.9251],[104.51263,-1.92578],[104.51229,-1.92673]],[[104.51211,-1.92727],[104.51211,-1.92727]],[[104.51184,-1.92746],[104.50993,-1.92809]],[[104.50699,-1.9296],[104.50624,-1.93039],[104.50521,-1.93446],[104.50142,-1.9388],[104.50061,-1.94369],[104.50071,-1.94722]],[[104.61687,-1.97751],[104.61653,-1.97683],[104.61687,-1.97385],[104.61561,-1.97195],[104.61522,-1.97045]],[[104.64644,-1.9674],[104.64553,-1.96842],[104.64467,-1.96883]],[[104.64131,-1.96993],[104.63929,-1.97108],[104.63821,-1.97289],[104.63767,-1.97262],[104.63713,-1.97328],[104.63632,-1.97303],[104.63578,-1.97342],[104.63038,-1.97892],[104.62959,-1.98063],[104.63069,-1.98267]],[[104.62939,-1.98348],[104.62849,-1.98327],[104.62796,-1.9843]],[[104.62782,-1.98449],[104.62781,-1.98457]],[[104.58519,-2.00615],[104.58466,-2.00586],[104.58801,-2.00505],[104.58884,-2.00288],[104.58861,-2.00261],[104.58951,-2.00224]],[[104.57184,-1.99841],[104.58088,-2.00061]],[[104.58169,-2.00069],[104.58533,-2.00145],[104.58619,-2.00179],[104.58622,-2.00206],[104.58575,-2.00234],[104.58614,-2.003],[104.58502,-2.00369],[104.58472,-2.00478],[104.58506,-2.00543],[104.58425,-2.00568],[104.58263,-2.00547],[104.58199,-2.00586],[104.58161,-2.00708]],[[104.57855,-2.00831],[104.57903,-2.00586],[104.57741,-2.00518]],[[104.57467,-2.00358],[104.57368,-2.00288],[104.57428,-2.00233],[104.57346,-2.00024],[104.5713,-1.99984]],[[104.5713,-1.99995],[104.57238,-2.00081],[104.57238,-2.00113],[104.57184,-2.00139],[104.57103,-2.00059]],[[104.57676,-2.00125],[104.57648,-2.00043],[104.57616,-2.00032],[104.57534,-2.00098],[104.57676,-2.00125]],[[104.58043,-2.00532],[104.58054,-2.00464]],[[104.58,-2.00464],[104.5796,-2.00532],[104.58043,-2.00532]]]}},{"id":"86","type":"Feature","properties":{"year":2014,"certainty":"unstable data"},"geometry":{"type":"MultiLineString","coordinates":[[[104.52665,-1.90475],[104.52642,-1.90692]],[[104.52641,-1.90695],[104.52572,-1.90855]],[[104.5256,-1.90869],[104.52552,-1.90882]]]}},{"id":"87","type":"Feature","properties":{"year":2014,"certainty":"good"},"geometry":{"type":"MultiLineString","coordinates":[[[104.48349,-1.83214],[104.4853,-1.83323],[104.48665,-1.8321],[104.48702,-1.83132],[104.48837,-1.83078],[104.48903,-1.82888],[104.49193,-1.82372],[104.49544,-1.82047],[104.49685,-1.81775],[104.50014,-1.81524],[104.50161,-1.81369],[104.50306,-1.81151],[104.5041,-1.80907]],[[104.47262,-1.85048],[104.47531,-1.8516],[104.47801,-1.85204],[104.47963,-1.85137],[104.48079,-1.85005],[104.48197,-1.84706],[104.48299,-1.83946],[104.48395,-1.83929],[104.48435,-1.83865],[104.48459,-1.83431],[104.48306,-1.83268]],[[104.46722,-1.86346],[104.46914,-1.86226],[104.46908,-1.86199],[104.47246,-1.85846],[104.47231,-1.8571],[104.47277,-1.85602],[104.47257,-1.85547],[104.47333,-1.85493],[104.47333,-1.85276],[104.47183,-1.8514]],[[104.60641,-1.96326],[104.60827,-1.96215],[104.60891,-1.96136],[104.60928,-1.96],[104.61103,-1.95837],[104.61211,-1.95783],[104.61258,-1.95658],[104.6128,-1.95729],[104.61339,-1.95741],[104.61617,-1.95512],[104.61925,-1.95322],[104.62122,-1.95072],[104.62226,-1.94671],[104.62257,-1.94691],[104.62257,-1.94579],[104.62407,-1.94236],[104.62599,-1.94019],[104.62635,-1.93999],[104.62709,-1.94019],[104.62806,-1.93965],[104.62838,-1.93856],[104.62904,-1.93792],[104.63255,-1.9362],[104.63309,-1.93635],[104.63687,-1.93541],[104.63822,-1.93567],[104.63983,-1.93694],[104.64118,-1.93667],[104.64293,-1.93504],[104.64402,-1.93205],[104.64511,-1.93124],[104.64519,-1.93097],[104.64469,-1.93073],[104.64404,-1.93097],[104.64489,-1.9288],[104.64482,-1.92825],[104.64469,-1.92767],[104.64415,-1.92831],[104.64399,-1.92798],[104.64445,-1.92663],[104.64363,-1.92228],[104.6428,-1.92071],[104.64027,-1.91767],[104.63579,-1.9135],[104.63544,-1.9136],[104.63304,-1.91142],[104.62986,-1.90708],[104.62905,-1.90682],[104.62878,-1.90654],[104.62905,-1.90627],[104.62878,-1.90653],[104.62852,-1.90572],[104.6277,-1.90483],[104.62393,-1.9014],[104.62394,-1.90084],[104.62339,-1.90015],[104.62015,-1.89769],[104.61961,-1.8976],[104.61638,-1.89434],[104.61611,-1.89339],[104.61368,-1.89103],[104.60855,-1.88726],[104.60828,-1.88671],[104.60748,-1.88626],[104.60248,-1.88129],[104.60082,-1.88021],[104.59681,-1.87668],[104.59642,-1.87575],[104.5928,-1.87342],[104.59206,-1.8726],[104.59183,-1.87184],[104.59022,-1.87031],[104.58806,-1.86939],[104.58505,-1.86717],[104.58374,-1.86578],[104.58098,-1.86446],[104.57997,-1.86382],[104.5797,-1.8633],[104.57835,-1.86311],[104.57511,-1.86077],[104.5708,-1.8588],[104.56047,-1.85631],[104.55727,-1.85468],[104.55657,-1.85468],[104.55569,-1.85377],[104.55461,-1.85353],[104.55381,-1.85279],[104.55192,-1.85274],[104.54985,-1.85414],[104.54436,-1.85674],[104.5414,-1.85893],[104.54004,-1.86092],[104.53973,-1.86255],[104.54009,-1.86363],[104.54,-1.86472],[104.5414,-1.86662],[104.54063,-1.86743],[104.54058,-1.86906],[104.53998,-1.87042],[104.53985,-1.87205],[104.53751,-1.87775],[104.53623,-1.87938],[104.536,-1.88145],[104.53404,-1.88372],[104.53429,-1.8848],[104.53295,-1.88453],[104.5336,-1.88643],[104.53317,-1.88914],[104.53172,-1.8924],[104.52975,-1.89539],[104.52907,-1.8981],[104.5268,-1.90353],[104.52665,-1.90475]],[[104.52642,-1.90692],[104.52641,-1.90695]],[[104.52572,-1.90855],[104.5256,-1.90869]],[[104.52552,-1.90882],[104.52298,-1.91357],[104.523,-1.91438],[104.52439,-1.91403],[104.52709,-1.91134]],[[104.47256,-1.8704],[104.47443,-1.86796],[104.47438,-1.86714],[104.47396,-1.86659],[104.47197,-1.8647],[104.46803,-1.86531]],[[104.47422,-1.88746],[104.47638,-1.88655],[104.47741,-1.8856],[104.4789,-1.88126],[104.47938,-1.87692],[104.47886,-1.87393],[104.477,-1.87094],[104.47585,-1.87],[104.4745,-1.86996],[104.47328,-1.87094]],[[104.46262,-1.90747],[104.46532,-1.90643],[104.46936,-1.90584],[104.47125,-1.90498],[104.47434,-1.90297],[104.47652,-1.90053],[104.47867,-1.89347],[104.47865,-1.8913],[104.47746,-1.8893],[104.4753,-1.88796],[104.47449,-1.88802]],[[104.4646,-1.92604],[104.46465,-1.92278],[104.46387,-1.91979],[104.46369,-1.91654],[104.4653,-1.90948],[104.46424,-1.90913],[104.46289,-1.90964]],[[104.47321,-1.91193],[104.4731,-1.91165],[104.47359,-1.91111],[104.47341,-1.91102],[104.47257,-1.91165],[104.47287,-1.91205],[104.47321,-1.91193]],[[104.52725,-1.91167],[104.52372,-1.91547],[104.52237,-1.91764],[104.52127,-1.92035],[104.5207,-1.92361],[104.52223,-1.92547]],[[104.49703,-1.94803],[104.49618,-1.94206],[104.49619,-1.93853],[104.49685,-1.93365],[104.49622,-1.93039],[104.49402,-1.92442],[104.49279,-1.92224],[104.49247,-1.92062],[104.48882,-1.91682],[104.48689,-1.91433],[104.48285,-1.91234],[104.47853,-1.91237],[104.47745,-1.91258],[104.47662,-1.91328],[104.47583,-1.91347],[104.47449,-1.91279],[104.47287,-1.91283],[104.47186,-1.91328],[104.47058,-1.91572],[104.46973,-1.91844],[104.46834,-1.92631]],[[104.52169,-1.92654],[104.52034,-1.92596],[104.51899,-1.92612],[104.51629,-1.92523],[104.51333,-1.92511],[104.51265,-1.92578],[104.51189,-1.92741],[104.50901,-1.92837],[104.50791,-1.92931],[104.50658,-1.92981],[104.50505,-1.93473],[104.50357,-1.93609],[104.50143,-1.9388],[104.50063,-1.94369],[104.50082,-1.94722]],[[104.65373,-1.96331],[104.6517,-1.96398],[104.64927,-1.96634],[104.64819,-1.96685],[104.64711,-1.96692],[104.64495,-1.96877],[104.64279,-1.96905],[104.63929,-1.97089],[104.63794,-1.97261],[104.63767,-1.97237],[104.63713,-1.97312],[104.63632,-1.97298],[104.63578,-1.9734],[104.62975,-1.97982],[104.62974,-1.98118],[104.63119,-1.98316]],[[104.61177,-1.98622],[104.61447,-1.98727],[104.61581,-1.98649],[104.61662,-1.98518],[104.61726,-1.98253],[104.61719,-1.97819],[104.61672,-1.97683],[104.61694,-1.97385],[104.61549,-1.97059],[104.61321,-1.96787],[104.61324,-1.96733],[104.61246,-1.96706],[104.61177,-1.96634],[104.61144,-1.9657],[104.61181,-1.96489],[104.6115,-1.9644],[104.60908,-1.96394],[104.60719,-1.96498]],[[104.61415,-1.9657],[104.61464,-1.96516],[104.61449,-1.96489],[104.61339,-1.96461],[104.61312,-1.96513],[104.61285,-1.96477],[104.61288,-1.96543],[104.61415,-1.9657]],[[104.63065,-1.98426],[104.62903,-1.98326],[104.62849,-1.98328],[104.62472,-1.99192],[104.6224,-1.99475],[104.61912,-1.99773],[104.61743,-2.00051],[104.61554,-2.00182],[104.61463,-2.00289],[104.61355,-2.00343],[104.61257,-2.00507],[104.60691,-2.00769],[104.60286,-2.00813],[104.60244,-2.00858],[104.60248,-2.00913],[104.60345,-2.01048]],[[104.57184,-1.99844],[104.58619,-2.00179],[104.5858,-2.00234],[104.58622,-2.00288],[104.58502,-2.00369],[104.58476,-2.00478],[104.58526,-2.00532],[104.58506,-2.00564],[104.588,-2.00505],[104.58857,-2.00357],[104.58779,-2.00288],[104.58857,-2.00282],[104.5891,-2.00225],[104.59666,-2.00215],[104.60286,-2.00137],[104.6061,-1.99975],[104.60858,-1.99718],[104.61053,-1.99447],[104.61301,-1.98986],[104.61291,-1.98931],[104.61204,-1.98837],[104.61096,-1.98764]],[[104.57854,-2.00831],[104.57856,-2.00722],[104.57904,-2.00613],[104.57885,-2.00572],[104.57575,-2.0045],[104.57365,-2.00288],[104.57407,-2.00233],[104.57346,-2.00272],[104.57238,-2.00194],[104.57103,-2.00158]],[[104.59379,-2.00614],[104.59324,-2.00532],[104.59288,-2.00514],[104.59261,-2.00569],[104.59369,-2.00636],[104.59379,-2.00614]],[[104.6034,-2.01075],[104.60151,-2.00904],[104.59962,-2.00821],[104.59585,-2.00812],[104.59531,-2.00849],[104.59406,-2.00804],[104.59423,-2.00726],[104.59479,-2.00722],[104.5945,-2.00685],[104.59409,-2.00695],[104.59396,-2.00743],[104.5927,-2.00722],[104.59288,-2.00789],[104.59315,-2.00766],[104.59352,-2.00804],[104.59129,-2.00804],[104.59165,-2.00777],[104.59168,-2.00749],[104.59099,-2.00722],[104.59072,-2.00602],[104.58964,-2.00596],[104.58952,-2.00695],[104.59018,-2.00746],[104.59072,-2.00753],[104.59099,-2.00722],[104.59151,-2.00777],[104.59126,-2.00802],[104.58884,-2.00776],[104.58452,-2.00575],[104.58263,-2.00548],[104.58164,-2.00668],[104.58144,-2.00858]]]}},{"id":"88","type":"Feature","properties":{"year":2014,"certainty":"good"},"geometry":{"type":"MultiLineString","coordinates":[[[104.52147,-1.71484],[104.52579,-1.71392],[104.5266,-1.71327],[104.52705,-1.71219],[104.5269,-1.71164],[104.52633,-1.71136],[104.52417,-1.70834],[104.52061,-1.70214],[104.51454,-1.69454],[104.51447,-1.69321],[104.51339,-1.69278],[104.51312,-1.69205],[104.51285,-1.69234],[104.51231,-1.69189],[104.50983,-1.68911],[104.50995,-1.68748],[104.50778,-1.68504],[104.50712,-1.68477],[104.50773,-1.68357],[104.50692,-1.68292],[104.50684,-1.68368],[104.50636,-1.68368],[104.50615,-1.68341],[104.50638,-1.68258],[104.50495,-1.68178],[104.50287,-1.67959],[104.5026,-1.68062],[104.50125,-1.67912],[104.50098,-1.67944],[104.49976,-1.67771],[104.49997,-1.67744],[104.4991,-1.67719],[104.49832,-1.67581],[104.49802,-1.67582],[104.4964,-1.67401],[104.49532,-1.67348],[104.49495,-1.67255],[104.49532,-1.67201],[104.49451,-1.67119],[104.49397,-1.67116],[104.49343,-1.67019],[104.49283,-1.66984],[104.49268,-1.66902],[104.49116,-1.66794],[104.49074,-1.66685],[104.49089,-1.66658],[104.49047,-1.66631],[104.48995,-1.66468],[104.48947,-1.66414],[104.4888,-1.66197],[104.48831,-1.66115],[104.48804,-1.66124],[104.48751,-1.66007],[104.48706,-1.65817],[104.48422,-1.65274],[104.48129,-1.64812],[104.47936,-1.64378],[104.47726,-1.64045],[104.47704,-1.63998],[104.47732,-1.63971],[104.47726,-1.63933],[104.47699,-1.63994],[104.47477,-1.63591],[104.46829,-1.62152],[104.46664,-1.61636],[104.4659,-1.61528],[104.46552,-1.61229],[104.46513,-1.61223],[104.46487,-1.61121],[104.46494,-1.61039],[104.46432,-1.60974],[104.46432,-1.60896],[104.46348,-1.60768],[104.46217,-1.60356],[104.46202,-1.60225],[104.4596,-1.59655],[104.46002,-1.59465],[104.45974,-1.59491],[104.4592,-1.59423],[104.45919,-1.59356],[104.45866,-1.59291],[104.45837,-1.59139],[104.4578,-1.59031],[104.45789,-1.58814],[104.45865,-1.58732],[104.45795,-1.58705],[104.45813,-1.58678],[104.45737,-1.58624],[104.45735,-1.58488],[104.45761,-1.58461],[104.45716,-1.58406],[104.45732,-1.58271],[104.45695,-1.58216],[104.4572,-1.58081],[104.45663,-1.57972],[104.45614,-1.57646],[104.45546,-1.57538],[104.45485,-1.57185],[104.45445,-1.57131],[104.45419,-1.56805],[104.45267,-1.56669],[104.45328,-1.56601],[104.45449,-1.56588],[104.45397,-1.56479],[104.45412,-1.56452],[104.45343,-1.56371],[104.45283,-1.56208],[104.45261,-1.56045],[104.45274,-1.56025],[104.45301,-1.56058],[104.45328,-1.56034],[104.45301,-1.5604],[104.45269,-1.55991],[104.45224,-1.55665],[104.45304,-1.55611],[104.45286,-1.55502],[104.45247,-1.55488],[104.4522,-1.55542],[104.45189,-1.55421],[104.45235,-1.55394],[104.45203,-1.55312],[104.45247,-1.5526],[104.45247,-1.55229],[104.45193,-1.55281],[104.45128,-1.55149],[104.45139,-1.55101],[104.45179,-1.55122],[104.45187,-1.55068],[104.45093,-1.54742],[104.45113,-1.54715],[104.45046,-1.54634],[104.44968,-1.54444],[104.44843,-1.53945],[104.44598,-1.53494],[104.44478,-1.53195],[104.44398,-1.52842],[104.44458,-1.52815],[104.44439,-1.52784],[104.44385,-1.52781],[104.44304,-1.52572],[104.44277,-1.52626],[104.44265,-1.52598],[104.44281,-1.52544],[104.44242,-1.52489],[104.44229,-1.52299],[104.44281,-1.52245],[104.44196,-1.52206],[104.44152,-1.52137],[104.44137,-1.52055],[104.44179,-1.51974],[104.44051,-1.51702],[104.4401,-1.51567],[104.44024,-1.51512],[104.43973,-1.51485],[104.44024,-1.51268],[104.43957,-1.51132],[104.44011,-1.51078],[104.43981,-1.51095],[104.43954,-1.5095],[104.43923,-1.50969],[104.43927,-1.50898],[104.43853,-1.50888],[104.43897,-1.50861],[104.4388,-1.50834],[104.43919,-1.50779],[104.43859,-1.50589],[104.43959,-1.50508],[104.43938,-1.50345],[104.43899,-1.50291],[104.43919,-1.49884],[104.43969,-1.49612],[104.43954,-1.49531],[104.44017,-1.49504],[104.43991,-1.4945],[104.44049,-1.49422],[104.44039,-1.49368],[104.44084,-1.49287],[104.44062,-1.49178],[104.4411,-1.48934],[104.44019,-1.48907],[104.44089,-1.48883],[104.44083,-1.48798],[104.44146,-1.48744],[104.44126,-1.48635],[104.44062,-1.4862],[104.44033,-1.48554],[104.44081,-1.48418],[104.44172,-1.48391],[104.4416,-1.48283],[104.44246,-1.48174],[104.44201,-1.48093],[104.44256,-1.48038],[104.44305,-1.47889],[104.44302,-1.47577],[104.44347,-1.47468],[104.44328,-1.47414],[104.44385,-1.47333],[104.44331,-1.47251],[104.44417,-1.47197],[104.44381,-1.47143],[104.4447,-1.47034],[104.44549,-1.46709],[104.44531,-1.46573],[104.44612,-1.46519],[104.4459,-1.46464],[104.44629,-1.4646],[104.44716,-1.46193],[104.44668,-1.46166],[104.44683,-1.46135],[104.44726,-1.46139],[104.44845,-1.45834],[104.44846,-1.45759],[104.44802,-1.45732],[104.4485,-1.45677],[104.44799,-1.4565],[104.44895,-1.45596],[104.4487,-1.45542],[104.44953,-1.45433],[104.44923,-1.45406],[104.44957,-1.45352],[104.44868,-1.45297],[104.44994,-1.45216],[104.44997,-1.45134],[104.44927,-1.45053],[104.44998,-1.44999],[104.44973,-1.4489],[104.45007,-1.44863],[104.45037,-1.4489],[104.45008,-1.44863],[104.45061,-1.4486],[104.45142,-1.44778],[104.45231,-1.44375],[104.45208,-1.4432],[104.45248,-1.44239],[104.45246,-1.44157],[104.45277,-1.44182],[104.45302,-1.4413],[104.45332,-1.4413],[104.45304,-1.44021],[104.45412,-1.44051],[104.45574,-1.43877],[104.45627,-1.43936],[104.45654,-1.43877],[104.45708,-1.43905],[104.45698,-1.4375],[104.45654,-1.43738],[104.45644,-1.43696],[104.45708,-1.43602],[104.45735,-1.4365],[104.45752,-1.43615],[104.45741,-1.43181],[104.45797,-1.43099],[104.4577,-1.43045],[104.4579,-1.42692],[104.457,-1.41471],[104.45707,-1.41118],[104.45669,-1.40955],[104.45709,-1.40905],[104.45738,-1.40928],[104.457,-1.40874],[104.45709,-1.40827],[104.45653,-1.40819],[104.45684,-1.40792],[104.45605,-1.40629],[104.45525,-1.40222],[104.45323,-1.39706],[104.45224,-1.39258],[104.45195,-1.39245],[104.45204,-1.38784],[104.45264,-1.38485],[104.45209,-1.38512],[104.45214,-1.38431],[104.45278,-1.38383],[104.45313,-1.38404],[104.45285,-1.38377],[104.45337,-1.38132],[104.45406,-1.38051],[104.45451,-1.37725],[104.45513,-1.37562],[104.45506,-1.37481],[104.45472,-1.37454],[104.45536,-1.37345],[104.45575,-1.37365],[104.45566,-1.37291],[104.45632,-1.37155],[104.45591,-1.36911],[104.45602,-1.36865],[104.45631,-1.36884],[104.45611,-1.3683],[104.45659,-1.36694],[104.45652,-1.36178],[104.45715,-1.35669]],[[104.45502,-1.44483],[104.45513,-1.44456],[104.45473,-1.44402],[104.45546,-1.44364],[104.45573,-1.4442],[104.456,-1.44361],[104.456,-1.44324],[104.45573,-1.44368],[104.45551,-1.44348],[104.45586,-1.44266],[104.4556,-1.44212],[104.45573,-1.44153],[104.45645,-1.44103],[104.45681,-1.43935],[104.45627,-1.44073],[104.45557,-1.44049],[104.45585,-1.43995],[104.45547,-1.43981],[104.45442,-1.44103],[104.45472,-1.44185],[104.4541,-1.4432],[104.45467,-1.44375],[104.45403,-1.44483],[104.45466,-1.44432],[104.45502,-1.44483]],[[104.45657,-1.44266],[104.45654,-1.44208],[104.456,-1.4421],[104.45631,-1.44266],[104.45657,-1.44266]],[[104.45468,-1.44646],[104.45472,-1.44619],[104.45439,-1.4452],[104.45439,-1.44613],[104.45468,-1.44646]],[[104.4407,-1.51485],[104.44061,-1.51394],[104.44034,-1.51383],[104.44016,-1.51458],[104.4407,-1.51485]],[[104.45925,-1.57945],[104.45938,-1.57891],[104.45921,-1.57839],[104.45918,-1.57945],[104.45925,-1.57945]],[[104.45926,-1.59166],[104.4595,-1.59139],[104.45921,-1.59058],[104.45866,-1.59054],[104.45926,-1.59166]],[[104.50473,-1.80331],[104.50904,-1.80647],[104.51039,-1.80688],[104.51147,-1.80675],[104.51525,-1.8051],[104.51714,-1.803],[104.51929,-1.80322],[104.52091,-1.8025],[104.52172,-1.80152],[104.52388,-1.80084],[104.52523,-1.79935],[104.52631,-1.79925],[104.52927,-1.79992],[104.53035,-1.79896],[104.53236,-1.79551],[104.53359,-1.79504],[104.53467,-1.79389],[104.53685,-1.79062],[104.53691,-1.79008],[104.53937,-1.78737],[104.53917,-1.78574],[104.53953,-1.78502],[104.54034,-1.78478],[104.54088,-1.7841],[104.54195,-1.78415],[104.54266,-1.78357],[104.54357,-1.78167],[104.54432,-1.7814],[104.5447,-1.78058],[104.54433,-1.77868],[104.54455,-1.77787],[104.544,-1.77706],[104.54448,-1.77624],[104.54395,-1.77516],[104.54425,-1.77326],[104.54373,-1.77299],[104.54388,-1.77081],[104.54192,-1.76511],[104.54215,-1.7643],[104.54172,-1.76159],[104.54196,-1.76097],[104.5425,-1.76184],[104.54266,-1.76104],[104.5425,-1.75962],[104.54248,-1.75996],[104.54212,-1.75996],[104.54223,-1.75838],[104.54184,-1.75779],[104.5421,-1.75751],[104.54162,-1.75697],[104.54174,-1.75643],[104.54237,-1.75589],[104.5423,-1.75507],[104.54166,-1.75426],[104.54142,-1.75318],[104.54115,-1.75452],[104.54088,-1.75457],[104.54034,-1.75362],[104.54062,-1.75317],[104.54035,-1.75127],[104.53953,-1.751],[104.54015,-1.75073],[104.53865,-1.74829],[104.53896,-1.74747],[104.53823,-1.74611],[104.53839,-1.74584],[104.53733,-1.74313],[104.53738,-1.74204],[104.53684,-1.74167],[104.53657,-1.74193],[104.5363,-1.74149],[104.53622,-1.74096],[104.5366,-1.74096],[104.53658,-1.74069],[104.53586,-1.73933],[104.53621,-1.73879],[104.53576,-1.73626],[104.53496,-1.73526],[104.53193,-1.72847],[104.52817,-1.7225],[104.52686,-1.71951],[104.52336,-1.71589],[104.52255,-1.71542],[104.52185,-1.71544]],[[104.54278,-1.76349],[104.5426,-1.76294],[104.5425,-1.76196],[104.5425,-1.76359],[104.54278,-1.76349]],[[104.54385,-1.78357],[104.54397,-1.7833],[104.54384,-1.78302],[104.54346,-1.78357],[104.54385,-1.78357]],[[104.50397,-1.80904],[104.50431,-1.80636],[104.50414,-1.80554],[104.50311,-1.80448]]]}},{"id":"89","type":"Feature","properties":{"year":2015,"certainty":"good"},"geometry":{"type":"MultiLineString","coordinates":[[[104.48348,-1.83214],[104.4853,-1.83325],[104.4867,-1.83214],[104.48701,-1.83132],[104.48827,-1.83095],[104.48905,-1.82888],[104.49183,-1.824],[104.49507,-1.82074],[104.49685,-1.81775],[104.50133,-1.81396],[104.50311,-1.8114],[104.50395,-1.80907]],[[104.47262,-1.85049],[104.47531,-1.8516],[104.47747,-1.85205],[104.47922,-1.85154]],[[104.47923,-1.85154],[104.47949,-1.85141]],[[104.47978,-1.85127],[104.48003,-1.85101]],[[104.48004,-1.851],[104.48082,-1.85005],[104.48199,-1.84706],[104.48308,-1.83946],[104.48395,-1.83931],[104.48435,-1.83865],[104.48461,-1.83431],[104.48308,-1.83268]],[[104.46722,-1.86348],[104.46857,-1.86271],[104.47244,-1.85846],[104.47233,-1.8571],[104.47277,-1.85602],[104.47266,-1.85547],[104.47334,-1.8552],[104.47335,-1.85276],[104.47305,-1.85222],[104.47181,-1.85142]],[[104.60642,-1.96326],[104.60854,-1.96183],[104.60925,-1.96],[104.6107,-1.95854],[104.61206,-1.95783],[104.61258,-1.95649],[104.61285,-1.95729],[104.61326,-1.95743]],[[104.6137,-1.95715],[104.6138,-1.95702]],[[104.61394,-1.95688],[104.61434,-1.95661]],[[104.61435,-1.95661],[104.61744,-1.9543],[104.61879,-1.95364],[104.61987,-1.95233],[104.62094,-1.95159],[104.62154,-1.95078],[104.62179,-1.94861],[104.62259,-1.94725],[104.62261,-1.94589],[104.62418,-1.94318],[104.62417,-1.94263],[104.62635,-1.94024],[104.62662,-1.94046],[104.62742,-1.93998],[104.62796,-1.94028],[104.62877,-1.94005],[104.62886,-1.93911],[104.62853,-1.93856],[104.62931,-1.9377],[104.63228,-1.93669],[104.63255,-1.9363],[104.63309,-1.93675],[104.6339,-1.93669],[104.63417,-1.93604],[104.63633,-1.93569],[104.63768,-1.93575],[104.63956,-1.9369],[104.64064,-1.93691],[104.64268,-1.93531],[104.64374,-1.93314],[104.64428,-1.93151],[104.64404,-1.93097],[104.64443,-1.92934],[104.64498,-1.92853],[104.64469,-1.92773],[104.64415,-1.92865],[104.64394,-1.92798],[104.64419,-1.92554],[104.64345,-1.92201],[104.64059,-1.91821],[104.63696,-1.91468],[104.63498,-1.91333],[104.6339,-1.91202],[104.63297,-1.91142],[104.63245,-1.91034],[104.6304,-1.90799],[104.62986,-1.90792],[104.62859,-1.90654],[104.62852,-1.90572],[104.6277,-1.90483],[104.62123,-1.89884],[104.62096,-1.89822],[104.61961,-1.89767],[104.61152,-1.8896],[104.60731,-1.88618],[104.60702,-1.88563],[104.60721,-1.88518],[104.6056,-1.88428],[104.59986,-1.87939],[104.59831,-1.87695],[104.59682,-1.87559],[104.59534,-1.87509],[104.59513,-1.8745],[104.59426,-1.87426],[104.59366,-1.87369],[104.59256,-1.87342],[104.58895,-1.86989],[104.58564,-1.86772],[104.58455,-1.86665],[104.58212,-1.86498],[104.57989,-1.86392],[104.5797,-1.86337],[104.57835,-1.86305],[104.57484,-1.86066],[104.56972,-1.85853],[104.56648,-1.85761],[104.56217,-1.85693],[104.5568,-1.85482]],[[104.54947,-1.85427],[104.5449,-1.85646],[104.54248,-1.85806],[104.54012,-1.86092],[104.53974,-1.86255],[104.5401,-1.86363],[104.53996,-1.86472],[104.54057,-1.86553],[104.54017,-1.86608],[104.54069,-1.86608],[104.5404,-1.86581],[104.54059,-1.86556],[104.5414,-1.86662],[104.54063,-1.86743],[104.54063,-1.86811]],[[104.53619,-1.87951],[104.536,-1.88138],[104.53405,-1.88372],[104.53427,-1.8848],[104.53291,-1.88453],[104.53358,-1.88616],[104.53333,-1.8886],[104.53172,-1.8924],[104.52976,-1.89539],[104.52906,-1.8981],[104.52681,-1.90353],[104.52666,-1.90475]],[[104.52656,-1.90638],[104.52641,-1.90704]],[[104.52574,-1.90855],[104.5256,-1.90872]],[[104.52554,-1.90882],[104.52294,-1.91357],[104.52292,-1.91438],[104.52412,-1.91423],[104.52709,-1.91136]],[[104.47256,-1.8704],[104.47454,-1.86769],[104.47396,-1.86663],[104.4718,-1.86465],[104.46803,-1.86531]],[[104.47422,-1.88744],[104.47638,-1.88654],[104.47741,-1.8856],[104.47888,-1.88126],[104.47932,-1.87692],[104.47872,-1.87366],[104.47703,-1.87094],[104.47585,-1.87002],[104.47531,-1.86999],[104.47423,-1.87015],[104.47327,-1.87094]],[[104.46262,-1.90746],[104.46532,-1.90642],[104.46828,-1.90609],[104.47017,-1.90547],[104.47341,-1.90365],[104.47649,-1.90053],[104.4775,-1.89809],[104.47815,-1.89456],[104.47865,-1.89347],[104.47864,-1.8913],[104.47773,-1.88955],[104.4753,-1.88795],[104.47449,-1.88801]],[[104.46424,-1.92129],[104.46368,-1.91844],[104.4637,-1.91643],[104.46467,-1.91274],[104.46464,-1.91111],[104.46531,-1.90975],[104.46505,-1.90926],[104.46424,-1.90916],[104.46289,-1.90968]],[[104.47303,-1.91193],[104.47348,-1.91138],[104.47341,-1.91115],[104.47265,-1.91165],[104.47303,-1.91193]],[[104.5272,-1.91167],[104.52373,-1.91547],[104.5224,-1.91764],[104.52129,-1.92035],[104.52073,-1.92252],[104.52074,-1.92388],[104.52223,-1.92547]],[[104.49626,-1.94165],[104.49624,-1.94111]],[[104.49539,-1.92818],[104.49367,-1.9236],[104.49073,-1.91872],[104.48959,-1.91749],[104.48844,-1.91682],[104.48842,-1.91627],[104.48678,-1.91437],[104.48285,-1.91235],[104.47826,-1.91246],[104.47583,-1.91351],[104.47476,-1.91283],[104.47233,-1.9131],[104.47115,-1.91437],[104.46919,-1.92047]],[[104.52169,-1.92659],[104.52034,-1.92598],[104.51899,-1.92613],[104.51629,-1.92522],[104.51333,-1.92511],[104.51264,-1.92578],[104.51189,-1.92741],[104.50901,-1.92839],[104.50793,-1.92936],[104.50658,-1.92984],[104.5057,-1.9327]],[[104.50074,-1.94247],[104.50073,-1.94274]],[[104.65373,-1.96303],[104.65042,-1.96462],[104.6508,-1.9649],[104.65008,-1.96553],[104.64927,-1.96538],[104.64978,-1.96571],[104.6492,-1.96625],[104.64711,-1.96685],[104.64576,-1.96787],[104.64549,-1.96848],[104.64441,-1.96873],[104.64387,-1.96822],[104.64037,-1.97046],[104.63956,-1.97065],[104.63942,-1.97029]],[[104.63903,-1.97073],[104.63888,-1.97107]],[[104.63879,-1.97127],[104.63861,-1.97155]],[[104.63837,-1.97181],[104.63834,-1.97184]],[[104.63827,-1.97209],[104.6378,-1.97253]],[[104.61177,-1.98626],[104.61352,-1.98705]],[[104.61716,-1.98294],[104.61704,-1.98022]],[[104.61377,-1.96828],[104.61312,-1.9678],[104.61333,-1.96733],[104.61298,-1.96706],[104.61276,-1.9657],[104.61393,-1.96596],[104.61439,-1.96543],[104.61285,-1.96498],[104.61204,-1.96646],[104.61161,-1.96543],[104.61177,-1.96513],[104.61204,-1.96587],[104.61212,-1.96516],[104.61164,-1.96462],[104.60935,-1.96395],[104.60719,-1.965]],[[104.62629,-1.9881],[104.6258,-1.98972]],[[104.61712,-2.00058],[104.61703,-2.00065]],[[104.61217,-2.00517],[104.60785,-2.0073]],[[104.60327,-2.01029],[104.60346,-2.01048]],[[104.59625,-2.00207],[104.59868,-2.00202]],[[104.59927,-2.00193],[104.59949,-2.00192]],[[104.61244,-1.98882],[104.61096,-1.98762]],[[104.6034,-2.01075],[104.603,-2.01041]]]}},{"id":"90","type":"Feature","properties":{"year":2015,"certainty":"good"},"geometry":{"type":"MultiLineString","coordinates":[[[104.52147,-1.71479],[104.52309,-1.71428],[104.52542,-1.71408],[104.5266,-1.71346],[104.52518,-1.71001],[104.52032,-1.70187],[104.51339,-1.6932],[104.50746,-1.68622],[104.50638,-1.6855],[104.50211,-1.68124],[104.49709,-1.67472],[104.49536,-1.67391],[104.4939,-1.67201],[104.49336,-1.67174],[104.49265,-1.67092],[104.49198,-1.66902],[104.49058,-1.66767],[104.49002,-1.66549],[104.48746,-1.66034],[104.48678,-1.65789],[104.47452,-1.63564],[104.46887,-1.62315],[104.46592,-1.61555],[104.46172,-1.60279],[104.46141,-1.60089],[104.45945,-1.59655],[104.45974,-1.59533],[104.4592,-1.59501],[104.4582,-1.59139],[104.45737,-1.58976],[104.45617,-1.58379],[104.45543,-1.58167],[104.4551,-1.57809],[104.45462,-1.57728],[104.45425,-1.57511],[104.45435,-1.57492],[104.45489,-1.57576],[104.45543,-1.57595],[104.45495,-1.57429],[104.45492,-1.57266],[104.45443,-1.57185],[104.45401,-1.56995],[104.45284,-1.56832],[104.45219,-1.56615],[104.45258,-1.56588],[104.45279,-1.56452],[104.45155,-1.55502],[104.45023,-1.54797],[104.45051,-1.54661],[104.45032,-1.54609],[104.44978,-1.54598],[104.44846,-1.54091],[104.44509,-1.53385],[104.44366,-1.52734],[104.44331,-1.52727],[104.44277,-1.52782],[104.44245,-1.52734],[104.44249,-1.52652],[104.44136,-1.52245],[104.44142,-1.52204],[104.44169,-1.52235],[104.44186,-1.52218],[104.44179,-1.52191],[104.44074,-1.52055],[104.44054,-1.51811],[104.43873,-1.51203],[104.4385,-1.51051],[104.43873,-1.5101],[104.439,-1.5104],[104.43909,-1.50997],[104.43819,-1.50888],[104.43819,-1.50827],[104.43849,-1.50807],[104.43819,-1.5049],[104.43792,-1.5052],[104.43791,-1.50454],[104.43819,-1.50479],[104.43868,-1.50318],[104.43916,-1.49558],[104.43966,-1.49531],[104.43981,-1.49462],[104.4404,-1.4945],[104.44007,-1.49368],[104.44068,-1.49341],[104.44062,-1.49269],[104.4394,-1.49205],[104.43935,-1.49151],[104.43999,-1.48717],[104.43979,-1.48581],[104.44014,-1.48174],[104.44103,-1.47913]],[[104.44126,-1.47889],[104.4413,-1.47874]],[[104.44211,-1.47418],[104.44224,-1.47336],[104.44197,-1.47369],[104.44163,-1.47333],[104.44237,-1.47224],[104.44222,-1.47116],[104.44251,-1.4703],[104.4431,-1.4698],[104.44335,-1.46844],[104.44299,-1.46817],[104.44305,-1.46699],[104.44377,-1.46491],[104.4444,-1.46475],[104.44522,-1.46301],[104.44737,-1.45572],[104.44764,-1.45723],[104.44774,-1.45704],[104.44786,-1.45623],[104.4475,-1.45542],[104.44791,-1.45525],[104.44858,-1.45216],[104.44902,-1.45189],[104.44907,-1.45053],[104.44986,-1.44755],[104.44934,-1.44673],[104.44953,-1.44652],[104.45021,-1.44673],[104.45145,-1.4432],[104.45246,-1.4413],[104.45294,-1.44103],[104.45275,-1.44049],[104.45312,-1.43968],[104.45371,-1.43953]],[[104.45389,-1.43954],[104.45398,-1.43961]],[[104.45393,-1.43927],[104.45398,-1.43907]],[[104.45641,-1.4333],[104.45641,-1.43327]],[[104.45663,-1.43248],[104.45668,-1.43233]],[[104.45677,-1.43194],[104.45706,-1.43099],[104.45714,-1.42746],[104.45743,-1.42719],[104.45719,-1.42556],[104.45765,-1.42475],[104.45723,-1.42448],[104.45713,-1.42393],[104.45688,-1.41742],[104.45711,-1.41688],[104.45684,-1.41661],[104.45653,-1.41308],[104.45693,-1.41254],[104.45628,-1.41126],[104.45614,-1.40982],[104.45525,-1.40819],[104.4556,-1.40765],[104.45573,-1.40575],[104.45505,-1.40249],[104.45246,-1.39516],[104.45164,-1.39408],[104.4519,-1.39299],[104.45135,-1.39164],[104.4512,-1.38974],[104.45209,-1.38919],[104.45233,-1.38838],[104.45143,-1.3882],[104.45113,-1.38784],[104.45087,-1.38648],[104.45143,-1.38476],[104.45249,-1.38377],[104.45287,-1.38159],[104.45236,-1.38078],[104.45305,-1.37982],[104.45376,-1.38051],[104.45413,-1.38016],[104.45405,-1.37956]],[[104.45628,-1.36083],[104.45728,-1.35669]],[[104.45257,-1.38512],[104.45342,-1.38431],[104.45332,-1.38403],[104.45305,-1.38389],[104.45264,-1.38431],[104.45231,-1.38485],[104.45257,-1.38512]],[[104.43951,-1.51078],[104.43954,-1.51051],[104.43896,-1.51078],[104.43927,-1.51091],[104.43951,-1.51078]],[[104.45372,-1.56534],[104.45382,-1.56503],[104.45315,-1.56534],[104.45328,-1.56549],[104.45372,-1.56534]],[[104.50473,-1.80331],[104.50904,-1.80642],[104.51039,-1.80686],[104.51147,-1.80672],[104.51498,-1.80519],[104.51687,-1.80305],[104.51929,-1.80303],[104.5201,-1.80237],[104.52118,-1.80211],[104.52206,-1.80121],[104.52361,-1.80097],[104.5255,-1.79923],[104.52927,-1.79984],[104.5304,-1.79877],[104.53278,-1.79455],[104.53457,-1.79225],[104.5371,-1.7877],[104.53908,-1.78493],[104.54034,-1.78475],[104.54061,-1.78507],[104.54184,-1.7852],[104.54237,-1.78466],[104.54143,-1.78411],[104.54451,-1.78248],[104.54457,-1.78221],[104.54394,-1.77678],[104.54339,-1.7757],[104.5436,-1.77353],[104.54298,-1.77081],[104.54316,-1.76973],[104.54196,-1.76592],[104.54097,-1.76104],[104.54152,-1.76077],[104.54123,-1.75779],[104.54154,-1.75751],[104.54142,-1.75671],[104.54115,-1.75712],[104.54079,-1.75697],[104.54118,-1.75643],[104.54115,-1.75534],[104.53948,-1.74964],[104.53901,-1.7491],[104.53905,-1.74856],[104.53791,-1.74639],[104.53657,-1.74255],[104.53483,-1.7358],[104.53182,-1.72847],[104.52869,-1.72331],[104.52698,-1.71978],[104.52471,-1.71728],[104.52282,-1.71573],[104.52201,-1.7155]],[[104.50394,-1.80904],[104.50427,-1.80609],[104.50311,-1.8045]]]}},{"id":"91","type":"Feature","properties":{"year":2015,"certainty":"unstable data"},"geometry":{"type":"MultiLineString","coordinates":[[[104.47922,-1.85154],[104.47923,-1.85154]],[[104.47949,-1.85141],[104.47978,-1.85127]],[[104.48003,-1.85101],[104.48004,-1.851]],[[104.61326,-1.95743],[104.6137,-1.95715]],[[104.6138,-1.95702],[104.61394,-1.95688]],[[104.61434,-1.95661],[104.61435,-1.95661]],[[104.5568,-1.85482],[104.55586,-1.85414],[104.55537,-1.85332],[104.55246,-1.85252],[104.55165,-1.85272],[104.54947,-1.85427]],[[104.52666,-1.90475],[104.52656,-1.90638]],[[104.52641,-1.90704],[104.52574,-1.90855]],[[104.5256,-1.90872],[104.52554,-1.90882]]]}},{"id":"92","type":"Feature","properties":{"year":2015,"certainty":"insufficient data"},"geometry":{"type":"MultiLineString","coordinates":[[[104.54063,-1.86811],[104.54036,-1.87015],[104.54002,-1.87042],[104.5393,-1.87368],[104.53795,-1.87612],[104.53762,-1.87737],[104.53619,-1.87951]],[[104.46477,-1.92186],[104.4645,-1.92252],[104.46424,-1.92129]],[[104.497,-1.94803],[104.49644,-1.94559],[104.49626,-1.94165]],[[104.49624,-1.94111],[104.49617,-1.9388],[104.49686,-1.93365],[104.4962,-1.93039],[104.49539,-1.92818]],[[104.46919,-1.92047],[104.46829,-1.92631]],[[104.46778,-1.92197],[104.46787,-1.92169],[104.46754,-1.92142],[104.46715,-1.92142],[104.46778,-1.92197]],[[104.46475,-1.92604],[104.46477,-1.92455],[104.46531,-1.92541],[104.46639,-1.92485],[104.46693,-1.92491],[104.46801,-1.9257],[104.46826,-1.92549],[104.46693,-1.92397],[104.46558,-1.92377],[104.46516,-1.92332],[104.46585,-1.92226],[104.46639,-1.92233],[104.46673,-1.92169],[104.46585,-1.92222],[104.46513,-1.92197]],[[104.5057,-1.9327],[104.50508,-1.93473],[104.50158,-1.93853],[104.50074,-1.94247]],[[104.50073,-1.94274],[104.50089,-1.94722]],[[104.63942,-1.97029],[104.63903,-1.97073]],[[104.63888,-1.97107],[104.63879,-1.97127]],[[104.63861,-1.97155],[104.63837,-1.97181]],[[104.63834,-1.97184],[104.63827,-1.97209]],[[104.6378,-1.97253],[104.63686,-1.97327],[104.63632,-1.97297],[104.63578,-1.9734],[104.63099,-1.97819],[104.62976,-1.97982],[104.62975,-1.98118],[104.63119,-1.98314]],[[104.61352,-1.98705],[104.6142,-1.9873],[104.61589,-1.98633],[104.61682,-1.98443],[104.61716,-1.98294]],[[104.61704,-1.98022],[104.61662,-1.97629],[104.61684,-1.97385],[104.61524,-1.97113],[104.6153,-1.97059],[104.61474,-1.96993],[104.61447,-1.96999],[104.61448,-1.9695],[104.61387,-1.96923],[104.61401,-1.96869],[104.61377,-1.96828]],[[104.63065,-1.98427],[104.62903,-1.98327],[104.62849,-1.98331],[104.62629,-1.9881]],[[104.6258,-1.98972],[104.62469,-1.99203],[104.62242,-1.99475],[104.61915,-1.99773],[104.61869,-1.99882],[104.6177,-1.99997],[104.61716,-1.99983],[104.61751,-2.00017],[104.61712,-2.00058]],[[104.61703,-2.00065],[104.61466,-2.00289],[104.61357,-2.00343],[104.61264,-2.00506],[104.61217,-2.00517]],[[104.60785,-2.0073],[104.60691,-2.00775],[104.60286,-2.00816],[104.60247,-2.00885],[104.60327,-2.01029]],[[104.57184,-1.99846],[104.58459,-2.00125],[104.58668,-2.00197],[104.58991,-2.00221],[104.59625,-2.00207]],[[104.59868,-2.00202],[104.59927,-2.00193]],[[104.59949,-2.00192],[104.60421,-2.00137],[104.60393,-2.00098],[104.6061,-1.99972],[104.609,-1.99691],[104.60988,-1.99592],[104.61205,-1.99094],[104.61286,-1.9904],[104.61292,-1.98931],[104.61244,-1.98882]],[[104.57616,-2.00472],[104.57411,-2.00342],[104.5739,-2.00315],[104.57427,-2.00285],[104.57103,-2.00159]],[[104.603,-2.01041],[104.60151,-2.00911],[104.59935,-2.00823],[104.59585,-2.00823],[104.59531,-2.00851],[104.59342,-2.00805],[104.58964,-2.00802],[104.58524,-2.00614],[104.58695,-2.0051],[104.58776,-2.00525],[104.58803,-2.00503],[104.58845,-2.00424],[104.58776,-2.00327],[104.58749,-2.00357],[104.58722,-2.00325],[104.58737,-2.00369],[104.58711,-2.00396],[104.58776,-2.0041],[104.58776,-2.00437],[104.58668,-2.00436],[104.58506,-2.00553],[104.58371,-2.00567],[104.5835,-2.00559],[104.58388,-2.00532],[104.58371,-2.00517],[104.58236,-2.00564],[104.5818,-2.00641],[104.58143,-2.00858]],[[104.5937,-2.00614],[104.59315,-2.0053],[104.59288,-2.00517],[104.59281,-2.00532],[104.5937,-2.00614]],[[104.57962,-2.00858],[104.57954,-2.00803],[104.57858,-2.00731],[104.57898,-2.00613],[104.57859,-2.00559]]]}},{"id":"93","type":"Feature","properties":{"year":2016,"certainty":"insufficient data"},"geometry":{"type":"MultiLineString","coordinates":[[[104.54068,-1.86811],[104.53977,-1.87232],[104.53785,-1.87653]],[[104.46462,-1.92604],[104.46477,-1.9245],[104.46504,-1.92548],[104.46558,-1.92529],[104.46585,-1.9245],[104.46747,-1.92525],[104.46756,-1.92468],[104.46704,-1.92387],[104.4672,-1.92319],[104.46639,-1.92241],[104.46585,-1.9222],[104.46477,-1.92294],[104.46405,-1.92047]],[[104.46369,-1.91857],[104.46372,-1.91667]],[[104.49699,-1.94803],[104.4964,-1.94464]],[[104.49613,-1.94084],[104.49671,-1.9327]],[[104.46952,-1.91939],[104.46833,-1.92631]],[[104.50472,-1.93514],[104.50159,-1.93853],[104.50073,-1.94247]],[[104.50069,-1.94518],[104.5009,-1.94722]],[[104.63888,-1.97046],[104.63871,-1.97073]],[[104.63861,-1.9709],[104.63855,-1.971]],[[104.63645,-1.97298],[104.63445,-1.9748]],[[104.63376,-1.97546],[104.63251,-1.9767]],[[104.63142,-1.97778],[104.6301,-1.97928],[104.62954,-1.98063],[104.63031,-1.98226],[104.63119,-1.98317]],[[104.61177,-1.98624],[104.61366,-1.98726],[104.61474,-1.98729],[104.61608,-1.98633],[104.61699,-1.98443],[104.6173,-1.98226],[104.6169,-1.97493],[104.61717,-1.97475],[104.61719,-1.97385],[104.61798,-1.97167],[104.61723,-1.97113],[104.61777,-1.96896],[104.61771,-1.9676],[104.61717,-1.9665],[104.61582,-1.9663],[104.61503,-1.9657],[104.61511,-1.96543],[104.6142,-1.96494],[104.60935,-1.96391],[104.60894,-1.96404]],[[104.62513,-1.97792],[104.6251,-1.97765],[104.62553,-1.97682],[104.62448,-1.97792],[104.62513,-1.97792]],[[104.63065,-1.98425],[104.62876,-1.98313],[104.62815,-1.98389],[104.62775,-1.98511]],[[104.62566,-1.98987],[104.62464,-1.99203],[104.62302,-1.99366],[104.62242,-1.99475],[104.61926,-1.99773],[104.61743,-2.00056],[104.61662,-2.00098],[104.61471,-2.00289],[104.61359,-2.00343],[104.61257,-2.00516],[104.60959,-2.00655]],[[104.60893,-2.00686],[104.60691,-2.00775],[104.60286,-2.00821],[104.60252,-2.00858],[104.60255,-2.00913],[104.60352,-2.01048]],[[104.57818,-1.99984],[104.58209,-2.00093],[104.58776,-2.00197],[104.5883,-2.00234],[104.59963,-2.00195],[104.60367,-2.00121],[104.6061,-1.99974],[104.60922,-1.99664],[104.61264,-1.99094],[104.61311,-1.98986],[104.61298,-1.98931],[104.61096,-1.98761]],[[104.61054,-1.99746],[104.61069,-1.99687],[104.60988,-1.99684],[104.61042,-1.99748],[104.61054,-1.99746]],[[104.61086,-2.00153],[104.61162,-2.00017],[104.61171,-1.99936],[104.61077,-1.99854],[104.61231,-1.99805],[104.61231,-1.99755],[104.61015,-1.99845],[104.60934,-1.99809],[104.60889,-1.99854],[104.60931,-1.99936],[104.6089,-2.00126],[104.60977,-2.00126],[104.60952,-2.00098],[104.60968,-2.00017],[104.61069,-1.99861],[104.61118,-1.99936],[104.61042,-1.99968],[104.61024,-2.00017],[104.61058,-2.00098],[104.61048,-2.00153],[104.61086,-2.00153]],[[104.5786,-2.00831],[104.57899,-2.00586],[104.57569,-2.0045],[104.57308,-2.00247]],[[104.60334,-2.01075],[104.60148,-2.00913],[104.59935,-2.00824],[104.59585,-2.00823],[104.59531,-2.00852],[104.58964,-2.008],[104.58317,-2.0055],[104.58236,-2.00567],[104.58189,-2.00613],[104.58146,-2.00858]]]}},{"id":"94","type":"Feature","properties":{"year":2016,"certainty":"good"},"geometry":{"type":"MultiLineString","coordinates":[[[104.48352,-1.83214],[104.4853,-1.83322],[104.48746,-1.83125],[104.48827,-1.83093],[104.48905,-1.82888],[104.49181,-1.824],[104.49528,-1.82042],[104.49687,-1.81775],[104.50053,-1.81477],[104.50192,-1.81314],[104.50341,-1.8107],[104.50392,-1.80907]],[[104.47262,-1.85047],[104.47612,-1.85181],[104.47869,-1.85189]],[[104.4789,-1.85181],[104.47895,-1.85179]],[[104.47948,-1.85154],[104.47949,-1.85153]],[[104.47984,-1.85127],[104.48003,-1.85108]],[[104.48011,-1.851],[104.4803,-1.85074]],[[104.48031,-1.85073],[104.48202,-1.84706],[104.4828,-1.84055],[104.48315,-1.83973],[104.48406,-1.83919],[104.48435,-1.83865],[104.48461,-1.83431],[104.48304,-1.83268]],[[104.46722,-1.8635],[104.46894,-1.86253],[104.47241,-1.85846],[104.47234,-1.8571],[104.47277,-1.85602],[104.47252,-1.85547],[104.47343,-1.85547],[104.4733,-1.85276],[104.47289,-1.85212],[104.47181,-1.85148]],[[104.60645,-1.96326],[104.6084,-1.96199]],[[104.60918,-1.96014],[104.60921,-1.96007]],[[104.60937,-1.95987],[104.6107,-1.95851],[104.61231,-1.95756],[104.61258,-1.95658],[104.61282,-1.95729],[104.61326,-1.95744]],[[104.61371,-1.95715],[104.6138,-1.95704]],[[104.61476,-1.95634],[104.61488,-1.95623]],[[104.61509,-1.95607],[104.61897,-1.95349],[104.62149,-1.95097],[104.62291,-1.94535],[104.62573,-1.94074],[104.62635,-1.94024],[104.62689,-1.94037],[104.62742,-1.93999],[104.62769,-1.94025],[104.62856,-1.94019],[104.62894,-1.93965],[104.62868,-1.93856],[104.63012,-1.93747],[104.63255,-1.93655],[104.6339,-1.9367],[104.63444,-1.93606],[104.63714,-1.93573],[104.63849,-1.93605],[104.63983,-1.93709],[104.64145,-1.93665],[104.64334,-1.93418],[104.64428,-1.93151],[104.64409,-1.93097],[104.64446,-1.92934],[104.64469,-1.92883],[104.64496,-1.92904],[104.64496,-1.92825],[104.64469,-1.92773],[104.64414,-1.92825],[104.64419,-1.92554],[104.6437,-1.92255],[104.64311,-1.9212],[104.64186,-1.91957],[104.63968,-1.91713],[104.63356,-1.9117],[104.6277,-1.90481],[104.61534,-1.89242],[104.61368,-1.89113],[104.61179,-1.88894],[104.6099,-1.88764],[104.60748,-1.88509],[104.6069,-1.88509],[104.60644,-1.88428],[104.60505,-1.88321],[104.60514,-1.88292],[104.60437,-1.88265],[104.60454,-1.88238],[104.60424,-1.8821],[104.60342,-1.8817]],[[104.6033,-1.88157],[104.60319,-1.88143]],[[104.60276,-1.88116],[104.60275,-1.88116]],[[104.60249,-1.8811],[104.60108,-1.88021],[104.60012,-1.87898]],[[104.60006,-1.87858],[104.59988,-1.87844]],[[104.59979,-1.87834],[104.59682,-1.87559],[104.59291,-1.87284],[104.59264,-1.87306],[104.59188,-1.87206],[104.58779,-1.86896],[104.57511,-1.86092],[104.57171,-1.85957],[104.5708,-1.85886],[104.56864,-1.85816],[104.56284,-1.85718]],[[104.55178,-1.85271],[104.54899,-1.85359],[104.54814,-1.85474],[104.54382,-1.85698],[104.54095,-1.85956],[104.53994,-1.86119],[104.5397,-1.86255],[104.54005,-1.86365],[104.53995,-1.86472],[104.54057,-1.86553],[104.54022,-1.86608],[104.54067,-1.86608],[104.54059,-1.86557],[104.54151,-1.86662],[104.54096,-1.86689],[104.54068,-1.86811]],[[104.53785,-1.87653],[104.53618,-1.87937],[104.53582,-1.88155],[104.53406,-1.88372],[104.53426,-1.8848],[104.53289,-1.88453],[104.53359,-1.88616],[104.53343,-1.88783]],[[104.53328,-1.88874],[104.53316,-1.88919]],[[104.5331,-1.88928],[104.53289,-1.8896]],[[104.53277,-1.88982],[104.53262,-1.89029]],[[104.53259,-1.89037],[104.53235,-1.89098]],[[104.5312,-1.89335],[104.5298,-1.89539],[104.52929,-1.89756],[104.52682,-1.90353],[104.52628,-1.90751],[104.52294,-1.91357],[104.52292,-1.91438],[104.52331,-1.91451],[104.52431,-1.91411],[104.52547,-1.91309],[104.52572,-1.9133],[104.52409,-1.91493],[104.52301,-1.91655],[104.52106,-1.92117],[104.52079,-1.92388],[104.52223,-1.92545]],[[104.47256,-1.8704],[104.47454,-1.86769],[104.47396,-1.86663],[104.47202,-1.8647],[104.46803,-1.8653]],[[104.47422,-1.88741],[104.47638,-1.88653],[104.47746,-1.88558],[104.4789,-1.88126],[104.47943,-1.87664],[104.47859,-1.87312],[104.47705,-1.87094],[104.47602,-1.87013],[104.47531,-1.87001],[104.47396,-1.87031],[104.47328,-1.87094]],[[104.46262,-1.90746],[104.46532,-1.90641],[104.46936,-1.90582],[104.47125,-1.90494],[104.47422,-1.90298],[104.47646,-1.90053],[104.47785,-1.897],[104.47822,-1.89456],[104.47881,-1.89293],[104.47867,-1.8913],[104.47806,-1.88994],[104.47719,-1.88909],[104.4753,-1.88794],[104.47449,-1.88803]],[[104.46405,-1.92047],[104.46369,-1.91857]],[[104.46372,-1.91667],[104.46524,-1.90948],[104.46424,-1.90916],[104.46289,-1.9097]],[[104.47294,-1.91193],[104.47342,-1.91138],[104.47341,-1.91106],[104.47267,-1.91165],[104.47294,-1.91193]],[[104.4964,-1.94464],[104.49613,-1.94084]],[[104.49671,-1.9327],[104.49619,-1.93039],[104.49401,-1.92442],[104.49203,-1.92062],[104.48932,-1.91696],[104.48851,-1.91669],[104.48792,-1.91546],[104.48581,-1.91365],[104.48285,-1.91241],[104.4815,-1.91231],[104.47826,-1.9125],[104.47583,-1.91359],[104.47476,-1.91284],[104.47287,-1.91289],[104.47179,-1.91346],[104.47116,-1.91437],[104.46952,-1.91939]],[[104.52169,-1.92657],[104.52034,-1.92598],[104.51899,-1.92614],[104.51629,-1.92523],[104.51311,-1.92524],[104.51191,-1.92741],[104.50901,-1.92841],[104.50793,-1.92936],[104.50658,-1.92984],[104.50626,-1.93039],[104.50636,-1.93093],[104.50592,-1.93148],[104.50558,-1.93365],[104.50472,-1.93514]],[[104.50073,-1.94247],[104.50069,-1.94518]],[[104.65289,-1.9634],[104.65264,-1.9635]],[[104.65223,-1.96368],[104.6521,-1.96373]],[[104.65113,-1.96422],[104.65102,-1.96427]],[[104.65075,-1.96441],[104.64994,-1.9649],[104.64968,-1.96544],[104.64374,-1.9682]],[[104.6436,-1.96829],[104.64091,-1.96985],[104.63996,-1.97007]],[[104.63983,-1.97019],[104.63982,-1.97019]],[[104.63871,-1.97073],[104.63861,-1.9709]],[[104.63855,-1.971],[104.63794,-1.97251],[104.63767,-1.97217],[104.63686,-1.97318],[104.63645,-1.97298]],[[104.63445,-1.9748],[104.63376,-1.97546]],[[104.63251,-1.9767],[104.63142,-1.97778]],[[104.60894,-1.96404],[104.60719,-1.96501]],[[104.62775,-1.98511],[104.62566,-1.98987]],[[104.60959,-2.00655],[104.60893,-2.00686]],[[104.57184,-1.99845],[104.57818,-1.99984]],[[104.57308,-2.00247],[104.57184,-2.00165],[104.57103,-2.00158]]]}},{"id":"95","type":"Feature","properties":{"year":2016,"certainty":"unstable data"},"geometry":{"type":"MultiLineString","coordinates":[[[104.47869,-1.85189],[104.4789,-1.85181]],[[104.47895,-1.85179],[104.47948,-1.85154]],[[104.47949,-1.85153],[104.47984,-1.85127]],[[104.48003,-1.85108],[104.48011,-1.851]],[[104.4803,-1.85074],[104.48031,-1.85073]],[[104.6084,-1.96199],[104.60918,-1.96014]],[[104.60921,-1.96007],[104.60937,-1.95987]],[[104.61326,-1.95744],[104.61371,-1.95715]],[[104.6138,-1.95704],[104.61476,-1.95634]],[[104.61488,-1.95623],[104.61509,-1.95607]],[[104.60342,-1.8817],[104.6033,-1.88157]],[[104.60319,-1.88143],[104.60276,-1.88116]],[[104.60275,-1.88116],[104.60249,-1.8811]],[[104.60012,-1.87898],[104.60006,-1.87858]],[[104.59988,-1.87844],[104.59979,-1.87834]],[[104.56284,-1.85718],[104.55984,-1.85631],[104.56055,-1.85559],[104.55974,-1.85562],[104.5592,-1.85522],[104.55812,-1.85556],[104.55756,-1.85523],[104.55759,-1.85495],[104.55828,-1.85495],[104.55786,-1.85441],[104.55846,-1.85414],[104.55839,-1.85376],[104.55785,-1.8544],[104.55757,-1.8536],[104.55623,-1.85352],[104.55327,-1.85258],[104.55178,-1.85271]],[[104.53343,-1.88783],[104.53328,-1.88874]],[[104.53316,-1.88919],[104.5331,-1.88928]],[[104.53289,-1.8896],[104.53277,-1.88982]],[[104.53262,-1.89029],[104.53259,-1.89037]],[[104.53235,-1.89098],[104.5312,-1.89335]],[[104.65373,-1.96296],[104.65289,-1.9634]],[[104.65264,-1.9635],[104.65223,-1.96368]],[[104.6521,-1.96373],[104.65113,-1.96422]],[[104.65102,-1.96427],[104.65075,-1.96441]],[[104.64374,-1.9682],[104.6436,-1.96829]],[[104.63996,-1.97007],[104.63983,-1.97019]],[[104.63982,-1.97019],[104.63888,-1.97046]]]}},{"id":"96","type":"Feature","properties":{"year":2016,"certainty":"good"},"geometry":{"type":"MultiLineString","coordinates":[[[104.52147,-1.71481],[104.52336,-1.71426],[104.52579,-1.7141],[104.52637,-1.71381],[104.52658,-1.71327],[104.52492,-1.70974],[104.52042,-1.70214],[104.50749,-1.6864],[104.50091,-1.68015],[104.49686,-1.67472],[104.49532,-1.674],[104.49289,-1.67148],[104.49182,-1.66888],[104.4904,-1.66767],[104.49007,-1.66577],[104.48775,-1.66115],[104.48675,-1.65789],[104.47536,-1.63726],[104.46863,-1.62267],[104.46558,-1.61473],[104.4619,-1.60333],[104.46139,-1.60008],[104.46075,-1.59872],[104.46084,-1.5975]],[[104.45772,-1.58999],[104.45772,-1.58943]],[[104.45745,-1.58827],[104.45713,-1.58651],[104.45659,-1.58569],[104.45678,-1.58514],[104.45727,-1.58488],[104.45681,-1.58434],[104.45661,-1.58271],[104.45689,-1.58135],[104.45597,-1.58176],[104.4554,-1.57972],[104.45543,-1.57937],[104.4557,-1.57945],[104.45633,-1.57877]],[[104.45584,-1.57721],[104.45601,-1.57619],[104.45546,-1.57592],[104.455,-1.57429],[104.45499,-1.57266],[104.45442,-1.57158],[104.45455,-1.57049],[104.45397,-1.56968],[104.45408,-1.56909],[104.45357,-1.56778],[104.45261,-1.56669],[104.45274,-1.56637],[104.4531,-1.56642],[104.45257,-1.56588],[104.45255,-1.56493]],[[104.44959,-1.54539],[104.44745,-1.53874],[104.44519,-1.53484],[104.44248,-1.52761],[104.44128,-1.52245],[104.44176,-1.52191],[104.44061,-1.52044],[104.44052,-1.51933]],[[104.44048,-1.51906],[104.44048,-1.51906]],[[104.43887,-1.49407],[104.43887,-1.49384]],[[104.43888,-1.49382],[104.43914,-1.49016]],[[104.43921,-1.48975],[104.43927,-1.48771],[104.43995,-1.48412]],[[104.44004,-1.48323],[104.44039,-1.48079]],[[104.44147,-1.47346],[104.44157,-1.47303]],[[104.44209,-1.47156],[104.44211,-1.47088]],[[104.4422,-1.47048],[104.44238,-1.46993]],[[104.44246,-1.46966],[104.44265,-1.46932]],[[104.44306,-1.46776],[104.44319,-1.46747]],[[104.44337,-1.46668],[104.44346,-1.46656]],[[104.44361,-1.46613],[104.44373,-1.4659]],[[104.44379,-1.46559],[104.44388,-1.46532]],[[104.44399,-1.46505],[104.444,-1.46498]],[[104.44543,-1.46044],[104.44575,-1.45867],[104.44629,-1.45774],[104.44656,-1.45801],[104.44641,-1.45759],[104.44691,-1.45596],[104.44814,-1.45406],[104.44858,-1.45216],[104.44978,-1.45162],[104.44925,-1.45053],[104.44983,-1.44999],[104.44977,-1.44863],[104.45115,-1.44535],[104.45131,-1.44402],[104.45196,-1.44309],[104.45237,-1.44157],[104.4529,-1.44108]],[[104.45688,-1.43248],[104.45731,-1.42448],[104.45669,-1.41294]],[[104.45507,-1.40317],[104.45352,-1.39842],[104.45305,-1.39774],[104.45246,-1.3953]],[[104.45306,-1.38472],[104.45342,-1.38431],[104.45295,-1.38377],[104.45304,-1.38187],[104.45376,-1.38051],[104.45415,-1.38051],[104.45339,-1.37969],[104.4537,-1.37902]],[[104.4568,-1.35812],[104.45688,-1.35669]],[[104.50473,-1.80326],[104.50904,-1.80641],[104.51039,-1.80684],[104.51147,-1.80673],[104.51471,-1.80537],[104.51714,-1.80297],[104.51902,-1.80311],[104.52091,-1.80219],[104.522,-1.80121],[104.52361,-1.80093],[104.5255,-1.79919],[104.52927,-1.79982],[104.53039,-1.79877],[104.53277,-1.79442],[104.53458,-1.79225],[104.53602,-1.78959],[104.53669,-1.78932]],[[104.54371,-1.78445],[104.54519,-1.78418],[104.54548,-1.78357],[104.54449,-1.78221],[104.54468,-1.78113],[104.54375,-1.77651],[104.54324,-1.76919],[104.54242,-1.76729],[104.54136,-1.76294],[104.54134,-1.76131],[104.54195,-1.76077],[104.54137,-1.75779],[104.54173,-1.75643],[104.54125,-1.75643],[104.54129,-1.75534],[104.54035,-1.75154],[104.54004,-1.75154],[104.53971,-1.74991],[104.53914,-1.7491],[104.53687,-1.74313],[104.53477,-1.7358],[104.53179,-1.72847],[104.52701,-1.71978],[104.52471,-1.71721],[104.52201,-1.71549]],[[104.50391,-1.80904],[104.50424,-1.80582],[104.50311,-1.80452]]]}},{"id":"97","type":"Feature","properties":{"year":2017,"certainty":"good"},"geometry":{"type":"MultiLineString","coordinates":[[[104.52147,-1.71482],[104.52336,-1.71427],[104.52579,-1.71415],[104.52775,-1.713],[104.52714,-1.7128],[104.52687,-1.71322],[104.5266,-1.7124],[104.52606,-1.71233],[104.5249,-1.70974],[104.51999,-1.7016],[104.51114,-1.69074],[104.50719,-1.68616],[104.5009,-1.68015],[104.49735,-1.67581],[104.49559,-1.67296],[104.49451,-1.67213],[104.49424,-1.67281],[104.49403,-1.67201],[104.49236,-1.67046],[104.49209,-1.66929],[104.49022,-1.66767],[104.48992,-1.66577],[104.48804,-1.66223],[104.48682,-1.65817],[104.47535,-1.63726],[104.46889,-1.62342],[104.46567,-1.6147],[104.46552,-1.61392],[104.4658,-1.61338],[104.46486,-1.61066],[104.46445,-1.61066],[104.46372,-1.60876],[104.46244,-1.60366],[104.46218,-1.60361],[104.46262,-1.60334],[104.46273,-1.60252],[104.46244,-1.60222],[104.4619,-1.60245],[104.46167,-1.60225],[104.46272,-1.60144],[104.46179,-1.59899],[104.46191,-1.59709],[104.4616,-1.59696]],[[104.45772,-1.58773],[104.4568,-1.58705],[104.45682,-1.58596],[104.45641,-1.58542],[104.45705,-1.58503],[104.45715,-1.58461],[104.45651,-1.5839],[104.45595,-1.58379],[104.45542,-1.58216],[104.45526,-1.57972],[104.45604,-1.57918],[104.45652,-1.57836],[104.4557,-1.57701],[104.45601,-1.57619],[104.45543,-1.57591],[104.45479,-1.57619],[104.45439,-1.57429],[104.45365,-1.57321],[104.45384,-1.57266],[104.4534,-1.57185],[104.45286,-1.56832],[104.45355,-1.56817],[104.45365,-1.56778],[104.45301,-1.56705],[104.45253,-1.56696],[104.45268,-1.56642],[104.45213,-1.56615],[104.4522,-1.5656],[104.4522,-1.56588],[104.45274,-1.56596],[104.45302,-1.56493]],[[104.45124,-1.55244],[104.45088,-1.54987],[104.45002,-1.54797],[104.44847,-1.54145],[104.44715,-1.53819],[104.44497,-1.53466],[104.44219,-1.52679],[104.43899,-1.51254]],[[104.43999,-1.49273],[104.44008,-1.49225],[104.43897,-1.49178],[104.4389,-1.49124],[104.43954,-1.48811],[104.44035,-1.48826],[104.44076,-1.4871]],[[104.44015,-1.48296],[104.44023,-1.48052]],[[104.44022,-1.48022],[104.44022,-1.47973]],[[104.44031,-1.47943],[104.44049,-1.47894]],[[104.4405,-1.47889],[104.44076,-1.47775]],[[104.44616,-1.4584],[104.44643,-1.45736]],[[104.44647,-1.45718],[104.44671,-1.45487],[104.44776,-1.45216],[104.44816,-1.44972],[104.44866,-1.4489],[104.44855,-1.44836],[104.44973,-1.44537],[104.44963,-1.44483],[104.45182,-1.44018]],[[104.45674,-1.4333],[104.45722,-1.42991],[104.45701,-1.42936],[104.45737,-1.42855],[104.45702,-1.42773],[104.45726,-1.42475],[104.45695,-1.41715],[104.45647,-1.41172],[104.4557,-1.40819],[104.45608,-1.40792],[104.45616,-1.40684],[104.4552,-1.40468],[104.45337,-1.39842],[104.45273,-1.39734],[104.45224,-1.39455],[104.4517,-1.39426],[104.45155,-1.39354],[104.45228,-1.39326],[104.45238,-1.38729],[104.45194,-1.38621],[104.45211,-1.38539],[104.45273,-1.38458],[104.45329,-1.38105],[104.45359,-1.38062],[104.45337,-1.37942],[104.45395,-1.37861],[104.45522,-1.374],[104.45615,-1.37264],[104.45581,-1.37101],[104.45579,-1.3683],[104.4561,-1.36775],[104.45685,-1.35669]],[[104.45247,-1.56516],[104.45233,-1.56448]],[[104.45265,-1.56466],[104.45247,-1.56516]],[[104.50473,-1.80324],[104.50904,-1.8064],[104.51039,-1.80682],[104.51147,-1.80674],[104.51471,-1.80538],[104.51714,-1.80299],[104.51929,-1.803],[104.52118,-1.80202],[104.52199,-1.80117],[104.52361,-1.80093],[104.52523,-1.79921],[104.52712,-1.79925],[104.52927,-1.79978],[104.5303,-1.79877],[104.53251,-1.79454],[104.53401,-1.7928],[104.53642,-1.78887]],[[104.54317,-1.78464],[104.54431,-1.78466],[104.54515,-1.78357],[104.54455,-1.78221],[104.54408,-1.77977],[104.54394,-1.77678],[104.54325,-1.77244],[104.54347,-1.77163],[104.54333,-1.76891],[104.54245,-1.76674],[104.54233,-1.76349],[104.54183,-1.76104],[104.54215,-1.75833],[104.54174,-1.75589],[104.54141,-1.75561],[104.54023,-1.75154],[104.53649,-1.74204],[104.53463,-1.73553],[104.53211,-1.72929],[104.52691,-1.71951],[104.52444,-1.71699],[104.52255,-1.71558],[104.52201,-1.71548]],[[104.50389,-1.80904],[104.50428,-1.80609],[104.50311,-1.80451]]]}},{"id":"98","type":"Feature","properties":{"year":2017,"certainty":"insufficient data"},"geometry":{"type":"MultiLineString","coordinates":[[[104.62648,-1.9403],[104.62742,-1.94002],[104.6285,-1.94013],[104.62886,-1.93965],[104.62877,-1.93852],[104.62985,-1.93759],[104.63174,-1.93679],[104.63369,-1.93667],[104.63444,-1.93602],[104.63633,-1.93568],[104.63768,-1.93574],[104.63889,-1.93641]],[[104.62595,-1.90364],[104.62352,-1.90138]],[[104.62341,-1.90124],[104.62258,-1.89971],[104.61636,-1.89378],[104.61557,-1.89268],[104.6139,-1.89188],[104.6127,-1.89052],[104.613,-1.89025],[104.61247,-1.88971],[104.6099,-1.88781],[104.60936,-1.88689],[104.60909,-1.88708],[104.60801,-1.88604],[104.60694,-1.8855],[104.60653,-1.88509],[104.60652,-1.88428],[104.60514,-1.88292],[104.60424,-1.8827],[104.60343,-1.88176],[104.6018,-1.88102],[104.59957,-1.87885],[104.60006,-1.87858],[104.59642,-1.87551],[104.59434,-1.87464]],[[104.59413,-1.87445],[104.59318,-1.87343],[104.59291,-1.87353],[104.59075,-1.87165],[104.58819,-1.8701]],[[104.56176,-1.85696],[104.56069,-1.85658],[104.56147,-1.85631],[104.56082,-1.8556],[104.55974,-1.85562],[104.5592,-1.85522],[104.55812,-1.85582],[104.55801,-1.85523],[104.55832,-1.85495],[104.55786,-1.85441],[104.55846,-1.85414],[104.55839,-1.85366],[104.55798,-1.85387],[104.55785,-1.8544],[104.55757,-1.8536],[104.55697,-1.8536],[104.55723,-1.85414],[104.55704,-1.85432],[104.55667,-1.85414],[104.5565,-1.85352],[104.55569,-1.85324],[104.55475,-1.85337]],[[104.54423,-1.85664],[104.54167,-1.8584],[104.54072,-1.8597]],[[104.53971,-1.86241],[104.54005,-1.86363],[104.53991,-1.86472],[104.54078,-1.86567]],[[104.54153,-1.86645],[104.54166,-1.86668],[104.54112,-1.86674],[104.54072,-1.86743],[104.54034,-1.87015],[104.54003,-1.87042],[104.539,-1.87463]],[[104.53778,-1.8768],[104.5362,-1.87937],[104.53611,-1.88032]],[[104.53559,-1.88193],[104.53558,-1.88195]],[[104.53532,-1.8823],[104.53514,-1.8825]],[[104.53505,-1.88261],[104.53491,-1.88277]],[[104.5297,-1.89606],[104.52682,-1.90357],[104.52658,-1.90651],[104.52577,-1.90855]],[[104.52092,-1.92212],[104.52074,-1.92293]],[[104.52074,-1.92294],[104.52069,-1.92347]],[[104.53465,-1.85494],[104.53516,-1.85658],[104.53551,-1.85685],[104.53523,-1.85712],[104.53532,-1.8582],[104.53573,-1.85844],[104.53587,-1.85685],[104.53548,-1.85658],[104.5357,-1.85603],[104.53493,-1.85522],[104.53513,-1.85413]],[[104.46262,-1.90746],[104.46532,-1.90643],[104.46963,-1.90573],[104.47233,-1.90437],[104.47489,-1.9023]],[[104.47543,-1.9018],[104.47549,-1.90175]],[[104.4757,-1.90156],[104.47603,-1.90121]],[[104.46547,-1.90839],[104.46522,-1.90812],[104.4657,-1.90785],[104.46478,-1.90754],[104.46394,-1.90839],[104.46418,-1.90894],[104.46289,-1.90963]],[[104.46471,-1.92604],[104.46477,-1.92461],[104.46504,-1.92566],[104.46639,-1.92476],[104.46747,-1.92533],[104.46792,-1.92522],[104.46718,-1.92387],[104.46749,-1.92332],[104.4672,-1.92273],[104.46585,-1.92211],[104.46469,-1.92278],[104.46417,-1.92169],[104.46374,-1.91925],[104.46367,-1.91789],[104.46473,-1.91627],[104.46397,-1.91545],[104.4644,-1.91437],[104.46474,-1.91165],[104.46561,-1.90921],[104.46547,-1.90894]],[[104.47288,-1.91165],[104.47342,-1.91138],[104.47341,-1.91088],[104.47299,-1.91111],[104.47288,-1.91165]],[[104.46963,-1.91369],[104.46986,-1.91247],[104.46937,-1.91247],[104.46949,-1.91301]],[[104.49713,-1.94518],[104.49794,-1.94479],[104.49848,-1.94515],[104.49927,-1.94423],[104.49856,-1.94396],[104.49848,-1.94279],[104.49741,-1.94326],[104.49687,-1.94312],[104.4966,-1.94364],[104.49633,-1.94336],[104.49611,-1.93907],[104.49679,-1.93337],[104.49665,-1.93202],[104.49523,-1.92781]],[[104.49403,-1.92455],[104.49148,-1.91985],[104.49045,-1.91844],[104.48851,-1.91669],[104.48838,-1.91616]],[[104.48836,-1.91614],[104.48811,-1.91567]],[[104.4784,-1.91252],[104.47745,-1.91271],[104.4761,-1.91367],[104.47476,-1.91284],[104.47287,-1.91292],[104.47169,-1.91355],[104.47098,-1.91474],[104.47044,-1.91476]],[[104.4671,-1.91355],[104.46666,-1.91367],[104.46612,-1.91287],[104.46585,-1.91324],[104.46556,-1.91301],[104.46629,-1.91382],[104.46622,-1.91437],[104.46653,-1.91464],[104.46594,-1.91545],[104.46544,-1.91735],[104.46674,-1.91789],[104.46673,-1.91708],[104.46731,-1.91627],[104.46724,-1.91545],[104.46747,-1.91538]],[[104.46949,-1.91518],[104.47054,-1.91545],[104.46988,-1.91572],[104.47018,-1.91681],[104.46936,-1.91953],[104.46855,-1.91907],[104.46821,-1.91817],[104.46764,-1.91817],[104.4682,-1.91844],[104.4682,-1.91898],[104.46926,-1.92007],[104.46833,-1.92631]],[[104.46756,-1.92169],[104.46774,-1.92132],[104.4672,-1.92106],[104.46646,-1.92142],[104.46666,-1.92189],[104.46756,-1.92169]],[[104.51912,-1.92609],[104.51629,-1.92523],[104.51333,-1.92515],[104.5127,-1.92578],[104.51198,-1.92742],[104.50901,-1.92846],[104.50793,-1.92942],[104.50666,-1.92985],[104.50592,-1.93148],[104.50583,-1.93283],[104.50523,-1.93456],[104.50299,-1.93718],[104.50253,-1.93735],[104.50129,-1.93935],[104.50072,-1.9426],[104.50089,-1.94722]],[[104.49909,-1.94369],[104.49914,-1.94315],[104.49902,-1.94265],[104.49902,-1.94391],[104.49909,-1.94369]],[[104.4966,-1.94499],[104.49633,-1.94347],[104.49676,-1.9445]],[[104.49702,-1.94803],[104.4966,-1.94506]],[[104.65372,-1.96316],[104.65135,-1.96408],[104.64603,-1.96724],[104.64419,-1.96802]],[[104.64374,-1.96816],[104.6401,-1.97024],[104.63902,-1.97031],[104.63794,-1.97253],[104.63686,-1.97323],[104.63632,-1.97297],[104.63584,-1.97331],[104.63251,-1.9767]],[[104.63141,-1.97778],[104.62991,-1.97955],[104.62953,-1.98063],[104.63027,-1.98226],[104.63119,-1.98318]],[[104.61177,-1.98621],[104.61447,-1.98728],[104.61602,-1.98633],[104.61673,-1.98497],[104.61722,-1.98253],[104.61675,-1.97602],[104.61692,-1.97412],[104.61628,-1.97167],[104.61665,-1.97072]],[[104.61649,-1.97066],[104.61582,-1.97038],[104.61555,-1.97092],[104.61438,-1.96937]],[[104.64334,-1.96679],[104.64314,-1.96652],[104.6425,-1.96652],[104.64252,-1.96681],[104.64334,-1.96679]],[[104.61557,-1.96937],[104.61595,-1.96962]],[[104.61599,-1.96964],[104.61622,-1.96989]],[[104.63065,-1.98424],[104.62876,-1.98313],[104.62849,-1.9833],[104.6247,-1.99203],[104.62307,-1.99366],[104.62246,-1.99475],[104.61909,-1.998],[104.61743,-2.00059],[104.61662,-2.00098],[104.61472,-2.00289],[104.61356,-2.00343],[104.61257,-2.00515],[104.60691,-2.00784],[104.60286,-2.00822],[104.60254,-2.00913],[104.60327,-2.01025]],[[104.57548,-1.99924],[104.5883,-2.00219],[104.5914,-2.0022]],[[104.59625,-2.0021],[104.59965,-2.00193]],[[104.60434,-2.00085],[104.6061,-1.99972],[104.6093,-1.99664],[104.61265,-1.99067],[104.61292,-1.98931],[104.61096,-1.98761]],[[104.61058,-1.99773],[104.61069,-1.99828],[104.61015,-1.99845],[104.60934,-1.99809],[104.60889,-1.99854],[104.60931,-1.99936],[104.60884,-2.00044],[104.60907,-2.00142],[104.61025,-2.00126],[104.6097,-2.00098],[104.60988,-2.00009],[104.61069,-2.00162],[104.61159,-2.00071],[104.61171,-1.99936],[104.61123,-1.99915],[104.6112,-1.99881],[104.61177,-1.99815],[104.61231,-1.99814],[104.61246,-1.99773],[104.61194,-1.99556]],[[104.61058,-1.99719],[104.61096,-1.99674],[104.61139,-1.99719],[104.61096,-1.99813],[104.61069,-1.99732]],[[104.5786,-2.00831],[104.57858,-2.00729],[104.57919,-2.00559],[104.57885,-2.00577],[104.57589,-2.00459],[104.57305,-2.00245]],[[104.57198,-2.00174],[104.57176,-2.00138]],[[104.5716,-2.00111],[104.57154,-2.00152],[104.57103,-2.00157]],[[104.61258,-2.00207],[104.6129,-2.0018],[104.61257,-2.0012],[104.61203,-2.0018],[104.61258,-2.00207]],[[104.603,-2.01043],[104.60151,-2.00915],[104.59989,-2.00872],[104.59935,-2.00825],[104.59585,-2.00822],[104.59531,-2.00851],[104.5891,-2.00788],[104.58317,-2.00547],[104.58189,-2.00613],[104.58144,-2.00858]]]}},{"id":"99","type":"Feature","properties":{"year":2017,"certainty":"unstable data"},"geometry":{"type":"MultiLineString","coordinates":[[[104.53355,-1.88711],[104.53296,-1.88955]],[[104.53235,-1.89109],[104.53182,-1.89227]],[[104.53181,-1.89229],[104.53109,-1.89362]],[[104.47679,-1.88618],[104.47699,-1.88601]],[[104.47706,-1.88595],[104.47751,-1.88546]],[[104.4776,-1.88528],[104.47764,-1.88519]]]}},{"id":"100","type":"Feature","properties":{"year":2017,"certainty":"good"},"geometry":{"type":"MultiLineString","coordinates":[[[104.48351,-1.83214],[104.4853,-1.83318],[104.48746,-1.83123],[104.48827,-1.83091],[104.48901,-1.82888],[104.49169,-1.824],[104.49518,-1.82047],[104.49674,-1.81775],[104.50041,-1.81483],[104.50149,-1.8136],[104.50324,-1.81097],[104.50388,-1.80907]],[[104.47262,-1.8505],[104.47558,-1.85169],[104.47801,-1.85204],[104.47963,-1.8514],[104.48079,-1.85005],[104.48197,-1.84706],[104.48275,-1.84028],[104.48432,-1.83865],[104.48456,-1.83431],[104.48304,-1.83268]],[[104.46722,-1.86351],[104.46857,-1.86282],[104.47241,-1.85846],[104.47227,-1.8571],[104.47276,-1.85602],[104.47235,-1.85547],[104.47328,-1.85493],[104.4733,-1.85276],[104.47303,-1.85222],[104.47181,-1.85141]],[[104.60645,-1.96326],[104.60827,-1.96213],[104.60935,-1.9598],[104.6108,-1.95837],[104.6123,-1.95756],[104.61258,-1.95658],[104.61285,-1.9573],[104.61339,-1.95741],[104.61668,-1.95485],[104.61896,-1.95349],[104.62149,-1.95096],[104.62306,-1.94481],[104.62554,-1.94103],[104.62648,-1.9403]],[[104.63889,-1.93641],[104.63983,-1.93713],[104.64145,-1.93674],[104.6423,-1.93613],[104.6432,-1.93423],[104.64437,-1.92934],[104.64372,-1.92744],[104.64391,-1.92418],[104.64337,-1.92174],[104.63964,-1.91713],[104.63485,-1.91305],[104.6304,-1.90828],[104.62748,-1.90464],[104.62595,-1.90364]],[[104.62352,-1.90138],[104.62341,-1.90124]],[[104.59434,-1.87464],[104.59413,-1.87445]],[[104.58819,-1.8701],[104.58319,-1.86636],[104.58266,-1.86635],[104.58185,-1.86541],[104.57349,-1.86037],[104.57269,-1.86052],[104.57026,-1.85962],[104.56864,-1.85843],[104.56176,-1.85696]],[[104.55475,-1.85337],[104.553,-1.85272],[104.55246,-1.8531],[104.55057,-1.85342],[104.54423,-1.85664]],[[104.54072,-1.8597],[104.53992,-1.86119],[104.53971,-1.86241]],[[104.54078,-1.86567],[104.54153,-1.86645]],[[104.539,-1.87463],[104.53778,-1.8768]],[[104.53611,-1.88032],[104.53559,-1.88193]],[[104.53558,-1.88195],[104.53532,-1.8823]],[[104.53514,-1.8825],[104.53505,-1.88261]],[[104.53491,-1.88277],[104.53405,-1.88399],[104.53432,-1.8848],[104.53293,-1.88453],[104.53361,-1.88616],[104.53355,-1.88711]],[[104.53296,-1.88955],[104.53235,-1.89109]],[[104.53182,-1.89227],[104.53181,-1.89229]],[[104.53109,-1.89362],[104.52994,-1.89511],[104.5297,-1.89606]],[[104.52577,-1.90855],[104.52294,-1.91357],[104.52293,-1.91438],[104.52385,-1.91438],[104.52547,-1.91316],[104.52565,-1.9133],[104.52412,-1.91488],[104.52237,-1.91764],[104.52092,-1.92212]],[[104.52074,-1.92293],[104.52074,-1.92294]],[[104.52069,-1.92347],[104.52072,-1.92388],[104.52223,-1.9255]],[[104.47262,-1.8704],[104.47454,-1.86769],[104.47396,-1.86662],[104.47205,-1.8647],[104.46803,-1.8653]],[[104.47422,-1.88741],[104.47679,-1.88618]],[[104.47699,-1.88601],[104.47706,-1.88595]],[[104.47751,-1.88546],[104.4776,-1.88528]],[[104.47764,-1.88519],[104.47888,-1.88126],[104.47939,-1.87746],[104.47883,-1.87366],[104.47755,-1.87149],[104.47605,-1.87013],[104.4745,-1.87009],[104.47327,-1.87094]],[[104.47489,-1.9023],[104.47543,-1.9018]],[[104.47549,-1.90175],[104.4757,-1.90156]],[[104.47603,-1.90121],[104.47773,-1.89746],[104.47882,-1.89293],[104.47873,-1.89157],[104.47756,-1.8894],[104.4753,-1.88796],[104.47449,-1.88803]],[[104.49523,-1.92781],[104.49403,-1.92455]],[[104.48838,-1.91616],[104.48836,-1.91614]],[[104.48811,-1.91567],[104.48581,-1.91366],[104.48285,-1.91242],[104.4784,-1.91252]],[[104.52169,-1.92651],[104.52034,-1.92596],[104.51912,-1.92609]],[[104.6454,-1.93151],[104.64502,-1.92988],[104.64496,-1.92949],[104.64473,-1.9307],[104.64523,-1.93178],[104.6454,-1.93151]],[[104.65373,-1.96316],[104.65372,-1.96316]],[[104.64419,-1.96802],[104.64374,-1.96816]],[[104.63251,-1.9767],[104.63141,-1.97778]],[[104.61665,-1.97072],[104.61649,-1.97066]],[[104.61438,-1.96937],[104.61366,-1.96818],[104.61266,-1.96733],[104.61258,-1.96615],[104.61249,-1.96652],[104.61204,-1.9665],[104.61233,-1.96489],[104.61042,-1.96429],[104.61042,-1.96519],[104.60935,-1.96404],[104.60719,-1.96507]],[[104.61367,-1.96652],[104.61393,-1.96612],[104.61428,-1.96625],[104.61366,-1.96574],[104.61367,-1.96652]],[[104.61692,-1.96815],[104.6169,-1.96755],[104.61663,-1.9674],[104.61658,-1.96787],[104.61692,-1.96815]],[[104.61678,-1.97005],[104.61555,-1.96888],[104.61557,-1.96937]],[[104.61595,-1.96962],[104.61599,-1.96964]],[[104.61622,-1.96989],[104.61678,-1.97005]],[[104.60327,-2.01025],[104.60351,-2.01048]],[[104.57184,-1.99843],[104.57548,-1.99924]],[[104.5914,-2.0022],[104.59625,-2.0021]],[[104.59965,-2.00193],[104.60434,-2.00085]],[[104.57305,-2.00245],[104.57198,-2.00174]],[[104.57176,-2.00138],[104.57211,-2.00055],[104.5716,-2.00111]],[[104.60338,-2.01075],[104.603,-2.01043]]]}},{"id":"101","type":"Feature","properties":{"year":2018,"certainty":"unstable data"},"geometry":{"type":"MultiLineString","coordinates":[[[104.62998,-1.98394],[104.62974,-1.98375]],[[104.62971,-1.98372],[104.62876,-1.98317],[104.62846,-1.98335],[104.6254,-1.99054]]]}},{"id":"102","type":"Feature","properties":{"year":2018,"certainty":"good"},"geometry":{"type":"MultiLineString","coordinates":[[[104.48354,-1.83214],[104.4853,-1.83314],[104.48693,-1.83132],[104.48827,-1.83063],[104.48923,-1.82807],[104.49173,-1.82372],[104.49504,-1.82047],[104.49586,-1.81938],[104.49661,-1.81748],[104.50001,-1.81504],[104.50155,-1.81341],[104.50329,-1.8107],[104.50383,-1.80907]],[[104.47262,-1.85046],[104.47585,-1.85175],[104.47801,-1.85202],[104.47963,-1.85118],[104.48065,-1.85005],[104.48194,-1.84706],[104.48247,-1.84001],[104.48304,-1.83919],[104.48395,-1.83924],[104.48432,-1.83865],[104.48448,-1.83431],[104.48303,-1.83268]],[[104.46722,-1.86344],[104.46857,-1.86266],[104.47241,-1.85846],[104.47224,-1.8571],[104.47275,-1.85602],[104.47221,-1.85547],[104.47326,-1.85493],[104.47329,-1.85276],[104.473,-1.85222],[104.47181,-1.85144]],[[104.60645,-1.96326],[104.60845,-1.9619],[104.60935,-1.95979],[104.61081,-1.95837],[104.6123,-1.95756],[104.61258,-1.95657],[104.61285,-1.95726],[104.61339,-1.95736],[104.6194,-1.95295],[104.62133,-1.95023],[104.62176,-1.94823],[104.62244,-1.94698],[104.62284,-1.94471],[104.62399,-1.94236],[104.62573,-1.94019],[104.62705,-1.93965],[104.62728,-1.93911],[104.62938,-1.93721],[104.6312,-1.93607],[104.63247,-1.93612],[104.63262,-1.93585],[104.63201,-1.9358],[104.63201,-1.9355],[104.63309,-1.93553],[104.63417,-1.93501],[104.63795,-1.93523],[104.63853,-1.93558],[104.63913,-1.93667],[104.6401,-1.93719],[104.64091,-1.93705],[104.64174,-1.9364],[104.64284,-1.93395],[104.64248,-1.93124],[104.64264,-1.92907],[104.64366,-1.92391],[104.64334,-1.92233],[104.64236,-1.92065],[104.63687,-1.91479],[104.63471,-1.91336],[104.63297,-1.9117],[104.63188,-1.91007],[104.62986,-1.90835],[104.62662,-1.90434],[104.62333,-1.90165],[104.62209,-1.90002],[104.61206,-1.89017],[104.60595,-1.88509],[104.60596,-1.88455],[104.60343,-1.88215],[104.6016,-1.88102],[104.5993,-1.87858],[104.59615,-1.87601],[104.58914,-1.87081],[104.58179,-1.86582],[104.57458,-1.86147],[104.57161,-1.86007],[104.56972,-1.85953],[104.56852,-1.85876],[104.56163,-1.85705],[104.56061,-1.85658],[104.56081,-1.85604],[104.56028,-1.85646],[104.55947,-1.85648],[104.55799,-1.85604],[104.55662,-1.85522],[104.55664,-1.85495],[104.55741,-1.85468],[104.55569,-1.85333],[104.55273,-1.85302],[104.55111,-1.85327],[104.54571,-1.85571],[104.54275,-1.85754],[104.54088,-1.85929],[104.53969,-1.86228],[104.54005,-1.86486],[104.54169,-1.86662],[104.54112,-1.86677],[104.54074,-1.86757]],[[104.539,-1.87463],[104.53735,-1.87797],[104.53675,-1.87829],[104.53672,-1.87883],[104.53622,-1.87937],[104.53594,-1.88155],[104.53415,-1.88372],[104.53438,-1.88507],[104.53357,-1.88451],[104.53295,-1.88453],[104.53362,-1.88616],[104.5332,-1.88914],[104.53179,-1.8924],[104.52982,-1.89539],[104.52908,-1.8981],[104.52674,-1.9038],[104.52655,-1.90651],[104.52603,-1.90814],[104.52294,-1.91357],[104.52296,-1.91438],[104.52331,-1.91452],[104.52466,-1.91392],[104.52547,-1.91312],[104.52569,-1.9133],[104.52295,-1.91655],[104.52106,-1.92117],[104.52075,-1.92388],[104.52222,-1.92551]],[[104.47258,-1.8704],[104.47448,-1.86769],[104.47396,-1.86661],[104.4718,-1.86468],[104.46803,-1.86531]],[[104.47422,-1.88744],[104.47638,-1.88652],[104.47746,-1.88553],[104.47887,-1.88126],[104.47945,-1.87664],[104.47856,-1.87312],[104.47639,-1.87035],[104.47477,-1.87006],[104.47329,-1.87094]],[[104.46262,-1.90749],[104.46532,-1.90642],[104.46828,-1.90608],[104.47031,-1.90539]],[[104.47639,-1.90066],[104.47773,-1.89744],[104.47881,-1.89293],[104.4787,-1.89157],[104.47835,-1.89049],[104.47746,-1.8893],[104.4753,-1.88796],[104.47449,-1.88805]],[[104.46464,-1.9126],[104.46464,-1.9126]],[[104.46329,-1.90932],[104.46324,-1.90934]],[[104.46302,-1.9095],[104.46289,-1.90958]],[[104.49705,-1.94803],[104.49652,-1.94586],[104.49604,-1.94043],[104.49675,-1.93555],[104.49669,-1.93229],[104.49367,-1.92387],[104.49227,-1.92224],[104.49187,-1.92089],[104.49064,-1.91899],[104.48827,-1.91682],[104.4877,-1.91552],[104.48581,-1.91376],[104.48285,-1.91245],[104.48069,-1.91233],[104.47732,-1.91283]],[[104.52169,-1.9265],[104.52034,-1.92593],[104.51899,-1.92612],[104.51629,-1.92523],[104.51314,-1.92524],[104.51198,-1.92746],[104.50901,-1.92846],[104.50793,-1.92942],[104.50666,-1.92985],[104.50625,-1.93039],[104.50636,-1.93093],[104.50591,-1.93148],[104.50581,-1.93283],[104.50512,-1.93473],[104.50357,-1.93623]],[[104.50103,-1.9403],[104.50066,-1.94396],[104.50081,-1.94722]],[[104.50097,-1.93283],[104.50119,-1.93202],[104.50051,-1.93256]],[[104.50078,-1.93288],[104.50097,-1.93283]],[[104.65373,-1.96374],[104.65195,-1.96435],[104.64927,-1.96627],[104.64711,-1.96685],[104.64468,-1.96847],[104.64225,-1.9692],[104.63942,-1.97069]],[[104.63119,-1.97806],[104.62956,-1.98036],[104.63031,-1.98226],[104.63119,-1.98317]],[[104.61419,-1.98728],[104.61574,-1.9866],[104.61665,-1.98511]],[[104.61688,-1.9786],[104.61657,-1.97629],[104.61681,-1.97385],[104.61447,-1.96976],[104.60935,-1.96417],[104.60719,-1.96511]],[[104.63065,-1.98426],[104.62998,-1.98394]],[[104.62974,-1.98375],[104.62971,-1.98372]],[[104.57184,-1.99846],[104.5891,-2.00221],[104.59963,-2.00199],[104.60151,-2.00173],[104.60462,-2.00068]],[[104.61117,-1.99325],[104.61263,-1.99067],[104.61292,-1.98945]],[[104.57218,-2.0007],[104.57237,-2.00043],[104.57211,-1.99989],[104.57184,-1.99951],[104.57211,-1.99989],[104.57171,-2.00043],[104.57218,-2.0007]],[[104.57856,-2.00831],[104.57858,-2.00718],[104.57919,-2.00559],[104.57643,-2.00484],[104.57184,-2.00167],[104.57103,-2.0016]],[[104.58123,-2.00532],[104.58092,-2.00478],[104.5817,-2.00423],[104.58136,-2.00396],[104.58155,-2.00315],[104.58101,-2.0024],[104.58007,-2.00396],[104.58008,-2.00451],[104.58079,-2.00532],[104.58123,-2.00532]],[[104.5949,-2.00836],[104.5891,-2.00781],[104.58425,-2.00573],[104.5829,-2.00544],[104.58175,-2.00641],[104.58141,-2.00858]]]}},{"id":"103","type":"Feature","properties":{"year":2018,"certainty":"insufficient data"},"geometry":{"type":"MultiLineString","coordinates":[[[104.54074,-1.86757],[104.54048,-1.86988],[104.54003,-1.87042],[104.53985,-1.87232],[104.539,-1.87463]],[[104.47031,-1.90539],[104.47233,-1.90444],[104.47422,-1.90305],[104.47639,-1.90066]],[[104.4646,-1.92604],[104.46468,-1.92414],[104.46511,-1.92386],[104.46477,-1.92382],[104.46477,-1.92325],[104.46666,-1.92451],[104.46702,-1.92441],[104.46681,-1.92387],[104.46726,-1.92332],[104.46585,-1.9222],[104.46477,-1.92295],[104.46415,-1.92169],[104.46358,-1.91816],[104.46365,-1.91654],[104.46464,-1.9126]],[[104.46464,-1.9126],[104.4653,-1.90948],[104.46478,-1.9091],[104.46329,-1.90932]],[[104.46324,-1.90934],[104.46302,-1.9095]],[[104.47732,-1.91283],[104.4761,-1.91386],[104.47476,-1.91286],[104.47422,-1.91282],[104.47287,-1.91294],[104.47149,-1.91382],[104.47049,-1.91572],[104.46963,-1.91909],[104.46912,-1.9198],[104.46831,-1.92631]],[[104.46734,-1.91518],[104.46727,-1.91382],[104.46693,-1.91343],[104.46637,-1.91437],[104.46734,-1.91518]],[[104.50357,-1.93623],[104.50156,-1.93853],[104.50103,-1.9403]],[[104.50051,-1.93256],[104.50048,-1.93283],[104.50078,-1.93288]],[[104.63942,-1.97069],[104.63872,-1.97086],[104.63794,-1.97255],[104.63767,-1.9722],[104.63711,-1.97304],[104.63632,-1.97295],[104.63582,-1.97331],[104.63119,-1.97806]],[[104.61177,-1.9862],[104.61419,-1.98728]],[[104.61665,-1.98511],[104.6171,-1.98226],[104.61688,-1.9786]],[[104.6254,-1.99054],[104.62473,-1.99203],[104.62309,-1.99366],[104.62244,-1.99475],[104.61909,-1.998],[104.61813,-1.99936],[104.61807,-1.9999],[104.61472,-2.00289],[104.61356,-2.00343],[104.61257,-2.00513],[104.60691,-2.00776],[104.60286,-2.0082],[104.60254,-2.00913],[104.60352,-2.01048]],[[104.60462,-2.00068],[104.6061,-1.99975],[104.60826,-1.99773],[104.61117,-1.99325]],[[104.61292,-1.98945],[104.61096,-1.98761]],[[104.61529,-1.99637],[104.615,-1.99603],[104.61468,-1.99637],[104.615,-1.9963],[104.61529,-1.99637]],[[104.61097,-2.0018],[104.61176,-2.00017],[104.61171,-1.99936],[104.6112,-1.99909],[104.61149,-1.99827],[104.61123,-1.99808],[104.61084,-1.99827],[104.61019,-1.9999],[104.61048,-2.00153],[104.61097,-2.0018]],[[104.61258,-2.00207],[104.6129,-2.0018],[104.61257,-2.0012],[104.61203,-2.0018],[104.61258,-2.00207]],[[104.60338,-2.01075],[104.60151,-2.00912],[104.59989,-2.0087],[104.59935,-2.00824],[104.5949,-2.00836]]]}},{"id":"104","type":"Feature","properties":{"year":2018,"certainty":"good"},"geometry":{"type":"MultiLineString","coordinates":[[[104.52147,-1.71482],[104.52336,-1.71426],[104.52633,-1.71396],[104.52676,-1.713],[104.51974,-1.70133],[104.50719,-1.68623],[104.50195,-1.68124],[104.49478,-1.67233],[104.49209,-1.67],[104.49136,-1.66875],[104.49006,-1.66767],[104.48983,-1.66577],[104.48802,-1.66251],[104.48656,-1.65789],[104.47349,-1.63369],[104.46977,-1.62478],[104.46783,-1.62102],[104.46538,-1.61473],[104.46336,-1.60822],[104.46044,-1.60035],[104.46111,-1.59764],[104.46086,-1.59682],[104.46001,-1.59617],[104.45947,-1.59636],[104.45923,-1.59601],[104.45812,-1.59221],[104.45773,-1.58895],[104.45683,-1.58542],[104.45693,-1.58461],[104.45642,-1.58298],[104.45653,-1.58189],[104.45576,-1.57972],[104.45577,-1.57891],[104.45637,-1.57836],[104.45566,-1.57782],[104.4555,-1.57646],[104.45489,-1.57605],[104.45467,-1.57511],[104.4538,-1.57375],[104.45371,-1.57212],[104.45282,-1.56968],[104.4527,-1.56778],[104.45297,-1.56751],[104.45213,-1.56615],[104.45276,-1.56588],[104.45231,-1.56506],[104.45111,-1.55312],[104.44874,-1.54308],[104.4475,-1.53928],[104.44458,-1.53439],[104.44164,-1.52516],[104.439,-1.514],[104.43819,-1.50919],[104.43869,-1.50807],[104.43807,-1.50617],[104.43802,-1.50427],[104.43857,-1.50318],[104.43835,-1.50155],[104.43977,-1.49721],[104.43941,-1.49612],[104.43968,-1.4945],[104.43918,-1.49368],[104.43921,-1.4926],[104.43996,-1.4888],[104.44073,-1.48717],[104.44029,-1.4869],[104.4407,-1.4835]],[[104.44049,-1.48232],[104.44049,-1.48181]],[[104.44054,-1.4816],[104.44067,-1.48079]],[[104.44481,-1.46563],[104.44524,-1.46519],[104.44575,-1.46274],[104.44733,-1.45813],[104.44864,-1.45542],[104.44949,-1.45189],[104.4498,-1.45171],[104.4512,-1.44782],[104.45157,-1.44619],[104.45142,-1.44563],[104.45223,-1.44347],[104.45329,-1.44158],[104.45493,-1.44091],[104.45515,-1.44049],[104.45481,-1.44022],[104.45547,-1.43926],[104.45574,-1.43929],[104.45579,-1.4375],[104.45646,-1.4356],[104.45681,-1.43316],[104.45723,-1.42339],[104.45649,-1.41362],[104.45601,-1.40982],[104.45548,-1.40819],[104.45577,-1.40765],[104.45564,-1.40602],[104.45463,-1.40249],[104.45254,-1.39788],[104.45251,-1.39625],[104.45152,-1.39462],[104.45115,-1.38974],[104.45179,-1.38675],[104.45205,-1.38322],[104.45291,-1.38024],[104.45272,-1.37779],[104.45373,-1.37562],[104.45413,-1.37517],[104.45449,-1.37535],[104.45511,-1.37345],[104.45577,-1.37291],[104.45537,-1.37047],[104.45546,-1.36802],[104.45585,-1.36775],[104.45573,-1.36694],[104.45602,-1.3664],[104.45575,-1.36641],[104.45562,-1.36585],[104.45637,-1.36395],[104.45669,-1.35669]],[[104.45359,-1.44402],[104.45397,-1.4432],[104.45385,-1.44291],[104.45347,-1.44347],[104.45359,-1.44402]],[[104.50473,-1.80323],[104.50904,-1.80639],[104.51039,-1.8068],[104.51147,-1.80669],[104.51498,-1.80516],[104.51687,-1.80304],[104.51902,-1.80302],[104.5201,-1.80221],[104.52091,-1.80211],[104.52199,-1.8011],[104.52361,-1.80085],[104.5255,-1.79906],[104.52927,-1.79974],[104.53025,-1.79877],[104.53247,-1.79442],[104.53489,-1.79144],[104.53764,-1.78672],[104.53953,-1.78488],[104.54115,-1.78511],[104.54276,-1.78443],[104.54438,-1.78452],[104.54499,-1.78384],[104.54495,-1.78276],[104.54451,-1.78221],[104.54397,-1.7795],[104.54391,-1.77678],[104.54334,-1.77407],[104.54323,-1.76919],[104.54243,-1.76674],[104.54192,-1.76294],[104.54172,-1.75589],[104.54122,-1.75534],[104.5398,-1.7505],[104.53761,-1.7453],[104.53603,-1.74091],[104.53475,-1.73607],[104.5322,-1.72956],[104.52661,-1.71924],[104.52444,-1.71703],[104.52201,-1.71548]],[[104.50385,-1.80904],[104.50419,-1.80582],[104.50311,-1.80453]]]}},{"id":"105","type":"Feature","properties":{"year":2019,"certainty":"good"},"geometry":{"type":"MultiLineString","coordinates":[[[104.52147,-1.71482],[104.52309,-1.7143],[104.52633,-1.71393],[104.5269,-1.713],[104.52561,-1.71137],[104.51987,-1.7016],[104.51129,-1.69101],[104.50725,-1.6864],[104.50179,-1.68107],[104.49726,-1.67554],[104.49561,-1.67418],[104.49559,-1.67363],[104.49505,-1.67368],[104.49209,-1.6702],[104.49145,-1.66902],[104.48993,-1.66771],[104.48979,-1.66604],[104.48775,-1.66224],[104.4866,-1.65817],[104.47429,-1.63534],[104.47219,-1.63021],[104.4715,-1.62939],[104.46756,-1.62067],[104.46432,-1.61195],[104.46176,-1.60388],[104.46104,-1.60252],[104.46042,-1.60008],[104.45943,-1.59791],[104.45787,-1.59085],[104.45718,-1.58895],[104.45543,-1.57768],[104.45354,-1.57308],[104.45366,-1.57212],[104.45257,-1.56886],[104.45249,-1.56696],[104.45209,-1.56615],[104.45237,-1.56561],[104.45163,-1.55828],[104.4509,-1.55339],[104.44858,-1.54281],[104.44744,-1.53928],[104.44664,-1.53792],[104.446,-1.53749],[104.44465,-1.53468],[104.44223,-1.52733],[104.44087,-1.52137],[104.44007,-1.51953],[104.43846,-1.51184],[104.43792,-1.50725],[104.43819,-1.50652],[104.43873,-1.50706],[104.43895,-1.50671],[104.43814,-1.50617],[104.43844,-1.50562],[104.43785,-1.50535],[104.43781,-1.50345],[104.43927,-1.49748],[104.43956,-1.4945],[104.43912,-1.49368],[104.43915,-1.49287],[104.43953,-1.48961],[104.43981,-1.48974],[104.43992,-1.48934],[104.4396,-1.4888],[104.44018,-1.48798],[104.44073,-1.48337],[104.44058,-1.48147],[104.44134,-1.47794],[104.44207,-1.47631],[104.44225,-1.47387],[104.44324,-1.47116],[104.44322,-1.47007],[104.44386,-1.46902],[104.44467,-1.46567],[104.44521,-1.46498],[104.44727,-1.45813],[104.44818,-1.45635],[104.44872,-1.45596],[104.44908,-1.45379],[104.4512,-1.44782],[104.4512,-1.44646],[104.45147,-1.44619],[104.45124,-1.4451],[104.45184,-1.4432],[104.45476,-1.44103],[104.45442,-1.44049],[104.45466,-1.43993],[104.45534,-1.43968],[104.45569,-1.43913],[104.45555,-1.43859],[104.45678,-1.43316],[104.45713,-1.42339],[104.45598,-1.40982],[104.45519,-1.40819],[104.45558,-1.40629],[104.45458,-1.40249],[104.45257,-1.39815],[104.45244,-1.39625],[104.45144,-1.39462],[104.45113,-1.39082],[104.45141,-1.38919],[104.45136,-1.38567],[104.45173,-1.38322],[104.45259,-1.38078],[104.45266,-1.37698],[104.45481,-1.3721],[104.45458,-1.37182],[104.45494,-1.37074],[104.45454,-1.3702],[104.45524,-1.36884],[104.45613,-1.36314],[104.45659,-1.35669]],[[104.45311,-1.44402],[104.45369,-1.44348],[104.45358,-1.44323],[104.45304,-1.44406],[104.45311,-1.44402]],[[104.50473,-1.80322],[104.50823,-1.80591],[104.51066,-1.80677],[104.51471,-1.80528],[104.51714,-1.80279],[104.51902,-1.80296],[104.52199,-1.80104],[104.52361,-1.80079],[104.52523,-1.7991],[104.52631,-1.79903],[104.52927,-1.79969],[104.53018,-1.79877],[104.53224,-1.79452],[104.53458,-1.79171],[104.53725,-1.78683],[104.539,-1.78493],[104.5398,-1.78442],[104.54061,-1.78462],[104.54249,-1.78417],[104.54357,-1.78432],[104.5449,-1.78357],[104.54492,-1.78289],[104.54426,-1.78221],[104.54372,-1.78031],[104.5438,-1.77651],[104.54291,-1.77136],[104.54304,-1.76971],[104.54234,-1.76783],[104.54159,-1.76267],[104.54148,-1.75941],[104.5411,-1.75833],[104.5416,-1.75697],[104.54034,-1.75275],[104.53628,-1.74177],[104.53447,-1.73553],[104.53211,-1.72956],[104.5266,-1.71951],[104.52444,-1.7171],[104.52201,-1.71547]],[[104.5038,-1.80904],[104.50411,-1.80581],[104.50311,-1.80453]]]}},{"id":"106","type":"Feature","properties":{"year":2019,"certainty":"good"},"geometry":{"type":"MultiLineString","coordinates":[[[104.48348,-1.83214],[104.4853,-1.83314],[104.48665,-1.83188],[104.48692,-1.83107],[104.48823,-1.83051],[104.48926,-1.82752],[104.49125,-1.824],[104.49555,-1.81972],[104.49625,-1.8183],[104.49615,-1.81748],[104.4969,-1.8173],[104.49933,-1.81544],[104.50144,-1.81341],[104.50322,-1.8107],[104.50377,-1.80907]],[[104.47262,-1.85048],[104.47558,-1.85172],[104.47801,-1.85202],[104.4799,-1.85094],[104.48064,-1.85005],[104.48188,-1.84706],[104.48233,-1.83944],[104.4826,-1.83881],[104.48341,-1.83885],[104.48368,-1.83914],[104.48426,-1.83865],[104.48454,-1.83594],[104.48416,-1.83512],[104.48447,-1.83431],[104.48305,-1.83268]],[[104.46722,-1.86345],[104.46965,-1.86152],[104.47237,-1.85846],[104.4722,-1.8571],[104.47273,-1.85602],[104.47219,-1.85547],[104.47325,-1.85493],[104.47328,-1.85276],[104.47289,-1.8521],[104.47181,-1.85144]],[[104.6064,-1.96326],[104.60844,-1.9619],[104.60935,-1.95977],[104.61078,-1.95837],[104.61228,-1.95756],[104.61258,-1.95653],[104.61285,-1.95715],[104.61339,-1.95736],[104.61654,-1.95485],[104.61887,-1.95349],[104.6213,-1.95023],[104.62176,-1.94766],[104.62242,-1.94698],[104.62217,-1.94643],[104.62311,-1.94348],[104.62446,-1.94123],[104.62591,-1.93992],[104.62608,-1.9391],[104.62635,-1.93898],[104.62658,-1.93965],[104.62689,-1.93968],[104.62704,-1.93884],[104.62888,-1.93748],[104.6312,-1.93604],[104.63243,-1.93612],[104.6326,-1.93585],[104.63201,-1.93581],[104.63201,-1.93548],[104.63309,-1.93551],[104.63396,-1.93504],[104.63525,-1.93485],[104.63795,-1.9352],[104.63857,-1.93558],[104.63929,-1.93684],[104.6401,-1.93721],[104.64091,-1.93706],[104.64172,-1.93631],[104.64237,-1.93504],[104.64243,-1.9288],[104.64344,-1.925],[104.64345,-1.92337],[104.64283,-1.92201],[104.6393,-1.91734],[104.63682,-1.91495],[104.63277,-1.91197],[104.63175,-1.91016],[104.6304,-1.90888],[104.62986,-1.90884],[104.62647,-1.90437],[104.62366,-1.90208],[104.62231,-1.90052],[104.62078,-1.89948],[104.61125,-1.88984],[104.60738,-1.88672],[104.59868,-1.87858],[104.58887,-1.87085],[104.57943,-1.86487],[104.57593,-1.8631],[104.57403,-1.86155],[104.57322,-1.86148],[104.57154,-1.86066],[104.57107,-1.86009],[104.56756,-1.85886],[104.5664,-1.85876],[104.55849,-1.85631],[104.55632,-1.85522],[104.55596,-1.85425],[104.55542,-1.85424],[104.55461,-1.85351],[104.553,-1.85328],[104.55165,-1.85345],[104.54868,-1.8545],[104.54275,-1.85755],[104.54059,-1.85992],[104.53972,-1.86241]],[[104.54051,-1.86947],[104.53908,-1.87449],[104.53806,-1.87612],[104.53742,-1.87802],[104.53681,-1.87841],[104.53667,-1.87912]],[[104.53656,-1.87924],[104.5364,-1.8793]],[[104.53623,-1.87978],[104.53607,-1.88127],[104.53559,-1.88202]],[[104.53449,-1.88331],[104.53407,-1.88399],[104.53438,-1.88514],[104.53357,-1.88451],[104.53296,-1.88453],[104.53361,-1.88616],[104.5332,-1.88914],[104.5318,-1.8924],[104.52983,-1.89539],[104.52907,-1.8981],[104.52672,-1.9038],[104.52628,-1.90752],[104.52298,-1.91357],[104.52297,-1.91438],[104.52385,-1.91442],[104.52547,-1.91312],[104.52568,-1.9133],[104.52412,-1.91484],[104.52297,-1.91655],[104.52101,-1.92115]],[[104.52069,-1.92347],[104.52071,-1.92388],[104.52222,-1.92551]],[[104.47256,-1.8704],[104.47448,-1.86769],[104.47396,-1.86668],[104.4718,-1.86466],[104.46803,-1.86528]],[[104.47422,-1.88745],[104.47638,-1.88656],[104.47741,-1.8856],[104.47888,-1.88099],[104.47943,-1.87692],[104.47872,-1.87366],[104.47666,-1.87067],[104.47585,-1.8701],[104.47504,-1.87004],[104.47331,-1.87094]],[[104.46383,-1.90689],[104.46437,-1.90669]],[[104.46815,-1.90612],[104.47017,-1.90558],[104.47422,-1.9031],[104.47622,-1.90107],[104.47727,-1.8989],[104.47866,-1.8932],[104.47858,-1.8913],[104.47746,-1.88932],[104.4753,-1.88796],[104.47449,-1.88805]],[[104.46982,-1.90894],[104.46994,-1.90812],[104.46963,-1.90812],[104.46954,-1.90894],[104.46982,-1.90894]],[[104.49704,-1.94803],[104.497,-1.94694],[104.49653,-1.94586],[104.49655,-1.94396],[104.49601,-1.94043],[104.49675,-1.93432]],[[104.49673,-1.93336],[104.49621,-1.93066],[104.49406,-1.9255],[104.49389,-1.92442],[104.49223,-1.92224],[104.49209,-1.92143],[104.49061,-1.91899],[104.48826,-1.91682],[104.48718,-1.91492],[104.48581,-1.91383],[104.48285,-1.91251],[104.48096,-1.91233],[104.47745,-1.91271],[104.4761,-1.91376],[104.4753,-1.91357],[104.47476,-1.91284],[104.47287,-1.9129],[104.47175,-1.91355],[104.47047,-1.91518],[104.46909,-1.92056],[104.46882,-1.92039],[104.46855,-1.92111],[104.46829,-1.91925],[104.4672,-1.91971],[104.4645,-1.91946],[104.46442,-1.92007],[104.46491,-1.92007],[104.4645,-1.92251],[104.46359,-1.91762],[104.4646,-1.91233]],[[104.46709,-1.91599],[104.46855,-1.91448],[104.46909,-1.91431],[104.46922,-1.9141],[104.46865,-1.91355],[104.46882,-1.91331],[104.46963,-1.91362],[104.46996,-1.91301],[104.46994,-1.9122],[104.47042,-1.91165],[104.46998,-1.91057],[104.47017,-1.90987],[104.46973,-1.90975],[104.46963,-1.90936],[104.46936,-1.91051],[104.46828,-1.90998],[104.46754,-1.91152]],[[104.46729,-1.9126],[104.46636,-1.91491],[104.46655,-1.91599],[104.46709,-1.91599]],[[104.47078,-1.91165],[104.47146,-1.91138],[104.47098,-1.91091],[104.47058,-1.91111],[104.47086,-1.91138],[104.47053,-1.91165],[104.47078,-1.91165]],[[104.46657,-1.91762],[104.46685,-1.91681],[104.46612,-1.91638],[104.4659,-1.91654],[104.46631,-1.91681],[104.46585,-1.91728],[104.46558,-1.91707],[104.46558,-1.91735],[104.46585,-1.91783],[104.46657,-1.91762]],[[104.46468,-1.92604],[104.46477,-1.92335],[104.46488,-1.92386],[104.46531,-1.92412],[104.46693,-1.92348]],[[104.46739,-1.92359],[104.46573,-1.92441],[104.46585,-1.92469],[104.46639,-1.92457],[104.46666,-1.92508],[104.46828,-1.92394],[104.46829,-1.92631]],[[104.52169,-1.92648],[104.52067,-1.92632],[104.52034,-1.92598],[104.51912,-1.92607]],[[104.50839,-1.9289],[104.50793,-1.9294],[104.50685,-1.92971],[104.50623,-1.93039],[104.50634,-1.93093],[104.50589,-1.93148],[104.50524,-1.93446],[104.50352,-1.93623]],[[104.50107,-1.93975],[104.50053,-1.94586],[104.49954,-1.94722],[104.49983,-1.94697],[104.50065,-1.94722]],[[104.61177,-1.98619],[104.61447,-1.98725],[104.6156,-1.9866],[104.61641,-1.98552],[104.61703,-1.98253],[104.61693,-1.97819],[104.61654,-1.97629],[104.61681,-1.97385],[104.61429,-1.96977],[104.61304,-1.96869],[104.61285,-1.96774],[104.60935,-1.96419],[104.60719,-1.96513]],[[104.65373,-1.96436],[104.65089,-1.965],[104.64927,-1.96634],[104.64711,-1.96691],[104.64603,-1.96753],[104.64522,-1.96855],[104.64252,-1.96914],[104.63942,-1.9708]],[[104.62998,-1.98394],[104.62976,-1.98375]],[[104.62631,-1.9881],[104.62539,-1.99048]],[[104.57198,-1.99848],[104.57521,-1.99913]],[[104.58358,-2.00112],[104.5891,-2.00219],[104.59625,-2.00203]],[[104.59968,-2.00193],[104.60057,-2.00176]],[[104.57857,-2.00831],[104.57885,-2.00704],[104.57945,-2.00695],[104.57912,-2.00654],[104.57926,-2.00585]],[[104.57957,-2.006],[104.57975,-2.006]],[[104.57697,-2.00437],[104.5771,-2.00458]],[[104.57717,-2.00464],[104.57736,-2.00505],[104.57643,-2.00484],[104.57225,-2.00202]],[[104.5949,-2.00836],[104.59081,-2.00804],[104.58816,-2.00747]],[[104.58485,-2.006],[104.58438,-2.00581]],[[104.58426,-2.00573],[104.58263,-2.00556],[104.58174,-2.00654]],[[104.58139,-2.00817],[104.58132,-2.00858]]]}},{"id":"107","type":"Feature","properties":{"year":2019,"certainty":"unstable data"},"geometry":{"type":"MultiLineString","coordinates":[[[104.53667,-1.87912],[104.53656,-1.87924]],[[104.5364,-1.8793],[104.53623,-1.87978]],[[104.53559,-1.88202],[104.53449,-1.88331]],[[104.49708,-1.91492],[104.49681,-1.91573],[104.49741,-1.91543]],[[104.49742,-1.91899],[104.49741,-1.9183],[104.49714,-1.91894],[104.49687,-1.91809],[104.49658,-1.91872],[104.49714,-1.91899],[104.49742,-1.91899]],[[104.50349,-1.92713],[104.50361,-1.92681],[104.50307,-1.9262],[104.50303,-1.92686],[104.50334,-1.92728],[104.50349,-1.92713]]]}},{"id":"108","type":"Feature","properties":{"year":2019,"certainty":"insufficient data"},"geometry":{"type":"MultiLineString","coordinates":[[[104.53972,-1.86241],[104.54016,-1.86363],[104.54015,-1.86499],[104.54206,-1.86689],[104.54102,-1.86689],[104.54051,-1.86947]],[[104.52101,-1.92115],[104.52069,-1.92347]],[[104.46262,-1.90747],[104.46383,-1.90689]],[[104.46437,-1.90669],[104.46815,-1.90612]],[[104.49675,-1.93432],[104.49673,-1.93336]],[[104.4646,-1.91233],[104.46453,-1.91138],[104.46523,-1.90948],[104.46397,-1.90918],[104.46289,-1.90962]],[[104.46754,-1.91152],[104.46693,-1.91173],[104.46682,-1.9122],[104.46729,-1.9126]],[[104.51912,-1.92607],[104.51629,-1.92519],[104.51333,-1.92513],[104.51265,-1.92578],[104.51198,-1.92743],[104.50839,-1.9289]],[[104.50352,-1.93623],[104.50156,-1.93826],[104.50107,-1.93975]],[[104.50183,-1.93283],[104.50172,-1.93233],[104.50118,-1.9319],[104.50049,-1.93229],[104.50029,-1.93283],[104.50091,-1.93306],[104.50183,-1.93283]],[[104.63942,-1.9708],[104.63794,-1.97264],[104.63767,-1.97252],[104.63713,-1.97317],[104.63632,-1.97298],[104.63578,-1.97336],[104.62993,-1.97955],[104.62956,-1.98036],[104.62973,-1.98118],[104.63119,-1.98317]],[[104.63065,-1.98427],[104.62998,-1.98394]],[[104.62976,-1.98375],[104.62876,-1.9832],[104.62849,-1.98336],[104.62784,-1.9847],[104.6277,-1.98579],[104.62631,-1.9881]],[[104.62539,-1.99048],[104.62475,-1.99203],[104.61911,-1.998],[104.61813,-1.99936],[104.61807,-1.9999],[104.61473,-2.0029],[104.61361,-2.00343],[104.61257,-2.00512],[104.60691,-2.00782],[104.60313,-2.00808],[104.60249,-2.00885],[104.60277,-2.00967],[104.60353,-2.01048]],[[104.57184,-1.99848],[104.57198,-1.99848]],[[104.57521,-1.99913],[104.58358,-2.00112]],[[104.59625,-2.00203],[104.59968,-2.00193]],[[104.60057,-2.00176],[104.60475,-2.00062],[104.60853,-1.99743],[104.6092,-1.99746],[104.60903,-1.99664],[104.61082,-1.99393],[104.61284,-1.98986],[104.61214,-1.9885],[104.61096,-1.98765]],[[104.61601,-1.99664],[104.61581,-1.9958],[104.61463,-1.99637],[104.61554,-1.99681],[104.61601,-1.99664]],[[104.57218,-2.0007],[104.57225,-2.00016],[104.57157,-1.99936],[104.57169,-2.00043],[104.57218,-2.0007]],[[104.57926,-2.00585],[104.57957,-2.006]],[[104.57975,-2.006],[104.58112,-2.00505],[104.58074,-2.00476],[104.57993,-2.005],[104.57972,-2.00478],[104.58024,-2.00451],[104.5802,-2.0041],[104.57939,-2.00395],[104.57885,-2.00443],[104.57858,-2.00406],[104.57831,-2.00458],[104.57724,-2.00382],[104.57697,-2.00437]],[[104.5771,-2.00458],[104.57717,-2.00464]],[[104.57225,-2.00202],[104.57103,-2.00162]],[[104.57912,-2.00482],[104.57858,-2.00487],[104.57849,-2.00478],[104.57912,-2.00425],[104.57933,-2.00478],[104.57912,-2.00482]],[[104.60337,-2.01075],[104.60151,-2.0091],[104.59989,-2.00874],[104.59935,-2.00825],[104.5949,-2.00836]],[[104.58816,-2.00747],[104.58485,-2.006]],[[104.58438,-2.00581],[104.58426,-2.00573]],[[104.58174,-2.00654],[104.58139,-2.00817]]]}},{"id":"109","type":"Feature","properties":{"year":2020,"certainty":"good"},"geometry":{"type":"MultiLineString","coordinates":[[[104.48343,-1.83214],[104.4853,-1.83315],[104.48665,-1.83187],[104.48692,-1.83106],[104.48825,-1.83051],[104.48886,-1.82834],[104.49143,-1.82372],[104.49555,-1.81975],[104.49623,-1.8183],[104.49617,-1.81748],[104.4969,-1.81729],[104.50122,-1.81364],[104.5026,-1.81179],[104.50376,-1.80907]],[[104.47262,-1.85048],[104.47558,-1.85173],[104.47801,-1.85202],[104.4799,-1.85092],[104.48062,-1.85005],[104.48139,-1.84761],[104.48185,-1.84706],[104.48205,-1.84136],[104.4826,-1.8379],[104.48368,-1.83917],[104.48426,-1.83865],[104.48454,-1.83594],[104.48414,-1.83512],[104.48442,-1.83431],[104.48306,-1.83268]],[[104.46722,-1.86348],[104.46965,-1.86154],[104.47236,-1.85846],[104.47219,-1.8571],[104.47274,-1.85602],[104.47227,-1.85547],[104.47324,-1.85493],[104.47328,-1.85276],[104.47299,-1.85222],[104.47181,-1.85146]],[[104.60643,-1.96326],[104.60847,-1.9619],[104.60869,-1.96082],[104.60935,-1.95977],[104.6107,-1.95845],[104.61228,-1.95756],[104.61258,-1.95656],[104.61285,-1.95728],[104.61339,-1.95734],[104.61663,-1.9548],[104.61887,-1.95349],[104.62129,-1.95023],[104.62176,-1.94766],[104.62243,-1.94698],[104.62213,-1.94643],[104.62311,-1.94319],[104.62446,-1.94123],[104.62591,-1.93992],[104.62608,-1.93909],[104.62635,-1.93898],[104.62655,-1.93965],[104.62689,-1.93971],[104.62704,-1.93884],[104.62888,-1.93748],[104.6312,-1.93603],[104.63244,-1.93612],[104.6326,-1.93585],[104.63201,-1.9358],[104.63201,-1.93547],[104.63309,-1.9355],[104.63399,-1.93504],[104.63525,-1.93487],[104.63795,-1.9352],[104.63857,-1.93558],[104.63929,-1.93694],[104.6401,-1.9372],[104.64091,-1.93702],[104.64172,-1.93635],[104.64229,-1.93504],[104.64227,-1.92961],[104.64342,-1.925],[104.64315,-1.92255],[104.63903,-1.91713],[104.63668,-1.91495],[104.63283,-1.91207],[104.63156,-1.91007],[104.62965,-1.90871],[104.62635,-1.90438],[104.62072,-1.89948],[104.61125,-1.88993],[104.60733,-1.88672],[104.59864,-1.87858],[104.58968,-1.87149],[104.58644,-1.86912],[104.57943,-1.86494],[104.57646,-1.86356],[104.5743,-1.86197],[104.57322,-1.86174],[104.56783,-1.85905],[104.56136,-1.85746],[104.55731,-1.85586],[104.55442,-1.85387],[104.55313,-1.8535]],[[104.54018,-1.86078],[104.53979,-1.86228],[104.54016,-1.86363],[104.54007,-1.86472],[104.54209,-1.86689],[104.54112,-1.86685],[104.54077,-1.86743],[104.54071,-1.86906],[104.53988,-1.87232],[104.53759,-1.87775],[104.53623,-1.87938],[104.53627,-1.88061],[104.53586,-1.88175]],[[104.53428,-1.88358],[104.53424,-1.88363]],[[104.53411,-1.88385],[104.53432,-1.8848],[104.53343,-1.8845]],[[104.53296,-1.88467],[104.53342,-1.88535],[104.53364,-1.8867],[104.53319,-1.88914],[104.53179,-1.8924],[104.52983,-1.89539],[104.52955,-1.89674],[104.52673,-1.9038],[104.52655,-1.90644],[104.52603,-1.90814],[104.52299,-1.91357],[104.52296,-1.91438],[104.52358,-1.91449],[104.52466,-1.9139],[104.52574,-1.91278],[104.52599,-1.91303],[104.52412,-1.91486],[104.52298,-1.91655],[104.52101,-1.92117],[104.52074,-1.92388],[104.52223,-1.92548]],[[104.47257,-1.8704],[104.47448,-1.86769],[104.47396,-1.86663],[104.4718,-1.86466],[104.46803,-1.86526]],[[104.47422,-1.88744],[104.47638,-1.88652],[104.47743,-1.8856],[104.47883,-1.88126],[104.47904,-1.87827],[104.47944,-1.87692],[104.47861,-1.87339],[104.47666,-1.87067],[104.47585,-1.87011],[104.47504,-1.87003],[104.47396,-1.87035],[104.47326,-1.87094]],[[104.46388,-1.9069],[104.46936,-1.90585],[104.47233,-1.90447],[104.47422,-1.90312],[104.47647,-1.90053],[104.47779,-1.897],[104.4786,-1.89347],[104.4786,-1.8913],[104.47746,-1.88932],[104.4753,-1.88796],[104.47449,-1.88802]],[[104.46469,-1.92604],[104.46471,-1.92359],[104.465,-1.92305],[104.46417,-1.92169],[104.46359,-1.91762],[104.46464,-1.91179]],[[104.46709,-1.91599],[104.46855,-1.91448],[104.46909,-1.91431],[104.46922,-1.9141],[104.46865,-1.91355],[104.46882,-1.91331],[104.46909,-1.91361],[104.46969,-1.91355],[104.4701,-1.91192],[104.4711,-1.91165],[104.47098,-1.91091],[104.47044,-1.91115],[104.46936,-1.91071],[104.46801,-1.91104],[104.46647,-1.91247],[104.46628,-1.91328],[104.4667,-1.91382],[104.46639,-1.91427],[104.46607,-1.91409],[104.46638,-1.91464],[104.46581,-1.91518],[104.46638,-1.91545],[104.46666,-1.9161],[104.46709,-1.91599]],[[104.49708,-1.94803],[104.49653,-1.94586],[104.49616,-1.94179],[104.49615,-1.9388],[104.49687,-1.93365],[104.49622,-1.93066],[104.49389,-1.92442],[104.49223,-1.92224],[104.4917,-1.92062],[104.49062,-1.91899],[104.48829,-1.91682],[104.48787,-1.91573],[104.48655,-1.91437],[104.48339,-1.91266],[104.48096,-1.91232],[104.47745,-1.91271],[104.4761,-1.9138],[104.47422,-1.91278],[104.47287,-1.9129],[104.47206,-1.9133],[104.47047,-1.91518],[104.46909,-1.92056],[104.46882,-1.92039],[104.46855,-1.92111],[104.46828,-1.92019],[104.46768,-1.92169],[104.46805,-1.92197],[104.46734,-1.92305],[104.46738,-1.92359],[104.46657,-1.92414],[104.46666,-1.92461],[104.46693,-1.92462],[104.46774,-1.92341],[104.46845,-1.92359],[104.46828,-1.92612]],[[104.46532,-1.91654],[104.46602,-1.91627],[104.46607,-1.91599],[104.46506,-1.91627],[104.46532,-1.91654]],[[104.46462,-1.92007],[104.46509,-1.91952],[104.4645,-1.91918],[104.46425,-1.91952],[104.46462,-1.92007]],[[104.52168,-1.9266],[104.52034,-1.92599],[104.51953,-1.92588],[104.51899,-1.92614],[104.51629,-1.92517],[104.51333,-1.92512],[104.51264,-1.92578],[104.51198,-1.92744],[104.50928,-1.92834],[104.50725,-1.92966]],[[104.50634,-1.93026],[104.50622,-1.93053]],[[104.5063,-1.9308],[104.50618,-1.93117]],[[104.50601,-1.93134],[104.50591,-1.93145]],[[104.50587,-1.93161],[104.50564,-1.93319]],[[104.50537,-1.93405],[104.50488,-1.935],[104.50147,-1.93853],[104.5005,-1.9445],[104.50067,-1.94722]],[[104.50033,-1.93487],[104.50051,-1.93489]],[[104.61177,-1.98619],[104.61447,-1.98722],[104.61554,-1.98666],[104.61638,-1.98552],[104.617,-1.98226],[104.6169,-1.97819],[104.61651,-1.97629],[104.61681,-1.97385],[104.61609,-1.97317],[104.614,-1.9695],[104.61228,-1.96842],[104.6121,-1.96706],[104.60953,-1.96434],[104.60908,-1.96411],[104.60719,-1.96511]],[[104.65373,-1.96463],[104.65062,-1.96517],[104.649,-1.96653],[104.64684,-1.96707],[104.64522,-1.96863],[104.64279,-1.96907],[104.63956,-1.97074],[104.63713,-1.97324],[104.63632,-1.97299],[104.63578,-1.97337],[104.62998,-1.97946]],[[104.62971,-1.98116],[104.62978,-1.98131]],[[104.62998,-1.98166],[104.63119,-1.98315]],[[104.63065,-1.98426],[104.62876,-1.98317],[104.62849,-1.98337],[104.62784,-1.9847],[104.62771,-1.98579],[104.62642,-1.98796],[104.62473,-1.99203],[104.61872,-1.99868]],[[104.61817,-1.99949],[104.61756,-2.00048]],[[104.61748,-2.00058],[104.6173,-2.00073]],[[104.61622,-2.0015],[104.616,-2.00166]],[[104.61224,-2.00519],[104.60691,-2.00782],[104.60313,-2.0081],[104.60262,-2.00858],[104.60257,-2.00913],[104.60357,-2.01048]],[[104.57103,-2.00024],[104.57117,-2.00044]],[[104.5744,-1.99912],[104.57521,-1.99923]],[[104.58411,-2.0012],[104.5891,-2.00226],[104.5941,-2.00221]],[[104.59895,-2.002],[104.60178,-2.00169],[104.60553,-2.00017],[104.60772,-1.99841],[104.61028,-1.99461]],[[104.61116,-1.99325],[104.61133,-1.99271]],[[104.58046,-2.00858],[104.57876,-2.00749],[104.58044,-2.00573]],[[104.57872,-2.00412],[104.5787,-2.0041]],[[104.57843,-2.0041],[104.57804,-2.00445],[104.57724,-2.00377],[104.5767,-2.00421],[104.57642,-2.00396],[104.57589,-2.00451],[104.57251,-2.00212]],[[104.60332,-2.01075],[104.60151,-2.00911],[104.59989,-2.00873],[104.59935,-2.00821],[104.59585,-2.00817],[104.59531,-2.00847],[104.59149,-2.00804],[104.59113,-2.00773]],[[104.59104,-2.00763],[104.59086,-2.00759]],[[104.5908,-2.00546],[104.58883,-2.00293],[104.5884,-2.00342],[104.58835,-2.00424],[104.58903,-2.00492]],[[104.58249,-2.00561],[104.58191,-2.00613],[104.58155,-2.00763],[104.58128,-2.00795],[104.58099,-2.00776],[104.58075,-2.00858]]]}},{"id":"110","type":"Feature","properties":{"year":2020,"certainty":"unstable data"},"geometry":{"type":"MultiLineString","coordinates":[[[104.55313,-1.8535],[104.55111,-1.85352],[104.5476,-1.85504],[104.54706,-1.85474],[104.54656,-1.85549],[104.54544,-1.85567],[104.54463,-1.85662],[104.54275,-1.85745],[104.54075,-1.85956],[104.54018,-1.86078]],[[104.53586,-1.88175],[104.53428,-1.88358]],[[104.53424,-1.88363],[104.53411,-1.88385]],[[104.53343,-1.8845],[104.53296,-1.88467]],[[104.49742,-1.91899],[104.49741,-1.91831],[104.49714,-1.91894],[104.49687,-1.9181],[104.49649,-1.91872],[104.49687,-1.91874],[104.49714,-1.91899],[104.49742,-1.91899]],[[104.50725,-1.92966],[104.50634,-1.93026]],[[104.50622,-1.93053],[104.5063,-1.9308]],[[104.50618,-1.93117],[104.50601,-1.93134]],[[104.50591,-1.93145],[104.50587,-1.93161]],[[104.50564,-1.93319],[104.50537,-1.93405]],[[104.62998,-1.97946],[104.62956,-1.98036],[104.62971,-1.98116]],[[104.62978,-1.98131],[104.62998,-1.98166]],[[104.58358,-2.00115],[104.58411,-2.0012]],[[104.59113,-2.00773],[104.59104,-2.00763]],[[104.59086,-2.00759],[104.58902,-2.00776],[104.58964,-2.00724],[104.58991,-2.0076],[104.59022,-2.00749],[104.58989,-2.00668],[104.59094,-2.00587],[104.5908,-2.00546]],[[104.58903,-2.00492],[104.58951,-2.00614],[104.5891,-2.00599],[104.58883,-2.00665],[104.58802,-2.00731],[104.58425,-2.00575],[104.58249,-2.00561]],[[104.58816,-2.00586],[104.58874,-2.00559],[104.58776,-2.00518],[104.5872,-2.00532],[104.58749,-2.00611],[104.58816,-2.00586]]]}},{"id":"111","type":"Feature","properties":{"year":2020,"certainty":"insufficient data"},"geometry":{"type":"MultiLineString","coordinates":[[[104.46262,-1.90749],[104.46388,-1.9069]],[[104.46464,-1.91179],[104.46526,-1.90948],[104.46424,-1.90918],[104.46289,-1.90963]],[[104.50175,-1.93283],[104.50129,-1.93202],[104.50087,-1.93202],[104.50065,-1.93267],[104.50175,-1.93283]],[[104.50075,-1.93473],[104.50037,-1.93416],[104.50006,-1.93473],[104.50033,-1.93487]],[[104.50051,-1.93489],[104.50075,-1.93473]],[[104.61872,-1.99868],[104.61817,-1.99949]],[[104.61756,-2.00048],[104.61748,-2.00058]],[[104.6173,-2.00073],[104.61622,-2.0015]],[[104.616,-2.00166],[104.61473,-2.0029],[104.61365,-2.00337],[104.61284,-2.00482],[104.61224,-2.00519]],[[104.57117,-2.00044],[104.57157,-2.00108],[104.57238,-2.00098],[104.57392,-2.00016],[104.57331,-1.99962],[104.57351,-1.99908],[104.5744,-1.99912]],[[104.57521,-1.99923],[104.57675,-1.99962],[104.5767,-2.00005],[104.57697,-1.99976],[104.57833,-1.99989],[104.57993,-2.0008],[104.58138,-2.00071],[104.58358,-2.00115]],[[104.5941,-2.00221],[104.59895,-2.002]],[[104.61028,-1.99461],[104.61116,-1.99325]],[[104.61133,-1.99271],[104.61128,-1.99203],[104.6127,-1.98959],[104.61214,-1.9885],[104.61096,-1.98768]],[[104.57682,-2.00125],[104.57751,-2.00112],[104.57852,-2.00043],[104.57697,-2.00028],[104.57657,-2.00071],[104.57659,-2.00125],[104.57682,-2.00125]],[[104.58044,-2.00573],[104.58182,-2.00485],[104.58224,-2.00396],[104.58295,-2.00342],[104.58241,-2.00315],[104.5833,-2.00234],[104.58317,-2.00169],[104.58182,-2.00213],[104.58074,-2.00125],[104.57956,-2.00125],[104.57953,-2.00261],[104.57983,-2.00315],[104.57889,-2.00423],[104.57885,-2.00447],[104.57872,-2.00412]],[[104.5787,-2.0041],[104.57885,-2.00361],[104.57843,-2.0041]],[[104.57251,-2.00212],[104.57157,-2.00157],[104.57103,-2.0016]],[[104.5781,-2.00342],[104.57872,-2.00315],[104.57751,-2.00283],[104.57641,-2.00315],[104.57643,-2.00344],[104.57724,-2.00319],[104.5781,-2.00342]],[[104.57993,-2.004],[104.57941,-2.00369],[104.57966,-2.00343],[104.58028,-2.00369],[104.57993,-2.004]]]}},{"id":"112","type":"Feature","properties":{"year":2020,"certainty":"good"},"geometry":{"type":"MultiLineString","coordinates":[[[104.52147,-1.71483],[104.5239,-1.71415],[104.52606,-1.71403],[104.52659,-1.713],[104.51985,-1.7016],[104.51127,-1.69101],[104.50718,-1.6864],[104.50206,-1.6815],[104.49591,-1.67445],[104.49559,-1.67363],[104.49505,-1.67381],[104.49289,-1.67152],[104.49143,-1.66902],[104.49047,-1.66809],[104.48963,-1.66794],[104.48987,-1.66712],[104.48961,-1.66577],[104.48775,-1.66278],[104.48642,-1.65789],[104.47337,-1.63374],[104.4679,-1.62152],[104.46632,-1.61691],[104.4654,-1.61528],[104.46155,-1.60333],[104.45947,-1.59805],[104.45887,-1.59546],[104.45896,-1.59465],[104.45816,-1.59193],[104.45727,-1.59085],[104.45697,-1.58813],[104.45569,-1.58352],[104.45508,-1.57945],[104.45274,-1.57114],[104.45226,-1.56805],[104.45301,-1.56766],[104.45313,-1.56724],[104.45225,-1.56534],[104.45073,-1.55258],[104.44863,-1.54444],[104.44855,-1.54308],[104.44734,-1.53928],[104.44658,-1.53792],[104.44573,-1.5372],[104.44434,-1.53412],[104.44007,-1.52023],[104.43969,-1.51729],[104.43846,-1.51216],[104.43784,-1.50671],[104.43789,-1.50454],[104.43829,-1.50318],[104.43815,-1.50155],[104.43885,-1.49884],[104.43948,-1.48961],[104.44022,-1.4869],[104.44082,-1.4812],[104.44215,-1.47414],[104.44311,-1.47007],[104.44386,-1.46902],[104.447,-1.45759],[104.44847,-1.45379],[104.4501,-1.44673],[104.4509,-1.44565],[104.45064,-1.44537],[104.45175,-1.44266],[104.45223,-1.44315],[104.4525,-1.44303],[104.45331,-1.44216],[104.45361,-1.44239],[104.45507,-1.44076],[104.45629,-1.43723],[104.4569,-1.43289],[104.45715,-1.42366],[104.45635,-1.41335],[104.4558,-1.40955],[104.45512,-1.40819],[104.45547,-1.40629],[104.45471,-1.40304],[104.45264,-1.39842],[104.45238,-1.39625],[104.45153,-1.39462],[104.45112,-1.39082],[104.45123,-1.38539],[104.45206,-1.38241],[104.45328,-1.37535],[104.45408,-1.374],[104.45413,-1.37287],[104.45466,-1.37264],[104.45438,-1.37237],[104.45495,-1.37101],[104.45471,-1.3702],[104.45521,-1.36926],[104.45615,-1.36287],[104.4566,-1.35669]],[[104.45442,-1.44266],[104.45453,-1.44212],[104.45466,-1.44182],[104.45431,-1.44212],[104.45442,-1.44266]],[[104.45265,-1.4451],[104.45369,-1.44375],[104.45385,-1.44286],[104.45331,-1.4432],[104.45241,-1.4451],[104.45265,-1.4451]],[[104.50473,-1.80323],[104.50931,-1.80652],[104.51147,-1.80662],[104.51498,-1.80507],[104.51714,-1.80275],[104.51902,-1.80285],[104.51983,-1.80221],[104.52091,-1.80195],[104.52172,-1.8011],[104.52361,-1.80066],[104.52523,-1.799],[104.52927,-1.79966],[104.53014,-1.79877],[104.53224,-1.79446],[104.53448,-1.79171],[104.53737,-1.78634],[104.53899,-1.78433],[104.53953,-1.78398],[104.54061,-1.78401],[104.54088,-1.78368],[104.54222,-1.78415],[104.54357,-1.78399],[104.54408,-1.78357],[104.54297,-1.77271],[104.54304,-1.76971],[104.54177,-1.76403],[104.54166,-1.75941],[104.54122,-1.75806],[104.54138,-1.75724],[104.54094,-1.7567],[104.5409,-1.7548],[104.53953,-1.75046],[104.53624,-1.74177],[104.53354,-1.73309],[104.53024,-1.72576],[104.52579,-1.71859],[104.52444,-1.71712],[104.52228,-1.7155],[104.52174,-1.7154]],[[104.50377,-1.80904],[104.50412,-1.80581],[104.50311,-1.80452]]]}},{"id":"113","type":"Feature","properties":{"year":2021,"certainty":"good"},"geometry":{"type":"MultiLineString","coordinates":[[[104.52147,-1.71484],[104.5239,-1.71411],[104.52606,-1.71424],[104.52641,-1.71381],[104.52584,-1.71191],[104.52217,-1.7054],[104.51959,-1.70141],[104.51126,-1.69101],[104.50206,-1.6815],[104.49505,-1.67367],[104.49116,-1.66875],[104.48976,-1.66767],[104.48983,-1.66685],[104.48695,-1.66061],[104.48697,-1.65925],[104.48659,-1.65817],[104.48182,-1.64894],[104.48094,-1.64785],[104.47895,-1.64351],[104.47861,-1.64332],[104.47428,-1.63536],[104.47308,-1.63211],[104.46767,-1.62071],[104.46567,-1.61446],[104.46516,-1.61148],[104.46443,-1.61093],[104.46487,-1.61012],[104.46417,-1.60714],[104.46322,-1.60578],[104.46325,-1.60496],[104.46263,-1.60415],[104.46264,-1.60361],[104.46222,-1.60306],[104.46163,-1.60292],[104.46125,-1.60225],[104.4616,-1.60198],[104.46081,-1.60089],[104.46012,-1.59791],[104.4596,-1.59709],[104.45954,-1.59492],[104.4592,-1.59438],[104.45947,-1.59329],[104.45824,-1.59085],[104.45866,-1.58899],[104.45972,-1.59166],[104.46009,-1.59166],[104.46019,-1.59356],[104.46067,-1.59465],[104.46136,-1.59819],[104.46171,-1.59791],[104.46193,-1.59682],[104.46161,-1.59411],[104.45919,-1.58759],[104.459,-1.58515],[104.45831,-1.58379],[104.45815,-1.58271],[104.45742,-1.58244],[104.45685,-1.58162],[104.45705,-1.58151],[104.45717,-1.58081],[104.45651,-1.57996],[104.4563,-1.58054],[104.45696,-1.58135],[104.45624,-1.58214],[104.45565,-1.57945],[104.45543,-1.57899],[104.45516,-1.57929],[104.45489,-1.57893],[104.45462,-1.57738],[104.45543,-1.57875],[104.45543,-1.57807],[104.45489,-1.57645],[104.45462,-1.57612],[104.45435,-1.57628],[104.45281,-1.57076],[104.45318,-1.56886],[104.45273,-1.56615],[104.45355,-1.56648],[104.45355,-1.5659],[104.45315,-1.56561],[104.45301,-1.56447],[104.45247,-1.56436],[104.45201,-1.56289],[104.45173,-1.56072],[104.45193,-1.56045],[104.45096,-1.55394],[104.44843,-1.5441],[104.4484,-1.54308],[104.44725,-1.53928],[104.44654,-1.53808],[104.44553,-1.53738],[104.44419,-1.53412],[104.44289,-1.52896],[104.44022,-1.52055],[104.43947,-1.51594],[104.43862,-1.51295],[104.4379,-1.50698],[104.43862,-1.50644],[104.43849,-1.50155],[104.43897,-1.50047],[104.43929,-1.49667],[104.43973,-1.49558],[104.43942,-1.49531],[104.43942,-1.4945],[104.43994,-1.49422],[104.44002,-1.49178],[104.44053,-1.49042],[104.44053,-1.48988],[104.43997,-1.48934],[104.44106,-1.48853],[104.44113,-1.48771],[104.44057,-1.48717],[104.44106,-1.48581],[104.44136,-1.48201],[104.44174,-1.48147],[104.44129,-1.48093],[104.44188,-1.47685],[104.44227,-1.47631],[104.44211,-1.47577],[104.44262,-1.47414],[104.44233,-1.4736],[104.44352,-1.47088],[104.44447,-1.46681],[104.44546,-1.46437],[104.44616,-1.46057],[104.4469,-1.45894],[104.44828,-1.45324],[104.44971,-1.44917],[104.44988,-1.44673],[104.45076,-1.44565],[104.45043,-1.4432],[104.45088,-1.44291],[104.45115,-1.44314],[104.45169,-1.44258],[104.45196,-1.44321],[104.45271,-1.44347],[104.45242,-1.44483],[104.45203,-1.4451],[104.45223,-1.44558],[104.45277,-1.44505],[104.4529,-1.44537],[104.45223,-1.44587],[104.45168,-1.447],[104.45223,-1.44683],[104.45333,-1.44483],[104.45387,-1.44456],[104.45509,-1.44266],[104.45527,-1.44212],[104.45393,-1.44158],[104.45585,-1.4413],[104.45691,-1.43343],[104.45711,-1.42339],[104.45581,-1.40982],[104.45547,-1.40883],[104.45494,-1.40846],[104.45534,-1.40765],[104.45537,-1.40629],[104.45448,-1.40304],[104.45268,-1.39869],[104.45233,-1.39625],[104.45159,-1.39489],[104.45113,-1.39164],[104.45119,-1.38756],[104.45085,-1.38648],[104.4514,-1.38512],[104.45168,-1.38295],[104.45224,-1.38189],[104.45255,-1.38187],[104.45193,-1.38187],[104.45251,-1.38078],[104.45228,-1.38051],[104.45253,-1.37888],[104.45328,-1.37807],[104.45405,-1.37644],[104.45369,-1.37562],[104.45422,-1.37481],[104.45416,-1.37372],[104.45494,-1.37321],[104.45521,-1.37223],[104.45538,-1.36802],[104.45628,-1.36314],[104.45676,-1.35669]],[[104.45331,-1.44475],[104.45315,-1.44429],[104.45358,-1.44383],[104.4538,-1.44402],[104.45331,-1.44475]],[[104.45468,-1.56696],[104.45447,-1.56534],[104.45409,-1.56469],[104.4542,-1.56642],[104.45468,-1.56696]],[[104.45782,-1.57456],[104.4576,-1.57294],[104.45732,-1.57242],[104.45748,-1.57456],[104.45782,-1.57456]],[[104.50473,-1.80331],[104.50904,-1.80642],[104.51039,-1.80676],[104.51147,-1.80661],[104.51498,-1.80503],[104.5169,-1.80283],[104.51902,-1.80282],[104.51983,-1.80218],[104.52091,-1.80188],[104.52172,-1.80104],[104.52351,-1.80066],[104.52523,-1.79899],[104.52631,-1.79896],[104.52927,-1.79965],[104.53013,-1.79877],[104.53219,-1.79442],[104.5343,-1.79171],[104.53648,-1.78764],[104.53922,-1.78411],[104.54034,-1.78412],[104.54088,-1.78371],[104.54142,-1.78409],[104.5433,-1.78441],[104.54357,-1.78473],[104.54386,-1.78466],[104.54333,-1.78438],[104.54407,-1.78384],[104.5437,-1.78248],[104.54362,-1.77678],[104.54288,-1.77136],[104.54307,-1.76973],[104.54188,-1.76457],[104.54188,-1.75887],[104.53985,-1.75154],[104.53165,-1.7282],[104.52611,-1.71897],[104.52444,-1.71713],[104.52282,-1.71583],[104.52174,-1.7154]],[[104.5038,-1.80904],[104.50416,-1.80582],[104.50311,-1.80449]]]}},{"id":"114","type":"Feature","properties":{"year":2021,"certainty":"good"},"geometry":{"type":"MultiLineString","coordinates":[[[104.48342,-1.83214],[104.4853,-1.83317],[104.48663,-1.83187],[104.48692,-1.83111],[104.48827,-1.83054],[104.48902,-1.82807],[104.49146,-1.82372],[104.49555,-1.81978],[104.49625,-1.8183],[104.49621,-1.81748],[104.4969,-1.81731],[104.49933,-1.81544],[104.50141,-1.81341],[104.50284,-1.81142],[104.50379,-1.80907]],[[104.47262,-1.8505],[104.47585,-1.85184],[104.47801,-1.85203],[104.4799,-1.85094],[104.48062,-1.85005],[104.48184,-1.84706],[104.48231,-1.83919],[104.4826,-1.8385],[104.48368,-1.8392],[104.48426,-1.83865],[104.48455,-1.83594],[104.48415,-1.83512],[104.48442,-1.83431],[104.48314,-1.83266]],[[104.46722,-1.8635],[104.46857,-1.86264],[104.47237,-1.85846],[104.47221,-1.8571],[104.47275,-1.85602],[104.47229,-1.85547],[104.47326,-1.85493],[104.47331,-1.85276],[104.47289,-1.85211],[104.47181,-1.85145]],[[104.60645,-1.96326],[104.60759,-1.96264]],[[104.6077,-1.96258],[104.60863,-1.96163],[104.60868,-1.96082],[104.60935,-1.95976],[104.61097,-1.95826],[104.61204,-1.9578],[104.61258,-1.95655],[104.61286,-1.95729],[104.61339,-1.95733],[104.61663,-1.95479],[104.61885,-1.95349],[104.62128,-1.95023],[104.62169,-1.94806],[104.62245,-1.94698],[104.62228,-1.94616],[104.62376,-1.94263],[104.62608,-1.93979],[104.62715,-1.93965],[104.62719,-1.93911],[104.6285,-1.93772],[104.6312,-1.93606],[104.63251,-1.93612],[104.63268,-1.93585],[104.63201,-1.93552],[104.63309,-1.93555],[104.63498,-1.93493],[104.63795,-1.93521],[104.63856,-1.93558],[104.63927,-1.93694],[104.63983,-1.93719],[104.64091,-1.93699],[104.64172,-1.93635],[104.64224,-1.93558],[104.64214,-1.93097],[104.64245,-1.92798],[104.64342,-1.925],[104.64315,-1.92255],[104.63903,-1.91726],[104.6366,-1.91497],[104.63264,-1.91197],[104.6317,-1.91034],[104.6304,-1.90909],[104.62953,-1.90871],[104.62635,-1.90448],[104.62312,-1.90187],[104.6215,-1.9],[104.62069,-1.89966],[104.6188,-1.8974],[104.61125,-1.88994],[104.60694,-1.88646],[104.59858,-1.87858],[104.59121,-1.87287],[104.58968,-1.87109],[104.58806,-1.8704],[104.58581,-1.86772],[104.58347,-1.86635],[104.57596,-1.86337],[104.57376,-1.86192],[104.57295,-1.86177],[104.56993,-1.86011],[104.56756,-1.8591],[104.56109,-1.85747],[104.5592,-1.85642],[104.55731,-1.85592],[104.55529,-1.85455]],[[104.54016,-1.86078],[104.53986,-1.86187]],[[104.54099,-1.86571],[104.54207,-1.86689],[104.54112,-1.86684],[104.54085,-1.86722],[104.54048,-1.87015],[104.53941,-1.87368],[104.53742,-1.87802],[104.53623,-1.87938],[104.53603,-1.88155],[104.53532,-1.88238]],[[104.5341,-1.88385],[104.53427,-1.8848],[104.5337,-1.88459]],[[104.5331,-1.88494],[104.53364,-1.8867],[104.53318,-1.88914],[104.53178,-1.8924],[104.5297,-1.89566],[104.52898,-1.89825],[104.52671,-1.9038],[104.52637,-1.90733],[104.52299,-1.91357],[104.52296,-1.91438],[104.52358,-1.91447],[104.52466,-1.91388],[104.52574,-1.91277],[104.526,-1.91303],[104.52412,-1.91488],[104.52299,-1.91655],[104.52101,-1.92117],[104.52074,-1.92388],[104.52223,-1.92549]],[[104.47257,-1.8704],[104.4745,-1.86769],[104.47396,-1.86663],[104.47207,-1.86469],[104.46803,-1.86525]],[[104.58455,-1.86758],[104.58509,-1.86762],[104.58597,-1.86853]],[[104.47422,-1.88747],[104.47638,-1.88655],[104.47743,-1.8856],[104.47892,-1.88099],[104.47944,-1.87664],[104.47875,-1.87366],[104.47666,-1.87067],[104.47598,-1.87013],[104.47504,-1.87003],[104.47396,-1.87034],[104.47326,-1.87094]],[[104.46289,-1.90796],[104.46316,-1.90738],[104.46405,-1.90677],[104.46936,-1.90585],[104.47233,-1.90447],[104.47422,-1.90314],[104.47633,-1.9008],[104.47781,-1.897],[104.47815,-1.89456],[104.4786,-1.89347],[104.47866,-1.89157],[104.47833,-1.89049],[104.47746,-1.88931],[104.4753,-1.88795],[104.47449,-1.88797]],[[104.49749,-1.94776],[104.49832,-1.94749],[104.49749,-1.94694],[104.4974,-1.94575],[104.49704,-1.94586],[104.49731,-1.9464],[104.49686,-1.94679],[104.4962,-1.94206],[104.49616,-1.93907],[104.49682,-1.935],[104.49671,-1.93229],[104.49375,-1.92415],[104.49227,-1.92224],[104.49214,-1.92143],[104.49062,-1.91899],[104.4883,-1.91682],[104.48789,-1.91573],[104.48635,-1.91423],[104.48285,-1.91252],[104.4784,-1.91252]],[[104.47813,-1.9126],[104.47745,-1.9127],[104.4761,-1.91368],[104.47422,-1.91278],[104.47287,-1.9129],[104.47179,-1.91345],[104.47098,-1.91469],[104.47026,-1.91491],[104.47017,-1.91647],[104.46936,-1.91829],[104.46882,-1.91877],[104.46855,-1.91839],[104.46828,-1.91852],[104.46802,-1.91762],[104.46896,-1.91654],[104.46945,-1.91518],[104.46932,-1.91396]],[[104.4695,-1.91374],[104.46955,-1.91369]],[[104.4714,-1.91152],[104.47138,-1.91101]],[[104.47137,-1.91098],[104.47085,-1.9105]],[[104.4659,-1.91396],[104.46529,-1.91464],[104.46563,-1.91599],[104.4649,-1.91599],[104.46508,-1.91654],[104.46585,-1.91651],[104.46591,-1.91681],[104.46477,-1.91724],[104.46396,-1.92013],[104.46366,-1.91627],[104.46519,-1.90948],[104.46397,-1.90914],[104.46289,-1.90955]],[[104.47353,-1.91138],[104.47357,-1.91111],[104.47314,-1.91091],[104.47277,-1.91138],[104.47353,-1.91138]],[[104.46774,-1.91832],[104.4672,-1.91826],[104.4669,-1.91735],[104.46801,-1.91682],[104.46793,-1.91735],[104.46723,-1.91789],[104.46774,-1.91832]],[[104.46882,-1.92032],[104.46849,-1.92007],[104.46855,-1.9195],[104.46903,-1.91952],[104.46882,-1.92032]],[[104.46774,-1.925],[104.46718,-1.92468],[104.46736,-1.92441],[104.46801,-1.92447],[104.46774,-1.925]],[[104.52169,-1.9266],[104.52034,-1.92599],[104.51953,-1.92586],[104.51899,-1.92612],[104.51629,-1.92518],[104.51333,-1.92514],[104.51265,-1.92578],[104.51198,-1.92745],[104.50928,-1.92834],[104.50793,-1.9294],[104.5067,-1.92985],[104.50622,-1.93039],[104.50635,-1.93093],[104.50591,-1.93148],[104.50555,-1.93365],[104.50506,-1.93473],[104.50148,-1.93853],[104.50074,-1.94152],[104.5005,-1.94586],[104.49867,-1.94776]],[[104.61177,-1.98619],[104.61447,-1.98721],[104.61558,-1.9866],[104.61644,-1.98524],[104.61699,-1.98226],[104.61686,-1.97819],[104.61645,-1.97629],[104.61678,-1.97385],[104.61613,-1.9733],[104.61393,-1.96951],[104.61224,-1.96842],[104.61212,-1.96787],[104.61242,-1.9676],[104.61205,-1.96679],[104.60975,-1.96454]],[[104.65373,-1.96443],[104.65089,-1.96501],[104.64927,-1.96637],[104.64684,-1.96703],[104.64522,-1.96859],[104.64252,-1.96915],[104.63956,-1.97074],[104.63794,-1.97267],[104.63767,-1.97257],[104.63713,-1.97323],[104.63632,-1.97298],[104.63578,-1.97338],[104.63079,-1.97853]],[[104.63065,-1.98426],[104.63052,-1.98414]],[[104.62836,-1.98363],[104.62783,-1.9847],[104.62782,-1.98552],[104.62642,-1.98796],[104.62473,-1.99203],[104.62017,-1.99705]],[[104.61749,-2.00058],[104.6173,-2.00074]],[[104.61622,-2.0015],[104.616,-2.00166]],[[104.61176,-2.00546],[104.60691,-2.00782],[104.60488,-2.00797]],[[104.59814,-2.00815],[104.59571,-2.00823]],[[104.58951,-2.00781],[104.58902,-2.00776],[104.58924,-2.00738]],[[104.61217,-1.98853],[104.61096,-1.98764]]]}},{"id":"115","type":"Feature","properties":{"year":2021,"certainty":"insufficient data"},"geometry":{"type":"MultiLineString","coordinates":[[[104.60759,-1.96264],[104.6077,-1.96258]],[[104.60975,-1.96454],[104.60908,-1.96411],[104.60719,-1.96512]],[[104.62017,-1.99705],[104.61912,-1.998],[104.61749,-2.00058]],[[104.6173,-2.00074],[104.61622,-2.0015]],[[104.616,-2.00166],[104.61473,-2.0029],[104.61365,-2.00337],[104.61257,-2.00514],[104.61176,-2.00546]],[[104.60488,-2.00797],[104.60313,-2.00812],[104.60264,-2.00858],[104.60267,-2.0094],[104.60357,-2.01048]],[[104.60332,-2.01075],[104.60149,-2.00913],[104.59989,-2.00875],[104.59935,-2.00817],[104.59814,-2.00815]],[[104.59571,-2.00823],[104.59531,-2.00849],[104.58951,-2.00781]],[[104.58924,-2.00738],[104.58964,-2.00724],[104.58991,-2.0076],[104.58993,-2.00722],[104.58862,-2.00586],[104.58883,-2.00566],[104.58937,-2.00563],[104.58991,-2.00618],[104.59086,-2.00587],[104.59009,-2.00451],[104.5903,-2.00369],[104.58991,-2.00392],[104.58943,-2.00369],[104.58968,-2.00342],[104.58937,-2.00363],[104.58921,-2.00342],[104.58923,-2.00261],[104.58893,-2.00234],[104.60178,-2.00166],[104.60367,-2.00107],[104.60624,-1.99963],[104.60885,-1.99691],[104.61129,-1.99311],[104.61128,-1.99203],[104.61184,-1.99149],[104.61271,-1.98959],[104.61217,-1.98853]],[[104.58128,-2.00795],[104.5802,-2.00716],[104.57966,-2.00753],[104.57948,-2.00722],[104.57993,-2.00623],[104.58102,-2.00532],[104.58103,-2.00478],[104.58044,-2.00423],[104.58086,-2.00396],[104.5802,-2.00413],[104.57939,-2.00385],[104.57885,-2.00447],[104.5786,-2.00396],[104.57892,-2.00369],[104.57885,-2.00361],[104.57804,-2.00443],[104.57765,-2.00423],[104.57702,-2.00369],[104.57709,-2.00342],[104.57804,-2.00346],[104.5786,-2.00315],[104.57725,-2.00261],[104.57699,-2.00206],[104.57724,-2.00147],[104.57667,-2.00233],[104.57668,-2.00288],[104.5758,-2.00342],[104.57613,-2.00369],[104.57563,-2.00423],[104.57427,-2.00342],[104.57535,-2.00319],[104.57536,-2.00288],[104.57346,-2.00229],[104.57243,-2.00125],[104.57321,-2.00043],[104.57355,-1.99908],[104.57508,-1.99901],[104.58743,-2.00206],[104.5874,-2.00261],[104.58772,-2.00288],[104.58749,-2.00311],[104.58695,-2.00295],[104.58668,-2.00336],[104.58614,-2.00308],[104.58607,-2.00342],[104.58695,-2.00461],[104.58758,-2.00451],[104.58776,-2.00349],[104.58847,-2.00424],[104.58817,-2.00532],[104.58759,-2.00532],[104.58787,-2.00586],[104.58764,-2.00695],[104.58722,-2.00708],[104.58425,-2.00579],[104.5829,-2.00552],[104.58194,-2.00613],[104.58128,-2.00795]],[[104.57675,-2.00125],[104.57751,-2.00103],[104.57837,-2.00043],[104.57697,-2.00028],[104.57663,-2.00071],[104.57675,-2.00125]],[[104.57537,-2.00179],[104.57537,-2.00125],[104.57589,-2.00065],[104.5737,-2.00098],[104.57481,-2.00128],[104.57537,-2.00179]],[[104.58278,-2.00369],[104.5829,-2.00331],[104.58173,-2.00315],[104.58236,-2.00383],[104.58278,-2.00369]],[[104.58575,-2.00478],[104.58564,-2.00424],[104.58533,-2.00439],[104.58506,-2.0041],[104.58433,-2.00478],[104.58506,-2.00428],[104.58575,-2.00478]],[[104.6001,-2.00641],[104.60065,-2.00587],[104.60043,-2.00568],[104.59981,-2.00587],[104.5997,-2.00641],[104.6001,-2.00641]],[[104.60125,-2.00723],[104.60181,-2.00668],[104.60178,-2.00633],[104.60124,-2.00689],[104.60125,-2.00723]],[[104.60037,-2.0075],[104.60054,-2.00722],[104.59989,-2.00681],[104.59955,-2.00722],[104.59989,-2.00697],[104.60012,-2.00722],[104.5999,-2.0075],[104.60037,-2.0075]],[[104.58046,-2.00858],[104.58006,-2.00803],[104.5802,-2.00774],[104.58093,-2.00803],[104.58075,-2.00858]]]}},{"id":"116","type":"Feature","properties":{"year":2021,"certainty":"unstable data"},"geometry":{"type":"MultiLineString","coordinates":[[[104.55529,-1.85455],[104.55381,-1.85377],[104.55165,-1.85354],[104.54652,-1.85561],[104.54544,-1.85563],[104.54544,-1.85613],[104.54328,-1.85709],[104.54218,-1.85794],[104.54016,-1.86078]],[[104.53986,-1.86187],[104.54019,-1.86391],[104.54002,-1.86472],[104.54099,-1.86571]],[[104.53532,-1.88238],[104.5341,-1.88385]],[[104.5337,-1.88459],[104.53303,-1.88448],[104.5331,-1.88494]],[[104.4784,-1.91252],[104.47813,-1.9126]],[[104.46932,-1.91396],[104.4695,-1.91374]],[[104.46955,-1.91369],[104.47,-1.9122],[104.4707,-1.91192],[104.47098,-1.9121],[104.4714,-1.91152]],[[104.47138,-1.91101],[104.47137,-1.91098]],[[104.47085,-1.9105],[104.46963,-1.91053],[104.46798,-1.91111],[104.46618,-1.91274],[104.4663,-1.91355],[104.4659,-1.91396]],[[104.63079,-1.97853],[104.62973,-1.97982],[104.62952,-1.98063],[104.63032,-1.98226],[104.63119,-1.98314]],[[104.63052,-1.98414],[104.62876,-1.98316],[104.62836,-1.98363]]]}},{"id":"117","type":"Feature","properties":{"year":2022,"certainty":"insufficient data"},"geometry":{"type":"MultiLineString","coordinates":[[[104.47071,-1.91115],[104.4705,-1.91111],[104.47114,-1.91057],[104.46774,-1.9111],[104.46734,-1.91157]],[[104.46546,-1.91396],[104.46545,-1.91398]],[[104.46525,-1.91423],[104.4647,-1.91572],[104.46494,-1.91681],[104.46424,-1.91925],[104.4645,-1.91979],[104.4645,-1.92178],[104.46423,-1.92169],[104.46365,-1.91816],[104.46383,-1.91613]],[[104.46383,-1.91611],[104.46392,-1.91559]],[[104.4641,-1.9152],[104.46412,-1.91504]],[[104.46522,-1.90989],[104.46518,-1.90938]],[[104.46491,-1.90663],[104.46855,-1.90617],[104.47017,-1.90541],[104.47071,-1.90575],[104.47091,-1.90568],[104.47057,-1.90541],[104.47089,-1.90514],[104.4726,-1.90424],[104.47314,-1.9044],[104.47303,-1.90405],[104.47341,-1.90377],[104.47395,-1.90492],[104.47435,-1.90432]],[[104.4745,-1.90704],[104.47434,-1.90568],[104.47395,-1.90536],[104.47388,-1.90568],[104.4745,-1.90704]],[[104.47298,-1.90785],[104.47395,-1.90769],[104.47341,-1.90593],[104.47312,-1.90704],[104.47232,-1.90785],[104.47298,-1.90785]],[[104.47186,-1.9107],[104.47208,-1.9103],[104.47179,-1.91002],[104.47135,-1.91084]],[[104.47343,-1.91098],[104.47287,-1.91094],[104.47274,-1.91125]],[[104.46963,-1.91504],[104.46952,-1.91423]],[[104.4695,-1.91419],[104.46926,-1.91396]],[[104.47038,-1.91477],[104.47017,-1.91555],[104.46979,-1.91518]],[[104.60947,-1.99586],[104.61105,-1.99325]],[[104.59864,-2.00275],[104.59841,-2.00234],[104.59895,-2.00201]]]}},{"id":"118","type":"Feature","properties":{"year":2022,"certainty":"unstable data"},"geometry":{"type":"MultiLineString","coordinates":[[[104.58711,-1.86888],[104.58704,-1.86894]],[[104.58689,-1.86894],[104.58681,-1.86853],[104.58374,-1.86631],[104.58132,-1.86571],[104.57781,-1.86351],[104.57457,-1.862],[104.57313,-1.86174],[104.57242,-1.86115],[104.57126,-1.86093],[104.56785,-1.8593],[104.56705,-1.85848],[104.56486,-1.85823],[104.56298,-1.85738],[104.56014,-1.8568]],[[104.55879,-1.85628],[104.55712,-1.8555],[104.55596,-1.85443],[104.55569,-1.85483],[104.55327,-1.85327],[104.55289,-1.8536],[104.55111,-1.85393],[104.5503,-1.85357],[104.54841,-1.85386],[104.5485,-1.85414],[104.54787,-1.85448],[104.5476,-1.85504],[104.54733,-1.85518],[104.54706,-1.85475],[104.54652,-1.8553],[104.54517,-1.85566],[104.54442,-1.85658],[104.54409,-1.85645],[104.54194,-1.85795],[104.53994,-1.86133]],[[104.53983,-1.86187],[104.54001,-1.86472],[104.54201,-1.86689],[104.54112,-1.86684],[104.54075,-1.86784]],[[104.52884,-1.89853],[104.52686,-1.90339]],[[104.52668,-1.90418],[104.5264,-1.90692]],[[104.52452,-1.91078],[104.52438,-1.91099]],[[104.52425,-1.91122],[104.52412,-1.91153]],[[104.52398,-1.9118],[104.52374,-1.91235]],[[104.52371,-1.9124],[104.52288,-1.91411],[104.52304,-1.9145],[104.52371,-1.91447]],[[104.46734,-1.91157],[104.46617,-1.91274],[104.46608,-1.91355],[104.46572,-1.91373]],[[104.47177,-1.91084],[104.47186,-1.9107]],[[104.52398,-1.91508],[104.52226,-1.91805]],[[104.52096,-1.92185],[104.52089,-1.92212]],[[104.52074,-1.92241],[104.52069,-1.92293]],[[104.48271,-1.9125],[104.47826,-1.91253],[104.47745,-1.91268],[104.4761,-1.91355],[104.47543,-1.91316]],[[104.4754,-1.91315],[104.47516,-1.91304]],[[104.47111,-1.91357],[104.47111,-1.91349]],[[104.47111,-1.91279],[104.47087,-1.91274],[104.47126,-1.91193]],[[104.46952,-1.91423],[104.4695,-1.91419]],[[104.46926,-1.91396],[104.46963,-1.91358],[104.4704,-1.9141],[104.47043,-1.9145]],[[104.61558,-1.97235],[104.61393,-1.96951],[104.61245,-1.96869]],[[104.61245,-1.96867],[104.61251,-1.96855]],[[104.61272,-1.96845],[104.61297,-1.96814],[104.61254,-1.96706],[104.61083,-1.96547]],[[104.6261,-1.98145],[104.62649,-1.98118],[104.62635,-1.98036],[104.62686,-1.97982],[104.62661,-1.97899],[104.62611,-1.97982],[104.62524,-1.98009],[104.6248,-1.98063],[104.6251,-1.9809],[104.62482,-1.98118],[104.62553,-1.98102],[104.6261,-1.98145]],[[104.62214,-1.98226],[104.62229,-1.98194],[104.62364,-1.98197],[104.62439,-1.98145],[104.62454,-1.98036],[104.62418,-1.98046],[104.62391,-1.97982],[104.62337,-1.97999],[104.62283,-1.97968],[104.62256,-1.97993],[104.62229,-1.97947],[104.62197,-1.97982],[104.62225,-1.98009],[104.62159,-1.98063],[104.62142,-1.98145],[104.6214,-1.98226],[104.62202,-1.98248],[104.62214,-1.98226]],[[104.62369,-1.98362],[104.62371,-1.98335],[104.62337,-1.98289],[104.62328,-1.98335],[104.62369,-1.98362]],[[104.62836,-1.98351],[104.62824,-1.98375]],[[104.60596,-2.00785],[104.6056,-2.0079]],[[104.60354,-2.00804],[104.6027,-2.00845]],[[104.60219,-2.00629],[104.60232,-2.00615]],[[104.62242,-1.98769],[104.62283,-1.98715],[104.62248,-1.98633],[104.62292,-1.98525],[104.62175,-1.98452],[104.62171,-1.98416],[104.6212,-1.98443],[104.6217,-1.9847],[104.62142,-1.98525],[104.62165,-1.98633],[104.62065,-1.9866],[104.6215,-1.98715],[104.62141,-1.98742],[104.62242,-1.98769]],[[104.60286,-2.00633],[104.60371,-2.0056],[104.6034,-2.00523],[104.60313,-2.00585],[104.60212,-2.00573]],[[104.6057,-2.00008],[104.60577,-2.00003]],[[104.60597,-1.99988],[104.60727,-1.99963],[104.60782,-1.99908],[104.60731,-1.99918]],[[104.60727,-1.99922],[104.60708,-1.99922]],[[104.60704,-1.99893],[104.60729,-1.99868]],[[104.60731,-1.99865],[104.60844,-1.99732]],[[104.60905,-1.99651],[104.60947,-1.99586]],[[104.6165,-1.99149],[104.61655,-1.99094],[104.61725,-1.99067],[104.61743,-1.99012],[104.61635,-1.98998],[104.61554,-1.99034],[104.6142,-1.99033],[104.61389,-1.99149],[104.615,-1.99124],[104.61456,-1.99094],[104.615,-1.99043],[104.61554,-1.99041],[104.61551,-1.99149],[104.6165,-1.99149]]]}},{"id":"119","type":"Feature","properties":{"year":2022,"certainty":"good"},"geometry":{"type":"MultiLineString","coordinates":[[[104.48347,-1.83214],[104.4853,-1.83317],[104.48642,-1.83214],[104.48692,-1.83113],[104.48827,-1.83056],[104.48901,-1.82807],[104.49021,-1.82644],[104.49133,-1.824],[104.49555,-1.81983],[104.49652,-1.81748],[104.50014,-1.81485],[104.50122,-1.81368],[104.50266,-1.81179],[104.50382,-1.80907]],[[104.47262,-1.85049],[104.47558,-1.85178],[104.47801,-1.85208],[104.47963,-1.85118],[104.48065,-1.85005],[104.48186,-1.84706],[104.4826,-1.83799],[104.48314,-1.83912],[104.48395,-1.83924],[104.48432,-1.83865],[104.48442,-1.83431],[104.4831,-1.83268]],[[104.46722,-1.8635],[104.46857,-1.86268],[104.47237,-1.85846],[104.47228,-1.85683],[104.47276,-1.85602],[104.47235,-1.85547],[104.47328,-1.85493],[104.47332,-1.85276],[104.47185,-1.8514]],[[104.60645,-1.96326],[104.60849,-1.9619],[104.60869,-1.96082],[104.60935,-1.95978],[104.6107,-1.95846],[104.61226,-1.95756],[104.61258,-1.95651],[104.61285,-1.95721],[104.61339,-1.95732],[104.61879,-1.95349],[104.62077,-1.95132],[104.62164,-1.94915],[104.62175,-1.94806],[104.62248,-1.94698],[104.62233,-1.94616],[104.62365,-1.94253],[104.62608,-1.9398],[104.62716,-1.93965],[104.62742,-1.93891],[104.62807,-1.93856],[104.62851,-1.93775],[104.63073,-1.93667],[104.63068,-1.93639],[104.63228,-1.93625],[104.63282,-1.9357],[104.63336,-1.9357],[104.63357,-1.93531],[104.63444,-1.93502],[104.63795,-1.93525],[104.63852,-1.93558],[104.63928,-1.93694],[104.63983,-1.93715],[104.64091,-1.93696],[104.64172,-1.93631],[104.64222,-1.93558],[104.64221,-1.92988],[104.64251,-1.92771],[104.64337,-1.92527],[104.64334,-1.92337],[104.64253,-1.92174],[104.63913,-1.9174],[104.6366,-1.91502],[104.63606,-1.91487],[104.63262,-1.91197],[104.6314,-1.91007],[104.62978,-1.90898],[104.62608,-1.90428],[104.62366,-1.90236],[104.62231,-1.90073],[104.62084,-1.89975],[104.61474,-1.89378],[104.61368,-1.89228],[104.61287,-1.89186],[104.61125,-1.89005],[104.60667,-1.88623],[104.60324,-1.88265],[104.59868,-1.87858],[104.59237,-1.87369],[104.58968,-1.87094],[104.58887,-1.87098],[104.58824,-1.87043],[104.58803,-1.86962],[104.58711,-1.86888]],[[104.58704,-1.86894],[104.58689,-1.86894]],[[104.56014,-1.8568],[104.55879,-1.85628]],[[104.53994,-1.86133],[104.53983,-1.86187]],[[104.54075,-1.86784],[104.53984,-1.87232],[104.5377,-1.87748],[104.53622,-1.87938],[104.536,-1.88154],[104.53416,-1.88372],[104.53424,-1.8848],[104.53298,-1.88453],[104.53363,-1.8867],[104.53316,-1.88914],[104.53178,-1.8924],[104.52981,-1.89539],[104.52884,-1.89853]],[[104.52686,-1.90339],[104.52668,-1.90418]],[[104.5264,-1.90692],[104.52452,-1.91078]],[[104.52438,-1.91099],[104.52425,-1.91122]],[[104.52412,-1.91153],[104.52398,-1.9118]],[[104.52374,-1.91235],[104.52371,-1.9124]],[[104.52371,-1.91447],[104.52466,-1.91399],[104.52709,-1.91148]],[[104.4726,-1.8704],[104.47451,-1.86769],[104.47399,-1.8666],[104.4718,-1.8646],[104.46798,-1.86524]],[[104.47427,-1.8875],[104.47557,-1.8871],[104.47748,-1.8856],[104.47892,-1.88099],[104.47947,-1.87664],[104.47857,-1.87312],[104.47639,-1.87036],[104.47585,-1.87004],[104.47477,-1.87004],[104.47328,-1.87094]],[[104.46572,-1.91373],[104.46546,-1.91396]],[[104.46545,-1.91398],[104.46525,-1.91423]],[[104.46383,-1.91613],[104.46383,-1.91611]],[[104.46392,-1.91559],[104.4641,-1.9152]],[[104.46412,-1.91504],[104.46522,-1.90989]],[[104.46518,-1.90938],[104.46405,-1.90894],[104.46366,-1.90758],[104.46398,-1.90731],[104.46372,-1.90704],[104.46491,-1.90663]],[[104.47435,-1.90432],[104.47484,-1.90406],[104.47419,-1.90406],[104.47412,-1.90324],[104.47635,-1.9008],[104.47727,-1.8989],[104.47875,-1.89266],[104.47863,-1.8913],[104.47785,-1.88967],[104.4753,-1.88786],[104.47449,-1.88787]],[[104.47591,-1.90677],[104.47599,-1.90623],[104.47638,-1.90561],[104.47579,-1.90568],[104.47591,-1.90677]],[[104.47356,-1.91138],[104.47343,-1.91098]],[[104.47274,-1.91125],[104.47314,-1.91153],[104.47356,-1.91138]],[[104.52714,-1.91167],[104.52398,-1.91508]],[[104.52226,-1.91805],[104.52125,-1.92035],[104.52096,-1.92185]],[[104.52089,-1.92212],[104.52074,-1.92241]],[[104.52069,-1.92293],[104.52068,-1.92388],[104.52218,-1.92551]],[[104.49806,-1.94776],[104.49828,-1.94749],[104.49749,-1.94694],[104.49767,-1.94665],[104.49825,-1.94667],[104.49782,-1.9464],[104.49781,-1.94559],[104.49686,-1.94538],[104.4966,-1.94588],[104.4962,-1.94206],[104.4962,-1.93907],[104.49692,-1.93365],[104.4967,-1.93229],[104.49393,-1.92442],[104.49081,-1.91899],[104.48851,-1.91698],[104.48728,-1.91492],[104.48555,-1.91362],[104.48271,-1.9125]],[[104.47543,-1.91316],[104.4754,-1.91315]],[[104.47516,-1.91304],[104.47449,-1.91278],[104.47314,-1.91286],[104.47206,-1.91321],[104.47125,-1.91391],[104.47111,-1.91357]],[[104.47111,-1.91349],[104.47111,-1.91279]],[[104.47043,-1.9145],[104.47038,-1.91477]],[[104.52169,-1.92653],[104.52034,-1.92593],[104.51953,-1.92584],[104.51899,-1.92611],[104.51629,-1.92517],[104.51575,-1.92537],[104.51333,-1.92514],[104.51266,-1.92578],[104.51203,-1.92741],[104.50928,-1.92835],[104.50793,-1.9294],[104.5067,-1.92985],[104.50623,-1.93039],[104.50635,-1.93093],[104.50591,-1.93148],[104.50504,-1.93473],[104.50239,-1.93745],[104.50112,-1.93935],[104.50054,-1.94396],[104.50066,-1.94722]],[[104.49682,-1.94667],[104.49686,-1.94626],[104.49713,-1.94628],[104.49713,-1.94707]],[[104.50037,-1.9473],[104.49983,-1.94726],[104.49986,-1.94667],[104.49956,-1.94664],[104.4989,-1.94776]],[[104.61177,-1.98626],[104.61393,-1.98729],[104.61474,-1.98729],[104.61621,-1.98606],[104.61691,-1.98416],[104.61699,-1.97819],[104.61658,-1.97629],[104.61684,-1.97385],[104.61609,-1.97327],[104.61558,-1.97235]],[[104.61245,-1.96869],[104.61245,-1.96867]],[[104.61251,-1.96855],[104.61272,-1.96845]],[[104.61083,-1.96547],[104.60908,-1.96408],[104.60719,-1.96508]],[[104.65373,-1.96448],[104.65143,-1.96459],[104.65008,-1.96578],[104.64964,-1.96571],[104.6482,-1.9668],[104.64625,-1.96734],[104.64549,-1.96843],[104.64252,-1.96916],[104.63956,-1.97074],[104.63875,-1.97195],[104.63713,-1.97321],[104.63632,-1.97295],[104.63578,-1.97335],[104.62973,-1.97982],[104.62951,-1.98063],[104.6298,-1.98145],[104.63119,-1.98316]],[[104.63065,-1.98426],[104.62876,-1.98316],[104.62836,-1.98351]],[[104.62824,-1.98375],[104.62781,-1.98552],[104.6264,-1.98796],[104.62474,-1.99203],[104.62246,-1.99475],[104.61911,-1.998],[104.61743,-2.00064],[104.61554,-2.00193],[104.61472,-2.00289],[104.61356,-2.00343],[104.61257,-2.00515],[104.60826,-2.00723],[104.60596,-2.00785]],[[104.6056,-2.0079],[104.60354,-2.00804]],[[104.6027,-2.00845],[104.60252,-2.00913],[104.60313,-2.01043],[104.60232,-2.01003],[104.60151,-2.00908],[104.59989,-2.00871],[104.59935,-2.00816],[104.59808,-2.00804],[104.59795,-2.00777],[104.59962,-2.0076],[104.60016,-2.00787],[104.60097,-2.00763],[104.60219,-2.00629]],[[104.60212,-2.00573],[104.60173,-2.0056],[104.60187,-2.00505],[104.60115,-2.00451],[104.60151,-2.00406],[104.60215,-2.00397],[104.60267,-2.00315],[104.60259,-2.00249],[104.60221,-2.00261],[104.6026,-2.00207],[104.60215,-2.00153],[104.6057,-2.00008]],[[104.60577,-2.00003],[104.60597,-1.99988]],[[104.60731,-1.99918],[104.60727,-1.99922]],[[104.60708,-1.99922],[104.60704,-1.99893]],[[104.60729,-1.99868],[104.60731,-1.99865]],[[104.60844,-1.99732],[104.60905,-1.99651]],[[104.61105,-1.99325],[104.61293,-1.98986],[104.61231,-1.98863],[104.61096,-1.98757]],[[104.59989,-2.00369],[104.59882,-2.00358],[104.59864,-2.00275]],[[104.59895,-2.00201],[104.60104,-2.0018],[104.59989,-2.00369]]]}},{"id":"120","type":"Feature","properties":{"year":2022,"certainty":"good"},"geometry":{"type":"MultiLineString","coordinates":[[[104.49051,-1.66685],[104.48939,-1.6663],[104.48885,-1.66454],[104.48804,-1.66386],[104.48761,-1.66169],[104.4869,-1.66034],[104.48682,-1.65925],[104.48625,-1.65789],[104.4771,-1.64079],[104.47711,-1.63998],[104.47618,-1.63862],[104.47618,-1.63765],[104.47566,-1.63699],[104.47565,-1.63645],[104.47496,-1.63591],[104.47497,-1.63509],[104.47408,-1.63292],[104.47349,-1.63248],[104.47295,-1.63054],[104.47204,-1.62966],[104.47083,-1.62722],[104.4689,-1.6222],[104.46836,-1.62121],[104.4681,-1.62127],[104.46809,-1.62016],[104.46513,-1.61211],[104.46486,-1.61175],[104.46459,-1.61197],[104.46429,-1.61148],[104.46427,-1.61093],[104.46459,-1.61066],[104.46265,-1.60496],[104.46244,-1.60441],[104.4619,-1.60456],[104.46189,-1.60252],[104.46163,-1.60219],[104.46077,-1.60225],[104.4604,-1.59981],[104.46055,-1.59961],[104.46082,-1.60013],[104.46102,-1.59981],[104.46082,-1.59902],[104.46028,-1.59963],[104.46014,-1.59926],[104.46001,-1.59832],[104.46055,-1.59821],[104.46056,-1.59791],[104.45931,-1.59275],[104.45936,-1.59194],[104.45989,-1.59248],[104.45977,-1.59384],[104.4604,-1.59411],[104.46082,-1.59683],[104.46089,-1.59519],[104.46139,-1.59465],[104.46077,-1.59384],[104.46138,-1.59329],[104.46104,-1.59302],[104.46082,-1.59058],[104.46048,-1.59004],[104.46055,-1.58834],[104.45971,-1.58732],[104.45973,-1.58678],[104.45893,-1.58729],[104.45849,-1.58705],[104.45877,-1.58678],[104.4585,-1.58569],[104.45893,-1.5853],[104.45925,-1.58542],[104.45903,-1.58461],[104.45923,-1.58379],[104.4587,-1.58352],[104.45872,-1.58108],[104.45854,-1.58026],[104.458,-1.57986]],[[104.45799,-1.57985],[104.45776,-1.57959]],[[104.45799,-1.57364],[104.45813,-1.57309],[104.45732,-1.5719],[104.45673,-1.57158],[104.45651,-1.57061],[104.45505,-1.57158],[104.45499,-1.57076],[104.45395,-1.56995],[104.4553,-1.56968],[104.45415,-1.56886],[104.45394,-1.56832],[104.45408,-1.56805],[104.45667,-1.56968],[104.45634,-1.56927]],[[104.45611,-1.56905],[104.45598,-1.56873]],[[104.45646,-1.56737],[104.45644,-1.56697],[104.4557,-1.56658],[104.45492,-1.56534],[104.4549,-1.56367],[104.45383,-1.56289],[104.45363,-1.56126],[104.45303,-1.56045],[104.45274,-1.55917],[104.45193,-1.55952],[104.45154,-1.55909],[104.45085,-1.55258],[104.45004,-1.55098],[104.44725,-1.53928],[104.44648,-1.53819],[104.44546,-1.53779],[104.44492,-1.53634],[104.44424,-1.53412],[104.44385,-1.5303],[104.4425,-1.52612],[104.44121,-1.52408],[104.44142,-1.52272],[104.43903,-1.51322],[104.43911,-1.50997],[104.43858,-1.50888],[104.43895,-1.50752],[104.43936,-1.50725],[104.43886,-1.50589],[104.43942,-1.50372],[104.43924,-1.50209],[104.43954,-1.50211],[104.4397,-1.50155],[104.43928,-1.50128],[104.4392,-1.50074],[104.43927,-1.50045],[104.43981,-1.50035],[104.44001,-1.49884],[104.43964,-1.49857],[104.43952,-1.49748],[104.44039,-1.49422],[104.44036,-1.49124],[104.44132,-1.49015],[104.4415,-1.48948]],[[104.44147,-1.4892],[104.44156,-1.48889]],[[104.44157,-1.48796],[104.4412,-1.48744],[104.44155,-1.48676]],[[104.44165,-1.48595],[104.44161,-1.48513]],[[104.44167,-1.48486],[104.44156,-1.48337],[104.4425,-1.48093],[104.44213,-1.47957],[104.44301,-1.47468],[104.44518,-1.46871],[104.4455,-1.46546],[104.44669,-1.46193],[104.44638,-1.46139],[104.44646,-1.4603],[104.4471,-1.4602],[104.44791,-1.45937],[104.44808,-1.45813],[104.44848,-1.45759],[104.44833,-1.4565],[104.4487,-1.45623],[104.44918,-1.45433],[104.44879,-1.45392]],[[104.45064,-1.44687],[104.45084,-1.44619],[104.45142,-1.446],[104.45194,-1.44646],[104.45169,-1.44706],[104.45196,-1.44652],[104.4525,-1.44724],[104.45269,-1.44646],[104.45385,-1.44572],[104.4539,-1.44537],[104.45331,-1.4451],[104.45454,-1.4432],[104.45439,-1.443],[104.45403,-1.4432],[104.45412,-1.44275],[104.45473,-1.44239],[104.45423,-1.44185],[104.45546,-1.44153],[104.45587,-1.43968],[104.45627,-1.43914],[104.45602,-1.43859],[104.4561,-1.43696],[104.4568,-1.43289],[104.45716,-1.42475],[104.45639,-1.41539]],[[104.456,-1.41159],[104.45593,-1.41077]],[[104.45595,-1.41023],[104.45593,-1.40955],[104.4551,-1.40819],[104.45524,-1.40724]],[[104.45461,-1.40399],[104.45453,-1.40346]],[[104.45453,-1.40344],[104.45444,-1.40317]],[[104.45291,-1.3991],[104.45291,-1.3985]],[[104.45286,-1.39829],[104.45264,-1.39749]],[[104.45264,-1.39657],[104.45281,-1.39516],[104.45184,-1.39501]],[[104.45161,-1.39421],[104.45157,-1.39393]],[[104.4513,-1.38797],[104.45197,-1.38883],[104.45197,-1.38738],[104.4513,-1.3874]],[[104.4513,-1.38539],[104.4517,-1.3855],[104.45233,-1.38512],[104.45227,-1.38458],[104.45157,-1.38409]],[[104.45184,-1.38275],[104.45251,-1.38226],[104.45305,-1.38228],[104.45416,-1.37942],[104.45375,-1.37942],[104.4532,-1.37834],[104.45375,-1.37671],[104.45427,-1.37671],[104.45403,-1.37617],[104.4544,-1.37431],[104.45473,-1.37454],[104.45417,-1.37372],[104.45501,-1.37345],[104.45551,-1.3721],[104.45579,-1.36612],[104.4564,-1.36531],[104.45628,-1.36124],[104.45656,-1.36077],[104.4567,-1.35778]],[[104.4567,-1.3573],[104.45684,-1.35669]],[[104.49285,-1.66414],[104.49329,-1.66332],[104.4929,-1.66268],[104.49224,-1.66414],[104.49263,-1.66436],[104.49285,-1.66414]],[[104.52147,-1.71477],[104.5239,-1.71407],[104.52552,-1.71437],[104.52646,-1.71409],[104.52478,-1.71029],[104.52112,-1.70377],[104.51946,-1.70133],[104.51135,-1.69128],[104.50538,-1.68477],[104.50171,-1.68124],[104.49532,-1.67406],[104.49494,-1.67337],[104.49507,-1.67255],[104.49436,-1.67147],[104.49461,-1.67119],[104.49435,-1.67065],[104.49397,-1.67026],[104.4937,-1.67078],[104.49177,-1.66957],[104.49249,-1.66902],[104.492,-1.66848],[104.49283,-1.66739],[104.49236,-1.66631],[104.49209,-1.66611],[104.49155,-1.66634],[104.49101,-1.66772],[104.4907,-1.66767],[104.49074,-1.66719]],[[104.50457,-1.80337],[104.5085,-1.80616],[104.51066,-1.80673],[104.51471,-1.80516],[104.51687,-1.80281],[104.51902,-1.80278],[104.51983,-1.80211],[104.52091,-1.80188],[104.52172,-1.80103],[104.52334,-1.80075],[104.52523,-1.79904],[104.52685,-1.79901],[104.52927,-1.79963],[104.53001,-1.79877],[104.53216,-1.79415],[104.53417,-1.79171],[104.53649,-1.78737],[104.53791,-1.78544],[104.53926,-1.78496],[104.54088,-1.78383],[104.54195,-1.78472],[104.54384,-1.78471],[104.54454,-1.78411],[104.54407,-1.78384],[104.5437,-1.78248],[104.54392,-1.77896],[104.54369,-1.77597],[104.5433,-1.7757],[104.54362,-1.77516],[104.54359,-1.7719],[104.54336,-1.77027],[104.54223,-1.76789],[104.54245,-1.76756],[104.54188,-1.7605],[104.542,-1.75833],[104.54116,-1.7548],[104.53979,-1.75317],[104.53873,-1.7486],[104.53622,-1.74177],[104.53445,-1.7358],[104.53125,-1.72739],[104.52606,-1.71874],[104.52282,-1.71582],[104.52201,-1.71545]],[[104.54357,-1.78456],[104.5432,-1.78438],[104.54384,-1.78393],[104.54405,-1.78411],[104.54357,-1.78456]],[[104.50388,-1.80904],[104.50416,-1.80582],[104.50311,-1.80449]]]}},{"id":"121","type":"Feature","properties":{"year":2023,"certainty":"unstable data"},"geometry":{"type":"MultiLineString","coordinates":[[[104.62,-1.95209],[104.62007,-1.952]],[[104.62081,-1.95126],[104.62086,-1.95118]],[[104.62108,-1.95077],[104.62116,-1.95064]],[[104.59096,-1.87084],[104.58617,-1.86736],[104.58486,-1.86609],[104.58457,-1.865],[104.58347,-1.86386],[104.58293,-1.86381],[104.58314,-1.86419],[104.58266,-1.86491],[104.58202,-1.86446],[104.58225,-1.86419],[104.58159,-1.86419],[104.58249,-1.86337],[104.58214,-1.86283],[104.5824,-1.86261],[104.58358,-1.8631],[104.58266,-1.86253],[104.5824,-1.86245],[104.58213,-1.8628],[104.57862,-1.86171],[104.57754,-1.86226],[104.5708,-1.85919],[104.57026,-1.85901],[104.56972,-1.85951],[104.56749,-1.85821],[104.56456,-1.8574],[104.56378,-1.85654],[104.56325,-1.85649],[104.56298,-1.85707],[104.56233,-1.85685],[104.56138,-1.85631],[104.56202,-1.85604],[104.56163,-1.85569],[104.56109,-1.85634],[104.55839,-1.8555],[104.55747,-1.85468],[104.55866,-1.85479],[104.5592,-1.85533],[104.5596,-1.85468],[104.5592,-1.85421],[104.55515,-1.8528],[104.55111,-1.8539],[104.55058,-1.85387],[104.55057,-1.85358],[104.54841,-1.85362],[104.5473,-1.85522],[104.54571,-1.85606],[104.54544,-1.85583],[104.54463,-1.85602],[104.54517,-1.85631],[104.54409,-1.85646],[104.54194,-1.85783],[104.54081,-1.85943]],[[104.53667,-1.87893],[104.53618,-1.87937],[104.53623,-1.88005]],[[104.52398,-1.91176],[104.52372,-1.91235]],[[104.52371,-1.91235],[104.52313,-1.91316]],[[104.5229,-1.91355],[104.52287,-1.9137]],[[104.52098,-1.9213],[104.52067,-1.9232]],[[104.58582,-1.86555],[104.58509,-1.86494],[104.58502,-1.865],[104.58563,-1.86561],[104.58582,-1.86555]],[[104.47165,-1.9135],[104.47102,-1.9145]],[[104.47084,-1.91471],[104.47043,-1.91477]],[[104.4703,-1.91488],[104.4703,-1.91503]],[[104.47003,-1.9155],[104.46966,-1.91518],[104.47008,-1.91491],[104.4699,-1.91473],[104.46963,-1.91516],[104.46867,-1.91464],[104.46855,-1.91389],[104.46774,-1.91427],[104.46765,-1.91382],[104.46693,-1.91369],[104.46667,-1.91382],[104.46685,-1.91437],[104.46639,-1.91442],[104.46612,-1.91491],[104.4663,-1.91627],[104.46573,-1.91572],[104.46558,-1.91477],[104.46491,-1.91557]],[[104.46518,-1.91591],[104.46559,-1.91613]],[[104.47351,-1.91138],[104.47341,-1.91095],[104.4728,-1.91111],[104.47287,-1.91145],[104.47351,-1.91138]],[[104.47053,-1.91437],[104.47075,-1.9141],[104.47103,-1.91382],[104.47016,-1.91382],[104.47053,-1.91437]],[[104.46633,-1.9164],[104.46666,-1.91622],[104.4668,-1.91666]],[[104.62635,-1.98036],[104.62675,-1.98009],[104.62698,-1.97928],[104.62634,-1.97896],[104.62606,-1.97928],[104.62635,-1.98036]]]}},{"id":"122","type":"Feature","properties":{"year":2023,"certainty":"good"},"geometry":{"type":"MultiLineString","coordinates":[[[104.52147,-1.71479],[104.52336,-1.71425],[104.52552,-1.71413],[104.52602,-1.71354],[104.5251,-1.7111],[104.52242,-1.70594],[104.51942,-1.70133],[104.51406,-1.69454],[104.50631,-1.68558],[104.50235,-1.68015],[104.50185,-1.68015],[104.50044,-1.67877],[104.49851,-1.67608],[104.49865,-1.67527],[104.49829,-1.67554],[104.4982,-1.67472],[104.49763,-1.67391],[104.49074,-1.66801],[104.48958,-1.66794],[104.48859,-1.66414],[104.48749,-1.66224],[104.48594,-1.65735],[104.48231,-1.65002],[104.47699,-1.64047],[104.477,-1.63971],[104.47734,-1.63944],[104.47699,-1.63968],[104.47637,-1.63889],[104.47565,-1.63645],[104.47498,-1.63591],[104.47486,-1.63482],[104.47299,-1.63156],[104.47298,-1.63075],[104.47069,-1.62668],[104.47067,-1.62614],[104.46965,-1.62424],[104.46971,-1.62335],[104.46929,-1.62315],[104.46886,-1.62206],[104.46826,-1.62206],[104.46774,-1.62098],[104.46718,-1.61935],[104.4673,-1.61745],[104.46675,-1.61759],[104.46675,-1.61647],[104.46621,-1.61649],[104.46581,-1.61609],[104.46648,-1.61582],[104.46569,-1.61446],[104.46567,-1.61338],[104.46459,-1.61296],[104.46405,-1.61182],[104.46136,-1.60247],[104.46082,-1.60176],[104.46082,-1.60089],[104.46005,-1.59926],[104.46008,-1.59872],[104.45949,-1.59845],[104.4594,-1.59736],[104.45866,-1.59557],[104.45824,-1.59356],[104.45866,-1.5929],[104.46001,-1.5937],[104.46074,-1.59356],[104.46004,-1.59194],[104.45983,-1.58895],[104.45947,-1.58879],[104.45925,-1.58759],[104.45817,-1.58624],[104.4586,-1.58569],[104.4584,-1.58482],[104.45793,-1.58461],[104.45852,-1.58406],[104.45858,-1.58325],[104.45786,-1.5824],[104.45624,-1.58176],[104.45514,-1.58189],[104.45461,-1.57864],[104.45492,-1.57809],[104.45495,-1.57565],[104.45425,-1.57456],[104.45408,-1.57319],[104.45381,-1.57373],[104.45283,-1.57131],[104.45293,-1.57022],[104.45345,-1.56968],[104.45324,-1.56941],[104.45385,-1.56886],[104.4534,-1.56751],[104.45355,-1.56736],[104.45462,-1.56845],[104.45489,-1.56832],[104.45488,-1.56751],[104.45309,-1.56371],[104.45354,-1.56344],[104.45328,-1.56289],[104.45353,-1.56235],[104.45301,-1.56244],[104.45207,-1.56344],[104.45221,-1.56126],[104.45174,-1.56045],[104.45173,-1.55936],[104.45137,-1.55909],[104.4512,-1.55746],[104.45206,-1.55638],[104.45214,-1.55529],[104.45185,-1.55529],[104.45139,-1.5564],[104.44815,-1.54362],[104.44757,-1.54226],[104.44723,-1.53955],[104.44628,-1.53819],[104.44573,-1.53818],[104.44519,-1.53753],[104.44519,-1.5368],[104.44406,-1.53466],[104.44183,-1.52625],[104.44277,-1.52574],[104.44331,-1.52599],[104.44331,-1.52558],[104.44277,-1.52453],[104.44142,-1.52441],[104.44086,-1.52354],[104.44059,-1.52218],[104.44096,-1.52191],[104.44097,-1.52082],[104.44034,-1.52095],[104.44009,-1.52055],[104.44075,-1.52028],[104.44092,-1.51974],[104.44061,-1.51996],[104.4398,-1.51962],[104.4379,-1.51078],[104.43821,-1.50481],[104.43801,-1.50454],[104.43846,-1.5038],[104.43841,-1.50237],[104.43887,-1.50182],[104.43887,-1.50128],[104.43846,-1.50113],[104.43819,-1.50141],[104.43783,-1.50019],[104.43908,-1.49911],[104.43843,-1.49911],[104.43973,-1.49585],[104.43933,-1.49504],[104.44013,-1.49368],[104.44016,-1.49205],[104.44068,-1.49042],[104.44046,-1.48961],[104.44123,-1.48771],[104.44128,-1.4869],[104.44096,-1.48635],[104.44172,-1.48174],[104.44171,-1.47984],[104.44224,-1.47888],[104.44427,-1.46926],[104.4451,-1.4679],[104.44541,-1.46627],[104.445,-1.46573],[104.44552,-1.46437],[104.44533,-1.46383],[104.44632,-1.4622],[104.44623,-1.46057],[104.44737,-1.45853],[104.44791,-1.45843],[104.44821,-1.45786],[104.44802,-1.4565],[104.44852,-1.45623],[104.44812,-1.45569],[104.44857,-1.45514],[104.44854,-1.45352],[104.44965,-1.45107],[104.44963,-1.45053],[104.45007,-1.44982],[104.45043,-1.44999],[104.45089,-1.44945],[104.45095,-1.44836],[104.45142,-1.44795],[104.4514,-1.447],[104.45181,-1.44646],[104.45152,-1.44402],[104.45191,-1.44402],[104.45221,-1.44537],[104.4525,-1.44471],[104.45302,-1.44483],[104.45277,-1.44527],[104.45331,-1.445],[104.45364,-1.44429],[104.45416,-1.44402],[104.4531,-1.4432],[104.45385,-1.44311],[104.45467,-1.44212],[104.45439,-1.44193],[104.45412,-1.44227],[104.45411,-1.44185],[104.45523,-1.4413],[104.45633,-1.43886],[104.45585,-1.43669],[104.4566,-1.43398],[104.45709,-1.42773],[104.45608,-1.41118],[104.45555,-1.40928],[104.45483,-1.40846],[104.4552,-1.40656],[104.45474,-1.40439],[104.45224,-1.39824],[104.45212,-1.39652],[104.45155,-1.39516],[104.45095,-1.38919],[104.45127,-1.38865],[104.45103,-1.38675],[104.45178,-1.38241],[104.45251,-1.38166],[104.45332,-1.38147],[104.45332,-1.38119],[104.45275,-1.38105],[104.4531,-1.38078],[104.45305,-1.38011],[104.45388,-1.37861],[104.45386,-1.37788],[104.45347,-1.37752],[104.45449,-1.37644],[104.45417,-1.3759],[104.45467,-1.37541],[104.45494,-1.37575],[104.45515,-1.37562],[104.45471,-1.37508],[104.45478,-1.37372],[104.45551,-1.37318],[104.45542,-1.37237],[104.45578,-1.37128],[104.45565,-1.36884],[104.45602,-1.36566],[104.45629,-1.36573],[104.4564,-1.36531],[104.45625,-1.36233],[104.45673,-1.35669]],[[104.45331,-1.44459],[104.45304,-1.44481],[104.45286,-1.44456],[104.45358,-1.44399],[104.45331,-1.44459]],[[104.45844,-1.57918],[104.45844,-1.57782],[104.45813,-1.57724],[104.45732,-1.57745],[104.45651,-1.57387],[104.45671,-1.57701],[104.45759,-1.57775],[104.4573,-1.57809],[104.45844,-1.57918]],[[104.46058,-1.58976],[104.46059,-1.58841],[104.46001,-1.58785],[104.46025,-1.58814],[104.46058,-1.58976]],[[104.50473,-1.80323],[104.5081,-1.80582],[104.50985,-1.80665],[104.51066,-1.80671],[104.51471,-1.80511],[104.51687,-1.80273],[104.51902,-1.80269],[104.51983,-1.80204],[104.52091,-1.80185],[104.52172,-1.80099],[104.52334,-1.80072],[104.52523,-1.79898],[104.52685,-1.79891],[104.52927,-1.79951],[104.52992,-1.79877],[104.53089,-1.79658],[104.53216,-1.79551],[104.53221,-1.79415],[104.53405,-1.79171],[104.53764,-1.7855],[104.53845,-1.78482],[104.53926,-1.78485],[104.54061,-1.78421],[104.54115,-1.78446],[104.54276,-1.78419],[104.54274,-1.78466],[104.54187,-1.7852],[104.54298,-1.7852],[104.54424,-1.78411],[104.54411,-1.7837],[104.54357,-1.78418],[104.5429,-1.78411],[104.54454,-1.78303],[104.54382,-1.78276],[104.5433,-1.78086],[104.54342,-1.77624],[104.543,-1.77516],[104.54342,-1.77434],[104.54315,-1.77244],[104.54332,-1.77081],[104.54287,-1.76891],[104.54306,-1.76864],[104.54277,-1.76878],[104.54245,-1.76837],[104.5427,-1.76756],[104.54175,-1.76213],[104.54106,-1.75643],[104.54121,-1.75561],[104.54002,-1.75317],[104.54016,-1.75263],[104.53618,-1.74177],[104.53446,-1.7358],[104.53124,-1.72739],[104.52606,-1.71892],[104.52268,-1.71571],[104.52174,-1.71542]],[[104.52962,-1.71626],[104.52929,-1.71577],[104.52889,-1.71626],[104.52929,-1.71649],[104.52962,-1.71626]],[[104.53165,-1.72521],[104.53134,-1.7244],[104.53051,-1.72413],[104.53118,-1.72498],[104.53165,-1.72521]],[[104.50379,-1.80904],[104.50417,-1.80582],[104.50311,-1.80452]]]}},{"id":"123","type":"Feature","properties":{"year":2023,"certainty":"good"},"geometry":{"type":"MultiLineString","coordinates":[[[104.48341,-1.83221],[104.4853,-1.83317],[104.4873,-1.83105],[104.48827,-1.83064],[104.4892,-1.82807],[104.49169,-1.82372],[104.49555,-1.81986],[104.49663,-1.81757],[104.50014,-1.81488],[104.50124,-1.81368],[104.50295,-1.81124],[104.50382,-1.80907]],[[104.47262,-1.85057],[104.47531,-1.8518],[104.47801,-1.8521],[104.47936,-1.85145],[104.48067,-1.85005],[104.48188,-1.84706],[104.48266,-1.84028],[104.48307,-1.83946],[104.48395,-1.83926],[104.48431,-1.83865],[104.48446,-1.83431],[104.48312,-1.83268]],[[104.46722,-1.8635],[104.46857,-1.86274],[104.47238,-1.85846],[104.47228,-1.85683],[104.47276,-1.85602],[104.47254,-1.85547],[104.47327,-1.85493],[104.4733,-1.85276],[104.47304,-1.85222],[104.47189,-1.8514]],[[104.60638,-1.96325],[104.6085,-1.9619],[104.60935,-1.95977],[104.6107,-1.95849],[104.61204,-1.9578],[104.61258,-1.95644],[104.61293,-1.95729],[104.61339,-1.95733],[104.61852,-1.95369],[104.62,-1.95209]],[[104.62007,-1.952],[104.62081,-1.95126]],[[104.62086,-1.95118],[104.62108,-1.95077]],[[104.62116,-1.95064],[104.62249,-1.94698],[104.6224,-1.94589],[104.62333,-1.94399],[104.62365,-1.94252],[104.62547,-1.94074],[104.62608,-1.93968],[104.62715,-1.93968],[104.62742,-1.93885],[104.62769,-1.9389],[104.62769,-1.93941],[104.62796,-1.93929],[104.62904,-1.93778],[104.62883,-1.93748],[104.63066,-1.93675],[104.63093,-1.93628],[104.63228,-1.9363],[104.63282,-1.9358],[104.63336,-1.93587],[104.63525,-1.93502],[104.63806,-1.93531],[104.63928,-1.93694],[104.63983,-1.93713],[104.64084,-1.93694],[104.64203,-1.93585],[104.64233,-1.93504],[104.64196,-1.93287],[104.64212,-1.92961],[104.64343,-1.925],[104.6432,-1.92283],[104.63916,-1.9174],[104.63795,-1.91663],[104.6366,-1.91504],[104.63603,-1.91495],[104.63319,-1.91251],[104.63121,-1.90991],[104.62986,-1.90919],[104.62771,-1.906],[104.62447,-1.90249],[104.62069,-1.89912],[104.61934,-1.89836],[104.6126,-1.89082],[104.61152,-1.89032],[104.60963,-1.88817],[104.60807,-1.88726],[104.60354,-1.88238],[104.59989,-1.87939],[104.59991,-1.87912],[104.59937,-1.87885],[104.59965,-1.87858],[104.59939,-1.87831],[104.59663,-1.8764],[104.59096,-1.87084]],[[104.54081,-1.85943],[104.53976,-1.86173],[104.5399,-1.86418],[104.54028,-1.86526],[104.54165,-1.86662],[104.54112,-1.86677],[104.54073,-1.86743],[104.54042,-1.87015],[104.54008,-1.87042],[104.53981,-1.87232],[104.53906,-1.87449],[104.53736,-1.87802],[104.53673,-1.87829],[104.53667,-1.87893]],[[104.53623,-1.88005],[104.536,-1.88145],[104.53416,-1.88372],[104.53424,-1.8848],[104.53298,-1.88453],[104.53362,-1.88643],[104.53315,-1.88914],[104.53177,-1.8924],[104.52968,-1.89566],[104.52925,-1.89754],[104.52671,-1.9038],[104.52631,-1.90733],[104.52398,-1.91176]],[[104.52372,-1.91235],[104.52371,-1.91235]],[[104.52313,-1.91316],[104.5229,-1.91355]],[[104.52287,-1.9137],[104.52291,-1.91438],[104.52358,-1.91453],[104.52466,-1.91398],[104.52547,-1.91311],[104.5257,-1.9133],[104.52404,-1.91493],[104.52294,-1.91655],[104.52098,-1.9213]],[[104.52067,-1.9232],[104.521,-1.92442],[104.52203,-1.92551]],[[104.47259,-1.8704],[104.47451,-1.86769],[104.47396,-1.86657],[104.47207,-1.86462],[104.46803,-1.86525]],[[104.47422,-1.88744],[104.47638,-1.88657],[104.47748,-1.8856],[104.47884,-1.88126],[104.47946,-1.87664],[104.47888,-1.87366],[104.47679,-1.87067],[104.47585,-1.87001],[104.47477,-1.87],[104.47325,-1.87094]],[[104.46478,-1.90783],[104.46508,-1.90785],[104.46531,-1.9065],[104.46569,-1.9065],[104.46586,-1.90691],[104.46667,-1.90648],[104.46747,-1.90668],[104.46936,-1.90601],[104.47341,-1.90375],[104.4765,-1.90053],[104.47776,-1.89727],[104.47866,-1.89347],[104.47869,-1.89157],[104.47761,-1.8894],[104.4753,-1.8879],[104.47449,-1.88796]],[[104.49707,-1.94803],[104.49655,-1.94586],[104.49615,-1.94179],[104.49633,-1.93744],[104.49681,-1.93446],[104.49664,-1.93229],[104.4939,-1.92442],[104.49067,-1.91878],[104.48913,-1.91682],[104.48851,-1.91661],[104.48859,-1.91627],[104.48782,-1.91519],[104.48501,-1.9133],[104.48339,-1.91264],[104.48123,-1.91233],[104.47826,-1.91254],[104.47583,-1.91359],[104.47476,-1.91284],[104.47395,-1.91281],[104.47287,-1.9129],[104.47165,-1.9135]],[[104.47102,-1.9145],[104.47084,-1.91471]],[[104.47043,-1.91477],[104.4703,-1.91488]],[[104.4703,-1.91503],[104.4703,-1.91545],[104.47003,-1.9155]],[[104.46491,-1.91557],[104.46518,-1.91591]],[[104.46559,-1.91613],[104.4654,-1.91681],[104.46504,-1.91721],[104.46477,-1.91701],[104.46418,-1.91817],[104.46396,-1.92008],[104.46377,-1.91654],[104.46529,-1.90948],[104.46397,-1.90894],[104.46391,-1.90839],[104.46424,-1.90809]],[[104.46666,-1.91692],[104.46633,-1.9164]],[[104.4668,-1.91666],[104.46666,-1.91692]],[[104.52169,-1.92649],[104.5198,-1.92589],[104.51899,-1.92612],[104.51629,-1.92522],[104.51333,-1.92516],[104.51267,-1.92578],[104.51198,-1.92744],[104.50928,-1.92836],[104.50793,-1.92941],[104.50669,-1.92985],[104.50624,-1.93039],[104.50635,-1.93093],[104.50592,-1.93148],[104.5058,-1.93283],[104.50508,-1.93473],[104.50242,-1.93745],[104.50112,-1.93935],[104.50052,-1.94423],[104.5007,-1.94722]],[[104.61177,-1.98625],[104.61447,-1.98737],[104.61581,-1.9866],[104.61672,-1.98497],[104.61715,-1.9828],[104.61673,-1.97249],[104.61695,-1.97222],[104.61609,-1.97223],[104.61636,-1.9708],[104.61555,-1.96996],[104.61501,-1.9702],[104.61355,-1.96869],[104.61691,-1.96842],[104.61558,-1.96652],[104.61447,-1.96646],[104.61326,-1.96543],[104.61231,-1.96525],[104.61123,-1.96574],[104.60908,-1.96406],[104.60719,-1.96506]],[[104.65373,-1.96408],[104.65224,-1.96408],[104.65224,-1.96437],[104.65116,-1.96465],[104.65008,-1.96553],[104.64738,-1.96651],[104.64495,-1.96829],[104.64225,-1.96923],[104.63956,-1.97063],[104.63848,-1.97142],[104.63794,-1.97262],[104.6374,-1.97263],[104.63686,-1.97319],[104.63632,-1.97294],[104.63582,-1.97331],[104.6297,-1.97982],[104.62966,-1.98118],[104.63119,-1.98323]],[[104.61677,-1.9695],[104.6169,-1.96915],[104.61663,-1.96884],[104.61661,-1.9695],[104.61677,-1.9695]],[[104.62071,-1.98335],[104.62094,-1.98309],[104.62122,-1.98307],[104.62067,-1.98309],[104.62071,-1.98335]],[[104.63065,-1.98427],[104.62876,-1.98313],[104.62849,-1.98326],[104.62789,-1.98443],[104.62768,-1.98579],[104.62638,-1.98796],[104.62467,-1.99203],[104.6208,-1.99637]],[[104.62067,-1.99651],[104.62053,-1.99667]],[[104.6119,-2.00529],[104.61055,-2.0061]],[[104.60785,-2.00731],[104.60691,-2.00777],[104.60313,-2.00807],[104.60246,-2.00885],[104.60286,-2.01022],[104.60162,-2.00913],[104.6003,-2.00859]],[[104.60111,-2.00604],[104.60115,-2.006]],[[104.60003,-2.00351],[104.59994,-2.00356]],[[104.59954,-2.00356],[104.59906,-2.00342],[104.59856,-2.0041]],[[104.59895,-2.00414],[104.59949,-2.00386]],[[104.59625,-2.0081],[104.59531,-2.00838],[104.59409,-2.00806]],[[104.59409,-2.00796],[104.59442,-2.00749],[104.59382,-2.0074]],[[104.59178,-2.00247],[104.59194,-2.00233]],[[104.59221,-2.00231],[104.59504,-2.00218],[104.59559,-2.00234],[104.59552,-2.00275]],[[104.59598,-2.00273],[104.59639,-2.00219],[104.59693,-2.00262],[104.5972,-2.00234],[104.59774,-2.00244],[104.59801,-2.00204],[104.60151,-2.00176],[104.6019,-2.00234],[104.6017,-2.00288],[104.60232,-2.00339],[104.60329,-2.00288],[104.603,-2.00261],[104.60323,-2.0018],[104.60394,-2.00098],[104.60583,-2.00016],[104.60705,-1.99895]],[[104.61256,-1.99081],[104.61295,-1.99013],[104.61282,-1.98931],[104.61096,-1.98764]],[[104.62315,-1.98769],[104.62263,-1.98633],[104.62315,-1.98633],[104.62257,-1.98497],[104.62175,-1.9848],[104.62106,-1.98416],[104.62132,-1.98497],[104.62013,-1.98552],[104.62035,-1.98715],[104.62121,-1.98687],[104.62229,-1.98784],[104.62256,-1.98757],[104.6231,-1.98792],[104.62315,-1.98769]],[[104.61676,-1.99094],[104.61703,-1.9909]],[[104.61774,-1.99027],[104.61754,-1.99013],[104.61784,-1.99001]],[[104.61787,-1.98999],[104.61797,-1.98974],[104.61737,-1.98959],[104.6177,-1.98874],[104.61591,-1.98932],[104.61627,-1.98986],[104.61595,-1.99001]],[[104.6168,-1.99393],[104.61732,-1.99379]],[[104.6173,-1.99346],[104.61716,-1.99293],[104.61676,-1.99284]],[[104.61641,-1.99434],[104.61658,-1.99393]],[[104.57184,-1.99848],[104.57469,-1.99908],[104.57463,-1.99989],[104.5742,-2.00043],[104.57427,-2.00133],[104.5751,-2.00125],[104.57521,-2.0007],[104.57491,-2.00016],[104.57541,-1.99962],[104.57535,-1.99929],[104.58034,-2.00058]],[[104.58034,-2.00071],[104.57912,-2.00148],[104.57858,-2.0014],[104.577,-2.00288],[104.57724,-2.0032],[104.578,-2.00288],[104.57831,-2.00186],[104.57875,-2.00274]],[[104.57764,-2.00513],[104.57575,-2.0045],[104.57292,-2.00243],[104.57107,-2.00152],[104.57223,-2.00043],[104.5713,-2.0]],[[104.58868,-2.00329],[104.5887,-2.00324]],[[104.5887,-2.00313],[104.58811,-2.00288],[104.5883,-2.00213],[104.58983,-2.00247]],[[104.60371,-2.00451],[104.60403,-2.00424],[104.60394,-2.00361],[104.60297,-2.00397],[104.60313,-2.00439],[104.60371,-2.00451]]]}},{"id":"124","type":"Feature","properties":{"year":2023,"certainty":"insufficient data"},"geometry":{"type":"MultiLineString","coordinates":[[[104.6208,-1.99637],[104.62067,-1.99651]],[[104.62053,-1.99667],[104.61902,-1.998],[104.61743,-2.0006],[104.61554,-2.00189],[104.61471,-2.00289],[104.61365,-2.00334],[104.61257,-2.0051],[104.6119,-2.00529]],[[104.61055,-2.0061],[104.60785,-2.00731]],[[104.6003,-2.00859],[104.59863,-2.00804],[104.59935,-2.00713],[104.59989,-2.00766],[104.60043,-2.00768],[104.60092,-2.00723],[104.60056,-2.00641],[104.60111,-2.00604]],[[104.60115,-2.006],[104.60134,-2.0056],[104.6007,-2.00552],[104.60043,-2.00474],[104.60016,-2.0055],[104.59956,-2.0056],[104.60016,-2.00406],[104.60104,-2.00424],[104.60097,-2.0039],[104.60003,-2.00351]],[[104.59994,-2.00356],[104.59954,-2.00356]],[[104.59856,-2.0041],[104.59895,-2.00414]],[[104.59949,-2.00386],[104.59963,-2.00424],[104.59733,-2.00668],[104.59696,-2.00804],[104.59625,-2.0081]],[[104.59409,-2.00806],[104.59409,-2.00796]],[[104.59382,-2.0074],[104.59342,-2.00744],[104.59288,-2.00813],[104.59153,-2.00805],[104.59144,-2.00749],[104.59099,-2.00711],[104.58991,-2.00717],[104.5891,-2.00673],[104.58857,-2.00722],[104.58886,-2.00749],[104.58856,-2.00752],[104.58619,-2.00641],[104.58641,-2.00591],[104.58695,-2.00641],[104.58749,-2.00533],[104.58802,-2.00604],[104.5891,-2.00612],[104.58889,-2.00478],[104.58937,-2.00378],[104.58993,-2.00397],[104.58991,-2.00448],[104.58957,-2.00424],[104.58991,-2.00485],[104.59018,-2.00458],[104.59038,-2.00478],[104.59043,-2.00559],[104.59072,-2.00578],[104.59153,-2.00463],[104.59164,-2.00532],[104.59204,-2.00559],[104.5918,-2.00589],[104.59288,-2.00621],[104.59369,-2.00521],[104.59369,-2.00622],[104.59423,-2.0057],[104.595,-2.00614],[104.59494,-2.00505],[104.59438,-2.00451],[104.59423,-2.00356],[104.59342,-2.00406],[104.59278,-2.00397],[104.59291,-2.00342],[104.59266,-2.00342],[104.59244,-2.00397],[104.59126,-2.00427],[104.59126,-2.00373],[104.59193,-2.00342],[104.59178,-2.00247]],[[104.59194,-2.00233],[104.59221,-2.00231]],[[104.59552,-2.00275],[104.59598,-2.00273]],[[104.60705,-1.99895],[104.60891,-1.99718],[104.61123,-1.99269],[104.6115,-1.99269],[104.61256,-1.99081]],[[104.6168,-1.99149],[104.61676,-1.99094]],[[104.61703,-1.9909],[104.6177,-1.99085],[104.61774,-1.99027]],[[104.61784,-1.99001],[104.61787,-1.98999]],[[104.61595,-1.99001],[104.61554,-1.99074],[104.61527,-1.99028],[104.61447,-1.99045],[104.6142,-1.99139],[104.615,-1.99113],[104.61635,-1.99168],[104.6168,-1.99149]],[[104.61732,-1.99379],[104.6173,-1.99346]],[[104.61676,-1.99284],[104.61635,-1.99288],[104.6161,-1.99339]],[[104.61554,-1.9933],[104.61503,-1.99393],[104.61526,-1.99447],[104.61641,-1.99434]],[[104.6108,-1.99773],[104.61137,-1.99827],[104.6115,-1.99897],[104.61204,-1.99717]],[[104.61418,-1.99963],[104.61507,-1.99827],[104.61419,-1.99851],[104.61378,-1.99746],[104.61311,-1.99724],[104.61258,-1.99768],[104.61238,-1.99909],[104.61284,-1.99955],[104.61365,-1.99941],[104.61392,-1.99987],[104.61418,-1.99963]],[[104.60977,-1.99773],[104.60973,-1.99827],[104.61015,-1.99861],[104.61069,-1.99757]],[[104.61655,-1.99827],[104.61699,-1.998],[104.61662,-1.99758],[104.61584,-1.99827],[104.61655,-1.99827]],[[104.58034,-2.00058],[104.58034,-2.00071]],[[104.57875,-2.00274],[104.5791,-2.00342],[104.57789,-2.00478],[104.57831,-2.00502],[104.57885,-2.00482],[104.57939,-2.00537],[104.57983,-2.00532],[104.58047,-2.00727],[104.58155,-2.00679],[104.58138,-2.00858]],[[104.6094,-2.00071],[104.61175,-2.00017],[104.61177,-1.9999],[104.61096,-1.99909],[104.61066,-1.99909],[104.61015,-2.00002],[104.6097,-1.9999],[104.60968,-1.99936],[104.60934,-1.99934],[104.60849,-2.00017],[104.60884,-2.00044],[104.6086,-2.00071],[104.6094,-2.00071]],[[104.57853,-2.00831],[104.57858,-2.00695],[104.579,-2.00586],[104.57858,-2.0054],[104.57764,-2.00513]],[[104.58722,-2.00532],[104.58668,-2.00472],[104.58587,-2.00508],[104.58533,-2.00495],[104.58398,-2.00332],[104.58344,-2.00366],[104.58263,-2.00311],[104.58101,-2.00311],[104.58081,-2.00233],[104.58123,-2.00098],[104.58049,-2.00071],[104.58155,-2.00064],[104.58236,-2.00107],[104.58558,-2.00152],[104.58558,-2.00179],[104.58613,-2.00234],[104.58605,-2.00288],[104.58765,-2.00451],[104.58749,-2.0053],[104.58722,-2.00532]],[[104.61015,-2.00352],[104.6102,-2.00261],[104.60826,-2.00152]],[[104.58671,-2.00261],[104.58569,-2.00179],[104.58614,-2.00176]],[[104.60818,-2.0018],[104.60821,-2.00234],[104.6093,-2.00343],[104.60904,-2.0037],[104.60934,-2.00409],[104.60961,-2.00397]],[[104.58883,-2.00406],[104.58868,-2.00329]],[[104.5887,-2.00324],[104.5887,-2.00313]],[[104.58983,-2.00247],[104.59012,-2.00342],[104.58964,-2.00332],[104.58883,-2.00406]]]}},{"id":"125","type":"Feature","properties":{"year":2024,"certainty":"good"},"geometry":{"type":"MultiLineString","coordinates":[[[104.48345,-1.83214],[104.4853,-1.83315],[104.48737,-1.83105],[104.48827,-1.83067],[104.4893,-1.82807],[104.49195,-1.82345],[104.49555,-1.81989],[104.49666,-1.81775],[104.50068,-1.81439],[104.50266,-1.81179],[104.50382,-1.80907]],[[104.47262,-1.85052],[104.47558,-1.85179],[104.47801,-1.85209],[104.47909,-1.85167],[104.48052,-1.85032],[104.48189,-1.84706],[104.48283,-1.84028],[104.48431,-1.83865],[104.48445,-1.83431],[104.48305,-1.83268]],[[104.46722,-1.86349],[104.46857,-1.86276],[104.47237,-1.85846],[104.47227,-1.85683],[104.47276,-1.85602],[104.47257,-1.85547],[104.47326,-1.85493],[104.47329,-1.85276],[104.47289,-1.85208],[104.47181,-1.85143]],[[104.60638,-1.96324],[104.6085,-1.9619],[104.60935,-1.95982],[104.6107,-1.95854],[104.61204,-1.95782],[104.61258,-1.95646],[104.61289,-1.95729],[104.61339,-1.9574],[104.61876,-1.95349],[104.62081,-1.95126]],[[104.62086,-1.95118],[104.62108,-1.95077]],[[104.62117,-1.95064],[104.62251,-1.94698],[104.62223,-1.94616],[104.62303,-1.94535],[104.62282,-1.94453],[104.62365,-1.94238],[104.62419,-1.94211],[104.62458,-1.94101],[104.625,-1.94064],[104.6256,-1.94074],[104.62558,-1.94019],[104.62608,-1.93977],[104.62715,-1.93979],[104.62742,-1.93905],[104.62773,-1.93992],[104.62835,-1.93992],[104.62855,-1.93884],[104.62942,-1.93721],[104.63363,-1.93607],[104.6339,-1.93555],[104.63471,-1.93568],[104.63633,-1.93524],[104.63803,-1.93531],[104.63928,-1.93694],[104.63983,-1.93714],[104.64118,-1.93673],[104.64206,-1.93585],[104.64248,-1.93504],[104.64215,-1.9345],[104.64202,-1.93233],[104.64216,-1.92853],[104.64254,-1.92825],[104.6425,-1.92717],[104.64339,-1.925],[104.64336,-1.9231],[104.6428,-1.92202],[104.6405,-1.91957],[104.63903,-1.91749],[104.63395,-1.91305],[104.63014,-1.90898],[104.625,-1.9026]],[[104.62487,-1.90248],[104.62271,-1.90017]],[[104.62135,-1.8988],[104.61953,-1.89704],[104.6188,-1.8974],[104.61831,-1.89704],[104.61611,-1.89482],[104.61646,-1.89405],[104.61476,-1.89201],[104.61306,-1.89052],[104.61206,-1.89058],[104.61125,-1.8899],[104.60982,-1.88835],[104.60963,-1.88726],[104.60912,-1.88672],[104.60828,-1.88723],[104.60437,-1.88319],[104.60355,-1.88156],[104.60154,-1.88052],[104.59552,-1.87478],[104.59406,-1.87288],[104.59035,-1.86999]],[[104.5739,-1.85981],[104.57365,-1.85971]],[[104.56326,-1.85645],[104.56271,-1.8565],[104.56189,-1.8559]],[[104.55259,-1.85309],[104.55097,-1.85365]],[[104.54079,-1.85943],[104.53988,-1.86146],[104.53995,-1.86445],[104.54032,-1.86525],[104.54166,-1.86662],[104.54112,-1.86678],[104.54075,-1.86743],[104.5404,-1.87015],[104.54007,-1.87042],[104.53983,-1.87232],[104.53897,-1.87476],[104.53807,-1.87612],[104.53735,-1.87802],[104.53672,-1.87829],[104.53667,-1.87895]],[[104.53619,-1.88005],[104.53608,-1.88127],[104.53407,-1.88399],[104.53425,-1.8848],[104.53302,-1.88453],[104.53363,-1.88616],[104.53318,-1.88914],[104.53168,-1.8926],[104.52972,-1.89566],[104.52925,-1.8976],[104.52674,-1.9038],[104.52608,-1.90787],[104.52289,-1.91357],[104.52291,-1.91438],[104.52331,-1.91455],[104.52466,-1.91394],[104.52547,-1.91311],[104.52567,-1.9133],[104.52404,-1.91493],[104.52294,-1.91655],[104.52101,-1.92117],[104.52068,-1.92361],[104.52215,-1.92551]],[[104.47259,-1.8704],[104.47451,-1.86769],[104.47396,-1.86657],[104.47207,-1.86462],[104.46803,-1.86526]],[[104.47422,-1.88742],[104.47638,-1.88652],[104.47747,-1.8856],[104.47891,-1.88099],[104.47949,-1.87664],[104.47881,-1.87346],[104.47747,-1.87133],[104.47558,-1.87],[104.4745,-1.87002],[104.47326,-1.87094]],[[104.46262,-1.90755],[104.4637,-1.90811],[104.4637,-1.9078],[104.46301,-1.90731],[104.46532,-1.90646],[104.46855,-1.90612],[104.47233,-1.9044],[104.47422,-1.90305],[104.4765,-1.90053],[104.47783,-1.897],[104.47866,-1.89347],[104.47868,-1.89157],[104.47759,-1.8894],[104.4753,-1.88792],[104.47449,-1.88798]],[[104.49705,-1.94803],[104.49649,-1.94586],[104.49608,-1.94179],[104.49623,-1.93826],[104.49676,-1.935],[104.49665,-1.93229],[104.49377,-1.92415],[104.49241,-1.92224],[104.49138,-1.92007],[104.48952,-1.9179],[104.48907,-1.91654],[104.48896,-1.91709],[104.48857,-1.91709],[104.48734,-1.91492],[104.48456,-1.91274],[104.48231,-1.91241],[104.47826,-1.91255],[104.4761,-1.91349],[104.4753,-1.91341],[104.47476,-1.91286],[104.47287,-1.91293],[104.47179,-1.91337],[104.47111,-1.91436]],[[104.47106,-1.9145],[104.47084,-1.91498]],[[104.47082,-1.91505],[104.4703,-1.91645]],[[104.46941,-1.91939],[104.46828,-1.9247],[104.46708,-1.92495],[104.46726,-1.92387],[104.46639,-1.9246],[104.46572,-1.92432]],[[104.46373,-1.91911],[104.46365,-1.91654],[104.4653,-1.90948],[104.46397,-1.90901],[104.46289,-1.90955]],[[104.4734,-1.91138],[104.47341,-1.91105],[104.47286,-1.91111],[104.47314,-1.91149],[104.4734,-1.91138]],[[104.48879,-1.91573],[104.48902,-1.91546],[104.48878,-1.91504],[104.48797,-1.91452],[104.48835,-1.91573],[104.48879,-1.91573]],[[104.46558,-1.9261],[104.46567,-1.92481]],[[104.46572,-1.92464],[104.46585,-1.92446],[104.4663,-1.92495],[104.46594,-1.92631]],[[104.52169,-1.92655],[104.52034,-1.92598],[104.51899,-1.9261],[104.51629,-1.92523],[104.51333,-1.92517],[104.51268,-1.92578],[104.51198,-1.92742],[104.50928,-1.92837],[104.50793,-1.92939],[104.50672,-1.92985],[104.50627,-1.93039],[104.50634,-1.93093],[104.50506,-1.93473],[104.50132,-1.93907],[104.50068,-1.9426],[104.50074,-1.94722]],[[104.61177,-1.9862],[104.61447,-1.9873],[104.61576,-1.9866],[104.61669,-1.98497],[104.61715,-1.98307],[104.61692,-1.9714],[104.61555,-1.96996],[104.61496,-1.97005],[104.61408,-1.96869],[104.61691,-1.96842],[104.61558,-1.96652],[104.61447,-1.96646],[104.6142,-1.96598],[104.61258,-1.96525],[104.6115,-1.96574],[104.60935,-1.96407],[104.60719,-1.96501]],[[104.65373,-1.96415],[104.65116,-1.96465],[104.649,-1.96622],[104.64603,-1.96734],[104.64468,-1.96848],[104.64225,-1.96923],[104.63875,-1.97106],[104.63812,-1.97249],[104.63767,-1.97223],[104.63686,-1.97314],[104.63632,-1.97295],[104.63587,-1.97331],[104.62971,-1.97982],[104.62953,-1.98063],[104.6298,-1.98145],[104.63119,-1.9832]],[[104.61693,-1.97032],[104.61692,-1.96923],[104.61663,-1.96884],[104.61636,-1.97012],[104.61663,-1.97047],[104.61693,-1.97032]],[[104.63065,-1.98427],[104.62903,-1.98328],[104.62845,-1.98335],[104.62467,-1.99203],[104.62246,-1.99475],[104.6191,-1.998],[104.61743,-2.00056],[104.61468,-2.00289],[104.61359,-2.00343],[104.61257,-2.00513],[104.60718,-2.00761],[104.60286,-2.00818],[104.6025,-2.00913],[104.60313,-2.01027],[104.60232,-2.00998],[104.60151,-2.00899],[104.6007,-2.0088],[104.60016,-2.00817],[104.59989,-2.00847],[104.59935,-2.00813],[104.59748,-2.00804],[104.59858,-2.00668],[104.59774,-2.00645],[104.59718,-2.0075],[104.59746,-2.00804],[104.59531,-2.00842],[104.58964,-2.00797],[104.58425,-2.00576],[104.5829,-2.0055],[104.58196,-2.00613],[104.58143,-2.00858]],[[104.57184,-1.99839],[104.58884,-2.00218],[104.59612,-2.00223],[104.60151,-2.00166],[104.60475,-2.0006],[104.60718,-1.99876],[104.60889,-1.99691],[104.6115,-1.9922],[104.61189,-1.99203],[104.61271,-1.99063]],[[104.61289,-1.98945],[104.61096,-1.98766]],[[104.5785,-2.00831],[104.57858,-2.00695],[104.579,-2.00613],[104.57885,-2.00565],[104.57589,-2.0046],[104.57292,-2.00241],[104.57103,-2.00159]]]}},{"id":"126","type":"Feature","properties":{"year":2024,"certainty":"unstable data"},"geometry":{"type":"MultiLineString","coordinates":[[[104.62081,-1.95126],[104.62086,-1.95118]],[[104.62108,-1.95077],[104.62117,-1.95064]],[[104.625,-1.9026],[104.62487,-1.90248]],[[104.62271,-1.90017],[104.62135,-1.8988]],[[104.59035,-1.86999],[104.58975,-1.86935],[104.58968,-1.86875],[104.58941,-1.869],[104.58885,-1.86826],[104.58887,-1.86778],[104.58793,-1.86717],[104.58848,-1.8669],[104.58671,-1.86533],[104.58617,-1.86533],[104.58511,-1.86446],[104.5854,-1.86392],[104.58488,-1.86337],[104.58213,-1.86209],[104.58078,-1.86215],[104.57916,-1.86167],[104.57781,-1.86082],[104.577,-1.86102],[104.5739,-1.85981]],[[104.57365,-1.85971],[104.57269,-1.85926],[104.57269,-1.85988],[104.57026,-1.8589],[104.56999,-1.85941],[104.56486,-1.85733],[104.56486,-1.85703],[104.5654,-1.85699],[104.56567,-1.85728],[104.56629,-1.85686],[104.56594,-1.85655],[104.56405,-1.85605],[104.56326,-1.85645]],[[104.56189,-1.8559],[104.56136,-1.85518],[104.56006,-1.85468],[104.56001,-1.85338],[104.55912,-1.85278],[104.55758,-1.85265],[104.55731,-1.85226],[104.55488,-1.85214],[104.55408,-1.85224],[104.55354,-1.8528],[104.55259,-1.85309]],[[104.55097,-1.85365],[104.55015,-1.85359],[104.54973,-1.85414],[104.54517,-1.85605],[104.54301,-1.85739],[104.54221,-1.85736],[104.54227,-1.85766],[104.54079,-1.85943]],[[104.53667,-1.87895],[104.53616,-1.87937],[104.53619,-1.88005]],[[104.47111,-1.91436],[104.47106,-1.9145]],[[104.47084,-1.91498],[104.47082,-1.91505]],[[104.61271,-1.99063],[104.61289,-1.98945]]]}},{"id":"127","type":"Feature","properties":{"year":2024,"certainty":"insufficient data"},"geometry":{"type":"MultiLineString","coordinates":[[[104.4703,-1.91645],[104.46941,-1.91939]],[[104.46572,-1.92432],[104.46477,-1.92453],[104.46373,-1.91911]],[[104.46567,-1.92481],[104.46572,-1.92464]]]}},{"id":"128","type":"Feature","properties":{"year":2024,"certainty":"good"},"geometry":{"type":"MultiLineString","coordinates":[[[104.52147,-1.71477],[104.52471,-1.71427],[104.52687,-1.71348],[104.52822,-1.71455],[104.52912,-1.71436],[104.52822,-1.71358],[104.52768,-1.7137],[104.52754,-1.71327],[104.52714,-1.71353],[104.52552,-1.71245],[104.52244,-1.70594],[104.52,-1.70214],[104.50989,-1.68965],[104.50988,-1.68872],[104.509,-1.68857],[104.50558,-1.68423],[104.50489,-1.68395],[104.50287,-1.68122],[104.50071,-1.67898],[104.49698,-1.6731],[104.49646,-1.67174],[104.49544,-1.6712],[104.49559,-1.67014],[104.49532,-1.67061],[104.49424,-1.66981],[104.49263,-1.66935],[104.49258,-1.66875],[104.49165,-1.66794],[104.48943,-1.66794],[104.48875,-1.66495],[104.48702,-1.66142],[104.48667,-1.66034],[104.48674,-1.65925],[104.48596,-1.65735],[104.47477,-1.63564],[104.47138,-1.62858],[104.47136,-1.62749],[104.47079,-1.62675],[104.47066,-1.62586],[104.46968,-1.62478],[104.46971,-1.62324],[104.46917,-1.62306],[104.46835,-1.62044],[104.46783,-1.62016],[104.46798,-1.61935],[104.46754,-1.61908],[104.46729,-1.61783],[104.46681,-1.61772],[104.4664,-1.61501],[104.46621,-1.61456],[104.46572,-1.61446],[104.466,-1.61338],[104.46552,-1.61256],[104.4652,-1.61094],[104.46471,-1.61066],[104.46486,-1.60997],[104.46352,-1.60632],[104.46361,-1.60578],[104.46315,-1.60523],[104.46325,-1.6041],[104.46288,-1.60388],[104.46305,-1.60361],[104.46271,-1.60354],[104.46247,-1.60279],[104.46164,-1.60252],[104.46223,-1.60198],[104.46178,-1.60143],[104.46167,-1.60008],[104.4609,-1.59926],[104.46115,-1.59872],[104.46039,-1.59791],[104.46163,-1.59828],[104.46286,-1.60198],[104.46352,-1.60247],[104.46411,-1.60198],[104.46356,-1.60008],[104.46284,-1.59981],[104.46302,-1.59899],[104.46256,-1.59791],[104.46246,-1.59519],[104.46217,-1.5949],[104.46136,-1.59504],[104.46101,-1.59302],[104.46055,-1.59273],[104.46017,-1.59302],[104.45984,-1.58895],[104.45947,-1.58879],[104.45893,-1.58671],[104.45829,-1.58596],[104.45864,-1.58569],[104.45845,-1.58488],[104.45867,-1.58461],[104.4592,-1.58471],[104.45917,-1.58542],[104.45958,-1.58596],[104.46078,-1.59058],[104.46221,-1.59302],[104.46244,-1.59254],[104.46195,-1.59248],[104.46212,-1.59194],[104.46115,-1.58922],[104.46115,-1.58786],[104.46082,-1.58681],[104.46054,-1.58678],[104.46028,-1.58468],[104.46001,-1.58489],[104.45968,-1.58461],[104.46029,-1.58406],[104.46001,-1.58337],[104.45962,-1.58325],[104.45974,-1.58291],[104.45947,-1.58305],[104.45913,-1.58244],[104.45953,-1.58162],[104.45912,-1.58054],[104.45921,-1.57937],[104.45873,-1.57918],[104.45899,-1.57864],[104.45865,-1.57809],[104.45896,-1.57646],[104.45867,-1.57663],[104.45837,-1.57565],[104.45867,-1.57511],[104.4576,-1.57077],[104.45678,-1.57081],[104.45622,-1.57049],[104.45638,-1.57076],[104.45518,-1.57131],[104.45489,-1.57208],[104.45466,-1.57158],[104.45484,-1.56995],[104.45344,-1.56832],[104.45332,-1.56696],[104.45355,-1.56681],[104.45394,-1.56832],[104.45597,-1.56971],[104.45678,-1.56969],[104.45705,-1.56914],[104.45739,-1.56941],[104.45739,-1.56887],[104.45682,-1.56832],[104.45683,-1.56778],[104.45605,-1.56696],[104.45597,-1.56648],[104.45543,-1.56676],[104.4555,-1.56507],[104.45469,-1.56398],[104.45474,-1.56289],[104.45382,-1.56189],[104.45355,-1.5622],[104.45304,-1.56181],[104.45328,-1.56147],[104.45427,-1.56154],[104.45355,-1.56133],[104.45301,-1.55989],[104.45247,-1.56032],[104.45206,-1.55964],[104.45231,-1.55909],[104.45193,-1.55844],[104.45139,-1.55977],[104.45099,-1.55719],[104.45108,-1.55502],[104.44888,-1.54769],[104.44895,-1.54688],[104.44805,-1.54362],[104.44757,-1.54281],[104.44718,-1.53955],[104.44627,-1.53823],[104.44526,-1.53792],[104.44385,-1.53439],[104.43843,-1.51404],[104.43722,-1.50508],[104.43758,-1.50427],[104.43721,-1.50318],[104.43764,-1.49829],[104.43819,-1.49648],[104.43846,-1.49684],[104.43883,-1.49667],[104.43808,-1.49612],[104.43819,-1.49548],[104.43851,-1.49558],[104.43828,-1.49531],[104.4387,-1.49341],[104.43839,-1.4926],[104.43865,-1.49042],[104.43981,-1.4906],[104.43981,-1.4899],[104.44044,-1.49015],[104.43992,-1.48961],[104.44059,-1.48744],[104.43981,-1.48653],[104.43927,-1.48648],[104.43919,-1.48581],[104.43954,-1.484],[104.44005,-1.48337],[104.44008,-1.48132],[104.44094,-1.48011],[104.44067,-1.47957],[104.44118,-1.47875],[104.4409,-1.47821],[104.44197,-1.47571],[104.44273,-1.47007],[104.44342,-1.46898],[104.44321,-1.4679],[104.44409,-1.46681],[104.44348,-1.46654],[104.44355,-1.46546],[104.44711,-1.45379],[104.44852,-1.45324],[104.44877,-1.45216],[104.44803,-1.45162],[104.44872,-1.44935],[104.44926,-1.44816],[104.4498,-1.44848],[104.45034,-1.44821],[104.45025,-1.44755],[104.45062,-1.44727],[104.44951,-1.44646],[104.45015,-1.44483],[104.45115,-1.44433],[104.45223,-1.44492],[104.45277,-1.44477],[104.45359,-1.44429],[104.45358,-1.44303],[104.45439,-1.44332],[104.45493,-1.44266],[104.45479,-1.44103],[104.45493,-1.44065],[104.4552,-1.44103],[104.45542,-1.44076],[104.45564,-1.43995],[104.45597,-1.43723],[104.45656,-1.43533],[104.45697,-1.43045],[104.45723,-1.43018],[104.45661,-1.41796],[104.45589,-1.41091],[104.4554,-1.40901],[104.45487,-1.40846],[104.45523,-1.40765],[104.45474,-1.40439],[104.45347,-1.40059],[104.45305,-1.40042],[104.45224,-1.39824],[104.452,-1.39299],[104.45162,-1.3915]],[[104.45664,-1.36626],[104.45667,-1.36585],[104.45716,-1.36558],[104.45701,-1.36504],[104.45744,-1.36395],[104.45737,-1.36288],[104.45704,-1.3626],[104.4571,-1.36231],[104.45737,-1.3626],[104.45743,-1.36233],[104.45704,-1.36151],[104.45707,-1.35669]],[[104.44384,-1.47061],[104.44406,-1.47007],[104.44386,-1.46974],[104.44359,-1.47088],[104.44384,-1.47061]],[[104.50473,-1.80322],[104.50931,-1.80648],[104.51039,-1.80674],[104.51147,-1.80659],[104.51471,-1.80506],[104.51687,-1.8027],[104.51902,-1.80267],[104.52091,-1.80179],[104.52172,-1.8009],[104.52334,-1.80061],[104.52523,-1.79893],[104.52685,-1.79888],[104.52927,-1.79935],[104.52993,-1.79849],[104.53162,-1.79469],[104.53404,-1.79198],[104.53467,-1.79037],[104.53764,-1.78559],[104.53926,-1.78426],[104.5398,-1.7847],[104.54061,-1.78424],[104.54115,-1.78444],[104.54431,-1.7833],[104.54478,-1.78276],[104.54398,-1.78167],[104.54367,-1.78058],[104.54424,-1.77706],[104.54324,-1.77353],[104.54357,-1.77271],[104.54322,-1.77217],[104.54362,-1.7719],[104.54362,-1.77054],[104.54281,-1.76891],[104.54304,-1.76865],[104.54331,-1.76891],[104.54243,-1.76566],[104.54153,-1.75941],[104.54122,-1.75643],[104.54145,-1.75534],[104.54088,-1.75524],[104.54056,-1.7548],[104.54012,-1.75344],[104.54081,-1.75344],[104.54007,-1.75247],[104.53806,-1.74693],[104.53197,-1.72874],[104.53045,-1.72603],[104.53091,-1.72593],[104.53226,-1.72717],[104.53334,-1.72768],[104.53334,-1.72641],[104.53307,-1.72623],[104.53298,-1.72684],[104.53253,-1.7269],[104.53123,-1.72521],[104.52956,-1.72456],[104.52861,-1.72304],[104.52848,-1.72196],[104.52821,-1.7221],[104.52804,-1.72169],[104.52822,-1.72141],[104.52821,-1.7209],[104.5282,-1.72141],[104.52784,-1.72141],[104.52766,-1.72087],[104.528,-1.7206],[104.52768,-1.72022],[104.52741,-1.72045],[104.52714,-1.72022],[104.52546,-1.71788],[104.52255,-1.71566],[104.52174,-1.71538]],[[104.52991,-1.7206],[104.53002,-1.71951],[104.5296,-1.71761],[104.52929,-1.71705],[104.5286,-1.71707],[104.52902,-1.71902],[104.52956,-1.7204],[104.52991,-1.7206]],[[104.54395,-1.7852],[104.54465,-1.78466],[104.54465,-1.78415],[104.54345,-1.7852],[104.54395,-1.7852]],[[104.50377,-1.80904],[104.5041,-1.80581],[104.50311,-1.80454]]]}},{"id":"129","type":"Feature","properties":{"year":2025,"certainty":"good"},"geometry":{"type":"MultiLineString","coordinates":[[[104.48932,-1.66604],[104.48886,-1.66604],[104.48785,-1.66251],[104.48723,-1.66167],[104.48696,-1.66055],[104.48669,-1.66084],[104.48663,-1.65898],[104.48596,-1.65735],[104.47403,-1.63474],[104.47327,-1.63319],[104.47304,-1.63184],[104.47052,-1.62721],[104.47025,-1.62595],[104.46947,-1.62478],[104.46944,-1.62389],[104.46915,-1.62369],[104.46845,-1.62098],[104.46777,-1.62016],[104.46783,-1.61908],[104.46756,-1.61929],[104.46738,-1.61908],[104.46726,-1.61826],[104.46675,-1.61766],[104.46621,-1.61493],[104.46547,-1.61446],[104.46597,-1.61338],[104.46532,-1.61256],[104.46518,-1.61094],[104.46452,-1.61066],[104.46469,-1.60985],[104.46353,-1.60659],[104.46358,-1.60578],[104.46296,-1.60523],[104.46314,-1.60469],[104.46244,-1.60378],[104.4619,-1.60362],[104.46163,-1.6039],[104.46163,-1.6035],[104.4619,-1.6036],[104.46232,-1.60306],[104.4615,-1.60252],[104.46197,-1.60171],[104.46141,-1.60116],[104.46181,-1.60089],[104.46166,-1.60008],[104.46109,-1.5995],[104.46082,-1.60002],[104.46046,-1.59899],[104.46103,-1.59872],[104.46012,-1.59791],[104.46109,-1.59807],[104.46136,-1.59784],[104.46288,-1.60198],[104.46325,-1.6023],[104.46321,-1.60116],[104.46208,-1.59791],[104.46236,-1.59709],[104.46181,-1.59682],[104.46236,-1.59655],[104.46255,-1.59601],[104.46171,-1.59546],[104.4619,-1.59493],[104.46136,-1.59558],[104.46085,-1.59519],[104.46056,-1.59275],[104.46028,-1.59319],[104.45999,-1.59275],[104.45983,-1.58895],[104.45947,-1.58865],[104.45893,-1.5869],[104.45847,-1.58705],[104.45871,-1.58624],[104.45817,-1.58624],[104.45859,-1.58569],[104.45832,-1.58515],[104.45887,-1.58461],[104.45894,-1.58411],[104.45941,-1.58515],[104.45925,-1.58542],[104.4596,-1.58569],[104.4606,-1.59004],[104.46136,-1.5915],[104.46136,-1.58962],[104.46088,-1.58922],[104.46114,-1.58895],[104.46109,-1.58772],[104.46046,-1.58678],[104.46033,-1.58542],[104.46001,-1.5857],[104.45954,-1.58515],[104.45972,-1.58406],[104.45903,-1.58244],[104.45953,-1.58162],[104.45906,-1.58054],[104.45921,-1.57965],[104.45878,-1.57972],[104.4584,-1.58133],[104.45821,-1.57999],[104.45786,-1.58062],[104.45732,-1.57945],[104.4584,-1.57902],[104.45845,-1.57864],[104.45813,-1.5789],[104.45681,-1.57619],[104.4564,-1.57592],[104.45642,-1.57538],[104.45678,-1.57515],[104.45715,-1.57565],[104.45709,-1.57511],[104.45678,-1.57346],[104.45613,-1.57266],[104.45574,-1.57104],[104.45516,-1.57134],[104.45495,-1.57212],[104.45581,-1.57321],[104.4557,-1.57519],[104.45487,-1.57456],[104.45428,-1.57321],[104.45488,-1.57266],[104.45452,-1.57158],[104.45486,-1.57022],[104.45361,-1.56859],[104.45382,-1.56835],[104.45489,-1.56884],[104.45515,-1.56859],[104.45509,-1.56778],[104.45367,-1.56588],[104.45415,-1.56561],[104.45313,-1.56344],[104.45382,-1.56305],[104.45468,-1.56371],[104.45393,-1.56262],[104.45434,-1.56235],[104.45355,-1.56244],[104.45291,-1.56208],[104.45338,-1.56126],[104.45328,-1.5607],[104.4522,-1.56003],[104.45133,-1.55991],[104.4508,-1.55584],[104.45107,-1.55502],[104.44757,-1.54281],[104.44717,-1.53955],[104.44627,-1.53828],[104.44514,-1.53792],[104.44383,-1.53439],[104.44283,-1.53005],[104.44027,-1.52191],[104.43847,-1.51404],[104.43853,-1.51322],[104.43813,-1.51268],[104.43707,-1.50372],[104.43792,-1.49585],[104.43819,-1.49457],[104.43867,-1.49395],[104.43846,-1.49232],[104.43957,-1.48662],[104.43932,-1.48608],[104.44006,-1.48337],[104.4402,-1.48147],[104.44094,-1.48011],[104.44067,-1.47957],[104.44116,-1.47888],[104.44093,-1.47821],[104.44295,-1.47224],[104.44419,-1.46627],[104.44359,-1.46632],[104.44355,-1.46546],[104.44514,-1.46084],[104.44548,-1.45841],[104.44911,-1.44809],[104.45022,-1.44673],[104.44991,-1.44565],[104.45007,-1.44544],[104.45061,-1.44605],[104.45082,-1.44578]],[[104.45486,-1.44063],[104.45498,-1.44063]],[[104.45552,-1.44035],[104.45601,-1.43706],[104.45654,-1.43547],[104.45711,-1.43018],[104.45637,-1.41552],[104.45585,-1.41064],[104.45479,-1.40846],[104.45504,-1.40684],[104.45458,-1.40412],[104.45349,-1.40114],[104.45362,-1.40059],[104.45305,-1.40042],[104.45269,-1.39951],[104.45309,-1.39788],[104.45247,-1.39761],[104.45269,-1.39679],[104.45208,-1.39625],[104.45187,-1.39516],[104.45161,-1.39136],[104.4517,-1.39073],[104.45228,-1.39055],[104.45168,-1.38919],[104.45221,-1.38784],[104.45185,-1.38757],[104.45179,-1.38689]],[[104.45574,-1.36979],[104.45589,-1.36911]],[[104.45598,-1.36843],[104.45693,-1.36477],[104.45644,-1.36341],[104.45678,-1.36314],[104.45652,-1.3626],[104.45691,-1.36233],[104.45694,-1.35669]],[[104.45519,-1.56615],[104.45489,-1.56529],[104.45463,-1.56536],[104.45484,-1.56615],[104.45519,-1.56615]],[[104.45599,-1.56886],[104.4557,-1.56871],[104.45539,-1.56805],[104.45519,-1.56886],[104.4557,-1.56913],[104.45599,-1.56886]],[[104.45847,-1.57619],[104.4584,-1.57395],[104.45798,-1.57402],[104.45791,-1.57239],[104.45732,-1.57099],[104.45784,-1.57592],[104.45813,-1.57633],[104.45847,-1.57619]],[[104.45666,-1.57728],[104.45678,-1.5768],[104.4572,-1.57782],[104.45705,-1.57811]],[[104.52147,-1.71478],[104.52471,-1.71427],[104.52581,-1.71354],[104.52491,-1.7111],[104.52232,-1.70594],[104.51994,-1.70214],[104.51327,-1.69373],[104.50144,-1.68042],[104.50152,-1.67961],[104.50036,-1.6788],[104.49872,-1.67635],[104.49861,-1.67418],[104.49802,-1.67311],[104.49748,-1.67286],[104.4969,-1.67133]],[[104.49681,-1.67119],[104.49675,-1.67106]],[[104.49573,-1.66978],[104.49451,-1.66872],[104.4929,-1.66788],[104.49224,-1.66794],[104.49209,-1.66867],[104.49128,-1.66797],[104.48939,-1.66803],[104.48929,-1.66712],[104.48966,-1.66663],[104.49021,-1.66658],[104.48993,-1.66615]],[[104.50473,-1.80323],[104.50823,-1.80592],[104.50958,-1.80657],[104.51066,-1.80671],[104.51174,-1.80649],[104.51471,-1.80506],[104.51687,-1.8027],[104.51902,-1.80267],[104.52091,-1.80179],[104.52172,-1.8009],[104.52334,-1.80061],[104.52523,-1.79893],[104.52685,-1.79887],[104.529,-1.79943],[104.52981,-1.79873],[104.53215,-1.79388],[104.53404,-1.79198],[104.53437,-1.7909],[104.53602,-1.78816],[104.53629,-1.78818],[104.53641,-1.78737],[104.53764,-1.78552],[104.53926,-1.7842],[104.54007,-1.78448],[104.54061,-1.78421],[104.54088,-1.78441],[104.54168,-1.78408],[104.54311,-1.78411],[104.54474,-1.78276],[104.54372,-1.7814],[104.54353,-1.78058],[104.54349,-1.77814],[104.54411,-1.77776],[104.54423,-1.77706],[104.54317,-1.7738],[104.54318,-1.77163],[104.54363,-1.77136],[104.54362,-1.77054],[104.54282,-1.76891],[104.54304,-1.76866],[104.54331,-1.76891],[104.54234,-1.76566],[104.54198,-1.76131],[104.54104,-1.75643],[104.53989,-1.75209],[104.53712,-1.74449],[104.53495,-1.73725],[104.53216,-1.73037],[104.53185,-1.72874],[104.53049,-1.7263],[104.53021,-1.72494],[104.52912,-1.72413],[104.52784,-1.72141],[104.52766,-1.72087],[104.528,-1.7206],[104.52768,-1.72022],[104.52741,-1.72045],[104.52714,-1.72025],[104.52673,-1.71951],[104.52363,-1.71654],[104.52174,-1.71539]],[[104.5299,-1.7206],[104.52983,-1.71873],[104.52956,-1.71819],[104.52902,-1.71815],[104.52902,-1.719],[104.5299,-1.7206]],[[104.50378,-1.80904],[104.50412,-1.80582],[104.50311,-1.80454]]]}},{"id":"130","type":"Feature","properties":{"year":2025,"certainty":"unstable data"},"geometry":{"type":"MultiLineString","coordinates":[[[104.59024,-1.86894],[104.58805,-1.86636],[104.5846,-1.86365],[104.58487,-1.86337],[104.58455,-1.86361],[104.58266,-1.86251],[104.58186,-1.86262],[104.57889,-1.86168],[104.57781,-1.86101],[104.577,-1.86102],[104.57565,-1.86043],[104.57498,-1.86065]],[[104.56122,-1.85474],[104.56131,-1.8536],[104.55974,-1.85278],[104.55942,-1.85278],[104.55839,-1.85394],[104.55758,-1.85423],[104.55596,-1.85289],[104.55542,-1.85319],[104.55381,-1.85275],[104.55286,-1.85289]],[[104.55178,-1.85324],[104.54705,-1.85536]],[[104.65373,-1.96465],[104.65106,-1.9649],[104.64927,-1.9663],[104.64621,-1.96747]]]}},{"id":"131","type":"Feature","properties":{"year":2025,"certainty":"good"},"geometry":{"type":"MultiLineString","coordinates":[[[104.48347,-1.83214],[104.4853,-1.83315],[104.48653,-1.83214],[104.48719,-1.83115],[104.48817,-1.83078],[104.48921,-1.82807],[104.49218,-1.82318],[104.49555,-1.81986],[104.49663,-1.8177],[104.50132,-1.81369],[104.50297,-1.81124],[104.5038,-1.80907]],[[104.47262,-1.85049],[104.47558,-1.85174],[104.47801,-1.85206],[104.47936,-1.85143],[104.48068,-1.85005],[104.48189,-1.84706],[104.48297,-1.84028],[104.48431,-1.83865],[104.4846,-1.83594],[104.48445,-1.83431],[104.48305,-1.83268]],[[104.46722,-1.86349],[104.46857,-1.86275],[104.47236,-1.85846],[104.47227,-1.85683],[104.47275,-1.85602],[104.47248,-1.85547],[104.47325,-1.85493],[104.47327,-1.85276],[104.47181,-1.85143]],[[104.60638,-1.96323],[104.6085,-1.9619],[104.60935,-1.95982],[104.6107,-1.95852],[104.61204,-1.95786],[104.61258,-1.95644],[104.61285,-1.95733],[104.61339,-1.95743],[104.61937,-1.95295],[104.6215,-1.94969],[104.62163,-1.94861],[104.62248,-1.94698],[104.62227,-1.94616],[104.62362,-1.94236],[104.62464,-1.94101],[104.62554,-1.94078],[104.62547,-1.94019],[104.62608,-1.93964],[104.62715,-1.93969],[104.62713,-1.93884],[104.62769,-1.9389],[104.62782,-1.93992],[104.6283,-1.93992],[104.62906,-1.93802],[104.62883,-1.93748],[104.63093,-1.93621],[104.63228,-1.93639],[104.63363,-1.93588],[104.6339,-1.93548],[104.63471,-1.93566],[104.63525,-1.93516],[104.63798,-1.93531],[104.63849,-1.93558],[104.63904,-1.93667],[104.63983,-1.93714],[104.64064,-1.93703],[104.64161,-1.9364],[104.64244,-1.93504],[104.64197,-1.93287],[104.64215,-1.92853],[104.64317,-1.92554],[104.64325,-1.9231],[104.6428,-1.92218],[104.64131,-1.92065],[104.63903,-1.91753],[104.6331,-1.91257],[104.63088,-1.9098],[104.62905,-1.9082],[104.62743,-1.90586],[104.62305,-1.90165],[104.62223,-1.90057],[104.62223,-1.89975],[104.61946,-1.89704],[104.6188,-1.89713],[104.61611,-1.89465],[104.61642,-1.89405],[104.61476,-1.89209],[104.61287,-1.89045],[104.61206,-1.89046],[104.6099,-1.8883],[104.60905,-1.88672],[104.60828,-1.88714],[104.60828,-1.88593],[104.60124,-1.87939],[104.60073,-1.87925],[104.60066,-1.87885],[104.59857,-1.87695],[104.59758,-1.87613],[104.59708,-1.87613],[104.59642,-1.87487],[104.59372,-1.87226],[104.59102,-1.87051],[104.59164,-1.86962],[104.59076,-1.86956],[104.59024,-1.86894]],[[104.57498,-1.86065],[104.57053,-1.85896],[104.56999,-1.85927],[104.56621,-1.85771],[104.56351,-1.85696],[104.5619,-1.8557],[104.56122,-1.85474]],[[104.55286,-1.85289],[104.55178,-1.85324]],[[104.54168,-1.85807],[104.54021,-1.86038],[104.53983,-1.86255],[104.54016,-1.86499],[104.54166,-1.86662],[104.54112,-1.86678],[104.54076,-1.86743],[104.53983,-1.87232],[104.53896,-1.87474],[104.53711,-1.87815]],[[104.53694,-1.87819],[104.5367,-1.87843]],[[104.53635,-1.87924],[104.53609,-1.88127],[104.53418,-1.88372],[104.53424,-1.8848],[104.53303,-1.88461],[104.53363,-1.88643],[104.5332,-1.88914],[104.53168,-1.89258],[104.52973,-1.89566],[104.52907,-1.8981],[104.52675,-1.9038],[104.52628,-1.9075],[104.52293,-1.91357],[104.52294,-1.91438],[104.52331,-1.91451],[104.52466,-1.9139],[104.52547,-1.91308],[104.52573,-1.9133],[104.52403,-1.91493],[104.52295,-1.91655],[104.52102,-1.92117],[104.5207,-1.92361],[104.52223,-1.92551]],[[104.56436,-1.85631],[104.56432,-1.85615],[104.56366,-1.85577],[104.56378,-1.85641],[104.56436,-1.85631]],[[104.47258,-1.8704],[104.47452,-1.86769],[104.47396,-1.8666],[104.47207,-1.86462],[104.46803,-1.86526]],[[104.47422,-1.88741],[104.47638,-1.88652],[104.47742,-1.8856],[104.47893,-1.88099],[104.47948,-1.87692],[104.47863,-1.87312],[104.47693,-1.87089],[104.47585,-1.87004],[104.47504,-1.86998],[104.47423,-1.87015],[104.47325,-1.87094]],[[104.46262,-1.90751],[104.46532,-1.90643],[104.46855,-1.90608],[104.47233,-1.9044],[104.47449,-1.90278],[104.47647,-1.90053],[104.47786,-1.897],[104.47865,-1.89157],[104.47806,-1.88994],[104.47746,-1.88928],[104.4753,-1.88794],[104.47449,-1.88799]],[[104.46467,-1.92604],[104.46469,-1.92332],[104.46418,-1.92129]],[[104.46373,-1.91911],[104.46365,-1.91654],[104.46529,-1.90948],[104.46424,-1.90906],[104.46289,-1.90962]],[[104.47333,-1.91138],[104.47341,-1.91107],[104.47286,-1.91111],[104.47314,-1.91147],[104.47333,-1.91138]],[[104.49702,-1.94803],[104.49605,-1.94206],[104.4961,-1.9388],[104.49675,-1.935],[104.49659,-1.93229],[104.49371,-1.92415],[104.49223,-1.92224],[104.49224,-1.9217],[104.4908,-1.91926],[104.48926,-1.91763],[104.4897,-1.91682],[104.48878,-1.91647],[104.48866,-1.91709],[104.48729,-1.91492],[104.48447,-1.91295],[104.48312,-1.91257],[104.47826,-1.91257],[104.4761,-1.91362],[104.4753,-1.91346],[104.47476,-1.91288],[104.47314,-1.9129],[104.47179,-1.91349],[104.47113,-1.91437],[104.46963,-1.91885]],[[104.46912,-1.92102],[104.46828,-1.92631]],[[104.48879,-1.91573],[104.48902,-1.91546],[104.48878,-1.91504],[104.48797,-1.91454],[104.4884,-1.91519],[104.48836,-1.91573],[104.48879,-1.91573]],[[104.52166,-1.9266],[104.52034,-1.92599],[104.51899,-1.9261],[104.51629,-1.92523],[104.51575,-1.92544],[104.51306,-1.92524],[104.51198,-1.92747],[104.50928,-1.92839],[104.50793,-1.92941],[104.50674,-1.92985],[104.50629,-1.93039],[104.50637,-1.93093],[104.50596,-1.93148],[104.50511,-1.93473],[104.50134,-1.93907],[104.50073,-1.94233],[104.50084,-1.94722]],[[104.61177,-1.98617],[104.61447,-1.98728],[104.61568,-1.9866],[104.61673,-1.9847],[104.61707,-1.98144],[104.61654,-1.97575],[104.61684,-1.97466],[104.6166,-1.9733],[104.6168,-1.97276],[104.61596,-1.97195],[104.61636,-1.9708],[104.61609,-1.97059],[104.61582,-1.97102],[104.61558,-1.97086],[104.61263,-1.96706],[104.60989,-1.96433],[104.60908,-1.96407],[104.60719,-1.96495]],[[104.64621,-1.96747],[104.64468,-1.9686],[104.64225,-1.96918],[104.63875,-1.9708],[104.63804,-1.97249],[104.63767,-1.97215],[104.63686,-1.97289],[104.63632,-1.97295],[104.63308,-1.97609],[104.6301,-1.97928],[104.62956,-1.98036],[104.62979,-1.98145],[104.63119,-1.98318]],[[104.63065,-1.98427],[104.62903,-1.98331],[104.62849,-1.98331],[104.62445,-1.9923],[104.62245,-1.99475],[104.61913,-1.998],[104.61797,-2.0],[104.61446,-2.00305],[104.61363,-2.00343],[104.61257,-2.00517],[104.60718,-2.00761],[104.60313,-2.008],[104.60251,-2.00858],[104.60294,-2.01021],[104.60232,-2.01001],[104.60111,-2.00874]],[[104.59652,-2.00819],[104.59534,-2.00844]],[[104.59519,-2.00844],[104.58964,-2.00798],[104.58735,-2.00713]],[[104.58729,-2.00709],[104.58681,-2.00685]],[[104.58169,-2.00698],[104.58145,-2.00858]],[[104.57184,-1.99837],[104.58884,-2.00218],[104.59774,-2.00205],[104.60286,-2.00135],[104.60583,-1.99997],[104.60814,-1.99773],[104.60977,-1.99556],[104.61281,-1.98959],[104.61208,-1.9885],[104.61093,-1.98769]],[[104.57849,-2.00831],[104.57885,-2.00566],[104.57566,-2.0045],[104.57238,-2.00211],[104.57103,-2.00161]]]}},{"id":"132","type":"Feature","properties":{"year":2025,"certainty":"insufficient data"},"geometry":{"type":"MultiLineString","coordinates":[[[104.54705,-1.85536],[104.54168,-1.85807]],[[104.53711,-1.87815],[104.53694,-1.87819]],[[104.5367,-1.87843],[104.53635,-1.87924]],[[104.46418,-1.92129],[104.46373,-1.91911]],[[104.46963,-1.91885],[104.46912,-1.92102]],[[104.60111,-2.00874],[104.59989,-2.00807],[104.59652,-2.00819]],[[104.59534,-2.00844],[104.59519,-2.00844]],[[104.58735,-2.00713],[104.58729,-2.00709]],[[104.58681,-2.00685],[104.5829,-2.00554],[104.58217,-2.00586],[104.58169,-2.00698]]]}}]}