{"type":"FeatureCollection","features":[{"id":"133","type":"Feature","properties":{"year":1988,"certainty":"insufficient data"},"geometry":{"type":"MultiLineString","coordinates":[[[104.51918,-1.69914],[104.51909,-1.69902]],[[104.51891,-1.6988],[104.51868,-1.69848]],[[104.51865,-1.69838],[104.51813,-1.69766]],[[104.51811,-1.69763],[104.51793,-1.69739]],[[104.51784,-1.69725],[104.51777,-1.69712]],[[104.48413,-1.64994],[104.48346,-1.64812],[104.48068,-1.64364]],[[104.4727,-1.62709],[104.47187,-1.62451],[104.47076,-1.62288],[104.46977,-1.61989],[104.46692,-1.61433]],[[104.45868,-1.58963],[104.45844,-1.58895],[104.45861,-1.58786],[104.45813,-1.58697],[104.45752,-1.58352],[104.45691,-1.58215]],[[104.44959,-1.53806],[104.44787,-1.53344]],[[104.43812,-1.49409],[104.4382,-1.49083]],[[104.44065,-1.47428],[104.44125,-1.47116],[104.44096,-1.47021]],[[104.44343,-1.46152],[104.44346,-1.46144]],[[104.44349,-1.46125],[104.44546,-1.45569],[104.44542,-1.45433],[104.4464,-1.45297],[104.44656,-1.45154],[104.44743,-1.45053],[104.44737,-1.44917],[104.44764,-1.44895],[104.44791,-1.44949],[104.44804,-1.44917],[104.44785,-1.44809],[104.44984,-1.44809],[104.449,-1.447],[104.45003,-1.44673],[104.4486,-1.44537],[104.44904,-1.44442]],[[104.44991,-1.4428],[104.44994,-1.44258]],[[104.44997,-1.44252],[104.45175,-1.43832],[104.45183,-1.43548]],[[104.45442,-1.42434],[104.45466,-1.42358],[104.45547,-1.42465],[104.45594,-1.42421],[104.45656,-1.42339],[104.45659,-1.42285],[104.4562,-1.42258],[104.45641,-1.4219]],[[104.45749,-1.41942],[104.45798,-1.41729]],[[104.45827,-1.41267],[104.45791,-1.40412],[104.45651,-1.39598],[104.45621,-1.39245],[104.45551,-1.38947],[104.4546,-1.38811],[104.45408,-1.38499]],[[104.45399,-1.38468],[104.45364,-1.37956]],[[104.45365,-1.37929],[104.4536,-1.37644],[104.45301,-1.37372],[104.45319,-1.3706]],[[104.50471,-1.80337],[104.50816,-1.80609],[104.50958,-1.80681],[104.51174,-1.80697],[104.51403,-1.80595]],[[104.51484,-1.80567],[104.51659,-1.805],[104.5174,-1.80414],[104.51821,-1.80412],[104.51875,-1.80373],[104.5201,-1.80401],[104.52064,-1.80378],[104.52078,-1.80333]],[[104.52082,-1.80324],[104.52105,-1.80308]],[[104.52132,-1.80306],[104.52172,-1.803],[104.5228,-1.80186],[104.52496,-1.80176],[104.52631,-1.80027],[104.53017,-1.8008]],[[104.53615,-1.7965],[104.53791,-1.79199],[104.53973,-1.78954],[104.54115,-1.78394],[104.54262,-1.78045]],[[104.54284,-1.78276],[104.54297,-1.78194],[104.54276,-1.78114],[104.54249,-1.78295],[104.54284,-1.78276]],[[104.50385,-1.80904],[104.50419,-1.80582],[104.50311,-1.80447]]]}},{"id":"134","type":"Feature","properties":{"year":1988,"certainty":"good"},"geometry":{"type":"MultiLineString","coordinates":[[[104.52151,-1.7149],[104.52425,-1.71408],[104.52488,-1.713],[104.52511,-1.71137],[104.52358,-1.70676],[104.52128,-1.70214],[104.51918,-1.69914]],[[104.51909,-1.69902],[104.51891,-1.6988]],[[104.51868,-1.69848],[104.51865,-1.69838]],[[104.51813,-1.69766],[104.51811,-1.69763]],[[104.51793,-1.69739],[104.51784,-1.69725]],[[104.51777,-1.69712],[104.51123,-1.68761],[104.50853,-1.68514],[104.50662,-1.68423],[104.5026,-1.68045],[104.50176,-1.68015],[104.50179,-1.67987],[104.50044,-1.67973],[104.49924,-1.67825],[104.49915,-1.67744],[104.49883,-1.67736],[104.49833,-1.67635],[104.49804,-1.67445],[104.49712,-1.6731],[104.49706,-1.67228],[104.49469,-1.66902],[104.49436,-1.66658],[104.49311,-1.66577],[104.49252,-1.66387],[104.48413,-1.64994]],[[104.48068,-1.64364],[104.47553,-1.63401],[104.4727,-1.62709]],[[104.46692,-1.61433],[104.46578,-1.61066],[104.46082,-1.59788],[104.46126,-1.59682],[104.46114,-1.59628],[104.45974,-1.59472],[104.45986,-1.59438],[104.45925,-1.59329],[104.45862,-1.59058],[104.45868,-1.58963]],[[104.45691,-1.58215],[104.45408,-1.57158],[104.45372,-1.56968],[104.45413,-1.56832],[104.45343,-1.56642],[104.45231,-1.56561],[104.45185,-1.56425],[104.45224,-1.55855],[104.45219,-1.55801],[104.45182,-1.55774],[104.45196,-1.55258],[104.45161,-1.55068],[104.45199,-1.54959],[104.45117,-1.54797],[104.45131,-1.54498],[104.45179,-1.54389],[104.4516,-1.54308],[104.45091,-1.54227],[104.44959,-1.53806]],[[104.44787,-1.53344],[104.44768,-1.53168],[104.44727,-1.53114],[104.447,-1.52978],[104.44573,-1.52817],[104.44534,-1.52652],[104.44493,-1.52598],[104.44478,-1.52544],[104.4452,-1.52408],[104.4446,-1.52137],[104.44412,-1.52079],[104.44431,-1.51947],[104.44355,-1.51865],[104.44372,-1.51811],[104.44344,-1.51729],[104.4425,-1.51721],[104.44194,-1.51621],[104.44048,-1.51567],[104.4403,-1.51431],[104.4398,-1.51349],[104.4392,-1.50969],[104.43872,-1.50861],[104.43878,-1.50725],[104.43947,-1.50671],[104.439,-1.50613],[104.43854,-1.50617],[104.43837,-1.50562],[104.43845,-1.50481],[104.439,-1.50441],[104.43906,-1.50481],[104.43954,-1.50507],[104.44007,-1.50454],[104.43954,-1.5037],[104.43927,-1.50398],[104.43868,-1.50264],[104.43805,-1.49721],[104.43812,-1.49409]],[[104.4382,-1.49083],[104.43824,-1.49015],[104.43866,-1.48961],[104.43829,-1.48771],[104.43911,-1.48011],[104.44065,-1.47428]],[[104.44096,-1.47021],[104.44343,-1.46152]],[[104.44346,-1.46144],[104.44349,-1.46125]],[[104.44904,-1.44442],[104.44991,-1.4428]],[[104.44994,-1.44258],[104.44997,-1.44252]],[[104.45183,-1.43548],[104.45183,-1.43452],[104.45137,-1.43398],[104.45185,-1.43316],[104.45168,-1.43208],[104.45199,-1.43072],[104.45162,-1.43045],[104.45198,-1.42855],[104.45164,-1.42828],[104.45223,-1.4274],[104.45285,-1.42746],[104.45287,-1.42556],[104.45342,-1.42529],[104.45358,-1.42482],[104.45412,-1.42508],[104.45442,-1.42434]],[[104.45641,-1.4219],[104.45692,-1.42149],[104.45749,-1.41942]],[[104.45798,-1.41729],[104.45827,-1.41267]],[[104.45408,-1.38499],[104.45399,-1.38468]],[[104.45364,-1.37956],[104.45365,-1.37929]],[[104.45319,-1.3706],[104.45339,-1.36938],[104.45302,-1.36857],[104.45332,-1.36651],[104.45413,-1.36415],[104.4544,-1.36429],[104.45473,-1.36368],[104.45481,-1.36341],[104.4544,-1.36313],[104.4553,-1.3626],[104.45623,-1.36097],[104.45642,-1.35669]],[[104.46384,-1.60306],[104.46379,-1.60247],[104.46325,-1.60187],[104.46294,-1.60225],[104.46312,-1.60279],[104.46352,-1.60321],[104.46384,-1.60306]],[[104.52653,-1.71029],[104.52633,-1.71001],[104.52564,-1.71001],[104.52579,-1.71034],[104.52653,-1.71029]],[[104.51403,-1.80595],[104.51484,-1.80567]],[[104.52078,-1.80333],[104.52082,-1.80324]],[[104.52105,-1.80308],[104.52132,-1.80306]],[[104.53017,-1.8008],[104.53116,-1.80082],[104.5317,-1.80052],[104.53615,-1.7965]],[[104.54262,-1.78045],[104.5429,-1.77896],[104.54268,-1.77814],[104.543,-1.7776],[104.54261,-1.77678],[104.54304,-1.77613],[104.54411,-1.77687],[104.54443,-1.77678],[104.54412,-1.77299],[104.54325,-1.77163],[104.54372,-1.77136],[104.54358,-1.77092],[104.54291,-1.77027],[104.54358,-1.77],[104.54386,-1.76729],[104.5426,-1.76267],[104.542,-1.75806],[104.54115,-1.75552],[104.53986,-1.75317],[104.54002,-1.7529],[104.53954,-1.751],[104.53603,-1.74014],[104.53541,-1.7377],[104.53572,-1.73689],[104.53525,-1.73499],[104.5342,-1.732],[104.5311,-1.72521],[104.52771,-1.71951],[104.52417,-1.71538],[104.52255,-1.71512],[104.52174,-1.71539]]]}},{"id":"135","type":"Feature","properties":{"year":1989,"certainty":"good"},"geometry":{"type":"MultiLineString","coordinates":[[[104.52158,-1.7149],[104.52427,-1.71408],[104.52487,-1.71327],[104.52525,-1.71133],[104.52639,-1.71191],[104.52646,-1.71137],[104.5259,-1.7111],[104.52577,-1.71056],[104.52633,-1.71103],[104.5267,-1.71029],[104.52536,-1.70947],[104.52472,-1.70811],[104.5239,-1.70759],[104.52067,-1.70106],[104.51678,-1.69563],[104.51536,-1.69291],[104.51155,-1.68775],[104.50829,-1.68477],[104.50526,-1.68287],[104.50233,-1.67988],[104.50152,-1.67942],[104.50036,-1.67961],[104.50035,-1.6788],[104.4991,-1.67717],[104.49937,-1.67672],[104.49859,-1.67554],[104.49829,-1.67414],[104.49765,-1.67364],[104.49786,-1.67337],[104.49741,-1.67337],[104.49748,-1.67228],[104.49666,-1.67147],[104.49668,-1.67065],[104.4964,-1.67109],[104.49501,-1.66902],[104.49458,-1.66631],[104.49328,-1.66577],[104.4929,-1.66522],[104.49263,-1.66387],[104.49319,-1.6636],[104.49263,-1.66386],[104.49211,-1.66251],[104.49148,-1.66197],[104.49105,-1.66034],[104.4902,-1.65925],[104.4902,-1.65865],[104.4896,-1.65844],[104.48841,-1.65599],[104.48669,-1.65409],[104.48643,-1.6527],[104.48616,-1.65291],[104.48535,-1.65174],[104.48535,-1.65114],[104.48508,-1.65123],[104.48441,-1.64948],[104.48367,-1.64867],[104.4827,-1.64568],[104.4822,-1.64541],[104.4793,-1.63916],[104.47942,-1.63889],[104.4791,-1.63889],[104.47861,-1.63781],[104.47807,-1.6378],[104.47753,-1.63685],[104.47755,-1.63564],[104.4766,-1.63401],[104.47597,-1.63211],[104.4743,-1.62889],[104.47376,-1.62881],[104.47395,-1.62831],[104.47304,-1.62641],[104.47263,-1.62614],[104.47206,-1.62369],[104.47091,-1.62179],[104.47052,-1.62016],[104.46967,-1.61881],[104.46839,-1.61555],[104.46847,-1.61501],[104.46796,-1.61446],[104.4681,-1.61365],[104.46777,-1.61311],[104.46637,-1.61256],[104.46634,-1.61175],[104.46594,-1.6113],[104.46537,-1.60931],[104.46564,-1.60876],[104.46484,-1.60822],[104.46487,-1.60741],[104.46459,-1.60772],[104.46436,-1.60605],[104.46339,-1.60442],[104.46345,-1.60361],[104.4639,-1.60306],[104.46379,-1.60241],[104.46324,-1.60171],[104.4634,-1.60144],[104.46276,-1.60008],[104.46244,-1.59974],[104.46183,-1.59981],[104.46153,-1.59845],[104.46192,-1.59818],[104.46163,-1.59815],[104.46129,-1.59736],[104.46125,-1.59628],[104.4606,-1.59519],[104.46036,-1.59384],[104.45947,-1.59355],[104.45909,-1.59248],[104.4592,-1.59112],[104.46006,-1.59085],[104.45974,-1.5901],[104.45863,-1.59058],[104.45898,-1.58949],[104.45958,-1.58922],[104.45957,-1.58759],[104.45912,-1.58678],[104.45819,-1.58216],[104.45732,-1.58275],[104.45715,-1.58162],[104.45673,-1.58135],[104.45679,-1.58054],[104.45646,-1.58026],[104.45716,-1.57972],[104.45705,-1.57945],[104.45651,-1.5798],[104.45624,-1.57926],[104.45508,-1.57484],[104.45449,-1.57049],[104.45467,-1.57022],[104.45435,-1.57003],[104.45418,-1.56914],[104.45426,-1.56805],[104.45193,-1.56308],[104.45193,-1.56279],[104.45249,-1.56316],[104.45255,-1.56072],[104.45211,-1.55746],[104.4522,-1.54954],[104.45152,-1.54797],[104.45149,-1.54525],[104.45193,-1.54453],[104.45351,-1.54444],[104.4518,-1.54254],[104.45166,-1.54145],[104.45113,-1.54122],[104.45086,-1.54146],[104.45061,-1.54009],[104.44807,-1.53412],[104.44697,-1.53005],[104.44573,-1.52831],[104.44531,-1.52652],[104.44487,-1.52598],[104.44508,-1.52408],[104.44459,-1.52137],[104.4441,-1.52055],[104.44433,-1.51947],[104.44361,-1.51865],[104.44331,-1.51708],[104.44304,-1.51685],[104.44223,-1.517],[104.44215,-1.51621],[104.44272,-1.51567],[104.44237,-1.51485],[104.44113,-1.51431],[104.44132,-1.51377],[104.44196,-1.51357],[104.44186,-1.51295],[104.44115,-1.51251],[104.44115,-1.51203],[104.43964,-1.51132],[104.44035,-1.5107],[104.44166,-1.51187],[104.44169,-1.51229],[104.44196,-1.51187],[104.44087,-1.51078],[104.44131,-1.51024],[104.44101,-1.50888],[104.43981,-1.50926],[104.43896,-1.50861],[104.43981,-1.50709],[104.44018,-1.50725],[104.44035,-1.50816],[104.44121,-1.50725],[104.4403,-1.50508],[104.44089,-1.50363],[104.44012,-1.50237],[104.44043,-1.5002],[104.44044,-1.49884],[104.44011,-1.49802],[104.44038,-1.49721],[104.4402,-1.49612],[104.44057,-1.49097],[104.44011,-1.48744],[104.44029,-1.48581],[104.44064,-1.48581],[104.44034,-1.48337],[104.44082,-1.47903],[104.44116,-1.47818],[104.44143,-1.47874],[104.44174,-1.47821],[104.44211,-1.47658],[104.44142,-1.47604],[104.44242,-1.47523],[104.44245,-1.47387],[104.44284,-1.4736],[104.44282,-1.47278],[104.44232,-1.47278],[104.44218,-1.47116],[104.44245,-1.47061],[104.44155,-1.47061],[104.44191,-1.46817],[104.44224,-1.46879],[104.44251,-1.46815],[104.44311,-1.4679],[104.44395,-1.466],[104.44386,-1.46554],[104.44424,-1.46546],[104.44393,-1.46519],[104.44466,-1.4603],[104.44574,-1.4584],[104.4457,-1.45759],[104.44633,-1.45731],[104.44615,-1.45704],[104.44665,-1.45623],[104.44647,-1.45596],[104.4469,-1.45569],[104.44666,-1.45542],[104.44684,-1.4546],[104.44737,-1.45429],[104.44764,-1.45452],[104.448,-1.45297],[104.44926,-1.4513],[104.4492,-1.4508],[104.45005,-1.45026],[104.44982,-1.44972],[104.45007,-1.44947],[104.45088,-1.44928],[104.4512,-1.44782],[104.45164,-1.44727],[104.45173,-1.44673],[104.45115,-1.44619],[104.45112,-1.44565],[104.4522,-1.44266],[104.45196,-1.4419],[104.45169,-1.44208],[104.45142,-1.44175],[104.45165,-1.44212],[104.45115,-1.44248],[104.45066,-1.44239],[104.45065,-1.44212],[104.45088,-1.44098],[104.45115,-1.44157],[104.45169,-1.44119],[104.45223,-1.44155],[104.45304,-1.43888],[104.45331,-1.43939],[104.45302,-1.43805],[104.45345,-1.4375],[104.45288,-1.43615],[104.45308,-1.43506],[104.45202,-1.43398],[104.45223,-1.43266],[104.4525,-1.43292],[104.45318,-1.43235],[104.4525,-1.43283],[104.45226,-1.43262],[104.45265,-1.43018],[104.45332,-1.42882],[104.45385,-1.4257],[104.45429,-1.42611],[104.45412,-1.42666],[104.45466,-1.42652],[104.45466,-1.42611],[104.4552,-1.42579],[104.45561,-1.42692],[104.45692,-1.42746],[104.45666,-1.42665],[104.45699,-1.42502],[104.45734,-1.42475],[104.45756,-1.42122],[104.45843,-1.41579],[104.45857,-1.41091],[104.45761,-1.40222],[104.45616,-1.39327],[104.45526,-1.38947],[104.45433,-1.38702],[104.45321,-1.37291],[104.45332,-1.3719],[104.45379,-1.37182],[104.45324,-1.37074],[104.45346,-1.36938],[104.45322,-1.36857],[104.45401,-1.36802],[104.45376,-1.36748],[104.45436,-1.36477],[104.45566,-1.36287],[104.45575,-1.36219],[104.45642,-1.36178],[104.45662,-1.35988],[104.45626,-1.35934],[104.45658,-1.35669]],[[104.50471,-1.80337],[104.50908,-1.80663],[104.51147,-1.80703],[104.51633,-1.80516],[104.5174,-1.80413],[104.51875,-1.80373],[104.5201,-1.80401],[104.52064,-1.80376],[104.52088,-1.80311],[104.52172,-1.803],[104.5228,-1.80186],[104.52491,-1.80175],[104.52631,-1.80027],[104.53089,-1.80086],[104.5317,-1.80048],[104.5359,-1.79687],[104.53868,-1.79225],[104.54098,-1.78927],[104.54195,-1.78683],[104.54164,-1.78493],[104.54303,-1.78239],[104.54331,-1.78248],[104.54303,-1.78194],[104.54357,-1.7796],[104.54272,-1.77977],[104.54351,-1.77896],[104.54364,-1.77787],[104.5433,-1.7775],[104.54411,-1.77748],[104.54467,-1.77679],[104.54431,-1.7757],[104.54445,-1.77407],[104.54357,-1.7719],[104.54385,-1.77153],[104.54438,-1.77193],[104.54466,-1.77136],[104.5444,-1.76946],[104.54286,-1.76376],[104.54201,-1.75806],[104.54115,-1.75507],[104.53995,-1.75317],[104.54011,-1.75263],[104.53603,-1.73987],[104.53556,-1.7377],[104.53576,-1.73551],[104.53109,-1.72521],[104.52745,-1.71924],[104.52417,-1.71534],[104.52255,-1.71513],[104.5218,-1.71544]],[[104.54283,-1.78547],[104.54303,-1.78503],[104.5433,-1.78522],[104.54357,-1.78507],[104.54387,-1.78438],[104.5433,-1.78509],[104.5433,-1.78335],[104.54268,-1.78466],[104.54283,-1.78547]],[[104.54365,-1.78656],[104.54411,-1.78608],[104.54411,-1.78586],[104.54351,-1.78656],[104.54365,-1.78656]],[[104.50396,-1.80904],[104.50419,-1.80582],[104.50311,-1.80447]]]}},{"id":"136","type":"Feature","properties":{"year":1990,"certainty":"good"},"geometry":{"type":"MultiLineString","coordinates":[[[104.52158,-1.7149],[104.52424,-1.71408],[104.52473,-1.71354],[104.52498,-1.71145],[104.5255,-1.71137],[104.52639,-1.71191],[104.52643,-1.71137],[104.5259,-1.7111],[104.52577,-1.71056],[104.52633,-1.71098],[104.52639,-1.71056],[104.52536,-1.70947],[104.52444,-1.7077],[104.52381,-1.7073],[104.52094,-1.70161],[104.51533,-1.69291],[104.51194,-1.6883],[104.5084,-1.68477],[104.50455,-1.68205],[104.50287,-1.68022],[104.50174,-1.67961],[104.50044,-1.67976],[104.49971,-1.67825],[104.49928,-1.67798],[104.49925,-1.67744],[104.49853,-1.6769],[104.49818,-1.67445],[104.49662,-1.67174],[104.49673,-1.67065],[104.49521,-1.66794],[104.49426,-1.66522],[104.4929,-1.66246],[104.48958,-1.65762],[104.48922,-1.65681],[104.48939,-1.65627],[104.48556,-1.65138],[104.48408,-1.64867],[104.48151,-1.64351],[104.4811,-1.64188],[104.47834,-1.63618],[104.47834,-1.63564],[104.47773,-1.63482],[104.47753,-1.63376],[104.47503,-1.63021],[104.47332,-1.62668],[104.4716,-1.62234],[104.46951,-1.61826],[104.46944,-1.61677],[104.46855,-1.61555],[104.46801,-1.61338],[104.46635,-1.61094],[104.46621,-1.60985],[104.46539,-1.60822],[104.46459,-1.60394],[104.46335,-1.60116],[104.46325,-1.60008],[104.46258,-1.59926],[104.46242,-1.59818],[104.46153,-1.59655],[104.4602,-1.59112],[104.45957,-1.58976],[104.45953,-1.58732],[104.45819,-1.58216],[104.45639,-1.58026],[104.45705,-1.58012],[104.4573,-1.57945],[104.45624,-1.5791],[104.45534,-1.57728],[104.45509,-1.57511],[104.45462,-1.57461],[104.45462,-1.57402],[104.45556,-1.57348],[104.4556,-1.57239],[104.45467,-1.56995],[104.45474,-1.56805],[104.45355,-1.56609],[104.45305,-1.56588],[104.45252,-1.56425],[104.4522,-1.56479],[104.45168,-1.56425],[104.45172,-1.56235],[104.45193,-1.56204],[104.4522,-1.56246],[104.45244,-1.56235],[104.4527,-1.56045],[104.45207,-1.55774],[104.45235,-1.55692],[104.45222,-1.55529],[104.45178,-1.55475],[104.45228,-1.55367],[104.45206,-1.55231],[104.45247,-1.55225],[104.45278,-1.55177],[104.45301,-1.54963],[104.45335,-1.54932],[104.45307,-1.54905],[104.45328,-1.54804],[104.4528,-1.54742],[104.45302,-1.54688],[104.45254,-1.54634],[104.45306,-1.54525],[104.45267,-1.54471],[104.4536,-1.54444],[104.45307,-1.54389],[104.4533,-1.54362],[104.45187,-1.54227],[104.45195,-1.54172],[104.4514,-1.54076],[104.45113,-1.54099],[104.45086,-1.54074],[104.45075,-1.54009],[104.45022,-1.53955],[104.44917,-1.53657],[104.44843,-1.53535],[104.44674,-1.52978],[104.44571,-1.52842],[104.44466,-1.52579],[104.44503,-1.52408],[104.44415,-1.52055],[104.44421,-1.51919],[104.44351,-1.51865],[104.44363,-1.51784],[104.44312,-1.51621],[104.44276,-1.51594],[104.44277,-1.51491],[104.44203,-1.51404],[104.44224,-1.51349],[104.44192,-1.51268],[104.44224,-1.51214],[104.4415,-1.51132],[104.44127,-1.50969],[104.44149,-1.50942],[104.44098,-1.50915],[104.44074,-1.50834],[104.44125,-1.50725],[104.44095,-1.50671],[104.44155,-1.50617],[104.4403,-1.50508],[104.44092,-1.50345],[104.44068,-1.50264],[104.44024,-1.50237],[104.44088,-1.50074],[104.4405,-1.5002],[104.44027,-1.49748],[104.44062,-1.49667],[104.44035,-1.49422],[104.44061,-1.48961],[104.44017,-1.48907],[104.44063,-1.48717],[104.44044,-1.48337],[104.44069,-1.48228],[104.44041,-1.48201],[104.44109,-1.48011],[104.44091,-1.47957],[104.44197,-1.4776],[104.44214,-1.47658],[104.44165,-1.47577],[104.44244,-1.47523],[104.44289,-1.4736],[104.44322,-1.47116],[104.44264,-1.47116],[104.44314,-1.46844],[104.44342,-1.46844],[104.44386,-1.46961],[104.44386,-1.46844],[104.44442,-1.46708],[104.44434,-1.46491],[104.44526,-1.46464],[104.4444,-1.46439],[104.44477,-1.4641],[104.44436,-1.46329],[104.44526,-1.46247],[104.44544,-1.46166],[104.44491,-1.46139],[104.44535,-1.46111],[104.44517,-1.46057],[104.44554,-1.4603],[104.44533,-1.46003],[104.44575,-1.459],[104.44629,-1.45885],[104.44656,-1.45936],[104.44672,-1.45921],[104.44663,-1.45867],[104.44603,-1.45813],[104.44608,-1.45759],[104.44649,-1.4565],[104.44746,-1.45596],[104.44719,-1.45569],[104.44727,-1.4546],[104.44764,-1.45452],[104.44808,-1.45297],[104.44897,-1.45216],[104.44886,-1.45189],[104.44926,-1.45166],[104.44959,-1.4508],[104.45034,-1.45036],[104.44999,-1.44972],[104.45114,-1.4489],[104.4512,-1.44782],[104.45173,-1.44673],[104.45124,-1.44619],[104.45151,-1.44456],[104.452,-1.4432],[104.45281,-1.44239],[104.45277,-1.44159],[104.45304,-1.44188],[104.45317,-1.44158],[104.4529,-1.4413],[104.45349,-1.4394],[104.45302,-1.43805],[104.45352,-1.4375],[104.45313,-1.43615],[104.45338,-1.43235],[104.4525,-1.43233],[104.45212,-1.4318],[104.45242,-1.43126],[104.45218,-1.4299],[104.45269,-1.4299],[104.45258,-1.43045],[104.45358,-1.43128],[104.45391,-1.43099],[104.45359,-1.43072],[104.45359,-1.4299],[104.45319,-1.42963],[104.45359,-1.42855],[104.45169,-1.4284],[104.45169,-1.42806],[104.45223,-1.4274],[104.45253,-1.42746],[104.45229,-1.428],[104.45275,-1.428],[104.45321,-1.42665],[104.45287,-1.42556],[104.45342,-1.42529],[104.45358,-1.42482],[104.45399,-1.42502],[104.45412,-1.42677],[104.45493,-1.42722],[104.45494,-1.42638],[104.4552,-1.42627],[104.45574,-1.42709],[104.45682,-1.42761],[104.4571,-1.42746],[104.45695,-1.42421],[104.45736,-1.42312],[104.45827,-1.41688],[104.45844,-1.40955],[104.45621,-1.39408],[104.45404,-1.38594],[104.45346,-1.37562],[104.45295,-1.3721],[104.45327,-1.36965],[104.453,-1.36775],[104.45383,-1.36395],[104.45413,-1.36352],[104.45467,-1.36344],[104.45416,-1.36314],[104.45467,-1.36288],[104.45494,-1.36227],[104.45521,-1.36258],[104.45548,-1.36241],[104.45642,-1.36097],[104.45608,-1.35934],[104.45625,-1.35669]],[[104.45196,-1.42945],[104.45178,-1.42936],[104.45196,-1.42878],[104.45227,-1.42909],[104.45196,-1.42945]],[[104.45604,-1.42936],[104.45603,-1.42882],[104.45574,-1.42879],[104.45596,-1.42936],[104.45604,-1.42936]],[[104.45503,-1.42936],[104.45466,-1.42933],[104.45439,-1.42889],[104.45466,-1.42942],[104.45503,-1.42936]],[[104.45416,-1.43208],[104.45452,-1.43126],[104.45439,-1.43062],[104.454,-1.43153],[104.45416,-1.43208]],[[104.45389,-1.55909],[104.4536,-1.55774],[104.45382,-1.55624],[104.45328,-1.5533],[104.45274,-1.5525],[104.45299,-1.55475],[104.4526,-1.55557],[104.45349,-1.55747],[104.45382,-1.55932],[104.45389,-1.55909]],[[104.49913,-1.67662],[104.49883,-1.67635],[104.49883,-1.67585],[104.49858,-1.67608],[104.4991,-1.67683],[104.49913,-1.67662]],[[104.50648,-1.80469],[104.50931,-1.80676],[104.51147,-1.80705],[104.51633,-1.80514],[104.5174,-1.80412],[104.51875,-1.80372],[104.5201,-1.80402],[104.52064,-1.80373],[104.52086,-1.80311],[104.52172,-1.80298],[104.5228,-1.80185],[104.52469,-1.80187],[104.52631,-1.80025],[104.53008,-1.8008],[104.53143,-1.80056],[104.53575,-1.7968],[104.54087,-1.78936],[104.54099,-1.78845],[104.54195,-1.78683],[104.54153,-1.78655],[104.5418,-1.78628],[104.54163,-1.78411],[104.54249,-1.78095],[104.54269,-1.78113],[104.542,-1.78357],[104.54222,-1.78382],[104.54303,-1.78255],[104.54337,-1.78248],[104.54303,-1.78167],[104.54357,-1.7793],[104.54303,-1.77999],[104.54267,-1.77977],[104.54303,-1.77873],[104.5433,-1.77876],[104.54364,-1.77814],[104.54318,-1.77733],[104.54384,-1.77663],[104.54398,-1.77841],[104.54434,-1.77896],[104.54404,-1.77923],[104.54411,-1.77985],[104.54447,-1.77896],[104.54502,-1.77868],[104.5452,-1.77733],[104.54483,-1.77679],[104.54492,-1.77623],[104.54433,-1.7757],[104.54446,-1.77407],[104.54411,-1.77271],[104.54356,-1.77217],[104.54385,-1.77158],[104.54446,-1.7719],[104.54466,-1.77081],[104.54274,-1.76349],[104.54213,-1.75779],[104.54142,-1.75499],[104.53999,-1.75317],[104.54029,-1.7529],[104.5363,-1.74137],[104.53519,-1.73716],[104.53576,-1.73551],[104.53253,-1.72899],[104.53115,-1.72549],[104.52767,-1.71979],[104.52417,-1.71534],[104.52199,-1.71544]],[[104.54276,-1.78105],[104.5427,-1.78031],[104.54303,-1.78015],[104.54301,-1.78086],[104.54276,-1.78105]],[[104.5428,-1.78547],[104.54279,-1.78493],[104.54327,-1.78438],[104.5433,-1.78331],[104.54268,-1.78466],[104.5428,-1.78547]],[[104.54335,-1.78683],[104.54418,-1.78601],[104.54384,-1.78425],[104.54325,-1.7852],[104.54384,-1.78533],[104.54409,-1.78574],[104.543,-1.78683],[104.54335,-1.78683]],[[104.50399,-1.80904],[104.50423,-1.80609],[104.50392,-1.80532],[104.50311,-1.80458]]]}},{"id":"137","type":"Feature","properties":{"year":1990,"certainty":"unstable data"},"geometry":{"type":"LineString","coordinates":[[104.50473,-1.80328],[104.50648,-1.80469]]}},{"id":"138","type":"Feature","properties":{"year":1991,"certainty":"insufficient data"},"geometry":{"type":"MultiLineString","coordinates":[[[104.52161,-1.7149],[104.5239,-1.71427],[104.52453,-1.71381],[104.52525,-1.713],[104.52525,-1.71266],[104.52487,-1.71273],[104.52552,-1.71138],[104.52633,-1.712],[104.52673,-1.71164],[104.52695,-1.7111],[104.52667,-1.71056],[104.52687,-1.71034],[104.52726,-1.71056],[104.52715,-1.71029],[104.52633,-1.71042],[104.52592,-1.71012]],[[104.52498,-1.70798],[104.52471,-1.70725],[104.52431,-1.7073],[104.52436,-1.70649],[104.52302,-1.70486],[104.52309,-1.70459],[104.52272,-1.70445]],[[104.52269,-1.70442],[104.52249,-1.70418]],[[104.47237,-1.62464],[104.47227,-1.62446]],[[104.47217,-1.62437],[104.46957,-1.61826],[104.46941,-1.61677]],[[104.46829,-1.61351],[104.46783,-1.6128],[104.46702,-1.61291],[104.46623,-1.61256],[104.46653,-1.61229],[104.46638,-1.61175],[104.46597,-1.61148],[104.46592,-1.61066],[104.4656,-1.61039],[104.46589,-1.60876],[104.46495,-1.60741],[104.46462,-1.60605],[104.46385,-1.60578],[104.4642,-1.60496],[104.46472,-1.60496],[104.46439,-1.60524],[104.46459,-1.60544],[104.46496,-1.60496],[104.46471,-1.60469],[104.4649,-1.60429]],[[104.46148,-1.5937],[104.46109,-1.59308],[104.46055,-1.59293],[104.4602,-1.59329],[104.45995,-1.59221],[104.46028,-1.59189],[104.46001,-1.59155],[104.45947,-1.5918],[104.45901,-1.59058],[104.4592,-1.59008],[104.45949,-1.59031],[104.45899,-1.58976],[104.45945,-1.58895],[104.45904,-1.58868],[104.45962,-1.58841],[104.45897,-1.58814],[104.4592,-1.58787],[104.46055,-1.58842],[104.46018,-1.58746]],[[104.46015,-1.58742],[104.46004,-1.58719]],[[104.45907,-1.58197],[104.45867,-1.581],[104.45852,-1.58162],[104.45813,-1.58157],[104.45759,-1.58247],[104.45712,-1.58189],[104.45712,-1.58135],[104.45761,-1.58081],[104.45736,-1.57999],[104.45772,-1.57945],[104.45697,-1.57918],[104.45677,-1.57836],[104.45635,-1.57809],[104.4565,-1.57755],[104.45564,-1.57701],[104.45612,-1.57674],[104.45604,-1.57565],[104.45559,-1.57538],[104.45543,-1.5747],[104.45488,-1.57456],[104.45485,-1.57402],[104.4557,-1.57357],[104.45598,-1.5728]],[[104.45341,-1.56339],[104.45332,-1.5633]],[[104.45322,-1.5633],[104.45224,-1.56425],[104.45221,-1.56479],[104.45166,-1.56453],[104.45166,-1.56212],[104.45193,-1.56195],[104.4522,-1.56242],[104.45287,-1.56186]],[[104.52606,-1.71125],[104.52579,-1.71088],[104.52579,-1.71053],[104.52613,-1.71083],[104.52606,-1.71125]],[[104.53799,-1.74598],[104.5363,-1.74118],[104.5363,-1.74081],[104.53686,-1.74096],[104.53636,-1.73987],[104.53654,-1.73906],[104.53685,-1.73906],[104.53618,-1.73824],[104.53632,-1.7377],[104.53591,-1.73743],[104.53553,-1.73539]],[[104.53318,-1.72996],[104.53121,-1.72549],[104.5266,-1.71812],[104.52434,-1.71544],[104.52201,-1.71553]]]}},{"id":"139","type":"Feature","properties":{"year":1991,"certainty":"unstable data"},"geometry":{"type":"LineString","coordinates":[[104.50096,-1.67947],[104.50044,-1.67982],[104.50035,-1.67947]]}},{"id":"140","type":"Feature","properties":{"year":1991,"certainty":"good"},"geometry":{"type":"MultiLineString","coordinates":[[[104.52592,-1.71012],[104.52539,-1.70947],[104.52552,-1.70866],[104.52498,-1.70798]],[[104.52272,-1.70445],[104.52269,-1.70442]],[[104.52249,-1.70418],[104.52228,-1.70376],[104.52202,-1.70388],[104.52094,-1.70089],[104.52067,-1.70088],[104.52013,-1.69967],[104.51961,-1.69943],[104.51959,-1.69861],[104.51878,-1.69792],[104.51716,-1.69473],[104.51662,-1.69402],[104.51635,-1.69409],[104.51501,-1.69136],[104.51312,-1.68898],[104.51231,-1.68869],[104.51217,-1.68776],[104.51042,-1.68526],[104.50711,-1.68124],[104.50644,-1.67988],[104.50557,-1.67929],[104.50638,-1.68105],[104.50818,-1.6826],[104.50773,-1.68302],[104.5081,-1.68341],[104.508,-1.68379],[104.50633,-1.68205],[104.50384,-1.68043],[104.50331,-1.67961],[104.50341,-1.67915],[104.50206,-1.6791],[104.50096,-1.67947]],[[104.50035,-1.67947],[104.50066,-1.67825],[104.50048,-1.67744],[104.49897,-1.67554],[104.49722,-1.67147],[104.4963,-1.67011],[104.49613,-1.66921],[104.49521,-1.66794],[104.49317,-1.66267],[104.49118,-1.65979],[104.49157,-1.65952],[104.49047,-1.65814],[104.4902,-1.65816],[104.48969,-1.65654],[104.48643,-1.65201],[104.48556,-1.65138],[104.48571,-1.65084],[104.48406,-1.64867],[104.48161,-1.64242],[104.48008,-1.63971],[104.48023,-1.63932],[104.47773,-1.63482],[104.47758,-1.63374],[104.47642,-1.63238],[104.47237,-1.62464]],[[104.47227,-1.62446],[104.47217,-1.62437]],[[104.46941,-1.61677],[104.46909,-1.61636],[104.46928,-1.61609],[104.46903,-1.61528],[104.46848,-1.61501],[104.46829,-1.61351]],[[104.4649,-1.60429],[104.46395,-1.60279],[104.46342,-1.60116],[104.46355,-1.60008],[104.46252,-1.59818],[104.46237,-1.59682],[104.4613,-1.59438],[104.46163,-1.59434],[104.46148,-1.5937]],[[104.46018,-1.58746],[104.46015,-1.58742]],[[104.46004,-1.58719],[104.46003,-1.58624],[104.45964,-1.58542],[104.45959,-1.58298],[104.45907,-1.58197]],[[104.45598,-1.5728],[104.45597,-1.57122],[104.4557,-1.57068],[104.45505,-1.57049],[104.45522,-1.56914],[104.45489,-1.5675],[104.45458,-1.56724],[104.45464,-1.56642],[104.45389,-1.56615],[104.45491,-1.56452],[104.45436,-1.56457],[104.45341,-1.56339]],[[104.45332,-1.5633],[104.45322,-1.5633]],[[104.45287,-1.56186],[104.45355,-1.56182],[104.45382,-1.56216],[104.45452,-1.56181],[104.45339,-1.56045],[104.45382,-1.55952],[104.45384,-1.55855],[104.45354,-1.55801],[104.45383,-1.55638],[104.45356,-1.55584],[104.45394,-1.55448],[104.45344,-1.55421],[104.45343,-1.55339],[104.45296,-1.55285],[104.45382,-1.55258],[104.45322,-1.55122],[104.45361,-1.55095],[104.45315,-1.55014],[104.45355,-1.54945],[104.45307,-1.54905],[104.45335,-1.54851],[104.45274,-1.54797],[104.45309,-1.54769],[104.45254,-1.54661],[104.4525,-1.54607],[104.4529,-1.54552],[104.45274,-1.5453],[104.45247,-1.5457],[104.45223,-1.54552],[104.45242,-1.54498],[104.4522,-1.54469],[104.45247,-1.54426],[104.45307,-1.54444],[104.45293,-1.54389],[104.45328,-1.54362],[104.45171,-1.54227],[104.45198,-1.54172],[104.4514,-1.54079],[104.45086,-1.54154],[104.45053,-1.54118],[104.45092,-1.54091],[104.45005,-1.53869],[104.44957,-1.53847],[104.44684,-1.53032],[104.44569,-1.52842],[104.44466,-1.52584],[104.44497,-1.52408],[104.44412,-1.52055],[104.44414,-1.51919],[104.44353,-1.51865],[104.44361,-1.51784],[104.44304,-1.51561],[104.4425,-1.5146],[104.4419,-1.51431],[104.4425,-1.5138],[104.44304,-1.51378],[104.44264,-1.51268],[104.44292,-1.51214],[104.44277,-1.5117],[104.44223,-1.51207],[104.4415,-1.51132],[104.44134,-1.50969],[104.44178,-1.50888],[104.44169,-1.50826],[104.4413,-1.50915],[104.44058,-1.50888],[104.44045,-1.50752],[104.44062,-1.50723],[104.44116,-1.50848],[104.4414,-1.50834],[104.44124,-1.50807],[104.44172,-1.5078],[104.44146,-1.50752],[104.44182,-1.50671],[104.44119,-1.50535],[104.44091,-1.50074],[104.4405,-1.5002],[104.4402,-1.49612],[104.44051,-1.49151],[104.44092,-1.4907],[104.44044,-1.4888],[104.44072,-1.48147],[104.44131,-1.47957],[104.44199,-1.47875],[104.44187,-1.47821],[104.44275,-1.47577],[104.44263,-1.47468],[104.44309,-1.47414],[104.44324,-1.4717],[104.44364,-1.47143],[104.44347,-1.47088],[104.44418,-1.46953],[104.44435,-1.4679],[104.44495,-1.46709],[104.44529,-1.46491],[104.44579,-1.46383],[104.44559,-1.46193],[104.44694,-1.45894],[104.44659,-1.4584],[104.44747,-1.45704],[104.44728,-1.45542],[104.44764,-1.45469],[104.44769,-1.45514],[104.44819,-1.45514],[104.44769,-1.4546],[104.44773,-1.45379],[104.44847,-1.45297],[104.44881,-1.45162],[104.44981,-1.44999],[104.44955,-1.44782],[104.44908,-1.44754],[104.44953,-1.447],[104.44949,-1.44592],[104.44831,-1.4451],[104.44872,-1.44491],[104.44899,-1.44519],[104.44926,-1.44485],[104.44974,-1.44537],[104.44965,-1.44619],[104.45088,-1.44724],[104.45074,-1.44619],[104.45134,-1.44402],[104.45172,-1.44402],[104.45189,-1.44293],[104.45226,-1.44266],[104.45305,-1.44049],[104.45287,-1.43805],[104.45342,-1.43723],[104.45308,-1.43615],[104.4533,-1.4337],[104.45299,-1.43343],[104.45332,-1.43235],[104.4526,-1.43126],[104.45304,-1.43091],[104.45331,-1.43119],[104.45369,-1.43072],[104.45299,-1.42936],[104.4536,-1.42855],[104.45304,-1.42853],[104.45288,-1.428],[104.45331,-1.42809],[104.45331,-1.4273],[104.45412,-1.42801],[104.45466,-1.42727],[104.45536,-1.42719],[104.4552,-1.42637],[104.45628,-1.42725],[104.45703,-1.42746],[104.45709,-1.42611],[104.45666,-1.42583],[104.4573,-1.42475],[104.45741,-1.42176],[104.45851,-1.41579],[104.45847,-1.41118],[104.45791,-1.40602],[104.45742,-1.40494],[104.45723,-1.40168],[104.45602,-1.39357],[104.45474,-1.38974],[104.45403,-1.38567],[104.45423,-1.38512],[104.45307,-1.37264],[104.45386,-1.37169],[104.45426,-1.3702],[104.45413,-1.36941],[104.45363,-1.36938],[104.45326,-1.36857],[104.45332,-1.36699],[104.45359,-1.36697],[104.45359,-1.3664],[104.45427,-1.3664],[104.45413,-1.36813],[104.4544,-1.3673],[104.45494,-1.36757],[104.45488,-1.36667],[104.45548,-1.36666],[104.45548,-1.36586],[104.45575,-1.3656],[104.45602,-1.36616],[104.45615,-1.36585],[104.45672,-1.35669]],[[104.44196,-1.51247],[104.44223,-1.51246],[104.44265,-1.51322],[104.44223,-1.51396],[104.44205,-1.51349]],[[104.45457,-1.56262],[104.4549,-1.56237],[104.4549,-1.56198],[104.454,-1.56262],[104.45457,-1.56262]],[[104.50473,-1.80337],[104.50904,-1.80664],[104.51066,-1.80712],[104.51174,-1.807],[104.51633,-1.80509],[104.5174,-1.80397],[104.51794,-1.80407],[104.51875,-1.80363],[104.5201,-1.804],[104.52077,-1.80311],[104.52172,-1.80294],[104.5228,-1.8018],[104.52469,-1.80177],[104.5255,-1.80071],[104.52631,-1.8002],[104.53008,-1.80071],[104.53143,-1.80044],[104.53609,-1.79632],[104.53878,-1.79171],[104.54052,-1.78954],[104.54032,-1.78927],[104.5406,-1.78843],[104.54141,-1.7882],[104.54141,-1.78753],[104.54185,-1.78683],[104.54139,-1.78655],[104.54168,-1.78584],[104.54196,-1.78601],[104.54184,-1.78466],[104.543,-1.78248],[104.54343,-1.78221],[104.54357,-1.78013],[104.54387,-1.78031],[104.54381,-1.78086],[104.54465,-1.78105],[104.54485,-1.78086],[104.54446,-1.78058],[104.54546,-1.77997],[104.54493,-1.78058],[104.54574,-1.78167],[104.54557,-1.78113],[104.54579,-1.78086],[104.54527,-1.78086],[104.54603,-1.78004],[104.54454,-1.77733],[104.54465,-1.7769],[104.54509,-1.77733],[104.54544,-1.77733],[104.54486,-1.77679],[104.54534,-1.77597],[104.54472,-1.77434],[104.54501,-1.77271],[104.54474,-1.77244],[104.54415,-1.76837],[104.54285,-1.76349],[104.54253,-1.75887],[104.54215,-1.75806],[104.54223,-1.75579],[104.54019,-1.75181],[104.53799,-1.74598]],[[104.53553,-1.73539],[104.53318,-1.72996]],[[104.54446,-1.78194],[104.54417,-1.78167],[104.54477,-1.7814],[104.54438,-1.78119],[104.54407,-1.78167],[104.54438,-1.78221],[104.54446,-1.78194]],[[104.54285,-1.7852],[104.54337,-1.78411],[104.5433,-1.78333],[104.54237,-1.78493],[104.54249,-1.78532],[104.54285,-1.7852]],[[104.54392,-1.78547],[104.54441,-1.78466],[104.54392,-1.78466],[104.54411,-1.7837],[104.54344,-1.78493],[104.54384,-1.78572],[104.54392,-1.78547]],[[104.5442,-1.7871],[104.54448,-1.78683],[104.54413,-1.78656],[104.54438,-1.78601],[104.54384,-1.78575],[104.54342,-1.78628],[104.54357,-1.78666],[104.54411,-1.78664],[104.54411,-1.78729],[104.5442,-1.7871]],[[104.54304,-1.7871],[104.54327,-1.78683],[104.54303,-1.78634],[104.54276,-1.78729],[104.54304,-1.7871]],[[104.54234,-1.78818],[104.5426,-1.78791],[104.54249,-1.78755],[104.54222,-1.78829],[104.54234,-1.78818]],[[104.50397,-1.80904],[104.50422,-1.80582],[104.50311,-1.80455]]]}},{"id":"141","type":"Feature","properties":{"year":1992,"certainty":"good"},"geometry":{"type":"MultiLineString","coordinates":[[[104.52147,-1.7149],[104.5239,-1.7143],[104.52457,-1.71381],[104.52741,-1.7111],[104.52763,-1.71001],[104.52687,-1.70951],[104.5266,-1.70985],[104.52587,-1.7092],[104.52229,-1.7032],[104.52202,-1.70388],[104.52143,-1.70268],[104.52172,-1.70187],[104.52122,-1.6997],[104.51976,-1.69807],[104.51992,-1.6978],[104.51797,-1.6959],[104.51688,-1.694],[104.51573,-1.69346],[104.51547,-1.69264],[104.51581,-1.69265],[104.51584,-1.69237],[104.51395,-1.68966],[104.51339,-1.68939],[104.51312,-1.68971],[104.51258,-1.68956],[104.51236,-1.68911],[104.51288,-1.6883],[104.51177,-1.68698],[104.51133,-1.68694],[104.51096,-1.68629],[104.51042,-1.68605],[104.50926,-1.68395],[104.50746,-1.68205],[104.50771,-1.6826],[104.50746,-1.6831],[104.50624,-1.68291]],[[104.50612,-1.68273],[104.50603,-1.68273]],[[104.50472,-1.68273],[104.50163,-1.68002]],[[104.50193,-1.67983],[104.50247,-1.67975]],[[104.50274,-1.67967],[104.50285,-1.67947]],[[104.50058,-1.67968],[104.50028,-1.67947]],[[104.49638,-1.67025],[104.49561,-1.66794],[104.49523,-1.66767],[104.49559,-1.66698],[104.49532,-1.66673],[104.49476,-1.66685],[104.49336,-1.66414],[104.49271,-1.66359],[104.4918,-1.66142],[104.49183,-1.66061],[104.49155,-1.66073],[104.49114,-1.66034],[104.49161,-1.66007],[104.4902,-1.6586],[104.49024,-1.65789],[104.48993,-1.65798],[104.48893,-1.65518],[104.48777,-1.65408],[104.48751,-1.65274],[104.48556,-1.65029],[104.48423,-1.64717]],[[104.48414,-1.64705],[104.48408,-1.6469]],[[104.48171,-1.64249],[104.48104,-1.64135],[104.47996,-1.64137],[104.47983,-1.64106],[104.4805,-1.64094],[104.48104,-1.64132],[104.48111,-1.64107],[104.48019,-1.63971],[104.48023,-1.63915],[104.47901,-1.63727],[104.47882,-1.63645],[104.47735,-1.63455],[104.47677,-1.63292],[104.47618,-1.63254],[104.47335,-1.62559],[104.47295,-1.62527],[104.47268,-1.62548],[104.47201,-1.62459]],[[104.46723,-1.61596],[104.46675,-1.61357],[104.46756,-1.61357],[104.46811,-1.61311],[104.4679,-1.61284],[104.46814,-1.61256],[104.46776,-1.61229],[104.46795,-1.61202],[104.46711,-1.61148],[104.4675,-1.61121],[104.46711,-1.61066],[104.46732,-1.61012],[104.46665,-1.60958],[104.46637,-1.60795],[104.46594,-1.60728],[104.46566,-1.60741],[104.46567,-1.60666],[104.46598,-1.60686],[104.46521,-1.60551],[104.4651,-1.60415],[104.46432,-1.60401],[104.46298,-1.60491],[104.46271,-1.6039],[104.4633,-1.60415],[104.4629,-1.60388],[104.46289,-1.60306],[104.46232,-1.60225],[104.46254,-1.60144],[104.46212,-1.60116],[104.46241,-1.60089],[104.46209,-1.60062],[104.4619,-1.5992],[104.46082,-1.59946],[104.46049,-1.59899],[104.46071,-1.59818],[104.46043,-1.59736],[104.46092,-1.59628],[104.46055,-1.59585],[104.46028,-1.596],[104.46001,-1.59549],[104.45913,-1.59221],[104.4592,-1.59192],[104.45982,-1.59194],[104.45941,-1.59166],[104.45974,-1.59136],[104.46109,-1.59181],[104.46165,-1.59139],[104.46082,-1.59114],[104.46075,-1.59085],[104.46109,-1.59054],[104.46136,-1.59108],[104.46163,-1.59036],[104.4619,-1.59073],[104.46172,-1.59031],[104.46195,-1.59004],[104.46136,-1.59052],[104.46112,-1.59031],[104.46134,-1.59004],[104.4607,-1.58976],[104.46096,-1.58949],[104.46082,-1.58902],[104.45974,-1.58907],[104.45974,-1.58853],[104.46086,-1.58786],[104.46055,-1.58771],[104.46001,-1.58836],[104.45974,-1.58817],[104.45866,-1.5895],[104.45832,-1.58922],[104.45801,-1.58786],[104.4586,-1.58759],[104.45866,-1.5872],[104.45896,-1.58732],[104.45895,-1.58705],[104.45782,-1.58651],[104.45813,-1.58618],[104.4592,-1.58664],[104.45982,-1.58624],[104.45947,-1.5864],[104.45905,-1.58542],[104.45954,-1.58488],[104.4593,-1.58461],[104.45947,-1.5842]],[[104.4561,-1.58089],[104.4561,-1.58078]],[[104.45617,-1.58067],[104.456,-1.57836],[104.45624,-1.57811],[104.45673,-1.57836],[104.45635,-1.57809],[104.45656,-1.57782],[104.45624,-1.57717],[104.45538,-1.57755],[104.45514,-1.57592],[104.4541,-1.57294],[104.45498,-1.57239],[104.45432,-1.57131],[104.45433,-1.57104],[104.45497,-1.57076],[104.45475,-1.56995],[104.45522,-1.56995],[104.455,-1.56941],[104.45545,-1.56859],[104.45516,-1.56869],[104.45491,-1.56832],[104.4549,-1.56751],[104.45518,-1.56724],[104.45462,-1.56738],[104.45465,-1.56642],[104.45389,-1.56615],[104.45442,-1.56506],[104.45409,-1.56495],[104.45328,-1.56575],[104.45269,-1.56588],[104.4522,-1.56488],[104.45166,-1.56453],[104.45153,-1.56289],[104.45166,-1.56189],[104.45214,-1.56181],[104.45273,-1.56099],[104.45221,-1.55964],[104.45247,-1.55912],[104.45257,-1.55991],[104.45299,-1.56018],[104.45288,-1.56072],[104.45382,-1.5616],[104.45463,-1.56192],[104.4549,-1.56167],[104.45517,-1.56195],[104.45554,-1.56181],[104.45474,-1.56127],[104.45503,-1.56099],[104.45503,-1.55991],[104.45396,-1.55964],[104.45466,-1.55909],[104.45425,-1.55855],[104.45436,-1.55778],[104.4549,-1.55873],[104.45519,-1.55828],[104.45533,-1.55719],[104.45494,-1.55611],[104.45436,-1.55572],[104.4533,-1.55665],[104.4522,-1.55916],[104.45145,-1.55502],[104.45109,-1.55448],[104.45112,-1.55278],[104.45139,-1.55231],[104.45193,-1.55248],[104.45263,-1.55204],[104.45311,-1.55014],[104.45358,-1.54959],[104.45328,-1.54943],[104.45274,-1.5501],[104.4522,-1.5501],[104.4522,-1.55078],[104.45166,-1.55031],[104.45134,-1.55095],[104.45112,-1.54987],[104.45145,-1.54905],[104.45098,-1.54634],[104.45143,-1.54525],[104.45112,-1.5455],[104.45085,-1.54417],[104.45139,-1.54366],[104.45193,-1.54405],[104.4522,-1.54375],[104.45328,-1.54394],[104.45366,-1.54607],[104.45418,-1.54661],[104.45397,-1.54688],[104.45436,-1.54738],[104.45468,-1.54715],[104.45397,-1.54498],[104.4542,-1.54417],[104.45355,-1.54323],[104.45274,-1.54321],[104.45267,-1.54254],[104.45113,-1.54172],[104.45093,-1.53928],[104.45015,-1.53874],[104.45066,-1.53819],[104.45005,-1.53863],[104.4499,-1.53819],[104.44951,-1.53841],[104.44918,-1.53819],[104.44681,-1.53114],[104.44654,-1.53151],[104.4462,-1.53005],[104.44579,-1.52964]],[[104.44425,-1.5237],[104.44403,-1.52191],[104.44328,-1.52082],[104.44354,-1.51947],[104.44304,-1.51904],[104.4427,-1.51757],[104.44198,-1.51729],[104.44169,-1.51683],[104.44203,-1.51621],[104.44169,-1.51639],[104.44081,-1.51594],[104.44056,-1.51512],[104.44088,-1.51485],[104.4407,-1.51377],[104.44001,-1.51349],[104.43926,-1.51024],[104.43944,-1.50997],[104.439,-1.50955],[104.43896,-1.50874]],[[104.43887,-1.50467],[104.43883,-1.50209],[104.43832,-1.50155],[104.43836,-1.50047],[104.43927,-1.5004],[104.43883,-1.50074],[104.439,-1.5011],[104.43954,-1.50082],[104.44008,-1.50118],[104.44067,-1.50074],[104.44052,-1.50047],[104.44131,-1.49911],[104.44099,-1.4983],[104.44116,-1.4979],[104.44056,-1.49748],[104.44104,-1.49694],[104.44104,-1.4964],[104.44008,-1.49593],[104.43846,-1.49601],[104.43859,-1.49477],[104.43817,-1.4945],[104.43835,-1.49205],[104.43812,-1.49015],[104.43869,-1.4888],[104.43849,-1.48744],[104.43875,-1.48717],[104.43819,-1.48721],[104.43855,-1.48662],[104.43824,-1.48635],[104.43879,-1.48445],[104.43871,-1.48337],[104.43943,-1.48283],[104.43927,-1.48237],[104.43976,-1.48255],[104.43962,-1.48283],[104.44008,-1.48317],[104.44089,-1.48339],[104.44148,-1.48337],[104.4417,-1.48283],[104.44153,-1.48228],[104.44116,-1.48243],[104.43954,-1.48192],[104.439,-1.48147],[104.43927,-1.4793],[104.43954,-1.47814],[104.44008,-1.4776],[104.43996,-1.47875],[104.44008,-1.47905],[104.44035,-1.47893],[104.44046,-1.47957],[104.44023,-1.47984],[104.44144,-1.48174],[104.44154,-1.48065],[104.44198,-1.48011],[104.44159,-1.47984],[104.44224,-1.47925],[104.44224,-1.47821],[104.44289,-1.47794],[104.44246,-1.47767],[104.44308,-1.4774],[104.44266,-1.47713],[104.44309,-1.47658],[104.44265,-1.47577],[104.44342,-1.47523],[104.44346,-1.47464]],[[104.4455,-1.46939],[104.44518,-1.46871],[104.44569,-1.46654],[104.44486,-1.46627],[104.44454,-1.46519],[104.4433,-1.4641],[104.44359,-1.46161],[104.44471,-1.45921],[104.44434,-1.4584],[104.44472,-1.45813],[104.44467,-1.45622],[104.44573,-1.45189],[104.44764,-1.44603],[104.44948,-1.44673],[104.44899,-1.44755],[104.4498,-1.44728],[104.4501,-1.447],[104.4502,-1.44565],[104.45131,-1.44429],[104.45084,-1.4432],[104.45106,-1.44266],[104.45169,-1.44257],[104.45237,-1.44185],[104.45253,-1.44103],[104.45216,-1.43995],[104.45262,-1.43913],[104.452,-1.43859],[104.45269,-1.43832],[104.45286,-1.43669],[104.45342,-1.43588],[104.45298,-1.43533],[104.45344,-1.43506],[104.45363,-1.43316],[104.45401,-1.43262],[104.45277,-1.4318],[104.4526,-1.43126],[104.45304,-1.43091],[104.45404,-1.4318],[104.45412,-1.43227],[104.45428,-1.4318],[104.45466,-1.43174],[104.45601,-1.43224],[104.45665,-1.43099],[104.4563,-1.43045],[104.45644,-1.42991],[104.45595,-1.42963],[104.45601,-1.42878],[104.45533,-1.42855],[104.4552,-1.42805],[104.45493,-1.42841],[104.45447,-1.42801],[104.45466,-1.42775],[104.45493,-1.42798],[104.45574,-1.42686],[104.45655,-1.42753],[104.45724,-1.42665],[104.45655,-1.4261],[104.45597,-1.42638],[104.45601,-1.42573],[104.4552,-1.42531],[104.45477,-1.42556],[104.45601,-1.42451],[104.45682,-1.42118],[104.45742,-1.42041],[104.45709,-1.42006],[104.45776,-1.41824],[104.45805,-1.41444],[104.45773,-1.40792],[104.45668,-1.39897],[104.45526,-1.39218],[104.45344,-1.38702],[104.45321,-1.38105],[104.45355,-1.38024],[104.4532,-1.37915],[104.45353,-1.37834],[104.45285,-1.37386]],[[104.45508,-1.36387],[104.45548,-1.36368],[104.45575,-1.36391],[104.45597,-1.36341],[104.45572,-1.36287],[104.45621,-1.35961],[104.4562,-1.3569],[104.4566,-1.35669]],[[104.45442,-1.55475],[104.45409,-1.5541],[104.45339,-1.55448],[104.45436,-1.55486],[104.45442,-1.55475]],[[104.45605,-1.57076],[104.45597,-1.57049],[104.4557,-1.57006],[104.45561,-1.57076],[104.45605,-1.57076]],[[104.50598,-1.6807],[104.50574,-1.68043],[104.50601,-1.68015],[104.50557,-1.68002],[104.50549,-1.68043],[104.50598,-1.6807]],[[104.50473,-1.80332],[104.50931,-1.80672],[104.51066,-1.80708],[104.51174,-1.80698],[104.51642,-1.805],[104.51713,-1.80399],[104.51794,-1.804],[104.51848,-1.80361],[104.5201,-1.80398],[104.52076,-1.80311],[104.52172,-1.80289],[104.5228,-1.80177],[104.52469,-1.80172],[104.52604,-1.80023],[104.53008,-1.80062],[104.53089,-1.80043],[104.53525,-1.79687],[104.53613,-1.79578],[104.53872,-1.79159],[104.53961,-1.79063],[104.53995,-1.78981],[104.5398,-1.78959],[104.53926,-1.79004],[104.53906,-1.78954],[104.54022,-1.78927],[104.54046,-1.78845],[104.54001,-1.78791],[104.54034,-1.78772],[104.54114,-1.78815],[104.54141,-1.78809],[104.54114,-1.78751],[104.5406,-1.78783],[104.53995,-1.7871],[104.54045,-1.78601],[104.54127,-1.7852],[104.54147,-1.78384],[104.54253,-1.78357],[104.54303,-1.78243],[104.54334,-1.78276],[104.54266,-1.78411],[104.54303,-1.7846],[104.54411,-1.78335],[104.54462,-1.78357],[104.54415,-1.78438],[104.5438,-1.78438],[104.54357,-1.78533],[104.54384,-1.78573],[104.54411,-1.78513],[104.54492,-1.78517],[104.54419,-1.78547],[104.5453,-1.78574],[104.54492,-1.78605],[104.54411,-1.78574],[104.54411,-1.78713],[104.54576,-1.78574],[104.5453,-1.78493],[104.54573,-1.78405],[104.546,-1.78432],[104.5463,-1.78384],[104.54627,-1.78315],[104.54599,-1.78303],[104.54631,-1.78221],[104.54586,-1.78113],[104.54611,-1.78086],[104.54565,-1.78031],[104.54587,-1.78004],[104.54556,-1.77896],[104.54481,-1.77787],[104.54492,-1.77743],[104.5456,-1.77733],[104.54494,-1.77706],[104.54601,-1.77651],[104.5454,-1.7757],[104.54374,-1.76701],[104.54306,-1.76539],[104.54253,-1.75887],[104.54226,-1.7586],[104.54244,-1.75507],[104.54163,-1.75371],[104.54088,-1.75326],[104.53762,-1.74503],[104.53803,-1.74394],[104.53795,-1.74123],[104.53588,-1.73716],[104.53349,-1.73119],[104.53178,-1.72657],[104.5318,-1.72521],[104.53139,-1.72494],[104.53145,-1.72462],[104.53091,-1.72519],[104.53066,-1.72494],[104.53064,-1.72443],[104.53098,-1.7244],[104.53079,-1.72386],[104.53037,-1.72346],[104.53012,-1.72359],[104.53077,-1.72413],[104.53037,-1.72437],[104.52798,-1.72033],[104.52772,-1.71924],[104.52444,-1.71541],[104.5239,-1.7151],[104.52185,-1.71544]],[[104.50399,-1.80904],[104.50425,-1.80582],[104.50311,-1.80453]]]}},{"id":"142","type":"Feature","properties":{"year":1992,"certainty":"insufficient data"},"geometry":{"type":"MultiLineString","coordinates":[[[104.50624,-1.68291],[104.50612,-1.68273]],[[104.50603,-1.68273],[104.50557,-1.68332],[104.50472,-1.68273]],[[104.50163,-1.68002],[104.50193,-1.67983]],[[104.50247,-1.67975],[104.50274,-1.67967]],[[104.50285,-1.67947],[104.50335,-1.6788],[104.50287,-1.67862],[104.50058,-1.67968]],[[104.50028,-1.67947],[104.50101,-1.67771],[104.50084,-1.67717],[104.50071,-1.67699],[104.50045,-1.67725],[104.49937,-1.67524],[104.49888,-1.675],[104.49864,-1.67418],[104.49703,-1.67201],[104.49721,-1.67167],[104.49694,-1.67186],[104.49667,-1.67157],[104.49677,-1.67092],[104.49638,-1.67025]],[[104.48423,-1.64717],[104.48414,-1.64705]],[[104.48408,-1.6469],[104.48391,-1.64622],[104.48192,-1.64351],[104.48171,-1.64249]],[[104.47201,-1.62459],[104.47173,-1.62424],[104.47203,-1.62396],[104.47191,-1.62369],[104.47214,-1.62351],[104.47241,-1.62403],[104.47248,-1.62369],[104.47179,-1.62234],[104.47195,-1.62206],[104.47145,-1.62179],[104.47159,-1.62125],[104.47106,-1.62113],[104.47077,-1.62071],[104.47094,-1.62044],[104.46998,-1.6191],[104.46937,-1.62044],[104.46879,-1.61854],[104.46753,-1.61718],[104.46723,-1.61596]],[[104.45947,-1.5842],[104.45921,-1.58341],[104.45867,-1.58379],[104.45786,-1.58341],[104.45795,-1.58379],[104.45739,-1.58406],[104.45702,-1.58271],[104.45753,-1.58216],[104.45712,-1.58189],[104.45712,-1.58135],[104.45761,-1.58081],[104.45624,-1.5817],[104.4561,-1.58089]],[[104.4561,-1.58078],[104.45617,-1.58067]],[[104.44579,-1.52964],[104.44456,-1.52679],[104.44404,-1.52625],[104.44425,-1.5237]],[[104.43896,-1.50874],[104.4391,-1.50834],[104.4386,-1.50752],[104.43902,-1.50644],[104.43856,-1.50562],[104.43887,-1.50467]],[[104.44346,-1.47464],[104.44389,-1.47387],[104.44359,-1.47324],[104.44446,-1.47306],[104.44417,-1.47278],[104.44472,-1.47251],[104.44454,-1.4717],[104.4455,-1.46939]],[[104.45285,-1.37386],[104.45271,-1.36857],[104.45305,-1.36667],[104.45406,-1.36368],[104.45508,-1.36387]]]}},{"id":"143","type":"Feature","properties":{"year":1993,"certainty":"good"},"geometry":{"type":"MultiLineString","coordinates":[[[104.52147,-1.71485],[104.52417,-1.71408],[104.52553,-1.71273],[104.52552,-1.71225],[104.52579,-1.71243],[104.52778,-1.71001],[104.52684,-1.70947],[104.52714,-1.70913],[104.52579,-1.7093],[104.52454,-1.70893],[104.52464,-1.70866],[104.52396,-1.70811],[104.52257,-1.70431],[104.52136,-1.70268],[104.52148,-1.70226],[104.52094,-1.70169],[104.52062,-1.70024],[104.51974,-1.69861],[104.51932,-1.6981],[104.51797,-1.69748],[104.51738,-1.69671],[104.51525,-1.69318],[104.51245,-1.68966],[104.51096,-1.68652],[104.50638,-1.68278],[104.5055,-1.68151],[104.50503,-1.68129],[104.50422,-1.68165],[104.50422,-1.6811],[104.50395,-1.68132],[104.5032,-1.68097],[104.50347,-1.68042],[104.50325,-1.68015],[104.50314,-1.68069],[104.50227,-1.68042],[104.50206,-1.67992],[104.50179,-1.68015],[104.50098,-1.6797],[104.50017,-1.67979],[104.50029,-1.67798],[104.4997,-1.67771],[104.49856,-1.67588],[104.49795,-1.67581],[104.49809,-1.675],[104.49546,-1.67011],[104.49529,-1.6693],[104.49471,-1.66875],[104.49444,-1.66712],[104.4933,-1.66604],[104.49329,-1.66522],[104.49209,-1.66394],[104.49132,-1.66197],[104.48966,-1.65987],[104.48942,-1.65925],[104.48957,-1.65817],[104.48804,-1.65527],[104.48724,-1.65455],[104.48697,-1.65308],[104.48508,-1.65032],[104.48447,-1.65002],[104.48426,-1.64894],[104.484,-1.64874],[104.48373,-1.64908],[104.48352,-1.64839],[104.48375,-1.64785],[104.48356,-1.64731],[104.48307,-1.64704],[104.48319,-1.64665],[104.48251,-1.64649],[104.48205,-1.64541],[104.48157,-1.64532],[104.48145,-1.64487],[104.48173,-1.64459],[104.4813,-1.64464],[104.48136,-1.64405],[104.48096,-1.64405],[104.48082,-1.64188],[104.48023,-1.6412],[104.47942,-1.64162],[104.47888,-1.64086],[104.47969,-1.64058],[104.48013,-1.64079],[104.47915,-1.6387],[104.47857,-1.63889],[104.47888,-1.63822],[104.4778,-1.63604],[104.47713,-1.63564],[104.47694,-1.63401],[104.47602,-1.63211],[104.47537,-1.63188],[104.47568,-1.63129],[104.47512,-1.63075],[104.47489,-1.62966],[104.47376,-1.62804],[104.47358,-1.62695],[104.4731,-1.62668],[104.47322,-1.62579],[104.47246,-1.62532],[104.47152,-1.62261],[104.46994,-1.62234],[104.47039,-1.62152],[104.4711,-1.62125],[104.47058,-1.62098],[104.47052,-1.62047],[104.47025,-1.62062],[104.46973,-1.62016],[104.47007,-1.61962],[104.46971,-1.61919],[104.46944,-1.6196],[104.46931,-1.61935],[104.46917,-1.61785],[104.46837,-1.61791],[104.46891,-1.61739],[104.4675,-1.61691],[104.46733,-1.61582],[104.46756,-1.61538],[104.46835,-1.61528],[104.46796,-1.61501],[104.46816,-1.61392],[104.4679,-1.61284],[104.46756,-1.61276],[104.46731,-1.61175],[104.46665,-1.61094],[104.4671,-1.61039],[104.46638,-1.60958],[104.46621,-1.60857],[104.46575,-1.60849],[104.46567,-1.60795],[104.46486,-1.607],[104.46463,-1.60551],[104.46503,-1.60524],[104.46502,-1.60469],[104.46427,-1.60388],[104.46441,-1.60252],[104.46352,-1.60268],[104.46271,-1.60201],[104.46193,-1.59954],[104.46211,-1.59899],[104.46136,-1.5987],[104.46109,-1.59888],[104.46082,-1.59815],[104.46082,-1.59777],[104.46163,-1.59836],[104.463,-1.59764],[104.46217,-1.59569],[104.46136,-1.59533],[104.46054,-1.59546],[104.46023,-1.59438],[104.46066,-1.59248],[104.46119,-1.59166],[104.46086,-1.59085],[104.46107,-1.59058],[104.46087,-1.58949],[104.46016,-1.58841],[104.46028,-1.58723],[104.45991,-1.58705],[104.45992,-1.58759],[104.4592,-1.58826],[104.45891,-1.58786],[104.45886,-1.58678],[104.45974,-1.58669],[104.46003,-1.58596],[104.45921,-1.58369],[104.45853,-1.58298],[104.45887,-1.58216],[104.45835,-1.58189],[104.45867,-1.58135],[104.45824,-1.58081],[104.4584,-1.57976],[104.45786,-1.57983],[104.45759,-1.57905],[104.45705,-1.57904],[104.45688,-1.57945],[104.4574,-1.57999],[104.45705,-1.58083],[104.45624,-1.57969],[104.45613,-1.57836],[104.45678,-1.5788],[104.45694,-1.57864],[104.45711,-1.57728],[104.45753,-1.57674],[104.45678,-1.57717],[104.45651,-1.57701],[104.45703,-1.57619],[104.45689,-1.57511],[104.45587,-1.57429],[104.45599,-1.57266],[104.45519,-1.57212],[104.4557,-1.57205],[104.45576,-1.57158],[104.45502,-1.57131],[104.45605,-1.57022],[104.45597,-1.56958],[104.45561,-1.56941],[104.4558,-1.56914],[104.45545,-1.56886],[104.45583,-1.56859],[104.45552,-1.56832],[104.45576,-1.56805],[104.45532,-1.56805],[104.45443,-1.56506],[104.45324,-1.56479],[104.45451,-1.56452],[104.45409,-1.56365],[104.45345,-1.56344],[104.45328,-1.56244],[104.45301,-1.56296],[104.45274,-1.56208],[104.45355,-1.56182],[104.45382,-1.56216],[104.45436,-1.56137],[104.45463,-1.56157],[104.45478,-1.56127],[104.45409,-1.56072],[104.45463,-1.56045],[104.45436,-1.56009],[104.45382,-1.56007],[104.45323,-1.56072],[104.45305,-1.55936],[104.45382,-1.55898],[104.45409,-1.55937],[104.45437,-1.55882],[104.45409,-1.55815],[104.45382,-1.55857],[104.45306,-1.55774],[104.45373,-1.55747],[104.45436,-1.55624],[104.45464,-1.55719],[104.45529,-1.55774],[104.45505,-1.55584],[104.45532,-1.55557],[104.4549,-1.55475],[104.45463,-1.55537],[104.45426,-1.55502],[104.45436,-1.55359],[104.45409,-1.55384],[104.45382,-1.55319],[104.45299,-1.55312],[104.45405,-1.55258],[104.45382,-1.55124],[104.4531,-1.55149],[104.45328,-1.55102],[104.45367,-1.55095],[104.45292,-1.55095],[104.45274,-1.55169],[104.45166,-1.55031],[104.45147,-1.55095],[104.45122,-1.55095],[104.45111,-1.54932],[104.45137,-1.54878],[104.45102,-1.54769],[104.45112,-1.54673],[104.45084,-1.54661],[104.45085,-1.54604],[104.45139,-1.54594],[104.45193,-1.54536],[104.4524,-1.54417],[104.4531,-1.54444],[104.45326,-1.54389],[104.45274,-1.54335],[104.45302,-1.54308],[104.4527,-1.54281],[104.45309,-1.54227],[104.45168,-1.54172],[104.45193,-1.54105],[104.45116,-1.54037],[104.45086,-1.53923],[104.44982,-1.53819],[104.44945,-1.53819],[104.44865,-1.53575],[104.44789,-1.53504],[104.44789,-1.53443],[104.44824,-1.53439],[104.44756,-1.53222],[104.44672,-1.53087],[104.44681,-1.53054],[104.4457,-1.52951],[104.44425,-1.52625],[104.44448,-1.52489],[104.44406,-1.52164],[104.4435,-1.52055],[104.44354,-1.51947],[104.44303,-1.51892],[104.44306,-1.51784],[104.4425,-1.517],[104.44208,-1.51702],[104.44253,-1.51648],[104.44187,-1.51431],[104.44205,-1.51241],[104.44101,-1.51024],[104.44162,-1.50942],[104.44142,-1.50889],[104.44089,-1.50931],[104.44071,-1.50915],[104.44053,-1.50807],[104.44104,-1.50779],[104.44142,-1.50888],[104.44175,-1.50834],[104.44169,-1.50766],[104.44118,-1.50752],[104.44135,-1.50671],[104.44101,-1.50617],[104.44116,-1.50579],[104.44143,-1.50609],[104.44149,-1.5059],[104.44119,-1.50427],[104.44143,-1.50372],[104.44116,-1.50396],[104.44062,-1.50365],[104.44035,-1.50414],[104.44007,-1.50399],[104.44079,-1.50291],[104.44106,-1.50182],[104.44094,-1.50074],[104.44049,-1.50047],[104.44106,-1.49938],[104.4407,-1.49748],[104.44091,-1.4964],[104.44062,-1.4955],[104.43981,-1.49534],[104.43894,-1.4945],[104.43845,-1.4926],[104.43881,-1.49205],[104.43869,-1.49124],[104.43908,-1.48988],[104.43884,-1.4888],[104.43954,-1.4881],[104.44092,-1.48771],[104.44089,-1.48725],[104.44051,-1.48717],[104.44122,-1.4869],[104.44098,-1.48663],[104.44124,-1.48635],[104.44092,-1.48608],[104.44158,-1.48473],[104.44143,-1.48441],[104.44035,-1.48465],[104.44012,-1.48418],[104.44035,-1.48376],[104.43954,-1.48458],[104.43927,-1.48442],[104.43894,-1.48391],[104.43897,-1.4831],[104.43943,-1.48283],[104.43927,-1.48237],[104.44008,-1.48246],[104.43962,-1.48283],[104.44008,-1.48317],[104.44062,-1.4831],[104.44051,-1.48337],[104.44148,-1.48391],[104.4412,-1.48364],[104.4417,-1.48283],[104.44149,-1.48147],[104.44172,-1.48093],[104.44147,-1.48065],[104.44193,-1.48011],[104.44151,-1.47984],[104.44252,-1.47875],[104.44235,-1.47821],[104.44282,-1.4774],[104.44262,-1.47713],[104.44305,-1.4768],[104.44285,-1.47577],[104.44334,-1.47523],[104.44315,-1.47496],[104.44361,-1.47414],[104.44359,-1.47374],[104.44331,-1.47414],[104.44318,-1.4736],[104.44358,-1.47333],[104.4433,-1.47306],[104.44385,-1.47251],[104.44372,-1.47197],[104.44427,-1.47197],[104.44389,-1.47143],[104.44502,-1.47034],[104.44485,-1.46926],[104.44521,-1.46763],[104.44576,-1.46681],[104.44518,-1.466],[104.44551,-1.46573],[104.4457,-1.46464],[104.44507,-1.46437],[104.4453,-1.4641],[104.44507,-1.46383],[104.4442,-1.46356],[104.44455,-1.46301],[104.44621,-1.46193],[104.44606,-1.46111],[104.44685,-1.46057],[104.44656,-1.45937],[104.4451,-1.46166],[104.44413,-1.46141],[104.44417,-1.46003],[104.44486,-1.45894],[104.44459,-1.45867],[104.44503,-1.45759],[104.44494,-1.4568],[104.44529,-1.45704],[104.44494,-1.45675],[104.44494,-1.45557],[104.4456,-1.45433],[104.44548,-1.45353],[104.44629,-1.45317],[104.44737,-1.45361],[104.44764,-1.45317],[104.44808,-1.45324],[104.44846,-1.45243],[104.44818,-1.45135],[104.44845,-1.45155],[104.44863,-1.45134],[104.44797,-1.45026],[104.4481,-1.44972],[104.44893,-1.4489],[104.44877,-1.44836],[104.45011,-1.447],[104.45041,-1.4451],[104.45119,-1.44402],[104.45053,-1.4432],[104.45109,-1.44293],[104.45115,-1.44231],[104.45169,-1.44257],[104.45191,-1.44239],[104.45154,-1.44212],[104.45169,-1.44174],[104.45196,-1.44209],[104.45256,-1.44157],[104.45214,-1.44022],[104.45261,-1.43913],[104.45184,-1.43886],[104.4518,-1.43859],[104.45264,-1.43832],[104.45309,-1.43696],[104.45288,-1.43669],[104.4534,-1.43615],[104.45313,-1.4356],[104.45358,-1.43533],[104.45345,-1.43452],[104.45419,-1.43343],[104.45352,-1.43316],[104.45393,-1.43262],[104.45282,-1.4318],[104.45331,-1.43107],[104.45367,-1.43126],[104.45358,-1.43159],[104.45439,-1.43061],[104.45456,-1.43153],[104.45537,-1.43099],[104.45511,-1.43072],[104.45571,-1.43018],[104.45566,-1.42936],[104.4552,-1.4286],[104.45493,-1.42904],[104.45471,-1.42855],[104.45682,-1.42782],[104.45663,-1.42746],[104.45709,-1.42692],[104.45691,-1.42638],[104.45618,-1.42611],[104.4567,-1.42583],[104.45756,-1.42339],[104.45733,-1.42258],[104.45771,-1.42231],[104.45759,-1.42095],[104.45824,-1.41688],[104.45823,-1.41416],[104.45681,-1.39897],[104.45492,-1.39191],[104.45407,-1.39001],[104.45424,-1.38947],[104.45344,-1.38702],[104.45327,-1.37915],[104.45332,-1.37885],[104.45386,-1.37901],[104.45425,-1.37861],[104.4539,-1.37779],[104.4534,-1.37752],[104.45371,-1.37725],[104.45342,-1.37671],[104.45391,-1.37617],[104.45366,-1.37535],[104.45322,-1.37508],[104.45389,-1.37372],[104.45347,-1.37264],[104.45287,-1.37264],[104.45285,-1.37182],[104.45305,-1.3692],[104.45386,-1.36877],[104.45391,-1.37074],[104.45524,-1.3721],[104.45465,-1.36992],[104.45504,-1.36911],[104.45471,-1.36857],[104.45523,-1.3683],[104.45491,-1.36802],[104.45587,-1.3645],[104.45611,-1.36124],[104.4566,-1.35934],[104.45636,-1.35744],[104.45646,-1.3569],[104.45686,-1.35669]],[[104.45682,-1.42314],[104.45724,-1.42312],[104.45655,-1.42457]],[[104.4527,-1.55068],[104.45309,-1.55041],[104.45301,-1.54977],[104.45217,-1.55014],[104.45233,-1.55068],[104.4527,-1.55068]],[[104.46255,-1.59899],[104.46302,-1.59872],[104.46298,-1.59857],[104.46229,-1.59899],[104.46255,-1.59899]],[[104.50473,-1.80329],[104.50931,-1.8067],[104.51174,-1.80695],[104.51633,-1.80503],[104.51713,-1.80387],[104.51794,-1.80388],[104.51848,-1.80353],[104.5201,-1.8039],[104.52091,-1.80292],[104.52172,-1.80284],[104.5228,-1.80169],[104.52447,-1.80175],[104.52604,-1.80019],[104.52981,-1.80057],[104.53062,-1.80036],[104.53494,-1.79684],[104.53684,-1.79442],[104.53683,-1.79386],[104.53902,-1.79063],[104.53867,-1.79008],[104.53919,-1.78927],[104.53892,-1.789],[104.54026,-1.78764],[104.53982,-1.78737],[104.54125,-1.78655],[104.54114,-1.7862],[104.54168,-1.7861],[104.54225,-1.78547],[104.54212,-1.78466],[104.54249,-1.78424],[104.54303,-1.78442],[104.54292,-1.78411],[104.54384,-1.78343],[104.54463,-1.7833],[104.54249,-1.78681],[104.54276,-1.78664],[104.54301,-1.7871],[104.5435,-1.78601],[104.54424,-1.78601],[104.54438,-1.78648],[104.54546,-1.78633],[104.54578,-1.78547],[104.54602,-1.78276],[104.5455,-1.78221],[104.546,-1.78239],[104.54628,-1.78167],[104.5455,-1.7795],[104.5442,-1.77],[104.54265,-1.76376],[104.54221,-1.76023],[104.54251,-1.75751],[104.54225,-1.75507],[104.54165,-1.75371],[104.54088,-1.75314],[104.53967,-1.75127],[104.5384,-1.74829],[104.53822,-1.74639],[104.53758,-1.74503],[104.53801,-1.74394],[104.53792,-1.74211],[104.53306,-1.73037],[104.53176,-1.72657],[104.5318,-1.72521],[104.53139,-1.72494],[104.53145,-1.72462],[104.53091,-1.72519],[104.5306,-1.72467],[104.53109,-1.7244],[104.53094,-1.72413],[104.52983,-1.72335],[104.5296,-1.7225],[104.52853,-1.72141],[104.52768,-1.71951],[104.52444,-1.71542],[104.5239,-1.71508],[104.52192,-1.71544]],[[104.50395,-1.80904],[104.50425,-1.80582],[104.50311,-1.80453]]]}},{"id":"144","type":"Feature","properties":{"year":1994,"certainty":"good"},"geometry":{"type":"MultiLineString","coordinates":[[[104.5212,-1.71461],[104.52394,-1.71381],[104.52486,-1.71218],[104.52471,-1.71024],[104.52552,-1.70977],[104.5267,-1.71001],[104.52673,-1.70947],[104.5273,-1.7092],[104.52606,-1.70914],[104.52525,-1.7095],[104.52386,-1.70811],[104.52255,-1.70483],[104.52202,-1.70443],[104.52067,-1.70199],[104.51996,-1.69943],[104.51769,-1.6978],[104.51635,-1.69591],[104.51469,-1.69264],[104.51177,-1.6883],[104.51092,-1.68775],[104.51072,-1.68721],[104.51096,-1.68668],[104.50988,-1.68581],[104.5098,-1.6864],[104.50936,-1.6864],[104.50737,-1.6845],[104.50696,-1.68287],[104.50556,-1.68178],[104.5053,-1.68097],[104.50476,-1.68098],[104.50502,-1.6807],[104.50451,-1.68015],[104.50341,-1.67986],[104.50233,-1.68015],[104.50206,-1.67987],[104.50017,-1.67987],[104.49883,-1.67841],[104.49775,-1.67647],[104.49758,-1.675],[104.49657,-1.67282],[104.49383,-1.66875],[104.49398,-1.66658],[104.49277,-1.66617]],[[104.49202,-1.664],[104.49145,-1.66251],[104.49074,-1.66185],[104.48939,-1.65952],[104.48885,-1.65678],[104.4878,-1.65518],[104.48681,-1.65437],[104.48622,-1.65247],[104.48508,-1.65043],[104.48447,-1.65002],[104.48426,-1.64894],[104.484,-1.64874],[104.48373,-1.64908],[104.48352,-1.64785],[104.48234,-1.64677],[104.48211,-1.64584],[104.48184,-1.64622],[104.482,-1.64541],[104.48157,-1.64532],[104.48145,-1.64487],[104.48173,-1.64459],[104.4813,-1.64464],[104.48136,-1.64405],[104.48096,-1.64405],[104.48081,-1.64188],[104.48023,-1.6412],[104.47942,-1.64195],[104.47915,-1.64167],[104.47564,-1.63496],[104.47564,-1.63411],[104.47655,-1.63374],[104.47574,-1.63211],[104.47537,-1.63262],[104.4749,-1.63211],[104.47532,-1.63184],[104.47502,-1.63156],[104.47533,-1.63102],[104.47484,-1.63052],[104.47457,-1.63094],[104.4747,-1.62966],[104.4743,-1.62973],[104.47409,-1.62939],[104.4743,-1.62903],[104.47369,-1.62912],[104.47359,-1.62804],[104.4731,-1.62749],[104.47329,-1.62722],[104.47268,-1.62672],[104.47268,-1.62637],[104.4724,-1.62641],[104.47257,-1.62586],[104.47158,-1.62424],[104.47187,-1.62406],[104.47214,-1.62439],[104.47214,-1.62409],[104.47155,-1.62342],[104.47141,-1.62261],[104.46971,-1.62239],[104.46971,-1.62193],[104.4703,-1.62179],[104.47053,-1.62125],[104.46973,-1.62016],[104.47001,-1.61962],[104.46924,-1.61908],[104.46944,-1.61854],[104.46828,-1.61772],[104.46867,-1.61718],[104.46849,-1.61609],[104.4681,-1.61597],[104.46783,-1.61632],[104.46765,-1.61609],[104.46823,-1.61528],[104.46779,-1.61446],[104.46827,-1.61338],[104.4677,-1.61256],[104.46765,-1.61121],[104.46706,-1.60958],[104.46636,-1.60876],[104.46636,-1.60795],[104.46589,-1.60741],[104.46567,-1.60616],[104.46499,-1.60551],[104.46517,-1.60442],[104.46468,-1.60361],[104.46466,-1.60279],[104.46414,-1.60225],[104.46432,-1.60198],[104.46359,-1.60116],[104.46379,-1.60086],[104.46352,-1.6011],[104.46314,-1.60089],[104.46356,-1.60035],[104.46286,-1.59926],[104.46309,-1.59872],[104.46298,-1.5985],[104.46217,-1.59862],[104.46184,-1.59818],[104.46283,-1.59764],[104.46274,-1.59709],[104.46163,-1.59492],[104.46168,-1.59356],[104.46136,-1.5922],[104.461,-1.59194],[104.46021,-1.58814],[104.45974,-1.58773],[104.4592,-1.5881],[104.45893,-1.58767],[104.4592,-1.5868],[104.45961,-1.58678],[104.45987,-1.58624],[104.45931,-1.58488],[104.45947,-1.58445],[104.4592,-1.58471],[104.45836,-1.58434],[104.45928,-1.58406],[104.45881,-1.58189],[104.45818,-1.58135],[104.45855,-1.58108],[104.45828,-1.58081],[104.45832,-1.57972],[104.45786,-1.57955],[104.45776,-1.57918],[104.45705,-1.57912],[104.45678,-1.57992],[104.45611,-1.57972],[104.45602,-1.57836],[104.45624,-1.57819],[104.45678,-1.57872],[104.45741,-1.57674],[104.45709,-1.57646],[104.4572,-1.57538],[104.45683,-1.57429],[104.45589,-1.57429],[104.45628,-1.57375],[104.45589,-1.57321],[104.45626,-1.57266],[104.45593,-1.57212],[104.45627,-1.57158],[104.45502,-1.57131],[104.45543,-1.57069],[104.45643,-1.57104],[104.45627,-1.56968],[104.45585,-1.56914],[104.45597,-1.56805],[104.45505,-1.56724],[104.45463,-1.56536],[104.45409,-1.56488],[104.45324,-1.56479],[104.45428,-1.56425],[104.45429,-1.56344],[104.45367,-1.56289],[104.45394,-1.56181],[104.4549,-1.56135],[104.45517,-1.56187],[104.45557,-1.56127],[104.45478,-1.55991],[104.45409,-1.55992],[104.45381,-1.56045],[104.45342,-1.56045],[104.45323,-1.55936],[104.45382,-1.55931],[104.45382,-1.55984],[104.45434,-1.55937],[104.45445,-1.55828],[104.45392,-1.55774],[104.45409,-1.55697],[104.45436,-1.55684],[104.45544,-1.55804],[104.45571,-1.55732],[104.455,-1.55502],[104.45447,-1.55502],[104.45427,-1.55448],[104.4545,-1.55367],[104.45379,-1.55204],[104.45382,-1.54997],[104.45328,-1.54995],[104.45229,-1.54905],[104.45247,-1.54873],[104.45301,-1.54916],[104.45349,-1.54878],[104.45301,-1.54808],[104.45274,-1.5485],[104.45247,-1.54783],[104.4522,-1.54838],[104.45139,-1.54858],[104.4512,-1.54824],[104.45139,-1.54767],[104.45196,-1.54769],[104.45247,-1.54705],[104.45328,-1.54789],[104.4529,-1.54661],[104.45324,-1.54607],[104.45291,-1.54552],[104.45329,-1.54525],[104.45327,-1.54389],[104.45309,-1.54308],[104.45271,-1.54281],[104.45303,-1.54227],[104.45203,-1.54145],[104.45188,-1.54091],[104.45113,-1.54038],[104.45034,-1.53901],[104.44924,-1.5379],[104.44872,-1.53575],[104.44789,-1.53507],[104.44789,-1.53442],[104.44819,-1.53439],[104.44762,-1.53429],[104.44735,-1.53164],[104.44627,-1.52981],[104.44573,-1.52956],[104.4452,-1.52821],[104.4454,-1.52734],[104.44447,-1.52517],[104.44436,-1.52164],[104.44354,-1.52055],[104.44385,-1.52013],[104.44386,-1.51974],[104.44358,-1.52023],[104.44298,-1.51811],[104.44306,-1.51729],[104.44277,-1.51742],[104.44223,-1.51682],[104.44255,-1.51648],[104.44223,-1.51574],[104.44115,-1.51589],[104.44108,-1.51567],[104.44196,-1.51566],[104.44222,-1.51539],[104.44181,-1.51512],[104.44187,-1.51431],[104.44238,-1.51377],[104.44173,-1.51214],[104.44169,-1.51038],[104.44142,-1.51075],[104.44121,-1.50997],[104.44169,-1.5095],[104.4412,-1.50915],[104.44167,-1.50888],[104.44163,-1.50834],[104.44109,-1.50807],[104.4412,-1.50671],[104.44074,-1.50644],[104.44069,-1.50589],[104.44136,-1.50481],[104.44118,-1.504],[104.44062,-1.50365],[104.44035,-1.50414],[104.44006,-1.50399],[104.44087,-1.50264],[104.44089,-1.50074],[104.44049,-1.50047],[104.44093,-1.49911],[104.44062,-1.49643],[104.44008,-1.49602],[104.43927,-1.49604],[104.43938,-1.49504],[104.43882,-1.4945],[104.43882,-1.4926],[104.43925,-1.49151],[104.43881,-1.4888],[104.43992,-1.48798],[104.43927,-1.48788],[104.439,-1.48732],[104.44095,-1.48744],[104.44075,-1.48717],[104.44122,-1.4869],[104.44098,-1.48663],[104.44127,-1.48635],[104.44104,-1.48581],[104.44158,-1.48473],[104.44143,-1.48443],[104.44035,-1.48468],[104.44012,-1.48418],[104.44035,-1.48374],[104.43927,-1.48436],[104.43896,-1.48391],[104.439,-1.4832],[104.43981,-1.48289],[104.44008,-1.48323],[104.44051,-1.4831],[104.44051,-1.48337],[104.44143,-1.48394],[104.44171,-1.48364],[104.44145,-1.48337],[104.44175,-1.48283],[104.44149,-1.48147],[104.44172,-1.48093],[104.44147,-1.48065],[104.44231,-1.4793],[104.44237,-1.47794],[104.4429,-1.47658],[104.44277,-1.47577],[104.44327,-1.47441],[104.44299,-1.47333],[104.44326,-1.47251],[104.4437,-1.47224],[104.44322,-1.4717],[104.444,-1.47116],[104.44392,-1.47034],[104.44429,-1.47007],[104.44425,-1.46926],[104.44524,-1.46681],[104.44557,-1.46464],[104.44507,-1.46437],[104.4453,-1.4641],[104.44507,-1.46383],[104.44418,-1.46356],[104.44453,-1.46301],[104.44602,-1.4623],[104.44606,-1.46111],[104.44657,-1.46111],[104.44629,-1.4598],[104.44494,-1.46184],[104.44413,-1.46141],[104.44423,-1.46003],[104.44494,-1.45812],[104.44548,-1.45854],[104.44683,-1.45878],[104.44741,-1.45786],[104.44703,-1.45542],[104.44737,-1.45516],[104.44764,-1.45568],[104.44818,-1.45529],[104.44828,-1.45433],[104.44784,-1.45379],[104.44872,-1.45257],[104.44844,-1.45189],[104.44898,-1.45162],[104.44862,-1.45107],[104.44899,-1.4508],[104.4486,-1.45053],[104.44868,-1.44999],[104.44899,-1.45046],[104.44926,-1.45039],[104.44934,-1.44944],[104.44984,-1.44863],[104.44919,-1.44836],[104.44953,-1.44772],[104.4498,-1.44822],[104.45003,-1.44809],[104.45049,-1.44646],[104.45121,-1.44537],[104.45096,-1.4451],[104.45122,-1.44429],[104.45075,-1.4432],[104.45115,-1.44284],[104.45142,-1.44305],[104.45169,-1.44264],[104.45196,-1.44329],[104.45225,-1.44266],[104.45192,-1.44239],[104.45258,-1.44157],[104.45216,-1.44022],[104.4526,-1.43995],[104.45214,-1.43886],[104.45336,-1.43696],[104.45291,-1.43669],[104.45351,-1.43615],[104.45314,-1.4356],[104.45377,-1.43533],[104.45358,-1.43475],[104.45385,-1.43504],[104.45406,-1.43479],[104.45368,-1.43452],[104.45424,-1.43343],[104.45399,-1.43289],[104.45416,-1.43208],[104.45385,-1.43219],[104.4536,-1.43153],[104.45439,-1.43125],[104.45466,-1.43156],[104.45574,-1.43147],[104.45635,-1.42963],[104.45605,-1.42963],[104.45617,-1.42991],[104.45574,-1.43036],[104.45598,-1.42963],[104.45568,-1.42909],[104.45601,-1.42867],[104.45709,-1.42928],[104.45742,-1.42909],[104.45736,-1.42844],[104.45667,-1.42746],[104.45745,-1.42692],[104.45682,-1.42616],[104.45655,-1.42666],[104.45645,-1.42638],[104.45689,-1.42583],[104.45736,-1.42411],[104.45764,-1.42421],[104.45734,-1.42258],[104.45771,-1.42231],[104.45763,-1.42068],[104.45818,-1.41742],[104.45819,-1.41362],[104.45688,-1.40032],[104.45523,-1.39327],[104.45397,-1.39028],[104.45305,-1.38603],[104.45319,-1.37888],[104.45402,-1.37861],[104.45325,-1.37779],[104.4534,-1.3759],[104.45319,-1.37454],[104.4528,-1.374],[104.45268,-1.37128],[104.45313,-1.36911],[104.45386,-1.36877],[104.45385,-1.36965],[104.4544,-1.37005],[104.45423,-1.36911],[104.45467,-1.36887],[104.455,-1.36911],[104.45463,-1.36857],[104.455,-1.3683],[104.45483,-1.36802],[104.45529,-1.36667],[104.455,-1.3664],[104.45532,-1.36558],[104.45503,-1.36504],[104.45521,-1.36432],[104.45579,-1.36423],[104.45643,-1.35907],[104.45625,-1.35744],[104.45658,-1.35669]],[[104.45536,-1.3721],[104.45557,-1.37182],[104.45548,-1.37148],[104.45514,-1.37182],[104.45536,-1.3721]],[[104.45653,-1.56018],[104.45612,-1.55991],[104.45616,-1.55909],[104.45571,-1.5587],[104.45597,-1.56019],[104.45653,-1.56018]],[[104.50473,-1.80327],[104.50931,-1.80668],[104.51174,-1.80696],[104.51636,-1.805],[104.51713,-1.80386],[104.51848,-1.80355],[104.5201,-1.80393],[104.52091,-1.80293],[104.52172,-1.80283],[104.52263,-1.80175],[104.52469,-1.80156],[104.52604,-1.80009],[104.52981,-1.80055],[104.53062,-1.80027],[104.53533,-1.79632],[104.53629,-1.79423],[104.53902,-1.79008],[104.53995,-1.7871],[104.5398,-1.78625],[104.54114,-1.78634],[104.54198,-1.78547],[104.54138,-1.78466],[104.54191,-1.78411],[104.5433,-1.78381],[104.54384,-1.78301],[104.54487,-1.7833],[104.54252,-1.78656],[104.54303,-1.78656],[104.54411,-1.78574],[104.54438,-1.78483],[104.54519,-1.785],[104.54546,-1.78545],[104.54596,-1.78276],[104.54526,-1.78248],[104.54546,-1.78194],[104.546,-1.78208],[104.54627,-1.7817],[104.54544,-1.7795],[104.54478,-1.77434],[104.54423,-1.77271],[104.54415,-1.77027],[104.54346,-1.76864],[104.54257,-1.7643],[104.54217,-1.76023],[104.54242,-1.75996],[104.54242,-1.75697],[104.54175,-1.75534],[104.54196,-1.75514],[104.54223,-1.75537],[104.54225,-1.75507],[104.54189,-1.75399],[104.53973,-1.75127],[104.53972,-1.75073],[104.53792,-1.74779],[104.53763,-1.74639],[104.53827,-1.74611],[104.53787,-1.74557],[104.53792,-1.74215],[104.53697,-1.73987],[104.53658,-1.73797],[104.53532,-1.7358],[104.53199,-1.72714],[104.53182,-1.7263],[104.53226,-1.72568],[104.5328,-1.7263],[104.53279,-1.72576],[104.53118,-1.72433],[104.53064,-1.72523],[104.52762,-1.72006],[104.52414,-1.71544],[104.52336,-1.71512],[104.52196,-1.71544]],[[104.50395,-1.80904],[104.5043,-1.80609],[104.50311,-1.80456]]]}},{"id":"145","type":"Feature","properties":{"year":1994,"certainty":"unstable data"},"geometry":{"type":"LineString","coordinates":[[104.49277,-1.66617],[104.49202,-1.664]]}},{"id":"146","type":"Feature","properties":{"year":1995,"certainty":"good"},"geometry":{"type":"MultiLineString","coordinates":[[[104.52147,-1.71486],[104.5239,-1.71419],[104.52471,-1.71355],[104.52633,-1.7112],[104.52772,-1.71001],[104.52715,-1.70947],[104.52789,-1.7092],[104.52741,-1.70891],[104.52633,-1.70915],[104.52579,-1.70888],[104.52525,-1.70925],[104.52498,-1.70884],[104.52454,-1.70893],[104.52464,-1.70866],[104.52394,-1.70811],[104.52067,-1.70133],[104.52009,-1.70078],[104.51983,-1.69943],[104.5175,-1.69698],[104.5115,-1.68808],[104.50909,-1.68585],[104.50855,-1.6845],[104.50746,-1.68416],[104.50695,-1.68314],[104.50546,-1.68151],[104.50476,-1.68132],[104.50449,-1.68169],[104.50408,-1.68151],[104.5044,-1.68124],[104.50422,-1.6811],[104.50395,-1.68132],[104.50341,-1.68106],[104.50315,-1.6807],[104.50347,-1.68042],[104.50325,-1.68015],[104.50314,-1.68069],[104.50044,-1.67957],[104.50054,-1.67988],[104.50012,-1.67988],[104.49991,-1.67821],[104.49937,-1.67802],[104.49873,-1.67717],[104.49795,-1.67581],[104.4975,-1.67418],[104.49717,-1.67418],[104.49647,-1.67255],[104.49559,-1.67172],[104.49488,-1.66984],[104.49451,-1.6698],[104.49392,-1.66875],[104.49428,-1.66712],[104.49257,-1.66577],[104.49123,-1.66251],[104.4898,-1.66061],[104.48857,-1.65789],[104.48327,-1.64921],[104.48319,-1.64763],[104.48234,-1.64677],[104.48211,-1.64584],[104.48184,-1.64622],[104.48157,-1.64449],[104.4813,-1.64446],[104.48023,-1.64124],[104.47992,-1.64106],[104.47969,-1.63985],[104.47888,-1.63873],[104.47857,-1.63889],[104.47836,-1.63754],[104.47754,-1.63645],[104.4775,-1.63591],[104.47645,-1.63552],[104.47588,-1.63401],[104.47621,-1.63346],[104.47564,-1.63336],[104.47502,-1.63211],[104.47532,-1.63184],[104.47502,-1.63156],[104.47533,-1.63102],[104.47484,-1.63052],[104.47457,-1.63082],[104.47468,-1.62966],[104.4743,-1.62973],[104.47409,-1.62939],[104.47437,-1.62912],[104.47361,-1.62885],[104.47378,-1.62858],[104.4714,-1.62261],[104.4703,-1.62206],[104.47055,-1.62125],[104.46993,-1.62016],[104.4701,-1.61989],[104.46959,-1.61826],[104.46836,-1.61636],[104.46845,-1.61528],[104.46794,-1.61501],[104.46779,-1.61446],[104.46837,-1.61338],[104.4675,-1.61229],[104.46702,-1.60865],[104.46636,-1.60822],[104.46548,-1.60578],[104.46499,-1.60551],[104.46526,-1.60524],[104.46502,-1.60388],[104.46305,-1.59926],[104.46325,-1.59858],[104.46265,-1.59818],[104.46298,-1.59764],[104.46266,-1.59736],[104.46237,-1.59601],[104.46163,-1.59492],[104.46163,-1.59332],[104.46106,-1.59221],[104.46013,-1.58814],[104.45944,-1.58705],[104.45981,-1.58624],[104.45959,-1.58515],[104.45903,-1.58488],[104.45917,-1.58461],[104.45885,-1.58434],[104.45926,-1.58379],[104.45863,-1.58298],[104.45887,-1.58216],[104.45867,-1.58196],[104.4584,-1.58223],[104.45807,-1.58135],[104.45842,-1.58108],[104.45824,-1.57999],[104.45773,-1.57972],[104.45733,-1.57891],[104.45705,-1.57701],[104.45734,-1.57674],[104.4562,-1.57402],[104.45489,-1.56579],[104.45391,-1.56479],[104.45438,-1.56425],[104.45416,-1.56398],[104.45434,-1.56371],[104.45409,-1.56345],[104.45382,-1.56363],[104.45347,-1.56316],[104.45384,-1.56235],[104.45368,-1.56208],[104.45409,-1.56161],[104.45436,-1.56175],[104.4549,-1.56135],[104.45517,-1.56188],[104.45553,-1.56127],[104.45478,-1.55991],[104.45409,-1.55992],[104.45382,-1.56058],[104.45324,-1.56045],[104.45328,-1.55928],[104.45382,-1.55931],[104.45362,-1.55964],[104.45409,-1.55989],[104.45434,-1.55937],[104.45445,-1.55828],[104.45392,-1.55774],[104.45436,-1.55613],[104.45457,-1.55692],[104.45545,-1.55801],[104.45503,-1.55665],[104.45445,-1.55611],[104.4549,-1.55606],[104.4549,-1.55569],[104.45409,-1.55481],[104.45359,-1.55475],[104.45382,-1.55438],[104.45409,-1.55469],[104.45428,-1.55421],[104.45379,-1.55204],[104.45384,-1.55068],[104.45328,-1.55084],[104.45318,-1.54987],[104.45271,-1.54932],[104.45351,-1.54878],[104.45297,-1.54769],[104.45301,-1.54739],[104.4533,-1.54742],[104.45294,-1.54688],[104.45293,-1.54634],[104.45326,-1.54607],[104.45291,-1.54552],[104.45328,-1.54519],[104.45274,-1.54498],[104.45323,-1.54471],[104.45321,-1.54389],[104.45274,-1.54335],[104.45311,-1.54308],[104.45247,-1.54203],[104.45168,-1.54172],[104.45166,-1.54082],[104.45113,-1.54062],[104.44991,-1.53928],[104.44978,-1.53861],[104.44897,-1.5377],[104.44871,-1.53629],[104.44838,-1.53602],[104.44859,-1.53575],[104.44762,-1.53483],[104.44735,-1.53222],[104.44627,-1.52983],[104.44552,-1.52924],[104.44572,-1.52815],[104.4452,-1.52771],[104.44545,-1.52734],[104.4445,-1.52517],[104.44433,-1.52245],[104.44396,-1.52082],[104.44358,-1.52065],[104.4437,-1.52028],[104.44303,-1.51892],[104.44302,-1.51784],[104.44223,-1.51682],[104.44253,-1.51648],[104.44231,-1.51594],[104.44169,-1.51601],[104.44148,-1.51567],[104.44202,-1.51322],[104.44157,-1.51159],[104.4418,-1.51078],[104.44169,-1.51038],[104.44142,-1.51075],[104.44127,-1.51024],[104.44151,-1.50942],[104.4412,-1.50915],[104.4415,-1.50861],[104.44109,-1.50779],[104.44123,-1.50671],[104.44081,-1.50644],[104.4407,-1.50589],[104.44123,-1.50508],[104.44097,-1.50427],[104.44116,-1.50366],[104.44082,-1.50345],[104.44089,-1.50067],[104.44062,-1.50093],[104.4404,-1.50074],[104.44062,-1.49992],[104.43998,-1.49965],[104.44013,-1.49748],[104.43979,-1.49694],[104.4401,-1.49585],[104.43919,-1.49477],[104.43927,-1.49418],[104.43981,-1.49499],[104.43999,-1.49477],[104.43966,-1.4945],[104.44014,-1.49341],[104.44042,-1.4907],[104.44025,-1.48934],[104.44098,-1.48527],[104.44089,-1.48416],[104.44026,-1.48418],[104.44061,-1.48364],[104.44116,-1.48349],[104.44146,-1.48174],[104.44125,-1.48093],[104.44226,-1.47875],[104.44248,-1.47767],[104.44228,-1.4774],[104.44257,-1.47686],[104.44234,-1.47604],[104.44292,-1.4755],[104.44281,-1.47333],[104.44338,-1.47224],[104.44307,-1.47143],[104.44366,-1.47088],[104.44418,-1.46708],[104.44499,-1.46627],[104.44463,-1.46519],[104.44499,-1.46274],[104.44552,-1.46193],[104.44603,-1.46003],[104.44589,-1.45949],[104.4471,-1.45843],[104.44696,-1.45813],[104.44737,-1.45773],[104.44723,-1.45542],[104.44737,-1.45516],[104.44764,-1.45568],[104.44791,-1.45555],[104.44789,-1.45379],[104.44818,-1.45395],[104.44818,-1.45349],[104.44845,-1.45348],[104.44878,-1.4527],[104.4483,-1.45189],[104.44911,-1.45134],[104.44867,-1.45107],[104.44926,-1.45068],[104.44985,-1.44863],[104.44953,-1.4481],[104.45007,-1.4481],[104.44996,-1.447],[104.45007,-1.44676],[104.45035,-1.447],[104.45005,-1.44592],[104.45067,-1.44537],[104.45046,-1.4451],[104.45091,-1.44456],[104.45087,-1.44347],[104.45124,-1.44266],[104.45175,-1.44239],[104.45151,-1.44185],[104.45205,-1.43967],[104.45196,-1.43838],[104.45226,-1.43832],[104.45297,-1.43696],[104.45258,-1.43669],[104.45289,-1.43615],[104.45269,-1.43533],[104.45304,-1.43506],[104.45304,-1.43457],[104.45331,-1.43475],[104.45394,-1.43425],[104.4537,-1.43343],[104.45257,-1.43235],[104.45304,-1.43228],[104.45412,-1.43113],[104.45493,-1.43149],[104.45585,-1.43126],[104.45574,-1.43102],[104.4552,-1.43125],[104.45507,-1.43099],[104.4557,-1.43072],[104.4554,-1.42936],[104.45601,-1.429],[104.45601,-1.42971],[104.45682,-1.42973],[104.45633,-1.42909],[104.45682,-1.42891],[104.45709,-1.42931],[104.45754,-1.42855],[104.45712,-1.42719],[104.45756,-1.42692],[104.45722,-1.42665],[104.45724,-1.42611],[104.4578,-1.42393],[104.45744,-1.42312],[104.45822,-1.41661],[104.45701,-1.40168],[104.4561,-1.39679],[104.45391,-1.39028],[104.4536,-1.38838],[104.45293,-1.38729],[104.45277,-1.38567],[104.45312,-1.38241],[104.45302,-1.37535],[104.45363,-1.37291],[104.45302,-1.37264],[104.45302,-1.36965],[104.4535,-1.36965],[104.45358,-1.3702],[104.45386,-1.37011],[104.4544,-1.37149],[104.4548,-1.37047],[104.45465,-1.36965],[104.45522,-1.3683],[104.45655,-1.35669]],[[104.44035,-1.48307],[104.44093,-1.4831],[104.44035,-1.4835],[104.4401,-1.48337],[104.44033,-1.4831]],[[104.4548,-1.56316],[104.45473,-1.56262],[104.45463,-1.56234],[104.45452,-1.56289],[104.4548,-1.56316]],[[104.50473,-1.80328],[104.50931,-1.80664],[104.51039,-1.80699],[104.51147,-1.80692],[104.51633,-1.80493],[104.51713,-1.80383],[104.51875,-1.8035],[104.52005,-1.80392],[104.52091,-1.8029],[104.52172,-1.80273],[104.52253,-1.80174],[104.52442,-1.80157],[104.52577,-1.80005],[104.53005,-1.80039],[104.53473,-1.7966],[104.53683,-1.79334],[104.53779,-1.79117],[104.53841,-1.79063],[104.53872,-1.78977],[104.53919,-1.78954],[104.53926,-1.78869],[104.54007,-1.7879],[104.54034,-1.78805],[104.54042,-1.78737],[104.54187,-1.78574],[104.54249,-1.78552],[104.54239,-1.7852],[104.54357,-1.78425],[104.54371,-1.78357],[104.54456,-1.78357],[104.54367,-1.7852],[104.54276,-1.78598],[104.54281,-1.78683],[104.54357,-1.78628],[104.54546,-1.78595],[104.54573,-1.78551],[104.54584,-1.78303],[104.5455,-1.78248],[104.54494,-1.77868],[104.54475,-1.77543],[104.54213,-1.76131],[104.54172,-1.75426],[104.54029,-1.75236],[104.5388,-1.74937],[104.53816,-1.7472],[104.5383,-1.74666],[104.53738,-1.74465],[104.53768,-1.74421],[104.53682,-1.74123],[104.53635,-1.73797],[104.53509,-1.7358],[104.53199,-1.72732],[104.5318,-1.72576],[104.52617,-1.71761],[104.52417,-1.7153],[104.52336,-1.71508],[104.52194,-1.71544]],[[104.50383,-1.80904],[104.50426,-1.80609],[104.50311,-1.80453]]]}},{"id":"147","type":"Feature","properties":{"year":1996,"certainty":"insufficient data"},"geometry":{"type":"MultiLineString","coordinates":[[[104.45454,-1.36952],[104.45452,-1.36843]],[[104.45454,-1.3684],[104.45454,-1.36823]],[[104.45508,-1.36548],[104.45508,-1.36477],[104.45521,-1.36456],[104.45552,-1.36477],[104.45618,-1.35669]]]}},{"id":"148","type":"Feature","properties":{"year":1996,"certainty":"good"},"geometry":{"type":"MultiLineString","coordinates":[[[104.52147,-1.71487],[104.52444,-1.71386],[104.52699,-1.71056],[104.52713,-1.71029],[104.5267,-1.71001],[104.52727,-1.70974],[104.5266,-1.70963],[104.52638,-1.7092],[104.52552,-1.70885],[104.52498,-1.70912],[104.52405,-1.70811],[104.52101,-1.70214],[104.51906,-1.69916],[104.51161,-1.68857],[104.51017,-1.68694],[104.50826,-1.68509],[104.50341,-1.68141],[104.50125,-1.68055],[104.50125,-1.68012],[104.50017,-1.67995],[104.50049,-1.67961],[104.50023,-1.67934],[104.50039,-1.67907],[104.49937,-1.6789],[104.49826,-1.67771],[104.49763,-1.67635],[104.49758,-1.67472],[104.49387,-1.66902],[104.49403,-1.66685],[104.49303,-1.66658],[104.49243,-1.66577],[104.49155,-1.6635],[104.48956,-1.66034],[104.48863,-1.65817],[104.48353,-1.64975],[104.47878,-1.64052],[104.4792,-1.63998],[104.47888,-1.63925],[104.47794,-1.63889],[104.47349,-1.63123],[104.47002,-1.62315],[104.46968,-1.62288],[104.46905,-1.62125],[104.46931,-1.61962],[104.46807,-1.61799],[104.46844,-1.61745],[104.46777,-1.61609],[104.46794,-1.61555],[104.46675,-1.61493],[104.46675,-1.61454],[104.46764,-1.61446],[104.46702,-1.61443],[104.46653,-1.61392],[104.46706,-1.61202],[104.46655,-1.61039],[104.46601,-1.60985],[104.46604,-1.60931],[104.46552,-1.60849],[104.46513,-1.60818],[104.46486,-1.60875],[104.46477,-1.60849],[104.46443,-1.60714],[104.46486,-1.60669],[104.46567,-1.60749],[104.46567,-1.6069],[104.46352,-1.60027],[104.46293,-1.59899],[104.46233,-1.59845],[104.46244,-1.59774],[104.46183,-1.59764],[104.46233,-1.59736],[104.46131,-1.59519],[104.46136,-1.59444],[104.45975,-1.58922],[104.45976,-1.58841],[104.4592,-1.5878],[104.45893,-1.58802],[104.45874,-1.58759],[104.45906,-1.58705],[104.45899,-1.58596],[104.45839,-1.58542],[104.45786,-1.58135],[104.45757,-1.58135],[104.4576,-1.57945],[104.45732,-1.57937],[104.45678,-1.57991],[104.45654,-1.57972],[104.45637,-1.57755],[104.45458,-1.57104],[104.45451,-1.56941],[104.45515,-1.56832],[104.45472,-1.56724],[104.45482,-1.56642],[104.45434,-1.56588],[104.45462,-1.56611],[104.45492,-1.56561],[104.45363,-1.56452],[104.45373,-1.56371],[104.45317,-1.56316],[104.45382,-1.56268],[104.45369,-1.56208],[104.45409,-1.56164],[104.45475,-1.56316],[104.45543,-1.56317],[104.45551,-1.56262],[104.45518,-1.56208],[104.45517,-1.56071],[104.45436,-1.55909],[104.45436,-1.55747],[104.45268,-1.54959],[104.45237,-1.54688],[104.45274,-1.54576],[104.45202,-1.54579],[104.4522,-1.54542],[104.45274,-1.54543],[104.45279,-1.54498],[104.4522,-1.54326],[104.45074,-1.54227],[104.44663,-1.53304],[104.44485,-1.52788],[104.44446,-1.52761],[104.44465,-1.52707],[104.4439,-1.52625],[104.44367,-1.52137],[104.44303,-1.52028],[104.44233,-1.51784],[104.44167,-1.51757],[104.44136,-1.51675],[104.44061,-1.51603],[104.43977,-1.51295],[104.44008,-1.51295],[104.44013,-1.51241],[104.43981,-1.5126],[104.43954,-1.51184],[104.43919,-1.50779],[104.43976,-1.50264],[104.43956,-1.49857],[104.43986,-1.49748],[104.43955,-1.49667],[104.4401,-1.49097],[104.43986,-1.4907],[104.43986,-1.48744],[104.44042,-1.4869],[104.44019,-1.48581],[104.44066,-1.485],[104.44098,-1.48011],[104.44116,-1.4796],[104.44152,-1.47984],[104.44118,-1.47957],[104.44247,-1.47061],[104.44477,-1.46166],[104.44656,-1.45777],[104.44802,-1.45189],[104.44928,-1.44863],[104.44924,-1.44782],[104.45007,-1.44623],[104.44971,-1.44592],[104.45061,-1.44465],[104.45044,-1.44429],[104.45142,-1.44185],[104.45139,-1.44157],[104.45066,-1.4413],[104.45097,-1.44076],[104.45108,-1.43913],[104.45169,-1.43841],[104.45221,-1.43588],[104.45307,-1.43425],[104.4525,-1.43413],[104.45223,-1.4345],[104.45142,-1.43399],[104.45142,-1.4336],[104.45223,-1.43347],[104.45277,-1.4339],[104.45331,-1.43351],[104.45338,-1.43289],[104.45282,-1.43262],[104.45333,-1.4318],[104.45304,-1.43121],[104.45493,-1.43081],[104.45544,-1.42936],[104.45601,-1.42871],[104.45767,-1.42828],[104.45741,-1.42746],[104.45791,-1.42366],[104.45776,-1.42122],[104.45822,-1.41661],[104.45693,-1.40168],[104.45501,-1.39354],[104.45275,-1.38784],[104.45285,-1.38282]],[[104.45275,-1.38064],[104.45287,-1.37902]],[[104.45296,-1.37576],[104.45295,-1.37372],[104.45332,-1.37309],[104.45413,-1.37273],[104.45467,-1.37155],[104.45413,-1.37077],[104.45354,-1.37074],[104.45406,-1.37047],[104.45454,-1.36952]],[[104.45452,-1.36843],[104.45454,-1.3684]],[[104.45454,-1.36823],[104.45437,-1.36775],[104.45497,-1.36667],[104.45508,-1.36548]],[[104.45409,-1.5672],[104.45457,-1.56724],[104.45451,-1.56805],[104.45481,-1.56832],[104.45435,-1.56847]],[[104.50473,-1.80333],[104.50926,-1.80663],[104.51039,-1.80701],[104.51147,-1.80695],[104.5162,-1.805],[104.51713,-1.80382],[104.51848,-1.80349],[104.52002,-1.80392],[104.52091,-1.80285],[104.52145,-1.80285],[104.52253,-1.80166],[104.52442,-1.80154],[104.52577,-1.79998],[104.53008,-1.80032],[104.53251,-1.79804],[104.53469,-1.7966],[104.53683,-1.79184],[104.53737,-1.79109],[104.53769,-1.79117],[104.53761,-1.79063],[104.53818,-1.79066],[104.53844,-1.79035],[104.5417,-1.78547],[104.54222,-1.78571],[104.5433,-1.78502],[104.54384,-1.78379],[104.54492,-1.78315],[104.54516,-1.78357],[104.54452,-1.78411],[104.54531,-1.78438],[104.54438,-1.78455],[104.54333,-1.78601],[104.54384,-1.78627],[104.54535,-1.78574],[104.54579,-1.78466],[104.5455,-1.78411],[104.546,-1.78357],[104.54573,-1.78292],[104.54474,-1.78248],[104.54489,-1.78167],[104.54447,-1.78004],[104.54472,-1.7795],[104.54422,-1.77868],[104.54417,-1.77787],[104.54465,-1.77782],[104.54476,-1.7757],[104.54156,-1.75904]],[[104.54149,-1.75819],[104.54147,-1.75792]],[[104.54143,-1.75765],[104.54115,-1.75522],[104.54084,-1.75507],[104.54091,-1.75399],[104.53969,-1.75127],[104.53988,-1.751],[104.53902,-1.74856],[104.53846,-1.74797],[104.53849,-1.74693],[104.53669,-1.74123],[104.53633,-1.73851],[104.53219,-1.72766],[104.53246,-1.72711],[104.52423,-1.71544],[104.52336,-1.71506],[104.52201,-1.71546]],[[104.50386,-1.80904],[104.50429,-1.80609],[104.50395,-1.80527],[104.50311,-1.80448]]]}},{"id":"149","type":"Feature","properties":{"year":1996,"certainty":"unstable data"},"geometry":{"type":"MultiLineString","coordinates":[[[104.45285,-1.38282],[104.45275,-1.38064]],[[104.45287,-1.37902],[104.45296,-1.37576]],[[104.54156,-1.75904],[104.54149,-1.75819]],[[104.54147,-1.75792],[104.54143,-1.75765]]]}},{"id":"150","type":"Feature","properties":{"year":1997,"certainty":"good"},"geometry":{"type":"MultiLineString","coordinates":[[[104.52147,-1.71488],[104.52406,-1.71408],[104.52553,-1.71219],[104.52512,-1.71191],[104.52552,-1.71113],[104.52598,-1.71137],[104.52579,-1.71176],[104.5266,-1.7108],[104.52554,-1.71056],[104.5249,-1.70893],[104.52363,-1.70748],[104.52094,-1.70218],[104.51098,-1.68803],[104.50826,-1.68528],[104.50638,-1.6843],[104.50314,-1.6814],[104.4999,-1.68019],[104.49992,-1.67934],[104.4991,-1.6791],[104.49775,-1.67743],[104.49731,-1.67635],[104.49749,-1.675],[104.49667,-1.67434],[104.49353,-1.66875],[104.49394,-1.66794],[104.49385,-1.66712],[104.4929,-1.66667],[104.49224,-1.66577],[104.49142,-1.66359],[104.48835,-1.65789],[104.48237,-1.64785],[104.47942,-1.64188],[104.47448,-1.63319],[104.46783,-1.61877],[104.46456,-1.60876],[104.46399,-1.60551],[104.46435,-1.60551],[104.46427,-1.60496],[104.46298,-1.60293],[104.46309,-1.60144],[104.46263,-1.60008],[104.46203,-1.59981],[104.46182,-1.59926],[104.46195,-1.59845],[104.46004,-1.59302],[104.46014,-1.59221],[104.45897,-1.59031],[104.45923,-1.58976],[104.45895,-1.58868],[104.45806,-1.58624],[104.45766,-1.58596],[104.45736,-1.58325],[104.45633,-1.57972],[104.45629,-1.57809],[104.45563,-1.57538],[104.45529,-1.57429],[104.45447,-1.57348],[104.45491,-1.57294],[104.45484,-1.57212],[104.45431,-1.57076],[104.45355,-1.56539],[104.45301,-1.56382],[104.45243,-1.56371],[104.45235,-1.56316],[104.45271,-1.56235],[104.45269,-1.56126],[104.45216,-1.56045],[104.45266,-1.55991],[104.45247,-1.55965],[104.4522,-1.5598],[104.4522,-1.55953],[104.45247,-1.55962],[104.45274,-1.55925],[104.45301,-1.55957],[104.45358,-1.55909],[104.45328,-1.55885],[104.45306,-1.55692],[104.45329,-1.55665],[104.45271,-1.55638],[104.45281,-1.55421],[104.45228,-1.55285],[104.4518,-1.54797],[104.45142,-1.54715],[104.45183,-1.54688],[104.45127,-1.54634],[104.45075,-1.54281],[104.44597,-1.53195],[104.44473,-1.52815],[104.44423,-1.52761],[104.44433,-1.52707],[104.44363,-1.52598],[104.44345,-1.52164],[104.44298,-1.52082],[104.44288,-1.51974],[104.44203,-1.51784],[104.44142,-1.51747],[104.44123,-1.51675],[104.44048,-1.51594],[104.44017,-1.51458],[104.43964,-1.51377],[104.43984,-1.51322],[104.43954,-1.51329],[104.4394,-1.51268],[104.43965,-1.51241],[104.43931,-1.51214],[104.43913,-1.51105],[104.43936,-1.51078],[104.43896,-1.50779],[104.43967,-1.50291],[104.43956,-1.49531],[104.4399,-1.49124],[104.4396,-1.48934],[104.43994,-1.48473],[104.44064,-1.48065],[104.44059,-1.48011],[104.43974,-1.47984],[104.44006,-1.47794],[104.44035,-1.47727],[104.44059,-1.4774],[104.44011,-1.47875],[104.44062,-1.47976],[104.44115,-1.47631],[104.44093,-1.47468],[104.44265,-1.4679],[104.44766,-1.45297],[104.44872,-1.44712],[104.44855,-1.44646],[104.44889,-1.44483],[104.44927,-1.44456],[104.44946,-1.44239],[104.45066,-1.43859],[104.45112,-1.43398],[104.45212,-1.42963],[104.45277,-1.42924],[104.45331,-1.42939],[104.45385,-1.4282],[104.45385,-1.42967],[104.45421,-1.42963],[104.45493,-1.42841],[104.45547,-1.42893],[104.45639,-1.42855],[104.45769,-1.42339],[104.45778,-1.42122],[104.45751,-1.42041],[104.45792,-1.41362],[104.4567,-1.40087],[104.45593,-1.39707],[104.45345,-1.39028],[104.45271,-1.38919],[104.45229,-1.38675],[104.45259,-1.38458],[104.45223,-1.38132],[104.45265,-1.37888],[104.45264,-1.37427],[104.4544,-1.37097],[104.4555,-1.36477],[104.45635,-1.35669]],[[104.45316,-1.56045],[104.45368,-1.56018],[104.45355,-1.55944],[104.45292,-1.56018],[104.45301,-1.56066],[104.45316,-1.56045]],[[104.45332,-1.56126],[104.4538,-1.56099],[104.45382,-1.56067],[104.45329,-1.56099],[104.45332,-1.56126]],[[104.50473,-1.80331],[104.50926,-1.80663],[104.51039,-1.80698],[104.51147,-1.8069],[104.51633,-1.80489],[104.51713,-1.80376],[104.51821,-1.8034],[104.51983,-1.80399],[104.52064,-1.80295],[104.52145,-1.80276],[104.52253,-1.80157],[104.52423,-1.80148],[104.5255,-1.8],[104.52631,-1.79984],[104.52981,-1.80036],[104.53498,-1.79578],[104.53681,-1.79062],[104.53816,-1.78873],[104.53924,-1.78628],[104.54034,-1.78476],[104.54088,-1.78465],[104.54136,-1.78221],[104.54207,-1.78167],[104.5422,-1.78086],[104.54251,-1.78058],[104.54232,-1.78113],[104.54295,-1.7814],[104.54284,-1.78194],[104.5433,-1.78252],[104.54384,-1.78219],[104.54411,-1.78242],[104.54372,-1.78031],[104.54436,-1.77706],[104.54377,-1.77081],[104.5409,-1.75643],[104.53995,-1.75344],[104.54012,-1.75317],[104.53954,-1.751],[104.53645,-1.7415],[104.53613,-1.73879],[104.53546,-1.73743],[104.5326,-1.7282],[104.53103,-1.72521],[104.52755,-1.72006],[104.52393,-1.71544],[104.52309,-1.71506],[104.52201,-1.71544]],[[104.50382,-1.80904],[104.50412,-1.80582],[104.50311,-1.80448]]]}},{"id":"151","type":"Feature","properties":{"year":1998,"certainty":"good"},"geometry":{"type":"MultiLineString","coordinates":[[[104.52147,-1.71488],[104.52429,-1.71381],[104.52516,-1.71246],[104.52496,-1.71219],[104.52579,-1.71082],[104.52579,-1.71001],[104.52525,-1.70973],[104.52387,-1.70784],[104.5204,-1.70148],[104.51109,-1.6883],[104.50826,-1.6854],[104.50638,-1.68445],[104.5026,-1.68113],[104.4999,-1.6803],[104.49991,-1.67934],[104.49932,-1.67934],[104.49773,-1.67744],[104.49704,-1.675],[104.49331,-1.66875],[104.49386,-1.66794],[104.49384,-1.66739],[104.49282,-1.66685],[104.49183,-1.66549],[104.4912,-1.66359],[104.48756,-1.65654],[104.47618,-1.63672],[104.46945,-1.62288],[104.46538,-1.61175],[104.46397,-1.60551],[104.46294,-1.60279],[104.4626,-1.60035],[104.46182,-1.59926],[104.46195,-1.59845],[104.46119,-1.59655],[104.46131,-1.59601],[104.45759,-1.58635],[104.45483,-1.57484],[104.45467,-1.57294],[104.45326,-1.56832],[104.4534,-1.56724],[104.45291,-1.56615],[104.4522,-1.5653],[104.45157,-1.56506],[104.45135,-1.56452],[104.4522,-1.55842],[104.4524,-1.55909],[104.45275,-1.55882],[104.45256,-1.55665],[104.45224,-1.55611],[104.45248,-1.55584],[104.45235,-1.55421],[104.45199,-1.55339],[104.45199,-1.55177],[104.45076,-1.54362],[104.44961,-1.54037],[104.44621,-1.53277],[104.44472,-1.52842],[104.44404,-1.52761],[104.44334,-1.52164],[104.44273,-1.52055],[104.44206,-1.51811],[104.44052,-1.51621],[104.43945,-1.51268],[104.43885,-1.50779],[104.4396,-1.50454],[104.43931,-1.50399],[104.43956,-1.50318],[104.43925,-1.50155],[104.43964,-1.50047],[104.43899,-1.49911],[104.43895,-1.49802],[104.43927,-1.49803],[104.43976,-1.49721],[104.43986,-1.49232],[104.43942,-1.48934],[104.43965,-1.48527],[104.43925,-1.48445],[104.44008,-1.48359],[104.44076,-1.48147],[104.44078,-1.48011],[104.44008,-1.47994],[104.44003,-1.47957],[104.44062,-1.47967],[104.44093,-1.47903],[104.44135,-1.4736],[104.44195,-1.47088],[104.44225,-1.47061],[104.44247,-1.4679],[104.44381,-1.46491],[104.44381,-1.46356],[104.44413,-1.46332],[104.44397,-1.46301],[104.4444,-1.46256],[104.44517,-1.45976],[104.44631,-1.45813],[104.44686,-1.45623],[104.44645,-1.45596],[104.44659,-1.45542],[104.44683,-1.45519],[104.4471,-1.45542],[104.4469,-1.45487],[104.44809,-1.45107],[104.4476,-1.45026],[104.4478,-1.4489],[104.44818,-1.44863],[104.44869,-1.447],[104.44842,-1.44646],[104.44872,-1.44429],[104.44953,-1.44231],[104.4498,-1.44279],[104.45016,-1.44266],[104.44965,-1.44212],[104.45026,-1.43832],[104.45102,-1.43669],[104.45088,-1.43575],[104.45151,-1.43506],[104.45176,-1.43343],[104.45226,-1.43289],[104.45196,-1.433],[104.45191,-1.43262],[104.45221,-1.43235],[104.45205,-1.43072],[104.45237,-1.43018],[104.45215,-1.4299],[104.45331,-1.43003],[104.45385,-1.42884],[104.45412,-1.42934],[104.45493,-1.42797],[104.45601,-1.4278],[104.45632,-1.42665],[104.45655,-1.42644],[104.45685,-1.42665],[104.4574,-1.42421],[104.45791,-1.41362],[104.45687,-1.40249],[104.45553,-1.39598],[104.45261,-1.38892],[104.45219,-1.38675],[104.45261,-1.37454],[104.45413,-1.37141],[104.45517,-1.3664],[104.45521,-1.36423],[104.45625,-1.35669]],[[104.50473,-1.80328],[104.50931,-1.80662],[104.51039,-1.80695],[104.51147,-1.80686],[104.51606,-1.80497],[104.51713,-1.80367],[104.51821,-1.80335],[104.51983,-1.80387],[104.52064,-1.80289],[104.52145,-1.80271],[104.52253,-1.80156],[104.52415,-1.80147],[104.5255,-1.79994],[104.52981,-1.8003],[104.53224,-1.79788],[104.53413,-1.79666],[104.53479,-1.79578],[104.53657,-1.79225],[104.53656,-1.79159],[104.53758,-1.78927],[104.53816,-1.78873],[104.53922,-1.78628],[104.54067,-1.78438],[104.54142,-1.78239],[104.54222,-1.78171],[104.54249,-1.78239],[104.54276,-1.78225],[104.5433,-1.78269],[104.54384,-1.78194],[104.54366,-1.78031],[104.54441,-1.77787],[104.54416,-1.77353],[104.54165,-1.76131],[104.54142,-1.75903],[104.5396,-1.751],[104.53676,-1.74259],[104.53585,-1.73933],[104.53588,-1.73824],[104.53533,-1.73743],[104.53343,-1.73064],[104.53152,-1.7263],[104.52498,-1.71659],[104.52332,-1.71517],[104.52196,-1.71544]],[[104.50381,-1.80904],[104.50414,-1.80582],[104.50311,-1.80452]]]}},{"id":"152","type":"Feature","properties":{"year":1999,"certainty":"good"},"geometry":{"type":"MultiLineString","coordinates":[[[104.52147,-1.71486],[104.52309,-1.71448],[104.5243,-1.71381],[104.52648,-1.7111],[104.52633,-1.71011],[104.52304,-1.70621],[104.52094,-1.70218],[104.51116,-1.6883],[104.50826,-1.6854],[104.50638,-1.68441],[104.50341,-1.68167],[104.4999,-1.68024],[104.49985,-1.67907],[104.49908,-1.67852],[104.49829,-1.67716],[104.49748,-1.67698],[104.49748,-1.6749],[104.49667,-1.67443],[104.49314,-1.66875],[104.4937,-1.66821],[104.49371,-1.66739],[104.49263,-1.66682],[104.49177,-1.66549],[104.49109,-1.66359],[104.48508,-1.6519],[104.48334,-1.64948],[104.4833,-1.64894],[104.48103,-1.64552],[104.48019,-1.64351],[104.47618,-1.63672],[104.47546,-1.63482],[104.4751,-1.6346],[104.47239,-1.62939],[104.46891,-1.62125],[104.46594,-1.61326],[104.46403,-1.60605],[104.46418,-1.60551],[104.46218,-1.59899],[104.46164,-1.59546],[104.4608,-1.59438],[104.45929,-1.59004],[104.45866,-1.58949],[104.45874,-1.58868],[104.45732,-1.58516],[104.45481,-1.57429],[104.45496,-1.57375],[104.45326,-1.56832],[104.4534,-1.56724],[104.4529,-1.56615],[104.45143,-1.56452],[104.45205,-1.55991],[104.45278,-1.55882],[104.45204,-1.55339],[104.45241,-1.55285],[104.45221,-1.55095],[104.45176,-1.55014],[104.45079,-1.54389],[104.44472,-1.52842],[104.44401,-1.52761],[104.44333,-1.52164],[104.44204,-1.51811],[104.44136,-1.51757],[104.44007,-1.51516],[104.4397,-1.51349],[104.43981,-1.51236],[104.43949,-1.51268],[104.4396,-1.51132],[104.44041,-1.51078],[104.43927,-1.51008],[104.43916,-1.50969],[104.43954,-1.50917],[104.44008,-1.50915],[104.43981,-1.50834],[104.43954,-1.50855],[104.43934,-1.50834],[104.43983,-1.50454],[104.43948,-1.50291],[104.43968,-1.50047],[104.43914,-1.49938],[104.43902,-1.4983],[104.43965,-1.4983],[104.4399,-1.49748],[104.44021,-1.49504],[104.44,-1.49341],[104.44032,-1.49287],[104.43966,-1.48961],[104.4395,-1.48635],[104.43981,-1.4851],[104.4403,-1.48473],[104.43992,-1.48391],[104.44014,-1.4831],[104.44062,-1.48278],[104.44089,-1.48341],[104.44116,-1.4831],[104.4408,-1.4812],[104.44117,-1.48011],[104.44111,-1.47848],[104.44149,-1.47794],[104.44169,-1.47414],[104.44149,-1.47278],[104.44219,-1.47251],[104.44176,-1.47197],[104.44226,-1.47143],[104.44194,-1.47088],[104.44259,-1.47034],[104.44224,-1.4699],[104.44229,-1.46926],[104.44375,-1.46491],[104.44348,-1.46437],[104.44374,-1.46329],[104.4444,-1.4625],[104.44467,-1.46053],[104.44558,-1.4603],[104.44548,-1.46001],[104.44521,-1.46018],[104.44516,-1.45976],[104.44575,-1.4596],[104.44655,-1.45704],[104.44659,-1.45542],[104.44822,-1.45107],[104.44759,-1.45026],[104.44823,-1.44944],[104.44791,-1.4496],[104.44787,-1.44917],[104.4488,-1.447],[104.44855,-1.44646],[104.44953,-1.44272],[104.45,-1.44239],[104.44975,-1.44185],[104.45027,-1.4394],[104.45196,-1.43447],[104.45249,-1.43099],[104.45331,-1.43016],[104.45385,-1.4289],[104.45412,-1.42986],[104.45466,-1.4285],[104.4552,-1.42824],[104.45554,-1.42855],[104.4554,-1.42773],[104.45601,-1.4278],[104.45655,-1.42644],[104.45682,-1.42694],[104.45736,-1.42438],[104.45782,-1.41389],[104.45667,-1.40168],[104.4555,-1.39625],[104.45251,-1.38864],[104.45215,-1.38648],[104.45255,-1.37508],[104.4527,-1.37427],[104.45386,-1.37251],[104.45541,-1.36694],[104.45521,-1.36531],[104.45638,-1.35669]],[[104.49974,-1.67771],[104.49977,-1.67717],[104.49937,-1.67709],[104.49941,-1.67744],[104.49974,-1.67771]],[[104.50473,-1.80328],[104.50931,-1.80659],[104.51039,-1.80695],[104.51174,-1.80679],[104.51633,-1.8048],[104.51713,-1.80363],[104.51821,-1.80331],[104.51983,-1.80385],[104.52064,-1.80288],[104.52145,-1.80264],[104.52253,-1.80152],[104.52415,-1.80142],[104.5257,-1.79985],[104.53008,-1.80014],[104.53224,-1.79782],[104.53437,-1.79632],[104.53508,-1.79524],[104.53657,-1.79225],[104.5371,-1.79013],[104.5381,-1.78873],[104.53872,-1.78707],[104.54067,-1.78438],[104.54142,-1.78246],[104.5422,-1.78194],[104.54276,-1.783],[104.54369,-1.78303],[104.54331,-1.78276],[104.54384,-1.78194],[104.54371,-1.78031],[104.5446,-1.77733],[104.54415,-1.77353],[104.54165,-1.76131],[104.54144,-1.75887],[104.5402,-1.75399],[104.5404,-1.75263],[104.53672,-1.74231],[104.53588,-1.73906],[104.53601,-1.7377],[104.53512,-1.73634],[104.53307,-1.72917],[104.53102,-1.72521],[104.52499,-1.71653],[104.52309,-1.71514],[104.52191,-1.71544]],[[104.5038,-1.80904],[104.50414,-1.80582],[104.50311,-1.80454]]]}},{"id":"153","type":"Feature","properties":{"year":2000,"certainty":"good"},"geometry":{"type":"MultiLineString","coordinates":[[[104.52147,-1.71486],[104.5239,-1.71415],[104.52633,-1.71155],[104.52645,-1.7111],[104.52594,-1.70947],[104.52327,-1.70621],[104.52095,-1.70214],[104.51109,-1.6883],[104.50826,-1.68549],[104.50638,-1.68445],[104.50449,-1.68253],[104.50045,-1.67988],[104.50043,-1.67934],[104.49955,-1.67852],[104.49992,-1.67825],[104.49964,-1.67766],[104.49586,-1.67337],[104.4932,-1.66875],[104.49369,-1.66821],[104.49368,-1.66739],[104.4929,-1.66708],[104.49203,-1.66604],[104.48621,-1.65409],[104.4836,-1.65002],[104.48344,-1.64921],[104.48265,-1.64831],[104.48021,-1.64351],[104.47615,-1.63672],[104.47531,-1.63509],[104.47552,-1.63482],[104.4751,-1.63457],[104.47214,-1.62889],[104.4722,-1.62831],[104.4716,-1.62676],[104.47025,-1.62474],[104.4684,-1.62044],[104.46813,-1.61854],[104.46695,-1.61555],[104.46641,-1.61311],[104.46486,-1.60958],[104.46482,-1.60849],[104.46354,-1.60442],[104.46302,-1.60116],[104.46167,-1.59628],[104.45904,-1.59058],[104.45729,-1.58542],[104.45624,-1.58098],[104.45633,-1.57918],[104.45324,-1.56832],[104.45343,-1.56724],[104.45238,-1.56534],[104.45136,-1.56452],[104.45159,-1.56262],[104.45196,-1.56208],[104.45166,-1.5621],[104.45165,-1.56181],[104.4521,-1.56072],[104.45208,-1.55991],[104.45276,-1.55909],[104.45222,-1.55095],[104.45191,-1.55068],[104.4507,-1.54362],[104.44967,-1.54037],[104.44654,-1.53358],[104.44475,-1.52842],[104.44396,-1.52761],[104.44326,-1.52327],[104.44333,-1.52191],[104.44277,-1.52103],[104.44191,-1.51811],[104.4412,-1.51757],[104.44029,-1.51594],[104.43954,-1.51295],[104.43942,-1.51051],[104.43981,-1.50987],[104.44015,-1.51024],[104.44047,-1.50861],[104.44012,-1.50589],[104.43937,-1.50535],[104.43961,-1.50454],[104.43942,-1.50399],[104.43971,-1.50372],[104.4393,-1.50291],[104.43934,-1.50182],[104.43966,-1.50047],[104.43924,-1.49911],[104.43962,-1.49884],[104.44031,-1.49694],[104.44045,-1.49477],[104.44011,-1.49341],[104.4404,-1.49124],[104.43979,-1.49042],[104.44012,-1.48934],[104.43975,-1.4888],[104.43967,-1.48771],[104.43981,-1.48608],[104.44047,-1.48581],[104.43954,-1.48395],[104.44019,-1.48337],[104.44035,-1.48262],[104.44096,-1.48228],[104.4408,-1.4812],[104.44157,-1.47794],[104.44154,-1.47278],[104.44221,-1.47251],[104.44252,-1.47088],[104.44305,-1.47034],[104.44234,-1.46953],[104.44278,-1.46866],[104.44285,-1.46763],[104.44359,-1.46602],[104.44386,-1.46631],[104.44415,-1.466],[104.44417,-1.46519],[104.44348,-1.46464],[104.44383,-1.46329],[104.44413,-1.46295],[104.44479,-1.46301],[104.44526,-1.46111],[104.4447,-1.46111],[104.44494,-1.46068],[104.44575,-1.46057],[104.44615,-1.46003],[104.44594,-1.45949],[104.44633,-1.45921],[104.44608,-1.45894],[104.44691,-1.45732],[104.44698,-1.45569],[104.4466,-1.45542],[104.4471,-1.45519],[104.44694,-1.45433],[104.44766,-1.45352],[104.44822,-1.45107],[104.44818,-1.45046],[104.44791,-1.45065],[104.44758,-1.45026],[104.44818,-1.45025],[104.44846,-1.44944],[104.44791,-1.4496],[104.44781,-1.44917],[104.44818,-1.44876],[104.44845,-1.44895],[104.44891,-1.44809],[104.44859,-1.44754],[104.44892,-1.44673],[104.44874,-1.44592],[104.44953,-1.44486],[104.44944,-1.44402],[104.45007,-1.44388],[104.45029,-1.44347],[104.45026,-1.44157],[104.4506,-1.44076],[104.45027,-1.4394],[104.45058,-1.43913],[104.45094,-1.43723],[104.45166,-1.43642],[104.45136,-1.43615],[104.45169,-1.43556],[104.45235,-1.4356],[104.45204,-1.43506],[104.45223,-1.43382],[104.4525,-1.43448],[104.45277,-1.434],[104.45304,-1.43425],[104.45313,-1.43398],[104.45277,-1.43339],[104.4525,-1.43395],[104.45225,-1.4337],[104.4525,-1.43258],[104.45304,-1.4327],[104.45336,-1.43262],[104.45304,-1.43227],[104.45277,-1.4326],[104.4525,-1.43219],[104.45269,-1.43099],[104.45304,-1.43089],[104.45301,-1.43045],[104.45385,-1.429],[104.45412,-1.42986],[104.45466,-1.4285],[104.4552,-1.42826],[104.45547,-1.42871],[104.45595,-1.42828],[104.45655,-1.42673],[104.45682,-1.42705],[104.45709,-1.42668],[104.45771,-1.42258],[104.45747,-1.42231],[104.45756,-1.42041],[104.45804,-1.41742],[104.45653,-1.40114],[104.45559,-1.39707],[104.45308,-1.38974],[104.45197,-1.38759],[104.45194,-1.38648],[104.45221,-1.38268],[104.45198,-1.38132],[104.45256,-1.37861],[104.45251,-1.37642],[104.45272,-1.37562],[104.45306,-1.37562],[104.45302,-1.37481],[104.45332,-1.37469],[104.45345,-1.37318],[104.45421,-1.37155],[104.45521,-1.36691],[104.45541,-1.36341],[104.45605,-1.36124],[104.456,-1.35825],[104.45629,-1.35669]],[[104.50473,-1.80327],[104.5085,-1.80615],[104.51039,-1.80696],[104.51201,-1.80673],[104.51606,-1.80495],[104.5171,-1.80365],[104.51794,-1.80335],[104.51983,-1.80383],[104.52064,-1.80284],[104.52145,-1.80263],[104.52253,-1.80154],[104.52415,-1.80137],[104.52577,-1.79979],[104.52981,-1.80023],[104.53143,-1.79834],[104.53409,-1.79632],[104.53529,-1.7947],[104.53657,-1.79225],[104.53753,-1.78927],[104.53899,-1.78666],[104.54142,-1.78371],[104.54222,-1.78324],[104.54411,-1.78417],[104.54465,-1.78384],[104.54408,-1.7814],[104.54438,-1.78074],[104.54457,-1.77733],[104.54415,-1.77353],[104.54043,-1.7548],[104.54048,-1.75263],[104.53672,-1.74231],[104.53583,-1.73906],[104.53577,-1.73716],[104.5351,-1.73634],[104.53441,-1.73283],[104.53407,-1.73254],[104.5328,-1.72874],[104.53097,-1.72521],[104.52499,-1.71653],[104.52282,-1.71508],[104.52174,-1.71542]],[[104.50381,-1.80904],[104.50412,-1.80582],[104.50311,-1.80456]]]}},{"id":"154","type":"Feature","properties":{"year":2001,"certainty":"insufficient data"},"geometry":{"type":"MultiLineString","coordinates":[[[104.52147,-1.71486],[104.5239,-1.71416],[104.52667,-1.71137],[104.52603,-1.70947],[104.52371,-1.70676],[104.51944,-1.69983]],[[104.51396,-1.69196],[104.5102,-1.68721],[104.50826,-1.68549],[104.50615,-1.68423],[104.50449,-1.68246],[104.50258,-1.68124],[104.5026,-1.68069],[104.50233,-1.68091],[104.5007,-1.67934],[104.49748,-1.67495],[104.49559,-1.67323],[104.49518,-1.67201],[104.49419,-1.67065],[104.4942,-1.67011],[104.4937,-1.66996],[104.49333,-1.66875],[104.49367,-1.66767],[104.4929,-1.66722],[104.49152,-1.66522],[104.48885,-1.65877],[104.4836,-1.65002],[104.48344,-1.64921],[104.48265,-1.64831],[104.47894,-1.64079],[104.47564,-1.63525],[104.47414,-1.63211],[104.47427,-1.63184],[104.47322,-1.63099],[104.47212,-1.62885],[104.47247,-1.62858],[104.47112,-1.62532],[104.47052,-1.62526],[104.46988,-1.62424],[104.46934,-1.62234],[104.4681,-1.61989],[104.46795,-1.61881],[104.46864,-1.61871],[104.46891,-1.61826],[104.46837,-1.61845],[104.46803,-1.61799],[104.46788,-1.61664],[104.46675,-1.6134],[104.46658,-1.61148],[104.46511,-1.61039],[104.4649,-1.60876],[104.46363,-1.60524],[104.46338,-1.6033]],[[104.46269,-1.59994],[104.46257,-1.59982]],[[104.46245,-1.59913],[104.4623,-1.59886]],[[104.46165,-1.59641],[104.46136,-1.59574],[104.46109,-1.5959],[104.46055,-1.59542],[104.4594,-1.59166],[104.45853,-1.59004],[104.45882,-1.58949],[104.45859,-1.58909]],[[104.45723,-1.58529],[104.45624,-1.5812],[104.45643,-1.57918],[104.45565,-1.57646],[104.45552,-1.57511],[104.45577,-1.57484],[104.45529,-1.57456],[104.45518,-1.57348],[104.45416,-1.57117]],[[104.45146,-1.56466],[104.45148,-1.56262],[104.45201,-1.56235],[104.4522,-1.56181],[104.45247,-1.56229],[104.45275,-1.56208],[104.45247,-1.56154],[104.4522,-1.5618],[104.45189,-1.56154],[104.45238,-1.56126],[104.45204,-1.56045],[104.45267,-1.55909],[104.45231,-1.55828],[104.45237,-1.55774],[104.4528,-1.55746],[104.45269,-1.55679]],[[104.45234,-1.5524],[104.45072,-1.54389],[104.4497,-1.54009],[104.449,-1.53887]],[[104.44859,-1.53779],[104.44672,-1.53412],[104.4456,-1.5308]],[[104.44479,-1.52883],[104.44466,-1.52805],[104.44381,-1.52761],[104.44401,-1.52707],[104.44356,-1.52571],[104.44333,-1.52191],[104.44277,-1.52102],[104.44261,-1.51987]],[[104.44042,-1.50847],[104.44008,-1.50764],[104.43954,-1.50785],[104.43909,-1.50752],[104.43901,-1.50644],[104.43961,-1.50617],[104.439,-1.50613],[104.43911,-1.50481],[104.43872,-1.50427],[104.43913,-1.50345],[104.43872,-1.50264],[104.43927,-1.50136],[104.43908,-1.49965],[104.43927,-1.49908],[104.43996,-1.49884],[104.44008,-1.49789]],[[104.44009,-1.4854],[104.43999,-1.48473],[104.43926,-1.48391],[104.44004,-1.48093],[104.43981,-1.47901],[104.44008,-1.47738],[104.44048,-1.47713],[104.44032,-1.47631],[104.44064,-1.47604],[104.44089,-1.47358],[104.4416,-1.47211]],[[104.45299,-1.43058],[104.45291,-1.43046]],[[104.45291,-1.43043],[104.45346,-1.4299],[104.45439,-1.42761],[104.45547,-1.42887],[104.45599,-1.42828],[104.45671,-1.42665],[104.4572,-1.42407]],[[104.45798,-1.41674],[104.45673,-1.40426]],[[104.45248,-1.37657],[104.45251,-1.37572],[104.45305,-1.37545],[104.45302,-1.37481],[104.45332,-1.37469],[104.45332,-1.37317],[104.45418,-1.3721],[104.45408,-1.37074],[104.45504,-1.36721],[104.45604,-1.3611]],[[104.50473,-1.80326],[104.50823,-1.80597],[104.51039,-1.80698],[104.51224,-1.80663],[104.51606,-1.80491],[104.51713,-1.80358],[104.51862,-1.80338]],[[104.53232,-1.79754],[104.5344,-1.79575],[104.53602,-1.7928],[104.5369,-1.79022]],[[104.5375,-1.78912],[104.53899,-1.78646],[104.54182,-1.78333]],[[104.54441,-1.77936],[104.54389,-1.77733],[104.54421,-1.77624],[104.5429,-1.76895]],[[104.5429,-1.76837],[104.54007,-1.75371],[104.54064,-1.75344],[104.54041,-1.75249]],[[104.53408,-1.73186],[104.53098,-1.72521],[104.52892,-1.7225],[104.52743,-1.71979],[104.52568,-1.71775]],[[104.52553,-1.71748],[104.52498,-1.71653],[104.52309,-1.71522],[104.52174,-1.71536]],[[104.50384,-1.80904],[104.5041,-1.80581],[104.50311,-1.80461]]]}},{"id":"155","type":"Feature","properties":{"year":2001,"certainty":"good"},"geometry":{"type":"MultiLineString","coordinates":[[[104.51944,-1.69983],[104.51396,-1.69196]],[[104.46338,-1.6033],[104.46269,-1.59994]],[[104.46257,-1.59982],[104.46245,-1.59913]],[[104.4623,-1.59886],[104.46165,-1.59641]],[[104.45859,-1.58909],[104.45723,-1.58529]],[[104.45416,-1.57117],[104.45323,-1.56832],[104.45348,-1.56724],[104.45315,-1.56615],[104.45247,-1.56508],[104.45166,-1.56497],[104.45146,-1.56466]],[[104.45269,-1.55679],[104.45234,-1.5524]],[[104.449,-1.53887],[104.44859,-1.53779]],[[104.4456,-1.5308],[104.44518,-1.53032],[104.44531,-1.52924],[104.4452,-1.52903],[104.44493,-1.52936],[104.44479,-1.52883]],[[104.44261,-1.51987],[104.44184,-1.51811],[104.44114,-1.51757],[104.44027,-1.51594],[104.43952,-1.51349],[104.43946,-1.51214],[104.43981,-1.51262],[104.44017,-1.51187],[104.43981,-1.51173],[104.43942,-1.51051],[104.43981,-1.50987],[104.44015,-1.51024],[104.44042,-1.50847]],[[104.44008,-1.49789],[104.44042,-1.4945],[104.43966,-1.49341],[104.43996,-1.49314],[104.43972,-1.49232],[104.44035,-1.4927],[104.44043,-1.49151],[104.43979,-1.49042],[104.44012,-1.48934],[104.43975,-1.4888],[104.43967,-1.48771],[104.43981,-1.48608],[104.44067,-1.48581],[104.44009,-1.4854]],[[104.4416,-1.47211],[104.4417,-1.47184],[104.44197,-1.4722],[104.44196,-1.47007],[104.4431,-1.46681],[104.44313,-1.46491],[104.44386,-1.4632],[104.44471,-1.46301],[104.44416,-1.46247],[104.44467,-1.46066],[104.44494,-1.4603],[104.44548,-1.46064],[104.44606,-1.4584],[104.44653,-1.45786],[104.44638,-1.45731],[104.44691,-1.45569],[104.44629,-1.45529],[104.44656,-1.45426],[104.44715,-1.45379],[104.44746,-1.45053],[104.44814,-1.44754],[104.4498,-1.44285],[104.45017,-1.44347],[104.4499,-1.44266],[104.45061,-1.4413],[104.45068,-1.44049],[104.45035,-1.44022],[104.45064,-1.43967],[104.45055,-1.43859],[104.45183,-1.43533],[104.45231,-1.4318],[104.45299,-1.43058]],[[104.45291,-1.43046],[104.45291,-1.43043]],[[104.4572,-1.42407],[104.45736,-1.42294],[104.45763,-1.42312],[104.45771,-1.42258],[104.4574,-1.42231],[104.45798,-1.41674]],[[104.45673,-1.40426],[104.45581,-1.39788],[104.4543,-1.39327],[104.45195,-1.38757],[104.45214,-1.38268],[104.45192,-1.38132],[104.45242,-1.37915],[104.45248,-1.37657]],[[104.45604,-1.3611],[104.45597,-1.35825],[104.45632,-1.35669]],[[104.51862,-1.80338],[104.51983,-1.80379],[104.52064,-1.80279],[104.52145,-1.80263],[104.52253,-1.80155],[104.52415,-1.8013],[104.52577,-1.79975],[104.52981,-1.8002],[104.53232,-1.79754]],[[104.5369,-1.79022],[104.5375,-1.78912]],[[104.54182,-1.78333],[104.54222,-1.78317],[104.54249,-1.78361],[104.5433,-1.78331],[104.54343,-1.78384],[104.5444,-1.78411],[104.54438,-1.78207],[104.54397,-1.7814],[104.5445,-1.78004],[104.54441,-1.77936]],[[104.5429,-1.76895],[104.5429,-1.76837]],[[104.54041,-1.75249],[104.53696,-1.74313],[104.53562,-1.7377],[104.53606,-1.73743],[104.53589,-1.73661],[104.53408,-1.73186]],[[104.52568,-1.71775],[104.52553,-1.71748]]]}},{"id":"156","type":"Feature","properties":{"year":2002,"certainty":"insufficient data"},"geometry":{"type":"MultiLineString","coordinates":[[[104.45175,-1.38621],[104.45184,-1.38051],[104.4524,-1.37888],[104.45234,-1.37562],[104.45332,-1.37445],[104.45304,-1.37318],[104.45359,-1.37219],[104.45393,-1.37237],[104.45386,-1.37129],[104.45415,-1.37155],[104.45393,-1.37074],[104.45486,-1.36667],[104.45593,-1.35669]],[[104.52336,-1.71408],[104.52396,-1.71381],[104.52471,-1.71262],[104.52525,-1.71273],[104.52575,-1.71191],[104.52548,-1.71164],[104.52571,-1.71056],[104.52498,-1.70882],[104.52363,-1.70711],[104.51996,-1.70078],[104.5111,-1.6883],[104.50825,-1.68558],[104.50611,-1.68429],[104.50449,-1.68253],[104.50242,-1.68124],[104.50044,-1.67922],[104.49937,-1.67739],[104.49735,-1.675],[104.49667,-1.67445],[104.4964,-1.67472],[104.4962,-1.67445],[104.49639,-1.67418],[104.49559,-1.67335],[104.49466,-1.67119],[104.49335,-1.66929],[104.49321,-1.66875],[104.49351,-1.66848],[104.49357,-1.66767],[104.4929,-1.66727],[104.49178,-1.66577],[104.49059,-1.66278],[104.48876,-1.65898],[104.4872,-1.65654],[104.48715,-1.65599],[104.48269,-1.64867],[104.47955,-1.64242],[104.47304,-1.63102],[104.46988,-1.62424],[104.46899,-1.62152],[104.46837,-1.62066],[104.46778,-1.61881],[104.46808,-1.61826],[104.46783,-1.6173],[104.46752,-1.61718],[104.46685,-1.61555],[104.46657,-1.61311],[104.46591,-1.61284],[104.46531,-1.61094],[104.46546,-1.61066],[104.46485,-1.60958],[104.46466,-1.60795],[104.46244,-1.60146],[104.46244,-1.60035],[104.4619,-1.59986],[104.46155,-1.59791],[104.46109,-1.59709],[104.46119,-1.59655],[104.45853,-1.59004],[104.45708,-1.58515],[104.45614,-1.58108],[104.45546,-1.57565],[104.45318,-1.56832],[104.45343,-1.56724],[104.45247,-1.56521],[104.45166,-1.565],[104.45134,-1.56452],[104.45166,-1.56316],[104.45148,-1.56262],[104.45201,-1.56235],[104.4522,-1.56181],[104.45247,-1.56229],[104.45275,-1.56208],[104.45247,-1.56154],[104.4522,-1.5618],[104.45189,-1.56154],[104.45238,-1.56126],[104.45204,-1.56045],[104.45267,-1.55909],[104.45234,-1.55882],[104.45248,-1.55719],[104.45218,-1.55611],[104.45247,-1.55421],[104.45202,-1.55177],[104.45173,-1.55149],[104.45178,-1.54959],[104.45112,-1.54764],[104.45008,-1.54172],[104.44833,-1.53738],[104.44627,-1.53357],[104.44449,-1.52842],[104.44373,-1.52761],[104.44397,-1.52707],[104.44355,-1.52571],[104.44329,-1.52191],[104.4425,-1.52091],[104.44184,-1.51811],[104.44112,-1.51757],[104.44032,-1.51621],[104.4403,-1.51539],[104.43951,-1.51349],[104.43868,-1.50807],[104.43856,-1.49775],[104.43869,-1.49585],[104.43911,-1.49558],[104.4392,-1.49422],[104.43868,-1.48961],[104.43922,-1.48635],[104.43898,-1.48527],[104.43946,-1.48038],[104.44058,-1.47414],[104.44291,-1.46573],[104.44276,-1.46464],[104.44351,-1.46383],[104.4449,-1.45949],[104.44595,-1.45759],[104.44622,-1.45569],[104.44603,-1.45541],[104.44719,-1.45243],[104.44786,-1.44564],[104.44903,-1.4432],[104.4498,-1.44017],[104.44996,-1.44157],[104.44967,-1.44239],[104.45007,-1.44345],[104.45108,-1.43995],[104.45061,-1.43964],[104.45007,-1.44001],[104.44986,-1.4394],[104.45158,-1.43099],[104.45311,-1.43072],[104.45296,-1.43018],[104.45342,-1.4299],[104.45439,-1.42743],[104.45535,-1.42773],[104.45547,-1.42867],[104.45606,-1.42801],[104.45669,-1.42638],[104.45709,-1.4229],[104.45763,-1.42312],[104.45785,-1.42258],[104.45774,-1.42203],[104.45717,-1.42176],[104.45751,-1.41878],[104.45804,-1.41742],[104.458,-1.41661],[104.45759,-1.41606],[104.4567,-1.40222],[104.45521,-1.39624],[104.45473,-1.39625],[104.45467,-1.39683]],[[104.52733,-1.72033],[104.52714,-1.71963],[104.52525,-1.7172],[104.52336,-1.71574]],[[104.50473,-1.80326],[104.50837,-1.80609],[104.51039,-1.80699],[104.51201,-1.80664],[104.51606,-1.80478],[104.51687,-1.80359],[104.51821,-1.80329],[104.51983,-1.80378],[104.52048,-1.80283],[104.52145,-1.80256],[104.52226,-1.8016],[104.52415,-1.80126],[104.52577,-1.79974],[104.52981,-1.80019],[104.53118,-1.79849],[104.53438,-1.79578],[104.53577,-1.79334],[104.53668,-1.79062],[104.53836,-1.78737],[104.54122,-1.78384],[104.54222,-1.78317],[104.54249,-1.78361],[104.5433,-1.78331],[104.54325,-1.78384],[104.54411,-1.78412],[104.54492,-1.78402],[104.54397,-1.7814],[104.5445,-1.78004],[104.54443,-1.77868],[104.54348,-1.7776],[104.54357,-1.77701],[104.544,-1.77706],[104.54404,-1.77651],[104.5429,-1.76891],[104.543,-1.76783],[104.54245,-1.76701],[104.54162,-1.76104],[104.5398,-1.75335],[104.53978,-1.75181],[104.53896,-1.74964],[104.539,-1.74844],[104.53687,-1.74313],[104.53605,-1.73933],[104.53515,-1.73716],[104.53522,-1.73682],[104.53576,-1.73736],[104.53593,-1.73716],[104.53573,-1.73634],[104.53549,-1.73607],[104.53507,-1.73634],[104.53489,-1.73471],[104.53374,-1.73173],[104.53141,-1.7263],[104.53091,-1.72576]],[[104.50382,-1.80904],[104.5041,-1.80581],[104.50311,-1.80461]]]}},{"id":"157","type":"Feature","properties":{"year":2003,"certainty":"insufficient data"},"geometry":{"type":"MultiLineString","coordinates":[[[104.45374,-1.39164],[104.45298,-1.38974]],[[104.44385,-1.52203],[104.44442,-1.52218],[104.44399,-1.52137],[104.44364,-1.51892],[104.44252,-1.51702],[104.44229,-1.51322],[104.44177,-1.51132],[104.44219,-1.51078],[104.44171,-1.51051],[104.44181,-1.50942],[104.44154,-1.50942],[104.44142,-1.51007],[104.44094,-1.50969],[104.44163,-1.50888],[104.44181,-1.50807],[104.44141,-1.50779],[104.44182,-1.50725],[104.44155,-1.50698],[104.44203,-1.50671],[104.44136,-1.50454],[104.44183,-1.50372],[104.44141,-1.50318],[104.4417,-1.50291],[104.44143,-1.50237],[104.44178,-1.50182],[104.44141,-1.50155],[104.44171,-1.50074],[104.44135,-1.5002],[104.44164,-1.49992],[104.44152,-1.49775],[104.44187,-1.49694],[104.44165,-1.49667],[104.44209,-1.49612],[104.4414,-1.49585],[104.44198,-1.4945],[104.44168,-1.49422],[104.44255,-1.49287],[104.44206,-1.49205],[104.44224,-1.49155],[104.44251,-1.49179],[104.44261,-1.49151],[104.44224,-1.49134],[104.44224,-1.49071],[104.44251,-1.49117],[104.44264,-1.49043],[104.44219,-1.48961],[104.44265,-1.48853],[104.44245,-1.48825],[104.44276,-1.48798],[104.4423,-1.48771],[104.44218,-1.4869],[104.44278,-1.48671],[104.44305,-1.4861],[104.44268,-1.48581],[104.44312,-1.48283],[104.4439,-1.48147],[104.44386,-1.48065],[104.44324,-1.48065],[104.44396,-1.47957],[104.4437,-1.47903],[104.44413,-1.47821],[104.4439,-1.47794],[104.44411,-1.47631],[104.4437,-1.4755],[104.44429,-1.47496],[104.44379,-1.47468],[104.44474,-1.4736],[104.44456,-1.47224],[104.44536,-1.47061],[104.44525,-1.46899],[104.44572,-1.46844],[104.44563,-1.46763],[104.44604,-1.46709],[104.44591,-1.466],[104.4471,-1.46417],[104.44683,-1.46375],[104.44741,-1.46329],[104.44706,-1.46274],[104.44719,-1.46166],[104.44836,-1.45949],[104.44827,-1.45894],[104.44872,-1.45871],[104.44872,-1.45704],[104.44986,-1.4565],[104.44938,-1.45297],[104.45014,-1.45216],[104.45012,-1.45134],[104.45072,-1.4508],[104.45088,-1.44948],[104.45134,-1.44945],[104.45126,-1.44972],[104.45196,-1.45019],[104.45277,-1.44972],[104.45271,-1.44836],[104.45187,-1.44727],[104.45242,-1.44673],[104.45152,-1.44646],[104.45145,-1.44619],[104.45169,-1.44579],[104.45227,-1.44565],[104.45214,-1.44537],[104.45251,-1.4451],[104.45225,-1.44483],[104.45263,-1.44456],[104.45249,-1.44375],[104.45185,-1.44347],[104.45259,-1.44293],[104.45205,-1.44266],[104.45235,-1.44212],[104.45223,-1.44142],[104.45265,-1.44157],[104.45236,-1.44076],[104.45331,-1.43968],[104.45236,-1.43886],[104.45333,-1.43832],[104.453,-1.43805],[104.45326,-1.4375],[104.453,-1.43723],[104.45353,-1.43696],[104.4537,-1.43615],[104.45339,-1.4356],[104.45413,-1.43533],[104.45412,-1.43504],[104.45354,-1.43506],[104.45304,-1.43398],[104.45331,-1.43385],[104.45412,-1.43452],[104.45439,-1.43224],[104.45478,-1.43343],[104.45456,-1.43452],[104.45487,-1.4356],[104.45482,-1.43805],[104.4552,-1.43871],[104.45574,-1.43792],[104.45581,-1.43859],[104.45679,-1.43913],[104.45643,-1.4394],[104.45654,-1.43995],[104.4569,-1.4394],[104.45651,-1.43805],[104.45698,-1.4375],[104.45661,-1.43615],[104.45735,-1.43535],[104.45762,-1.43566],[104.4579,-1.43506],[104.45762,-1.4353],[104.45706,-1.43452],[104.45736,-1.43398],[104.45754,-1.43126],[104.45789,-1.43047],[104.45819,-1.43072],[104.45823,-1.42991],[104.45789,-1.42991],[104.45771,-1.42936],[104.45806,-1.42909],[104.45816,-1.42831],[104.45871,-1.42855],[104.45829,-1.42801],[104.45873,-1.42638],[104.45837,-1.42638],[104.45865,-1.42583],[104.45829,-1.42556],[104.45872,-1.42421],[104.45844,-1.42447],[104.45825,-1.42068],[104.45796,-1.41986],[104.45837,-1.41878],[104.45821,-1.41634],[104.45733,-1.41064],[104.45714,-1.40602],[104.45681,-1.40548],[104.45686,-1.40412],[104.45638,-1.40222]],[[104.45747,-1.56398],[104.45643,-1.56045],[104.45639,-1.55937],[104.45543,-1.55719],[104.45583,-1.55665],[104.45507,-1.55448]],[[104.46041,-1.58488],[104.46217,-1.58865],[104.46271,-1.58891],[104.46366,-1.59031],[104.46433,-1.59197],[104.4641,-1.58977],[104.46167,-1.58379],[104.4606,-1.57918],[104.45998,-1.57728],[104.45963,-1.57701],[104.45991,-1.57674],[104.45979,-1.57592],[104.45881,-1.57321]],[[104.4592,-1.58565],[104.45971,-1.58596],[104.45951,-1.58624],[104.46011,-1.58732],[104.46001,-1.58802],[104.46066,-1.58786],[104.46016,-1.58705],[104.46001,-1.58597],[104.45964,-1.58569],[104.45976,-1.58515]],[[104.48706,-1.65464],[104.4846,-1.65029],[104.48427,-1.64896],[104.48364,-1.64867],[104.48375,-1.64812],[104.48263,-1.64622],[104.48292,-1.64563],[104.48265,-1.64523],[104.48238,-1.64559],[104.48163,-1.64459],[104.48153,-1.64378],[104.47978,-1.64025],[104.47969,-1.63932],[104.47888,-1.63748],[104.47802,-1.63781],[104.4781,-1.63618],[104.47781,-1.63618],[104.4778,-1.63669],[104.477,-1.63401],[104.47564,-1.63201],[104.47457,-1.62925],[104.47407,-1.62885],[104.47405,-1.62776],[104.47348,-1.62722],[104.47376,-1.62689],[104.47331,-1.62668],[104.47349,-1.62639],[104.47254,-1.62478],[104.47282,-1.62451],[104.47248,-1.62424],[104.47264,-1.62396],[104.47176,-1.62315],[104.47187,-1.62287],[104.47241,-1.62313],[104.4729,-1.62288],[104.47193,-1.62044],[104.47052,-1.61844],[104.47079,-1.62097],[104.47033,-1.62044],[104.46978,-1.61745],[104.46901,-1.61609],[104.46931,-1.61528],[104.46902,-1.61501],[104.46908,-1.61419],[104.46833,-1.61229],[104.46785,-1.60958],[104.46705,-1.60768],[104.467,-1.60659],[104.46656,-1.60578],[104.46603,-1.60551],[104.46624,-1.60524],[104.46573,-1.60442],[104.46581,-1.60388],[104.46226,-1.59465],[104.4619,-1.59475],[104.46161,-1.59438],[104.46197,-1.59356],[104.46137,-1.59112],[104.46162,-1.59085],[104.4611,-1.59004],[104.46114,-1.58949],[104.46001,-1.58825],[104.45972,-1.58841],[104.45956,-1.58759],[104.45918,-1.58732],[104.45943,-1.58705],[104.45852,-1.58651],[104.4585,-1.58596]],[[104.47608,-1.62966],[104.47596,-1.62885],[104.47564,-1.62879],[104.47586,-1.62966],[104.47608,-1.62966]],[[104.47935,-1.63509],[104.47887,-1.63374],[104.47645,-1.6294],[104.47627,-1.62994],[104.47778,-1.63319],[104.47902,-1.63509],[104.47935,-1.63509]],[[104.49738,-1.67282],[104.49777,-1.67255],[104.49748,-1.67194],[104.49667,-1.67262],[104.49432,-1.67038],[104.4935,-1.67011],[104.49291,-1.66875],[104.49308,-1.66794],[104.49247,-1.66712],[104.49115,-1.66332],[104.48845,-1.65762]],[[104.52147,-1.7148],[104.52376,-1.71408],[104.52687,-1.71175],[104.52744,-1.71219],[104.52768,-1.71183],[104.52849,-1.71195],[104.52849,-1.71151],[104.52984,-1.7112],[104.53037,-1.71192],[104.53065,-1.71137],[104.52849,-1.70923],[104.52579,-1.708],[104.52443,-1.70703],[104.52282,-1.70484],[104.52148,-1.70217],[104.52001,-1.70051],[104.51693,-1.6959],[104.51407,-1.6921],[104.50988,-1.68734]],[[104.53132,-1.71409],[104.53137,-1.71327],[104.53118,-1.71287],[104.53066,-1.71354],[104.53118,-1.71424],[104.53132,-1.71409]],[[104.52938,-1.71789],[104.53064,-1.71676],[104.53118,-1.71539],[104.53024,-1.71544],[104.53055,-1.71599],[104.53037,-1.71626],[104.52937,-1.71571],[104.52941,-1.71544],[104.52822,-1.71501],[104.52898,-1.71789],[104.52938,-1.71789]],[[104.53552,-1.73444],[104.53169,-1.72576],[104.52859,-1.72223],[104.52687,-1.71854],[104.52363,-1.71551],[104.52182,-1.71544]],[[104.53524,-1.72332],[104.53527,-1.72304],[104.53523,-1.7225],[104.53509,-1.72304],[104.53524,-1.72332]],[[104.53901,-1.74639],[104.53818,-1.74367],[104.5385,-1.74313],[104.53806,-1.74069]],[[104.50473,-1.80323],[104.50931,-1.80663],[104.51147,-1.80688],[104.51606,-1.80487],[104.5174,-1.80343],[104.51983,-1.80354],[104.52253,-1.80145],[104.52415,-1.80119],[104.52556,-1.79985],[104.52973,-1.80012],[104.53332,-1.79638],[104.53622,-1.79225],[104.53683,-1.79179],[104.53737,-1.78979],[104.53789,-1.79008],[104.53764,-1.79026],[104.53764,-1.79051],[104.53824,-1.79008],[104.53752,-1.78954],[104.53829,-1.78954],[104.53904,-1.78873],[104.53912,-1.78845],[104.53872,-1.78817],[104.53953,-1.78802],[104.54009,-1.78737],[104.53953,-1.78683],[104.54039,-1.78628],[104.54021,-1.78601],[104.54061,-1.78579],[104.54101,-1.78683],[104.54222,-1.78739],[104.54222,-1.78647],[104.54249,-1.78631],[104.54276,-1.78657],[104.54276,-1.78547],[104.5433,-1.78529],[104.54411,-1.78553],[104.54721,-1.78466],[104.54577,-1.78276],[104.54463,-1.77977],[104.54517,-1.7795],[104.54535,-1.77624],[104.54483,-1.77543],[104.54499,-1.77489],[104.54468,-1.77434],[104.54542,-1.77353],[104.54556,-1.77244],[104.5451,-1.77136],[104.54548,-1.77081],[104.54492,-1.76996],[104.54412,-1.76984],[104.54385,-1.77009],[104.54274,-1.76946],[104.54277,-1.76906],[104.54304,-1.76931],[104.54329,-1.76864],[104.54275,-1.7681],[104.54255,-1.76674],[104.54279,-1.76593],[104.5414,-1.76104],[104.5425,-1.76185],[104.5428,-1.76159],[104.54275,-1.75969],[104.54303,-1.75941],[104.54332,-1.7567],[104.54306,-1.75616],[104.54331,-1.75587],[104.54286,-1.75507],[104.54271,-1.75371],[104.54223,-1.75328],[104.54156,-1.75371],[104.54172,-1.75236],[104.5414,-1.75236]],[[104.54108,-1.78764],[104.54073,-1.7871],[104.54061,-1.78666],[104.54034,-1.78764],[104.54108,-1.78764]],[[104.50408,-1.80904],[104.50434,-1.80609],[104.50311,-1.80455]]]}},{"id":"158","type":"Feature","properties":{"year":2004,"certainty":"insufficient data"},"geometry":{"type":"MultiLineString","coordinates":[[[104.45479,-1.37725],[104.4544,-1.37644],[104.45456,-1.37562],[104.4543,-1.37508],[104.45462,-1.37372],[104.45437,-1.37237],[104.45475,-1.37074],[104.45494,-1.37049],[104.45557,-1.37074],[104.45588,-1.36748],[104.45557,-1.36694],[104.45598,-1.3664],[104.45598,-1.36504],[104.45649,-1.36477],[104.45639,-1.36423],[104.45701,-1.3626],[104.45667,-1.36233],[104.45634,-1.35669]],[[104.45278,-1.38223],[104.45339,-1.38214],[104.45305,-1.38132],[104.45314,-1.38051]],[[104.52147,-1.71487],[104.52386,-1.71408],[104.527,-1.7119]],[[104.52781,-1.7119],[104.52849,-1.71192],[104.52849,-1.71151],[104.52984,-1.7112],[104.53037,-1.71192],[104.53065,-1.71164],[104.52957,-1.71026],[104.52903,-1.7112],[104.52888,-1.71083],[104.52925,-1.71001],[104.52835,-1.70934]],[[104.52835,-1.70974],[104.52835,-1.70976]],[[104.52824,-1.70988],[104.52814,-1.70988]],[[104.52593,-1.70804],[104.52578,-1.70798]],[[104.52566,-1.70781],[104.52553,-1.70771]],[[104.52539,-1.70759],[104.52526,-1.70744]],[[104.52485,-1.70726],[104.52462,-1.70716]],[[104.52377,-1.70611],[104.52375,-1.70608]],[[104.5235,-1.70571],[104.52335,-1.70554]],[[104.52323,-1.70541],[104.52297,-1.70499]],[[104.52296,-1.70499],[104.52243,-1.70418]],[[104.52242,-1.70415],[104.5223,-1.70391]],[[104.52215,-1.70365],[104.52214,-1.70363]],[[104.52152,-1.70228],[104.51757,-1.69681]],[[104.51721,-1.69631],[104.51069,-1.6882],[104.50624,-1.68395],[104.50341,-1.6807],[104.50314,-1.68078],[104.50317,-1.68015],[104.50273,-1.67988],[104.50233,-1.67884],[104.50152,-1.67829],[104.50125,-1.67715],[104.50071,-1.6769],[104.49964,-1.675],[104.49883,-1.67477],[104.49845,-1.67418],[104.49775,-1.67409],[104.49731,-1.67282],[104.49667,-1.67213],[104.49532,-1.67099],[104.4945,-1.67092],[104.49433,-1.67038],[104.49347,-1.66984],[104.49284,-1.66875],[104.493,-1.66794],[104.49129,-1.66441],[104.49115,-1.66332],[104.49048,-1.66197],[104.49099,-1.66169],[104.4902,-1.66129],[104.48979,-1.66061],[104.48765,-1.65572],[104.48708,-1.65518],[104.48618,-1.65274],[104.48488,-1.65084],[104.48434,-1.64921],[104.48387,-1.64883]],[[104.47497,-1.63034],[104.47512,-1.62966],[104.47389,-1.62858],[104.47403,-1.62776],[104.47348,-1.62722],[104.47376,-1.62689],[104.47331,-1.62668],[104.47349,-1.62639],[104.47252,-1.62478],[104.47282,-1.62451],[104.47248,-1.62424],[104.47259,-1.62396],[104.47179,-1.62315],[104.47187,-1.62282],[104.47241,-1.62302],[104.47272,-1.62261],[104.47187,-1.62056],[104.47135,-1.62016],[104.47133,-1.61964],[104.47052,-1.61844],[104.47068,-1.61989],[104.47042,-1.61989],[104.46888,-1.6146]],[[104.46806,-1.61134],[104.46815,-1.61012],[104.46729,-1.60849],[104.46675,-1.60628],[104.466,-1.60551],[104.46623,-1.60524],[104.46567,-1.60466],[104.46567,-1.60401]],[[104.46021,-1.58664],[104.46033,-1.58664]],[[104.46392,-1.5911],[104.46406,-1.59151],[104.46398,-1.5899]],[[104.46177,-1.58404],[104.46136,-1.58299],[104.46074,-1.58271],[104.46109,-1.58265],[104.4612,-1.58217],[104.46055,-1.58135],[104.46036,-1.57959]],[[104.45875,-1.57416],[104.45826,-1.57394]],[[104.45816,-1.57389],[104.45782,-1.57294],[104.45803,-1.57239],[104.4572,-1.57049],[104.45732,-1.57003],[104.45705,-1.56977],[104.45623,-1.56995],[104.45597,-1.57187],[104.45539,-1.57158],[104.45484,-1.57049],[104.45527,-1.57022],[104.45487,-1.56995],[104.45558,-1.56941],[104.45606,-1.56805],[104.45526,-1.56642],[104.45573,-1.56588],[104.45558,-1.56452],[104.45624,-1.56411],[104.45771,-1.56507],[104.45756,-1.56452],[104.4571,-1.56425],[104.4574,-1.56371],[104.45657,-1.56072],[104.45595,-1.56018],[104.4566,-1.55991],[104.45598,-1.55909],[104.45598,-1.55801],[104.45553,-1.55719],[104.45578,-1.55638],[104.4553,-1.55557],[104.45555,-1.55529],[104.4549,-1.5543],[104.45444,-1.55421],[104.45425,-1.55312],[104.45473,-1.55258],[104.45445,-1.55204],[104.45464,-1.55177],[104.45397,-1.55068],[104.45423,-1.55041],[104.45446,-1.54987],[104.45402,-1.55014],[104.4542,-1.54905],[104.45363,-1.54851],[104.454,-1.54797],[104.4535,-1.54715],[104.45382,-1.54675],[104.45436,-1.54785],[104.45468,-1.54688],[104.45423,-1.54498],[104.45366,-1.54335],[104.45328,-1.54322],[104.45355,-1.54677],[104.4522,-1.5428],[104.45167,-1.54281],[104.45263,-1.54607],[104.45247,-1.54659],[104.45179,-1.54634],[104.4521,-1.54579],[104.45198,-1.54498],[104.45108,-1.54362],[104.45128,-1.54254],[104.45086,-1.54236],[104.45039,-1.54145],[104.45059,-1.54113],[104.45121,-1.54118],[104.44978,-1.53889],[104.44735,-1.53333],[104.44664,-1.53222],[104.44602,-1.53195],[104.44633,-1.53032],[104.44603,-1.53005],[104.44631,-1.52951],[104.44573,-1.52842],[104.4461,-1.52788],[104.44557,-1.52761],[104.44602,-1.52734],[104.44496,-1.52598],[104.4452,-1.52509],[104.44466,-1.52534],[104.44417,-1.52489],[104.44442,-1.52435],[104.44383,-1.52299],[104.44441,-1.52191],[104.44399,-1.52137],[104.44362,-1.51947],[104.44304,-1.5195],[104.44291,-1.51919],[104.44304,-1.51825],[104.44331,-1.51798],[104.4437,-1.51811],[104.44316,-1.51702],[104.44351,-1.51648],[104.44281,-1.51621],[104.44331,-1.5161],[104.44344,-1.51567],[104.44277,-1.51465],[104.4425,-1.51532],[104.44235,-1.51512],[104.44225,-1.51322],[104.44141,-1.51132],[104.44173,-1.50997],[104.44114,-1.50969],[104.44141,-1.50861],[104.44119,-1.50725],[104.44143,-1.50663],[104.44187,-1.50671],[104.44149,-1.50644],[104.44197,-1.50568],[104.44253,-1.5059],[104.44194,-1.50508],[104.44219,-1.50427],[104.4417,-1.504],[104.44155,-1.50318],[104.44183,-1.50291],[104.44085,-1.50182],[104.4418,-1.50128],[104.44177,-1.50047],[104.44138,-1.5002],[104.44146,-1.49802],[104.44192,-1.49748],[104.44143,-1.49749],[104.44131,-1.49721],[104.44181,-1.4964],[104.44156,-1.49558],[104.44185,-1.4945],[104.44153,-1.49422],[104.44187,-1.49395],[104.44197,-1.49301],[104.44238,-1.49287],[104.4419,-1.49232],[104.44224,-1.49151],[104.44191,-1.49015],[104.44222,-1.48825],[104.44255,-1.48798],[104.44217,-1.4869],[104.44278,-1.48666],[104.44305,-1.4861],[104.44249,-1.48473],[104.44292,-1.48418],[104.44299,-1.48255],[104.44332,-1.48266],[104.44386,-1.48147],[104.44326,-1.48065],[104.44332,-1.47999],[104.44388,-1.4793],[104.44349,-1.47876],[104.44387,-1.47821],[104.44359,-1.47844],[104.44332,-1.47821],[104.44402,-1.4774],[104.4439,-1.4755],[104.44423,-1.47523],[104.44432,-1.47387],[104.44467,-1.47333],[104.44438,-1.47251],[104.4447,-1.47197],[104.44444,-1.4717],[104.44534,-1.47061],[104.44475,-1.47034],[104.44521,-1.4702],[104.44518,-1.46899],[104.44573,-1.46844],[104.44577,-1.466],[104.4471,-1.4645],[104.44716,-1.46383],[104.44768,-1.46356],[104.44724,-1.46166],[104.44818,-1.45998],[104.44877,-1.46003],[104.44928,-1.45786],[104.44886,-1.45704],[104.4499,-1.4565],[104.44953,-1.4546],[104.4498,-1.45384],[104.45007,-1.45421],[104.4503,-1.45406],[104.44953,-1.45345],[104.44943,-1.4527],[104.45072,-1.45189],[104.45023,-1.45134],[104.45082,-1.4508],[104.45115,-1.44978],[104.45196,-1.45013],[104.45277,-1.44972],[104.45271,-1.44836],[104.45184,-1.44755],[104.4523,-1.44673],[104.45158,-1.44592],[104.45207,-1.44565],[104.45199,-1.44483],[104.45247,-1.44456],[104.45237,-1.44375],[104.4519,-1.4432],[104.45228,-1.44293],[104.45186,-1.44266],[104.45196,-1.44217],[104.45225,-1.44212],[104.45196,-1.44041],[104.45223,-1.44022],[104.4525,-1.44058],[104.45298,-1.44022],[104.45263,-1.43995],[104.45277,-1.4395],[104.45304,-1.4399],[104.45326,-1.43968],[104.45231,-1.43859],[104.45306,-1.43859],[104.45295,-1.43805],[104.45327,-1.43778],[104.45297,-1.43696],[104.45347,-1.43696],[104.4537,-1.43615],[104.45339,-1.4356],[104.45413,-1.43533],[104.45412,-1.43504],[104.45354,-1.43506],[104.45304,-1.43398],[104.45331,-1.43385],[104.45412,-1.43452],[104.45439,-1.43224],[104.45478,-1.43343],[104.45456,-1.43452],[104.45487,-1.4356],[104.45475,-1.43805],[104.4552,-1.4388],[104.456,-1.43856],[104.45654,-1.43902],[104.45654,-1.43773],[104.45709,-1.4375],[104.45661,-1.43615],[104.45735,-1.43535],[104.45762,-1.43566],[104.4579,-1.43506],[104.45762,-1.4353],[104.45706,-1.43452],[104.45736,-1.43398],[104.45754,-1.43126],[104.45789,-1.43052],[104.45827,-1.43072],[104.45788,-1.42936],[104.45816,-1.42897],[104.45843,-1.42931],[104.45889,-1.42855],[104.45836,-1.42773],[104.45879,-1.42665],[104.45854,-1.42475],[104.4588,-1.42421],[104.45839,-1.42421],[104.45845,-1.42231],[104.45805,-1.42122],[104.45799,-1.41959],[104.45837,-1.41878],[104.4574,-1.41064],[104.45733,-1.40575],[104.45701,-1.40548],[104.45611,-1.40005],[104.45526,-1.39707],[104.45437,-1.39544],[104.45453,-1.39462],[104.45368,-1.39109],[104.45346,-1.39055],[104.45288,-1.39028],[104.45279,-1.38811],[104.45221,-1.38784],[104.45232,-1.38567],[104.45302,-1.38539],[104.45296,-1.38485]],[[104.45709,-1.44022],[104.45681,-1.43985],[104.45633,-1.43995],[104.45681,-1.43997],[104.45709,-1.44022]],[[104.44248,-1.51567],[104.44277,-1.51521],[104.44277,-1.51619],[104.4425,-1.51572]],[[104.47608,-1.62966],[104.47591,-1.62898],[104.47564,-1.62895],[104.47586,-1.62966],[104.47608,-1.62966]],[[104.47718,-1.63116],[104.47645,-1.62961],[104.47629,-1.62994],[104.4767,-1.63089]],[[104.47686,-1.63111],[104.4769,-1.63116]],[[104.53131,-1.71409],[104.53136,-1.71327],[104.53118,-1.71296],[104.53066,-1.71354],[104.53131,-1.71409]],[[104.50473,-1.80327],[104.50929,-1.80663],[104.51147,-1.80687],[104.51606,-1.80485],[104.5174,-1.80338],[104.51983,-1.80353],[104.52245,-1.80148],[104.52415,-1.80116],[104.5257,-1.79958],[104.52969,-1.80012],[104.53353,-1.79605],[104.53675,-1.79198],[104.53691,-1.79171],[104.53652,-1.79144],[104.53707,-1.7909],[104.53737,-1.78985],[104.53818,-1.79018],[104.53831,-1.78954],[104.53906,-1.78873],[104.53901,-1.78818],[104.54007,-1.78748],[104.54087,-1.78781],[104.54114,-1.78764],[104.54061,-1.78666],[104.54034,-1.78757],[104.5403,-1.7871],[104.5398,-1.78717],[104.53962,-1.78683],[104.54003,-1.78655],[104.5398,-1.78626],[104.54034,-1.7865],[104.5405,-1.78628],[104.54035,-1.78601],[104.54088,-1.78498],[104.54075,-1.78628],[104.54103,-1.78683],[104.54195,-1.78737],[104.54231,-1.78628],[104.54249,-1.78612],[104.54276,-1.78642],[104.54292,-1.78547],[104.54411,-1.78557],[104.54465,-1.78519],[104.5471,-1.78466],[104.54559,-1.78248],[104.54461,-1.77977],[104.54508,-1.7795],[104.54528,-1.77706],[104.5452,-1.7757],[104.54464,-1.77543],[104.54499,-1.7738],[104.54536,-1.77353],[104.54546,-1.7722],[104.54519,-1.77173],[104.54473,-1.7719],[104.5448,-1.77109],[104.54435,-1.77054],[104.5445,-1.77],[104.54345,-1.76919],[104.54215,-1.76403],[104.54227,-1.76213],[104.54188,-1.76159],[104.54223,-1.76174],[104.5424,-1.75969],[104.54261,-1.75887],[104.54304,-1.75857],[104.54317,-1.75561],[104.54267,-1.75507],[104.5425,-1.75366],[104.54223,-1.7539],[104.54196,-1.75371],[104.54142,-1.75249],[104.54058,-1.75209],[104.54088,-1.75181],[104.54033,-1.75181],[104.53846,-1.74666],[104.53823,-1.74584],[104.53852,-1.7453],[104.53841,-1.74421],[104.53785,-1.74367],[104.53779,-1.74286],[104.53798,-1.73906],[104.53741,-1.73879],[104.53773,-1.73851],[104.53769,-1.73797],[104.53567,-1.73499],[104.53169,-1.72576],[104.52859,-1.72223],[104.52721,-1.71911]],[[104.52687,-1.71856],[104.5239,-1.71572],[104.52201,-1.71546]],[[104.52962,-1.71789],[104.53039,-1.71734],[104.53091,-1.71624],[104.53064,-1.7161],[104.53027,-1.7168],[104.52983,-1.71683],[104.53008,-1.71653],[104.52941,-1.71544],[104.52916,-1.71569]],[[104.52883,-1.71558],[104.52872,-1.71558]],[[104.52864,-1.71612],[104.52892,-1.71789],[104.52962,-1.71789]],[[104.50398,-1.80904],[104.50431,-1.80609],[104.50311,-1.80458]]]}},{"id":"159","type":"Feature","properties":{"year":2004,"certainty":"good"},"geometry":{"type":"MultiLineString","coordinates":[[[104.527,-1.7119],[104.52781,-1.7119]],[[104.52835,-1.70934],[104.528,-1.70947],[104.52835,-1.70974]],[[104.52835,-1.70976],[104.52824,-1.70988]],[[104.52814,-1.70988],[104.52593,-1.70804]],[[104.52578,-1.70798],[104.52566,-1.70781]],[[104.52553,-1.70771],[104.52539,-1.70759]],[[104.52526,-1.70744],[104.52485,-1.70726]],[[104.52462,-1.70716],[104.52377,-1.70611]],[[104.52375,-1.70608],[104.5235,-1.70571]],[[104.52335,-1.70554],[104.52323,-1.70541]],[[104.52297,-1.70499],[104.52296,-1.70499]],[[104.52243,-1.70418],[104.52242,-1.70415]],[[104.5223,-1.70391],[104.52215,-1.70365]],[[104.52214,-1.70363],[104.52152,-1.70228]],[[104.51757,-1.69681],[104.51721,-1.69631]],[[104.48387,-1.64883],[104.48243,-1.64595],[104.48269,-1.64568],[104.48265,-1.64552],[104.48238,-1.64588],[104.48203,-1.64541],[104.4815,-1.64378],[104.48041,-1.64215],[104.4805,-1.64161],[104.48023,-1.6417],[104.47987,-1.64052],[104.4791,-1.63971],[104.47925,-1.63916],[104.47888,-1.63775],[104.47834,-1.63796],[104.47799,-1.63754],[104.47756,-1.63564],[104.4768,-1.63428],[104.47699,-1.63381],[104.47726,-1.63401],[104.47699,-1.6336],[104.47642,-1.63346],[104.47682,-1.63319],[104.47649,-1.63238],[104.47618,-1.6329],[104.47497,-1.63034]],[[104.46888,-1.6146],[104.46845,-1.61284],[104.46785,-1.61229],[104.46825,-1.61202],[104.46806,-1.61134]],[[104.46567,-1.60401],[104.46396,-1.60035],[104.4642,-1.60008],[104.46387,-1.59981],[104.46379,-1.59898],[104.46337,-1.59872],[104.46346,-1.59818],[104.46297,-1.59764],[104.46293,-1.59655],[104.46209,-1.59519],[104.46224,-1.59492],[104.4619,-1.59488],[104.46164,-1.59438],[104.46156,-1.59275],[104.46104,-1.59194],[104.46132,-1.59085],[104.46084,-1.59004],[104.461,-1.58949],[104.45991,-1.58868],[104.4602,-1.58841],[104.46021,-1.58664]],[[104.46033,-1.58664],[104.46133,-1.58868],[104.46271,-1.59019],[104.46263,-1.58949],[104.46298,-1.5893],[104.46376,-1.59031],[104.46392,-1.5911]],[[104.46398,-1.5899],[104.46325,-1.58787],[104.46298,-1.58794],[104.46261,-1.58732],[104.4629,-1.58705],[104.46271,-1.58624],[104.46244,-1.58603],[104.4621,-1.58624],[104.46222,-1.58542],[104.46177,-1.58404]],[[104.46036,-1.57959],[104.46029,-1.57856],[104.45977,-1.57782],[104.46002,-1.57751],[104.4595,-1.57701],[104.45982,-1.57674],[104.45954,-1.57565],[104.4589,-1.57565],[104.45905,-1.57484],[104.45875,-1.57416]],[[104.45826,-1.57394],[104.45816,-1.57389]],[[104.47731,-1.63129],[104.47718,-1.63116]],[[104.4767,-1.63089],[104.47686,-1.63111]],[[104.4769,-1.63116],[104.47731,-1.63129]],[[104.4781,-1.63292],[104.47782,-1.63211],[104.47753,-1.63186],[104.4778,-1.63306],[104.4781,-1.63292]],[[104.47921,-1.63509],[104.47888,-1.63406],[104.47834,-1.63374],[104.47834,-1.63409],[104.47921,-1.63509]],[[104.52721,-1.71911],[104.52687,-1.71856]],[[104.52916,-1.71569],[104.52883,-1.71558]],[[104.52872,-1.71558],[104.52864,-1.71612]]]}},{"id":"160","type":"Feature","properties":{"year":2005,"certainty":"good"},"geometry":{"type":"MultiLineString","coordinates":[[[104.52147,-1.71487],[104.52386,-1.71408],[104.52687,-1.71176],[104.52849,-1.71142],[104.52908,-1.71001],[104.52795,-1.70983],[104.52706,-1.70893],[104.52471,-1.70756],[104.52102,-1.70187],[104.51285,-1.6908],[104.50799,-1.68562],[104.50705,-1.68504],[104.50488,-1.6826],[104.50395,-1.68204],[104.5039,-1.68124],[104.5033,-1.68083]],[[104.49669,-1.67242],[104.49532,-1.67104],[104.49451,-1.67104],[104.49316,-1.66982],[104.49282,-1.66902],[104.49294,-1.66794],[104.49214,-1.66712],[104.49182,-1.66513],[104.49121,-1.66441],[104.49,-1.66088],[104.48752,-1.65572],[104.48693,-1.65518],[104.48659,-1.65382],[104.48306,-1.64812],[104.48295,-1.64704],[104.48187,-1.64541],[104.47969,-1.64071],[104.479,-1.63998],[104.47834,-1.6381],[104.4778,-1.63809],[104.47753,-1.6371],[104.47725,-1.63726],[104.47754,-1.63645],[104.47681,-1.63401],[104.4757,-1.63265],[104.47415,-1.62912],[104.47371,-1.62885],[104.4736,-1.62776],[104.47125,-1.62206],[104.47133,-1.62182],[104.47187,-1.62188],[104.47201,-1.62152],[104.47042,-1.62044],[104.47079,-1.61999],[104.47106,-1.6203],[104.47116,-1.61962],[104.47079,-1.6191],[104.47076,-1.61989],[104.47052,-1.62014],[104.47028,-1.61989],[104.4703,-1.61908],[104.4691,-1.61609],[104.46875,-1.61392],[104.46792,-1.61284],[104.46747,-1.61107]],[[104.46581,-1.60512],[104.46513,-1.60476],[104.46459,-1.60361],[104.46342,-1.59926],[104.46178,-1.59519],[104.46096,-1.59194],[104.46088,-1.59031],[104.4604,-1.58976],[104.46055,-1.58899],[104.45991,-1.58868],[104.4602,-1.58841],[104.4599,-1.58732],[104.46028,-1.58691],[104.46082,-1.58802],[104.46244,-1.58987],[104.46245,-1.58868],[104.46129,-1.58596],[104.46109,-1.58438],[104.46036,-1.58352],[104.45956,-1.57864],[104.45901,-1.57809],[104.45935,-1.57755],[104.45846,-1.57484],[104.45801,-1.57429],[104.4572,-1.57104],[104.45671,-1.57022],[104.45624,-1.57009],[104.45646,-1.57076],[104.4557,-1.57178],[104.45543,-1.57022],[104.45489,-1.56995],[104.45541,-1.56941],[104.45587,-1.56805],[104.45463,-1.56534],[104.45525,-1.56425],[104.45484,-1.56398],[104.45491,-1.56262],[104.45429,-1.56181],[104.45453,-1.56127],[104.45439,-1.56045],[104.45463,-1.56026],[104.45503,-1.56099],[104.45508,-1.55909],[104.45595,-1.55801],[104.45535,-1.55719],[104.45555,-1.55692],[104.45535,-1.55529],[104.45436,-1.55513],[104.45419,-1.55394],[104.45381,-1.55367],[104.454,-1.55339],[104.45352,-1.55231],[104.45341,-1.55041],[104.45355,-1.54995],[104.45391,-1.54987],[104.45328,-1.54967],[104.45301,-1.54898],[104.45274,-1.54908],[104.45214,-1.54851],[104.45301,-1.54748],[104.45328,-1.54791],[104.45334,-1.54769],[104.45274,-1.54655],[104.45295,-1.54715],[104.45247,-1.54787],[104.4522,-1.54761],[104.45193,-1.54798],[104.45159,-1.54769],[104.45213,-1.54661],[104.45166,-1.54683],[104.45147,-1.54661],[104.45149,-1.54579],[104.45166,-1.54552],[104.45193,-1.54589],[104.45204,-1.54552],[104.45193,-1.54519],[104.45112,-1.54498],[104.45118,-1.54389],[104.45059,-1.54352],[104.45115,-1.54281],[104.45046,-1.54254],[104.45059,-1.54207],[104.44993,-1.54064],[104.4506,-1.54091],[104.44925,-1.53847],[104.44789,-1.53484],[104.44708,-1.53386],[104.44679,-1.53412],[104.44681,-1.53361],[104.44708,-1.53381],[104.44737,-1.53358],[104.44627,-1.53229],[104.44599,-1.53249],[104.44603,-1.53168],[104.44554,-1.53087],[104.44579,-1.52978],[104.44526,-1.52951],[104.44573,-1.52888],[104.44493,-1.52861],[104.44432,-1.52788],[104.44466,-1.5272],[104.44525,-1.52734],[104.44398,-1.52625],[104.4444,-1.52598],[104.44405,-1.52489],[104.44439,-1.52435],[104.44363,-1.52327],[104.44353,-1.52218],[104.44394,-1.52164],[104.44358,-1.52183],[104.44312,-1.52137],[104.44358,-1.52126],[104.44359,-1.52001],[104.44272,-1.51974],[104.44291,-1.51811],[104.4423,-1.51729],[104.44264,-1.51648],[104.44227,-1.51594],[104.44196,-1.51317],[104.44121,-1.51132],[104.44142,-1.51037],[104.44076,-1.51024],[104.44089,-1.5096],[104.44125,-1.50942],[104.44064,-1.50508],[104.44035,-1.50481],[104.44079,-1.50318],[104.44067,-1.50182],[104.44143,-1.50101],[104.44106,-1.49992],[104.44149,-1.49965],[104.44127,-1.49721],[104.44172,-1.49477],[104.44142,-1.49395],[104.44116,-1.49382],[104.44089,-1.49415],[104.44062,-1.49341],[104.441,-1.49287],[104.44135,-1.49043],[104.44131,-1.48825],[104.4416,-1.48717],[104.44237,-1.48663]],[[104.44225,-1.48568],[104.4425,-1.485],[104.44223,-1.48473],[104.44282,-1.48391],[104.44261,-1.48364],[104.44306,-1.48201],[104.44304,-1.47984],[104.44364,-1.4793],[104.44321,-1.47794],[104.44394,-1.47713],[104.44393,-1.47658],[104.44357,-1.47631],[104.44392,-1.47577],[104.44356,-1.4755],[104.4445,-1.4736],[104.44414,-1.47306],[104.44469,-1.47088],[104.44447,-1.47007],[104.44522,-1.46926],[104.44507,-1.46898],[104.44551,-1.4679],[104.44516,-1.46763],[104.44526,-1.466],[104.44617,-1.46546],[104.44698,-1.4641],[104.44678,-1.46329],[104.44736,-1.46301],[104.4469,-1.46274],[104.44772,-1.46003],[104.44754,-1.45949],[104.44807,-1.45922],[104.44872,-1.45674],[104.44981,-1.4565],[104.44937,-1.45487],[104.44962,-1.45379],[104.4492,-1.45243],[104.45018,-1.45162],[104.45011,-1.45107],[104.45065,-1.45053],[104.45061,-1.45027],[104.45014,-1.45026],[104.45034,-1.45001],[104.45088,-1.45016],[104.45045,-1.44972],[104.45088,-1.44921],[104.45182,-1.4499]],[[104.45155,-1.44949],[104.45155,-1.44929]],[[104.45155,-1.44892],[104.45155,-1.4489]],[[104.45182,-1.448],[104.45155,-1.44782],[104.45181,-1.44727],[104.45121,-1.447],[104.45176,-1.44673],[104.45069,-1.44592],[104.45202,-1.44565],[104.45196,-1.44514],[104.45153,-1.44483],[104.45224,-1.44456],[104.45196,-1.44416],[104.45168,-1.44429],[104.45175,-1.44334]],[[104.45182,-1.44309],[104.45186,-1.4428]],[[104.45275,-1.43818],[104.4529,-1.43737]],[[104.45759,-1.4295],[104.45798,-1.42909],[104.45803,-1.42773],[104.45841,-1.42719],[104.45843,-1.42665],[104.45806,-1.42638],[104.4586,-1.42583],[104.45805,-1.42556],[104.45788,-1.42502],[104.45832,-1.42502],[104.45844,-1.42539],[104.45803,-1.42174]],[[104.45727,-1.40914],[104.457,-1.40589]],[[104.45447,-1.39639],[104.45376,-1.39476]],[[104.44872,-1.45506],[104.44912,-1.45514],[104.44934,-1.45569],[104.44889,-1.45596]],[[104.44153,-1.50372],[104.44116,-1.50324],[104.44065,-1.50372],[104.44089,-1.50389],[104.44153,-1.50372]],[[104.45445,-1.55909],[104.45477,-1.55991],[104.45436,-1.56043],[104.45415,-1.55991]],[[104.46163,-1.58836],[104.46109,-1.58775],[104.46109,-1.58746],[104.46182,-1.58759],[104.46163,-1.58836]],[[104.53049,-1.7992],[104.53103,-1.79847]],[[104.53806,-1.7894],[104.53837,-1.78913]],[[104.53858,-1.78892],[104.53863,-1.78886]],[[104.54533,-1.78513],[104.54565,-1.78493],[104.54528,-1.78384],[104.54481,-1.78357],[104.54441,-1.78221],[104.54466,-1.77936]],[[104.5448,-1.77421],[104.54473,-1.77231]],[[104.54353,-1.76932],[104.54238,-1.76539],[104.54186,-1.76159],[104.54223,-1.76123],[104.54267,-1.75833],[104.54245,-1.75751],[104.54277,-1.7567],[104.54247,-1.75643],[104.54274,-1.75561],[104.54235,-1.75453],[104.54256,-1.75399],[104.54169,-1.75348],[104.54131,-1.75276]],[[104.53795,-1.73974],[104.53792,-1.73893],[104.5374,-1.73879],[104.53738,-1.73801],[104.53709,-1.73824],[104.53727,-1.7377],[104.53686,-1.73689],[104.53497,-1.73417],[104.53145,-1.72572],[104.52846,-1.72223],[104.52712,-1.71897],[104.5241,-1.71598],[104.52282,-1.71548],[104.52201,-1.71551]],[[104.52946,-1.71789],[104.53039,-1.71734],[104.52969,-1.7168],[104.52929,-1.71571],[104.52902,-1.71637],[104.52876,-1.71613],[104.52874,-1.71707],[104.52902,-1.71803],[104.52946,-1.71789]]]}},{"id":"161","type":"Feature","properties":{"year":2005,"certainty":"insufficient data"},"geometry":{"type":"MultiLineString","coordinates":[[[104.5033,-1.68083],[104.50233,-1.67882],[104.50152,-1.67811],[104.50125,-1.67712],[104.49937,-1.67485],[104.49849,-1.67418],[104.49775,-1.67415],[104.49729,-1.67282],[104.49683,-1.67282],[104.49669,-1.67242]],[[104.46747,-1.61107],[104.46741,-1.61066],[104.4681,-1.61049],[104.46815,-1.61012],[104.46729,-1.60849],[104.46677,-1.60632],[104.46581,-1.60512]],[[104.44237,-1.48663],[104.44252,-1.48581],[104.44225,-1.48568]],[[104.45182,-1.4499],[104.45196,-1.44951],[104.45155,-1.44949]],[[104.45155,-1.44929],[104.45155,-1.44892]],[[104.45155,-1.4489],[104.45196,-1.44827],[104.45182,-1.448]],[[104.45175,-1.44334],[104.45182,-1.44309]],[[104.45186,-1.4428],[104.4517,-1.44212],[104.45142,-1.44237],[104.45117,-1.44185],[104.45198,-1.43967],[104.4519,-1.43886],[104.45275,-1.43818]],[[104.4529,-1.43737],[104.45297,-1.43696],[104.45335,-1.43696],[104.45331,-1.4356],[104.45386,-1.43533],[104.45313,-1.43452],[104.45304,-1.43397],[104.45358,-1.43398],[104.45412,-1.43449],[104.45439,-1.43223],[104.45478,-1.43343],[104.45456,-1.43452],[104.45493,-1.4352],[104.45513,-1.43506],[104.45547,-1.43402],[104.45618,-1.43316],[104.45676,-1.43018],[104.45709,-1.42992],[104.45762,-1.43019],[104.45801,-1.43018],[104.45759,-1.4295]],[[104.45803,-1.42174],[104.45735,-1.41498],[104.45727,-1.40914]],[[104.457,-1.40589],[104.45675,-1.40548],[104.45673,-1.40358],[104.45612,-1.40222],[104.45566,-1.39951],[104.45447,-1.39639]],[[104.45376,-1.39476],[104.45293,-1.39164],[104.45363,-1.39109],[104.45332,-1.39055],[104.45305,-1.39133],[104.45271,-1.39082],[104.45224,-1.38865],[104.45161,-1.38757],[104.45156,-1.38404],[104.4517,-1.38241],[104.45219,-1.38159],[104.45222,-1.37969],[104.45355,-1.37671],[104.45345,-1.37562],[104.45387,-1.37535],[104.45406,-1.37264],[104.45451,-1.37182],[104.45515,-1.36721],[104.4558,-1.3664],[104.45584,-1.36504],[104.45664,-1.36233],[104.45623,-1.35669]],[[104.50473,-1.80327],[104.50929,-1.80663],[104.51147,-1.80687],[104.51606,-1.80485],[104.5174,-1.80338],[104.51983,-1.80353],[104.52245,-1.80148],[104.52415,-1.80116],[104.5257,-1.79958],[104.52927,-1.80017],[104.53049,-1.7992]],[[104.53103,-1.79847],[104.53353,-1.79605],[104.53675,-1.79198],[104.53691,-1.79171],[104.53652,-1.79144],[104.53707,-1.7909],[104.53737,-1.78985],[104.5377,-1.78981],[104.53764,-1.78935],[104.53806,-1.7894]],[[104.53837,-1.78913],[104.53858,-1.78892]],[[104.53863,-1.78886],[104.53899,-1.78805],[104.53964,-1.78764],[104.53977,-1.78628],[104.54039,-1.78628],[104.54021,-1.78601],[104.54088,-1.78505],[104.54125,-1.7852],[104.54071,-1.78601],[104.54114,-1.78671],[104.54168,-1.78615],[104.5421,-1.78656],[104.54276,-1.78574],[104.54222,-1.78551],[104.54249,-1.78535],[104.54533,-1.78513]],[[104.54466,-1.77936],[104.54481,-1.77597],[104.54456,-1.77543],[104.5448,-1.77421]],[[104.54473,-1.77231],[104.54447,-1.7719],[104.54465,-1.77126],[104.54416,-1.77054],[104.54441,-1.77],[104.54385,-1.77016],[104.54353,-1.76932]],[[104.54131,-1.75276],[104.54123,-1.75236],[104.54057,-1.75209],[104.54088,-1.75181],[104.54033,-1.75181],[104.53822,-1.74584],[104.53846,-1.7453],[104.53803,-1.74476],[104.53768,-1.74259],[104.53795,-1.73974]],[[104.50398,-1.80904],[104.50431,-1.80609],[104.50311,-1.80458]]]}},{"id":"162","type":"Feature","properties":{"year":2006,"certainty":"good"},"geometry":{"type":"MultiLineString","coordinates":[[[104.52147,-1.71487],[104.52422,-1.71381],[104.52625,-1.71191],[104.52744,-1.71001],[104.52633,-1.70974],[104.52552,-1.70912],[104.51798,-1.69807],[104.51219,-1.69047],[104.50948,-1.68748],[104.50746,-1.68555],[104.5065,-1.68504],[104.50233,-1.68087],[104.49316,-1.6705],[104.49246,-1.66848],[104.49278,-1.66821],[104.49116,-1.66577],[104.49128,-1.66477],[104.49101,-1.66505],[104.48993,-1.66341],[104.48818,-1.65952],[104.48838,-1.65925],[104.48804,-1.65926],[104.48772,-1.65871],[104.48655,-1.65599],[104.48218,-1.64839],[104.48026,-1.64378],[104.47769,-1.63916],[104.47579,-1.63482],[104.4751,-1.63371],[104.47474,-1.63374],[104.47494,-1.63319],[104.47388,-1.63129],[104.47345,-1.62966],[104.47242,-1.62804],[104.47218,-1.62641],[104.47109,-1.62369],[104.47053,-1.62016],[104.46987,-1.61908],[104.46918,-1.61682],[104.46864,-1.61664],[104.46878,-1.61609],[104.46827,-1.61419],[104.46709,-1.61121],[104.46656,-1.61066],[104.46648,-1.60993],[104.4661,-1.60985],[104.46621,-1.60921],[104.46559,-1.60849],[104.46579,-1.60795],[104.46486,-1.60648],[104.46467,-1.60496],[104.46405,-1.60442],[104.46432,-1.60415],[104.46405,-1.60333],[104.4635,-1.60306],[104.46374,-1.60252],[104.46303,-1.60144],[104.46325,-1.60109],[104.46298,-1.59999],[104.4611,-1.59465],[104.46036,-1.59356],[104.46032,-1.59248],[104.46066,-1.59221],[104.45935,-1.59031],[104.45968,-1.58949],[104.45884,-1.58895],[104.45868,-1.58786],[104.45906,-1.58732],[104.45866,-1.58783],[104.45831,-1.58732],[104.45908,-1.58678],[104.45826,-1.58542],[104.45867,-1.58496],[104.4592,-1.58582],[104.45947,-1.58532],[104.45974,-1.58539],[104.46028,-1.58651],[104.46032,-1.58596],[104.45967,-1.58488],[104.45974,-1.58333],[104.45935,-1.58271],[104.45867,-1.57939],[104.4584,-1.57913],[104.45799,-1.57972],[104.45855,-1.58054],[104.4584,-1.58144],[104.45786,-1.58046],[104.45759,-1.58066],[104.45718,-1.58026],[104.45687,-1.57836],[104.45759,-1.57778],[104.45813,-1.57823],[104.45818,-1.57782],[104.45651,-1.57175],[104.45624,-1.57183],[104.45589,-1.57131],[104.4562,-1.57185],[104.4557,-1.57223],[104.45543,-1.5707],[104.45516,-1.57074],[104.45468,-1.56995],[104.45519,-1.56968],[104.45518,-1.56886],[104.45409,-1.56486],[104.45354,-1.56479],[104.45452,-1.56398],[104.45425,-1.56289],[104.45442,-1.56208],[104.45374,-1.56072],[104.45394,-1.55991],[104.45361,-1.55611],[104.45253,-1.55095],[104.4518,-1.54959],[104.45194,-1.54905],[104.4514,-1.54878],[104.45149,-1.54824],[104.45085,-1.54759],[104.45031,-1.54417],[104.45004,-1.54389],[104.45043,-1.54308],[104.44964,-1.54227],[104.44926,-1.54064],[104.44681,-1.53467],[104.44439,-1.52991],[104.44381,-1.52951],[104.44259,-1.52381],[104.44268,-1.52218],[104.44216,-1.52191],[104.4416,-1.51974],[104.44173,-1.51919],[104.44142,-1.51835],[104.44115,-1.5184],[104.44061,-1.51764],[104.43954,-1.51399],[104.43917,-1.51159],[104.43982,-1.51105],[104.43986,-1.50834],[104.43954,-1.50757],[104.439,-1.50807],[104.439,-1.50856],[104.43899,-1.50752],[104.43903,-1.50725],[104.43901,-1.50698],[104.43938,-1.50644],[104.43982,-1.50427],[104.43955,-1.50318],[104.43966,-1.50074],[104.44028,-1.49558],[104.44021,-1.49314],[104.44058,-1.49287],[104.44031,-1.49097],[104.4407,-1.48907],[104.44083,-1.48568]],[[104.44302,-1.47292],[104.4439,-1.46844],[104.4437,-1.46708],[104.44413,-1.4671],[104.44753,-1.45569],[104.44772,-1.45487],[104.4472,-1.4546],[104.44737,-1.45422],[104.44764,-1.45448],[104.44791,-1.45425],[104.4489,-1.45026],[104.4483,-1.44972],[104.44842,-1.447],[104.44881,-1.44456],[104.44958,-1.44239],[104.44959,-1.44103],[104.44989,-1.43995],[104.45039,-1.43967],[104.45011,-1.4394],[104.45102,-1.43615],[104.45168,-1.43479],[104.45277,-1.43382],[104.45412,-1.4338],[104.45439,-1.43237],[104.45437,-1.43452],[104.45548,-1.43343],[104.45574,-1.43143],[104.45701,-1.42828],[104.45768,-1.42421],[104.45751,-1.41742],[104.45586,-1.40168],[104.45504,-1.39842],[104.45332,-1.39455],[104.45134,-1.38756],[104.45131,-1.38458],[104.45189,-1.38078],[104.45248,-1.37861],[104.45281,-1.37834],[104.45273,-1.37725],[104.45307,-1.37535],[104.45357,-1.37454],[104.45393,-1.37101],[104.45468,-1.36965],[104.4544,-1.3683],[104.4547,-1.36667],[104.45577,-1.36395],[104.4563,-1.3607],[104.45613,-1.35669]],[[104.50473,-1.80327],[104.50891,-1.80635]],[[104.54371,-1.7849],[104.5448,-1.78384],[104.54397,-1.78235]],[[104.54419,-1.77339],[104.54366,-1.77054],[104.54299,-1.76946],[104.5431,-1.76891],[104.54257,-1.76783],[104.54161,-1.76213],[104.54189,-1.75561],[104.53918,-1.74964],[104.53757,-1.74503],[104.53712,-1.74259],[104.53749,-1.74069],[104.53657,-1.73793],[104.53172,-1.7268],[104.5304,-1.72467],[104.52836,-1.72223],[104.52714,-1.71956],[104.52459,-1.71653],[104.52282,-1.71562],[104.52201,-1.71555]],[[104.50377,-1.80904],[104.50414,-1.80582],[104.50311,-1.80456]]]}},{"id":"163","type":"Feature","properties":{"year":2006,"certainty":"insufficient data"},"geometry":{"type":"MultiLineString","coordinates":[[[104.44083,-1.48568],[104.44302,-1.47292]],[[104.50891,-1.80635],[104.51039,-1.80691],[104.51174,-1.80667],[104.51579,-1.80489],[104.51713,-1.8032],[104.51956,-1.80344],[104.52053,-1.80256],[104.52118,-1.80248],[104.52199,-1.80147],[104.52388,-1.80111],[104.5255,-1.79946],[104.52954,-1.80001],[104.53221,-1.79714],[104.53521,-1.79278],[104.53791,-1.78733],[104.53926,-1.78629],[104.53953,-1.78656],[104.53926,-1.78628],[104.53866,-1.78628],[104.5398,-1.78482],[104.54115,-1.78443],[104.54371,-1.7849]],[[104.54397,-1.78235],[104.54384,-1.77678],[104.54419,-1.77339]]]}},{"id":"164","type":"Feature","properties":{"year":2007,"certainty":"insufficient data"},"geometry":{"type":"MultiLineString","coordinates":[[[104.50891,-1.80633],[104.51039,-1.8069],[104.51147,-1.80669],[104.51579,-1.80478],[104.51713,-1.80317],[104.51767,-1.803],[104.51956,-1.80342],[104.52037,-1.80265],[104.52118,-1.80241],[104.52199,-1.80143],[104.52388,-1.80107],[104.5255,-1.79945],[104.52927,-1.80002],[104.53018,-1.79917]],[[104.53049,-1.79892],[104.53051,-1.7989]],[[104.53103,-1.79822],[104.53213,-1.79714],[104.53521,-1.79274],[104.53661,-1.7894]],[[104.5436,-1.77963],[104.54328,-1.7795],[104.54347,-1.77597],[104.54321,-1.77543],[104.54372,-1.77461],[104.54366,-1.77393]]]}},{"id":"165","type":"Feature","properties":{"year":2007,"certainty":"good"},"geometry":{"type":"MultiLineString","coordinates":[[[104.52147,-1.71486],[104.52444,-1.7136],[104.52633,-1.71164],[104.52691,-1.71029],[104.52552,-1.7093],[104.52379,-1.70703],[104.51594,-1.69536],[104.5115,-1.6898],[104.50776,-1.68585],[104.50638,-1.68505],[104.50179,-1.68092],[104.50098,-1.67955],[104.49667,-1.67567],[104.4941,-1.67174],[104.49316,-1.6709],[104.49234,-1.66794],[104.48988,-1.66359],[104.4873,-1.65762],[104.4813,-1.64725],[104.47822,-1.64106],[104.4758,-1.63726],[104.4738,-1.63265],[104.47271,-1.62885],[104.47196,-1.62776],[104.4712,-1.62532],[104.47037,-1.62234],[104.47016,-1.62016],[104.46897,-1.61935],[104.46716,-1.61501],[104.466,-1.61121],[104.46603,-1.61039],[104.46518,-1.60876],[104.46454,-1.60551],[104.46352,-1.60335],[104.46311,-1.60306],[104.46043,-1.59574],[104.45941,-1.59004],[104.45885,-1.58949],[104.45947,-1.58899],[104.45924,-1.58868],[104.45975,-1.58841],[104.4592,-1.58772],[104.45928,-1.58705],[104.45867,-1.58629],[104.4585,-1.58542],[104.4584,-1.58427],[104.45927,-1.58569],[104.45843,-1.58108],[104.45813,-1.58102],[104.45817,-1.58162],[104.45786,-1.58204],[104.45759,-1.58197],[104.45717,-1.57918],[104.45633,-1.57782],[104.45651,-1.57712],[104.45678,-1.5772],[104.45706,-1.57674],[104.45706,-1.57619],[104.45673,-1.57619],[104.45651,-1.5755],[104.45597,-1.5754],[104.45559,-1.57429],[104.4557,-1.57408],[104.45629,-1.57429],[104.45586,-1.57456],[104.45651,-1.57522],[104.45678,-1.57444],[104.4555,-1.57185],[104.45488,-1.57185],[104.45391,-1.56832],[104.45345,-1.56506],[104.45305,-1.56479],[104.4534,-1.56398],[104.45274,-1.56419],[104.45255,-1.56398],[104.45263,-1.56289],[104.45328,-1.56285],[104.45351,-1.56235],[104.45314,-1.55991],[104.45341,-1.55882],[104.45311,-1.55665],[104.45333,-1.55611],[104.45259,-1.55448],[104.45274,-1.55349],[104.4518,-1.55041],[104.45194,-1.54987],[104.4517,-1.54905],[104.45139,-1.54924],[104.45101,-1.54851],[104.45005,-1.54326],[104.44946,-1.54227],[104.44798,-1.53765],[104.44316,-1.52788],[104.44247,-1.52381],[104.44262,-1.52245],[104.44196,-1.52155],[104.44181,-1.52028],[104.44022,-1.51675],[104.43946,-1.51404],[104.43885,-1.50997],[104.43883,-1.50725],[104.43933,-1.50589],[104.43933,-1.50237],[104.43981,-1.49938],[104.43963,-1.49748],[104.44052,-1.4869],[104.44034,-1.48445],[104.44062,-1.48388],[104.44089,-1.48391],[104.4412,-1.48147],[104.44148,-1.4812],[104.44231,-1.47523],[104.44233,-1.4736],[104.44173,-1.47333],[104.4418,-1.47224],[104.44298,-1.46871],[104.44313,-1.466],[104.44387,-1.46356],[104.44467,-1.46195],[104.44536,-1.46139],[104.44604,-1.45786],[104.44703,-1.45542],[104.44686,-1.45514],[104.44738,-1.45487],[104.44699,-1.4546],[104.44703,-1.45406],[104.44737,-1.45365],[104.44764,-1.45395],[104.44783,-1.45379],[104.44729,-1.45216],[104.44791,-1.45136],[104.44818,-1.45146],[104.44818,-1.45101],[104.44863,-1.4508],[104.44879,-1.45026],[104.4483,-1.44972],[104.44842,-1.447],[104.44965,-1.44212],[104.45007,-1.44157],[104.45021,-1.44022],[104.45151,-1.43696],[104.45304,-1.43501],[104.45331,-1.43405],[104.45358,-1.43379],[104.45385,-1.43535],[104.4557,-1.43316],[104.45737,-1.42611],[104.45746,-1.41769],[104.45686,-1.41064],[104.4563,-1.40846],[104.45609,-1.40358],[104.45537,-1.39978],[104.4517,-1.38974],[104.45123,-1.38648],[104.452,-1.38051],[104.45312,-1.37779],[104.4533,-1.37562],[104.45388,-1.37454],[104.45368,-1.37291],[104.45393,-1.37101],[104.45468,-1.36965],[104.45471,-1.36667],[104.45603,-1.36124],[104.45612,-1.35669]],[[104.50473,-1.80325],[104.50891,-1.80633]],[[104.53018,-1.79917],[104.53049,-1.79892]],[[104.53051,-1.7989],[104.53103,-1.79822]],[[104.53661,-1.7894],[104.53774,-1.78737],[104.53983,-1.78465],[104.54088,-1.78426],[104.54115,-1.78383],[104.54168,-1.78416],[104.54195,-1.78376],[104.54222,-1.7842],[104.5433,-1.78448],[104.54465,-1.78386],[104.54374,-1.78276],[104.5436,-1.77963]],[[104.54366,-1.77393],[104.54385,-1.77271],[104.54358,-1.77284],[104.54346,-1.77054],[104.54304,-1.77002],[104.54284,-1.76919],[104.54305,-1.76891],[104.54249,-1.76783],[104.54167,-1.76294],[104.54143,-1.75616],[104.54048,-1.75426],[104.54042,-1.75399],[104.54061,-1.7538],[104.54088,-1.75407],[104.54088,-1.75376],[104.5394,-1.75046],[104.53735,-1.74421],[104.53687,-1.7396],[104.53641,-1.73879],[104.53603,-1.73685],[104.53159,-1.72684],[104.52847,-1.7225],[104.52714,-1.71965],[104.52444,-1.71654],[104.52201,-1.71555]],[[104.50377,-1.80904],[104.50413,-1.80582],[104.50311,-1.80454]]]}},{"id":"166","type":"Feature","properties":{"year":2008,"certainty":"good"},"geometry":{"type":"MultiLineString","coordinates":[[[104.52147,-1.71485],[104.52363,-1.71414],[104.52447,-1.71354],[104.52634,-1.71137],[104.52614,-1.71001],[104.52552,-1.70957],[104.52011,-1.70133],[104.51299,-1.69183],[104.50746,-1.6857],[104.50638,-1.68514],[104.50422,-1.68301],[104.50098,-1.68058],[104.49559,-1.67442],[104.49399,-1.67174],[104.49292,-1.67092],[104.49234,-1.66875],[104.49178,-1.66821],[104.49196,-1.66767],[104.4898,-1.66387],[104.48735,-1.65789],[104.47587,-1.63726],[104.47392,-1.63292],[104.47106,-1.62512],[104.46801,-1.61854],[104.46834,-1.61826],[104.46731,-1.61636],[104.46567,-1.61046],[104.46452,-1.60768],[104.46461,-1.60714],[104.46415,-1.60659],[104.46208,-1.60116],[104.46142,-1.59872],[104.46027,-1.59655],[104.45881,-1.59193],[104.45833,-1.58976],[104.45872,-1.58841],[104.45824,-1.58732],[104.45822,-1.58406],[104.45755,-1.58162],[104.45679,-1.58026],[104.45678,-1.57945],[104.45635,-1.57891],[104.45657,-1.57836],[104.45624,-1.57718],[104.45533,-1.57538],[104.45435,-1.56999],[104.45408,-1.56967],[104.45381,-1.57029],[104.45351,-1.56968],[104.45342,-1.56859],[104.45355,-1.5684],[104.45382,-1.56892],[104.45361,-1.56832],[104.45383,-1.56805],[104.45252,-1.56534],[104.45208,-1.56506],[104.45293,-1.56235],[104.45273,-1.56208],[104.45328,-1.56185],[104.45284,-1.56072],[104.45298,-1.55747],[104.44987,-1.54308],[104.44769,-1.53711],[104.4431,-1.52788],[104.44239,-1.52381],[104.44252,-1.52245],[104.44186,-1.52137],[104.44179,-1.52028],[104.44059,-1.51784],[104.43948,-1.51404],[104.43872,-1.50942],[104.43945,-1.50345],[104.43899,-1.50318],[104.43933,-1.50291],[104.43967,-1.49992],[104.4396,-1.49884],[104.43923,-1.4983],[104.43987,-1.4964],[104.44001,-1.49477],[104.43969,-1.49395],[104.44013,-1.49287],[104.43929,-1.49178],[104.43936,-1.4888],[104.44016,-1.48771],[104.43975,-1.4869],[104.4403,-1.48663],[104.44055,-1.48527],[104.44035,-1.48438],[104.44089,-1.48391],[104.4412,-1.48147],[104.44147,-1.4812],[104.44145,-1.47957],[104.4421,-1.47685],[104.44204,-1.47604],[104.44143,-1.47614],[104.44132,-1.47577],[104.44285,-1.46898],[104.44384,-1.46654],[104.4437,-1.46518],[104.44424,-1.46437],[104.44404,-1.46356],[104.4444,-1.46384],[104.44474,-1.46301],[104.4445,-1.46247],[104.44494,-1.46168],[104.44533,-1.46166],[104.44548,-1.46101],[104.44557,-1.46139],[104.4459,-1.46139],[104.44563,-1.46057],[104.44581,-1.45921],[104.44629,-1.45867],[104.44683,-1.45864],[104.44701,-1.45813],[104.4477,-1.45433],[104.44748,-1.45406],[104.44828,-1.45107],[104.44879,-1.45026],[104.44839,-1.44972],[104.44862,-1.44863],[104.44953,-1.44784],[104.44959,-1.44537],[104.4505,-1.44239],[104.451,-1.43913],[104.45115,-1.43867],[104.45142,-1.43961],[104.45196,-1.4378],[104.45274,-1.43669],[104.45249,-1.43615],[104.45266,-1.43533],[104.45358,-1.43487],[104.45393,-1.4356],[104.45466,-1.43563],[104.45628,-1.43288],[104.45756,-1.42448],[104.45738,-1.41661],[104.4567,-1.40928],[104.4563,-1.40846],[104.45603,-1.40358],[104.4553,-1.40005],[104.45164,-1.38974],[104.45122,-1.38648],[104.45153,-1.38322],[104.45191,-1.38159],[104.45251,-1.38123],[104.45259,-1.38051],[104.45227,-1.38024],[104.45278,-1.38006],[104.45307,-1.37861],[104.4529,-1.37807],[104.45324,-1.37779],[104.45301,-1.37725],[104.45378,-1.37671],[104.45396,-1.37617],[104.45365,-1.37562],[104.45421,-1.37535],[104.45413,-1.37366],[104.45368,-1.37291],[104.4544,-1.37128],[104.45431,-1.37047],[104.45492,-1.36857],[104.4547,-1.36775],[104.45502,-1.36694],[104.45507,-1.36504],[104.45609,-1.36043],[104.45586,-1.35825],[104.45608,-1.35669]],[[104.45376,-1.43669],[104.45394,-1.43642],[104.45358,-1.436],[104.45284,-1.43615],[104.45331,-1.43682],[104.45376,-1.43669]],[[104.45899,-1.58488],[104.45867,-1.58325],[104.4584,-1.5831],[104.45854,-1.58434],[104.45899,-1.58488]],[[104.50473,-1.80329],[104.50835,-1.80609],[104.51039,-1.8069],[104.51228,-1.80648],[104.51498,-1.80528],[104.51579,-1.80478],[104.51713,-1.80319],[104.51956,-1.80342],[104.52118,-1.80243],[104.52199,-1.80145],[104.52388,-1.80107],[104.5255,-1.79945],[104.52954,-1.79997],[104.53207,-1.79714],[104.53496,-1.7928],[104.53712,-1.78818],[104.5393,-1.7852],[104.53984,-1.78465],[104.54115,-1.78407],[104.54168,-1.78416],[104.54195,-1.78378],[104.54222,-1.7842],[104.54303,-1.78445],[104.54419,-1.78384],[104.54333,-1.78248],[104.54347,-1.77787],[104.54306,-1.77651],[104.54365,-1.77461],[104.54351,-1.77217],[104.54139,-1.76131],[104.54129,-1.75643],[104.54004,-1.75344],[104.54034,-1.75339],[104.54036,-1.7529],[104.5376,-1.74503],[104.53638,-1.73797],[104.53588,-1.7377],[104.53605,-1.73689],[104.53499,-1.73444],[104.53444,-1.7339],[104.53172,-1.72738],[104.53051,-1.72521],[104.52825,-1.72223],[104.52694,-1.71951],[104.52444,-1.71659],[104.52201,-1.71556]],[[104.50377,-1.80904],[104.50413,-1.80582],[104.50311,-1.80454]]]}},{"id":"167","type":"Feature","properties":{"year":2009,"certainty":"good"},"geometry":{"type":"MultiLineString","coordinates":[[[104.52147,-1.71485],[104.52363,-1.71415],[104.52552,-1.7128],[104.52591,-1.71219],[104.52606,-1.71008],[104.52517,-1.7092],[104.5197,-1.70078],[104.51339,-1.69237],[104.50773,-1.68597],[104.50638,-1.68519],[104.50422,-1.68309],[104.50131,-1.68097],[104.49977,-1.67931]],[[104.49554,-1.67432],[104.49397,-1.67185],[104.49297,-1.67119],[104.49228,-1.66875],[104.49178,-1.66821],[104.49188,-1.66767],[104.48966,-1.66395],[104.48616,-1.65574],[104.48176,-1.64839],[104.47585,-1.63726],[104.47241,-1.62858],[104.47064,-1.62505],[104.46946,-1.62152],[104.46696,-1.61664],[104.46628,-1.61392],[104.4654,-1.61233],[104.46514,-1.61094],[104.46291,-1.60496],[104.46138,-1.59926],[104.46001,-1.5966],[104.45913,-1.59356],[104.4581,-1.58976],[104.45872,-1.58868],[104.4584,-1.58746],[104.45813,-1.5876],[104.458,-1.58732],[104.45848,-1.58624],[104.45825,-1.58461],[104.45759,-1.58209],[104.45705,-1.58267],[104.45618,-1.58135],[104.45522,-1.57728],[104.4558,-1.57674],[104.45532,-1.57646],[104.45557,-1.57619],[104.45498,-1.57429],[104.45389,-1.57239],[104.45327,-1.57049],[104.45288,-1.56669],[104.4522,-1.56567],[104.45104,-1.56561],[104.45098,-1.56534],[104.45196,-1.56479],[104.45283,-1.56262],[104.45231,-1.55774],[104.45248,-1.55692],[104.44986,-1.54335],[104.44833,-1.53955],[104.44807,-1.53819],[104.44495,-1.53141],[104.44511,-1.53087],[104.44453,-1.52978],[104.44382,-1.52978],[104.44303,-1.52788],[104.44316,-1.52734],[104.44265,-1.52598],[104.44221,-1.52299],[104.44249,-1.52245],[104.44169,-1.52117],[104.44055,-1.51702],[104.44115,-1.51635],[104.44169,-1.51737],[104.442,-1.51648],[104.44115,-1.51575],[104.44034,-1.51558],[104.43978,-1.51485],[104.43979,-1.51377],[104.4395,-1.51349],[104.43844,-1.50779],[104.43819,-1.50448],[104.43927,-1.50397],[104.43936,-1.50345],[104.43927,-1.50231],[104.43866,-1.50264],[104.43894,-1.49992],[104.4387,-1.49938],[104.43923,-1.49667],[104.43886,-1.49612],[104.43927,-1.4888],[104.43993,-1.48581],[104.44063,-1.48581],[104.4412,-1.48147],[104.44147,-1.4812],[104.44174,-1.47767],[104.4421,-1.47685],[104.44204,-1.47604],[104.44134,-1.47604],[104.44269,-1.47007],[104.44511,-1.46193],[104.44575,-1.4615],[104.44602,-1.46196],[104.44629,-1.46187],[104.44651,-1.46139],[104.44612,-1.46084],[104.44629,-1.46044],[104.44687,-1.46084],[104.44683,-1.46027],[104.44656,-1.46047],[104.44602,-1.46024],[104.44576,-1.45976],[104.44588,-1.45921],[104.44629,-1.45871],[104.44683,-1.45867],[104.4471,-1.45808],[104.44808,-1.45189],[104.44949,-1.44863],[104.44962,-1.44727],[104.45061,-1.44483],[104.45045,-1.44429],[104.45088,-1.44415],[104.45142,-1.44294],[104.45142,-1.44259],[104.45085,-1.44239],[104.45155,-1.44212],[104.45173,-1.4413],[104.45115,-1.44113],[104.45108,-1.44076],[104.45136,-1.43995],[104.45196,-1.44014],[104.4521,-1.4394],[104.45169,-1.43943],[104.45169,-1.43902],[104.4525,-1.43844],[104.45277,-1.4386],[104.45269,-1.43805],[104.45319,-1.43723],[104.45385,-1.43726],[104.45492,-1.43642],[104.45358,-1.4359],[104.45358,-1.43516],[104.45364,-1.4356],[104.45493,-1.43598],[104.45547,-1.43511],[104.45581,-1.43533],[104.45566,-1.43479],[104.4563,-1.43452],[104.45606,-1.43371],[104.45655,-1.43332],[104.45686,-1.42963],[104.45742,-1.42719],[104.45771,-1.42231],[104.45677,-1.41199],[104.45684,-1.40928],[104.4562,-1.40819],[104.45667,-1.40792],[104.45662,-1.40738],[104.45512,-1.39978],[104.45215,-1.39218],[104.45208,-1.39055],[104.45161,-1.38974],[104.4517,-1.38878],[104.45224,-1.38892],[104.45226,-1.38865],[104.4517,-1.38757],[104.45253,-1.38702],[104.45187,-1.38567],[104.45197,-1.3853],[104.45224,-1.3856],[104.4523,-1.38539],[104.45198,-1.38404],[104.45236,-1.38377],[104.45199,-1.38268],[104.45231,-1.38214],[104.45209,-1.38187],[104.45278,-1.3813],[104.45357,-1.38159],[104.45327,-1.38187],[104.45358,-1.38187],[104.45376,-1.37779],[104.4544,-1.37741],[104.45473,-1.37644],[104.45475,-1.37318],[104.4544,-1.37296],[104.45413,-1.37337],[104.45386,-1.37291],[104.45467,-1.37282],[104.45528,-1.37237],[104.45514,-1.37128],[104.45548,-1.3708],[104.45575,-1.37089],[104.45489,-1.36911],[104.45551,-1.36802],[104.45497,-1.3664],[104.45559,-1.36423],[104.45548,-1.36367],[104.45575,-1.36273],[104.45606,-1.3626],[104.45633,-1.35669]],[[104.44866,-1.4546],[104.44865,-1.45433],[104.44813,-1.45406],[104.44811,-1.45433],[104.44866,-1.4546]],[[104.44937,-1.45433],[104.44955,-1.45406],[104.44926,-1.45427],[104.44879,-1.45406],[104.44899,-1.45452],[104.44937,-1.45433]],[[104.50473,-1.80335],[104.5085,-1.80621],[104.51039,-1.80696],[104.51174,-1.80674],[104.51552,-1.80511],[104.51713,-1.80319],[104.51956,-1.80333],[104.52118,-1.80248],[104.52226,-1.80137],[104.52388,-1.80109],[104.52523,-1.79956],[104.52954,-1.79997],[104.53223,-1.79687],[104.53629,-1.79035],[104.53712,-1.78818],[104.53845,-1.78626],[104.54051,-1.78438],[104.54222,-1.78469],[104.54389,-1.78411],[104.5439,-1.78357],[104.54327,-1.78276],[104.5434,-1.77841],[104.54394,-1.77814],[104.54384,-1.77746],[104.5433,-1.77749],[104.54302,-1.77651],[104.54362,-1.77488],[104.54337,-1.77109],[104.54138,-1.76104],[104.54127,-1.75643],[104.54004,-1.75344],[104.54013,-1.75236],[104.53764,-1.74503],[104.53748,-1.7434],[104.53675,-1.7415],[104.53679,-1.73987],[104.53633,-1.73879],[104.53638,-1.73797],[104.53596,-1.73716],[104.53631,-1.73689],[104.53443,-1.7339],[104.53168,-1.72739],[104.52824,-1.72223],[104.52693,-1.71951],[104.52444,-1.71663],[104.52201,-1.71557]],[[104.50385,-1.80904],[104.50411,-1.80581],[104.50311,-1.80453]]]}},{"id":"168","type":"Feature","properties":{"year":2009,"certainty":"insufficient data"},"geometry":{"type":"LineString","coordinates":[[104.49977,-1.67931],[104.49554,-1.67432]]}},{"id":"169","type":"Feature","properties":{"year":2010,"certainty":"insufficient data"},"geometry":{"type":"MultiLineString","coordinates":[[[104.52147,-1.71483],[104.52248,-1.71449]],[[104.50813,-1.68663],[104.50773,-1.68603],[104.50166,-1.68125]],[[104.47729,-1.64011],[104.47525,-1.63604]],[[104.47282,-1.63034],[104.46982,-1.62383]],[[104.45889,-1.59261],[104.4577,-1.58949],[104.45489,-1.57773],[104.45474,-1.57606]],[[104.44749,-1.53724],[104.44532,-1.53249],[104.44421,-1.53087],[104.44423,-1.53032],[104.44351,-1.52937]],[[104.44075,-1.51773],[104.44196,-1.51743],[104.44212,-1.51648],[104.44169,-1.51572],[104.44061,-1.51551],[104.43962,-1.51458],[104.43992,-1.51377],[104.43954,-1.51349],[104.43933,-1.51241],[104.43924,-1.50915],[104.439,-1.50899],[104.43873,-1.50954],[104.43817,-1.50589],[104.43819,-1.50416],[104.43846,-1.50438],[104.43954,-1.5038],[104.44036,-1.50399],[104.44003,-1.50291],[104.44036,-1.50264],[104.44023,-1.50128],[104.43866,-1.50264],[104.439,-1.49857],[104.43886,-1.49612],[104.43935,-1.49151],[104.43921,-1.48975]],[[104.43944,-1.48676],[104.43968,-1.48581],[104.44043,-1.48527],[104.44008,-1.48469],[104.44116,-1.48368],[104.44179,-1.48364],[104.44145,-1.4831],[104.44201,-1.48255],[104.44203,-1.48147],[104.4425,-1.4812],[104.44197,-1.48056],[104.44132,-1.48038],[104.4417,-1.478],[104.44224,-1.47812],[104.44224,-1.47768],[104.44194,-1.47767],[104.4428,-1.47713],[104.44265,-1.47686],[104.44307,-1.47631],[104.44278,-1.47599],[104.4414,-1.47604],[104.44235,-1.47251],[104.44239,-1.47102]],[[104.44884,-1.45094],[104.44904,-1.45026],[104.44967,-1.44972],[104.44937,-1.44944],[104.44974,-1.44863],[104.44947,-1.44809],[104.44996,-1.44768]],[[104.45683,-1.42977],[104.45708,-1.42597]],[[104.4573,-1.42326],[104.45753,-1.42068],[104.45714,-1.41647]],[[104.4569,-1.41349],[104.45681,-1.41294]],[[104.45672,-1.41213],[104.45652,-1.41091],[104.4569,-1.40928],[104.45628,-1.40903],[104.456,-1.40819],[104.45667,-1.40792],[104.45658,-1.40724]],[[104.45645,-1.40697],[104.456,-1.40426]],[[104.52323,-1.71622],[104.52201,-1.71561]]]}},{"id":"170","type":"Feature","properties":{"year":2010,"certainty":"good"},"geometry":{"type":"MultiLineString","coordinates":[[[104.52248,-1.71449],[104.52363,-1.71415],[104.52536,-1.713],[104.52633,-1.71136],[104.51962,-1.70078],[104.51331,-1.69237],[104.50813,-1.68663]],[[104.50166,-1.68125],[104.4992,-1.67852],[104.49971,-1.67771],[104.4996,-1.67717],[104.49856,-1.6768],[104.49586,-1.67439],[104.49377,-1.67174],[104.49296,-1.67119],[104.49223,-1.66848],[104.48966,-1.66411],[104.48708,-1.65762],[104.47729,-1.64011]],[[104.47525,-1.63604],[104.47282,-1.63034]],[[104.46982,-1.62383],[104.46939,-1.62288],[104.46974,-1.62261],[104.46945,-1.62179],[104.46643,-1.61582],[104.4623,-1.60333],[104.46125,-1.59926],[104.45991,-1.59655],[104.45889,-1.59261]],[[104.45474,-1.57606],[104.45336,-1.57158],[104.45266,-1.56724],[104.45215,-1.56642],[104.4523,-1.56615],[104.45193,-1.5657],[104.45096,-1.56561],[104.45213,-1.56316],[104.45221,-1.55611],[104.44984,-1.54389],[104.44749,-1.53724]],[[104.44351,-1.52937],[104.44299,-1.52815],[104.44223,-1.52435],[104.44215,-1.52299],[104.44252,-1.52191],[104.44196,-1.52196],[104.44169,-1.52137],[104.44057,-1.51784],[104.44075,-1.51773]],[[104.43921,-1.48975],[104.43895,-1.48934],[104.43944,-1.48676]],[[104.44239,-1.47102],[104.44245,-1.46926],[104.4436,-1.46654],[104.44383,-1.46491],[104.44421,-1.46464],[104.44394,-1.4641],[104.44449,-1.46247],[104.44548,-1.46086],[104.44602,-1.46196],[104.447,-1.46084],[104.44683,-1.46024],[104.44597,-1.46003],[104.44596,-1.45921],[104.44626,-1.45921],[104.44656,-1.45976],[104.44726,-1.45921],[104.44779,-1.45677],[104.44809,-1.4565],[104.44799,-1.45542],[104.44824,-1.45487],[104.44757,-1.45406],[104.44778,-1.45324],[104.44845,-1.45261],[104.44818,-1.45189],[104.44884,-1.45094]],[[104.44996,-1.44768],[104.45021,-1.44375],[104.45167,-1.43859],[104.45304,-1.43618],[104.45331,-1.43671],[104.45392,-1.43642],[104.45358,-1.43597],[104.45265,-1.43588],[104.45304,-1.43542],[104.45331,-1.43567],[104.45358,-1.43545],[104.45467,-1.4356],[104.4563,-1.43289],[104.45683,-1.42977]],[[104.45708,-1.42597],[104.4573,-1.42326]],[[104.45714,-1.41647],[104.4569,-1.41349]],[[104.45681,-1.41294],[104.45672,-1.41213]],[[104.45658,-1.40724],[104.45645,-1.40697]],[[104.456,-1.40426],[104.455,-1.39978],[104.45279,-1.39408],[104.45261,-1.39109],[104.45213,-1.39028],[104.45251,-1.38943],[104.45163,-1.38892],[104.45251,-1.38896],[104.45251,-1.3885],[104.4517,-1.38757],[104.45251,-1.38707],[104.45251,-1.38672],[104.45212,-1.38594],[104.45125,-1.38567],[104.45116,-1.38512],[104.45169,-1.38187],[104.45224,-1.38139],[104.45359,-1.38155],[104.45365,-1.38132],[104.45349,-1.38078],[104.45381,-1.37942],[104.45304,-1.37807],[104.45311,-1.37752],[104.45359,-1.37684],[104.45458,-1.37698],[104.4547,-1.37644],[104.45456,-1.37481],[104.45359,-1.37431],[104.45346,-1.37372],[104.45378,-1.37291],[104.45373,-1.37155],[104.45521,-1.37114],[104.45557,-1.37074],[104.45521,-1.3702],[104.45393,-1.3702],[104.45388,-1.36938],[104.4543,-1.36911],[104.4544,-1.36775],[104.45495,-1.36694],[104.45498,-1.36504],[104.45621,-1.35669]],[[104.50473,-1.80335],[104.50831,-1.80609],[104.51039,-1.807],[104.51174,-1.80673],[104.51552,-1.80511],[104.51713,-1.80319],[104.51956,-1.80333],[104.52118,-1.80246],[104.52209,-1.80148],[104.52388,-1.80114],[104.52523,-1.7995],[104.52954,-1.79997],[104.53059,-1.79904],[104.53212,-1.79687],[104.53622,-1.79035],[104.53737,-1.78766],[104.53926,-1.78523],[104.54088,-1.78421],[104.54222,-1.78466],[104.54387,-1.78411],[104.54314,-1.78276],[104.54344,-1.78058],[104.54319,-1.77977],[104.54336,-1.77868],[104.54357,-1.77847],[104.54411,-1.7787],[104.54416,-1.77814],[104.54384,-1.77728],[104.54346,-1.77733],[104.54294,-1.77678],[104.54304,-1.77616],[104.5436,-1.77624],[104.54316,-1.7757],[104.54363,-1.77516],[104.54356,-1.77217],[104.54144,-1.7624],[104.54119,-1.75589],[104.54068,-1.75453],[104.53969,-1.75317],[104.5401,-1.7529],[104.53998,-1.75236],[104.53821,-1.74611],[104.53764,-1.74503],[104.53748,-1.7434],[104.53667,-1.7415],[104.53682,-1.73987],[104.53624,-1.73824],[104.53561,-1.73743],[104.5356,-1.73634],[104.53069,-1.72576],[104.52821,-1.7225],[104.527,-1.71978],[104.52465,-1.71707],[104.52323,-1.71622]],[[104.50384,-1.80904],[104.50411,-1.80581],[104.50311,-1.80456]]]}},{"id":"171","type":"Feature","properties":{"year":2011,"certainty":"insufficient data"},"geometry":{"type":"MultiLineString","coordinates":[[[104.45253,-1.38621],[104.45251,-1.38565],[104.45105,-1.38567],[104.45098,-1.38458],[104.4517,-1.37957],[104.45371,-1.37047],[104.45358,-1.36965],[104.45423,-1.36802],[104.45617,-1.35669]],[[104.44449,-1.47088],[104.44448,-1.47034],[104.44413,-1.4703],[104.44346,-1.47061],[104.44343,-1.47116],[104.44307,-1.47116],[104.44277,-1.47061],[104.44318,-1.47034],[104.44228,-1.4698],[104.44332,-1.46573],[104.44448,-1.46247],[104.44539,-1.46084],[104.44704,-1.45921],[104.44733,-1.4584],[104.44728,-1.45759],[104.44766,-1.45704],[104.44721,-1.45677],[104.44791,-1.45651],[104.44794,-1.45623],[104.4476,-1.4546],[104.44856,-1.45297],[104.44891,-1.45053],[104.44953,-1.44978],[104.45008,-1.44972],[104.45028,-1.44917],[104.45008,-1.44836],[104.45064,-1.44755],[104.45059,-1.44646],[104.45017,-1.44592],[104.45062,-1.4451],[104.45031,-1.44429],[104.45088,-1.44213],[104.45069,-1.44103],[104.45168,-1.43859],[104.45295,-1.43723],[104.45292,-1.43642],[104.45331,-1.43577],[104.45358,-1.43634],[104.45412,-1.4365],[104.45371,-1.43479],[104.45466,-1.43464],[104.45574,-1.43262],[104.45686,-1.42719],[104.4573,-1.42149],[104.45705,-1.41444],[104.45658,-1.41199],[104.45669,-1.41036],[104.45585,-1.40819],[104.45628,-1.40675],[104.45623,-1.40548],[104.4548,-1.39951]],[[104.44103,-1.49097],[104.44089,-1.49035],[104.43872,-1.4907],[104.43902,-1.48717],[104.4397,-1.48581],[104.44061,-1.48554],[104.4407,-1.485],[104.44024,-1.48473],[104.4419,-1.48364],[104.4417,-1.4833],[104.44231,-1.48283],[104.44224,-1.48203]],[[104.44084,-1.48907],[104.44107,-1.48853],[104.44089,-1.48847],[104.44051,-1.4888],[104.44051,-1.48907],[104.44084,-1.48907]],[[104.5028,-1.68205],[104.50151,-1.68097],[104.50165,-1.67934],[104.50089,-1.67907],[104.4999,-1.67798],[104.49975,-1.67771],[104.50028,-1.67744],[104.49964,-1.67672],[104.49874,-1.67635],[104.49829,-1.67551],[104.49747,-1.67527],[104.49775,-1.67489],[104.49664,-1.67445],[104.49635,-1.67337],[104.49451,-1.67261],[104.49309,-1.67147],[104.49259,-1.67011],[104.49305,-1.66875],[104.49204,-1.66767],[104.49228,-1.66739],[104.49209,-1.66701],[104.49155,-1.66719],[104.49125,-1.66685],[104.4903,-1.66468],[104.48966,-1.6642],[104.48777,-1.65997],[104.48722,-1.65789],[104.47583,-1.63781],[104.46917,-1.62288],[104.4689,-1.62136],[104.46642,-1.61582],[104.46208,-1.60279],[104.46121,-1.59926],[104.46016,-1.59763],[104.45906,-1.59329],[104.45755,-1.58949],[104.45766,-1.58895],[104.45695,-1.58705],[104.4545,-1.57538],[104.4533,-1.57158],[104.45265,-1.56751],[104.45215,-1.56642],[104.4523,-1.56615],[104.45193,-1.5657],[104.45101,-1.56561],[104.45214,-1.56398],[104.4519,-1.56316],[104.45226,-1.55991],[104.45199,-1.55556],[104.44997,-1.54417],[104.44814,-1.53901],[104.44816,-1.53841],[104.44862,-1.53819],[104.44843,-1.53788],[104.44792,-1.53792]],[[104.49411,-1.66875],[104.4937,-1.66836],[104.4933,-1.66875],[104.4937,-1.66856],[104.49411,-1.66875]],[[104.50985,-1.68613],[104.50907,-1.68519],[104.50884,-1.68531],[104.50912,-1.68585],[104.50881,-1.68613],[104.50985,-1.68613]],[[104.52152,-1.7149],[104.52363,-1.71421],[104.52586,-1.71273],[104.52611,-1.71164],[104.5251,-1.70947],[104.52053,-1.70214],[104.51561,-1.69536],[104.51129,-1.68993],[104.50853,-1.68712],[104.50773,-1.68576],[104.50692,-1.68533]],[[104.50473,-1.80329],[104.50825,-1.80609],[104.51039,-1.80703],[104.51552,-1.80515],[104.51687,-1.80322],[104.51794,-1.80303],[104.51929,-1.80342],[104.52037,-1.8025],[104.52118,-1.80245],[104.52211,-1.80148],[104.52388,-1.80116],[104.52523,-1.79942],[104.52954,-1.79997],[104.53212,-1.79687],[104.53326,-1.79442],[104.53586,-1.79062],[104.53702,-1.78791],[104.53839,-1.78601],[104.5398,-1.78432],[104.54088,-1.78396],[104.54168,-1.78405],[104.54308,-1.78276],[104.54264,-1.78086],[104.54313,-1.77814],[104.54281,-1.77543],[104.54314,-1.77298],[104.54272,-1.7719],[104.54253,-1.76783],[104.54136,-1.76294],[104.54075,-1.75697],[104.53493,-1.73499],[104.5316,-1.72739],[104.52835,-1.72277],[104.52724,-1.72006],[104.52465,-1.71707],[104.52201,-1.71562]],[[104.50385,-1.80904],[104.50411,-1.80581],[104.50311,-1.80456]]]}},{"id":"172","type":"Feature","properties":{"year":2012,"certainty":"good"},"geometry":{"type":"MultiLineString","coordinates":[[[104.52147,-1.71487],[104.52552,-1.71396],[104.52702,-1.71246],[104.52714,-1.71148],[104.5266,-1.71149],[104.52595,-1.71083],[104.51997,-1.70133],[104.50914,-1.68748],[104.49924,-1.67662],[104.49775,-1.67411],[104.4964,-1.67298],[104.49541,-1.67282],[104.49438,-1.67201],[104.49403,-1.67092],[104.49272,-1.66984],[104.49263,-1.66936],[104.49343,-1.66903],[104.49388,-1.66929],[104.49407,-1.66875],[104.49495,-1.66848],[104.49447,-1.66821],[104.4953,-1.66794],[104.49564,-1.6674],[104.49463,-1.66685],[104.49471,-1.66631],[104.49398,-1.6658],[104.49398,-1.66522],[104.49334,-1.66549],[104.49317,-1.6663],[104.49263,-1.6658],[104.49186,-1.66685],[104.49128,-1.66705],[104.49106,-1.66685],[104.49031,-1.66414],[104.48769,-1.65952],[104.48721,-1.65789],[104.48103,-1.64721],[104.48079,-1.64541],[104.47995,-1.64486],[104.47761,-1.63998],[104.47781,-1.63971],[104.4769,-1.63889],[104.47531,-1.63591],[104.47456,-1.63515],[104.47068,-1.62559],[104.46917,-1.62288],[104.46944,-1.62261],[104.46932,-1.62179],[104.46712,-1.61718],[104.46668,-1.61501],[104.46399,-1.60822],[104.46135,-1.59953],[104.46078,-1.59845],[104.46109,-1.59816],[104.46044,-1.59791],[104.46055,-1.59766],[104.46082,-1.59781],[104.4609,-1.59736],[104.46037,-1.59465],[104.45998,-1.59411],[104.46021,-1.59384],[104.45966,-1.59356],[104.46003,-1.59329],[104.45974,-1.59214],[104.4594,-1.59194],[104.45963,-1.59139],[104.4592,-1.59037],[104.45837,-1.59031],[104.45839,-1.58996],[104.45902,-1.58976],[104.45839,-1.58922],[104.45812,-1.58973],[104.45775,-1.58922],[104.45874,-1.58732],[104.45801,-1.58705],[104.45825,-1.58678],[104.45747,-1.58624],[104.45802,-1.58488],[104.45725,-1.58406],[104.45745,-1.58244],[104.4571,-1.57999],[104.45666,-1.57972],[104.4562,-1.57646],[104.45543,-1.57467],[104.45537,-1.57348],[104.45463,-1.57131],[104.4542,-1.56751],[104.45297,-1.56615],[104.4545,-1.56588],[104.45463,-1.56556],[104.45377,-1.56534],[104.45463,-1.56506],[104.45484,-1.56452],[104.45361,-1.56371],[104.45358,-1.56316],[104.45309,-1.56262],[104.45212,-1.55529],[104.45058,-1.54728],[104.45072,-1.54661],[104.44816,-1.53926],[104.44786,-1.53819],[104.44789,-1.5379],[104.44816,-1.53814],[104.44816,-1.53762],[104.44762,-1.53573],[104.44587,-1.53231]],[[104.44358,-1.52449],[104.44311,-1.52218],[104.44196,-1.52217],[104.44152,-1.52137],[104.44178,-1.51838],[104.4403,-1.51349],[104.44014,-1.51078],[104.44035,-1.51047],[104.4399,-1.50807],[104.44037,-1.50671],[104.43984,-1.50617],[104.44027,-1.50589],[104.44037,-1.50535],[104.44025,-1.50427],[104.43973,-1.50372],[104.44037,-1.50318],[104.43987,-1.50291],[104.44004,-1.50182],[104.43962,-1.50155],[104.43988,-1.50101],[104.43967,-1.49992],[104.44013,-1.49938],[104.44022,-1.49802],[104.43989,-1.49775],[104.44035,-1.49736],[104.44045,-1.49585],[104.43954,-1.49531],[104.44031,-1.49504],[104.43977,-1.4945],[104.44078,-1.49395],[104.44061,-1.49368],[104.44105,-1.49287],[104.44099,-1.49205],[104.44047,-1.49178],[104.44105,-1.49151],[104.44118,-1.49042],[104.44008,-1.49029],[104.43994,-1.48988],[104.44035,-1.48865],[104.44078,-1.48907],[104.44117,-1.48853],[104.44047,-1.48852],[104.44052,-1.48663],[104.44101,-1.48771],[104.44147,-1.48798],[104.44127,-1.4869],[104.44154,-1.48635],[104.4409,-1.48581],[104.44175,-1.48527],[104.44175,-1.48486]],[[104.44184,-1.48463],[104.44186,-1.48459]],[[104.44319,-1.47723],[104.44319,-1.47704]],[[104.44295,-1.47672],[104.44311,-1.47523],[104.44356,-1.47468],[104.44328,-1.47414],[104.44386,-1.47333],[104.4434,-1.47251],[104.44419,-1.47197],[104.44498,-1.46871],[104.44386,-1.46968],[104.44369,-1.46953],[104.44404,-1.4679],[104.44648,-1.46003],[104.44764,-1.45825],[104.44845,-1.45834],[104.44845,-1.45791],[104.44746,-1.45732],[104.44838,-1.45677],[104.44757,-1.45623],[104.44915,-1.45569],[104.44787,-1.45514],[104.44791,-1.45485],[104.44872,-1.45501],[104.44943,-1.45433],[104.44915,-1.45406],[104.44945,-1.45352],[104.44856,-1.45297],[104.44857,-1.4527],[104.45,-1.45243],[104.44981,-1.45189],[104.45015,-1.45162],[104.45009,-1.45107],[104.44891,-1.45053],[104.44926,-1.45017],[104.45041,-1.44999],[104.44964,-1.44917],[104.45061,-1.44924],[104.45102,-1.4489],[104.45167,-1.44592],[104.45197,-1.44565],[104.45149,-1.44483],[104.45191,-1.44402],[104.45304,-1.44443],[104.45299,-1.44402],[104.4521,-1.4432],[104.4525,-1.44252],[104.45304,-1.44274],[104.45266,-1.44185],[104.45301,-1.44158],[104.4529,-1.44103],[104.45332,-1.44076],[104.45242,-1.43995],[104.45277,-1.43985],[104.45393,-1.44049],[104.456,-1.43857],[104.45595,-1.43913],[104.45627,-1.43936],[104.45654,-1.43875],[104.45672,-1.43886],[104.45627,-1.44073],[104.45573,-1.44073],[104.45552,-1.44049],[104.45581,-1.43995],[104.45547,-1.43983],[104.45439,-1.44116],[104.45481,-1.44158],[104.45409,-1.44348],[104.45412,-1.44498],[104.45544,-1.44402],[104.45546,-1.44364],[104.45573,-1.44409],[104.456,-1.44324],[104.45573,-1.44365],[104.45551,-1.44348],[104.456,-1.44237],[104.45654,-1.44312],[104.45638,-1.44239],[104.45682,-1.4413],[104.45637,-1.44158],[104.45627,-1.44223],[104.45625,-1.4413],[104.45721,-1.43886],[104.45701,-1.43778],[104.45748,-1.43696],[104.45802,-1.43452],[104.45786,-1.43289],[104.45816,-1.43235],[104.45816,-1.43126],[104.45787,-1.42991],[104.45783,-1.42448],[104.45704,-1.41444],[104.45708,-1.41254],[104.45746,-1.41199],[104.45687,-1.41009],[104.45709,-1.40939],[104.45763,-1.41093],[104.45765,-1.41009],[104.45695,-1.40738],[104.45622,-1.40629],[104.45526,-1.40168],[104.45267,-1.39462],[104.45212,-1.39028],[104.4526,-1.38431],[104.45313,-1.38404],[104.45359,-1.38316],[104.45386,-1.38332],[104.45447,-1.37725],[104.45551,-1.37454],[104.45472,-1.37454],[104.45575,-1.37248],[104.45609,-1.37237],[104.45573,-1.3721],[104.45629,-1.372],[104.45609,-1.36992],[104.45563,-1.36884],[104.45624,-1.36667],[104.45609,-1.36504],[104.45521,-1.36447],[104.4551,-1.36395],[104.456,-1.35669]],[[104.45469,-1.44646],[104.45454,-1.44538],[104.45439,-1.44515],[104.45433,-1.44592],[104.45469,-1.44646]],[[104.45745,-1.57212],[104.4576,-1.57104],[104.45732,-1.57043],[104.45696,-1.57104],[104.45732,-1.57238],[104.45745,-1.57212]],[[104.45873,-1.57484],[104.45851,-1.57321],[104.45813,-1.57251],[104.45804,-1.57484],[104.45813,-1.57503],[104.4584,-1.57475],[104.45867,-1.57508],[104.45873,-1.57484]],[[104.45885,-1.57728],[104.45898,-1.57565],[104.45867,-1.57512],[104.45828,-1.57538],[104.45837,-1.57701],[104.45867,-1.57755],[104.45885,-1.57728]],[[104.45943,-1.57945],[104.45964,-1.57864],[104.45921,-1.57662],[104.45921,-1.57965],[104.45943,-1.57945]],[[104.46056,-1.58189],[104.46074,-1.58081],[104.46028,-1.58012],[104.46028,-1.58162],[104.46056,-1.58189]],[[104.46136,-1.58434],[104.46136,-1.58333],[104.46109,-1.58317],[104.46109,-1.58439],[104.46136,-1.58434]],[[104.50473,-1.80328],[104.50796,-1.80585],[104.51039,-1.80692],[104.51174,-1.80668],[104.51498,-1.80523],[104.51713,-1.80303],[104.51929,-1.80318],[104.52118,-1.80218],[104.52199,-1.80131],[104.52377,-1.80093],[104.5255,-1.79926],[104.52927,-1.79992],[104.53035,-1.79902],[104.53278,-1.79492],[104.53686,-1.78927],[104.53818,-1.78614],[104.53845,-1.78581],[104.53872,-1.78619],[104.53932,-1.78547],[104.53926,-1.78524],[104.53899,-1.78544],[104.53899,-1.78514],[104.53953,-1.7852],[104.54007,-1.78471],[104.54061,-1.78468],[104.54141,-1.78504],[104.54357,-1.78256],[104.54329,-1.78357],[104.54357,-1.78382],[104.54576,-1.78248],[104.54481,-1.77814],[104.54526,-1.77814],[104.54524,-1.7776],[104.5445,-1.77516],[104.54451,-1.77461],[104.54492,-1.77445],[104.54499,-1.77407],[104.54465,-1.77097],[104.54245,-1.7662],[104.54167,-1.7624],[104.54223,-1.76151],[104.54236,-1.7624],[104.54304,-1.76268],[104.54311,-1.7624],[104.54282,-1.75561],[104.54223,-1.75384],[104.54088,-1.75199],[104.54061,-1.75231],[104.5405,-1.75209],[104.53968,-1.74964],[104.53985,-1.74937],[104.53717,-1.74231],[104.53609,-1.73661],[104.53478,-1.73471],[104.53176,-1.72766],[104.52837,-1.7225],[104.52714,-1.7196],[104.52444,-1.71654],[104.52201,-1.71552]],[[104.52941,-1.71897],[104.52936,-1.71761],[104.52902,-1.71706],[104.52768,-1.71668],[104.52759,-1.71707],[104.52829,-1.71816],[104.52941,-1.71897]],[[104.52888,-1.71979],[104.52902,-1.71933],[104.52795,-1.71887],[104.52831,-1.71979],[104.52888,-1.71979]],[[104.50384,-1.80904],[104.50417,-1.80582],[104.5032,-1.80446]]]}},{"id":"173","type":"Feature","properties":{"year":2012,"certainty":"insufficient data"},"geometry":{"type":"MultiLineString","coordinates":[[[104.44587,-1.53231],[104.44497,-1.53168],[104.44493,-1.53112],[104.44412,-1.5305],[104.44402,-1.52951],[104.44293,-1.52679],[104.44271,-1.52517],[104.4437,-1.52517],[104.44358,-1.52449]],[[104.44175,-1.48486],[104.44184,-1.48463]],[[104.44186,-1.48459],[104.44227,-1.48364],[104.44215,-1.4831],[104.44311,-1.48201],[104.44216,-1.48093],[104.44326,-1.48065],[104.44319,-1.47723]],[[104.44319,-1.47704],[104.44295,-1.47672]]]}},{"id":"174","type":"Feature","properties":{"year":2012,"certainty":"unstable data"},"geometry":{"type":"LineString","coordinates":[[104.49642,-1.66197],[104.49721,-1.66319],[104.49829,-1.66348]]}},{"id":"175","type":"Feature","properties":{"year":2013,"certainty":"unstable data"},"geometry":{"type":"MultiLineString","coordinates":[[[104.4964,-1.66137],[104.49546,-1.66171]],[[104.49534,-1.66156],[104.49531,-1.66156]],[[104.49789,-1.6689],[104.49802,-1.66933],[104.50018,-1.66777]]]}},{"id":"176","type":"Feature","properties":{"year":2013,"certainty":"good"},"geometry":{"type":"MultiLineString","coordinates":[[[104.49546,-1.66171],[104.49534,-1.66156]],[[104.49531,-1.66156],[104.49435,-1.66305],[104.4934,-1.66387],[104.49172,-1.66658],[104.49112,-1.66685],[104.49034,-1.66414],[104.48723,-1.65866],[104.48676,-1.65708],[104.48562,-1.65539],[104.48461,-1.65274],[104.484,-1.65229],[104.48103,-1.64704],[104.48023,-1.6452],[104.48041,-1.64486],[104.48007,-1.64405],[104.4781,-1.64025],[104.47691,-1.63889],[104.47531,-1.63591],[104.47456,-1.63546],[104.47187,-1.62878],[104.46839,-1.62152],[104.46867,-1.61989],[104.46635,-1.61474],[104.46624,-1.61284],[104.46562,-1.61202],[104.4648,-1.60904],[104.46405,-1.60821],[104.46319,-1.60605],[104.46211,-1.60225],[104.46251,-1.60116],[104.4619,-1.60112],[104.46136,-1.60015],[104.46058,-1.59492],[104.45948,-1.59166],[104.45945,-1.59058],[104.45854,-1.59031],[104.4591,-1.58976],[104.45802,-1.58895],[104.45879,-1.58786],[104.45877,-1.58732],[104.45813,-1.58712],[104.45825,-1.58678],[104.45747,-1.58624],[104.45802,-1.58488],[104.45725,-1.58406],[104.45737,-1.58271],[104.45701,-1.58216],[104.4572,-1.58081],[104.45617,-1.57782],[104.45614,-1.57646],[104.45548,-1.57511],[104.45433,-1.57104],[104.45445,-1.56914],[104.4542,-1.56859],[104.45445,-1.56805],[104.45295,-1.56642],[104.45328,-1.56604],[104.45425,-1.56615],[104.45493,-1.56561],[104.45354,-1.56371],[104.45296,-1.56208],[104.45285,-1.56126],[104.45337,-1.56045],[104.45325,-1.56018],[104.45389,-1.55991],[104.45336,-1.55936],[104.45319,-1.55747],[104.45246,-1.55665],[104.45306,-1.55665],[104.45356,-1.55529],[104.45209,-1.55448],[104.45283,-1.55421],[104.45258,-1.55312],[104.45274,-1.55204],[104.45203,-1.55231],[104.45162,-1.54905],[104.4509,-1.54742],[104.45114,-1.54715],[104.45085,-1.54727],[104.45033,-1.54607],[104.44839,-1.53901],[104.44776,-1.53792],[104.44782,-1.53684],[104.44633,-1.53385],[104.44543,-1.53304],[104.44528,-1.53195],[104.44426,-1.53032],[104.44398,-1.52842],[104.44458,-1.52815],[104.44439,-1.52784],[104.44385,-1.52781],[104.44336,-1.52652],[104.44343,-1.52544],[104.4437,-1.52517],[104.44327,-1.52327],[104.44277,-1.52241],[104.44196,-1.52217],[104.44147,-1.52164],[104.44179,-1.51974],[104.44078,-1.51838],[104.44115,-1.51748],[104.44045,-1.51702],[104.44001,-1.51567],[104.44011,-1.51485],[104.44075,-1.51458],[104.4403,-1.51349],[104.44035,-1.51262],[104.43983,-1.51187],[104.44012,-1.51078],[104.43967,-1.51051],[104.43932,-1.50888],[104.43954,-1.50823],[104.43908,-1.50671],[104.43965,-1.50671],[104.4395,-1.50535],[104.43983,-1.50508],[104.43955,-1.50481],[104.43949,-1.50399],[104.43981,-1.50441],[104.44005,-1.50427],[104.43964,-1.50372],[104.44007,-1.50345],[104.43972,-1.50264],[104.44001,-1.50182],[104.43962,-1.50155],[104.43948,-1.50074],[104.43981,-1.50042],[104.4396,-1.49992],[104.43981,-1.49938],[104.43929,-1.49884],[104.44004,-1.49802],[104.43971,-1.49748],[104.43996,-1.49721],[104.43979,-1.49667],[104.44024,-1.49585],[104.43954,-1.49531],[104.44031,-1.49504],[104.43991,-1.4945],[104.44049,-1.49422],[104.44039,-1.49368],[104.44081,-1.49314],[104.44062,-1.49178],[104.4411,-1.49015],[104.44098,-1.4888],[104.44167,-1.48717],[104.44128,-1.4869],[104.44106,-1.48581],[104.44172,-1.48527],[104.44211,-1.48364],[104.442,-1.48283],[104.4426,-1.48174],[104.44216,-1.48093],[104.44285,-1.48011],[104.44326,-1.47821],[104.44311,-1.47523],[104.44356,-1.47468],[104.44328,-1.47414],[104.44386,-1.47333],[104.4434,-1.47251],[104.44419,-1.47197],[104.44552,-1.46709],[104.44559,-1.46573],[104.44629,-1.46494],[104.44761,-1.4603],[104.44827,-1.45867],[104.44882,-1.45813],[104.44814,-1.45732],[104.44886,-1.4565],[104.44851,-1.45623],[104.44926,-1.45559],[104.45007,-1.45337],[104.45044,-1.45134],[104.44953,-1.45081],[104.4493,-1.45026],[104.45041,-1.44999],[104.44947,-1.44944],[104.44953,-1.4489],[104.45007,-1.44865],[104.45037,-1.4489],[104.4501,-1.44863],[104.45088,-1.44845],[104.45142,-1.44778],[104.45207,-1.44565],[104.45199,-1.44429],[104.45269,-1.44347],[104.4524,-1.44293],[104.45277,-1.44262],[104.45331,-1.44323],[104.45292,-1.44212],[104.45358,-1.44225],[104.45385,-1.4419],[104.45341,-1.44158],[104.45314,-1.44049],[104.45412,-1.44051],[104.45574,-1.43899],[104.45589,-1.4394],[104.45439,-1.44107],[104.45439,-1.44145],[104.45472,-1.44158],[104.45403,-1.44348],[104.45403,-1.44483],[104.45463,-1.44646],[104.45461,-1.44727],[104.45492,-1.44729],[104.45573,-1.44535],[104.45547,-1.44483],[104.45603,-1.4432],[104.4566,-1.44293],[104.45671,-1.44049],[104.45739,-1.43805],[104.45708,-1.43822],[104.45706,-1.43778],[104.45735,-1.43738],[104.45766,-1.43751],[104.45753,-1.43669],[104.45807,-1.43452],[104.45791,-1.43289],[104.4582,-1.43235],[104.45817,-1.43099],[104.4579,-1.42991],[104.45784,-1.42448],[104.45704,-1.41444],[104.45756,-1.41199],[104.45704,-1.41091],[104.45698,-1.40982],[104.45709,-1.40938],[104.45736,-1.40972],[104.45743,-1.40928],[104.45714,-1.40901],[104.45696,-1.40738],[104.45615,-1.40602],[104.45527,-1.40168],[104.45267,-1.39462],[104.45212,-1.39001],[104.45262,-1.38431],[104.45317,-1.38404],[104.45359,-1.3832],[104.45386,-1.38337],[104.45452,-1.37725],[104.45521,-1.3759],[104.45633,-1.3721],[104.45621,-1.36965],[104.45591,-1.36911],[104.45602,-1.36865],[104.45656,-1.36887],[104.45663,-1.36857],[104.45642,-1.36477],[104.45673,-1.36368],[104.45652,-1.36178],[104.45686,-1.3607],[104.45683,-1.35911],[104.45629,-1.36028],[104.45617,-1.35988],[104.45688,-1.35853],[104.45708,-1.35717],[104.45685,-1.35669]],[[104.45307,-1.44456],[104.45299,-1.44402],[104.45251,-1.44402],[104.45261,-1.44456],[104.45307,-1.44456]],[[104.44122,-1.51648],[104.44115,-1.5158],[104.44088,-1.51587],[104.44086,-1.51621],[104.44122,-1.51648]],[[104.45826,-1.57456],[104.45833,-1.57429],[104.45813,-1.57327],[104.45813,-1.57472],[104.45826,-1.57456]],[[104.45879,-1.57728],[104.45867,-1.57663],[104.4584,-1.57617],[104.45859,-1.57674],[104.45837,-1.57701],[104.45867,-1.57752],[104.45879,-1.57728]],[[104.45931,-1.57945],[104.4595,-1.57809],[104.45922,-1.57782],[104.45921,-1.57693],[104.45921,-1.57958],[104.45931,-1.57945]],[[104.52147,-1.71485],[104.52534,-1.71408],[104.52702,-1.71246],[104.52726,-1.71137],[104.52631,-1.7111],[104.52063,-1.70214],[104.51096,-1.68971],[104.49834,-1.67527],[104.49862,-1.67472],[104.49667,-1.67289],[104.49599,-1.67282],[104.49443,-1.67174],[104.49436,-1.67092],[104.49379,-1.67065],[104.49325,-1.66957],[104.494,-1.66929],[104.49397,-1.66884],[104.49451,-1.66874],[104.49478,-1.66904],[104.49559,-1.66866],[104.49625,-1.66875],[104.49623,-1.66957],[104.49667,-1.66964],[104.49789,-1.6689]],[[104.50473,-1.80331],[104.50904,-1.80646],[104.51039,-1.80689],[104.51147,-1.80676],[104.51525,-1.80508],[104.51713,-1.80303],[104.51929,-1.80319],[104.52118,-1.80218],[104.52199,-1.8013],[104.52377,-1.80093],[104.52538,-1.79931],[104.52927,-1.79992],[104.53035,-1.79897],[104.53274,-1.79497],[104.53386,-1.79366],[104.53548,-1.79277],[104.53608,-1.79171],[104.53568,-1.79117],[104.53611,-1.7909],[104.53683,-1.78939],[104.53737,-1.78956],[104.5382,-1.78873],[104.53842,-1.78818],[104.53787,-1.78764],[104.53845,-1.78752],[104.53917,-1.78683],[104.539,-1.78601],[104.53953,-1.7852],[104.54007,-1.78483],[104.54088,-1.78499],[104.54115,-1.78536],[104.5433,-1.78279],[104.54357,-1.7828],[104.54357,-1.78366],[104.54532,-1.78276],[104.54484,-1.77814],[104.54533,-1.77814],[104.54529,-1.7776],[104.54462,-1.77516],[104.54505,-1.77407],[104.54467,-1.77081],[104.54344,-1.76837],[104.54197,-1.76376],[104.54223,-1.76271],[104.5425,-1.76335],[104.54317,-1.7624],[104.54287,-1.75561],[104.54223,-1.75371],[104.541,-1.75181],[104.54061,-1.75187],[104.54038,-1.75154],[104.53903,-1.74801],[104.53715,-1.74177],[104.53681,-1.7415],[104.53643,-1.73987],[104.53676,-1.73933],[104.53609,-1.73661],[104.53478,-1.73471],[104.53037,-1.72516],[104.52956,-1.7245],[104.52821,-1.72242],[104.52717,-1.71978],[104.52475,-1.7168],[104.52363,-1.7159],[104.52188,-1.71544]],[[104.52941,-1.71897],[104.52936,-1.71761],[104.52902,-1.71706],[104.52754,-1.71653],[104.52829,-1.71816],[104.52941,-1.71897]],[[104.5039,-1.80904],[104.50425,-1.80609],[104.50392,-1.80518],[104.50321,-1.80446]]]}},{"id":"177","type":"Feature","properties":{"year":2014,"certainty":"good"},"geometry":{"type":"MultiLineString","coordinates":[[[104.52147,-1.71484],[104.52579,-1.71392],[104.5266,-1.71327],[104.52705,-1.71219],[104.5269,-1.71164],[104.52633,-1.71136],[104.52417,-1.70834],[104.52061,-1.70214],[104.51454,-1.69454],[104.51447,-1.69321],[104.51339,-1.69278],[104.51312,-1.69205],[104.51285,-1.69234],[104.51231,-1.69189],[104.50983,-1.68911],[104.50995,-1.68748],[104.50778,-1.68504],[104.50712,-1.68477],[104.50773,-1.68357],[104.50692,-1.68292],[104.50684,-1.68368],[104.50636,-1.68368],[104.50615,-1.68341],[104.50638,-1.68258],[104.50495,-1.68178],[104.50287,-1.67959],[104.5026,-1.68062],[104.50125,-1.67912],[104.50098,-1.67944],[104.49976,-1.67771],[104.49997,-1.67744],[104.4991,-1.67719],[104.49832,-1.67581],[104.49802,-1.67582],[104.4964,-1.67401],[104.49532,-1.67348],[104.49495,-1.67255],[104.49532,-1.67201],[104.49451,-1.67119],[104.49397,-1.67116],[104.49343,-1.67019],[104.49283,-1.66984],[104.49268,-1.66902],[104.49116,-1.66794],[104.49074,-1.66685],[104.49089,-1.66658],[104.49047,-1.66631],[104.48995,-1.66468],[104.48947,-1.66414],[104.4888,-1.66197],[104.48831,-1.66115],[104.48804,-1.66124],[104.48751,-1.66007],[104.48706,-1.65817],[104.48422,-1.65274],[104.48129,-1.64812],[104.47936,-1.64378],[104.47726,-1.64045],[104.47704,-1.63998],[104.47732,-1.63971],[104.47726,-1.63933],[104.47699,-1.63994],[104.47477,-1.63591],[104.46829,-1.62152],[104.46664,-1.61636],[104.4659,-1.61528],[104.46552,-1.61229],[104.46513,-1.61223],[104.46487,-1.61121],[104.46494,-1.61039],[104.46432,-1.60974],[104.46432,-1.60896],[104.46348,-1.60768],[104.46217,-1.60356],[104.46202,-1.60225],[104.4596,-1.59655],[104.46002,-1.59465],[104.45974,-1.59491],[104.4592,-1.59423],[104.45919,-1.59356],[104.45866,-1.59291],[104.45837,-1.59139],[104.4578,-1.59031],[104.45789,-1.58814],[104.45865,-1.58732],[104.45795,-1.58705],[104.45813,-1.58678],[104.45737,-1.58624],[104.45735,-1.58488],[104.45761,-1.58461],[104.45716,-1.58406],[104.45732,-1.58271],[104.45695,-1.58216],[104.4572,-1.58081],[104.45663,-1.57972],[104.45614,-1.57646],[104.45546,-1.57538],[104.45485,-1.57185],[104.45445,-1.57131],[104.45419,-1.56805],[104.45267,-1.56669],[104.45328,-1.56601],[104.45449,-1.56588],[104.45397,-1.56479],[104.45412,-1.56452],[104.45343,-1.56371],[104.45283,-1.56208],[104.45261,-1.56045],[104.45274,-1.56025],[104.45301,-1.56058],[104.45328,-1.56034],[104.45301,-1.5604],[104.45269,-1.55991],[104.45224,-1.55665],[104.45304,-1.55611],[104.45286,-1.55502],[104.45247,-1.55488],[104.4522,-1.55542],[104.45189,-1.55421],[104.45235,-1.55394],[104.45203,-1.55312],[104.45247,-1.5526],[104.45247,-1.55229],[104.45193,-1.55281],[104.45128,-1.55149],[104.45139,-1.55101],[104.45179,-1.55122],[104.45187,-1.55068],[104.45093,-1.54742],[104.45113,-1.54715],[104.45046,-1.54634],[104.44968,-1.54444],[104.44843,-1.53945],[104.44598,-1.53494],[104.44478,-1.53195],[104.44398,-1.52842],[104.44458,-1.52815],[104.44439,-1.52784],[104.44385,-1.52781],[104.44304,-1.52572],[104.44277,-1.52626],[104.44265,-1.52598],[104.44281,-1.52544],[104.44242,-1.52489],[104.44229,-1.52299],[104.44281,-1.52245],[104.44196,-1.52206],[104.44152,-1.52137],[104.44137,-1.52055],[104.44179,-1.51974],[104.44051,-1.51702],[104.4401,-1.51567],[104.44024,-1.51512],[104.43973,-1.51485],[104.44024,-1.51268],[104.43957,-1.51132],[104.44011,-1.51078],[104.43981,-1.51095],[104.43954,-1.5095],[104.43923,-1.50969],[104.43927,-1.50898],[104.43853,-1.50888],[104.43897,-1.50861],[104.4388,-1.50834],[104.43919,-1.50779],[104.43859,-1.50589],[104.43959,-1.50508],[104.43938,-1.50345],[104.43899,-1.50291],[104.43919,-1.49884],[104.43969,-1.49612],[104.43954,-1.49531],[104.44017,-1.49504],[104.43991,-1.4945],[104.44049,-1.49422],[104.44039,-1.49368],[104.44084,-1.49287],[104.44062,-1.49178],[104.4411,-1.48934],[104.44019,-1.48907],[104.44089,-1.48883],[104.44083,-1.48798],[104.44146,-1.48744],[104.44126,-1.48635],[104.44062,-1.4862],[104.44033,-1.48554],[104.44081,-1.48418],[104.44172,-1.48391],[104.4416,-1.48283],[104.44246,-1.48174],[104.44201,-1.48093],[104.44256,-1.48038],[104.44305,-1.47889],[104.44302,-1.47577],[104.44347,-1.47468],[104.44328,-1.47414],[104.44385,-1.47333],[104.44331,-1.47251],[104.44417,-1.47197],[104.44381,-1.47143],[104.4447,-1.47034],[104.44549,-1.46709],[104.44531,-1.46573],[104.44612,-1.46519],[104.4459,-1.46464],[104.44629,-1.4646],[104.44716,-1.46193],[104.44668,-1.46166],[104.44683,-1.46135],[104.44726,-1.46139],[104.44845,-1.45834],[104.44846,-1.45759],[104.44802,-1.45732],[104.4485,-1.45677],[104.44799,-1.4565],[104.44895,-1.45596],[104.4487,-1.45542],[104.44953,-1.45433],[104.44923,-1.45406],[104.44957,-1.45352],[104.44868,-1.45297],[104.44994,-1.45216],[104.44997,-1.45134],[104.44927,-1.45053],[104.44998,-1.44999],[104.44973,-1.4489],[104.45007,-1.44863],[104.45037,-1.4489],[104.45008,-1.44863],[104.45061,-1.4486],[104.45142,-1.44778],[104.45231,-1.44375],[104.45208,-1.4432],[104.45248,-1.44239],[104.45246,-1.44157],[104.45277,-1.44182],[104.45302,-1.4413],[104.45332,-1.4413],[104.45304,-1.44021],[104.45412,-1.44051],[104.45574,-1.43877],[104.45627,-1.43936],[104.45654,-1.43877],[104.45708,-1.43905],[104.45698,-1.4375],[104.45654,-1.43738],[104.45644,-1.43696],[104.45708,-1.43602],[104.45735,-1.4365],[104.45752,-1.43615],[104.45741,-1.43181],[104.45797,-1.43099],[104.4577,-1.43045],[104.4579,-1.42692],[104.457,-1.41471],[104.45707,-1.41118],[104.45669,-1.40955],[104.45709,-1.40905],[104.45738,-1.40928],[104.457,-1.40874],[104.45709,-1.40827],[104.45653,-1.40819],[104.45684,-1.40792],[104.45605,-1.40629],[104.45525,-1.40222],[104.45323,-1.39706],[104.45224,-1.39258],[104.45195,-1.39245],[104.45204,-1.38784],[104.45264,-1.38485],[104.45209,-1.38512],[104.45214,-1.38431],[104.45278,-1.38383],[104.45313,-1.38404],[104.45285,-1.38377],[104.45337,-1.38132],[104.45406,-1.38051],[104.45451,-1.37725],[104.45513,-1.37562],[104.45506,-1.37481],[104.45472,-1.37454],[104.45536,-1.37345],[104.45575,-1.37365],[104.45566,-1.37291],[104.45632,-1.37155],[104.45591,-1.36911],[104.45602,-1.36865],[104.45631,-1.36884],[104.45611,-1.3683],[104.45659,-1.36694],[104.45652,-1.36178],[104.45715,-1.35669]],[[104.45502,-1.44483],[104.45513,-1.44456],[104.45473,-1.44402],[104.45546,-1.44364],[104.45573,-1.4442],[104.456,-1.44361],[104.456,-1.44324],[104.45573,-1.44368],[104.45551,-1.44348],[104.45586,-1.44266],[104.4556,-1.44212],[104.45573,-1.44153],[104.45645,-1.44103],[104.45681,-1.43935],[104.45627,-1.44073],[104.45557,-1.44049],[104.45585,-1.43995],[104.45547,-1.43981],[104.45442,-1.44103],[104.45472,-1.44185],[104.4541,-1.4432],[104.45467,-1.44375],[104.45403,-1.44483],[104.45466,-1.44432],[104.45502,-1.44483]],[[104.45657,-1.44266],[104.45654,-1.44208],[104.456,-1.4421],[104.45631,-1.44266],[104.45657,-1.44266]],[[104.45468,-1.44646],[104.45472,-1.44619],[104.45439,-1.4452],[104.45439,-1.44613],[104.45468,-1.44646]],[[104.4407,-1.51485],[104.44061,-1.51394],[104.44034,-1.51383],[104.44016,-1.51458],[104.4407,-1.51485]],[[104.45925,-1.57945],[104.45938,-1.57891],[104.45921,-1.57839],[104.45918,-1.57945],[104.45925,-1.57945]],[[104.45926,-1.59166],[104.4595,-1.59139],[104.45921,-1.59058],[104.45866,-1.59054],[104.45926,-1.59166]],[[104.50473,-1.80331],[104.50904,-1.80647],[104.51039,-1.80688],[104.51147,-1.80675],[104.51525,-1.8051],[104.51714,-1.803],[104.51929,-1.80322],[104.52091,-1.8025],[104.52172,-1.80152],[104.52388,-1.80084],[104.52523,-1.79935],[104.52631,-1.79925],[104.52927,-1.79992],[104.53035,-1.79896],[104.53236,-1.79551],[104.53359,-1.79504],[104.53467,-1.79389],[104.53685,-1.79062],[104.53691,-1.79008],[104.53937,-1.78737],[104.53917,-1.78574],[104.53953,-1.78502],[104.54034,-1.78478],[104.54088,-1.7841],[104.54195,-1.78415],[104.54266,-1.78357],[104.54357,-1.78167],[104.54432,-1.7814],[104.5447,-1.78058],[104.54433,-1.77868],[104.54455,-1.77787],[104.544,-1.77706],[104.54448,-1.77624],[104.54395,-1.77516],[104.54425,-1.77326],[104.54373,-1.77299],[104.54388,-1.77081],[104.54192,-1.76511],[104.54215,-1.7643],[104.54172,-1.76159],[104.54196,-1.76097],[104.5425,-1.76184],[104.54266,-1.76104],[104.5425,-1.75962],[104.54248,-1.75996],[104.54212,-1.75996],[104.54223,-1.75838],[104.54184,-1.75779],[104.5421,-1.75751],[104.54162,-1.75697],[104.54174,-1.75643],[104.54237,-1.75589],[104.5423,-1.75507],[104.54166,-1.75426],[104.54142,-1.75318],[104.54115,-1.75452],[104.54088,-1.75457],[104.54034,-1.75362],[104.54062,-1.75317],[104.54035,-1.75127],[104.53953,-1.751],[104.54015,-1.75073],[104.53865,-1.74829],[104.53896,-1.74747],[104.53823,-1.74611],[104.53839,-1.74584],[104.53733,-1.74313],[104.53738,-1.74204],[104.53684,-1.74167],[104.53657,-1.74193],[104.5363,-1.74149],[104.53622,-1.74096],[104.5366,-1.74096],[104.53658,-1.74069],[104.53586,-1.73933],[104.53621,-1.73879],[104.53576,-1.73626],[104.53496,-1.73526],[104.53193,-1.72847],[104.52817,-1.7225],[104.52686,-1.71951],[104.52336,-1.71589],[104.52255,-1.71542],[104.52185,-1.71544]],[[104.54278,-1.76349],[104.5426,-1.76294],[104.5425,-1.76196],[104.5425,-1.76359],[104.54278,-1.76349]],[[104.54385,-1.78357],[104.54397,-1.7833],[104.54384,-1.78302],[104.54346,-1.78357],[104.54385,-1.78357]],[[104.50397,-1.80904],[104.50431,-1.80636],[104.50414,-1.80554],[104.50311,-1.80448]]]}},{"id":"178","type":"Feature","properties":{"year":2015,"certainty":"unstable data"},"geometry":{"type":"MultiLineString","coordinates":[[[104.44103,-1.47913],[104.44126,-1.47889]],[[104.4413,-1.47874],[104.44152,-1.47631],[104.44226,-1.47441],[104.44211,-1.47418]],[[104.45371,-1.43953],[104.45389,-1.43954]],[[104.45398,-1.43961],[104.45393,-1.43927]],[[104.45398,-1.43907],[104.45466,-1.43792],[104.45502,-1.43805],[104.45547,-1.43676],[104.45574,-1.43726],[104.4557,-1.4356],[104.45631,-1.43479],[104.45641,-1.4333]],[[104.45641,-1.43327],[104.45663,-1.43248]],[[104.45668,-1.43233],[104.45677,-1.43194]],[[104.45405,-1.37956],[104.4544,-1.37939],[104.45521,-1.37682],[104.4544,-1.37734],[104.45359,-1.37707],[104.45276,-1.37725],[104.45442,-1.37345],[104.45575,-1.37359],[104.45604,-1.37318],[104.45611,-1.37182],[104.45575,-1.37106],[104.45536,-1.37101],[104.4557,-1.36911],[104.4554,-1.36802],[104.45569,-1.36721],[104.45542,-1.36667],[104.45618,-1.36613],[104.45588,-1.36558],[104.45629,-1.36541],[104.45668,-1.3645],[104.45628,-1.36083]]]}},{"id":"179","type":"Feature","properties":{"year":2015,"certainty":"good"},"geometry":{"type":"MultiLineString","coordinates":[[[104.52147,-1.71479],[104.52309,-1.71428],[104.52542,-1.71408],[104.5266,-1.71346],[104.52518,-1.71001],[104.52032,-1.70187],[104.51339,-1.6932],[104.50746,-1.68622],[104.50638,-1.6855],[104.50211,-1.68124],[104.49709,-1.67472],[104.49536,-1.67391],[104.4939,-1.67201],[104.49336,-1.67174],[104.49265,-1.67092],[104.49198,-1.66902],[104.49058,-1.66767],[104.49002,-1.66549],[104.48746,-1.66034],[104.48678,-1.65789],[104.47452,-1.63564],[104.46887,-1.62315],[104.46592,-1.61555],[104.46172,-1.60279],[104.46141,-1.60089],[104.45945,-1.59655],[104.45974,-1.59533],[104.4592,-1.59501],[104.4582,-1.59139],[104.45737,-1.58976],[104.45617,-1.58379],[104.45543,-1.58167],[104.4551,-1.57809],[104.45462,-1.57728],[104.45425,-1.57511],[104.45435,-1.57492],[104.45489,-1.57576],[104.45543,-1.57595],[104.45495,-1.57429],[104.45492,-1.57266],[104.45443,-1.57185],[104.45401,-1.56995],[104.45284,-1.56832],[104.45219,-1.56615],[104.45258,-1.56588],[104.45279,-1.56452],[104.45155,-1.55502],[104.45023,-1.54797],[104.45051,-1.54661],[104.45032,-1.54609],[104.44978,-1.54598],[104.44846,-1.54091],[104.44509,-1.53385],[104.44366,-1.52734],[104.44331,-1.52727],[104.44277,-1.52782],[104.44245,-1.52734],[104.44249,-1.52652],[104.44136,-1.52245],[104.44142,-1.52204],[104.44169,-1.52235],[104.44186,-1.52218],[104.44179,-1.52191],[104.44074,-1.52055],[104.44054,-1.51811],[104.43873,-1.51203],[104.4385,-1.51051],[104.43873,-1.5101],[104.439,-1.5104],[104.43909,-1.50997],[104.43819,-1.50888],[104.43819,-1.50827],[104.43849,-1.50807],[104.43819,-1.5049],[104.43792,-1.5052],[104.43791,-1.50454],[104.43819,-1.50479],[104.43868,-1.50318],[104.43916,-1.49558],[104.43966,-1.49531],[104.43981,-1.49462],[104.4404,-1.4945],[104.44007,-1.49368],[104.44068,-1.49341],[104.44062,-1.49269],[104.4394,-1.49205],[104.43935,-1.49151],[104.43999,-1.48717],[104.43979,-1.48581],[104.44014,-1.48174],[104.44103,-1.47913]],[[104.44126,-1.47889],[104.4413,-1.47874]],[[104.44211,-1.47418],[104.44224,-1.47336],[104.44197,-1.47369],[104.44163,-1.47333],[104.44237,-1.47224],[104.44222,-1.47116],[104.44251,-1.4703],[104.4431,-1.4698],[104.44335,-1.46844],[104.44299,-1.46817],[104.44305,-1.46699],[104.44377,-1.46491],[104.4444,-1.46475],[104.44522,-1.46301],[104.44737,-1.45572],[104.44764,-1.45723],[104.44774,-1.45704],[104.44786,-1.45623],[104.4475,-1.45542],[104.44791,-1.45525],[104.44858,-1.45216],[104.44902,-1.45189],[104.44907,-1.45053],[104.44986,-1.44755],[104.44934,-1.44673],[104.44953,-1.44652],[104.45021,-1.44673],[104.45145,-1.4432],[104.45246,-1.4413],[104.45294,-1.44103],[104.45275,-1.44049],[104.45312,-1.43968],[104.45371,-1.43953]],[[104.45389,-1.43954],[104.45398,-1.43961]],[[104.45393,-1.43927],[104.45398,-1.43907]],[[104.45641,-1.4333],[104.45641,-1.43327]],[[104.45663,-1.43248],[104.45668,-1.43233]],[[104.45677,-1.43194],[104.45706,-1.43099],[104.45714,-1.42746],[104.45743,-1.42719],[104.45719,-1.42556],[104.45765,-1.42475],[104.45723,-1.42448],[104.45713,-1.42393],[104.45688,-1.41742],[104.45711,-1.41688],[104.45684,-1.41661],[104.45653,-1.41308],[104.45693,-1.41254],[104.45628,-1.41126],[104.45614,-1.40982],[104.45525,-1.40819],[104.4556,-1.40765],[104.45573,-1.40575],[104.45505,-1.40249],[104.45246,-1.39516],[104.45164,-1.39408],[104.4519,-1.39299],[104.45135,-1.39164],[104.4512,-1.38974],[104.45209,-1.38919],[104.45233,-1.38838],[104.45143,-1.3882],[104.45113,-1.38784],[104.45087,-1.38648],[104.45143,-1.38476],[104.45249,-1.38377],[104.45287,-1.38159],[104.45236,-1.38078],[104.45305,-1.37982],[104.45376,-1.38051],[104.45413,-1.38016],[104.45405,-1.37956]],[[104.45628,-1.36083],[104.45728,-1.35669]],[[104.45257,-1.38512],[104.45342,-1.38431],[104.45332,-1.38403],[104.45305,-1.38389],[104.45264,-1.38431],[104.45231,-1.38485],[104.45257,-1.38512]],[[104.43951,-1.51078],[104.43954,-1.51051],[104.43896,-1.51078],[104.43927,-1.51091],[104.43951,-1.51078]],[[104.45372,-1.56534],[104.45382,-1.56503],[104.45315,-1.56534],[104.45328,-1.56549],[104.45372,-1.56534]],[[104.50473,-1.80331],[104.50904,-1.80642],[104.51039,-1.80686],[104.51147,-1.80672],[104.51498,-1.80519],[104.51687,-1.80305],[104.51929,-1.80303],[104.5201,-1.80237],[104.52118,-1.80211],[104.52206,-1.80121],[104.52361,-1.80097],[104.5255,-1.79923],[104.52927,-1.79984],[104.5304,-1.79877],[104.53278,-1.79455],[104.53457,-1.79225],[104.5371,-1.7877],[104.53908,-1.78493],[104.54034,-1.78475],[104.54061,-1.78507],[104.54184,-1.7852],[104.54237,-1.78466],[104.54143,-1.78411],[104.54451,-1.78248],[104.54457,-1.78221],[104.54394,-1.77678],[104.54339,-1.7757],[104.5436,-1.77353],[104.54298,-1.77081],[104.54316,-1.76973],[104.54196,-1.76592],[104.54097,-1.76104],[104.54152,-1.76077],[104.54123,-1.75779],[104.54154,-1.75751],[104.54142,-1.75671],[104.54115,-1.75712],[104.54079,-1.75697],[104.54118,-1.75643],[104.54115,-1.75534],[104.53948,-1.74964],[104.53901,-1.7491],[104.53905,-1.74856],[104.53791,-1.74639],[104.53657,-1.74255],[104.53483,-1.7358],[104.53182,-1.72847],[104.52869,-1.72331],[104.52698,-1.71978],[104.52471,-1.71728],[104.52282,-1.71573],[104.52201,-1.7155]],[[104.50394,-1.80904],[104.50427,-1.80609],[104.50311,-1.8045]]]}},{"id":"180","type":"Feature","properties":{"year":2016,"certainty":"good"},"geometry":{"type":"MultiLineString","coordinates":[[[104.52147,-1.71481],[104.52336,-1.71426],[104.52579,-1.7141],[104.52637,-1.71381],[104.52658,-1.71327],[104.52492,-1.70974],[104.52042,-1.70214],[104.50749,-1.6864],[104.50091,-1.68015],[104.49686,-1.67472],[104.49532,-1.674],[104.49289,-1.67148],[104.49182,-1.66888],[104.4904,-1.66767],[104.49007,-1.66577],[104.48775,-1.66115],[104.48675,-1.65789],[104.47536,-1.63726],[104.46863,-1.62267],[104.46558,-1.61473],[104.4619,-1.60333],[104.46139,-1.60008],[104.46075,-1.59872],[104.46084,-1.5975]],[[104.45772,-1.58999],[104.45772,-1.58943]],[[104.45745,-1.58827],[104.45713,-1.58651],[104.45659,-1.58569],[104.45678,-1.58514],[104.45727,-1.58488],[104.45681,-1.58434],[104.45661,-1.58271],[104.45689,-1.58135],[104.45597,-1.58176],[104.4554,-1.57972],[104.45543,-1.57937],[104.4557,-1.57945],[104.45633,-1.57877]],[[104.45584,-1.57721],[104.45601,-1.57619],[104.45546,-1.57592],[104.455,-1.57429],[104.45499,-1.57266],[104.45442,-1.57158],[104.45455,-1.57049],[104.45397,-1.56968],[104.45408,-1.56909],[104.45357,-1.56778],[104.45261,-1.56669],[104.45274,-1.56637],[104.4531,-1.56642],[104.45257,-1.56588],[104.45255,-1.56493]],[[104.44959,-1.54539],[104.44745,-1.53874],[104.44519,-1.53484],[104.44248,-1.52761],[104.44128,-1.52245],[104.44176,-1.52191],[104.44061,-1.52044],[104.44052,-1.51933]],[[104.44048,-1.51906],[104.44048,-1.51906]],[[104.43887,-1.49407],[104.43887,-1.49384]],[[104.43888,-1.49382],[104.43914,-1.49016]],[[104.43921,-1.48975],[104.43927,-1.48771],[104.43995,-1.48412]],[[104.44004,-1.48323],[104.44039,-1.48079]],[[104.44147,-1.47346],[104.44157,-1.47303]],[[104.44209,-1.47156],[104.44211,-1.47088]],[[104.4422,-1.47048],[104.44238,-1.46993]],[[104.44246,-1.46966],[104.44265,-1.46932]],[[104.44306,-1.46776],[104.44319,-1.46747]],[[104.44337,-1.46668],[104.44346,-1.46656]],[[104.44361,-1.46613],[104.44373,-1.4659]],[[104.44379,-1.46559],[104.44388,-1.46532]],[[104.44399,-1.46505],[104.444,-1.46498]],[[104.44543,-1.46044],[104.44575,-1.45867],[104.44629,-1.45774],[104.44656,-1.45801],[104.44641,-1.45759],[104.44691,-1.45596],[104.44814,-1.45406],[104.44858,-1.45216],[104.44978,-1.45162],[104.44925,-1.45053],[104.44983,-1.44999],[104.44977,-1.44863],[104.45115,-1.44535],[104.45131,-1.44402],[104.45196,-1.44309],[104.45237,-1.44157],[104.4529,-1.44108]],[[104.45688,-1.43248],[104.45731,-1.42448],[104.45669,-1.41294]],[[104.45507,-1.40317],[104.45352,-1.39842],[104.45305,-1.39774],[104.45246,-1.3953]],[[104.45306,-1.38472],[104.45342,-1.38431],[104.45295,-1.38377],[104.45304,-1.38187],[104.45376,-1.38051],[104.45415,-1.38051],[104.45339,-1.37969],[104.4537,-1.37902]],[[104.4568,-1.35812],[104.45688,-1.35669]],[[104.50473,-1.80326],[104.50904,-1.80641],[104.51039,-1.80684],[104.51147,-1.80673],[104.51471,-1.80537],[104.51714,-1.80297],[104.51902,-1.80311],[104.52091,-1.80219],[104.522,-1.80121],[104.52361,-1.80093],[104.5255,-1.79919],[104.52927,-1.79982],[104.53039,-1.79877],[104.53277,-1.79442],[104.53458,-1.79225],[104.53602,-1.78959],[104.53669,-1.78932]],[[104.54371,-1.78445],[104.54519,-1.78418],[104.54548,-1.78357],[104.54449,-1.78221],[104.54468,-1.78113],[104.54375,-1.77651],[104.54324,-1.76919],[104.54242,-1.76729],[104.54136,-1.76294],[104.54134,-1.76131],[104.54195,-1.76077],[104.54137,-1.75779],[104.54173,-1.75643],[104.54125,-1.75643],[104.54129,-1.75534],[104.54035,-1.75154],[104.54004,-1.75154],[104.53971,-1.74991],[104.53914,-1.7491],[104.53687,-1.74313],[104.53477,-1.7358],[104.53179,-1.72847],[104.52701,-1.71978],[104.52471,-1.71721],[104.52201,-1.71549]],[[104.50391,-1.80904],[104.50424,-1.80582],[104.50311,-1.80452]]]}},{"id":"181","type":"Feature","properties":{"year":2016,"certainty":"unstable data"},"geometry":{"type":"MultiLineString","coordinates":[[[104.46084,-1.5975],[104.46065,-1.59628],[104.46028,-1.5964],[104.45983,-1.59573],[104.46105,-1.59438],[104.46053,-1.59411],[104.46091,-1.59329],[104.46042,-1.59302],[104.46028,-1.59174],[104.45939,-1.59139],[104.46008,-1.59085],[104.45979,-1.59004],[104.4592,-1.58968],[104.45772,-1.58999]],[[104.45772,-1.58943],[104.45781,-1.58841],[104.45745,-1.58827]],[[104.45633,-1.57877],[104.45651,-1.57832],[104.45584,-1.57721]],[[104.45255,-1.56493],[104.4512,-1.55339],[104.44959,-1.54539]],[[104.44052,-1.51933],[104.44048,-1.51906]],[[104.44048,-1.51906],[104.44019,-1.51702],[104.4398,-1.51651],[104.4398,-1.51567],[104.43924,-1.51458],[104.43864,-1.51187],[104.43815,-1.50888],[104.43838,-1.50752],[104.43788,-1.50508],[104.43788,-1.50318],[104.43858,-1.50047],[104.43887,-1.49407]],[[104.43887,-1.49384],[104.43888,-1.49382]],[[104.43914,-1.49016],[104.43921,-1.48975]],[[104.43995,-1.48412],[104.44004,-1.48323]],[[104.44039,-1.48079],[104.44099,-1.47794],[104.44146,-1.47713],[104.44133,-1.47631],[104.44199,-1.47496],[104.44197,-1.47459],[104.44139,-1.47414],[104.44147,-1.47346]],[[104.44157,-1.47303],[104.44229,-1.47224],[104.44209,-1.47156]],[[104.44211,-1.47088],[104.4422,-1.47048]],[[104.44238,-1.46993],[104.44246,-1.46966]],[[104.44265,-1.46932],[104.44306,-1.46776]],[[104.44319,-1.46747],[104.44337,-1.46668]],[[104.44346,-1.46656],[104.44361,-1.46613]],[[104.44373,-1.4659],[104.44379,-1.46559]],[[104.44388,-1.46532],[104.44399,-1.46505]],[[104.444,-1.46498],[104.44503,-1.46139],[104.44551,-1.46111],[104.44543,-1.46044]],[[104.4529,-1.44108],[104.45293,-1.44049],[104.45335,-1.44049],[104.45358,-1.43993],[104.45385,-1.44064],[104.45452,-1.43968],[104.45439,-1.43916],[104.45401,-1.43913],[104.45439,-1.43903],[104.45447,-1.43832],[104.4552,-1.43815],[104.45547,-1.43847],[104.45574,-1.4379],[104.45601,-1.43794],[104.45622,-1.43669],[104.45581,-1.4356],[104.45657,-1.43452],[104.45688,-1.43248]],[[104.45669,-1.41294],[104.4566,-1.40982],[104.45624,-1.40846],[104.45589,-1.40819],[104.45617,-1.40656],[104.45507,-1.40317]],[[104.45246,-1.3953],[104.45232,-1.39435],[104.4517,-1.39426],[104.45155,-1.39354],[104.4517,-1.3932],[104.45225,-1.39326],[104.4521,-1.39055],[104.45264,-1.38757],[104.45239,-1.38567],[104.45191,-1.38539],[104.45251,-1.3853],[104.45306,-1.38472]],[[104.4537,-1.37902],[104.45506,-1.37454],[104.45602,-1.37329],[104.45614,-1.37264],[104.45586,-1.37101],[104.45614,-1.37074],[104.45591,-1.3702],[104.45601,-1.36558],[104.45663,-1.36233],[104.4568,-1.35812]],[[104.46224,-1.59302],[104.46244,-1.59196],[104.4619,-1.59241],[104.46082,-1.59011],[104.46105,-1.59166],[104.4619,-1.59316],[104.46224,-1.59302]],[[104.46252,-1.59166],[104.46248,-1.59112],[104.46217,-1.59029],[104.46187,-1.59058],[104.46187,-1.59139],[104.46244,-1.59193],[104.46252,-1.59166]],[[104.53669,-1.78932],[104.5382,-1.78764],[104.5383,-1.7871],[104.54007,-1.78549],[104.54168,-1.78565],[104.54303,-1.78387],[104.54331,-1.78438],[104.54371,-1.78445]]]}},{"id":"182","type":"Feature","properties":{"year":2017,"certainty":"good"},"geometry":{"type":"MultiLineString","coordinates":[[[104.52147,-1.71482],[104.52336,-1.71427],[104.52579,-1.71415],[104.52775,-1.713],[104.52714,-1.7128],[104.52687,-1.71322],[104.5266,-1.7124],[104.52606,-1.71233],[104.5249,-1.70974],[104.51999,-1.7016],[104.51114,-1.69074],[104.50719,-1.68616],[104.5009,-1.68015],[104.49735,-1.67581],[104.49559,-1.67296],[104.49451,-1.67213],[104.49424,-1.67281],[104.49403,-1.67201],[104.49236,-1.67046],[104.49209,-1.66929],[104.49022,-1.66767],[104.48992,-1.66577],[104.48804,-1.66223],[104.48682,-1.65817],[104.47535,-1.63726],[104.46889,-1.62342],[104.46567,-1.6147],[104.46552,-1.61392],[104.4658,-1.61338],[104.46486,-1.61066],[104.46445,-1.61066],[104.46372,-1.60876],[104.46244,-1.60366],[104.46218,-1.60361],[104.46262,-1.60334],[104.46273,-1.60252],[104.46244,-1.60222],[104.4619,-1.60245],[104.46167,-1.60225],[104.46272,-1.60144],[104.46179,-1.59899],[104.46191,-1.59709],[104.4616,-1.59696]],[[104.45772,-1.58773],[104.4568,-1.58705],[104.45682,-1.58596],[104.45641,-1.58542],[104.45705,-1.58503],[104.45715,-1.58461],[104.45651,-1.5839],[104.45595,-1.58379],[104.45542,-1.58216],[104.45526,-1.57972],[104.45604,-1.57918],[104.45652,-1.57836],[104.4557,-1.57701],[104.45601,-1.57619],[104.45543,-1.57591],[104.45479,-1.57619],[104.45439,-1.57429],[104.45365,-1.57321],[104.45384,-1.57266],[104.4534,-1.57185],[104.45286,-1.56832],[104.45355,-1.56817],[104.45365,-1.56778],[104.45301,-1.56705],[104.45253,-1.56696],[104.45268,-1.56642],[104.45213,-1.56615],[104.4522,-1.5656],[104.4522,-1.56588],[104.45274,-1.56596],[104.45302,-1.56493]],[[104.45124,-1.55244],[104.45088,-1.54987],[104.45002,-1.54797],[104.44847,-1.54145],[104.44715,-1.53819],[104.44497,-1.53466],[104.44219,-1.52679],[104.43899,-1.51254]],[[104.43999,-1.49273],[104.44008,-1.49225],[104.43897,-1.49178],[104.4389,-1.49124],[104.43954,-1.48811],[104.44035,-1.48826],[104.44076,-1.4871]],[[104.44015,-1.48296],[104.44023,-1.48052]],[[104.44022,-1.48022],[104.44022,-1.47973]],[[104.44031,-1.47943],[104.44049,-1.47894]],[[104.4405,-1.47889],[104.44076,-1.47775]],[[104.44616,-1.4584],[104.44643,-1.45736]],[[104.44647,-1.45718],[104.44671,-1.45487],[104.44776,-1.45216],[104.44816,-1.44972],[104.44866,-1.4489],[104.44855,-1.44836],[104.44973,-1.44537],[104.44963,-1.44483],[104.45182,-1.44018]],[[104.45674,-1.4333],[104.45722,-1.42991],[104.45701,-1.42936],[104.45737,-1.42855],[104.45702,-1.42773],[104.45726,-1.42475],[104.45695,-1.41715],[104.45647,-1.41172],[104.4557,-1.40819],[104.45608,-1.40792],[104.45616,-1.40684],[104.4552,-1.40468],[104.45337,-1.39842],[104.45273,-1.39734],[104.45224,-1.39455],[104.4517,-1.39426],[104.45155,-1.39354],[104.45228,-1.39326],[104.45238,-1.38729],[104.45194,-1.38621],[104.45211,-1.38539],[104.45273,-1.38458],[104.45329,-1.38105],[104.45359,-1.38062],[104.45337,-1.37942],[104.45395,-1.37861],[104.45522,-1.374],[104.45615,-1.37264],[104.45581,-1.37101],[104.45579,-1.3683],[104.4561,-1.36775],[104.45685,-1.35669]],[[104.45247,-1.56516],[104.45233,-1.56448]],[[104.45265,-1.56466],[104.45247,-1.56516]],[[104.50473,-1.80324],[104.50904,-1.8064],[104.51039,-1.80682],[104.51147,-1.80674],[104.51471,-1.80538],[104.51714,-1.80299],[104.51929,-1.803],[104.52118,-1.80202],[104.52199,-1.80117],[104.52361,-1.80093],[104.52523,-1.79921],[104.52712,-1.79925],[104.52927,-1.79978],[104.5303,-1.79877],[104.53251,-1.79454],[104.53401,-1.7928],[104.53642,-1.78887]],[[104.54317,-1.78464],[104.54431,-1.78466],[104.54515,-1.78357],[104.54455,-1.78221],[104.54408,-1.77977],[104.54394,-1.77678],[104.54325,-1.77244],[104.54347,-1.77163],[104.54333,-1.76891],[104.54245,-1.76674],[104.54233,-1.76349],[104.54183,-1.76104],[104.54215,-1.75833],[104.54174,-1.75589],[104.54141,-1.75561],[104.54023,-1.75154],[104.53649,-1.74204],[104.53463,-1.73553],[104.53211,-1.72929],[104.52691,-1.71951],[104.52444,-1.71699],[104.52255,-1.71558],[104.52201,-1.71548]],[[104.50389,-1.80904],[104.50428,-1.80609],[104.50311,-1.80451]]]}},{"id":"183","type":"Feature","properties":{"year":2017,"certainty":"unstable data"},"geometry":{"type":"MultiLineString","coordinates":[[[104.4616,-1.59696],[104.46111,-1.59682],[104.46166,-1.59655],[104.46109,-1.59633],[104.46119,-1.59574],[104.46075,-1.59492],[104.46091,-1.59438],[104.46061,-1.59384],[104.46109,-1.59305],[104.46067,-1.59302],[104.46083,-1.59248],[104.46055,-1.5918],[104.45988,-1.59112],[104.46028,-1.59096],[104.4603,-1.59031],[104.46001,-1.59043],[104.45818,-1.58786],[104.45772,-1.58773]],[[104.45302,-1.56493],[104.45256,-1.56371],[104.4529,-1.56316],[104.45231,-1.56289],[104.45201,-1.55991],[104.4522,-1.55952],[104.45329,-1.55991],[104.45257,-1.55801],[104.45183,-1.55746],[104.45234,-1.55719],[104.45124,-1.55244]],[[104.43899,-1.51254],[104.43865,-1.51051],[104.43934,-1.50617],[104.43948,-1.50372],[104.43925,-1.50291],[104.43956,-1.50237],[104.43968,-1.49965],[104.43942,-1.49911],[104.43987,-1.49748],[104.4397,-1.49504],[104.43999,-1.49273]],[[104.44076,-1.4871],[104.44023,-1.48581],[104.44071,-1.48473],[104.44021,-1.48391],[104.44015,-1.48296]],[[104.44023,-1.48052],[104.44022,-1.48022]],[[104.44022,-1.47973],[104.44031,-1.47943]],[[104.44049,-1.47894],[104.4405,-1.47889]],[[104.44076,-1.47775],[104.44143,-1.47624],[104.44281,-1.47658],[104.44276,-1.47604],[104.44224,-1.47618],[104.44142,-1.47577],[104.44175,-1.47278],[104.44298,-1.46953],[104.44312,-1.46817],[104.44386,-1.4684],[104.44453,-1.46817],[104.44496,-1.46654],[104.44431,-1.466],[104.44413,-1.46505],[104.44467,-1.46392],[104.44517,-1.46519],[104.4448,-1.46546],[104.44581,-1.46519],[104.44575,-1.46484],[104.44528,-1.46491],[104.44724,-1.45867],[104.44683,-1.45822],[104.44616,-1.4584]],[[104.44643,-1.45736],[104.44647,-1.45718]],[[104.45182,-1.44018],[104.4525,-1.4394],[104.45277,-1.43999],[104.45331,-1.43932],[104.45358,-1.44062],[104.45426,-1.44022],[104.45439,-1.43962],[104.45545,-1.43832],[104.45674,-1.4333]],[[104.45442,-1.44402],[104.45494,-1.44266],[104.45466,-1.44254],[104.45423,-1.44266],[104.45442,-1.44402]],[[104.45233,-1.56448],[104.45247,-1.56403],[104.45265,-1.56466]],[[104.462,-1.59302],[104.46197,-1.59221],[104.46154,-1.59166],[104.46195,-1.59112],[104.46163,-1.59115],[104.46113,-1.59058],[104.46117,-1.58949],[104.46082,-1.5894],[104.46072,-1.59085],[104.4619,-1.59326],[104.462,-1.59302]],[[104.53642,-1.78887],[104.53817,-1.78655],[104.5398,-1.78502],[104.54115,-1.78522],[104.54249,-1.78461],[104.54317,-1.78464]]]}},{"id":"184","type":"Feature","properties":{"year":2018,"certainty":"unstable data"},"geometry":{"type":"MultiLineString","coordinates":[[[104.4407,-1.4835],[104.44049,-1.48232]],[[104.44049,-1.48181],[104.44054,-1.4816]],[[104.44067,-1.48079],[104.44127,-1.47794],[104.44143,-1.47766],[104.44203,-1.47767],[104.44242,-1.47468],[104.44368,-1.46953],[104.44467,-1.46709],[104.44481,-1.46563]]]}},{"id":"185","type":"Feature","properties":{"year":2018,"certainty":"good"},"geometry":{"type":"MultiLineString","coordinates":[[[104.52147,-1.71482],[104.52336,-1.71426],[104.52633,-1.71396],[104.52676,-1.713],[104.51974,-1.70133],[104.50719,-1.68623],[104.50195,-1.68124],[104.49478,-1.67233],[104.49209,-1.67],[104.49136,-1.66875],[104.49006,-1.66767],[104.48983,-1.66577],[104.48802,-1.66251],[104.48656,-1.65789],[104.47349,-1.63369],[104.46977,-1.62478],[104.46783,-1.62102],[104.46538,-1.61473],[104.46336,-1.60822],[104.46044,-1.60035],[104.46111,-1.59764],[104.46086,-1.59682],[104.46001,-1.59617],[104.45947,-1.59636],[104.45923,-1.59601],[104.45812,-1.59221],[104.45773,-1.58895],[104.45683,-1.58542],[104.45693,-1.58461],[104.45642,-1.58298],[104.45653,-1.58189],[104.45576,-1.57972],[104.45577,-1.57891],[104.45637,-1.57836],[104.45566,-1.57782],[104.4555,-1.57646],[104.45489,-1.57605],[104.45467,-1.57511],[104.4538,-1.57375],[104.45371,-1.57212],[104.45282,-1.56968],[104.4527,-1.56778],[104.45297,-1.56751],[104.45213,-1.56615],[104.45276,-1.56588],[104.45231,-1.56506],[104.45111,-1.55312],[104.44874,-1.54308],[104.4475,-1.53928],[104.44458,-1.53439],[104.44164,-1.52516],[104.439,-1.514],[104.43819,-1.50919],[104.43869,-1.50807],[104.43807,-1.50617],[104.43802,-1.50427],[104.43857,-1.50318],[104.43835,-1.50155],[104.43977,-1.49721],[104.43941,-1.49612],[104.43968,-1.4945],[104.43918,-1.49368],[104.43921,-1.4926],[104.43996,-1.4888],[104.44073,-1.48717],[104.44029,-1.4869],[104.4407,-1.4835]],[[104.44049,-1.48232],[104.44049,-1.48181]],[[104.44054,-1.4816],[104.44067,-1.48079]],[[104.44481,-1.46563],[104.44524,-1.46519],[104.44575,-1.46274],[104.44733,-1.45813],[104.44864,-1.45542],[104.44949,-1.45189],[104.4498,-1.45171],[104.4512,-1.44782],[104.45157,-1.44619],[104.45142,-1.44563],[104.45223,-1.44347],[104.45329,-1.44158],[104.45493,-1.44091],[104.45515,-1.44049],[104.45481,-1.44022],[104.45547,-1.43926],[104.45574,-1.43929],[104.45579,-1.4375],[104.45646,-1.4356],[104.45681,-1.43316],[104.45723,-1.42339],[104.45649,-1.41362],[104.45601,-1.40982],[104.45548,-1.40819],[104.45577,-1.40765],[104.45564,-1.40602],[104.45463,-1.40249],[104.45254,-1.39788],[104.45251,-1.39625],[104.45152,-1.39462],[104.45115,-1.38974],[104.45179,-1.38675],[104.45205,-1.38322],[104.45291,-1.38024],[104.45272,-1.37779],[104.45373,-1.37562],[104.45413,-1.37517],[104.45449,-1.37535],[104.45511,-1.37345],[104.45577,-1.37291],[104.45537,-1.37047],[104.45546,-1.36802],[104.45585,-1.36775],[104.45573,-1.36694],[104.45602,-1.3664],[104.45575,-1.36641],[104.45562,-1.36585],[104.45637,-1.36395],[104.45669,-1.35669]],[[104.45359,-1.44402],[104.45397,-1.4432],[104.45385,-1.44291],[104.45347,-1.44347],[104.45359,-1.44402]],[[104.50473,-1.80323],[104.50904,-1.80639],[104.51039,-1.8068],[104.51147,-1.80669],[104.51498,-1.80516],[104.51687,-1.80304],[104.51902,-1.80302],[104.5201,-1.80221],[104.52091,-1.80211],[104.52199,-1.8011],[104.52361,-1.80085],[104.5255,-1.79906],[104.52927,-1.79974],[104.53025,-1.79877],[104.53247,-1.79442],[104.53489,-1.79144],[104.53764,-1.78672],[104.53953,-1.78488],[104.54115,-1.78511],[104.54276,-1.78443],[104.54438,-1.78452],[104.54499,-1.78384],[104.54495,-1.78276],[104.54451,-1.78221],[104.54397,-1.7795],[104.54391,-1.77678],[104.54334,-1.77407],[104.54323,-1.76919],[104.54243,-1.76674],[104.54192,-1.76294],[104.54172,-1.75589],[104.54122,-1.75534],[104.5398,-1.7505],[104.53761,-1.7453],[104.53603,-1.74091],[104.53475,-1.73607],[104.5322,-1.72956],[104.52661,-1.71924],[104.52444,-1.71703],[104.52201,-1.71548]],[[104.50385,-1.80904],[104.50419,-1.80582],[104.50311,-1.80453]]]}},{"id":"186","type":"Feature","properties":{"year":2019,"certainty":"good"},"geometry":{"type":"MultiLineString","coordinates":[[[104.52147,-1.71482],[104.52309,-1.7143],[104.52633,-1.71393],[104.5269,-1.713],[104.52561,-1.71137],[104.51987,-1.7016],[104.51129,-1.69101],[104.50725,-1.6864],[104.50179,-1.68107],[104.49726,-1.67554],[104.49561,-1.67418],[104.49559,-1.67363],[104.49505,-1.67368],[104.49209,-1.6702],[104.49145,-1.66902],[104.48993,-1.66771],[104.48979,-1.66604],[104.48775,-1.66224],[104.4866,-1.65817],[104.47429,-1.63534],[104.47219,-1.63021],[104.4715,-1.62939],[104.46756,-1.62067],[104.46432,-1.61195],[104.46176,-1.60388],[104.46104,-1.60252],[104.46042,-1.60008],[104.45943,-1.59791],[104.45787,-1.59085],[104.45718,-1.58895],[104.45543,-1.57768],[104.45354,-1.57308],[104.45366,-1.57212],[104.45257,-1.56886],[104.45249,-1.56696],[104.45209,-1.56615],[104.45237,-1.56561],[104.45163,-1.55828],[104.4509,-1.55339],[104.44858,-1.54281],[104.44744,-1.53928],[104.44664,-1.53792],[104.446,-1.53749],[104.44465,-1.53468],[104.44223,-1.52733],[104.44087,-1.52137],[104.44007,-1.51953],[104.43846,-1.51184],[104.43792,-1.50725],[104.43819,-1.50652],[104.43873,-1.50706],[104.43895,-1.50671],[104.43814,-1.50617],[104.43844,-1.50562],[104.43785,-1.50535],[104.43781,-1.50345],[104.43927,-1.49748],[104.43956,-1.4945],[104.43912,-1.49368],[104.43915,-1.49287],[104.43953,-1.48961],[104.43981,-1.48974],[104.43992,-1.48934],[104.4396,-1.4888],[104.44018,-1.48798],[104.44073,-1.48337],[104.44058,-1.48147],[104.44134,-1.47794],[104.44207,-1.47631],[104.44225,-1.47387],[104.44324,-1.47116],[104.44322,-1.47007],[104.44386,-1.46902],[104.44467,-1.46567],[104.44521,-1.46498],[104.44727,-1.45813],[104.44818,-1.45635],[104.44872,-1.45596],[104.44908,-1.45379],[104.4512,-1.44782],[104.4512,-1.44646],[104.45147,-1.44619],[104.45124,-1.4451],[104.45184,-1.4432],[104.45476,-1.44103],[104.45442,-1.44049],[104.45466,-1.43993],[104.45534,-1.43968],[104.45569,-1.43913],[104.45555,-1.43859],[104.45678,-1.43316],[104.45713,-1.42339],[104.45598,-1.40982],[104.45519,-1.40819],[104.45558,-1.40629],[104.45458,-1.40249],[104.45257,-1.39815],[104.45244,-1.39625],[104.45144,-1.39462],[104.45113,-1.39082],[104.45141,-1.38919],[104.45136,-1.38567],[104.45173,-1.38322],[104.45259,-1.38078],[104.45266,-1.37698],[104.45481,-1.3721],[104.45458,-1.37182],[104.45494,-1.37074],[104.45454,-1.3702],[104.45524,-1.36884],[104.45613,-1.36314],[104.45659,-1.35669]],[[104.45311,-1.44402],[104.45369,-1.44348],[104.45358,-1.44323],[104.45304,-1.44406],[104.45311,-1.44402]],[[104.50473,-1.80322],[104.50823,-1.80591],[104.51066,-1.80677],[104.51471,-1.80528],[104.51714,-1.80279],[104.51902,-1.80296],[104.52199,-1.80104],[104.52361,-1.80079],[104.52523,-1.7991],[104.52631,-1.79903],[104.52927,-1.79969],[104.53018,-1.79877],[104.53224,-1.79452],[104.53458,-1.79171],[104.53725,-1.78683],[104.539,-1.78493],[104.5398,-1.78442],[104.54061,-1.78462],[104.54249,-1.78417],[104.54357,-1.78432],[104.5449,-1.78357],[104.54492,-1.78289],[104.54426,-1.78221],[104.54372,-1.78031],[104.5438,-1.77651],[104.54291,-1.77136],[104.54304,-1.76971],[104.54234,-1.76783],[104.54159,-1.76267],[104.54148,-1.75941],[104.5411,-1.75833],[104.5416,-1.75697],[104.54034,-1.75275],[104.53628,-1.74177],[104.53447,-1.73553],[104.53211,-1.72956],[104.5266,-1.71951],[104.52444,-1.7171],[104.52201,-1.71547]],[[104.5038,-1.80904],[104.50411,-1.80581],[104.50311,-1.80453]]]}},{"id":"187","type":"Feature","properties":{"year":2020,"certainty":"good"},"geometry":{"type":"MultiLineString","coordinates":[[[104.52147,-1.71483],[104.5239,-1.71415],[104.52606,-1.71403],[104.52659,-1.713],[104.51985,-1.7016],[104.51127,-1.69101],[104.50718,-1.6864],[104.50206,-1.6815],[104.49591,-1.67445],[104.49559,-1.67363],[104.49505,-1.67381],[104.49289,-1.67152],[104.49143,-1.66902],[104.49047,-1.66809],[104.48963,-1.66794],[104.48987,-1.66712],[104.48961,-1.66577],[104.48775,-1.66278],[104.48642,-1.65789],[104.47337,-1.63374],[104.4679,-1.62152],[104.46632,-1.61691],[104.4654,-1.61528],[104.46155,-1.60333],[104.45947,-1.59805],[104.45887,-1.59546],[104.45896,-1.59465],[104.45816,-1.59193],[104.45727,-1.59085],[104.45697,-1.58813],[104.45569,-1.58352],[104.45508,-1.57945],[104.45274,-1.57114],[104.45226,-1.56805],[104.45301,-1.56766],[104.45313,-1.56724],[104.45225,-1.56534],[104.45073,-1.55258],[104.44863,-1.54444],[104.44855,-1.54308],[104.44734,-1.53928],[104.44658,-1.53792],[104.44573,-1.5372],[104.44434,-1.53412],[104.44007,-1.52023],[104.43969,-1.51729],[104.43846,-1.51216],[104.43784,-1.50671],[104.43789,-1.50454],[104.43829,-1.50318],[104.43815,-1.50155],[104.43885,-1.49884],[104.43948,-1.48961],[104.44022,-1.4869],[104.44082,-1.4812],[104.44215,-1.47414],[104.44311,-1.47007],[104.44386,-1.46902],[104.447,-1.45759],[104.44847,-1.45379],[104.4501,-1.44673],[104.4509,-1.44565],[104.45064,-1.44537],[104.45175,-1.44266],[104.45223,-1.44315],[104.4525,-1.44303],[104.45331,-1.44216],[104.45361,-1.44239],[104.45507,-1.44076],[104.45629,-1.43723],[104.4569,-1.43289],[104.45715,-1.42366],[104.45635,-1.41335],[104.4558,-1.40955],[104.45512,-1.40819],[104.45547,-1.40629],[104.45471,-1.40304],[104.45264,-1.39842],[104.45238,-1.39625],[104.45153,-1.39462],[104.45112,-1.39082],[104.45123,-1.38539],[104.45206,-1.38241],[104.45328,-1.37535],[104.45408,-1.374],[104.45413,-1.37287],[104.45466,-1.37264],[104.45438,-1.37237],[104.45495,-1.37101],[104.45471,-1.3702],[104.45521,-1.36926],[104.45615,-1.36287],[104.4566,-1.35669]],[[104.45442,-1.44266],[104.45453,-1.44212],[104.45466,-1.44182],[104.45431,-1.44212],[104.45442,-1.44266]],[[104.45265,-1.4451],[104.45369,-1.44375],[104.45385,-1.44286],[104.45331,-1.4432],[104.45241,-1.4451],[104.45265,-1.4451]],[[104.50473,-1.80323],[104.50931,-1.80652],[104.51147,-1.80662],[104.51498,-1.80507],[104.51714,-1.80275],[104.51902,-1.80285],[104.51983,-1.80221],[104.52091,-1.80195],[104.52172,-1.8011],[104.52361,-1.80066],[104.52523,-1.799],[104.52927,-1.79966],[104.53014,-1.79877],[104.53224,-1.79446],[104.53448,-1.79171],[104.53737,-1.78634],[104.53899,-1.78433],[104.53953,-1.78398],[104.54061,-1.78401],[104.54088,-1.78368],[104.54222,-1.78415],[104.54357,-1.78399],[104.54408,-1.78357],[104.54297,-1.77271],[104.54304,-1.76971],[104.54177,-1.76403],[104.54166,-1.75941],[104.54122,-1.75806],[104.54138,-1.75724],[104.54094,-1.7567],[104.5409,-1.7548],[104.53953,-1.75046],[104.53624,-1.74177],[104.53354,-1.73309],[104.53024,-1.72576],[104.52579,-1.71859],[104.52444,-1.71712],[104.52228,-1.7155],[104.52174,-1.7154]],[[104.50377,-1.80904],[104.50412,-1.80581],[104.50311,-1.80452]]]}},{"id":"188","type":"Feature","properties":{"year":2021,"certainty":"good"},"geometry":{"type":"MultiLineString","coordinates":[[[104.52147,-1.71484],[104.5239,-1.71411],[104.52606,-1.71424],[104.52641,-1.71381],[104.52584,-1.71191],[104.52217,-1.7054],[104.51959,-1.70141],[104.51126,-1.69101],[104.50206,-1.6815],[104.49505,-1.67367],[104.49116,-1.66875],[104.48976,-1.66767],[104.48983,-1.66685],[104.48695,-1.66061],[104.48697,-1.65925],[104.48659,-1.65817],[104.48182,-1.64894],[104.48094,-1.64785],[104.47895,-1.64351],[104.47861,-1.64332],[104.47428,-1.63536],[104.47308,-1.63211],[104.46767,-1.62071],[104.46567,-1.61446],[104.46516,-1.61148],[104.46443,-1.61093],[104.46487,-1.61012],[104.46417,-1.60714],[104.46322,-1.60578],[104.46325,-1.60496],[104.46263,-1.60415],[104.46264,-1.60361],[104.46222,-1.60306],[104.46163,-1.60292],[104.46125,-1.60225],[104.4616,-1.60198],[104.46081,-1.60089],[104.46012,-1.59791],[104.4596,-1.59709],[104.45954,-1.59492],[104.4592,-1.59438],[104.45947,-1.59329],[104.45824,-1.59085],[104.45866,-1.58899],[104.45972,-1.59166],[104.46009,-1.59166],[104.46019,-1.59356],[104.46067,-1.59465],[104.46136,-1.59819],[104.46171,-1.59791],[104.46193,-1.59682],[104.46161,-1.59411],[104.45919,-1.58759],[104.459,-1.58515],[104.45831,-1.58379],[104.45815,-1.58271],[104.45742,-1.58244],[104.45685,-1.58162],[104.45705,-1.58151],[104.45717,-1.58081],[104.45651,-1.57996],[104.4563,-1.58054],[104.45696,-1.58135],[104.45624,-1.58214],[104.45565,-1.57945],[104.45543,-1.57899],[104.45516,-1.57929],[104.45489,-1.57893],[104.45462,-1.57738],[104.45543,-1.57875],[104.45543,-1.57807],[104.45489,-1.57645],[104.45462,-1.57612],[104.45435,-1.57628],[104.45281,-1.57076],[104.45318,-1.56886],[104.45273,-1.56615],[104.45355,-1.56648],[104.45355,-1.5659],[104.45315,-1.56561],[104.45301,-1.56447],[104.45247,-1.56436],[104.45201,-1.56289],[104.45173,-1.56072],[104.45193,-1.56045],[104.45096,-1.55394],[104.44843,-1.5441],[104.4484,-1.54308],[104.44725,-1.53928],[104.44654,-1.53808],[104.44553,-1.53738],[104.44419,-1.53412],[104.44289,-1.52896],[104.44022,-1.52055],[104.43947,-1.51594],[104.43862,-1.51295],[104.4379,-1.50698],[104.43862,-1.50644],[104.43849,-1.50155],[104.43897,-1.50047],[104.43929,-1.49667],[104.43973,-1.49558],[104.43942,-1.49531],[104.43942,-1.4945],[104.43994,-1.49422],[104.44002,-1.49178],[104.44053,-1.49042],[104.44053,-1.48988],[104.43997,-1.48934],[104.44106,-1.48853],[104.44113,-1.48771],[104.44057,-1.48717],[104.44106,-1.48581],[104.44136,-1.48201],[104.44174,-1.48147],[104.44129,-1.48093],[104.44188,-1.47685],[104.44227,-1.47631],[104.44211,-1.47577],[104.44262,-1.47414],[104.44233,-1.4736],[104.44352,-1.47088],[104.44447,-1.46681],[104.44546,-1.46437],[104.44616,-1.46057],[104.4469,-1.45894],[104.44828,-1.45324],[104.44971,-1.44917],[104.44988,-1.44673],[104.45076,-1.44565],[104.45043,-1.4432],[104.45088,-1.44291],[104.45115,-1.44314],[104.45169,-1.44258],[104.45196,-1.44321],[104.45271,-1.44347],[104.45242,-1.44483],[104.45203,-1.4451],[104.45223,-1.44558],[104.45277,-1.44505],[104.4529,-1.44537],[104.45223,-1.44587],[104.45168,-1.447],[104.45223,-1.44683],[104.45333,-1.44483],[104.45387,-1.44456],[104.45509,-1.44266],[104.45527,-1.44212],[104.45393,-1.44158],[104.45585,-1.4413],[104.45691,-1.43343],[104.45711,-1.42339],[104.45581,-1.40982],[104.45547,-1.40883],[104.45494,-1.40846],[104.45534,-1.40765],[104.45537,-1.40629],[104.45448,-1.40304],[104.45268,-1.39869],[104.45233,-1.39625],[104.45159,-1.39489],[104.45113,-1.39164],[104.45119,-1.38756],[104.45085,-1.38648],[104.4514,-1.38512],[104.45168,-1.38295],[104.45224,-1.38189],[104.45255,-1.38187],[104.45193,-1.38187],[104.45251,-1.38078],[104.45228,-1.38051],[104.45253,-1.37888],[104.45328,-1.37807],[104.45405,-1.37644],[104.45369,-1.37562],[104.45422,-1.37481],[104.45416,-1.37372],[104.45494,-1.37321],[104.45521,-1.37223],[104.45538,-1.36802],[104.45628,-1.36314],[104.45676,-1.35669]],[[104.45331,-1.44475],[104.45315,-1.44429],[104.45358,-1.44383],[104.4538,-1.44402],[104.45331,-1.44475]],[[104.45468,-1.56696],[104.45447,-1.56534],[104.45409,-1.56469],[104.4542,-1.56642],[104.45468,-1.56696]],[[104.45782,-1.57456],[104.4576,-1.57294],[104.45732,-1.57242],[104.45748,-1.57456],[104.45782,-1.57456]],[[104.50473,-1.80331],[104.50904,-1.80642],[104.51039,-1.80676],[104.51147,-1.80661],[104.51498,-1.80503],[104.5169,-1.80283],[104.51902,-1.80282],[104.51983,-1.80218],[104.52091,-1.80188],[104.52172,-1.80104],[104.52351,-1.80066],[104.52523,-1.79899],[104.52631,-1.79896],[104.52927,-1.79965],[104.53013,-1.79877],[104.53219,-1.79442],[104.5343,-1.79171],[104.53648,-1.78764],[104.53922,-1.78411],[104.54034,-1.78412],[104.54088,-1.78371],[104.54142,-1.78409],[104.5433,-1.78441],[104.54357,-1.78473],[104.54386,-1.78466],[104.54333,-1.78438],[104.54407,-1.78384],[104.5437,-1.78248],[104.54362,-1.77678],[104.54288,-1.77136],[104.54307,-1.76973],[104.54188,-1.76457],[104.54188,-1.75887],[104.53985,-1.75154],[104.53165,-1.7282],[104.52611,-1.71897],[104.52444,-1.71713],[104.52282,-1.71583],[104.52174,-1.7154]],[[104.5038,-1.80904],[104.50416,-1.80582],[104.50311,-1.80449]]]}},{"id":"189","type":"Feature","properties":{"year":2022,"certainty":"unstable data"},"geometry":{"type":"MultiLineString","coordinates":[[[104.458,-1.57986],[104.45799,-1.57985]],[[104.45776,-1.57959],[104.45699,-1.57755],[104.45741,-1.57728],[104.45777,-1.57891],[104.4584,-1.57934],[104.45789,-1.57674],[104.45816,-1.57592],[104.45754,-1.57456],[104.45806,-1.57402],[104.45799,-1.57364]],[[104.45634,-1.56927],[104.45611,-1.56905]],[[104.45598,-1.56873],[104.45598,-1.56832],[104.45706,-1.56778],[104.45646,-1.56737]],[[104.4415,-1.48948],[104.44147,-1.4892]],[[104.44156,-1.48889],[104.44157,-1.48796]],[[104.44155,-1.48676],[104.44165,-1.48595]],[[104.44161,-1.48513],[104.44167,-1.48486]],[[104.44879,-1.45392],[104.44888,-1.45324],[104.45088,-1.44946],[104.45203,-1.44863],[104.45169,-1.44803],[104.45073,-1.44755],[104.45064,-1.44687]],[[104.45639,-1.41539],[104.456,-1.41159]],[[104.45593,-1.41077],[104.45595,-1.41023]],[[104.45524,-1.40724],[104.45534,-1.40656],[104.45461,-1.40399]],[[104.45453,-1.40346],[104.45453,-1.40344]],[[104.45444,-1.40317],[104.45291,-1.3991]],[[104.45291,-1.3985],[104.45286,-1.39829]],[[104.45264,-1.39749],[104.45264,-1.39657]],[[104.45184,-1.39501],[104.45161,-1.39421]],[[104.45157,-1.39393],[104.45093,-1.38974],[104.4513,-1.38797]],[[104.4513,-1.3874],[104.45101,-1.38594],[104.4513,-1.38539]],[[104.45157,-1.38409],[104.45132,-1.38377],[104.45184,-1.38275]],[[104.4567,-1.35778],[104.4567,-1.3573]]]}},{"id":"190","type":"Feature","properties":{"year":2022,"certainty":"good"},"geometry":{"type":"MultiLineString","coordinates":[[[104.49051,-1.66685],[104.48939,-1.6663],[104.48885,-1.66454],[104.48804,-1.66386],[104.48761,-1.66169],[104.4869,-1.66034],[104.48682,-1.65925],[104.48625,-1.65789],[104.4771,-1.64079],[104.47711,-1.63998],[104.47618,-1.63862],[104.47618,-1.63765],[104.47566,-1.63699],[104.47565,-1.63645],[104.47496,-1.63591],[104.47497,-1.63509],[104.47408,-1.63292],[104.47349,-1.63248],[104.47295,-1.63054],[104.47204,-1.62966],[104.47083,-1.62722],[104.4689,-1.6222],[104.46836,-1.62121],[104.4681,-1.62127],[104.46809,-1.62016],[104.46513,-1.61211],[104.46486,-1.61175],[104.46459,-1.61197],[104.46429,-1.61148],[104.46427,-1.61093],[104.46459,-1.61066],[104.46265,-1.60496],[104.46244,-1.60441],[104.4619,-1.60456],[104.46189,-1.60252],[104.46163,-1.60219],[104.46077,-1.60225],[104.4604,-1.59981],[104.46055,-1.59961],[104.46082,-1.60013],[104.46102,-1.59981],[104.46082,-1.59902],[104.46028,-1.59963],[104.46014,-1.59926],[104.46001,-1.59832],[104.46055,-1.59821],[104.46056,-1.59791],[104.45931,-1.59275],[104.45936,-1.59194],[104.45989,-1.59248],[104.45977,-1.59384],[104.4604,-1.59411],[104.46082,-1.59683],[104.46089,-1.59519],[104.46139,-1.59465],[104.46077,-1.59384],[104.46138,-1.59329],[104.46104,-1.59302],[104.46082,-1.59058],[104.46048,-1.59004],[104.46055,-1.58834],[104.45971,-1.58732],[104.45973,-1.58678],[104.45893,-1.58729],[104.45849,-1.58705],[104.45877,-1.58678],[104.4585,-1.58569],[104.45893,-1.5853],[104.45925,-1.58542],[104.45903,-1.58461],[104.45923,-1.58379],[104.4587,-1.58352],[104.45872,-1.58108],[104.45854,-1.58026],[104.458,-1.57986]],[[104.45799,-1.57985],[104.45776,-1.57959]],[[104.45799,-1.57364],[104.45813,-1.57309],[104.45732,-1.5719],[104.45673,-1.57158],[104.45651,-1.57061],[104.45505,-1.57158],[104.45499,-1.57076],[104.45395,-1.56995],[104.4553,-1.56968],[104.45415,-1.56886],[104.45394,-1.56832],[104.45408,-1.56805],[104.45667,-1.56968],[104.45634,-1.56927]],[[104.45611,-1.56905],[104.45598,-1.56873]],[[104.45646,-1.56737],[104.45644,-1.56697],[104.4557,-1.56658],[104.45492,-1.56534],[104.4549,-1.56367],[104.45383,-1.56289],[104.45363,-1.56126],[104.45303,-1.56045],[104.45274,-1.55917],[104.45193,-1.55952],[104.45154,-1.55909],[104.45085,-1.55258],[104.45004,-1.55098],[104.44725,-1.53928],[104.44648,-1.53819],[104.44546,-1.53779],[104.44492,-1.53634],[104.44424,-1.53412],[104.44385,-1.5303],[104.4425,-1.52612],[104.44121,-1.52408],[104.44142,-1.52272],[104.43903,-1.51322],[104.43911,-1.50997],[104.43858,-1.50888],[104.43895,-1.50752],[104.43936,-1.50725],[104.43886,-1.50589],[104.43942,-1.50372],[104.43924,-1.50209],[104.43954,-1.50211],[104.4397,-1.50155],[104.43928,-1.50128],[104.4392,-1.50074],[104.43927,-1.50045],[104.43981,-1.50035],[104.44001,-1.49884],[104.43964,-1.49857],[104.43952,-1.49748],[104.44039,-1.49422],[104.44036,-1.49124],[104.44132,-1.49015],[104.4415,-1.48948]],[[104.44147,-1.4892],[104.44156,-1.48889]],[[104.44157,-1.48796],[104.4412,-1.48744],[104.44155,-1.48676]],[[104.44165,-1.48595],[104.44161,-1.48513]],[[104.44167,-1.48486],[104.44156,-1.48337],[104.4425,-1.48093],[104.44213,-1.47957],[104.44301,-1.47468],[104.44518,-1.46871],[104.4455,-1.46546],[104.44669,-1.46193],[104.44638,-1.46139],[104.44646,-1.4603],[104.4471,-1.4602],[104.44791,-1.45937],[104.44808,-1.45813],[104.44848,-1.45759],[104.44833,-1.4565],[104.4487,-1.45623],[104.44918,-1.45433],[104.44879,-1.45392]],[[104.45064,-1.44687],[104.45084,-1.44619],[104.45142,-1.446],[104.45194,-1.44646],[104.45169,-1.44706],[104.45196,-1.44652],[104.4525,-1.44724],[104.45269,-1.44646],[104.45385,-1.44572],[104.4539,-1.44537],[104.45331,-1.4451],[104.45454,-1.4432],[104.45439,-1.443],[104.45403,-1.4432],[104.45412,-1.44275],[104.45473,-1.44239],[104.45423,-1.44185],[104.45546,-1.44153],[104.45587,-1.43968],[104.45627,-1.43914],[104.45602,-1.43859],[104.4561,-1.43696],[104.4568,-1.43289],[104.45716,-1.42475],[104.45639,-1.41539]],[[104.456,-1.41159],[104.45593,-1.41077]],[[104.45595,-1.41023],[104.45593,-1.40955],[104.4551,-1.40819],[104.45524,-1.40724]],[[104.45461,-1.40399],[104.45453,-1.40346]],[[104.45453,-1.40344],[104.45444,-1.40317]],[[104.45291,-1.3991],[104.45291,-1.3985]],[[104.45286,-1.39829],[104.45264,-1.39749]],[[104.45264,-1.39657],[104.45281,-1.39516],[104.45184,-1.39501]],[[104.45161,-1.39421],[104.45157,-1.39393]],[[104.4513,-1.38797],[104.45197,-1.38883],[104.45197,-1.38738],[104.4513,-1.3874]],[[104.4513,-1.38539],[104.4517,-1.3855],[104.45233,-1.38512],[104.45227,-1.38458],[104.45157,-1.38409]],[[104.45184,-1.38275],[104.45251,-1.38226],[104.45305,-1.38228],[104.45416,-1.37942],[104.45375,-1.37942],[104.4532,-1.37834],[104.45375,-1.37671],[104.45427,-1.37671],[104.45403,-1.37617],[104.4544,-1.37431],[104.45473,-1.37454],[104.45417,-1.37372],[104.45501,-1.37345],[104.45551,-1.3721],[104.45579,-1.36612],[104.4564,-1.36531],[104.45628,-1.36124],[104.45656,-1.36077],[104.4567,-1.35778]],[[104.4567,-1.3573],[104.45684,-1.35669]],[[104.49285,-1.66414],[104.49329,-1.66332],[104.4929,-1.66268],[104.49224,-1.66414],[104.49263,-1.66436],[104.49285,-1.66414]],[[104.52147,-1.71477],[104.5239,-1.71407],[104.52552,-1.71437],[104.52646,-1.71409],[104.52478,-1.71029],[104.52112,-1.70377],[104.51946,-1.70133],[104.51135,-1.69128],[104.50538,-1.68477],[104.50171,-1.68124],[104.49532,-1.67406],[104.49494,-1.67337],[104.49507,-1.67255],[104.49436,-1.67147],[104.49461,-1.67119],[104.49435,-1.67065],[104.49397,-1.67026],[104.4937,-1.67078],[104.49177,-1.66957],[104.49249,-1.66902],[104.492,-1.66848],[104.49283,-1.66739],[104.49236,-1.66631],[104.49209,-1.66611],[104.49155,-1.66634],[104.49101,-1.66772],[104.4907,-1.66767],[104.49074,-1.66719]],[[104.50457,-1.80337],[104.5085,-1.80616],[104.51066,-1.80673],[104.51471,-1.80516],[104.51687,-1.80281],[104.51902,-1.80278],[104.51983,-1.80211],[104.52091,-1.80188],[104.52172,-1.80103],[104.52334,-1.80075],[104.52523,-1.79904],[104.52685,-1.79901],[104.52927,-1.79963],[104.53001,-1.79877],[104.53216,-1.79415],[104.53417,-1.79171],[104.53649,-1.78737],[104.53791,-1.78544],[104.53926,-1.78496],[104.54088,-1.78383],[104.54195,-1.78472],[104.54384,-1.78471],[104.54454,-1.78411],[104.54407,-1.78384],[104.5437,-1.78248],[104.54392,-1.77896],[104.54369,-1.77597],[104.5433,-1.7757],[104.54362,-1.77516],[104.54359,-1.7719],[104.54336,-1.77027],[104.54223,-1.76789],[104.54245,-1.76756],[104.54188,-1.7605],[104.542,-1.75833],[104.54116,-1.7548],[104.53979,-1.75317],[104.53873,-1.7486],[104.53622,-1.74177],[104.53445,-1.7358],[104.53125,-1.72739],[104.52606,-1.71874],[104.52282,-1.71582],[104.52201,-1.71545]],[[104.54357,-1.78456],[104.5432,-1.78438],[104.54384,-1.78393],[104.54405,-1.78411],[104.54357,-1.78456]],[[104.50388,-1.80904],[104.50416,-1.80582],[104.50311,-1.80449]]]}},{"id":"191","type":"Feature","properties":{"year":2023,"certainty":"good"},"geometry":{"type":"MultiLineString","coordinates":[[[104.52147,-1.71479],[104.52336,-1.71425],[104.52552,-1.71413],[104.52602,-1.71354],[104.5251,-1.7111],[104.52242,-1.70594],[104.51942,-1.70133],[104.51406,-1.69454],[104.50631,-1.68558],[104.50235,-1.68015],[104.50185,-1.68015],[104.50044,-1.67877],[104.49851,-1.67608],[104.49865,-1.67527],[104.49829,-1.67554],[104.4982,-1.67472],[104.49763,-1.67391],[104.49074,-1.66801],[104.48958,-1.66794],[104.48859,-1.66414],[104.48749,-1.66224],[104.48594,-1.65735],[104.48231,-1.65002],[104.47699,-1.64047],[104.477,-1.63971],[104.47734,-1.63944],[104.47699,-1.63968],[104.47637,-1.63889],[104.47565,-1.63645],[104.47498,-1.63591],[104.47486,-1.63482],[104.47299,-1.63156],[104.47298,-1.63075],[104.47069,-1.62668],[104.47067,-1.62614],[104.46965,-1.62424],[104.46971,-1.62335],[104.46929,-1.62315],[104.46886,-1.62206],[104.46826,-1.62206],[104.46774,-1.62098],[104.46718,-1.61935],[104.4673,-1.61745],[104.46675,-1.61759],[104.46675,-1.61647],[104.46621,-1.61649],[104.46581,-1.61609],[104.46648,-1.61582],[104.46569,-1.61446],[104.46567,-1.61338],[104.46459,-1.61296],[104.46405,-1.61182],[104.46136,-1.60247],[104.46082,-1.60176],[104.46082,-1.60089],[104.46005,-1.59926],[104.46008,-1.59872],[104.45949,-1.59845],[104.4594,-1.59736],[104.45866,-1.59557],[104.45824,-1.59356],[104.45866,-1.5929],[104.46001,-1.5937],[104.46074,-1.59356],[104.46004,-1.59194],[104.45983,-1.58895],[104.45947,-1.58879],[104.45925,-1.58759],[104.45817,-1.58624],[104.4586,-1.58569],[104.4584,-1.58482],[104.45793,-1.58461],[104.45852,-1.58406],[104.45858,-1.58325],[104.45786,-1.5824],[104.45624,-1.58176],[104.45514,-1.58189],[104.45461,-1.57864],[104.45492,-1.57809],[104.45495,-1.57565],[104.45425,-1.57456],[104.45408,-1.57319],[104.45381,-1.57373],[104.45283,-1.57131],[104.45293,-1.57022],[104.45345,-1.56968],[104.45324,-1.56941],[104.45385,-1.56886],[104.4534,-1.56751],[104.45355,-1.56736],[104.45462,-1.56845],[104.45489,-1.56832],[104.45488,-1.56751],[104.45309,-1.56371],[104.45354,-1.56344],[104.45328,-1.56289],[104.45353,-1.56235],[104.45301,-1.56244],[104.45207,-1.56344],[104.45221,-1.56126],[104.45174,-1.56045],[104.45173,-1.55936],[104.45137,-1.55909],[104.4512,-1.55746],[104.45206,-1.55638],[104.45214,-1.55529],[104.45185,-1.55529],[104.45139,-1.5564],[104.44815,-1.54362],[104.44757,-1.54226],[104.44723,-1.53955],[104.44628,-1.53819],[104.44573,-1.53818],[104.44519,-1.53753],[104.44519,-1.5368],[104.44406,-1.53466],[104.44183,-1.52625],[104.44277,-1.52574],[104.44331,-1.52599],[104.44331,-1.52558],[104.44277,-1.52453],[104.44142,-1.52441],[104.44086,-1.52354],[104.44059,-1.52218],[104.44096,-1.52191],[104.44097,-1.52082],[104.44034,-1.52095],[104.44009,-1.52055],[104.44075,-1.52028],[104.44092,-1.51974],[104.44061,-1.51996],[104.4398,-1.51962],[104.4379,-1.51078],[104.43821,-1.50481],[104.43801,-1.50454],[104.43846,-1.5038],[104.43841,-1.50237],[104.43887,-1.50182],[104.43887,-1.50128],[104.43846,-1.50113],[104.43819,-1.50141],[104.43783,-1.50019],[104.43908,-1.49911],[104.43843,-1.49911],[104.43973,-1.49585],[104.43933,-1.49504],[104.44013,-1.49368],[104.44016,-1.49205],[104.44068,-1.49042],[104.44046,-1.48961],[104.44123,-1.48771],[104.44128,-1.4869],[104.44096,-1.48635],[104.44172,-1.48174],[104.44171,-1.47984],[104.44224,-1.47888],[104.44427,-1.46926],[104.4451,-1.4679],[104.44541,-1.46627],[104.445,-1.46573],[104.44552,-1.46437],[104.44533,-1.46383],[104.44632,-1.4622],[104.44623,-1.46057],[104.44737,-1.45853],[104.44791,-1.45843],[104.44821,-1.45786],[104.44802,-1.4565],[104.44852,-1.45623],[104.44812,-1.45569],[104.44857,-1.45514],[104.44854,-1.45352],[104.44965,-1.45107],[104.44963,-1.45053],[104.45007,-1.44982],[104.45043,-1.44999],[104.45089,-1.44945],[104.45095,-1.44836],[104.45142,-1.44795],[104.4514,-1.447],[104.45181,-1.44646],[104.45152,-1.44402],[104.45191,-1.44402],[104.45221,-1.44537],[104.4525,-1.44471],[104.45302,-1.44483],[104.45277,-1.44527],[104.45331,-1.445],[104.45364,-1.44429],[104.45416,-1.44402],[104.4531,-1.4432],[104.45385,-1.44311],[104.45467,-1.44212],[104.45439,-1.44193],[104.45412,-1.44227],[104.45411,-1.44185],[104.45523,-1.4413],[104.45633,-1.43886],[104.45585,-1.43669],[104.4566,-1.43398],[104.45709,-1.42773],[104.45608,-1.41118],[104.45555,-1.40928],[104.45483,-1.40846],[104.4552,-1.40656],[104.45474,-1.40439],[104.45224,-1.39824],[104.45212,-1.39652],[104.45155,-1.39516],[104.45095,-1.38919],[104.45127,-1.38865],[104.45103,-1.38675],[104.45178,-1.38241],[104.45251,-1.38166],[104.45332,-1.38147],[104.45332,-1.38119],[104.45275,-1.38105],[104.4531,-1.38078],[104.45305,-1.38011],[104.45388,-1.37861],[104.45386,-1.37788],[104.45347,-1.37752],[104.45449,-1.37644],[104.45417,-1.3759],[104.45467,-1.37541],[104.45494,-1.37575],[104.45515,-1.37562],[104.45471,-1.37508],[104.45478,-1.37372],[104.45551,-1.37318],[104.45542,-1.37237],[104.45578,-1.37128],[104.45565,-1.36884],[104.45602,-1.36566],[104.45629,-1.36573],[104.4564,-1.36531],[104.45625,-1.36233],[104.45673,-1.35669]],[[104.45331,-1.44459],[104.45304,-1.44481],[104.45286,-1.44456],[104.45358,-1.44399],[104.45331,-1.44459]],[[104.45844,-1.57918],[104.45844,-1.57782],[104.45813,-1.57724],[104.45732,-1.57745],[104.45651,-1.57387],[104.45671,-1.57701],[104.45759,-1.57775],[104.4573,-1.57809],[104.45844,-1.57918]],[[104.46058,-1.58976],[104.46059,-1.58841],[104.46001,-1.58785],[104.46025,-1.58814],[104.46058,-1.58976]],[[104.50473,-1.80323],[104.5081,-1.80582],[104.50985,-1.80665],[104.51066,-1.80671],[104.51471,-1.80511],[104.51687,-1.80273],[104.51902,-1.80269],[104.51983,-1.80204],[104.52091,-1.80185],[104.52172,-1.80099],[104.52334,-1.80072],[104.52523,-1.79898],[104.52685,-1.79891],[104.52927,-1.79951],[104.52992,-1.79877],[104.53089,-1.79658],[104.53216,-1.79551],[104.53221,-1.79415],[104.53405,-1.79171],[104.53764,-1.7855],[104.53845,-1.78482],[104.53926,-1.78485],[104.54061,-1.78421],[104.54115,-1.78446],[104.54276,-1.78419],[104.54274,-1.78466],[104.54187,-1.7852],[104.54298,-1.7852],[104.54424,-1.78411],[104.54411,-1.7837],[104.54357,-1.78418],[104.5429,-1.78411],[104.54454,-1.78303],[104.54382,-1.78276],[104.5433,-1.78086],[104.54342,-1.77624],[104.543,-1.77516],[104.54342,-1.77434],[104.54315,-1.77244],[104.54332,-1.77081],[104.54287,-1.76891],[104.54306,-1.76864],[104.54277,-1.76878],[104.54245,-1.76837],[104.5427,-1.76756],[104.54175,-1.76213],[104.54106,-1.75643],[104.54121,-1.75561],[104.54002,-1.75317],[104.54016,-1.75263],[104.53618,-1.74177],[104.53446,-1.7358],[104.53124,-1.72739],[104.52606,-1.71892],[104.52268,-1.71571],[104.52174,-1.71542]],[[104.52962,-1.71626],[104.52929,-1.71577],[104.52889,-1.71626],[104.52929,-1.71649],[104.52962,-1.71626]],[[104.53165,-1.72521],[104.53134,-1.7244],[104.53051,-1.72413],[104.53118,-1.72498],[104.53165,-1.72521]],[[104.50379,-1.80904],[104.50417,-1.80582],[104.50311,-1.80452]]]}},{"id":"192","type":"Feature","properties":{"year":2024,"certainty":"unstable data"},"geometry":{"type":"LineString","coordinates":[[104.45162,-1.3915],[104.4517,-1.39073],[104.45228,-1.39055],[104.45211,-1.38947],[104.45168,-1.38919],[104.45255,-1.38865],[104.45187,-1.38784],[104.45189,-1.38648],[104.45216,-1.38621],[104.45182,-1.38539],[104.45201,-1.38377],[104.45305,-1.38253],[104.45386,-1.38282],[104.45437,-1.38241],[104.45423,-1.38105],[104.45494,-1.37858],[104.45548,-1.3782],[104.45575,-1.37867],[104.45602,-1.37808],[104.45629,-1.37868],[104.4566,-1.37752],[104.45629,-1.37776],[104.45633,-1.37562],[104.45683,-1.37533],[104.4571,-1.37565],[104.45716,-1.37535],[104.4575,-1.37318],[104.45723,-1.37128],[104.45741,-1.36965],[104.45689,-1.36775],[104.45738,-1.36721],[104.4571,-1.36673],[104.45683,-1.36705],[104.45656,-1.36678],[104.45664,-1.36626]]}},{"id":"193","type":"Feature","properties":{"year":2024,"certainty":"good"},"geometry":{"type":"MultiLineString","coordinates":[[[104.52147,-1.71477],[104.52471,-1.71427],[104.52687,-1.71348],[104.52822,-1.71455],[104.52912,-1.71436],[104.52822,-1.71358],[104.52768,-1.7137],[104.52754,-1.71327],[104.52714,-1.71353],[104.52552,-1.71245],[104.52244,-1.70594],[104.52,-1.70214],[104.50989,-1.68965],[104.50988,-1.68872],[104.509,-1.68857],[104.50558,-1.68423],[104.50489,-1.68395],[104.50287,-1.68122],[104.50071,-1.67898],[104.49698,-1.6731],[104.49646,-1.67174],[104.49544,-1.6712],[104.49559,-1.67014],[104.49532,-1.67061],[104.49424,-1.66981],[104.49263,-1.66935],[104.49258,-1.66875],[104.49165,-1.66794],[104.48943,-1.66794],[104.48875,-1.66495],[104.48702,-1.66142],[104.48667,-1.66034],[104.48674,-1.65925],[104.48596,-1.65735],[104.47477,-1.63564],[104.47138,-1.62858],[104.47136,-1.62749],[104.47079,-1.62675],[104.47066,-1.62586],[104.46968,-1.62478],[104.46971,-1.62324],[104.46917,-1.62306],[104.46835,-1.62044],[104.46783,-1.62016],[104.46798,-1.61935],[104.46754,-1.61908],[104.46729,-1.61783],[104.46681,-1.61772],[104.4664,-1.61501],[104.46621,-1.61456],[104.46572,-1.61446],[104.466,-1.61338],[104.46552,-1.61256],[104.4652,-1.61094],[104.46471,-1.61066],[104.46486,-1.60997],[104.46352,-1.60632],[104.46361,-1.60578],[104.46315,-1.60523],[104.46325,-1.6041],[104.46288,-1.60388],[104.46305,-1.60361],[104.46271,-1.60354],[104.46247,-1.60279],[104.46164,-1.60252],[104.46223,-1.60198],[104.46178,-1.60143],[104.46167,-1.60008],[104.4609,-1.59926],[104.46115,-1.59872],[104.46039,-1.59791],[104.46163,-1.59828],[104.46286,-1.60198],[104.46352,-1.60247],[104.46411,-1.60198],[104.46356,-1.60008],[104.46284,-1.59981],[104.46302,-1.59899],[104.46256,-1.59791],[104.46246,-1.59519],[104.46217,-1.5949],[104.46136,-1.59504],[104.46101,-1.59302],[104.46055,-1.59273],[104.46017,-1.59302],[104.45984,-1.58895],[104.45947,-1.58879],[104.45893,-1.58671],[104.45829,-1.58596],[104.45864,-1.58569],[104.45845,-1.58488],[104.45867,-1.58461],[104.4592,-1.58471],[104.45917,-1.58542],[104.45958,-1.58596],[104.46078,-1.59058],[104.46221,-1.59302],[104.46244,-1.59254],[104.46195,-1.59248],[104.46212,-1.59194],[104.46115,-1.58922],[104.46115,-1.58786],[104.46082,-1.58681],[104.46054,-1.58678],[104.46028,-1.58468],[104.46001,-1.58489],[104.45968,-1.58461],[104.46029,-1.58406],[104.46001,-1.58337],[104.45962,-1.58325],[104.45974,-1.58291],[104.45947,-1.58305],[104.45913,-1.58244],[104.45953,-1.58162],[104.45912,-1.58054],[104.45921,-1.57937],[104.45873,-1.57918],[104.45899,-1.57864],[104.45865,-1.57809],[104.45896,-1.57646],[104.45867,-1.57663],[104.45837,-1.57565],[104.45867,-1.57511],[104.4576,-1.57077],[104.45678,-1.57081],[104.45622,-1.57049],[104.45638,-1.57076],[104.45518,-1.57131],[104.45489,-1.57208],[104.45466,-1.57158],[104.45484,-1.56995],[104.45344,-1.56832],[104.45332,-1.56696],[104.45355,-1.56681],[104.45394,-1.56832],[104.45597,-1.56971],[104.45678,-1.56969],[104.45705,-1.56914],[104.45739,-1.56941],[104.45739,-1.56887],[104.45682,-1.56832],[104.45683,-1.56778],[104.45605,-1.56696],[104.45597,-1.56648],[104.45543,-1.56676],[104.4555,-1.56507],[104.45469,-1.56398],[104.45474,-1.56289],[104.45382,-1.56189],[104.45355,-1.5622],[104.45304,-1.56181],[104.45328,-1.56147],[104.45427,-1.56154],[104.45355,-1.56133],[104.45301,-1.55989],[104.45247,-1.56032],[104.45206,-1.55964],[104.45231,-1.55909],[104.45193,-1.55844],[104.45139,-1.55977],[104.45099,-1.55719],[104.45108,-1.55502],[104.44888,-1.54769],[104.44895,-1.54688],[104.44805,-1.54362],[104.44757,-1.54281],[104.44718,-1.53955],[104.44627,-1.53823],[104.44526,-1.53792],[104.44385,-1.53439],[104.43843,-1.51404],[104.43722,-1.50508],[104.43758,-1.50427],[104.43721,-1.50318],[104.43764,-1.49829],[104.43819,-1.49648],[104.43846,-1.49684],[104.43883,-1.49667],[104.43808,-1.49612],[104.43819,-1.49548],[104.43851,-1.49558],[104.43828,-1.49531],[104.4387,-1.49341],[104.43839,-1.4926],[104.43865,-1.49042],[104.43981,-1.4906],[104.43981,-1.4899],[104.44044,-1.49015],[104.43992,-1.48961],[104.44059,-1.48744],[104.43981,-1.48653],[104.43927,-1.48648],[104.43919,-1.48581],[104.43954,-1.484],[104.44005,-1.48337],[104.44008,-1.48132],[104.44094,-1.48011],[104.44067,-1.47957],[104.44118,-1.47875],[104.4409,-1.47821],[104.44197,-1.47571],[104.44273,-1.47007],[104.44342,-1.46898],[104.44321,-1.4679],[104.44409,-1.46681],[104.44348,-1.46654],[104.44355,-1.46546],[104.44711,-1.45379],[104.44852,-1.45324],[104.44877,-1.45216],[104.44803,-1.45162],[104.44872,-1.44935],[104.44926,-1.44816],[104.4498,-1.44848],[104.45034,-1.44821],[104.45025,-1.44755],[104.45062,-1.44727],[104.44951,-1.44646],[104.45015,-1.44483],[104.45115,-1.44433],[104.45223,-1.44492],[104.45277,-1.44477],[104.45359,-1.44429],[104.45358,-1.44303],[104.45439,-1.44332],[104.45493,-1.44266],[104.45479,-1.44103],[104.45493,-1.44065],[104.4552,-1.44103],[104.45542,-1.44076],[104.45564,-1.43995],[104.45597,-1.43723],[104.45656,-1.43533],[104.45697,-1.43045],[104.45723,-1.43018],[104.45661,-1.41796],[104.45589,-1.41091],[104.4554,-1.40901],[104.45487,-1.40846],[104.45523,-1.40765],[104.45474,-1.40439],[104.45347,-1.40059],[104.45305,-1.40042],[104.45224,-1.39824],[104.452,-1.39299],[104.45162,-1.3915]],[[104.45664,-1.36626],[104.45667,-1.36585],[104.45716,-1.36558],[104.45701,-1.36504],[104.45744,-1.36395],[104.45737,-1.36288],[104.45704,-1.3626],[104.4571,-1.36231],[104.45737,-1.3626],[104.45743,-1.36233],[104.45704,-1.36151],[104.45707,-1.35669]],[[104.44384,-1.47061],[104.44406,-1.47007],[104.44386,-1.46974],[104.44359,-1.47088],[104.44384,-1.47061]],[[104.50473,-1.80322],[104.50931,-1.80648],[104.51039,-1.80674],[104.51147,-1.80659],[104.51471,-1.80506],[104.51687,-1.8027],[104.51902,-1.80267],[104.52091,-1.80179],[104.52172,-1.8009],[104.52334,-1.80061],[104.52523,-1.79893],[104.52685,-1.79888],[104.52927,-1.79935],[104.52993,-1.79849],[104.53162,-1.79469],[104.53404,-1.79198],[104.53467,-1.79037],[104.53764,-1.78559],[104.53926,-1.78426],[104.5398,-1.7847],[104.54061,-1.78424],[104.54115,-1.78444],[104.54431,-1.7833],[104.54478,-1.78276],[104.54398,-1.78167],[104.54367,-1.78058],[104.54424,-1.77706],[104.54324,-1.77353],[104.54357,-1.77271],[104.54322,-1.77217],[104.54362,-1.7719],[104.54362,-1.77054],[104.54281,-1.76891],[104.54304,-1.76865],[104.54331,-1.76891],[104.54243,-1.76566],[104.54153,-1.75941],[104.54122,-1.75643],[104.54145,-1.75534],[104.54088,-1.75524],[104.54056,-1.7548],[104.54012,-1.75344],[104.54081,-1.75344],[104.54007,-1.75247],[104.53806,-1.74693],[104.53197,-1.72874],[104.53045,-1.72603],[104.53091,-1.72593],[104.53226,-1.72717],[104.53334,-1.72768],[104.53334,-1.72641],[104.53307,-1.72623],[104.53298,-1.72684],[104.53253,-1.7269],[104.53123,-1.72521],[104.52956,-1.72456],[104.52861,-1.72304],[104.52848,-1.72196],[104.52821,-1.7221],[104.52804,-1.72169],[104.52822,-1.72141],[104.52821,-1.7209],[104.5282,-1.72141],[104.52784,-1.72141],[104.52766,-1.72087],[104.528,-1.7206],[104.52768,-1.72022],[104.52741,-1.72045],[104.52714,-1.72022],[104.52546,-1.71788],[104.52255,-1.71566],[104.52174,-1.71538]],[[104.52991,-1.7206],[104.53002,-1.71951],[104.5296,-1.71761],[104.52929,-1.71705],[104.5286,-1.71707],[104.52902,-1.71902],[104.52956,-1.7204],[104.52991,-1.7206]],[[104.54395,-1.7852],[104.54465,-1.78466],[104.54465,-1.78415],[104.54345,-1.7852],[104.54395,-1.7852]],[[104.50377,-1.80904],[104.5041,-1.80581],[104.50311,-1.80454]]]}},{"id":"194","type":"Feature","properties":{"year":2025,"certainty":"good"},"geometry":{"type":"MultiLineString","coordinates":[[[104.48932,-1.66604],[104.48886,-1.66604],[104.48785,-1.66251],[104.48723,-1.66167],[104.48696,-1.66055],[104.48669,-1.66084],[104.48663,-1.65898],[104.48596,-1.65735],[104.47403,-1.63474],[104.47327,-1.63319],[104.47304,-1.63184],[104.47052,-1.62721],[104.47025,-1.62595],[104.46947,-1.62478],[104.46944,-1.62389],[104.46915,-1.62369],[104.46845,-1.62098],[104.46777,-1.62016],[104.46783,-1.61908],[104.46756,-1.61929],[104.46738,-1.61908],[104.46726,-1.61826],[104.46675,-1.61766],[104.46621,-1.61493],[104.46547,-1.61446],[104.46597,-1.61338],[104.46532,-1.61256],[104.46518,-1.61094],[104.46452,-1.61066],[104.46469,-1.60985],[104.46353,-1.60659],[104.46358,-1.60578],[104.46296,-1.60523],[104.46314,-1.60469],[104.46244,-1.60378],[104.4619,-1.60362],[104.46163,-1.6039],[104.46163,-1.6035],[104.4619,-1.6036],[104.46232,-1.60306],[104.4615,-1.60252],[104.46197,-1.60171],[104.46141,-1.60116],[104.46181,-1.60089],[104.46166,-1.60008],[104.46109,-1.5995],[104.46082,-1.60002],[104.46046,-1.59899],[104.46103,-1.59872],[104.46012,-1.59791],[104.46109,-1.59807],[104.46136,-1.59784],[104.46288,-1.60198],[104.46325,-1.6023],[104.46321,-1.60116],[104.46208,-1.59791],[104.46236,-1.59709],[104.46181,-1.59682],[104.46236,-1.59655],[104.46255,-1.59601],[104.46171,-1.59546],[104.4619,-1.59493],[104.46136,-1.59558],[104.46085,-1.59519],[104.46056,-1.59275],[104.46028,-1.59319],[104.45999,-1.59275],[104.45983,-1.58895],[104.45947,-1.58865],[104.45893,-1.5869],[104.45847,-1.58705],[104.45871,-1.58624],[104.45817,-1.58624],[104.45859,-1.58569],[104.45832,-1.58515],[104.45887,-1.58461],[104.45894,-1.58411],[104.45941,-1.58515],[104.45925,-1.58542],[104.4596,-1.58569],[104.4606,-1.59004],[104.46136,-1.5915],[104.46136,-1.58962],[104.46088,-1.58922],[104.46114,-1.58895],[104.46109,-1.58772],[104.46046,-1.58678],[104.46033,-1.58542],[104.46001,-1.5857],[104.45954,-1.58515],[104.45972,-1.58406],[104.45903,-1.58244],[104.45953,-1.58162],[104.45906,-1.58054],[104.45921,-1.57965],[104.45878,-1.57972],[104.4584,-1.58133],[104.45821,-1.57999],[104.45786,-1.58062],[104.45732,-1.57945],[104.4584,-1.57902],[104.45845,-1.57864],[104.45813,-1.5789],[104.45681,-1.57619],[104.4564,-1.57592],[104.45642,-1.57538],[104.45678,-1.57515],[104.45715,-1.57565],[104.45709,-1.57511],[104.45678,-1.57346],[104.45613,-1.57266],[104.45574,-1.57104],[104.45516,-1.57134],[104.45495,-1.57212],[104.45581,-1.57321],[104.4557,-1.57519],[104.45487,-1.57456],[104.45428,-1.57321],[104.45488,-1.57266],[104.45452,-1.57158],[104.45486,-1.57022],[104.45361,-1.56859],[104.45382,-1.56835],[104.45489,-1.56884],[104.45515,-1.56859],[104.45509,-1.56778],[104.45367,-1.56588],[104.45415,-1.56561],[104.45313,-1.56344],[104.45382,-1.56305],[104.45468,-1.56371],[104.45393,-1.56262],[104.45434,-1.56235],[104.45355,-1.56244],[104.45291,-1.56208],[104.45338,-1.56126],[104.45328,-1.5607],[104.4522,-1.56003],[104.45133,-1.55991],[104.4508,-1.55584],[104.45107,-1.55502],[104.44757,-1.54281],[104.44717,-1.53955],[104.44627,-1.53828],[104.44514,-1.53792],[104.44383,-1.53439],[104.44283,-1.53005],[104.44027,-1.52191],[104.43847,-1.51404],[104.43853,-1.51322],[104.43813,-1.51268],[104.43707,-1.50372],[104.43792,-1.49585],[104.43819,-1.49457],[104.43867,-1.49395],[104.43846,-1.49232],[104.43957,-1.48662],[104.43932,-1.48608],[104.44006,-1.48337],[104.4402,-1.48147],[104.44094,-1.48011],[104.44067,-1.47957],[104.44116,-1.47888],[104.44093,-1.47821],[104.44295,-1.47224],[104.44419,-1.46627],[104.44359,-1.46632],[104.44355,-1.46546],[104.44514,-1.46084],[104.44548,-1.45841],[104.44911,-1.44809],[104.45022,-1.44673],[104.44991,-1.44565],[104.45007,-1.44544],[104.45061,-1.44605],[104.45082,-1.44578]],[[104.45486,-1.44063],[104.45498,-1.44063]],[[104.45552,-1.44035],[104.45601,-1.43706],[104.45654,-1.43547],[104.45711,-1.43018],[104.45637,-1.41552],[104.45585,-1.41064],[104.45479,-1.40846],[104.45504,-1.40684],[104.45458,-1.40412],[104.45349,-1.40114],[104.45362,-1.40059],[104.45305,-1.40042],[104.45269,-1.39951],[104.45309,-1.39788],[104.45247,-1.39761],[104.45269,-1.39679],[104.45208,-1.39625],[104.45187,-1.39516],[104.45161,-1.39136],[104.4517,-1.39073],[104.45228,-1.39055],[104.45168,-1.38919],[104.45221,-1.38784],[104.45185,-1.38757],[104.45179,-1.38689]],[[104.45574,-1.36979],[104.45589,-1.36911]],[[104.45598,-1.36843],[104.45693,-1.36477],[104.45644,-1.36341],[104.45678,-1.36314],[104.45652,-1.3626],[104.45691,-1.36233],[104.45694,-1.35669]],[[104.45519,-1.56615],[104.45489,-1.56529],[104.45463,-1.56536],[104.45484,-1.56615],[104.45519,-1.56615]],[[104.45599,-1.56886],[104.4557,-1.56871],[104.45539,-1.56805],[104.45519,-1.56886],[104.4557,-1.56913],[104.45599,-1.56886]],[[104.45847,-1.57619],[104.4584,-1.57395],[104.45798,-1.57402],[104.45791,-1.57239],[104.45732,-1.57099],[104.45784,-1.57592],[104.45813,-1.57633],[104.45847,-1.57619]],[[104.45666,-1.57728],[104.45678,-1.5768],[104.4572,-1.57782],[104.45705,-1.57811]],[[104.52147,-1.71478],[104.52471,-1.71427],[104.52581,-1.71354],[104.52491,-1.7111],[104.52232,-1.70594],[104.51994,-1.70214],[104.51327,-1.69373],[104.50144,-1.68042],[104.50152,-1.67961],[104.50036,-1.6788],[104.49872,-1.67635],[104.49861,-1.67418],[104.49802,-1.67311],[104.49748,-1.67286],[104.4969,-1.67133]],[[104.49681,-1.67119],[104.49675,-1.67106]],[[104.49573,-1.66978],[104.49451,-1.66872],[104.4929,-1.66788],[104.49224,-1.66794],[104.49209,-1.66867],[104.49128,-1.66797],[104.48939,-1.66803],[104.48929,-1.66712],[104.48966,-1.66663],[104.49021,-1.66658],[104.48993,-1.66615]],[[104.50473,-1.80323],[104.50823,-1.80592],[104.50958,-1.80657],[104.51066,-1.80671],[104.51174,-1.80649],[104.51471,-1.80506],[104.51687,-1.8027],[104.51902,-1.80267],[104.52091,-1.80179],[104.52172,-1.8009],[104.52334,-1.80061],[104.52523,-1.79893],[104.52685,-1.79887],[104.529,-1.79943],[104.52981,-1.79873],[104.53215,-1.79388],[104.53404,-1.79198],[104.53437,-1.7909],[104.53602,-1.78816],[104.53629,-1.78818],[104.53641,-1.78737],[104.53764,-1.78552],[104.53926,-1.7842],[104.54007,-1.78448],[104.54061,-1.78421],[104.54088,-1.78441],[104.54168,-1.78408],[104.54311,-1.78411],[104.54474,-1.78276],[104.54372,-1.7814],[104.54353,-1.78058],[104.54349,-1.77814],[104.54411,-1.77776],[104.54423,-1.77706],[104.54317,-1.7738],[104.54318,-1.77163],[104.54363,-1.77136],[104.54362,-1.77054],[104.54282,-1.76891],[104.54304,-1.76866],[104.54331,-1.76891],[104.54234,-1.76566],[104.54198,-1.76131],[104.54104,-1.75643],[104.53989,-1.75209],[104.53712,-1.74449],[104.53495,-1.73725],[104.53216,-1.73037],[104.53185,-1.72874],[104.53049,-1.7263],[104.53021,-1.72494],[104.52912,-1.72413],[104.52784,-1.72141],[104.52766,-1.72087],[104.528,-1.7206],[104.52768,-1.72022],[104.52741,-1.72045],[104.52714,-1.72025],[104.52673,-1.71951],[104.52363,-1.71654],[104.52174,-1.71539]],[[104.5299,-1.7206],[104.52983,-1.71873],[104.52956,-1.71819],[104.52902,-1.71815],[104.52902,-1.719],[104.5299,-1.7206]],[[104.50378,-1.80904],[104.50412,-1.80582],[104.50311,-1.80454]]]}},{"id":"195","type":"Feature","properties":{"year":2025,"certainty":"unstable data"},"geometry":{"type":"MultiLineString","coordinates":[[[104.45082,-1.44578],[104.45142,-1.44518],[104.45168,-1.44537],[104.45145,-1.44619],[104.45196,-1.44689],[104.45234,-1.44619],[104.45202,-1.44592],[104.45277,-1.44525],[104.45277,-1.44449],[104.45358,-1.44404],[104.45358,-1.44322],[104.45412,-1.44304],[104.45439,-1.44332],[104.45512,-1.44239],[104.45486,-1.44063]],[[104.45498,-1.44063],[104.4552,-1.44102],[104.45552,-1.44035]],[[104.45179,-1.38689],[104.45112,-1.38594],[104.45184,-1.38485],[104.45189,-1.38377],[104.45278,-1.38221],[104.4536,-1.38295],[104.45413,-1.38436],[104.45427,-1.38214],[104.45392,-1.38132],[104.45438,-1.37969],[104.45575,-1.37725],[104.45609,-1.37752],[104.45589,-1.37644],[104.45625,-1.37562],[104.45494,-1.37345],[104.45575,-1.37364],[104.45602,-1.37333],[104.45629,-1.37396],[104.45664,-1.37372],[104.45615,-1.37318],[104.45669,-1.37291],[104.45682,-1.3721],[104.4565,-1.37182],[104.45711,-1.37128],[104.45683,-1.37094],[104.45629,-1.37114],[104.45602,-1.36971],[104.45574,-1.36979]],[[104.45589,-1.36911],[104.45602,-1.3695],[104.45598,-1.36843]],[[104.457,-1.37508],[104.4571,-1.3741],[104.45656,-1.37475],[104.45629,-1.37438],[104.45669,-1.37508],[104.457,-1.37508]],[[104.45386,-1.37949],[104.45402,-1.38024],[104.45359,-1.38183],[104.45353,-1.38105]],[[104.4969,-1.67133],[104.49681,-1.67119]],[[104.49675,-1.67106],[104.49573,-1.66978]]]}}]}